problem,run,gen,bmem_count,boundary_count,bmem_ref_coverage,finite_gap_count,inf_gap_count,median_gap,max_gap,train_count,query_count,condition_dim,train_param_ratio,gan_sample_reuse,train_pair_dec_dist50,train_pair_dec_dist90,train_tau_iqr,missing_ref_query_count,large_gap_query_count,raw_generated_count,feasible_generated_count,generated_per_train,boundary_dist50,boundary_dist90,query_width90,segment_width90,segment_width90_ratio,side_rate,pair_margin50,ref_cover,query_obj_dist50,query_obj_dist90,feasible_rate
DASCMOP1_BC,3,1,0,0,NaN,0,0,NaN,NaN,0,0,3,0,NaN,NaN,NaN,NaN,0,0,0,0,NaN,NaN,NaN,NaN,NaN,NaN,NaN,NaN,NaN,NaN,NaN,NaN
DASCMOP1_BC,3,2,0,0,NaN,0,0,NaN,NaN,0,0,3,0,NaN,NaN,NaN,NaN,0,0,0,0,NaN,NaN,NaN,NaN,NaN,NaN,NaN,NaN,NaN,NaN,NaN,NaN
DASCMOP1_BC,3,3,0,0,NaN,0,0,NaN,NaN,0,0,3,0,NaN,NaN,NaN,NaN,0,0,0,0,NaN,NaN,NaN,NaN,NaN,NaN,NaN,NaN,NaN,NaN,NaN,NaN
DASCMOP1_BC,3,4,0,0,NaN,0,0,NaN,NaN,0,0,3,0,NaN,NaN,NaN,NaN,0,0,0,0,NaN,NaN,NaN,NaN,NaN,NaN,NaN,NaN,NaN,NaN,NaN,NaN
DASCMOP1_BC,3,5,3,1,0.03,3,0,0.0318973720606889,0.0341422852583319,3,8,3,0.000157043396325185,100,1.3978268646617,1.44469308244856,0,6,2,8,0,2.66666666666667,0.0610931148225609,0.0750406847300554,0,0.0760237205070342,17.3273408583877,0.375,-0.0635684521899246,0,0.0625612687584269,0.0762152730951147,0
DASCMOP1_BC,3,6,5,1,0.05,5,0,0.0151751617823636,0.0154704722114667,5,7,3,0.000261738993875308,100,1.07296704372488,1.44469308244856,0,3,4,7,7,1.4,0.0133635198096404,0.0169432946168484,0,0.0212487502550971,6.19629218172146,0.714285714285714,0.154703902341217,1,0.0184179935189448,0.0226816763459114,1
DASCMOP1_BC,3,7,7,1,0.07,7,0,0.0188389486095369,0.0292219779681543,7,14,3,0.000366434591425431,100,1.00448490792095,1.11949638582233,0,8,6,14,0,2,0.120443317842755,0.157255197434718,0,0.158013545277379,29.554985689316,1,0.274278969074287,0,0.123006857441404,0.158814140680832,0
DASCMOP1_BC,3,8,8,1,0.08,8,0,0.0132392432894339,0.0204792220238199,8,14,3,0.000418782390200492,100,0.974397461483875,1.2241400473482,0,7,7,14,0,1.75,0.142356811999261,0.172244216327445,0,0.172572139232776,58.5705270851507,0.714285714285714,0.0185278789955847,0,0.145844817722998,0.173875615868336,0
DASCMOP1_BC,3,9,10,1,0.1,10,0,0.0137307959243166,0.0166615896545105,10,14,3,0.000523477987750615,100,0.960957877779692,1.21566950480623,0,5,9,14,0,1.4,0.0611911727076323,0.063782831217083,0,0.0661117119516984,22.7744672838287,0.857142857142857,0.106407522284142,0,0.0629953531173441,0.0664652146929231,0
DASCMOP1_BC,3,10,10,1,0.1,10,0,0.0135002301702243,0.0167730574485057,10,13,3,0.000523477987750615,100,0.960957877779692,1.21566950480623,0,4,9,13,0,1.3,0.0824687235515802,0.0858257334819462,0,0.0867833547473525,29.8955300827557,0.692307692307692,0.103184090063984,0,0.0843520898457983,0.0871471491973057,0
DASCMOP1_BC,3,11,11,1,0.11,11,0,0.0104291422785316,0.0152688929655699,11,13,3,0.000575825786525677,100,0.9443100150468,1.13811323764202,0,3,10,13,0,1.18181818181818,0.117995191391822,0.138159753318028,0,0.142561909063348,49.6757478404381,0.692307692307692,0.0505995995495477,0,0.119984602971146,0.143394358669708,0
DASCMOP1_BC,3,12,11,1,0.11,11,0,0.011623319953365,0.0161256890808168,11,13,3,0.000575825786525677,100,0.9443100150468,1.13584648352328,0,3,10,13,13,1.18181818181818,0.0181083355322076,0.0323745074993695,0,0.0385268523740189,13.4246953915798,0.538461538461538,0.00699379214488771,1,0.024587142506322,0.0398051417137767,1
DASCMOP1_BC,3,13,11,1,0.11,11,0,0.0100479247822343,0.0142132057752391,11,12,3,0.000575825786525677,100,0.942937959683088,1.10612945840676,0,2,10,12,0,1.09090909090909,0.246298506326548,0.256095855335128,0,0.256491829399249,94.5471023288984,0.583333333333333,0.126614198017693,0,0.247208920336668,0.256823629662377,0
DASCMOP1_BC,3,14,11,1,0.11,11,0,0.00890002061494944,0.0122523989417401,11,12,3,0.000575825786525677,100,0.848179048380315,1.08074120960184,0,2,10,12,0,1.09090909090909,0.0022282515806166,0.00303055145329698,0,0.013564125432243,5.4091653370223,0.666666666666667,0.055334352750172,0,0.0063186630451153,0.0143585251675876,0
DASCMOP1_BC,3,15,11,1,0.11,11,0,0.00749797657125299,0.0125101187206082,11,12,3,0.000575825786525677,100,0.870777499525335,1.09155673025709,0,2,10,12,0,1.09090909090909,0.0641288670711998,0.077084854752713,0,0.0811623753458966,32.3663113839857,0.5,0.0154718373889761,0,0.0692786159580132,0.0819484398364485,0
DASCMOP1_BC,3,16,11,1,0.11,11,0,0.00608903305825915,0.00871655445244894,11,12,3,0.000575825786525677,100,0.772131472669368,1.0408847843591,0,2,10,12,0,1.09090909090909,0.0237654403720185,0.0262839732222241,0,0.0295894291772288,13.1134363033665,0.416666666666667,-0.031267870617221,0,0.0262124055798744,0.0306846464298145,0
DASCMOP1_BC,3,17,11,1,0.11,11,0,0.00809159299341926,0.0115938435281297,11,12,3,0.000575825786525677,100,0.942937959683088,1.17591687806339,0,2,10,12,0,1.09090909090909,0.207351923435824,0.210305275408751,0,0.211081672106483,90.5576085586782,0.5,-0.00547391009457598,0,0.2091741886075,0.21118091395238,0
DASCMOP1_BC,3,18,11,1,0.11,11,0,0.00711458665414906,0.0110023768848073,11,12,3,0.000575825786525677,100,0.942937959683088,1.17591687806339,0,2,10,12,0,1.09090909090909,0.113855217894969,0.121961347431688,0,0.124097453451404,53.2399070967745,0.666666666666667,0.0436832172682518,0,0.115005670807594,0.124312577442845,0
DASCMOP1_BC,3,19,11,1,0.11,11,0,0.00691404865245216,0.0101422427448124,11,12,3,0.000575825786525677,100,0.918660041571342,1.34633480824286,0,2,10,12,0,1.09090909090909,0.0475245037457576,0.0496921768662593,0,0.050887392572591,20.2931122518812,0.666666666666667,0.0317399177286421,0,0.0484472331624409,0.0513036982963993,0
DASCMOP1_BC,3,20,11,1,0.11,11,0,0.00800253800155292,0.0148798737712442,11,12,3,0.000575825786525677,100,0.942937959683088,1.25660733045633,0,2,10,12,0,1.09090909090909,0.221579803732799,0.248513077656385,0,0.253933487602116,95.7629196749597,0.833333333333333,0.0676003903866846,0,0.224369859609492,0.254305311849404,0
DASCMOP1_BC,3,21,12,1,0.12,12,0,0.00828255969446795,0.0162641925906281,12,12,3,0.000628173585300738,100,0.944881418717006,1.31488851145549,0,1,11,12,1,1,0.0645087233742992,0.0774251506914148,0,0.0788773732512315,32.8588520168118,0.75,0.0668207353521246,0.166666666666667,0.0656066484935509,0.079019224010232,0.0833333333333333
DASCMOP1_BC,3,22,9,1,0.09,9,0,0.00631711050533687,0.0136865911466054,9,11,3,0.000471130188975554,100,0.918660041571342,1.28598317115685,0,3,8,11,0,1.22222222222222,0.133149179108334,0.142957346984756,0,0.143475247711057,47.6411021677718,0.727272727272727,0.0148366768541897,0,0.133478747180581,0.143539791515033,0
DASCMOP1_BC,3,23,10,1,0.1,10,0,0.00679212894124317,0.00896828019430633,10,12,3,0.000523477987750615,100,0.894718770548338,1.16884133970906,0,3,9,12,12,1.2,0.0283900395088253,0.0346287154623047,0,0.0382291015595553,13.1693371273513,0.75,0.0475872350105473,1,0.0288396117870244,0.0386555836276848,1
DASCMOP1_BC,3,24,11,1,0.11,11,0,0.00693248645089637,0.00925421456067734,11,12,3,0.000575825786525677,100,0.90008114193513,1.34633480824286,0,2,10,12,0,1.09090909090909,0.0410616656753466,0.0500804928792972,0,0.0519563914064491,19.5936966953038,0.666666666666667,0.0963011022657588,0,0.0417743093523723,0.0523532655101196,0
DASCMOP1_BC,3,25,12,1,0.12,12,0,0.00728853314834614,0.00989201464789617,12,12,3,0.000628173585300738,100,0.909370591753236,1.3524576085831,0,1,11,12,0,1,0.0405327522926633,0.042692595404205,0,0.0429869657144758,17.9075733235281,0.75,0.0755540821723205,0,0.0422007975699148,0.0435932313153799,0
DASCMOP1_BC,3,26,12,1,0.12,12,0,0.00656702936443126,0.00894213240255854,12,12,3,0.000628173585300738,100,0.909370591753236,1.3524576085831,0,1,11,12,12,1,0.01679690174079,0.0242910363219601,0,0.0260083834239895,10.8346105720759,0.833333333333333,0.0594957791268397,1,0.0193650495008244,0.0263106043731327,1
DASCMOP1_BC,3,27,11,1,0.11,11,0,0.00619136159587089,0.00812994939115762,11,12,3,0.000575825786525677,100,0.959157636300839,1.36028549301073,0,2,10,12,0,1.09090909090909,0.0198790059905006,0.02561845185178,0,0.0261756679773285,10.6489738060358,0.833333333333333,0.0868434066767217,0,0.0210569065328009,0.0264156427753459,0
DASCMOP1_BC,3,28,11,1,0.11,11,0,0.0061775597147727,0.00830660463217154,11,12,3,0.000575825786525677,100,0.959157636300839,1.36028549301073,0,2,10,12,0,1.09090909090909,0.0356188569753113,0.0374694446012839,0,0.0393841074401794,16.022526296858,0.666666666666667,0.0238845553919986,0,0.0374022719440644,0.0396922448534426,0
DASCMOP1_BC,3,29,12,1,0.12,12,0,0.00600795423789511,0.0105913850643612,12,12,3,0.000628173585300738,100,0.915477962940674,1.33876905971983,0,1,11,12,12,1,0.0186981885573186,0.0368538003158107,0,0.0421745247607227,17.5691254775693,0.75,0.133729229533854,1,0.0215190064222645,0.0430832839105012,1
DASCMOP1_BC,3,30,12,1,0.12,12,0,0.00218777922879794,0.00392586220860611,12,12,3,0.000628173585300738,100,0.915477962940674,1.33876905971983,0,1,11,12,12,1,0.0226047059108816,0.0242502073909554,0,0.0284788815690551,13.0453833954027,0.416666666666667,-0.00344000526839638,1,0.0246752466245889,0.0288218723903703,1
DASCMOP1_BC,3,31,10,1,0.1,10,0,0.00613676606563427,0.00806999688612248,10,11,3,0.000523477987750615,100,0.93890883893609,1.38180192630164,0,2,9,11,0,1.1,0.0266331580999146,0.0329974978203985,0,0.0334995196082248,13.9552790878943,0.454545454545455,-0.0608438279170938,0,0.0266335548900958,0.033782471064846,0
DASCMOP1_BC,3,32,11,1,0.11,11,0,0.00525993918094014,0.00808464580377371,11,11,3,0.000575825786525677,100,0.959157636300839,1.36028549301073,0,1,10,11,0,1,0.1378524865139,0.154480027258422,0,0.159217747948956,63.8758574038647,0.818181818181818,0.0944404580855018,0,0.140875632325748,0.159580053988965,0
DASCMOP1_BC,3,33,12,1,0.12,12,0,0.00527001687929469,0.00715329487985262,12,12,3,0.000628173585300738,100,0.93890883893609,1.33876905971983,0,1,11,12,12,1,0.0063739771238733,0.00946120740039923,0,0.0160056913691411,6.66767442229903,0.583333333333333,0.0265598360835665,1,0.0104885748374705,0.0169189171564152,1
DASCMOP1_BC,3,34,11,1,0.11,11,0,0.00671216910644553,0.0131923272977974,11,12,3,0.000575825786525677,100,0.918660041571342,1.36028549301073,0,2,10,12,12,1.09090909090909,0.033714276484188,0.041292702505654,0,0.0457871790820111,16.9285992846322,0.333333333333333,-0.0763498739421061,1,0.0360699462875894,0.0462758250900465,1
DASCMOP1_BC,3,35,10,1,0.1,10,0,0.00710615526322782,0.00938835640967227,10,11,3,0.000523477987750615,100,0.93890883893609,1.38180192630164,0,2,9,11,0,1.1,0.0751663432707581,0.0922866121723975,0,0.0934191989709727,38.9167071365217,0.363636363636364,-0.058880378773846,0,0.0759260104695873,0.0935156100469486,0
DASCMOP1_BC,3,36,12,1,0.12,12,0,0.00555937360167908,0.00889189379350834,12,12,3,0.000628173585300738,100,0.93890883893609,1.33876905971983,0,1,11,12,0,1,0.0973321986856424,0.118034208439556,0,0.119054164204244,46.9889791977211,0.75,0.0216160531789674,0,0.097496391467631,0.119240015534006,0
DASCMOP1_BC,3,37,12,1,0.12,12,0,0.00531488678532534,0.010739440948877,12,13,3,0.000628173585300738,100,0.892910862535614,1.53329502320147,0,2,11,13,0,1.08333333333333,0.100058530194092,0.127075296275684,0,0.129485468073784,47.8057669117331,0.461538461538462,-0.00367858276135857,0,0.100549498466474,0.129733278705417,0
DASCMOP1_BC,3,38,11,1,0.11,11,0,0.00548750479014977,0.00737266998178513,11,11,3,0.000575825786525677,100,0.918660041571342,1.54793200001657,0,1,10,11,8,1,0.00135184233077384,0.00878505636934955,0,0.0159931650021488,6.48263942068286,0.636363636363636,0.117459487678119,0.818181818181818,0.00763610332446298,0.0174274118091391,0.727272727272727
DASCMOP1_BC,3,39,11,1,0.11,11,0,0.00660334923105737,0.00771540097727491,11,11,3,0.000575825786525677,100,0.918660041571342,1.54793200001657,0,1,10,11,4,1,0.0573670134349701,0.0743956682111965,0,0.0766620588912149,28.5696613331444,0.636363636363636,0.0639472938791732,0.454545454545455,0.0588409634160129,0.0771102379719626,0.363636363636364
DASCMOP1_BC,3,40,13,1,0.13,13,0,0.00628690818690588,0.0150416382913623,13,14,3,0.0006805213840758,100,0.918660041571342,1.31725262642892,0,2,12,14,0,1.07692307692308,0.235577666129286,0.297830680186104,0,0.298843908194754,114.013916152991,0.785714285714286,0.100874809783469,0,0.235853989564812,0.298898844201467,0
DASCMOP1_BC,3,41,13,1,0.13,13,0,0.00508219796647705,0.0110484524637075,13,13,3,0.0006805213840758,100,0.90008114193513,1.51865804638636,0,1,12,13,0,1,0.0968578440977274,0.129499681923664,0,0.132038233234645,50.3747797435216,0.692307692307692,0.0689154180054534,0,0.0979447054268448,0.132301077736094,0
DASCMOP1_BC,3,42,13,1,0.13,13,0,0.00655694077405859,0.0133012187837968,13,13,3,0.0006805213840758,100,0.90008114193513,1.36015540307023,0,1,12,13,8,1,0.0356605319165949,0.0565199165301454,0,0.0607635407616924,27.6756369451883,0.461538461538462,-0.0124956710246789,0.615384615384615,0.0363680928951351,0.0612099368517328,0.615384615384615
DASCMOP1_BC,3,43,12,1,0.12,12,0,0.00440945436697291,0.0113583508147344,12,13,3,0.000628173585300738,100,1.01302410737537,1.41999901466852,0,2,11,13,0,1.08333333333333,0.0468107897455078,0.0485286095358821,0,0.0487370714024267,19.2358263954352,0.615384615384615,0.074870664302688,0,0.0475167528000496,0.0487764313193448,0
DASCMOP1_BC,3,44,12,1,0.12,12,0,0.00438239489692682,0.0128600379742986,12,13,3,0.000628173585300738,100,0.913159659900363,1.41999901466852,0,2,11,13,0,1.08333333333333,0.120930495168188,0.127459685222302,0,0.131225973861961,51.7930187256784,0.846153846153846,0.152685210092822,0,0.121878595277132,0.131617634769026,0
DASCMOP1_BC,3,45,13,1,0.13,13,0,0.00558625587422637,0.0133612805232029,13,13,3,0.0006805213840758,100,0.959157636300839,1.410086860656,0,1,12,13,0,1,0.162193894259937,0.169688397758915,0,0.172307685524681,69.8428731598055,0.846153846153846,0.0916120088124392,0,0.162524356005265,0.173129483641475,0
DASCMOP1_BC,3,46,14,1,0.14,14,0,0.00621013819095988,0.0140807938640212,14,13,3,0.000732869182850861,100,0.93890883893609,1.40017470664348,0,0,13,13,0,0.928571428571429,0.114416771927539,0.117704822561524,0,0.118193344421116,51.1928961158919,0.769230769230769,0.0386500130423495,0,0.114980522683511,0.118505516061932,0
DASCMOP1_BC,3,47,12,1,0.12,12,0,0.00469682165279046,0.0136853555320654,12,13,3,0.000628173585300738,100,1.01302410737537,1.41999901466852,0,2,11,13,0,1.08333333333333,0.781229416857237,0.806843720087957,0,0.807259050537349,318.613624197107,0.615384615384615,0.021473501541688,0,0.781627834597919,0.807337503810483,0
DASCMOP1_BC,3,48,15,1,0.15,15,0,0.00506452398135757,0.0123025047263955,15,14,3,0.000785216981625923,100,0.959157636300839,1.39026255263096,0,0,14,14,0,0.933333333333333,0.234117432262863,0.254788037620779,0,0.25583262039575,105.662570289067,0.714285714285714,0.121184352432731,0,0.234701803960243,0.255912144726183,0
DASCMOP1_BC,3,49,14,1,0.14,14,0,0.00614901559794612,0.0141841060925881,14,13,3,0.000732869182850861,100,0.892385758402157,1.40017470664348,0,0,13,13,0,0.928571428571429,0.136743941989481,0.144377310086996,0,0.144870453896438,61.9304638150239,0.769230769230769,0.177077280359318,0,0.139934510007709,0.144985045994713,0
DASCMOP1_BC,3,50,12,1,0.12,12,0,0.00459794830798862,0.00637617119431932,12,12,3,0.000628173585300738,100,0.912634555766906,1.41999901466852,0,1,11,12,5,1,0.0541694901319672,0.0644238237064035,0,0.0667055188840452,28.5158471751867,0.666666666666667,0.0398348738340382,0.5,0.0547892381951034,0.0672620629457429,0.416666666666667
DASCMOP1_BC,3,51,13,1,0.13,13,0,0.00492348218487963,0.0121095259204136,13,13,3,0.0006805213840758,100,0.959157636300839,1.410086860656,0,1,12,13,0,1,0.13806226410672,0.155566452370993,0,0.157579273724868,67.8047881865322,0.692307692307692,0.0526828207451895,0,0.139163903721441,0.157792140942842,0
DASCMOP1_BC,3,52,13,1,0.13,13,0,0.00409589946707081,0.0120482729177408,13,13,3,0.0006805213840758,100,0.959157636300839,1.410086860656,0,1,12,13,10,1,0.0409368394278847,0.0592970320912915,0,0.0607550896272217,22.2889025848505,0.769230769230769,0.08089021814652,0.769230769230769,0.0413796814925814,0.0611291500006652,0.769230769230769
DASCMOP1_BC,3,53,13,1,0.13,13,0,0.00409081690474085,0.0120156749918997,13,13,3,0.0006805213840758,100,0.929857849586232,1.410086860656,0,1,12,13,13,1,0.0343602349536048,0.0408303165877444,0,0.0421795381635229,16.0921946062015,0.615384615384615,0.0518474682934833,1,0.035380661533465,0.0424886326602274,1
DASCMOP1_BC,3,54,14,1,0.14,14,0,0.00404787608654136,0.00888552352158126,14,13,3,0.000732869182850861,100,0.93890883893609,1.40017470664348,0,0,13,13,13,0.928571428571429,0.0318103361576584,0.0347888655466025,0,0.0449547783429469,19.2176541082042,0.692307692307692,0.0771607288298795,1,0.0344157305798577,0.0456028131333159,1
DASCMOP1_BC,3,55,14,1,0.14,14,0,0.00489512989387193,0.0108199748612214,14,13,3,0.000732869182850861,100,0.93890883893609,1.40017470664348,0,0,13,13,12,0.928571428571429,0.0385262627506038,0.044969857043066,0,0.052992015388086,22.6534811150871,0.692307692307692,0.20867151365406,0.928571428571429,0.0420844771512447,0.0537234887103204,0.923076923076923
DASCMOP1_BC,3,56,13,1,0.13,13,0,0.00433966042242444,0.0131635731134657,13,13,3,0.0006805213840758,100,0.929857849586232,1.410086860656,0,1,12,13,5,1,0.0481867613897565,0.0526397915743213,0,0.0583113488156022,22.2467483938045,0.615384615384615,0.0639183999276027,0.538461538461538,0.0501091360346825,0.0588545459407961,0.384615384615385
DASCMOP1_BC,3,57,13,1,0.13,13,0,0.004397840504234,0.0124894715855491,13,13,3,0.0006805213840758,100,0.918660041571342,1.410086860656,0,1,12,13,0,1,0.00395393687837861,0.00638645686028308,0,0.0190544338245246,7.29299744900228,0.692307692307692,0.13739214049258,0,0.00916521481896714,0.0198437639565556,0
DASCMOP1_BC,3,58,13,1,0.13,13,0,0.00495863454346069,0.0170667076841727,13,14,3,0.0006805213840758,100,0.959157636300839,1.40240164911395,0,2,12,14,0,1.07692307692308,0.0160085056357976,0.0176505069273174,0,0.024452765664968,9.32913637448992,0.928571428571429,0.123742798269119,0,0.0168562886165563,0.0258331945189688,0
DASCMOP1_BC,3,59,14,1,0.14,14,0,0.00489770919279649,0.0130147718602015,14,13,3,0.000732869182850861,100,0.892910862535614,1.39633210087246,0,0,13,13,6,0.928571428571429,0.00230168837096094,0.0039997346307796,0,0.0187849268363055,8.03034159425857,0.692307692307692,0.0875507337165444,0.5,0.00835959709461545,0.0195837035266505,0.461538461538462
DASCMOP1_BC,3,60,14,1,0.14,14,0,0.00502534628297513,0.013481058970219,14,13,3,0.000732869182850861,100,0.913159659900363,1.39633210087246,0,0,13,13,13,0.928571428571429,0.0102635999170878,0.0182174101605455,0,0.0199589112236083,8.46521266075131,0.846153846153846,0.174136481359477,1,0.0147307039613488,0.0207066972406126,1
DASCMOP1_BC,3,61,13,1,0.13,13,0,0.00505872826664368,0.0127734284426423,13,13,3,0.0006805213840758,100,0.867161683499887,1.34033109504519,0,1,12,13,4,1,0.00282777779073447,0.00651956365301893,0,0.0150773836968693,6.16483135659546,0.769230769230769,0.395653343079252,0.461538461538462,0.00766992689706982,0.0158084272890757,0.307692307692308
DASCMOP1_BC,3,62,14,1,0.14,14,0,0.00561861006301276,0.0130351164734663,14,13,3,0.000732869182850861,100,0.865146476824835,1.33408966284697,0,0,13,13,0,0.928571428571429,0.013093760927865,0.0174322024314967,0,0.0209324116072432,8.57011632656389,0.923076923076923,0.157782339516551,0,0.0138338842317385,0.0212051223221245,0
DASCMOP1_BC,3,63,13,1,0.13,13,0,0.00350478188345456,0.00498071644148591,13,12,3,0.0006805213840758,100,0.918660041571342,1.34033109504519,0,0,12,12,0,0.923076923076923,0.0436855123908823,0.0465886046770112,0,0.0467453944842239,20.0342811868953,0.833333333333333,0.239884186380998,0,0.0442101537052674,0.0468992473392518,0
DASCMOP1_BC,3,64,13,1,0.13,13,0,0.00558085678964522,0.00690373726086438,13,12,3,0.0006805213840758,100,0.867161683499887,1.34033109504519,0,0,12,12,0,0.923076923076923,0.0625233808062312,0.06414576484283,0,0.0642651634711274,28.947659482736,0.75,0.189813810633113,0,0.0627003433805197,0.0643200375755911,0
DASCMOP1_BC,3,65,14,1,0.14,14,0,0.00446377385625703,0.0105494753478635,14,13,3,0.000732869182850861,100,0.892910862535614,1.33408966284697,0,0,13,13,0,0.928571428571429,0.048412885453959,0.0492353083131947,0,0.0498900351389774,20.4259027913175,0.769230769230769,0.185431922541799,0,0.0487071526743597,0.0501496715084119,0
DASCMOP1_BC,3,66,12,1,0.12,12,0,0.00399018404881917,0.00624665420450567,12,12,3,0.000628173585300738,100,0.899033076460031,1.34657252724341,0,1,11,12,0,1,0.0454416542515192,0.0474643027044667,0,0.0478902486494681,20.311786281933,0.833333333333333,0.232092088885814,0,0.0464616504035385,0.0481564669805734,0
DASCMOP1_BC,3,67,12,1,0.12,12,0,0.00243636570780637,0.00353819879259875,12,11,3,0.000628173585300738,100,0.833798393781663,1.34657252724341,0,0,11,11,0,0.916666666666667,0.0313502680002268,0.0326252703544138,0,0.0336412508517659,14.2683305438539,1,0.277334691396855,0,0.0327486048146231,0.0339296778610964,0
DASCMOP1_BC,3,68,12,1,0.12,12,0,0.00353041284899556,0.00843987202060591,12,11,3,0.000628173585300738,100,0.970102882930134,1.34657252724341,0,0,11,11,0,0.916666666666667,0.0165912921392292,0.0222243762583812,0,0.0244559076179791,8.49805232734072,0.909090909090909,0.103135045570086,0,0.0167106386462655,0.0248489903925988,0
DASCMOP1_BC,3,69,12,1,0.12,12,0,0.00446621287474633,0.00685138375658531,12,11,3,0.000628173585300738,100,0.865146476824835,1.31691075604804,0,0,11,11,11,0.916666666666667,0.0228584703572789,0.0241781533738144,0,0.0269674836544727,11.1476542624842,0.545454545454545,0.000549339130088033,1,0.0232264030129433,0.0277726377916874,1
DASCMOP1_BC,3,70,12,1,0.12,12,0,0.00519088667469268,0.00625929283266626,12,11,3,0.000628173585300738,100,0.865146476824835,1.31691075604804,0,0,11,11,9,0.916666666666667,0.0395077522494164,0.0484244866417231,0,0.048502888726931,19.1433978362086,0.363636363636364,-0.0245275702561515,0.916666666666667,0.0417316211925932,0.0487920389762246,0.818181818181818
DASCMOP1_BC,3,71,12,1,0.12,12,0,0.00385927277066198,0.00625134443262457,12,11,3,0.000628173585300738,100,0.953943153536744,1.31691075604804,0,0,11,11,0,0.916666666666667,0.0748435044675924,0.077741949482728,0,0.0787523667255459,33.4013977215686,0.272727272727273,-0.0834356202191201,0,0.0750009407869077,0.0792024155871147,0
DASCMOP1_BC,3,72,11,1,0.11,11,0,0.00380107166525762,0.00516913110664533,11,10,3,0.000575825786525677,100,0.804016743319858,1.31847325241957,0,0,10,10,0,0.909090909090909,0.1335306378502,0.143762735185351,0,0.14398009844037,59.4658618910628,0.8,0.0943434976061648,0,0.133796733614634,0.14423414938249,0
DASCMOP1_BC,3,73,11,1,0.11,11,0,0.00330425462910242,0.00472125020712668,11,10,3,0.000575825786525677,100,0.804016743319858,1.31847325241957,0,0,10,10,0,0.909090909090909,0.325821819667262,0.333645209560915,0,0.333818721571501,137.871957365298,0.7,0.126281492058016,0,0.326217100511154,0.334135960380238,0
DASCMOP1_BC,3,74,12,1,0.12,12,0,0.00473975931986978,0.00635236410077619,12,11,3,0.000628173585300738,100,0.835589213409872,1.31429097673977,0,0,11,11,7,0.916666666666667,0.0504753872253951,0.0551972132441282,0,0.0585292306357415,23.1006518687016,0.636363636363636,0.201082850253445,0.666666666666667,0.0513504871085641,0.0590495175846499,0.636363636363636
DASCMOP1_BC,3,75,11,1,0.11,11,0,0.00433393993224544,0.00602624333831591,11,10,3,0.000575825786525677,100,0.867161683499887,1.31498021334187,0,0,10,10,0,0.909090909090909,0.138490068728267,0.147638111163108,0,0.147638111163108,59.7886704274153,0.7,0.100131268120288,0,0.142075118688358,0.147827697138692,0
DASCMOP1_BC,3,76,11,1,0.11,11,0,0.00429162917021175,0.00598222574646905,11,10,3,0.000575825786525677,100,0.897454468119199,1.37358301609853,0,0,10,10,0,0.909090909090909,0.443868390827524,0.456330707262088,0,0.460906220406854,195.556626382035,0.6,0.0347826806635274,0,0.445229373583888,0.461214526017908,0
DASCMOP1_BC,3,77,10,1,0.1,10,0,0.00316716837033329,0.00588806045608726,10,9,3,0.000523477987750615,100,0.799431158393508,1.42882677323302,0,0,9,9,0,0.9,0.0403580966294159,0.0439046934289408,0,0.0439677151194018,12.8447601405146,0.333333333333333,-0.0374362354386497,0,0.0409436764186417,0.044022956964982,0
DASCMOP1_BC,3,78,9,1,0.09,9,0,0.00194379907010911,0.00304519491755137,9,8,3,0.000471130188975554,100,0.804016743319858,1.31335158595177,0,0,8,8,0,0.888888888888889,0.532818927054202,0.551975786241728,0,0.552280086475519,163.214266293298,0.375,-0.117030427325343,0,0.533647701839613,0.552551463891051,0
DASCMOP1_BC,3,79,8,1,0.08,8,0,0.00234835198670921,0.00580197682494749,8,7,3,0.000418782390200492,100,0.846150020793179,1.31086292874005,0,0,7,7,0,0.875,0.293135108403233,0.30454703098973,0,0.305001547407732,105.983353808767,0.571428571428571,0.0328350454219641,0,0.293364318786337,0.305296769488978,0
DASCMOP1_BC,3,80,8,1,0.08,8,0,0.00200961205901163,0.00379495244382154,8,7,3,0.000418782390200492,100,0.846150020793179,1.31697574712601,0,0,7,7,7,0.875,0.0349415765796279,0.0414881740486386,0,0.0414881740486386,14.4165033471076,0.285714285714286,-0.101993347118345,1,0.0372823774943729,0.0417338775033132,1
DASCMOP1_BC,3,81,9,1,0.09,9,0,0.00157740756480586,0.0063652928735351,9,8,3,0.000471130188975554,100,0.794845573467159,1.37675915206045,0,0,8,8,0,0.888888888888889,0.0827212432547756,0.0858824800199752,0,0.0890151491124703,30.4196939570991,0.75,0.2585105189958,0,0.0841381635005466,0.0892730726226823,0
DASCMOP1_BC,3,82,9,1,0.09,9,0,0.00255412173340262,0.0113754459789023,9,8,3,0.000471130188975554,100,0.897454468119199,1.38125216857848,0,0,8,8,0,0.888888888888889,0.0576333950541975,0.0622133479230704,0,0.0625840318956611,16.8233629860096,0.375,-0.0478302766480005,0,0.0597371992332633,0.0630777069613445,0
DASCMOP1_BC,3,83,11,1,0.11,11,0,0.00346703106563154,0.0191734408165652,11,12,3,0.000575825786525677,100,0.897454468119199,1.38544345077894,0,2,10,12,10,1.09090909090909,0.0454230510359527,0.0503126816020345,0,0.0509262418893446,11.3018182625984,0.75,0.0752384426228497,1,0.0471325475706749,0.0533444445504777,0.833333333333333
DASCMOP1_BC,3,84,8,1,0.08,8,0,0.020690136553757,0.0356844051886676,8,19,3,0.000418782390200492,100,0.835583195603613,1.44444694826203,0,12,7,19,19,2.375,0.0326043054948763,0.0443293040098803,0,0.0473878051961231,11.56433944359,0.368421052631579,-0.0786568957759757,1,0.0489418109253524,0.0747431764337847,1
DASCMOP1_BC,3,85,8,1,0.08,8,0,0.0140594726262516,0.030366117987989,8,18,3,0.000418782390200492,100,0.651138657723509,1.27739321418014,0,11,7,18,0,2.25,0.0681228022694727,0.082776861623339,0,0.0836818817701995,18.8508815042363,0.777777777777778,0.16565411650688,0,0.0894826156310975,0.115985060398835,0
DASCMOP1_BC,3,86,3,1,0.03,3,0,0.0340107209477333,0.0410943998365111,3,20,3,0.000157043396325185,100,0.496729236893617,0.804984987120509,0,20,0,20,20,6.66666666666667,0.0588424488392805,0.0623463672226978,0,0.0623463672226978,1.72079206094581,0.65,0.0289719708998311,1,0.0610198620747122,0.0705822945998989,1
DASCMOP1_BC,3,87,3,1,0.03,3,0,0.0213450449311622,0.0218296201297672,3,20,3,0.000157043396325185,100,0.496729236893617,1.017547767678,0,20,0,20,0,6.66666666666667,0.137448528832813,0.148150815182841,0,0.148150815182841,4.08903931288671,0.8,0.206141501195315,0,0.140548201085199,0.148199730755815,0
DASCMOP1_BC,3,88,3,1,0.03,3,0,0.0201047538986082,0.0275692591360308,3,20,3,0.000157043396325185,100,0.747741975356212,0.802876025802659,0,20,0,20,0,6.66666666666667,0.0192968505852799,0.0340323945545167,0,0.034036821254489,0.939433914174124,0.35,-0.0780283135874389,0,0.0324852370278386,0.0514902421335713,0
DASCMOP1_BC,3,89,3,1,0.03,3,0,0.0140132027111094,0.0216698552630694,3,20,3,0.000157043396325185,100,0.747741975356212,0.802876025802659,0,20,0,20,0,6.66666666666667,0.0327591360553888,0.0352381412995763,0,0.0353937857820487,0.976886838699287,0.65,0.00927182021161854,0,0.0457170589774736,0.0627065472724503,0
DASCMOP1_BC,3,90,5,1,0.05,5,0,0.0223862539349241,0.0788442824200949,5,20,3,0.000261738993875308,100,0.722042080995995,0.802876025802659,0,20,0,20,0,4,0.0468943296756509,0.0506769588202692,0,0.0507303429207476,2.36895021391261,0.2,-0.0522972522875218,0,0.0538866941443705,0.0681838842809244,0
DASCMOP1_BC,3,91,6,1,0.06,6,0,0.0221464143488333,0.0715413834287277,6,20,3,0.000314086792650369,100,0.663784090765314,0.797362620758014,0,20,0,20,10,3.33333333333333,0.0059675480942073,0.0255520252145903,0,0.0256546954772463,2.29653313149777,0.5,-0.00356043904702097,0.5,0.0271006494284979,0.0633642508712147,0.5
DASCMOP1_BC,3,92,5,1,0.05,5,0,0.0226137819110694,0.0472165057018885,5,20,3,0.000261738993875308,100,0.605526100534632,0.976931252363784,0,20,0,20,11,4,0.0661505107460986,0.09002881023191,0,0.09002881023191,4.81496795530588,0.95,0.399304803937975,0.4,0.0706555442867185,0.101720244464701,0.55
DASCMOP1_BC,3,93,6,1,0.06,6,0,0.0249131621168589,0.0472920367619613,6,20,3,0.000314086792650369,100,0.626436842065114,0.960969334342408,0,20,0,20,4,3.33333333333333,0.040971690433044,0.0610144949521852,0,0.0610144949521852,2.32663611012033,0.95,0.378585052458744,0.333333333333333,0.0488973583850134,0.0785907997770429,0.2
DASCMOP1_BC,3,94,6,1,0.06,6,0,0.0112140599938346,0.0387594945988767,6,20,3,0.000314086792650369,100,0.637610909255576,0.955792827899804,0,20,0,20,8,3.33333333333333,0.0118118802314791,0.0247853872343232,0,0.0247853872343232,0.836066514824137,0.45,-0.00678924437118034,0.333333333333333,0.0311261812822608,0.057851731617704,0.4
DASCMOP1_BC,3,95,6,1,0.06,6,0,0.0132781023069502,0.0459407322045342,6,20,3,0.000314086792650369,100,0.637610909255576,0.955792827899804,0,20,0,20,0,3.33333333333333,0.0300999579359189,0.047950217322002,0,0.047950217322002,1.61746801461909,0.45,-0.0084516872271565,0,0.0439243866896561,0.0764672156734532,0
DASCMOP1_BC,3,96,9,1,0.09,9,0,0.0202490804828656,0.0555146841368633,9,20,3,0.000471130188975554,100,0.622767354377874,0.962572795866154,0,20,0,20,4,2.22222222222222,0.0160989188067485,0.0331251707027911,0,0.0331251707027911,2.38950775110104,0.05,-0.430055661810902,0.333333333333333,0.0338032887170659,0.0657595360152244,0.2
DASCMOP1_BC,3,97,9,1,0.09,9,0,0.0134802548477515,0.0523316923133806,9,20,3,0.000471130188975554,100,0.618307162318539,0.981945667946739,0,20,0,20,6,2.22222222222222,0.00722693461009813,0.0189369790782802,0,0.0189369790782802,1.3788149955838,0.05,-0.356147705198412,0.222222222222222,0.0375638742400687,0.0643898571431877,0.3
DASCMOP1_BC,3,98,10,1,0.1,10,0,0.010222688542682,0.0288540139061031,10,20,3,0.000523477987750615,100,0.595268502716886,0.981709175593477,0,20,0,20,0,2,0.0239795344471566,0.0421391769218619,0,0.0421391769218619,6.13132651027603,0.05,-0.359638742313235,0,0.0438547924944107,0.0748069132174206,0
DASCMOP1_BC,3,99,11,1,0.11,11,0,0.020112644994242,0.0586856850738629,11,20,3,0.000575825786525677,100,0.57754938728853,0.981472683240216,0,20,0,20,8,1.81818181818182,0.0544679434269091,0.0788101964466449,0,0.0788101964466449,8.16496431399804,0.15,-0.278419239074673,0.272727272727273,0.0630256384136952,0.0987632157087278,0.4
DASCMOP1_BC,3,100,12,1,0.12,12,0,0.0304849002114168,0.0709767553655539,12,20,3,0.000628173585300738,100,0.574889615201881,0.981236190886955,0,20,0,20,1,1.66666666666667,0.0926668604943887,0.125747818845961,0,0.125747818845961,16.7820478618079,0.2,-0.207489983279798,0.166666666666667,0.0965487370661361,0.13954961981906,0.05
DASCMOP1_BC,3,101,13,1,0.13,13,0,0.0231457190803584,0.0675121429600321,13,20,3,0.0006805213840758,100,0.57754938728853,0.980999698533694,0,20,0,20,0,1.53846153846154,0.0911964433256025,0.119441002253875,0,0.119441002253875,16.6285638619302,0.15,-0.213639428687908,0,0.0970941990061452,0.133792939505877,0
DASCMOP1_BC,3,102,11,1,0.11,11,0,0.0100122239111534,0.0297032124917612,11,20,3,0.000575825786525677,100,0.572229843115232,0.958714107213602,0,20,0,20,0,1.81818181818182,0.113431507765435,0.152564924465742,0,0.152564924465742,20.1222413819917,0.2,-0.226896877378616,0,0.117124702936961,0.163495696839116,0
DASCMOP1_BC,3,103,12,1,0.12,12,0,0.00959491297884779,0.027005092005117,12,20,3,0.000628173585300738,100,0.583218771166605,0.954684518855905,0,20,0,20,0,1.66666666666667,0.337737819641452,0.400804091718227,0,0.400804091718227,53.4904979836141,0.35,-0.130811556913165,0,0.340231218570631,0.405686622027901,0
DASCMOP1_BC,3,104,14,1,0.14,14,0,0.0149804657704327,0.0303480340986504,14,20,3,0.000732869182850861,100,0.524178757456495,0.863216401241249,0,20,0,20,4,1.42857142857143,0.130105395111504,0.195004624409888,0,0.195035953994452,39.355887309755,0.15,-0.0765554150284533,0.142857142857143,0.130401469278997,0.195869857072188,0.2
DASCMOP1_BC,3,105,14,1,0.14,14,0,0.0146291584652504,0.0281114689882971,14,20,3,0.000732869182850861,100,0.506263376450683,0.863216401241249,0,20,0,20,0,1.42857142857143,0.178499623120275,0.194076349929289,0,0.195079455376631,39.3646653604672,0.15,-0.092613961117879,0,0.184051718043654,0.200872076725211,0
DASCMOP1_BC,3,106,16,1,0.16,16,0,0.0182025429818692,0.0411019165474292,16,20,3,0.000837564780400984,100,0.431157701316445,0.830918960312763,0,20,0,20,2,1.25,0.113787729715549,0.169863974013053,0,0.188010178460576,37.9381711168591,0.1,-0.183176671973343,0.125,0.140356101517566,0.195515462204573,0.1
DASCMOP1_BC,3,107,16,1,0.16,16,0,0.00870917049087928,0.0187233482013624,16,20,3,0.000837564780400984,100,0.417739729505943,0.709131185565724,0,20,0,20,4,1.25,0.079462075312307,0.144952047137606,0,0.168318417684901,30.503896024951,0.1,-0.17733692423279,0.125,0.116809058645139,0.175942115458382,0.2
DASCMOP1_BC,3,108,18,1,0.18,18,0,0.009908781385851,0.0198110647219398,18,20,3,0.000942260377951107,100,0.493061468122884,0.739641398591491,0,20,0,20,8,1.11111111111111,0.0227791588911706,0.0527089102533135,0,0.113878816087899,20.6379528346848,0.1,-0.152644868133164,0.166666666666667,0.0927704656805915,0.117713828513038,0.4
DASCMOP1_BC,3,109,18,1,0.18,18,0,0.00770473455026828,0.0156307614795235,18,20,3,0.000942260377951107,100,0.431775835233931,0.733828568754682,0,20,0,20,14,1.11111111111111,0.0199052110325275,0.0373188787516133,0,0.102331498169773,18.5452633358983,0.05,-0.173985315479618,0.166666666666667,0.0899204812219847,0.108373010290452,0.7
DASCMOP1_BC,3,110,20,1,0.2,20,0,0.00769177945880474,0.0198571709194302,20,20,3,0.00104695597550123,100,0.415638602243771,0.748463587221592,0,20,0,20,10,1,0.00591777411626287,0.0229527660842954,0,0.0817866234253091,21.0500018283554,0.05,-0.174120040701337,0.15,0.0792039291834874,0.0873716416575541,0.5
DASCMOP1_BC,3,111,21,1,0.21,21,0,0.0103971730357024,0.0180920189618645,21,20,3,0.00109930377427629,100,0.433735839924771,0.722946253775356,0,20,0,20,0,0.952380952380952,0.0113231488997669,0.0145152808524547,0,0.060260638297654,15.650230336687,0.05,-0.187524527638859,0,0.0562878506098484,0.0639315526944599,0
DASCMOP1_BC,3,112,22,1,0.22,22,0,0.0114187840228042,0.0208952932960408,22,20,3,0.00115165157305135,100,0.45702532518548,0.726458560415529,0,20,0,20,4,0.909090909090909,0.0241439450647872,0.129998838992925,0,0.131414157831796,37.5981323673925,0.05,-0.185642733770139,0.136363636363636,0.032814920918,0.135120064041847,0.2
DASCMOP1_BC,3,113,19,1,0.19,19,0,0.00677239270452992,0.0117969007762176,19,20,3,0.000994608176726169,100,0.437587779348033,0.726072012977621,0,20,0,20,0,1.05263157894737,0.0315714059415019,0.0338056437675132,0,0.0413495537060501,9.29342649797364,0.05,-0.174788386495109,0,0.043916006461754,0.0480248855883964,0
DASCMOP1_BC,3,114,22,1,0.22,22,0,0.00685063453809314,0.0132037153378015,22,20,3,0.00115165157305135,100,0.571037849354988,0.738440068263935,0,20,0,20,0,0.909090909090909,0.0148171220000328,0.0202620811026827,0,0.0484485368846706,13.1654408126155,0.1,-0.150180780556145,0,0.0456184233116817,0.0532399828580339,0
DASCMOP1_BC,3,115,21,1,0.21,21,0,0.00591178542791339,0.0138469654768906,21,20,3,0.00109930377427629,100,0.535020645201716,0.695574646944919,0,20,0,20,0,0.952380952380952,0.0245827603420496,0.0287818748519101,0,0.044549046737478,11.7964000008806,0.1,-0.148140035268045,0,0.0447652462015169,0.0504685958970959,0
DASCMOP1_BC,3,116,22,1,0.22,22,0,0.0049437353778881,0.0104152173850541,22,20,3,0.00115165157305135,100,0.462706954009223,0.72093708104259,0,20,0,20,0,0.909090909090909,0.0286100373035044,0.0315656902941392,0,0.0471702629018586,13.105386229495,0.1,-0.171253527766466,0,0.0462395760668892,0.0514172115155773,0
DASCMOP1_BC,3,117,21,1,0.21,21,0,0.00583261414968506,0.0127329568826354,21,20,3,0.00109930377427629,100,0.543342539166706,0.705680257722469,0,20,0,20,0,0.952380952380952,0.0192176799727571,0.029054033829307,0,0.0482073539377286,13.1157705517429,0.1,-0.149204772132581,0,0.0448493546404683,0.053525931612537,0
DASCMOP1_BC,3,118,24,1,0.24,24,0,0.00497968198277876,0.00993601945912182,24,20,3,0.00125634717060148,100,0.554400130965956,0.719354286210215,0,20,0,20,13,0.833333333333333,0.0565221690324328,0.0653038013422427,0,0.0844742137766802,23.4695999104279,0.1,-0.164618763828641,0.125,0.0794407452906929,0.0905735451129806,0.65
DASCMOP1_BC,3,119,24,1,0.24,24,0,0.00586253809208101,0.0129257196503737,24,20,3,0.00125634717060148,100,0.522944777032288,0.67959849458857,0,20,0,20,6,0.833333333333333,0.00515590222635294,0.0104365062609103,0,0.0483479145207926,14.0736351809732,0.05,-0.180502947737148,0.0833333333333333,0.0448302714448283,0.0538541573473377,0.3
DASCMOP1_BC,3,120,23,1,0.23,23,0,0.00485694461932991,0.010666639279666,23,20,3,0.00120399937182641,100,0.543342539166706,0.695936420429353,0,20,0,20,0,0.869565217391304,0.00547952973675576,0.0150870703043632,0,0.0485948294980783,13.8158343758403,0.05,-0.163052938206517,0,0.0412981146095328,0.0527174992323381,0
DASCMOP1_BC,3,121,24,1,0.24,24,0,0.00590148514870417,0.0147953177614935,24,20,3,0.00125634717060148,100,0.5351514517626,0.689013032966257,0,20,0,20,2,0.833333333333333,0.00483971398215482,0.0120294862973931,0,0.0473938994818698,13.7959301393382,0.1,-0.173420086143785,0.0833333333333333,0.038709538590534,0.0523813285260985,0.1
DASCMOP1_BC,3,122,24,1,0.24,24,0,0.00499822319822634,0.0119256029140423,24,20,3,0.00125634717060148,100,0.461028033851199,0.67959849458857,0,20,0,20,3,0.833333333333333,0.0106194240716996,0.0714440263237132,0,0.0714440263237132,22.6160073198235,0.2,-0.0256146107948169,0.0833333333333333,0.0250642587853931,0.0782757924108509,0.15
DASCMOP1_BC,3,123,24,1,0.24,24,0,0.00326573296150404,0.00780053068946565,24,20,3,0.00125634717060148,100,0.412904553886491,0.67959849458857,0,20,0,20,3,0.833333333333333,0.0226718820010333,0.0564488834577143,0,0.0564488834577143,17.869210725765,0.35,-0.011937165608276,0.0833333333333333,0.0347211568558965,0.0642500634522412,0.15
DASCMOP1_BC,3,124,23,1,0.23,23,0,0.00432420006616062,0.0122421692453453,23,20,3,0.00120399937182641,100,0.460302006443523,0.716551011038743,0,20,0,20,3,0.869565217391304,0.0293377647518464,0.0979081309334508,0,0.0979081309334508,31.6678961338761,0.2,-0.00944277217446965,0.0869565217391304,0.0297710598514374,0.101818872559608,0.15
DASCMOP1_BC,3,125,25,1,0.25,25,0,0.00531224624019654,0.0124952044818406,25,20,3,0.00130869496937654,100,0.461754061258876,0.68208964550316,0,20,0,20,2,0.8,0.0210636904008648,0.0386736227422999,0,0.0386736227422999,14.7265005285663,0.05,-0.0374981607855606,0.08,0.0416467700467373,0.0553170304767779,0.1
DASCMOP1_BC,3,126,23,1,0.23,23,0,0.00392810959593934,0.00854574499662288,23,20,3,0.00120399937182641,100,0.507084803784991,0.686126801823806,0,20,0,20,4,0.869565217391304,0.119241580444319,0.132056648202446,0,0.132914344786661,45.986905672527,0.35,-0.00258846280120828,0.0869565217391304,0.13331423732889,0.145711578110226,0.2
DASCMOP1_BC,3,127,24,1,0.24,24,0,0.00387113616780958,0.00889072611714088,24,20,3,0.00125634717060148,100,0.548288985645991,0.723271025330359,0,20,0,20,0,0.833333333333333,0.215724380514006,0.259244267755843,0,0.259244267755843,94.061951800745,0.05,-0.0283322315934996,0,0.226920049678374,0.271469691586258,0
DASCMOP1_BC,3,128,24,1,0.24,24,0,0.00470345036171544,0.0149071422005705,24,20,3,0.00125634717060148,100,0.501273488478268,0.71748753171386,0,20,0,20,6,0.833333333333333,0.0813641322593735,0.132348293543585,0,0.142230315556978,45.0238042738888,0,-0.0947397483329842,0.0833333333333333,0.0896274041826365,0.145093094098643,0.3
DASCMOP1_BC,3,129,24,1,0.24,24,0,0.00463398326272248,0.0107031603352662,24,20,3,0.00125634717060148,100,0.501273488478268,0.720983779702267,0,20,0,20,5,0.833333333333333,0.0257645548657455,0.071272994453776,0,0.071272994453776,23.5657708176821,0,-0.0521524514278398,0.0833333333333333,0.0355495837506541,0.084141482456278,0.25
DASCMOP1_BC,3,130,25,1,0.25,25,0,0.005079689156164,0.0104445629722283,25,20,3,0.00130869496937654,100,0.526960364358494,0.711622421547307,0,20,0,20,8,0.8,0.0335825374347651,0.0815672662613444,0,0.0815672662613444,28.5970726232623,0,-0.0244474360245619,0.08,0.0480098377847643,0.0923303237089864,0.4
DASCMOP1_BC,3,131,24,1,0.24,24,0,0.00327937025108012,0.00712016832896455,24,20,3,0.00125634717060148,100,0.51584515417152,0.684108223663483,0,20,0,20,3,0.833333333333333,0.0500654551865041,0.14260135678422,0,0.148242677129131,41.6559023959848,0,-0.19233785844426,0.0833333333333333,0.0592345335531725,0.15251079798135,0.15
DASCMOP1_BC,3,132,25,1,0.25,25,0,0.0038508042415032,0.00909075523090938,25,20,3,0.00130869496937654,100,0.574129588360359,0.71413731925745,0,20,0,20,3,0.8,0.0534116821934624,0.225551481424087,0,0.230867170119956,82.6899418559756,0,-0.190087123734807,0.08,0.0648187784939403,0.235150685836193,0.15
DASCMOP1_BC,3,133,27,1,0.27,27,0,0.00406307659056581,0.0115068620862179,27,20,3,0.00141339056692666,100,0.570188406444142,0.748706009256869,0,20,0,20,4,0.740740740740741,0.198580113661967,0.438576622085642,0,0.443415902062602,143.933851303097,0.9,0.341971126130652,0.0740740740740741,0.205659451017857,0.446571696697729,0.2
DASCMOP1_BC,3,134,27,1,0.27,27,0,0.00367200712771806,0.0125409028678158,27,20,3,0.00141339056692666,100,0.532415773738773,0.85382393424357,0,20,0,20,3,0.740740740740741,0.15576613974991,0.415218508566272,0,0.420189967241357,145.323922011244,0.9,0.312123344677861,0.0740740740740741,0.164277359789016,0.423823822112506,0.15
DASCMOP1_BC,3,135,28,1,0.28,28,0,0.00402398950304585,0.0114556591464354,28,20,3,0.00146573836570172,100,0.552910572659162,0.853537664774817,0,20,0,20,7,0.714285714285714,0.107186960655422,0.342445575858198,0,0.342445575858198,113.226531592373,0.95,0.365262264290058,0.0714285714285714,0.116066357629499,0.347251300216792,0.35
DASCMOP1_BC,3,136,27,1,0.27,27,0,0.00456460631896044,0.0140715384806939,27,20,3,0.00141339056692666,100,0.578041078110958,0.828874215944406,0,20,0,20,5,0.740740740740741,0.167460408560018,0.393115767583524,0,0.395850388486015,135.79296917803,0.75,0.200319527201334,0.0740740740740741,0.174120219917346,0.399018613534707,0.25
DASCMOP1_BC,3,137,27,1,0.27,27,0,0.00505826782794086,0.0106169995572875,27,20,3,0.00141339056692666,100,0.574129588360359,0.834266967235854,0,20,0,20,4,0.740740740740741,0.139080772587098,0.313430609289468,0,0.317448759591544,114.558034966902,0,-0.35306121029678,0.0740740740740741,0.144222297925255,0.320665124893764,0.2
DASCMOP1_BC,3,138,27,1,0.27,27,0,0.00392563719373889,0.00831190610455226,27,20,3,0.00141339056692666,100,0.570188406444142,0.834266967235854,0,20,0,20,1,0.740740740740741,0.13384239874425,0.296967395011659,0,0.299803044905398,104.261716691149,0,-0.359086996942246,0.0740740740740741,0.136125334118045,0.302192308356544,0.05
DASCMOP1_BC,3,139,26,1,0.26,26,0,0.00384978129672308,0.0135497322244978,26,20,3,0.0013610427681516,100,0.572158997402251,0.840203997218978,0,20,0,20,3,0.769230769230769,0.111589295445398,0.344837999458338,0,0.34740654559432,109.973490890839,0.85,0.11286228084367,0.0769230769230769,0.113380834427157,0.349216502116824,0.15
DASCMOP1_BC,3,140,28,1,0.28,28,0,0.00339359346708621,0.00721793457385795,28,20,3,0.00146573836570172,100,0.557380339040916,0.858025765893628,0,20,0,20,4,0.714285714285714,0.21019822813089,0.364973043005323,0,0.366903768959466,121.313411870889,0.1,-0.219288346320625,0.0714285714285714,0.211409713957256,0.368696805129801,0.2
DASCMOP1_BC,3,141,26,1,0.26,26,0,0.00343305384917476,0.0117274195134874,26,20,3,0.0013610427681516,100,0.594288118159636,0.854110203712323,0,20,0,20,3,0.769230769230769,0.118035410549788,0.144090496312437,0,0.144090496312437,44.8048517802429,0.9,0.173603862100551,0.0769230769230769,0.119664280297365,0.145744161569515,0.15
DASCMOP1_BC,3,142,26,1,0.26,26,0,0.00233573172060192,0.00732472463858167,26,20,3,0.0013610427681516,100,0.550563539277841,0.842075422816567,0,20,0,20,0,0.769230769230769,0.0256563597276511,0.0308049149806821,0,0.0345222335368873,12.5196594386932,0.85,0.122157576527827,0,0.029876724721245,0.0350621289160046,0
DASCMOP1_BC,3,143,27,1,0.27,27,0,0.0026825755972744,0.00880826035409631,27,20,3,0.00141339056692666,100,0.570188406444142,0.858544236281136,0,20,0,20,0,0.740740740740741,0.0186249420965595,0.0235456999602038,0,0.0274182729423646,10.3078341886673,1,0.294984231924077,0,0.0253221802328277,0.0279271995582046,0
DASCMOP1_BC,3,144,27,1,0.27,27,0,0.00290708681680978,0.00932092137089896,27,20,3,0.00141339056692666,100,0.569827670643663,0.83390213555212,0,20,0,20,1,0.740740740740741,0.00535930269176767,0.0194026037501481,0,0.0194026037501481,7.13003647403822,1,0.272883453497187,0.0740740740740741,0.0194260398169949,0.0250334567830463,0.05
DASCMOP1_BC,3,145,27,1,0.27,27,0,0.00442144805460763,0.0150190444501814,27,20,3,0.00141339056692666,100,0.603272159100583,0.848775772095459,0,20,0,20,0,0.740740740740741,0.0167533854127715,0.034432206003905,0,0.034432206003905,12.5718510045219,0.95,0.403411949336629,0,0.0247241693807699,0.0419022460151567,0
DASCMOP1_BC,3,146,27,1,0.27,27,0,0.00283422338801612,0.00713442691071368,27,20,3,0.00141339056692666,100,0.570188406444142,0.74910256412995,0,20,0,20,7,0.740740740740741,0.0388860905438719,0.0726758957571526,0,0.0726758957571526,25.8915552341443,0.9,0.232296720057756,0.0740740740740741,0.0432256202568424,0.0756321438963384,0.35
DASCMOP1_BC,3,147,28,1,0.28,28,0,0.00357859438148969,0.0110861221306233,28,20,3,0.00146573836570172,100,0.586730282772363,0.827939812444467,0,20,0,20,5,0.714285714285714,0.0730240094034869,0.117225818029652,0,0.117225818029652,42.5125250828657,1,0.378781474335791,0.142857142857143,0.0738020724413575,0.120205809365178,0.25
DASCMOP1_BC,3,148,30,1,0.3,30,0,0.00341246681593903,0.00884351634032884,30,20,3,0.00157043396325185,100,0.570008038543903,0.781248731419535,0,20,0,20,4,0.666666666666667,0.0394259435212251,0.0868500587545316,0,0.0868500587545316,31.5119254561666,1,0.342821073478391,0.0666666666666667,0.0467800382593309,0.0924183052688952,0.2
DASCMOP1_BC,3,149,29,1,0.29,29,0,0.00140340462209786,0.00468462371617772,29,20,3,0.00151808616447678,100,0.569827670643663,0.817392690907239,0,20,0,20,8,0.689655172413793,0.0239412786291451,0.0762637728538002,0,0.0762637728538002,27.8521654159849,1,0.35441506873605,0.0689655172413793,0.0351731397952501,0.0835690105052424,0.4
DASCMOP1_BC,3,150,28,1,0.28,28,0,0.00219188587455657,0.00639926153922712,28,20,3,0.00146573836570172,100,0.560542686057511,0.746598865352989,0,20,0,20,2,0.714285714285714,0.0187051546524438,0.0437182842292684,0,0.0437182842292684,15.8546528923048,1,0.361670313635842,0.0714285714285714,0.0326468812148366,0.0541614684200911,0.1
DASCMOP1_BC,3,151,27,1,0.27,27,0,0.00347557285577772,0.0101971287395819,27,20,3,0.00141339056692666,100,0.562230663123582,0.74910256412995,0,20,0,20,0,0.740740740740741,0.0144778433237591,0.0302346568024275,0,0.0302346568024275,10.3876973467265,1,0.3768947518071,0,0.0291461303321861,0.0424689713117757,0
DASCMOP1_BC,3,152,27,1,0.27,27,0,0.00279910777546206,0.00843313508581248,27,20,3,0.00141339056692666,100,0.562230663123582,0.74910256412995,0,20,0,20,1,0.740740740740741,0.0119215428214649,0.0273984789168679,0,0.0273984789168679,9.41176290868633,1,0.354048548763803,0.0740740740740741,0.0275497360030128,0.0344088851491115,0.05
DASCMOP1_BC,3,153,30,1,0.3,30,0,0.00163763389210514,0.00500640534629171,30,20,3,0.00157043396325185,100,0.560542686057511,0.806845569370011,0,20,0,20,7,0.666666666666667,0.0463984704804572,0.0807803572355021,0,0.0807803572355021,29.2854720071534,1,0.38870000549231,0.0666666666666667,0.0503657991012033,0.0837978436110757,0.35
DASCMOP1_BC,3,154,29,1,0.29,29,0,0.00310901680539559,0.0104631760200876,29,20,3,0.00151808616447678,100,0.570188406444142,0.837970367134766,0,20,0,20,2,0.689655172413793,0.0406725733453429,0.114423680486801,0,0.114423680486801,37.7031268056745,1,0.346667257756816,0.137931034482759,0.0458010195232526,0.116837607732635,0.1
DASCMOP1_BC,3,155,29,1,0.29,29,0,0.00306558850005975,0.0098454501440323,29,20,3,0.00151808616447678,100,0.570188406444142,0.867314154471432,0,20,0,20,4,0.689655172413793,0.0424221117636681,0.0831339395860912,0,0.0831339395860912,29.7670797552149,1,0.303604836286304,0.0689655172413793,0.0460765621258848,0.0862460138909731,0.2
DASCMOP1_BC,3,156,29,1,0.29,29,0,0.00350547097467112,0.010154146217937,29,20,3,0.00151808616447678,100,0.588276361753154,0.744095166576028,0,20,0,20,3,0.689655172413793,0.0338022176632655,0.0969627062601781,0,0.0969627062601781,31.5069832603202,0.75,0.0697496310218689,0.137931034482759,0.0361754647052924,0.0979997815737738,0.15
DASCMOP1_BC,3,157,30,1,0.3,30,0,0.0036058137929622,0.0104347476185906,30,20,3,0.00157043396325185,100,0.579232384098648,0.880214618321777,0,20,0,20,3,0.666666666666667,0.0430968195266222,0.119194218477272,0,0.119194218477272,42.1590205000095,0.5,0.0168879674482636,0.133333333333333,0.0475049755284044,0.120672914906726,0.15
DASCMOP1_BC,3,158,30,1,0.3,30,0,0.00340701335801189,0.0103298870202916,30,20,3,0.00157043396325185,100,0.579232384098648,0.880214618321777,0,20,0,20,3,0.666666666666667,0.061319034528505,0.118208869924158,0,0.118208869924158,41.8105025065943,1,0.202341907937454,0.133333333333333,0.0657080784611556,0.119721781339007,0.15
DASCMOP1_BC,3,159,31,1,0.31,31,0,0.00397613922039945,0.0121866170878577,31,20,3,0.00162278176202691,100,0.574129588360359,0.827164962174074,0,20,0,20,1,0.645161290322581,0.0307732978702869,0.0412738648848635,0,0.0412738648848635,13.6400188193703,0.6,0.0271338962084524,0.0645161290322581,0.0308085427503858,0.0421443579363751,0.05
DASCMOP1_BC,3,160,30,1,0.3,30,0,0.0027058951432755,0.00764908434462394,30,20,3,0.00157043396325185,100,0.570008038543903,0.806845569370011,0,20,0,20,0,0.666666666666667,0.0255156408859376,0.0335120966157578,0,0.0336309645978629,11.5226481393203,0.3,-0.0600134117213941,0,0.0255159815583304,0.0338681453307368,0
DASCMOP1_BC,3,161,30,1,0.3,30,0,0.00380517953952133,0.0112865836601748,30,20,3,0.00157043396325185,100,0.579232384098648,0.781248731419535,0,20,0,20,2,0.666666666666667,0.208924826767855,0.317039042958677,0,0.317039042958677,102.561921782638,1,0.18142125162628,0.0666666666666667,0.209439687208438,0.317220665177336,0.1
DASCMOP1_BC,3,162,31,1,0.31,31,0,0.00250937218116413,0.00776176776698027,31,20,3,0.00162278176202691,100,0.588276361753154,0.739087769022106,0,20,0,20,0,0.645161290322581,0.025749520522744,0.0410805036382424,0,0.0410805036382424,13.1453425883219,0.95,0.176087211640255,0,0.0265863323685173,0.0412430600781732,0
DASCMOP1_BC,3,163,30,1,0.3,30,0,0.00288539094241955,0.00983261448547077,30,20,3,0.00157043396325185,100,0.570008038543903,0.83256766465442,0,20,0,20,1,0.666666666666667,0.0218871345697935,0.0288516583231123,0,0.0288516583231123,9.65559529292313,1,0.188616646407045,0.0666666666666667,0.0220033071927173,0.02929921841664,0.05
DASCMOP1_BC,3,164,29,1,0.29,29,0,0.00269699734894649,0.00916721724898584,29,20,3,0.00151808616447678,100,0.570188406444142,0.751920867357471,0,20,0,20,0,0.689655172413793,0.0263952387051638,0.0304502018853441,0,0.0304502018853441,8.76057327907391,0.3,-0.0659744808616253,0,0.0265114353418233,0.0310021864218696,0
DASCMOP1_BC,3,165,27,1,0.27,27,0,0.00279011891815281,0.00871765006215678,27,20,3,0.00141339056692666,100,0.570188406444142,0.727039027795664,0,20,0,20,0,0.740740740740741,0.0294968274731709,0.033265966852435,0,0.033265966852435,10.1582354073214,0.7,0.053812962201162,0,0.0298716768788995,0.0333944799365721,0
DASCMOP1_BC,3,166,30,1,0.3,30,0,0.00306465222483009,0.00858403577270589,30,20,3,0.00157043396325185,100,0.532235054867785,0.723988108617766,0,20,0,20,0,0.666666666666667,0.0321086004117202,0.0401265689593252,0,0.0428116093356739,15.3664395142987,0.45,-0.0145441783313013,0,0.0332019477986727,0.0433533109384594,0
DASCMOP1_BC,3,167,29,1,0.29,29,0,0.00276734575511426,0.00976641651504352,29,20,3,0.00151808616447678,100,0.54457227163769,0.796631256278941,0,20,0,20,3,0.689655172413793,0.0314003226118729,0.0465736809794908,0,0.0465736809794908,17.3243378107522,1,0.168963418680182,0.0689655172413793,0.0358829294921654,0.0465811753049438,0.15
DASCMOP1_BC,3,168,28,1,0.28,28,0,0.00220598797950923,0.00751089607338323,28,20,3,0.00146573836570172,100,0.541901882836652,0.746598865352989,0,20,0,20,0,0.714285714285714,0.0248664537403602,0.0364459648549624,0,0.0411028233626155,12.4546719871124,0.8,0.0720987103220389,0,0.0253422010386331,0.0413802774566391,0
DASCMOP1_BC,3,169,28,1,0.28,28,0,0.00237792577996094,0.00704649948910097,28,20,3,0.00146573836570172,100,0.551499186233608,0.771530810780349,0,20,0,20,0,0.714285714285714,0.0169622958849553,0.0294599967483267,0,0.0295700519001102,9.29896366090194,0.85,0.131577998688241,0,0.0192429872131168,0.0296803397471053,0
DASCMOP1_BC,3,170,28,1,0.28,28,0,0.00196446914819592,0.00666524819095042,28,20,3,0.00146573836570172,100,0.570008038543903,0.790120895082044,0,20,0,20,0,0.714285714285714,0.0237642051525943,0.0298421318243141,0,0.0298421318243141,9.74023049401008,0.9,0.100872769625575,0,0.0256285116422898,0.0305829061157101,0
DASCMOP1_BC,3,171,27,1,0.27,27,0,0.0022935967121091,0.00768173539020445,27,20,3,0.00141339056692666,100,0.570188406444142,0.774019503508417,0,20,0,20,0,0.740740740740741,0.0310894260427374,0.0399790009636185,0,0.0399790009636185,12.0278133981981,0.95,0.218948614002876,0,0.0343732278159724,0.0421850826605625,0
DASCMOP1_BC,3,172,29,1,0.29,29,0,0.00229768073058821,0.00853991535568267,29,20,3,0.00151808616447678,100,0.531299407912018,0.744095166576028,0,20,0,20,5,0.689655172413793,0.0385743909038547,0.0651342216753518,0,0.0651342216753518,20.660462389826,0.5,-0.00284284799862561,0.0689655172413793,0.0438480258692025,0.0655417866099745,0.25
DASCMOP1_BC,3,173,30,1,0.3,30,0,0.0025185955303545,0.00868816279517661,30,20,3,0.00157043396325185,100,0.537935839774854,0.809279101766606,0,20,0,20,0,0.666666666666667,0.0132600193163748,0.0250024320882213,0,0.0250024320882213,9.06418404285742,1,0.0826704855312657,0,0.0171352168318592,0.0290194557634814,0
DASCMOP1_BC,3,174,30,1,0.3,30,0,0.00280495857117932,0.00967376260062953,30,20,3,0.00157043396325185,100,0.557380339040916,0.809279101766606,0,20,0,20,0,0.666666666666667,0.0188560600061842,0.0338296073973919,0,0.0338296073973919,12.2643183857313,0.9,0.102583184487711,0,0.0233099931096675,0.0346032455978311,0
DASCMOP1_BC,3,175,28,1,0.28,28,0,0.00224416552158362,0.00752486257206196,28,20,3,0.00146573836570172,100,0.530007219469624,0.782609798751162,0,20,0,20,0,0.714285714285714,0.0242189671536966,0.0330678611496112,0,0.0343844623809451,11.7100881381852,0.85,0.0987529034249679,0,0.0288457441069027,0.0360844011977784,0
DASCMOP1_BC,3,176,28,1,0.28,28,0,0.00258103384555882,0.00758570205031262,28,20,3,0.00146573836570172,100,0.530007219469624,0.771530810780349,0,20,0,20,0,0.714285714285714,0.0322467870852089,0.0432357080593025,0,0.0449064260399453,13.414651546884,1,0.14973893003188,0,0.0359637014464864,0.0464666266195625,0
DASCMOP1_BC,3,177,29,1,0.29,29,0,0.00270032504559303,0.0075571523913908,29,20,3,0.00151808616447678,100,0.52871503102723,0.769042118052281,0,20,0,20,0,0.689655172413793,0.0278478998787247,0.0385953354273215,0,0.0385953354273215,12.4123170941764,0.75,0.0557935582902062,0,0.0294449242532271,0.0396415177047506,0
DASCMOP1_BC,3,178,29,1,0.29,29,0,0.00256139176314012,0.00716814583374357,29,20,3,0.00151808616447678,100,0.52871503102723,0.769042118052281,0,20,0,20,0,0.689655172413793,0.0138437341697993,0.0215733008300667,0,0.0215733008300667,6.93800553113707,0.65,0.0673016963308183,0,0.0143225184603305,0.0226276042066289,0
DASCMOP1_BC,3,179,29,1,0.29,29,0,0.00211072150829418,0.00534719515616823,29,20,3,0.00151808616447678,100,0.552504357761286,0.777984011636826,0,20,0,20,0,0.689655172413793,0.00986532367842726,0.0161775930508806,0,0.0161775930508806,5.39432185898288,1,0.0479591153645069,0,0.0110846370987932,0.0170470068085156,0
DASCMOP1_BC,3,180,29,1,0.29,29,0,0.00211636593202854,0.00551672137419385,29,20,3,0.00151808616447678,100,0.531299407912018,0.785139394787203,0,20,0,20,0,0.689655172413793,0.0343755721689603,0.0407601106007089,0,0.0446027608522858,16.6990521522048,0.95,0.115657548687758,0,0.0345631885240569,0.044869652124101,0
DASCMOP1_BC,3,181,29,1,0.29,29,0,0.00263721592839171,0.00649918275882302,29,20,3,0.00151808616447678,100,0.552504357761286,0.733606469993524,0,20,0,20,2,0.689655172413793,0.0161580833956814,0.0453007470175719,0,0.0453007470175719,13.1385934616196,1,0.117907576027768,0.0689655172413793,0.0194405330117282,0.0453563026171079,0.1
DASCMOP1_BC,3,182,29,1,0.29,29,0,0.00339987856518306,0.00794170279920314,29,20,3,0.00151808616447678,100,0.531299407912018,0.762049653663945,0,20,0,20,0,0.689655172413793,0.0242307750189818,0.0338971905514234,0,0.0338971905514234,11.0630233400446,0.95,0.0607923399211668,0,0.026020066866942,0.0356250933402743,0
DASCMOP1_BC,3,183,28,1,0.28,28,0,0.00230705970367893,0.00585199110722224,28,20,3,0.00146573836570172,100,0.571142531466855,0.712410486900332,0,20,0,20,0,0.714285714285714,0.0303472025604255,0.0353565219639214,0,0.0353565219639214,9.9351135348674,0.05,-0.0681839800934705,0,0.0313568336718687,0.035486664259178,0
DASCMOP1_BC,3,184,29,1,0.29,29,0,0.00156045087996954,0.00571699227316015,29,20,3,0.00151808616447678,100,0.570188406444142,0.733606469993524,0,20,0,20,0,0.689655172413793,0.0296782455161522,0.0355380209218865,0,0.0399538984820086,12.7163214910613,0.7,0.0157320190357607,0,0.0309373842275556,0.040396584154618,0
DASCMOP1_BC,3,185,27,1,0.27,27,0,0.00150755672570059,0.00384409421145,27,20,3,0.00141339056692666,100,0.570188406444142,0.735493292024379,0,20,0,20,1,0.740740740740741,0.0259292348983572,0.0352876238837474,0,0.0398648061830521,11.9934575243994,0.7,0.0228477094596356,0.0740740740740741,0.0267139587388685,0.0399268428852384,0.05
DASCMOP1_BC,3,186,28,1,0.28,28,0,0.00154582475421244,0.00428977266128498,28,20,3,0.00146573836570172,100,0.571142531466855,0.734925537680052,0,20,0,20,0,0.714285714285714,0.0292858593810776,0.0329237912472539,0,0.0329237912472539,10.4050637159359,1,0.124471141353518,0,0.0306441543637191,0.03392627453999,0
DASCMOP1_BC,3,187,27,1,0.27,27,0,0.00197970734917208,0.00622582933619913,27,20,3,0.00141339056692666,100,0.572096656489567,0.735493292024379,0,20,0,20,0,0.740740740740741,0.0196478124508765,0.0297667991974454,0,0.0297667991974454,8.62017561878631,1,0.0433894298918222,0,0.021170766666631,0.0306565991476675,0
DASCMOP1_BC,3,188,27,1,0.27,27,0,0.00134837478793181,0.00427676972347415,27,20,3,0.00141339056692666,100,0.570188406444142,0.735493292024379,0,20,0,20,1,0.740740740740741,0.0165260899324106,0.0308387189764764,0,0.0308387189764764,9.44886728122966,0.95,0.0513092399926046,0.0740740740740741,0.0220098671523268,0.0321808645545246,0.05
DASCMOP1_BC,3,189,28,1,0.28,28,0,0.00121487819698023,0.00449700843136792,28,20,3,0.00146573836570172,100,0.571142531466855,0.734362052673401,0,20,0,20,1,0.714285714285714,0.00395337868028264,0.0334646760482408,0,0.0334646760482408,9.99672002214519,0.5,0.000206650506334144,0.0714285714285714,0.00865846703816146,0.034636313666728,0.05
DASCMOP1_BC,3,190,28,1,0.28,28,0,0.00148657723696519,0.00438874292290944,28,20,3,0.00146573836570172,100,0.571142531466855,0.734925537680052,0,20,0,20,8,0.714285714285714,0.0368979201915298,0.0675644574358199,0,0.0675644574358199,20.1831615958387,0.5,0.00271031128667359,0.0714285714285714,0.0375769077934876,0.0684720882527147,0.4
DASCMOP1_BC,3,191,28,1,0.28,28,0,0.00153387627696764,0.00496353496544062,28,20,3,0.00146573836570172,100,0.571142531466855,0.730387772263116,0,20,0,20,3,0.714285714285714,0.0377272759316408,0.0600818738979994,0,0.0600818738979994,17.947930256319,0.05,-0.0279791869215694,0.0714285714285714,0.0378004344230865,0.0607063227487972,0.15
DASCMOP1_BC,3,192,28,1,0.28,28,0,0.00137676223971095,0.0048444058615439,28,20,3,0.00146573836570172,100,0.571142531466855,0.724876384454818,0,20,0,20,0,0.714285714285714,0.0296078029410369,0.0335487883093004,0,0.0335487883093004,9.42714391280482,0.25,-0.0168019511397984,0,0.0306670739500232,0.0338741394309403,0
DASCMOP1_BC,3,193,29,1,0.29,29,0,0.00146558593742743,0.00444646624312552,29,20,3,0.00151808616447678,100,0.570188406444142,0.733606469993524,0,20,0,20,1,0.689655172413793,0.00790874659405578,0.0299521810009912,0,0.0299521810009912,10.0409995686932,0.45,-0.00209111542809254,0.0689655172413793,0.0167174510591582,0.0316293646255444,0.05
DASCMOP1_BC,3,194,27,1,0.27,27,0,0.00190212383951545,0.00454579439141698,27,20,3,0.00141339056692666,100,0.531299407912018,0.735117635353278,0,20,0,20,1,0.740740740740741,0.0163280320686804,0.0267375736139709,0,0.0267375736139709,8.27225006207179,0.2,-0.0123532416646494,0.0740740740740741,0.0179041723539015,0.0275093487865701,0.05
DASCMOP1_BC,3,195,29,1,0.29,29,0,0.00179033401140353,0.00468276041030392,29,20,3,0.00151808616447678,100,0.574902419472261,0.762049653663945,0,20,0,20,0,0.689655172413793,0.0334947818725239,0.0363615588745499,0,0.0363615588745499,11.0965286395244,0.05,-0.0347074823580366,0,0.0337583780323884,0.0363921464978899,0
DASCMOP1_BC,3,196,28,1,0.28,28,0,0.00169222864259356,0.0052436215755989,28,20,3,0.00146573836570172,100,0.571142531466855,0.734362052673401,0,20,0,20,0,0.714285714285714,0.0334871490572258,0.0444179315284877,0,0.0444179315284877,13.4591914198405,0.5,-0.000528151961652401,0,0.0343818313128158,0.0451446709440784,0
DASCMOP1_BC,3,197,28,1,0.28,28,0,0.00136235244695216,0.00496207848302455,28,20,3,0.00146573836570172,100,0.573499537980914,0.783810434812963,0,20,0,20,0,0.714285714285714,0.0106213493955985,0.0281415810624908,0,0.0287535435896715,9.38492409764036,0.35,-0.0105041602341162,0,0.0128895691124293,0.0287715638399157,0
DASCMOP1_BC,3,198,29,1,0.29,29,0,0.00162553713175029,0.00501256197120021,29,20,3,0.00151808616447678,100,0.572096656489567,0.762049653663945,0,20,0,20,0,0.689655172413793,0.0161286584569105,0.0304617020499967,0,0.032275163285481,9.18913632167537,0.05,-0.0424281951377534,0,0.0187796111520034,0.0323845917485534,0
DASCMOP1_BC,3,199,26,1,0.26,26,0,0.000839795126320084,0.00304682366687468,26,20,3,0.0013610427681516,100,0.528725931107418,0.774760080139401,0,20,0,20,1,0.769230769230769,0.0243995681416146,0.0369420286331336,0,0.0369420286331335,10.6587388430003,0.4,-0.00673455318860475,0.0769230769230769,0.0280841006714671,0.037846133038896,0.05
DASCMOP1_BC,3,200,28,1,0.28,28,0,0.0012389123433534,0.00451268478850196,28,20,3,0.00146573836570172,100,0.551661278493139,0.783810434812963,0,20,0,20,8,0.714285714285714,0.033414938217172,0.0733174184961867,0,0.0733174184961867,21.9017122531314,0.45,-0.000698638360716319,0.0714285714285714,0.0372592535514775,0.0760209837503281,0.4
DASCMOP1_BC,3,201,27,1,0.27,27,0,0.00137919049153402,0.00505681381302634,27,20,3,0.00141339056692666,100,0.523540573701399,0.770523271314249,0,20,0,20,2,0.740740740740741,0.0292313556458082,0.0388432400354758,0,0.0388432400354758,11.4019187214589,0.25,-0.0175703253909369,0.0740740740740741,0.030719219712165,0.039647946678789,0.1
DASCMOP1_BC,3,202,28,1,0.28,28,0,0.00158502757794209,0.00507737600036602,28,20,3,0.00146573836570172,100,0.569350488958888,0.766286462489097,0,20,0,20,2,0.714285714285714,0.0344580249171803,0.0788953094048679,0,0.0788953094048679,23.5679651595625,0.25,-0.0143620751973215,0.0714285714285714,0.0362476704164186,0.079882364500749,0.1
DASCMOP1_BC,3,203,29,1,0.29,29,0,0.00137577954501103,0.00517022720030244,29,20,3,0.00151808616447678,100,0.572096656489567,0.762049653663945,0,20,0,20,1,0.689655172413793,0.0067317373026161,0.0272199359069263,0,0.0272199359069263,8.57963634931098,0,-0.0322378867227782,0.0689655172413793,0.0111975115485494,0.0279376877986944,0.05
DASCMOP1_BC,3,204,28,1,0.28,28,0,0.00129446438255157,0.00473365527258164,28,20,3,0.00146573836570172,100,0.551661278493139,0.734362052673401,0,20,0,20,0,0.714285714285714,0.0355979591624004,0.0373226264465466,0,0.0373226264465466,11.1841988056838,0.45,-0.0048907115149156,0,0.0357640086146411,0.0381238636280812,0
DASCMOP1_BC,3,205,27,1,0.27,27,0,0.00108102086940743,0.00475929671949647,27,20,3,0.00141339056692666,100,0.528060218803601,0.79055066825581,0,20,0,20,8,0.740740740740741,0.0264186781668222,0.0724977887023957,0,0.0724977887023957,20.5308999182909,0.1,-0.0224003306210944,0.148148148148148,0.0300726693665457,0.0745292292247928,0.4
DASCMOP1_BC,3,206,28,1,0.28,28,0,0.00161295700598084,0.0067357552646225,28,20,3,0.00146573836570172,100,0.566591408853101,0.734362052673401,0,20,0,20,6,0.714285714285714,0.0332268444367882,0.088995615047044,0,0.088995615047044,26.5851743355119,0.05,-0.0376260049921544,0.142857142857143,0.0343946433205329,0.0900963511162639,0.3
DASCMOP1_BC,3,207,27,1,0.27,27,0,0.00155787093818322,0.00593405435685804,27,20,3,0.00141339056692666,100,0.570188406444142,0.735117635353278,0,20,0,20,1,0.740740740740741,0.0127383213635346,0.0233444078622784,0,0.0233444078622784,7.02324157410609,0.15,-0.0195961140397074,0.0740740740740741,0.0128863394600079,0.024687002997763,0.05
DASCMOP1_BC,3,208,27,1,0.27,27,0,0.00144200781089691,0.00531722364430669,27,20,3,0.00141339056692666,100,0.485332390809778,0.735117635353278,0,20,0,20,1,0.740740740740741,0.0105505271424876,0.0390175466085837,0,0.0390175466085837,11.7385567060719,0.4,-0.00800986320436531,0.0740740740740741,0.0126696318652014,0.0391699711546946,0.05
DASCMOP1_BC,3,209,29,1,0.29,29,0,0.00154704606683296,0.00464920030571263,29,20,3,0.00151808616447678,100,0.570188406444142,0.777070201370116,0,20,0,20,0,0.689655172413793,0.0363360491924189,0.0392936524727346,0,0.0395497750501886,11.8330112099179,0.25,-0.0136792805347342,0,0.0372402357555673,0.0402388335407293,0
DASCMOP1_BC,3,210,30,1,0.3,30,0,0.00127278653857755,0.00476318768142497,30,20,3,0.00157043396325185,100,0.569350488958888,0.732850887313647,0,20,0,20,0,0.666666666666667,0.0341171520456448,0.0439488556066623,0,0.0439488556066623,14.6609722870767,0.05,-0.0385453492719097,0,0.0358888171039143,0.0443874074724607,0
DASCMOP1_BC,3,211,30,1,0.3,30,0,0.00187232729699484,0.00619169303040099,30,20,3,0.00157043396325185,100,0.571142531466855,0.73543253660088,0,20,0,20,2,0.666666666666667,0.0454944379437082,0.121015724814283,0,0.121015724814283,36.6692853322434,0.05,-0.0260131628821869,0.0666666666666667,0.0488220193294633,0.122066487199762,0.1
DASCMOP1_BC,3,212,28,1,0.28,28,0,0.0014577207915875,0.00527202033625746,28,20,3,0.00146573836570172,100,0.561291566539342,0.783810434812963,0,20,0,20,1,0.714285714285714,0.0188189721968359,0.034110773232055,0,0.034110773232055,9.8418478103605,0.1,-0.0195882736882859,0.0714285714285714,0.0219834837730707,0.0354525578294485,0.05
DASCMOP1_BC,3,213,28,1,0.28,28,0,0.0016619839519332,0.00614521459951559,28,20,3,0.00146573836570172,100,0.552861283969987,0.735911042245741,0,20,0,20,0,0.714285714285714,0.0318993374866528,0.0361703078819392,0,0.0364782543127568,10.4751704409304,0.45,-0.00265580649660468,0,0.0348339849120183,0.0370965453871333,0
DASCMOP1_BC,3,214,29,1,0.29,29,0,0.00121482253162567,0.00454809238335922,29,20,3,0.00151808616447678,100,0.538213732969267,0.73567178942331,0,20,0,20,9,0.689655172413793,0.030284798570768,0.0543673343192851,0,0.0543673343192851,17.136409113373,0.5,0.00208241034999196,0.0689655172413793,0.0312873584431014,0.0544308943566043,0.45
DASCMOP1_BC,3,215,29,1,0.29,29,0,0.00143426863655063,0.00495871371035199,29,20,3,0.00151808616447678,100,0.570188406444142,0.73567178942331,0,20,0,20,0,0.689655172413793,0.0235800835084282,0.0278510311490176,0,0.0278510311490176,8.3069894757548,0.2,-0.0125325877342143,0,0.0246263033737623,0.0282499096194499,0
DASCMOP1_BC,3,216,28,1,0.28,28,0,0.0013264002060277,0.00565002723045341,28,20,3,0.00146573836570172,100,0.571142531466855,0.735911042245741,0,20,0,20,2,0.714285714285714,0.0426286780340303,0.105640291352283,0,0.105640291352283,30.4799795377922,0.1,-0.0262029845069794,0.0714285714285714,0.0439415111425615,0.106942626830048,0.1
DASCMOP1_BC,3,217,29,1,0.29,29,0,0.00136277464891003,0.00491531584146815,29,20,3,0.00151808616447678,100,0.572096656489567,0.73567178942331,0,20,0,20,7,0.689655172413793,0.0330966782188711,0.0719908879539112,0,0.0719908879539112,21.1319718022101,0.05,-0.0292225310193023,0.0689655172413793,0.0337917566550631,0.0736136817030669,0.35
DASCMOP1_BC,3,218,28,1,0.28,28,0,0.00180526335354671,0.00748274730826975,28,20,3,0.00146573836570172,100,0.507381255990266,0.734362052673401,0,20,0,20,0,0.714285714285714,0.0315134020278812,0.0393844425984298,0,0.0393844425984298,11.8020481892597,0.15,-0.0157779592728007,0,0.0323869988508829,0.0396675235930071,0
DASCMOP1_BC,3,219,28,1,0.28,28,0,0.00114858424122285,0.0045219427436183,28,20,3,0.00146573836570172,100,0.543900345328087,0.734362052673401,0,20,0,20,0,0.714285714285714,0.0371824762814827,0.0468629064456835,0,0.0468629064456835,14.0430648162271,0.3,-0.0107805002910099,0,0.0379635812529268,0.0473820136891872,0
DASCMOP1_BC,3,220,27,1,0.27,27,0,0.00151378058900184,0.00674819439648602,27,20,3,0.00141339056692666,100,0.535442950204685,0.79055066825581,0,20,0,20,0,0.740740740740741,0.0235674500872371,0.0373116297185579,0,0.0373116297185579,10.7398710214706,0.35,-0.00850941080350553,0,0.0247424427662394,0.0375286198572192,0
DASCMOP1_BC,3,221,29,1,0.29,29,0,0.0013619446564256,0.0050651509488137,29,20,3,0.00151808616447678,100,0.567508834970706,0.73567178942331,0,20,0,20,5,0.689655172413793,0.0271048982135108,0.0513323298395784,0,0.0513323298395784,15.0230744823913,0.1,-0.0141837136147485,0.0689655172413793,0.0279045892484286,0.0524962051104222,0.25
DASCMOP1_BC,3,222,28,1,0.28,28,0,0.00130737472781743,0.00503568850975241,28,20,3,0.00146573836570172,100,0.571142531466855,0.735911042245741,0,20,0,20,0,0.714285714285714,0.0269260649655059,0.0418108958401655,0,0.0420139775554841,12.122128401956,0.05,-0.0291271604727096,0,0.0273451668576262,0.0421390592457318,0
DASCMOP1_BC,3,223,28,1,0.28,28,0,0.0013099007354017,0.0049507092781066,28,20,3,0.00146573836570172,100,0.571142531466855,0.735911042245741,0,20,0,20,0,0.714285714285714,0.0263282438329411,0.0346752127221329,0,0.0370046657844616,10.676811294963,0.15,-0.0181027900344531,0,0.0269102102194942,0.0371105586754141,0
DASCMOP1_BC,3,224,29,1,0.29,29,0,0.00120038981315816,0.00453509301596287,29,20,3,0.00151808616447678,100,0.567508834970706,0.73567178942331,0,20,0,20,0,0.689655172413793,0.0265896081908414,0.0381225503523612,0,0.0427123982911719,13.4197897827786,0.1,-0.0181837315023415,0,0.0273542008122894,0.0429626406478322,0
DASCMOP1_BC,3,225,25,1,0.25,25,0,0.00120392638768735,0.00491097292565162,25,20,3,0.00130869496937654,100,0.479319561775846,0.736628800713031,0,20,0,20,0,0.8,0.032659018178528,0.0417036254546537,0,0.0417036254546537,11.3333444271522,0.05,-0.032604474541632,0,0.0333768625269788,0.0417692574238018,0
DASCMOP1_BC,3,226,29,1,0.29,29,0,0.00165575847031396,0.00613086468729569,29,20,3,0.00151808616447678,100,0.461468693336471,0.733606469993524,0,20,0,20,0,0.689655172413793,0.0198171905240522,0.0328901966835643,0,0.0328901966835643,9.62574416672423,0.05,-0.0271703142532164,0,0.0211840492307539,0.0334225654827176,0
DASCMOP1_BC,3,227,28,1,0.28,28,0,0.0013627060501433,0.00563140860195701,28,20,3,0.00146573836570172,100,0.500561176859398,0.734362052673401,0,20,0,20,0,0.714285714285714,0.00899913825611569,0.0304804074935971,0,0.0304804074935971,8.75234604283592,0.25,-0.014334459234647,0,0.0112707321778609,0.0320123256655224,0
DASCMOP1_BC,3,228,28,1,0.28,28,0,0.000962625042605088,0.00453121400696656,28,20,3,0.00146573836570172,100,0.553174417708696,0.779389753456079,0,20,0,20,1,0.714285714285714,0.0224527156516941,0.0331270412879204,0,0.0331270412879204,9.39896673366681,0.25,-0.0608069626002655,0.0714285714285714,0.0243481013233978,0.0336082978924009,0.05
DASCMOP1_BC,3,229,28,1,0.28,28,0,0.00108462321841135,0.00396615558809287,28,20,3,0.00146573836570172,100,0.571142531466855,0.779389753456079,0,20,0,20,0,0.714285714285714,0.00897114781325582,0.0233718579238972,0,0.0233718579238972,6.74339063402422,0.05,-0.0142345808973796,0,0.0140058242551429,0.0246773642207797,0
DASCMOP1_BC,3,230,28,1,0.28,28,0,0.000975991363489715,0.00398259767736734,28,20,3,0.00146573836570172,100,0.523414198373276,0.779389753456079,0,20,0,20,0,0.714285714285714,0.0214331654015512,0.0335878787455445,0,0.0335878787455445,9.69097911201399,0.3,-0.0728388623846152,0,0.0252405614493687,0.0353022571633952,0
DASCMOP1_BC,3,231,27,1,0.27,27,0,0.00090207716426438,0.00276965265736514,27,20,3,0.00141339056692666,100,0.572096656489567,0.789540805863947,0,20,0,20,0,0.740740740740741,0.0270758895542036,0.0332061752602182,0,0.0332061752602182,9.71821941004061,0.5,0.0118280069354665,0,0.0316971796415773,0.0364099684842237,0
DASCMOP1_BC,3,232,28,1,0.28,28,0,0.00120531031800764,0.00431350952528092,28,20,3,0.00146573836570172,100,0.569350488958888,0.779389753456079,0,20,0,20,0,0.714285714285714,0.0270432248662273,0.0282170343407521,0,0.0313982765611033,9.05922176902148,0.15,-0.00765896132878494,0,0.029268837368028,0.0321008864026621,0
DASCMOP1_BC,3,233,28,1,0.28,28,0,0.000995150819461103,0.00354373882189409,28,20,3,0.00146573836570172,100,0.571142531466855,0.779389753456079,0,20,0,20,0,0.714285714285714,0.0177089480290371,0.0245031163310848,0,0.0245031163310848,7.2754728131486,0.1,-0.0202773392479741,0,0.0204130867802819,0.0258734258464944,0
DASCMOP1_BC,3,234,29,1,0.29,29,0,0.000952345542116013,0.00330890182853226,29,20,3,0.00151808616447678,100,0.570188406444142,0.773281045921358,0,20,0,20,0,0.689655172413793,0.0237754716663977,0.0268539954772571,0,0.0268539954772571,7.85917131494738,0.1,-0.00257628172793706,0,0.0243805405725774,0.0283480708275984,0
DASCMOP1_BC,3,235,27,1,0.27,27,0,0.00141879217338473,0.00489209402511996,27,20,3,0.00141339056692666,100,0.572096656489567,0.7854984609908,0,20,0,20,0,0.740740740740741,0.016779378245317,0.0338012005681889,0,0.0379499911226059,10.8048296687897,0.55,0.0595771712823653,0,0.0168662721918351,0.0382661252653704,0
DASCMOP1_BC,3,236,28,1,0.28,28,0,0.00117972241063996,0.00420709510376348,28,20,3,0.00146573836570172,100,0.571142531466855,0.779389753456079,0,20,0,20,0,0.714285714285714,0.0310131481108861,0.0348766669195564,0,0.0348766669195564,10.062828116495,0.6,0.00228422945427748,0,0.0338820849790393,0.0358972648485416,0
DASCMOP1_BC,3,237,28,1,0.28,28,0,0.000999337716061894,0.00355958704777641,28,20,3,0.00146573836570172,100,0.564715061358293,0.779389753456079,0,20,0,20,0,0.714285714285714,0.0221721788405814,0.0358504399747068,0,0.0373218250410754,10.7683200131619,0.65,0.00202385857174689,0,0.0235462415357232,0.0378664201109017,0
DASCMOP1_BC,3,238,28,1,0.28,28,0,0.00106554310645714,0.00380011757522624,28,20,3,0.00146573836570172,100,0.573338599299563,0.779389753456079,0,20,0,20,0,0.714285714285714,0.0276861873533888,0.0368549249951383,0,0.0384669002225449,11.0987040707374,0.05,-0.00103605691676192,0,0.0282645237339151,0.0393329992280227,0
DASCMOP1_BC,3,239,23,1,0.23,23,0,0.000925072621197928,0.00450027609751371,23,20,3,0.00120399937182641,100,0.574580542109558,0.798978927876495,0,20,0,20,0,0.869565217391304,0.0107746952556106,0.0183258553959023,0,0.0183258553959023,4.99478230561774,0.3,-0.0692888683863032,0,0.0129942408103213,0.0202737099073649,0
DASCMOP1_BC,3,240,26,1,0.26,26,0,0.00105655591391521,0.00404839763227432,26,20,3,0.0013610427681516,100,0.573338599299563,0.791607168525521,0,20,0,20,0,0.769230769230769,0.0216905471185842,0.0313803917672873,0,0.0314072129323906,8.82536541958123,0.1,-0.0261453780195333,0,0.0271351431913372,0.0336320385266398,0
DASCMOP1_BC,3,241,24,1,0.24,24,0,0.000613112006434256,0.00312193563091433,24,20,3,0.00125634717060148,100,0.573338599299563,0.804183436852623,0,20,0,20,0,0.833333333333333,0.024960730173455,0.0305945287581296,0,0.033488423431916,9.41018150029874,0.5,0.0251414367155959,0,0.0282672162435237,0.0353879399760652,0
DASCMOP1_BC,3,242,28,1,0.28,28,0,0.00108913201387269,0.00435627356125772,28,20,3,0.00146573836570172,100,0.563342705913297,0.779389753456079,0,20,0,20,0,0.714285714285714,0.015047557128107,0.0414956427057217,0,0.0414956427057217,11.9725752777433,0.55,0.000701923637614676,0,0.0209378942818512,0.0421004976843519,0
DASCMOP1_BC,3,243,24,1,0.24,24,0,0.000882126777287185,0.00441131393376458,24,20,3,0.00125634717060148,100,0.573338599299563,0.798347401968369,0,20,0,20,0,0.833333333333333,0.0282710448954097,0.033011933844577,0,0.0352607831974712,9.55995784978497,0.5,0.0200563065672177,0,0.030496850514548,0.0359768743781584,0
DASCMOP1_BC,3,244,28,1,0.28,28,0,0.00107777150967446,0.00383175610570852,28,20,3,0.00146573836570172,100,0.564025988967425,0.779389753456079,0,20,0,20,2,0.714285714285714,0.0103189200196205,0.0298981958483238,0,0.0298981958483238,8.62640935582884,0.1,-0.0253268010864947,0.0714285714285714,0.0179152680937223,0.0301057489524002,0.1
DASCMOP1_BC,3,245,27,1,0.27,27,0,0.00114319318512911,0.00408279218679071,27,20,3,0.00141339056692666,100,0.572096656489567,0.7854984609908,0,20,0,20,0,0.740740740740741,0.0260920581811119,0.0363162762765299,0,0.0365113042512117,10.3952178050631,0.05,-0.00511300628236244,0,0.0293265985728103,0.0397138446740846,0
DASCMOP1_BC,3,246,29,1,0.29,29,0,0.000926795118942073,0.00356739087068902,29,20,3,0.00151808616447678,100,0.568512571473634,0.781200317966935,0,20,0,20,3,0.689655172413793,0.017246719894348,0.0508837870567248,0,0.0508837870567248,14.8918025986407,0.6,0.00137317401872533,0.137931034482759,0.0185753766280556,0.0514419262056628,0.15
DASCMOP1_BC,3,247,29,1,0.29,29,0,0.00112337296321924,0.0040560074992835,29,20,3,0.00151808616447678,100,0.574580542109558,0.801505031509,0,20,0,20,0,0.689655172413793,0.0129374272683217,0.0178121682534625,0,0.0178121682534625,5.07134358447431,0.05,-0.0129903244860346,0,0.0130902121393772,0.0180907444479669,0
DASCMOP1_BC,3,248,29,1,0.29,29,0,0.00160271569935157,0.0069708961813063,29,20,3,0.00151808616447678,100,0.574580542109558,0.801505031509,0,20,0,20,0,0.689655172413793,0.028756635749904,0.0333335654841156,0,0.0333335654841156,9.75550181720816,0.05,-0.004126851696307,0,0.0287668510913352,0.0334434035118305,0
DASCMOP1_BC,3,249,29,1,0.29,29,0,0.00123228923438144,0.00577976586432818,29,20,3,0.00151808616447678,100,0.572096656489567,0.827528750846988,0,20,0,20,0,0.689655172413793,0.0210758500906915,0.0244367671989471,0,0.025009184167477,7.31926327260063,0.05,-0.174541762075357,0,0.023388913152266,0.0263884613257506,0
DASCMOP1_BC,3,250,29,1,0.29,29,0,0.00148760059911251,0.00696009087182762,29,20,3,0.00151808616447678,100,0.574580542109558,0.773281045921358,0,20,0,20,0,0.689655172413793,0.011622044731004,0.0276089698930402,0,0.0279857241315067,8.19038643648545,0.1,-0.00248548283129058,0,0.0131059071739667,0.0291466769583684,0
DASCMOP1_BC,3,251,27,1,0.27,27,0,0.000920592030215064,0.00369553649308037,27,20,3,0.00141339056692666,100,0.572096656489567,0.7854984609908,0,20,0,20,2,0.740740740740741,0.0138405864757339,0.0161635608981983,0,0.0189520568700748,5.24575775585512,0.2,-0.00186872216737943,0.111111111111111,0.0190500209316877,0.020831155267056,0.1
DASCMOP1_BC,3,252,28,1,0.28,28,0,0.00130598187793868,0.00464397953966825,28,20,3,0.00146573836570172,100,0.576064901644985,0.779389753456079,0,20,0,20,0,0.714285714285714,0.0186536668665934,0.0313751984340825,0,0.0318336980366715,8.94520689992491,0.1,-0.0131383792579126,0,0.0251785645945257,0.0344336889070264,0
DASCMOP1_BC,3,253,30,1,0.3,30,0,0.00103919548185809,0.00372334419780171,30,20,3,0.00157043396325185,100,0.57783638774985,0.767172338386637,0,20,0,20,3,0.666666666666667,0.0420818383028881,0.0958149997732945,0,0.0958149997732945,28.449419107483,0.05,-0.00577330256577219,0.0666666666666667,0.0428981134042442,0.0971434171238864,0.15
DASCMOP1_BC,3,254,29,1,0.29,29,0,0.00111338541344632,0.00394668476515864,29,20,3,0.00151808616447678,100,0.574580542109558,0.733606469993524,0,20,0,20,0,0.689655172413793,0.020888256911853,0.0288954733687861,0,0.0288954733687861,8.66170310093646,0.3,-0.0661663387067574,0,0.0258075908604674,0.0313537356994095,0
DASCMOP1_BC,3,255,29,1,0.29,29,0,0.00126962218473629,0.00451358723345198,29,20,3,0.00151808616447678,100,0.574580542109558,0.733606469993524,0,20,0,20,2,0.689655172413793,0.0196163186348265,0.0361556908022672,0,0.0361556908022672,10.2939702782491,0.05,-0.0205964383797201,0.0689655172413793,0.0232424570375855,0.0364343519025961,0.1
DASCMOP1_BC,3,256,30,1,0.3,30,0,0.00113295759660566,0.00383158748394528,30,20,3,0.00157043396325185,100,0.585589017673966,0.746527890770003,0,20,0,20,8,0.666666666666667,0.0312563463424674,0.0489871764509394,0,0.0489871764509394,14.1340781696603,0.1,-0.00552229554095068,0.0666666666666667,0.0351544566878694,0.0493168346053504,0.4
DASCMOP1_BC,3,257,29,1,0.29,29,0,0.00121830054064224,0.00433192814620174,29,20,3,0.00151808616447678,100,0.574580542109558,0.733606469993524,0,20,0,20,0,0.689655172413793,0.0156442201922583,0.0206686570713443,0,0.0233218405345407,6.50680633882707,0.1,-0.0142727307221031,0,0.0165283615208415,0.0241313812654066,0
DASCMOP1_BC,3,258,28,1,0.28,28,0,0.00127789658022503,0.00587850398074394,28,20,3,0.00146573836570172,100,0.576064901644985,0.734362052673401,0,20,0,20,1,0.714285714285714,0.0122609661259345,0.0188602346090064,0,0.0188602346090064,5.44166962814851,0.3,-0.0715142399977606,0.0714285714285714,0.0152420880075877,0.0232898779378528,0.05
DASCMOP1_BC,3,259,30,1,0.3,30,0,0.00194921845952851,0.00737028840419399,30,20,3,0.00157043396325185,100,0.599718809386876,0.732850887313647,0,20,0,20,6,0.666666666666667,0.0563863283251995,0.116534553987987,0,0.116534553987987,33.6232584701485,0.3,-0.0643541588350463,0.133333333333333,0.0586043540322968,0.118377287506907,0.3
DASCMOP1_BC,3,260,30,1,0.3,30,0,0.00136047408873432,0.0047412312513813,30,20,3,0.00157043396325185,100,0.614495353514503,0.767172338386637,0,20,0,20,0,0.666666666666667,0.0243071440730871,0.0373473738590188,0,0.0373473738590188,10.6758062039926,0.1,-0.0127246711419363,0,0.028335491239854,0.0383841280646511,0
DASCMOP1_BC,3,261,29,1,0.29,29,0,0.00110568037543677,0.00434044108275677,29,20,3,0.00151808616447678,100,0.572096656489567,0.773281045921358,0,20,0,20,0,0.689655172413793,0.0130344385273016,0.0246050754608479,0,0.0291239879898145,8.29195792139129,0.45,-0.0129451589884087,0,0.0177206022400479,0.0300598692848613,0
DASCMOP1_BC,3,262,31,1,0.31,31,0,0.0015003207122488,0.00496428813313723,31,20,3,0.00162278176202691,100,0.574580542109558,0.761063630851916,0,19,1,20,0,0.645161290322581,0.0139093848045407,0.0210654822018475,0,0.0210654822018475,5.99760211659973,0.1,-0.00723144278991711,0,0.0143916541602208,0.0214257422754888,0
DASCMOP1_BC,3,263,30,1,0.3,30,0,0.00114515668533746,0.00333454456704349,30,20,3,0.00157043396325185,100,0.573338599299563,0.732850887313647,0,20,0,20,0,0.666666666666667,0.0138653968982066,0.0244284845728543,0,0.0254546399196421,7.3443275663192,0.2,-0.0622088828872446,0,0.0163960202593353,0.0259954441142348,0
DASCMOP1_BC,3,264,28,1,0.28,28,0,0.00126840439054063,0.00466299385160072,28,20,3,0.00146573836570172,100,0.548602721954775,0.734362052673401,0,20,0,20,2,0.714285714285714,0.0222692300372726,0.044622154814034,0,0.0450330518730137,12.6541995176027,0.1,-0.00140285342064583,0.142857142857143,0.0224413874418069,0.0459535118734409,0.1
DASCMOP1_BC,3,265,29,1,0.29,29,0,0.00113892340741932,0.00429274404005488,29,20,3,0.00151808616447678,100,0.599081378858365,0.781200317966935,0,20,0,20,0,0.689655172413793,0.0155438622464162,0.0254587279639928,0,0.026090111439657,7.43174675519651,0.2,-0.0719820495681585,0,0.0161161791606431,0.026130884882077,0
DASCMOP1_BC,3,266,29,1,0.29,29,0,0.00106225293496584,0.00351382824613954,29,20,3,0.00151808616447678,100,0.574580542109558,0.733606469993524,0,20,0,20,0,0.689655172413793,0.010629249655202,0.0149651640564593,0,0.0164106643129484,4.92214085956941,0.3,-0.0679213241075061,0,0.0147341189809409,0.0176705233750926,0
DASCMOP1_BC,3,267,30,1,0.3,30,0,0.00132311783312232,0.00422157744401388,30,20,3,0.00157043396325185,100,0.597701636695373,0.777071428443608,0,20,0,20,0,0.666666666666667,0.0188801132400843,0.0315288206186594,0,0.0341541693257505,10.1410664271278,0.4,-0.0445704734119214,0,0.0229260134555975,0.0359556458897005,0
DASCMOP1_BC,3,268,30,1,0.3,30,0,0.0011811674771739,0.00376992953778998,30,20,3,0.00157043396325185,100,0.584209275510974,0.777071428443608,0,20,0,20,0,0.666666666666667,0.0117130822474683,0.0260999322443907,0,0.0260999322443907,7.74959988367645,0.55,0.0208492965118767,0,0.0193806972641538,0.0280542433213804,0
DASCMOP1_BC,3,269,30,1,0.3,30,0,0.00154973239783974,0.00514829738306499,30,20,3,0.00157043396325185,100,0.58545121832097,0.767172338386637,0,20,0,20,0,0.666666666666667,0.0231515342367654,0.0400117564275847,0,0.0440375907577857,12.38622438224,0.1,-0.0171540878365342,0,0.0239526264919573,0.0444534157482989,0
DASCMOP1_BC,3,270,30,1,0.3,30,0,0.00143208072295814,0.0056126512388606,30,20,3,0.00157043396325185,100,0.573338599299563,0.732850887313647,0,20,0,20,0,0.666666666666667,0.0198820491410756,0.0248465744581034,0,0.0248465744581034,6.98183883713699,0,-0.0219076136931015,0,0.0207236757332566,0.0269012850549055,0
DASCMOP1_BC,3,271,30,1,0.3,30,0,0.0012288905750998,0.00425488911784774,30,20,3,0.00157043396325185,100,0.604079770189693,0.732850887313647,0,20,0,20,0,0.666666666666667,0.0170072369824046,0.0238693202990663,0,0.0281223421149418,8.45167886541003,0.3,-0.0534553560539988,0,0.020348016836116,0.0291224795538777,0
DASCMOP1_BC,3,272,29,1,0.29,29,0,0.00180099377466862,0.00591806342477299,29,20,3,0.00151808616447678,100,0.54584989626198,0.733606469993524,0,20,0,20,1,0.689655172413793,0.0165217463535288,0.0265583017748563,0,0.0265583017748563,7.88470913343499,0.5,-0.000368850851127034,0.0689655172413793,0.0193957674191776,0.0267323591047905,0.05
DASCMOP1_BC,3,273,30,1,0.3,30,0,0.001902816724462,0.00630778204901541,30,20,3,0.00157043396325185,100,0.561891161409219,0.732850887313647,0,20,0,20,0,0.666666666666667,0.0109718651295819,0.0307582788540359,0,0.03218243355638,9.28547151582259,0.05,-0.0100629341540681,0,0.0115718828384518,0.0326072277008532,0
DASCMOP1_BC,3,274,30,1,0.3,30,0,0.00137170002344718,0.00454858407626925,30,20,3,0.00157043396325185,100,0.561891161409219,0.732850887313647,0,20,0,20,0,0.666666666666667,0.0224169009724442,0.0307420055823752,0,0.0345067286449206,9.69449009656758,0.05,-0.0105024737985406,0,0.0229579919668375,0.0348782477900283,0
DASCMOP1_BC,3,275,30,1,0.3,30,0,0.00161512881922896,0.00552530293478044,30,20,3,0.00157043396325185,100,0.571057851252019,0.732850887313647,0,20,0,20,0,0.666666666666667,0.0089470239355123,0.0176615118894154,0,0.0176615118894154,4.96191203356947,0.05,-0.0258920777041449,0,0.0153450658730641,0.0212305005940495,0
DASCMOP1_BC,3,276,26,1,0.26,26,0,0.00091113331146423,0.004444506243982,26,20,3,0.0013610427681516,100,0.585589017673966,0.791607168525521,0,20,0,20,1,0.769230769230769,0.00511758295234172,0.0122919424362279,0,0.0122919424362279,3.37246390601253,0.3,-0.0830942580210061,0.0769230769230769,0.0132597983367661,0.0175999227029137,0.05
DASCMOP1_BC,3,277,29,1,0.29,29,0,0.00115300323579266,0.00460735514010736,29,20,3,0.00151808616447678,100,0.572096656489567,0.733606469993524,0,20,0,20,0,0.689655172413793,0.0234678665656514,0.031857614864037,0,0.031857614864037,9.00493247490515,0.25,-0.0833533797676009,0,0.0249895624208039,0.0327286772663735,0
DASCMOP1_BC,3,278,30,1,0.3,30,0,0.00118266695482926,0.00488275415565725,30,20,3,0.00157043396325185,100,0.568647739461653,0.732850887313647,0,20,0,20,0,0.666666666666667,0.00572367636177997,0.0145700310843842,0,0.0145700310843842,4.20383400719797,0.05,-0.0126347995297392,0,0.00952800288944878,0.0146586691469064,0
DASCMOP1_BC,3,279,29,1,0.29,29,0,0.00108960595232897,0.00437874191536226,29,20,3,0.00151808616447678,100,0.572096656489567,0.733606469993524,0,20,0,20,5,0.689655172413793,0.0205360981233138,0.0482113730612373,0,0.0482113730612373,13.3444715732015,0.3,-0.0446220752128541,0.0689655172413793,0.0242058272906244,0.0483730903045072,0.25
DASCMOP1_BC,3,280,30,1,0.3,30,0,0.00152765409589895,0.00527715824623599,30,20,3,0.00157043396325185,100,0.578503201838194,0.732850887313647,0,20,0,20,0,0.666666666666667,0.00987326114191076,0.0293251689398879,0,0.0293251689398879,8.24031512896694,0.05,-0.0147693095189013,0,0.0132576998737245,0.0332021782622779,0
DASCMOP1_BC,3,281,30,1,0.3,30,0,0.00128473203274317,0.00444623085800815,30,20,3,0.00157043396325185,100,0.569686544699201,0.732850887313647,0,20,0,20,0,0.666666666666667,0.0119556709661668,0.0252036842773898,0,0.0252036842773898,7.27192031769435,0.25,-0.00227069575011762,0,0.0144505813851308,0.0285473549129561,0
DASCMOP1_BC,3,282,30,1,0.3,30,0,0.00155163605577686,0.00535926879841898,30,20,3,0.00157043396325185,100,0.578503201838194,0.732850887313647,0,20,0,20,0,0.666666666666667,0.0275681575028823,0.0342668972364662,0,0.0374773055563238,10.5310495773012,0.05,-0.00718948705037736,0,0.0299948073648352,0.0384116699341079,0
DASCMOP1_BC,3,283,30,1,0.3,30,0,0.00111483404070899,0.00544691968411622,30,20,3,0.00157043396325185,100,0.569686544699201,0.732850887313647,0,20,0,20,0,0.666666666666667,0.0214078098542613,0.0272723115213524,0,0.0293916939584604,8.48885366993897,0.05,-0.0137173755920849,0,0.0235088756183302,0.0298674027083914,0
DASCMOP1_BC,3,284,29,1,0.29,29,0,0.00091041855494611,0.00404812304575136,29,20,3,0.00151808616447678,100,0.572096656489567,0.733606469993524,0,20,0,20,0,0.689655172413793,0.0250569759068534,0.0268117162170007,0,0.0268117162170007,7.69562736930679,0,-0.00692783408379005,0,0.0257070473715806,0.0275939472784138,0
DASCMOP1_BC,3,285,25,1,0.25,25,0,0.000608427666198626,0.00355290333685352,25,20,3,0.00130869496937654,100,0.554588755337026,0.736628800713031,0,20,0,20,0,0.8,0.0262489209346204,0.0366339890143644,0,0.0366339890143644,9.96123732830705,0.2,-0.122156419215031,0,0.0290227179911813,0.0369251462805864,0
DASCMOP1_BC,3,286,26,1,0.26,26,0,0.000590251774859689,0.00289185286877455,26,20,3,0.0013610427681516,100,0.553528500540997,0.735873218033155,0,20,0,20,0,0.769230769230769,0.02374361512825,0.0305981434696707,0,0.0312861537343426,8.93341862112322,0.3,-0.0875413958647977,0,0.0274515166397554,0.0319397354319477,0
DASCMOP1_BC,3,287,28,1,0.28,28,0,0.0010360810493393,0.0050381141021817,28,20,3,0.00146573836570172,100,0.557602555805745,0.734362052673401,0,20,0,20,2,0.714285714285714,0.0169267840650491,0.0251735449922325,0,0.0251735449922325,6.97385873344706,0.1,-0.0118406748474158,0.142857142857143,0.0184210869827946,0.0292353203280189,0.1
DASCMOP1_BC,3,288,29,1,0.29,29,0,0.000978712248466026,0.00342974306393828,29,20,3,0.00151808616447678,100,0.555955321445283,0.733606469993524,0,20,0,20,0,0.689655172413793,0.010506707805493,0.0244017834061967,0,0.0244017834061967,6.89745333346079,0.1,-0.014924959113997,0,0.0126335819452004,0.0288050287610028,0
DASCMOP1_BC,3,289,29,1,0.29,29,0,0.00113145543193192,0.00395988620885773,29,20,3,0.00151808616447678,100,0.560616356274465,0.733606469993524,0,20,0,20,1,0.689655172413793,0.009477698624958,0.0283616243263489,0,0.0283616243263489,7.91216603233781,0.05,-0.00845649184404612,0.0689655172413793,0.0128207274730052,0.0287837063627404,0.05
DASCMOP1_BC,3,290,28,1,0.28,28,0,0.000910798134094909,0.00410108168786181,28,20,3,0.00146573836570172,100,0.563342705913297,0.734362052673401,0,20,0,20,0,0.714285714285714,0.0143900613830952,0.0182182449768944,0,0.0184724527115239,5.11744673665145,0.4,-0.0260776286324333,0,0.0166392375950791,0.021337041113206,0
DASCMOP1_BC,3,291,27,1,0.27,27,0,0.000708545349545126,0.00443572135160538,27,20,3,0.00141339056692666,100,0.572096656489567,0.735117635353278,0,20,0,20,0,0.740740740740741,0.0168757120450441,0.0244009644424132,0,0.0244009644424132,6.727127983675,0.5,0.00328280563189495,0,0.0213225893561367,0.0276801372220442,0
DASCMOP1_BC,3,292,29,1,0.29,29,0,0.000953070964377618,0.00348876588736395,29,20,3,0.00151808616447678,100,0.599081378858365,0.767682390418151,0,20,0,20,0,0.689655172413793,0.0231915004575753,0.0294771385909584,0,0.0308865953151145,9.03936414685545,0.6,0.0301406706520709,0,0.0262070125508101,0.032844765390036,0
DASCMOP1_BC,3,293,29,1,0.29,29,0,0.00115851908144908,0.00460531334192239,29,20,3,0.00151808616447678,100,0.599081378858365,0.767682390418151,0,20,0,20,0,0.689655172413793,0.00649064767153669,0.013325572484907,0,0.0169759830641974,4.96824240750935,0.6,0.0429451852952206,0,0.0128193421176583,0.0182211788516679,0
DASCMOP1_BC,3,294,29,1,0.29,29,0,0.00125093317721641,0.00504522093201292,29,20,3,0.00151808616447678,100,0.599081378858365,0.769714460813962,0,20,0,20,0,0.689655172413793,0.0251100075343342,0.0347774101024993,0,0.0347774101024993,9.98197902932823,0.55,0.0278905474272177,0,0.0269203038925103,0.0362126059029376,0
DASCMOP1_BC,3,295,26,1,0.26,26,0,0.000805064600973242,0.00328295282530519,26,20,3,0.0013610427681516,100,0.585589017673966,0.764153827909571,0,20,0,20,0,0.769230769230769,0.00968402569450019,0.011139946845902,0,0.0134276256712964,3.66182049821442,0.45,-0.0133951561717254,0,0.0138233298645751,0.0154468673884918,0
DASCMOP1_BC,3,296,29,1,0.29,29,0,0.00106213690084452,0.00461057173889625,29,20,3,0.00151808616447678,100,0.572096656489567,0.754978818844058,0,20,0,20,1,0.689655172413793,0.0234062675805193,0.0381168502991479,0,0.0381168502991479,10.7955822538832,0.5,0.00538818034002966,0.0689655172413793,0.0291008829480844,0.0420442594581436,0.05
DASCMOP1_BC,3,297,28,1,0.28,28,0,0.00109503999992695,0.00492284790551073,28,20,3,0.00146573836570172,100,0.553528500540997,0.734362052673401,0,20,0,20,0,0.714285714285714,0.0220757116311142,0.0268601336030714,0,0.0268601336030714,7.66961703675771,0.5,0.00533729510320213,0,0.0256436119860381,0.0288295494039035,0
DASCMOP1_BC,3,298,29,1,0.29,29,0,0.000971169547808432,0.00416550883899012,29,20,3,0.00151808616447678,100,0.599081378858365,0.754978818844058,0,20,0,20,0,0.689655172413793,0.0179483745340884,0.0292600626125057,0,0.0322330304800164,9.12914705984302,0.3,-0.0685577954509622,0,0.0189040541974869,0.0325378000682345,0
DASCMOP1_BC,3,299,29,1,0.29,29,0,0.000923715653970125,0.00396088394564521,29,20,3,0.00151808616447678,100,0.599081378858365,0.754978818844058,0,20,0,20,0,0.689655172413793,0.0273922985187866,0.0347154430512107,0,0.0363866136677629,10.305538828831,0.3,-0.0482239292161692,0,0.0276072336848193,0.0365275352023455,0
DASCMOP1_BC,3,300,29,1,0.29,29,0,0.00122662289892113,0.00487735491307459,29,20,3,0.00151808616447678,100,0.555955321445283,0.754978818844058,0,20,0,20,0,0.689655172413793,0.0203399961120669,0.0344021321339244,0,0.0344021321339244,10.2299207702222,0.05,-0.00478185950012949,0,0.0210125853792767,0.034407277647824,0
DASCMOP1_BC,3,301,25,1,0.25,25,0,0.000807046656190016,0.00330186012150115,25,20,3,0.00130869496937654,100,0.572096656489567,0.736628800713031,0,20,0,20,0,0.8,0.00557773747592286,0.0269722076579942,0,0.028677670078119,7.89499368779137,0.55,0.0634224030328356,0,0.00610390847703607,0.0305804271694981,0
DASCMOP1_BC,3,302,27,1,0.27,27,0,0.000958479939009002,0.0049200826057501,27,20,3,0.00141339056692666,100,0.599081378858365,0.735117635353278,0,20,0,20,1,0.740740740740741,0.0117032304380673,0.0215461350776927,0,0.0215461350776927,6.10586897784341,0.75,0.154806486500472,0.0740740740740741,0.0214234929988611,0.0263064571706746,0.05
DASCMOP1_BC,3,303,29,1,0.29,29,0,0.00136564567498756,0.0049930659996715,29,20,3,0.00151808616447678,100,0.570019046014471,0.733606469993524,0,20,0,20,5,0.689655172413793,0.0405318250537462,0.0827346958964695,0,0.0827346958964695,23.7469091862322,0.05,-0.0196180802660469,0.0689655172413793,0.0425512886062978,0.0847009495082192,0.25
DASCMOP1_BC,3,304,28,1,0.28,28,0,0.000786676410416301,0.00323721270171369,28,20,3,0.00146573836570172,100,0.5341566227382,0.734362052673401,0,20,0,20,0,0.714285714285714,0.0274044853648573,0.0426198929128143,0,0.0426198929128143,12.169643741144,0.25,-0.0753363572214561,0,0.0291713921297945,0.0457901270929781,0
DASCMOP1_BC,3,305,27,1,0.27,27,0,0.000815133507075476,0.00338482480672292,27,20,3,0.00141339056692666,100,0.599081378858365,0.783987295631047,0,20,0,20,1,0.740740740740741,0.0130863749466642,0.0204104588634982,0,0.0204104588634982,5.97338645419714,0.45,-0.0218941303264708,0.0740740740740741,0.0171896320302892,0.0264430087507623,0.05
DASCMOP1_BC,3,306,25,1,0.25,25,0,0.000885370008578875,0.00476431002408455,25,20,3,0.00130869496937654,100,0.565368643711335,0.797715876060243,0,20,0,20,0,0.8,0.0143395088989438,0.0289420507907053,0,0.0289420507907053,8.20176655539001,0.5,-0.0185599431417574,0,0.0200647452570403,0.0301994517433916,0
DASCMOP1_BC,3,307,28,1,0.28,28,0,0.000826347245224624,0.00346375909284754,28,20,3,0.00146573836570172,100,0.551390296485535,0.777123005416449,0,20,0,20,0,0.714285714285714,0.0227527772485087,0.0318968975863152,0,0.0318968975863152,9.13227697482577,0.3,-0.00409883221337073,0,0.0263789818914228,0.0343112985288926,0
DASCMOP1_BC,3,308,27,1,0.27,27,0,0.00072154748099561,0.0032817546319247,27,20,3,0.00141339056692666,100,0.548191837634044,0.783987295631047,0,20,0,20,1,0.740740740740741,0.0216578373263646,0.0437200841975753,0,0.0437200841975753,12.5656687482643,0.45,-0.0012791016312606,0.0740740740740741,0.0235810372641267,0.0479383067719393,0.05
DASCMOP1_BC,3,309,26,1,0.26,26,0,0.000812199939136199,0.00405993424090372,26,20,3,0.0013610427681516,100,0.550274789042767,0.790851585845645,0,20,0,20,0,0.769230769230769,0.0275119297666647,0.0360145679906572,0,0.0360145679906572,9.86824344779191,0.35,-0.02761841786408,0,0.0306423178243775,0.040583244403954,0
DASCMOP1_BC,3,310,28,1,0.28,28,0,0.000924106328516708,0.0039048214379591,28,20,3,0.00146573836570172,100,0.550877842492849,0.777123005416449,0,20,0,20,0,0.714285714285714,0.0130584704922576,0.0267615560183449,0,0.0267615560183449,7.75248852670367,0.05,-0.0142110995915414,0,0.0160903112740853,0.0268447939108848,0
DASCMOP1_BC,3,311,27,1,0.27,27,0,0.00103956747926377,0.00453407909383899,27,20,3,0.00141339056692666,100,0.528781487974825,0.783987295631047,0,20,0,20,0,0.740740740740741,0.00530029931751595,0.0223542284492448,0,0.0223542284492448,6.32951202342302,0.5,-0.000624030424256905,0,0.00881392599387132,0.0228662555851635,0
DASCMOP1_BC,3,312,27,1,0.27,27,0,0.000788078887961414,0.0032808526011486,27,20,3,0.00141339056692666,100,0.547166929648671,0.851741334154102,0,20,0,20,0,0.740740740740741,0.0136980065018506,0.0460849431199509,0,0.0460849431199509,13.2453571432056,0.6,0.0641207025087284,0,0.0147446805797008,0.0461403695065957,0
DASCMOP1_BC,3,313,29,1,0.29,29,0,0.000783463801981846,0.00381296049139669,29,20,3,0.00151808616447678,100,0.547166929648671,0.770258715201851,0,20,0,20,0,0.689655172413793,0.0129352656704006,0.0239577171883582,0,0.0239577171883582,7.02184121732995,0.05,-0.0235826423317126,0,0.0136469769152408,0.0251483275549009,0
DASCMOP1_BC,3,314,26,1,0.26,26,0,0.000792456897313847,0.00404686562860694,26,20,3,0.0013610427681516,100,0.53095781925848,0.790851585845645,0,20,0,20,7,0.769230769230769,0.0363804789220543,0.0558470971619111,0,0.0558470971619111,15.3024951122333,0.6,0.0704782346620577,0.0769230769230769,0.0367750261793327,0.0558713378595972,0.35
DASCMOP1_BC,3,315,29,1,0.29,29,0,0.000839369698995518,0.00361169746887277,29,20,3,0.00151808616447678,100,0.547166929648671,0.838234969630637,0,20,0,20,0,0.689655172413793,0.0179148621733103,0.0222587328344478,0,0.0241987918842986,7.15296787796375,0.6,0.0672688057101036,0,0.0199772061060536,0.0261531107169827,0
DASCMOP1_BC,3,316,28,1,0.28,28,0,0.000948187449929314,0.00384158199470463,28,20,3,0.00146573836570172,100,0.537974208811748,0.777123005416449,0,20,0,20,0,0.714285714285714,0.0139161898026474,0.02514700905248,0,0.02514700905248,6.89045631140365,0.75,0.174787023353834,0,0.0176679476883755,0.0278461589676463,0
DASCMOP1_BC,3,317,29,1,0.29,29,0,0.000889436263885162,0.00382952367722629,29,20,3,0.00151808616447678,100,0.547166929648671,0.838234969630637,0,20,0,20,0,0.689655172413793,0.0296835719254012,0.0356368545345186,0,0.0384437202912272,11.3636539240208,0.55,0.065554388530614,0,0.0302721062161795,0.0397455382772762,0
DASCMOP1_BC,3,318,25,1,0.25,25,0,0.000537467444776756,0.00311361242797107,25,20,3,0.00130869496937654,100,0.513826895519356,0.797715876060243,0,20,0,20,0,0.8,0.00798695358946025,0.0126390161108874,0,0.0126390161108874,3.56007876543831,0.6,0.0894216894423426,0,0.00998904812326802,0.0138461300984683,0
DASCMOP1_BC,3,319,25,1,0.25,25,0,0.000731239324189012,0.0036701027764715,25,20,3,0.00130869496937654,100,0.547166929648671,0.797715876060243,0,20,0,20,1,0.8,0.00415857081737263,0.00786692942549405,0,0.00820956707794592,2.26235753251186,0.85,0.234439662836343,0.08,0.0100687509836759,0.0143428774302745,0.05
DASCMOP1_BC,3,320,27,1,0.27,27,0,0.0005617010148072,0.00271732277480623,27,20,3,0.00141339056692666,100,0.496030766959715,0.783987295631047,0,20,0,20,0,0.740740740740741,0.0100939768351199,0.0228465005957778,0,0.0263423923776477,7.57111480294635,1,0.282073223126155,0,0.0182348967375315,0.0272084187595582,0
DASCMOP1_BC,3,321,23,1,0.23,23,0,0.000823886933732831,0.00420751276013553,23,20,3,0.00120399937182641,100,0.547166929648671,0.811222240583707,0,20,0,20,0,0.869565217391304,0.0227256810199211,0.0326090837554832,0,0.0366791954426562,10.0264758120549,0.95,0.261457508624967,0,0.0282437797938619,0.0375013877813709,0
DASCMOP1_BC,3,322,28,1,0.28,28,0,0.000711733183358639,0.00358651693722334,28,20,3,0.00146573836570172,100,0.504928831239536,0.777123005416449,0,20,0,20,0,0.714285714285714,0.0155173752937758,0.0328455086833053,0,0.0328455086833053,9.47678598534924,0.85,0.190602830166846,0,0.0264239239664979,0.0376256974357877,0
DASCMOP1_BC,3,323,25,1,0.25,25,0,0.000587976474542513,0.00271903016754991,25,20,3,0.00130869496937654,100,0.556297361446522,0.797715876060243,0,20,0,20,0,0.8,0.0101525581418931,0.0335370451351812,0,0.0335370451351812,10.6091458336521,0.9,0.269663765065907,0,0.0216590864282003,0.036974490062824,0
DASCMOP1_BC,3,324,26,1,0.26,26,0,0.000781000316114021,0.0033126200827712,26,20,3,0.0013610427681516,100,0.583750446686274,0.790851585845645,0,20,0,20,0,0.769230769230769,0.0131752231941327,0.0235698911683305,0,0.0235698911683305,6.80052839046984,0.85,0.180358085724623,0,0.0222437191660174,0.0286434813122793,0
DASCMOP1_BC,3,325,25,1,0.25,25,0,0.000619174212061677,0.00284735964018183,25,20,3,0.00130869496937654,100,0.560616356274465,0.797715876060243,0,20,0,20,0,0.8,0.00656597751821498,0.0148019938993825,0,0.0164304636233581,5.19763097768749,0.9,0.219092765487447,0,0.0210137898671954,0.0253091694901848,0
DASCMOP1_BC,3,326,23,1,0.23,23,0,0.000545748097250409,0.00319027455466262,23,20,3,0.00120399937182641,100,0.528781487974825,0.811222240583707,0,20,0,20,0,0.869565217391304,0.0196671901740153,0.0291477900372326,0,0.0347095245356678,9.4880545771207,0.9,0.251524210873471,0,0.0278663106840667,0.0364673769431288,0
DASCMOP1_BC,3,327,23,1,0.23,23,0,0.000575373187999833,0.00327969975008014,23,20,3,0.00120399937182641,100,0.528781487974825,0.811222240583707,0,20,0,20,0,0.869565217391304,0.0190001208073096,0.026480029485426,0,0.0326419807626963,8.92287921326975,0.85,0.230420330070312,0,0.0270850240168412,0.0341621053776506,0
DASCMOP1_BC,3,328,23,1,0.23,23,0,0.000844643596665085,0.00363595888346229,23,20,3,0.00120399937182641,100,0.529113751882306,0.811222240583707,0,20,0,20,3,0.869565217391304,0.00791309711287142,0.0338960539878228,0,0.0338960539878228,9.2656875738821,0.55,0.0423206411541742,0.130434782608696,0.0193655670531799,0.0359157112073047,0.15
DASCMOP1_BC,3,329,25,1,0.25,25,0,0.000695787834016118,0.00351619936810021,25,20,3,0.00130869496937654,100,0.527795213443894,0.797715876060243,0,20,0,20,0,0.8,0.00390106906887862,0.0102842059782965,0,0.0137833353654486,3.98249817736217,0.95,0.19457448259868,0,0.0184027691589645,0.020448630352873,0
DASCMOP1_BC,3,330,25,1,0.25,25,0,0.000582372507940743,0.00293169199769209,25,20,3,0.00130869496937654,100,0.547166929648671,0.797715876060243,0,20,0,20,0,0.8,0.0175458412158038,0.0219098242293359,0,0.0273630562529686,8.66953606119619,0.85,0.189605730139992,0,0.0234675405976586,0.0299220083313368,0
DASCMOP1_BC,3,331,25,1,0.25,25,0,0.000620741883480747,0.00312735148735464,25,20,3,0.00130869496937654,100,0.542948858612663,0.797715876060243,0,20,0,20,5,0.8,0.00383878780978203,0.0179949408702437,0,0.0179949408702437,5.2323525523756,0.7,0.122583091537247,0.08,0.0175944735771203,0.0219521913378554,0.25
DASCMOP1_BC,3,332,25,1,0.25,25,0,0.000659038234571836,0.00332317305070776,25,20,3,0.00130869496937654,100,0.554588755337026,0.797715876060243,0,20,0,20,2,0.8,0.00635858036583752,0.0153926505402263,0,0.0153926505402263,4.60002392487484,1,0.324789688770101,0.08,0.0288817207214485,0.0458954973721189,0.1
DASCMOP1_BC,3,333,27,1,0.27,27,0,0.000662251008831276,0.00326064337101594,27,20,3,0.00141339056692666,100,0.547166929648671,0.795694846323717,0,20,0,20,3,0.740740740740741,0.0098712008003883,0.0121376071906496,0,0.0128312974038332,3.8315150611968,1,0.308654795583355,0.111111111111111,0.0322419942868131,0.0522193755863914,0.15
DASCMOP1_BC,3,334,29,1,0.29,29,0,0.000814913961587266,0.00433788083657727,29,20,3,0.00151808616447678,100,0.528781487974825,0.838234969630637,0,20,0,20,5,0.689655172413793,0.00489283172903477,0.0182579090877266,0,0.0211180152407722,6.3017690096176,1,0.275328765244662,0.0689655172413793,0.0327308613649642,0.0529375492603912,0.25
DASCMOP1_BC,3,335,27,1,0.27,27,0,0.000784715354547471,0.0044566324829502,27,20,3,0.00141339056692666,100,0.527795213443894,0.8039864970142,0,20,0,20,1,0.740740740740741,0.00814243161352319,0.0105564148464145,0,0.012948545768076,3.72156503995036,1,0.291595797004992,0.0740740740740741,0.032159520437572,0.0497229698938972,0.05
DASCMOP1_BC,3,336,29,1,0.29,29,0,0.000886704153237455,0.00464796154313182,29,20,3,0.00151808616447678,100,0.506870948745423,0.770258715201851,0,20,0,20,0,0.689655172413793,0.0103485442829528,0.0133388294468934,0,0.0166473286157332,5.18791497202324,0.1,-0.00848903165511594,0,0.0320992943590298,0.0506189802986922,0
DASCMOP1_BC,3,337,29,1,0.29,29,0,0.000861281287066475,0.00449686943780364,29,20,3,0.00151808616447678,100,0.527081035085726,0.770258715201851,0,20,0,20,5,0.689655172413793,0.00323765559238092,0.0199410023397944,0,0.0199411586616751,6.04805524537221,0.2,-0.00448484303877733,0.0689655172413793,0.029521317669414,0.0552020781735044,0.25
DASCMOP1_BC,3,338,29,1,0.29,29,0,0.000868387852112798,0.00466308086149636,29,20,3,0.00151808616447678,100,0.489126707990117,0.770258715201851,0,20,0,20,2,0.689655172413793,0.0161502401501352,0.0195206215196971,0,0.0259334695898439,7.75009997508473,0.15,-0.0117483911194108,0.137931034482759,0.0371843338336117,0.0521041004654999,0.1
DASCMOP1_BC,3,339,31,1,0.31,31,0,0.00124278413325209,0.0051487057043451,31,20,3,0.00162278176202691,100,0.513826895519356,0.756530134772655,0,19,1,20,0,0.645161290322581,0.0102606913375163,0.0117463263067226,0,0.0171405459693102,5.31694010926929,1,0.314231936968331,0,0.0384382411645102,0.0577019005845643,0
DASCMOP1_BC,3,340,24,1,0.24,24,0,0.00078225456704166,0.00360118725824187,24,20,3,0.00125634717060148,100,0.517826218360124,0.865696972121529,0,20,0,20,0,0.833333333333333,0.0232043647574912,0.0292478324379919,0,0.0350156229838193,9.77972392579293,1,0.371204130441851,0,0.0399955162023298,0.0488127427938611,0
DASCMOP1_BC,3,341,26,1,0.26,26,0,0.000711391504830173,0.00427562777624956,26,20,3,0.0013610427681516,100,0.550877842492849,0.804770324633445,0,20,0,20,5,0.769230769230769,0.0123534092857697,0.065278486651093,0,0.065278486651093,18.6896302056352,1,0.255073767051344,0.115384615384615,0.0185481342942989,0.0713692713189448,0.25
DASCMOP1_BC,3,342,30,1,0.3,30,0,0.00106965471305769,0.00509768649096683,30,20,3,0.00157043396325185,100,0.550877842492849,0.831481787368904,0,20,0,20,3,0.666666666666667,0.0800317774774714,0.222655032588195,0,0.222655032588195,64.2417845539955,1,0.265732360588721,0.0666666666666667,0.0807801203263116,0.223196901852694,0.15
DASCMOP1_BC,3,343,26,1,0.26,26,0,0.000781312710075569,0.00472097399217225,26,20,3,0.0013610427681516,100,0.547679383641358,0.790851585845645,0,20,0,20,1,0.769230769230769,0.198611995488741,0.304529953444704,0,0.304529953444704,87.1887892689915,1,0.22839450999215,0.0769230769230769,0.198612052276705,0.304548313594086,0.05
DASCMOP1_BC,3,344,27,1,0.27,27,0,0.000578028485707675,0.00340400112601314,27,20,3,0.00141339056692666,100,0.528781487974825,0.783987295631047,0,20,0,20,1,0.740740740740741,0.213939587672253,0.332734699200546,0,0.332734699200546,95.6318837885337,1,0.177647504908209,0.0740740740740741,0.213944398407886,0.332841050959916,0.05
DASCMOP1_BC,3,345,29,1,0.29,29,0,0.000898467066514712,0.00493293126300629,29,20,3,0.00151808616447678,100,0.527081035085726,0.770258715201851,0,20,0,20,1,0.689655172413793,0.16295037755763,0.354617194877005,0,0.354617194877005,106.513528347548,0.1,-0.00692421150337075,0.0689655172413793,0.163034607112566,0.354618039445313,0.05
DASCMOP1_BC,3,346,28,1,0.28,28,0,0.000824064819500714,0.00495680988117762,28,20,3,0.00146573836570172,100,0.516488061792163,0.715279820035697,0,20,0,20,2,0.714285714285714,0.30973756994933,0.470925294144288,0,0.470925294144288,150.797547198559,0.1,-0.00782484829557323,0.0714285714285714,0.309747076052175,0.470928108883244,0.1
DASCMOP1_BC,3,347,25,1,0.25,25,0,0.000564219934558625,0.00340854521384018,25,20,3,0.00130869496937654,100,0.527081035085726,0.729072973914263,0,20,0,20,2,0.8,0.246941572742373,0.373192221535013,0,0.373192221535013,103.61590862368,0.05,-0.0156133330450095,0.08,0.246942092569048,0.373259337849966,0.1
DASCMOP1_BC,3,348,30,1,0.3,30,0,0.00109717631521963,0.00521367484384112,30,20,3,0.00157043396325185,100,0.516488061792163,0.706084384116652,0,20,0,20,2,0.666666666666667,0.230084924941342,0.367533872596032,0,0.367533872596032,109.454156087846,0.05,-0.0125896878232361,0.133333333333333,0.23008542468297,0.367601365094312,0.1
DASCMOP1_BC,3,349,26,1,0.26,26,0,0.000709518962609235,0.00323644438586163,26,20,3,0.0013610427681516,100,0.500415569984385,0.790851585845645,0,20,0,20,2,0.769230769230769,0.206054284772729,0.418457526296698,0,0.418457526296698,116.873519107258,1,0.238638651698814,0.0769230769230769,0.206085964262503,0.41850773817253,0.1
DASCMOP1_BC,3,350,23,1,0.23,23,0,0.000612614743905834,0.00250682505458121,23,20,3,0.00120399937182641,100,0.489126707990117,0.811222240583707,0,20,0,20,2,0.869565217391304,0.302165419454259,0.515717046965337,0,0.515717046965337,130.551885844758,1,0.30867125878302,0.173913043478261,0.302170043399518,0.515758663777414,0.1
DASCMOP1_BC,3,351,23,1,0.23,23,0,0.000610720102633942,0.00288489902582438,23,20,3,0.00120399937182641,100,0.511275388336074,0.742801554343459,0,20,0,20,3,0.869565217391304,0.112603341048364,0.44759443691995,0,0.44759443691995,119.398581673621,1,0.318451937733837,0.130434782608696,0.113427412209509,0.447682172027788,0.15
DASCMOP1_BC,3,352,25,1,0.25,25,0,0.000585175926915099,0.00296544053587264,25,20,3,0.00130869496937654,100,0.482829085372704,0.729072973914263,0,20,0,20,1,0.8,0.129733534250922,0.42094799405363,0,0.420947994053631,117.99397776877,1,0.278216989028131,0.08,0.130398922562312,0.420950505075944,0.05
DASCMOP1_BC,3,353,26,1,0.26,26,0,0.000480208036728801,0.0021592532283304,26,20,3,0.0013610427681516,100,0.505805286673765,0.790851585845645,0,20,0,20,4,0.769230769230769,0.0951351329309355,0.299094552055519,0,0.299094552055519,85.6326005888521,1,0.160301050826601,0.0769230769230769,0.0958715589617573,0.299105431828683,0.2
DASCMOP1_BC,3,354,24,1,0.24,24,0,0.000527433843462126,0.00287337515786509,24,20,3,0.00125634717060148,100,0.505312149408299,0.735937264128861,0,20,0,20,1,0.833333333333333,0.0378194912824554,0.335754974265045,0,0.335754974265045,92.5115142696052,1,0.234096974231759,0.0833333333333333,0.0428906956060651,0.335813656863068,0.05
DASCMOP1_BC,3,355,25,1,0.25,25,0,0.00056545925325145,0.00237147121418943,25,20,3,0.00130869496937654,100,0.493065519827793,0.797715876060243,0,20,0,20,2,0.8,0.0321527897093021,0.254853706076262,0,0.254853706076262,72.8308554992386,1,0.165941709193343,0.08,0.0342532680352574,0.254940247656521,0.1
DASCMOP1_BC,3,356,26,1,0.26,26,0,0.00060538941987143,0.00272526714310094,26,20,3,0.0013610427681516,100,0.488394638298026,0.790851585845645,0,20,0,20,2,0.769230769230769,0.116192180887716,0.424817676520632,0,0.424817676520632,121.627900496906,1,0.211083982691007,0.0769230769230769,0.116811065176845,0.424852277170574,0.1
DASCMOP1_BC,3,357,20,1,0.2,20,0,0.00054023792910913,0.0020163284508778,20,20,3,0.00104695597550123,100,0.505805286673765,0.831481787368904,0,20,0,20,3,1,0.401630418591164,0.570929613865926,0,0.570929613865926,131.01863745617,1,0.306921513242182,0.2,0.401631088347818,0.570952085425791,0.15
DASCMOP1_BC,3,358,23,1,0.23,23,0,0.000556278519560493,0.00262772350092287,23,20,3,0.00120399937182641,100,0.511275388336074,0.742801554343459,0,20,0,20,2,0.869565217391304,0.204743471203275,0.636963818982707,0,0.636963818982707,169.91403442655,1,0.330263448418959,0.173913043478261,0.205140309761419,0.637057074197588,0.1
DASCMOP1_BC,3,359,24,1,0.24,24,0,0.00054206570837289,0.00243096294813874,24,20,3,0.00125634717060148,100,0.487947302600249,0.735937264128861,0,20,0,20,1,0.833333333333333,0.187154043564861,0.614180044645874,0,0.614180044645874,166.743158932672,1,0.355993413608196,0.0833333333333333,0.187655946887339,0.614269281770842,0.05
DASCMOP1_BC,3,360,23,1,0.23,23,0,0.000731836425815931,0.00365278460608621,23,20,3,0.00120399937182641,100,0.528781487974825,0.742801554343459,0,20,0,20,1,0.869565217391304,0.224020415991669,0.623789924035411,0,0.623789924035411,170.604042425466,1,0.344000239644066,0.0869565217391304,0.224132654419193,0.623801935614207,0.05
DASCMOP1_BC,3,361,24,1,0.24,24,0,0.000592448769262322,0.0027444190316037,24,20,3,0.00125634717060148,100,0.505805286673765,0.804469058321975,0,20,0,20,2,0.833333333333333,0.209790653579789,0.569197945039269,0,0.569197945039268,156.832713886057,1,0.357813054525809,0.125,0.210047980795473,0.56929708027015,0.1
DASCMOP1_BC,3,362,23,1,0.23,23,0,0.000467743517890988,0.00180043145388271,23,20,3,0.00120399937182641,100,0.528781487974825,0.742801554343459,0,20,0,20,1,0.869565217391304,0.32271606384928,0.654653311342944,0,0.654653311342944,165.723093454541,1,0.319988530696802,0.0869565217391304,0.322859177327773,0.654716451036383,0.05
DASCMOP1_BC,3,363,20,1,0.2,20,0,0.00070975337990207,0.00228539580983879,20,20,3,0.00104695597550123,100,0.505805286673765,0.763394424987253,0,20,0,20,2,1,0.251723514991701,0.717891344465713,0,0.717891344465713,164.743855475613,1,0.326247738579231,0.15,0.251987924708713,0.718030518697625,0.1
DASCMOP1_BC,3,364,24,1,0.24,24,0,0.000528963505320682,0.00200690882133703,24,20,3,0.00125634717060148,100,0.505805286673765,0.735937264128861,0,20,0,20,1,0.833333333333333,0.0903958430075784,0.487257728431729,0,0.487257728431729,134.255495083756,1,0.327241411329091,0.0833333333333333,0.0924320097151235,0.487684087337399,0.05
DASCMOP1_BC,3,365,25,1,0.25,25,0,0.000708263232558024,0.00323854989155039,25,20,3,0.00130869496937654,100,0.493960191223347,0.797715876060243,0,20,0,20,2,0.8,0.0562312200935787,0.429019386760674,0,0.429019386760674,120.931898514783,1,0.320438735348748,0.16,0.058976973361685,0.429354159762173,0.1
DASCMOP1_BC,3,366,25,1,0.25,25,0,0.000730052091718083,0.0032948584684634,25,20,3,0.00130869496937654,100,0.493960191223347,0.797715876060243,0,20,0,20,2,0.8,0.217942491792224,0.688599925480079,0,0.688599925480079,193.370000252183,1,0.309942187245147,0.08,0.218153157015019,0.688643677717837,0.1
DASCMOP1_BC,3,367,24,1,0.24,24,0,0.000513473078580069,0.0019430318254491,24,20,3,0.00125634717060148,100,0.485977896681411,0.749204119123931,0,20,0,20,2,0.833333333333333,0.318917338832115,0.790658059886602,0,0.790658059886602,228.125473512464,1,0.352323965882227,0.125,0.319025991343232,0.790681246220246,0.1
DASCMOP1_BC,3,368,27,1,0.27,27,0,0.000645023327562525,0.00317149731497484,27,20,3,0.00141339056692666,100,0.527795213443894,0.719877537995219,0,20,0,20,1,0.740740740740741,0.370918154929577,0.830807636869337,0,0.830807636869337,247.919028340723,1,0.329545728891741,0.0740740740740741,0.37097002691288,0.830844853504329,0.05
DASCMOP1_BC,3,369,24,1,0.24,24,0,0.000627649995141461,0.00273400251637434,24,20,3,0.00125634717060148,100,0.510923503901309,0.804469058321975,0,20,0,20,2,0.833333333333333,0.361462565145874,0.723544904881221,0,0.723544904881221,196.434521312228,1,0.32233473455492,0.125,0.361510280482986,0.723585647445921,0.1
DASCMOP1_BC,3,370,23,1,0.23,23,0,0.000529202962967978,0.00266220346620712,23,20,3,0.00120399937182641,100,0.528781487974825,0.789626324150349,0,20,0,20,1,0.869565217391304,0.431514529580481,0.762880200152934,0,0.762880200152934,207.667798989929,1,0.27628220126615,0.0869565217391304,0.431522110508607,0.762914473676987,0.05
DASCMOP1_BC,3,371,24,1,0.24,24,0,0.000682751022856359,0.0033662434807914,24,20,3,0.00125634717060148,100,0.505805286673765,0.788615130161612,0,20,0,20,1,0.833333333333333,0.2729126978231,0.711741953390915,0,0.711741953390915,196.108266218635,1,0.329367572065803,0.0833333333333333,0.273144462612934,0.711854167044285,0.05
DASCMOP1_BC,3,372,26,1,0.26,26,0,0.000447394060040809,0.00187550797310398,26,20,3,0.0013610427681516,100,0.547679383641358,0.790851585845645,0,20,0,20,3,0.769230769230769,0.205096863056733,0.533917642513131,0,0.533917642513131,152.863888407374,1,0.253514904782176,0.153846153846154,0.20516464072276,0.533941735633478,0.15
DASCMOP1_BC,3,373,25,1,0.25,25,0,0.000671869356985058,0.00303241767307091,25,20,3,0.00130869496937654,100,0.493960191223347,0.797715876060243,0,20,0,20,2,0.8,0.156240975773553,0.565689042279585,0,0.565689042279585,154.713684287098,1,0.298730290274823,0.08,0.156759073567925,0.565913400605628,0.1
DASCMOP1_BC,3,374,23,1,0.23,23,0,0.000452228424209879,0.00174086867674675,23,20,3,0.00120399937182641,100,0.528781487974825,0.742801554343459,0,20,0,20,2,0.869565217391304,0.116746093737973,0.415841772334487,0,0.415841772334487,105.268825048055,1,0.332948536983741,0.130434782608696,0.117461345772594,0.416034355612648,0.1
DASCMOP1_BC,3,375,23,1,0.23,23,0,0.000570214943559582,0.00310112105581979,23,20,3,0.00120399937182641,100,0.528781487974825,0.742801554343459,0,20,0,20,2,0.869565217391304,0.0423529982725987,0.332453096744125,0,0.332453096744125,84.739096579791,1,0.349581722133446,0.130434782608696,0.0458100517671746,0.333144210700692,0.1
DASCMOP1_BC,3,376,25,1,0.25,25,0,0.000667838942298349,0.00331580258114472,25,20,3,0.00130869496937654,100,0.527795213443894,0.729072973914263,0,20,0,20,3,0.8,0.0212000158992709,0.246061241875459,0,0.246061241875459,67.2967627893275,1,0.309205981514702,0.08,0.0254904471214674,0.247720630690128,0.15
DASCMOP1_BC,3,377,21,1,0.21,21,0,0.000706095316218868,0.00367173255671743,21,20,3,0.00109930377427629,100,0.493960191223347,0.756530134772655,0,20,0,20,3,0.952380952380952,0.0260695769091711,0.278022137074268,0,0.278022137074268,64.846326317868,1,0.28597126688863,0.142857142857143,0.031325557731329,0.279555967588867,0.15
DASCMOP1_BC,3,378,26,1,0.26,26,0,0.00104023788637343,0.00524319976361913,26,20,3,0.0013610427681516,100,0.505312149408299,0.724475255954741,0,20,0,20,3,0.769230769230769,0.109125336326111,0.408080278788767,0,0.408080278788767,116.835881100299,1,0.318191908109841,0.115384615384615,0.110093067155422,0.408593798120886,0.15
DASCMOP1_BC,3,379,21,1,0.21,21,0,0.000645288884192956,0.00279727131285521,21,20,3,0.00109930377427629,100,0.489126707990117,0.824728605107172,0,20,0,20,2,0.952380952380952,0.125538581685182,0.46622244519001,0,0.46622244519001,108.742466105962,1,0.329889277140866,0.0952380952380952,0.126361433852325,0.466607721439362,0.1
DASCMOP1_BC,3,380,24,1,0.24,24,0,0.000568715507360621,0.00247722754757941,24,20,3,0.00125634717060148,100,0.510923503901309,0.804469058321975,0,20,0,20,4,0.833333333333333,0.0152282068153906,0.109803907924885,0,0.109803907924885,29.8105590211815,1,0.338879101698182,0.125,0.0298942690532408,0.114740885454269,0.2
DASCMOP1_BC,3,381,24,1,0.24,24,0,0.000699879878935961,0.00306017984631526,24,20,3,0.00125634717060148,100,0.485977896681411,0.735937264128861,0,20,0,20,3,0.833333333333333,0.0161206030711736,0.0862033307745605,0,0.0862033307745605,23.4032606711538,1,0.310145737301681,0.0833333333333333,0.0293039245457649,0.0910798589711929,0.15
DASCMOP1_BC,3,382,26,1,0.26,26,0,0.000648368179022064,0.00291806375108095,26,20,3,0.0013610427681516,100,0.469439680408979,0.724475255954741,0,20,0,20,3,0.769230769230769,0.0253299009291762,0.141311679911489,0,0.141311679911489,38.9360054045655,1,0.248570150062265,0.153846153846154,0.0334070469357706,0.144203969064055,0.15
DASCMOP1_BC,3,383,25,1,0.25,25,0,0.000835885674580303,0.00371554763995256,25,20,3,0.00130869496937654,100,0.462774532651972,0.729072973914263,0,20,0,20,4,0.8,0.0193562895886273,0.101272124396919,0,0.101272124396919,28.4388510592977,1,0.253107251032897,0.16,0.0242986732243681,0.104857053692874,0.2
DASCMOP1_BC,3,384,24,1,0.24,24,0,0.000624931531563492,0.0028949406979905,24,20,3,0.00125634717060148,100,0.451362510012539,0.735937264128861,0,20,0,20,3,0.833333333333333,0.146930644968708,0.337564103209769,0,0.337564103209769,93.0099886661552,1,0.250609174892518,0.166666666666667,0.147246130493925,0.337969209305712,0.15
DASCMOP1_BC,3,385,23,1,0.23,23,0,0.000538816952907368,0.00270964217657344,23,20,3,0.00120399937182641,100,0.439950487373105,0.742801554343459,0,20,0,20,2,0.869565217391304,0.193900538397302,0.388076899935272,0,0.388076899935272,104.868943197538,1,0.258801963890079,0.0869565217391304,0.194102439465539,0.388549800065801,0.1
DASCMOP1_BC,3,386,22,1,0.22,22,0,0.000452002818215804,0.00152454753032297,22,20,3,0.00115165157305135,100,0.472801809012338,0.749665844558057,0,20,0,20,3,0.909090909090909,0.0232159752817458,0.231599804399316,0,0.231599804399316,54.9181878474249,1,0.228163646243047,0.0909090909090909,0.0273140706108585,0.232951671870267,0.15
DASCMOP1_BC,3,387,24,1,0.24,24,0,0.000709822179437838,0.00380905422876768,24,20,3,0.00125634717060148,100,0.505312149408299,0.735937264128861,0,20,0,20,3,0.833333333333333,0.0245758844617313,0.0610342914296956,0,0.0610342914296956,16.8169503218626,1,0.203995873546781,0.0833333333333333,0.0351457330408676,0.0715580660004882,0.15
DASCMOP1_BC,3,388,24,1,0.24,24,0,0.000673369040000051,0.00322257764105452,24,20,3,0.00125634717060148,100,0.488394638298026,0.735937264128861,0,20,0,20,3,0.833333333333333,0.018636973477827,0.0807764036635511,0,0.0807764036635511,22.719559434351,1,0.232072702946625,0.0833333333333333,0.0239845451873704,0.0848037901381886,0.15
DASCMOP1_BC,3,389,24,1,0.24,24,0,0.000833612794512136,0.00372522666271814,24,20,3,0.00125634717060148,100,0.49351285552557,0.804469058321975,0,20,0,20,3,0.833333333333333,0.0299126579810881,0.283784400282025,0,0.283784400282025,77.0443581997559,1,0.319629325997728,0.0833333333333333,0.0326828003321251,0.284055022131146,0.15
DASCMOP1_BC,3,390,21,1,0.21,21,0,0.000665675077764896,0.00360724574999618,21,20,3,0.00109930377427629,100,0.482829085372704,0.75651352608662,0,20,0,20,2,0.952380952380952,0.135425082147014,0.437558036794714,0,0.437558036794714,100.884344728954,1,0.312913043170705,0.0952380952380952,0.135578925263684,0.437649929794603,0.1
DASCMOP1_BC,3,391,25,1,0.25,25,0,0.000667618405557934,0.00286700147173243,25,20,3,0.00130869496937654,100,0.462774532651972,0.729045292770872,0,20,0,20,5,0.8,0.0170142834479447,0.126269132996618,0,0.126269132996618,35.4316787158027,1,0.330881879390938,0.08,0.0265327182030327,0.13087867299963,0.25
DASCMOP1_BC,3,392,22,1,0.22,22,0,0.00059790839622286,0.00248090584855206,22,20,3,0.00115165157305135,100,0.472801809012338,0.769994398401382,0,20,0,20,4,0.909090909090909,0.0139319668983002,0.0961753506120574,0,0.0961753506120574,22.5802496565044,1,0.321496527717225,0.0909090909090909,0.0256167058647994,0.102372609961492,0.2
DASCMOP1_BC,3,393,22,1,0.22,22,0,0.000557376456039112,0.00260060532746595,22,20,3,0.00115165157305135,100,0.472801809012338,0.769994398401382,0,20,0,20,6,0.909090909090909,0.0243747656008083,0.0713973935939039,0,0.0713973935939039,16.9301329220731,1,0.321716720449471,0.136363636363636,0.031045792955749,0.0831032287372483,0.3
DASCMOP1_BC,3,394,24,1,0.24,24,0,0.000630761036905108,0.00339117868275697,24,20,3,0.00125634717060148,100,0.472801809012338,0.762073976213136,0,20,0,20,3,0.833333333333333,0.0092939335325979,0.0392159325331769,0,0.0392159325331769,10.6466964012853,1,0.311358598011951,0.0833333333333333,0.0315353069319259,0.0617014229374574,0.15
DASCMOP1_BC,3,395,23,1,0.23,23,0,0.00053779487137712,0.00263394949706317,23,20,3,0.00120399937182641,100,0.462774532651972,0.766034187307259,0,20,0,20,4,0.869565217391304,0.0149870629435255,0.0756585837836343,0,0.0756585837836343,20.692319225312,1,0.304085347212728,0.0869565217391304,0.0268607572287768,0.0878245705242591,0.2
DASCMOP1_BC,3,396,24,1,0.24,24,0,0.000898388981481438,0.00524681166046514,24,20,3,0.00125634717060148,100,0.480609808393105,0.762073976213136,0,20,0,20,4,0.833333333333333,0.0108147153595823,0.0511600708902508,0,0.0511600708902508,14.0962785095219,1,0.29732641534456,0.0833333333333333,0.0291662603639204,0.0680351727707494,0.2
DASCMOP1_BC,3,397,26,1,0.26,26,0,0.000720679538390317,0.00291600364632039,26,20,3,0.0013610427681516,100,0.469439680408979,0.79375566496612,0,20,0,20,3,0.769230769230769,0.0159725994240411,0.0566613401693053,0,0.0566613401693053,15.3829336064414,1,0.327870458239532,0.0769230769230769,0.02665213833341,0.0720602850943482,0.15
DASCMOP1_BC,3,398,27,1,0.27,27,0,0.000543505933986469,0.00219254618329767,27,20,3,0.00141339056692666,100,0.482829085372704,0.851741334154102,0,20,0,20,5,0.740740740740741,0.0130675553362728,0.0756904924421301,0,0.0756904924421301,21.4051237000268,1,0.331365591610491,0.0740740740740741,0.0229846383251983,0.0859827928261194,0.25
DASCMOP1_BC,3,399,26,1,0.26,26,0,0.00083881636322344,0.00339440370484149,26,20,3,0.0013610427681516,100,0.487947302600249,0.858494516415834,0,20,0,20,2,0.769230769230769,0.0120526277185018,0.0497713647521436,0,0.0497713647521436,13.5123807025475,1,0.338616260579915,0.0769230769230769,0.0216680169238971,0.0656913341214775,0.1
DASCMOP1_BC,3,400,26,1,0.26,26,0,0.000636770595407235,0.00257679251895491,26,20,3,0.0013610427681516,100,0.487947302600249,0.858494516415834,0,20,0,20,4,0.769230769230769,0.0163318718666489,0.0665761466303901,0,0.0665761466303901,18.0746950271182,1,0.334428150087722,0.0769230769230769,0.0240167742640105,0.0783351399974287,0.2
DASCMOP1_BC,3,401,25,1,0.25,25,0,0.000766480506006958,0.00251147252417539,25,20,3,0.00130869496937654,100,0.482829085372704,0.865247698677566,0,20,0,20,6,0.8,0.0921137191739632,0.138072890376874,0,0.138072890376874,34.9526476365419,1,0.340566047266688,0.08,0.0934648630720642,0.142337831128755,0.3
DASCMOP1_BC,3,402,24,1,0.24,24,0,0.000496715312190496,0.00188078326736517,24,20,3,0.00125634717060148,100,0.472801809012338,0.762073976213136,0,20,0,20,0,0.833333333333333,0.296383659881705,0.323281548993657,0,0.323281548993657,76.6582548775788,1,0.33453703108525,0,0.297202288631046,0.3234979511424,0
DASCMOP1_BC,3,403,26,1,0.26,26,0,0.000686259510752145,0.00347473065338493,26,20,3,0.0013610427681516,100,0.472801809012338,0.755206917884199,0,20,0,20,2,0.769230769230769,0.206058606205437,0.276161449161565,0,0.276161449161565,78.9452392377737,1,0.367468340698321,0.0769230769230769,0.206578694408893,0.277721260953389,0.1
DASCMOP1_BC,3,404,24,1,0.24,24,0,0.000724246727874388,0.00332653889209738,24,20,3,0.00125634717060148,100,0.494767541483699,0.804469058321975,0,20,0,20,6,0.833333333333333,0.0934429604297869,0.141613956806691,0,0.141613956806691,38.4466390804306,1,0.295297486341255,0.0833333333333333,0.0952342764809562,0.147111007741057,0.3
DASCMOP1_BC,3,405,27,1,0.27,27,0,0.000582636213286804,0.00235037076326677,27,20,3,0.00141339056692666,100,0.482829085372704,0.851741334154102,0,20,0,20,5,0.740740740740741,0.044551143074467,0.124591512218008,0,0.124591512218008,35.6438896321073,1,0.295443163623788,0.0740740740740741,0.0485241523343847,0.130823796884239,0.25
DASCMOP1_BC,3,406,25,1,0.25,25,0,0.000816124212327909,0.00406206041500498,25,20,3,0.00130869496937654,100,0.482829085372704,0.758113765119013,0,20,0,20,4,0.8,0.025420128818572,0.0842491672765562,0,0.0842491672765562,23.6406899784194,1,0.310747393743782,0.08,0.0319698722948883,0.095291703442927,0.2
DASCMOP1_BC,3,407,26,1,0.26,26,0,0.000687613608780484,0.00278252109260188,26,20,3,0.0013610427681516,100,0.485977896681411,0.79375566496612,0,20,0,20,3,0.769230769230769,0.023975999850837,0.0552621658857426,0,0.0552621658857426,15.7975884030618,1,0.267704636070577,0.115384615384615,0.0335991408431872,0.0704389967832651,0.15
DASCMOP1_BC,3,408,25,1,0.25,25,0,0.000576523508660626,0.00272514271131817,25,20,3,0.00130869496937654,100,0.482829085372704,0.797715876060243,0,20,0,20,2,0.8,0.0121897600722534,0.0493567010025281,0,0.0493567010025281,13.703767457984,1,0.298385244067714,0.08,0.0247405647703461,0.0655343837543179,0.1
DASCMOP1_BC,3,409,23,1,0.23,23,0,0.000595421992120253,0.00280806991521633,23,20,3,0.00120399937182641,100,0.482829085372704,0.766034187307259,0,20,0,20,5,0.869565217391304,0.0550404046798809,0.152983311754965,0,0.152983311754965,42.475442779997,1,0.349665447614008,0.0869565217391304,0.0582483375792547,0.157075264573592,0.25
DASCMOP1_BC,3,410,25,1,0.25,25,0,0.00089846122874517,0.0034686388287725,25,20,3,0.00130869496937654,100,0.540481420464606,0.758113765119013,0,20,0,20,0,0.8,0.217143999102287,0.228482344859646,0,0.228482344859646,62.4890049581698,1,0.355841322973088,0,0.217488850008282,0.22948587441773,0
DASCMOP1_BC,3,411,25,1,0.25,25,0,0.000532146287104492,0.00251182999080254,25,20,3,0.00130869496937654,100,0.482829085372704,0.758113765119013,0,20,0,20,4,0.8,0.015020145639108,0.0781269560895092,0,0.0781269560895092,21.92277036765,1,0.328451895401678,0.08,0.031935785009398,0.0924795845898998,0.2
DASCMOP1_BC,3,412,25,1,0.25,25,0,0.000550183141817979,0.00259278370849939,25,20,3,0.00130869496937654,100,0.482829085372704,0.797715876060243,0,20,0,20,2,0.8,0.00936052719806047,0.0397766750753868,0,0.0397766750753868,11.2487661645932,1,0.339239185145951,0.08,0.0299498639493336,0.0601231142174684,0.1
DASCMOP1_BC,3,413,23,1,0.23,23,0,0.000544993666075708,0.00257422114590212,23,20,3,0.00120399937182641,100,0.482829085372704,0.766034187307259,0,20,0,20,2,0.869565217391304,0.00940625817192567,0.0434625416123322,0,0.0434625416123322,11.2968450697619,1,0.323326591181925,0.0869565217391304,0.0285037509044241,0.0631628181402368,0.1
DASCMOP1_BC,3,414,26,1,0.26,26,0,0.00073340335389046,0.00319340257975991,26,20,3,0.0013610427681516,100,0.477247679789745,0.755401721104628,0,20,0,20,1,0.769230769230769,0.0224408297088332,0.0285164653238294,0,0.0334504204068863,9.35926066735136,1,0.376032386154688,0.0769230769230769,0.0386614744581102,0.045949941867294,0.05
DASCMOP1_BC,3,415,21,1,0.21,21,0,0.000799546777178826,0.0040805847395979,21,20,3,0.00109930377427629,100,0.478390531413505,0.773954609495505,0,20,0,20,4,0.952380952380952,0.0243284796184825,0.10664602516331,0,0.10664602516331,26.9970515515138,1,0.372283444751495,0.0952380952380952,0.0291885420859457,0.111273988719218,0.2
DASCMOP1_BC,3,416,23,1,0.23,23,0,0.000608184510397965,0.00255520647247957,23,20,3,0.00120399937182641,100,0.482829085372704,0.766034187307259,0,20,0,20,3,0.869565217391304,0.00695378967238845,0.0727278719740024,0,0.0727278719740024,19.8907812994143,1,0.335128647694243,0.0869565217391304,0.0209927490391275,0.081329024361813,0.15
DASCMOP1_BC,3,417,23,1,0.23,23,0,0.000538462834997758,0.00184300923374584,23,20,3,0.00120399937182641,100,0.462774532651972,0.766034187307259,0,20,0,20,3,0.869565217391304,0.0215508907568393,0.0432810976001085,0,0.0432810976001085,11.8372066086314,1,0.302627381269157,0.173913043478261,0.0307802966241244,0.0565191681316845,0.15
DASCMOP1_BC,3,418,23,1,0.23,23,0,0.000670011807825939,0.00209638723790463,23,20,3,0.00120399937182641,100,0.482829085372704,0.766034187307259,0,20,0,20,4,0.869565217391304,0.0124799724519411,0.112985011190005,0,0.112985011190005,28.6017426994955,1,0.285066477427959,0.130434782608696,0.017780254628967,0.117603486546219,0.2
DASCMOP1_BC,3,419,26,1,0.26,26,0,0.000697605146049304,0.00306253813411475,26,20,3,0.0013610427681516,100,0.485977896681411,0.755401721104628,0,20,0,20,2,0.769230769230769,0.0109614063841551,0.13589260820834,0,0.13589260820834,36.8933555653434,1,0.275070567616451,0.0769230769230769,0.0207903278537628,0.140152206620862,0.1
DASCMOP1_BC,3,420,22,1,0.22,22,0,0.000545736220975995,0.00211104733505634,22,20,3,0.00115165157305135,100,0.514998007510688,0.769994398401382,0,20,0,20,2,0.909090909090909,0.024860714433367,0.0974880872790957,0,0.0974880872790957,22.8884567125363,1,0.261930331019995,0.0909090909090909,0.0323261336542501,0.103901039395771,0.1
DASCMOP1_BC,3,421,26,1,0.26,26,0,0.000504340324367365,0.00216023500715591,26,20,3,0.0013610427681516,100,0.514998007510688,0.790848817731306,0,20,0,20,3,0.769230769230769,0.0314976220904995,0.113341780311619,0,0.113341780311619,32.4005902688507,1,0.221532054043118,0.0769230769230769,0.0358813555837548,0.116165966890562,0.15
DASCMOP1_BC,3,422,24,1,0.24,24,0,0.000787529746044509,0.0037551620326848,24,20,3,0.00125634717060148,100,0.514998007510688,0.735912351099809,0,20,0,20,8,0.833333333333333,0.0553495886371359,0.152758993831298,0,0.152758993831298,42.0901160692228,1,0.33559775946184,0.0833333333333333,0.0567919432063496,0.154709059739173,0.4
DASCMOP1_BC,3,423,21,1,0.21,21,0,0.000564011602485263,0.00178415628014005,21,20,3,0.00109930377427629,100,0.482829085372704,0.773954609495505,0,20,0,20,4,0.952380952380952,0.0493671527175129,0.202803321286244,0,0.202803321286244,47.8510194257034,1,0.383987689446478,0.0952380952380952,0.0521191664489889,0.205316387417874,0.2
DASCMOP1_BC,3,424,27,1,0.27,27,0,0.000656968183810928,0.00267187749786619,27,20,3,0.00141339056692666,100,0.482829085372704,0.752689677090243,0,20,0,20,2,0.740740740740741,0.0191255704143346,0.0974329986187342,0,0.0974329986187341,27.3401315226319,1,0.32568476894707,0.0740740740740741,0.0284385770430707,0.104785331490045,0.1
DASCMOP1_BC,3,425,25,1,0.25,25,0,0.000623687998612077,0.00294602736819585,25,20,3,0.00130869496937654,100,0.489126707990117,0.758113765119013,0,20,0,20,2,0.8,0.0180992522297565,0.090760735064597,0,0.090760735064597,24.8226970313294,1,0.335236971272403,0.08,0.0269335349564037,0.0983781402565541,0.1
DASCMOP1_BC,3,426,24,1,0.24,24,0,0.000812101894256445,0.00387376392942358,24,20,3,0.00125634717060148,100,0.514998007510688,0.762073976213136,0,20,0,20,2,0.833333333333333,0.0229683703562973,0.13201818020778,0,0.13201818020778,35.8414907750389,1,0.400028169156529,0.0833333333333333,0.0312216601832397,0.135959297549145,0.1
DASCMOP1_BC,3,427,23,1,0.23,23,0,0.000723228795334138,0.00275855687790232,23,20,3,0.00120399937182641,100,0.482829085372704,0.766034187307259,0,20,0,20,3,0.869565217391304,0.0259581255762153,0.127371972755517,0,0.127371972755517,30.0531505300739,1,0.414246473035075,0.0869565217391304,0.0313763232878863,0.13172703622217,0.15
DASCMOP1_BC,3,428,23,1,0.23,23,0,0.000648266514807017,0.00312160863757475,23,20,3,0.00120399937182641,100,0.482829085372704,0.766034187307259,0,20,0,20,2,0.869565217391304,0.0223306572262701,0.0845992383193342,0,0.0845992383193342,21.4686212930909,1,0.428405482219751,0.0869565217391304,0.0306574835139877,0.0924590407108891,0.1
DASCMOP1_BC,3,429,27,1,0.27,27,0,0.000586047914368752,0.00250108325451848,27,20,3,0.00141339056692666,100,0.547166929648671,0.789795453871997,0,20,0,20,3,0.740740740740741,0.0216933534914627,0.064935043367285,0,0.064935043367285,19.260044945144,1,0.411583623947749,0.0740740740740741,0.0371045444546808,0.0794201618340677,0.15
DASCMOP1_BC,3,430,23,1,0.23,23,0,0.000609980645439859,0.0023709163183397,23,20,3,0.00120399937182641,100,0.482829085372704,0.766034187307259,0,20,0,20,1,0.869565217391304,0.0135387572762482,0.0346718861113824,0,0.0368194478826825,10.0419702506399,1,0.347069651263232,0.0869565217391304,0.0340409711177799,0.0550455699163057,0.05
DASCMOP1_BC,3,431,24,1,0.24,24,0,0.000513633543224432,0.00217653741205723,24,20,3,0.00125634717060148,100,0.480494946551467,0.762073976213136,0,20,0,20,6,0.833333333333333,0.0211791600561418,0.0820337868604927,0,0.0820337868604927,22.2712751408505,1,0.282983167007476,0.0833333333333333,0.030876068250209,0.0922089825063643,0.3
DASCMOP1_BC,3,432,27,1,0.27,27,0,0.000570678308277304,0.00259975483978493,27,20,3,0.00141339056692666,100,0.547166929648671,0.851741334154102,0,20,0,20,5,0.740740740740741,0.0203535494590332,0.131110376130438,0,0.131110376130438,36.4024756380761,1,0.300050994324182,0.0740740740740741,0.0289757779986539,0.137026284381316,0.25
DASCMOP1_BC,3,433,23,1,0.23,23,0,0.000495951494720217,0.00171725540380787,23,20,3,0.00120399937182641,100,0.482829085372704,0.766034187307259,0,20,0,20,2,0.869565217391304,0.0161495751759925,0.0907298184858434,0,0.0907298184858434,21.6602697264566,1,0.408599267890379,0.0869565217391304,0.0309238663248805,0.0991791611891387,0.1
DASCMOP1_BC,3,434,24,1,0.24,24,0,0.000563025953199089,0.0023362002917847,24,20,3,0.00125634717060148,100,0.480494946551467,0.762073976213136,0,20,0,20,3,0.833333333333333,0.0176357622443132,0.0868043167972552,0,0.0868043167972552,23.5664217975565,1,0.302419246324571,0.0833333333333333,0.0295121985427366,0.0951146687035839,0.15
DASCMOP1_BC,3,435,24,1,0.24,24,0,0.000545423138212956,0.00225040683383966,24,20,3,0.00125634717060148,100,0.506365871635191,0.762073976213136,0,20,0,20,2,0.833333333333333,0.0192405584960237,0.128272451858994,0,0.128272451858994,30.8320927643413,1,0.393072353639352,0.0833333333333333,0.0283610155666134,0.133632632132095,0.1
DASCMOP1_BC,3,436,25,1,0.25,25,0,0.000542348447543364,0.00251827117291162,25,20,3,0.00130869496937654,100,0.482829085372704,0.797715876060243,0,20,0,20,3,0.8,0.0248908656768067,0.108940789050658,0,0.108940789050658,29.7948688828246,1,0.369785062328762,0.08,0.0322161661373088,0.115603966325134,0.15
DASCMOP1_BC,3,437,24,1,0.24,24,0,0.000577941547432667,0.00241851843307317,24,20,3,0.00125634717060148,100,0.506365871635191,0.804469058321975,0,20,0,20,2,0.833333333333333,0.0128027339324961,0.142020486304606,0,0.142020486304606,33.832048653666,1,0.326004502323254,0.0833333333333333,0.0243343613410129,0.14649066986989,0.1
DASCMOP1_BC,3,438,27,1,0.27,27,0,0.000575912792565253,0.00262098078010862,27,20,3,0.00141339056692666,100,0.547166929648671,0.851741334154102,0,20,0,20,2,0.740740740740741,0.0166008816992357,0.199759354402867,0,0.199759354402867,55.4626967502079,1,0.328408597225084,0.0740740740740741,0.0247832924807593,0.202864540173563,0.1
DASCMOP1_BC,3,439,26,1,0.26,26,0,0.000536349890292637,0.00257389490826864,26,20,3,0.0013610427681516,100,0.514804064227362,0.755206917884199,0,20,0,20,1,0.769230769230769,0.0208910651170269,0.1460792592601,0,0.1460792592601,39.6589198166121,1,0.38070213361004,0.0769230769230769,0.0305453637069355,0.149436991889158,0.05
DASCMOP1_BC,3,440,26,1,0.26,26,0,0.000594127317538269,0.00265038243010966,26,20,3,0.0013610427681516,100,0.480494946551467,0.755206917884199,0,20,0,20,2,0.769230769230769,0.0244729067222769,0.212859975593802,0,0.212859975593802,57.789153278835,1,0.353350581080549,0.0769230769230769,0.0325826366416045,0.215265078748633,0.1
DASCMOP1_BC,3,441,24,1,0.24,24,0,0.000646275088906307,0.00283980218823135,24,20,3,0.00125634717060148,100,0.539899016339281,0.762073976213136,0,20,0,20,3,0.833333333333333,0.023128597979515,0.10824176489838,0,0.10824176489838,26.6967385964094,1,0.386310488869395,0.0833333333333333,0.0359696760832764,0.115632165993627,0.15
DASCMOP1_BC,3,442,23,1,0.23,23,0,0.000557881090128904,0.0020720537159936,23,20,3,0.00120399937182641,100,0.532631103029892,0.766034187307259,0,20,0,20,5,0.869565217391304,0.0334076955348707,0.14182492720534,0,0.14182492720534,34.2917172220007,0.95,0.326952900961901,0.0869565217391304,0.0398853755844831,0.1469638781801,0.25
DASCMOP1_BC,3,443,26,1,0.26,26,0,0.00066612248231718,0.00314078018648433,26,20,3,0.0013610427681516,100,0.510878905510005,0.755206917884199,0,20,0,20,1,0.769230769230769,0.0202853675191975,0.193849352275637,0,0.193849352275637,52.6279771498096,1,0.299932028510928,0.0769230769230769,0.0299417030739653,0.196247218081205,0.05
DASCMOP1_BC,3,444,26,1,0.26,26,0,0.000684583940559246,0.00327370641794989,26,20,3,0.0013610427681516,100,0.507730094201298,0.79375566496612,0,20,0,20,2,0.769230769230769,0.0201890617836346,0.267719469862403,0,0.267719469862403,74.9065713880093,1,0.373456774595579,0.0769230769230769,0.0245118690361202,0.268600338074119,0.1
DASCMOP1_BC,3,445,25,1,0.25,25,0,0.00065781038040432,0.00306651215417162,25,20,3,0.00130869496937654,100,0.522393655414596,0.758113765119013,0,20,0,20,1,0.8,0.0244849274954223,0.387149583746285,0,0.387149583746286,108.372830113028,1,0.386514468946083,0.08,0.0297706572068888,0.387502431863547,0.05
DASCMOP1_BC,3,446,26,1,0.26,26,0,0.000550997016896186,0.00247186997462792,26,20,3,0.0013610427681516,100,0.485977896681411,0.755206917884199,0,20,0,20,2,0.769230769230769,0.0189104532086701,0.205815185732751,0,0.205815185732751,56.7088381445287,1,0.385882846615325,0.0769230769230769,0.0268366272301445,0.20715025689255,0.1
DASCMOP1_BC,3,447,25,1,0.25,25,0,0.000732961058356433,0.00317529215067625,25,20,3,0.00130869496937654,100,0.547166929648671,0.758113765119013,0,20,0,20,3,0.8,0.0199869128153483,0.161543367087675,0,0.161543367087675,41.753888597406,1,0.331561570988492,0.08,0.034391345208323,0.164877864901213,0.15
DASCMOP1_BC,3,448,27,1,0.27,27,0,0.000605443897348736,0.00276183704072127,27,20,3,0.00141339056692666,100,0.482829085372704,0.789795453871997,0,20,0,20,1,0.740740740740741,0.0220017476117984,0.214377382719663,0,0.214377382719663,60.155244343534,1,0.326966410651799,0.0740740740740741,0.0295314418625553,0.215973417423031,0.05
DASCMOP1_BC,3,449,27,1,0.27,27,0,0.000688502344370748,0.00291665756307508,27,20,3,0.00141339056692666,100,0.489126707990117,0.752300070649385,0,20,0,20,2,0.740740740740741,0.0235728687202832,0.192526009010522,0,0.192526009010522,55.5785699719076,1,0.301161106819769,0.0740740740740741,0.0326822736096619,0.194510446936846,0.1
DASCMOP1_BC,3,450,28,1,0.28,28,0,0.000611426395947971,0.00248257067629227,28,20,3,0.00146573836570172,100,0.510878905510005,0.749393223414571,0,20,0,20,2,0.714285714285714,0.0227569462047736,0.206055635224726,0,0.206055635224726,60.0758088381081,1,0.359231751657733,0.107142857142857,0.0306177325255969,0.20759233773747,0.1
DASCMOP1_BC,3,451,27,1,0.27,27,0,0.000424892066982276,0.00177853562138781,27,20,3,0.00141339056692666,100,0.540481420464606,0.752300070649385,0,20,0,20,1,0.740740740740741,0.0277864226059156,0.227668129001739,0,0.227668129001739,66.1796592435503,1,0.353641412520763,0.0740740740740741,0.0330913403852165,0.22888528369679,0.05
DASCMOP1_BC,3,452,28,1,0.28,28,0,0.000774999079524843,0.00314866986744954,28,20,3,0.00146573836570172,100,0.485977896681411,0.749393223414571,0,20,0,20,2,0.714285714285714,0.0306539508880775,0.188788702676067,0,0.188788702676067,55.0416104873451,1,0.354515002555265,0.0714285714285714,0.0384886363694548,0.19064428269507,0.1
DASCMOP1_BC,3,453,26,1,0.26,26,0,0.000607529571853375,0.002679620010328,26,20,3,0.0013610427681516,100,0.527512379222244,0.79375566496612,0,20,0,20,3,0.769230769230769,0.0285556499728369,0.273877448934106,0,0.273877448934106,76.7007554456279,1,0.302174644642523,0.115384615384615,0.0361621330983129,0.274939286332577,0.15
DASCMOP1_BC,3,454,26,1,0.26,26,0,0.000641052191824688,0.00275140888615096,26,20,3,0.0013610427681516,100,0.478275669571867,0.755206917884199,0,20,0,20,3,0.769230769230769,0.0232097169706106,0.25669773053739,0,0.25669773053739,71.8227437381434,1,0.350049303162136,0.0769230769230769,0.0307215988062651,0.257370947259514,0.15
DASCMOP1_BC,3,455,26,1,0.26,26,0,0.000667527183255855,0.00297699145186862,26,20,3,0.0013610427681516,100,0.485977896681411,0.755206917884199,0,20,0,20,2,0.769230769230769,0.0288795625943878,0.273274826949514,0,0.273274826949514,74.1911240841672,1,0.290216285715921,0.0769230769230769,0.0367449712147491,0.274136774498209,0.1
DASCMOP1_BC,3,456,26,1,0.26,26,0,0.000471152562126003,0.00228779741174826,26,20,3,0.0013610427681516,100,0.507730094201298,0.79375566496612,0,20,0,20,3,0.769230769230769,0.0323973880048199,0.177301016424578,0,0.177301016424578,49.6079394255492,1,0.316696728889474,0.115384615384615,0.0413740136099041,0.179380930934985,0.15
DASCMOP1_BC,3,457,26,1,0.26,26,0,0.000599516726737214,0.00265291963486518,26,20,3,0.0013610427681516,100,0.535486325131914,0.755206917884199,0,20,0,20,2,0.769230769230769,0.0338531420414781,0.201804878772418,0,0.201804878772418,57.6892049285193,1,0.320693141655432,0.0769230769230769,0.0413186922031867,0.203803689823096,0.1
