problem,run,gen,bmem_count,boundary_count,bmem_ref_coverage,finite_gap_count,inf_gap_count,median_gap,max_gap,train_count,query_count,condition_dim,train_param_ratio,gan_sample_reuse,train_pair_dec_dist50,train_pair_dec_dist90,train_tau_iqr,missing_ref_query_count,large_gap_query_count,raw_generated_count,feasible_generated_count,generated_per_train,boundary_dist50,boundary_dist90,query_width90,segment_width90,segment_width90_ratio,side_rate,pair_margin50,ref_cover,query_obj_dist50,query_obj_dist90,feasible_rate,boundary_sample_current_count,boundary_sample_prev_pair_count,boundary_sample_merged_count,boundary_sample_finite_count,boundary_feasible_count,boundary_infeasible_count,boundary_main_feasible_count,boundary_ref_with_main_feasible_count,boundary_ref_with_neighbor_infeasible_count,boundary_ref_pairable_count,boundary_pair_distance_count,boundary_pair_dominated_skip_count,boundary_pair_appended_count,boundary_candidate_raw_count,boundary_candidate_finite_count,boundary_candidate_pareto_count,boundary_candidate_gap_count,boundary_candidate_dedup_count,boundary_candidate_final_count,dataset_bmem_input_count,dataset_valid_train_count,dataset_invalid_train_count,dataset_query_count
DASCMOP2_BC,1,1,0,0,NaN,0,0,NaN,NaN,0,0,3,0,NaN,NaN,NaN,NaN,0,0,0,0,NaN,NaN,NaN,NaN,NaN,NaN,NaN,NaN,NaN,NaN,NaN,NaN,400,0,400,400,1,399,1,1,35,1,329,329,0,0,0,0,0,0,0,0,0,0,0
DASCMOP2_BC,1,2,0,0,NaN,0,0,NaN,NaN,0,0,3,0,NaN,NaN,NaN,NaN,0,0,0,0,NaN,NaN,NaN,NaN,NaN,NaN,NaN,NaN,NaN,NaN,NaN,NaN,400,0,400,400,2,398,2,1,34,1,646,646,0,0,0,0,0,0,0,0,0,0,0
DASCMOP2_BC,1,3,0,0,NaN,0,0,NaN,NaN,0,0,3,0,NaN,NaN,NaN,NaN,0,0,0,0,NaN,NaN,NaN,NaN,NaN,NaN,NaN,NaN,NaN,NaN,NaN,NaN,400,0,400,400,7,393,2,2,26,1,47,47,0,0,0,0,0,0,0,0,0,0,0
DASCMOP2_BC,1,4,0,0,NaN,0,0,NaN,NaN,0,0,3,0,NaN,NaN,NaN,NaN,0,0,0,0,NaN,NaN,NaN,NaN,NaN,NaN,NaN,NaN,NaN,NaN,NaN,NaN,400,0,400,400,16,384,1,1,40,0,0,0,0,0,0,0,0,0,0,0,0,0,0
DASCMOP2_BC,1,5,0,0,NaN,0,0,NaN,NaN,0,0,3,0,NaN,NaN,NaN,NaN,0,0,0,0,NaN,NaN,NaN,NaN,NaN,NaN,NaN,NaN,NaN,NaN,NaN,NaN,400,0,400,400,50,350,1,1,26,1,280,280,0,0,0,0,0,0,0,0,0,0,0
DASCMOP2_BC,1,6,6,1,0.03,6,0,0.0332771288464821,0.0441927678441403,6,14,3,0.000314086792650369,100,0.771323612133521,0.88551068054214,0,9,5,14,0,2.33333333333333,0.260623994164627,0.2716087375971,0,0.2716087375971,NaN,1,0.0741117635956304,0,0.26236153833279,0.272537492144425,0,400,0,400,400,133,267,4,4,55,4,423,382,8,8,8,8,6,6,6,6,6,0,14
DASCMOP2_BC,1,7,13,1,0.05,13,0,0.0142598418380834,0.0163718546599667,13,20,3,0.0006805213840758,100,0.765312848871044,0.823355202444835,0,11,9,20,0,1.53846153846154,0.472118490687696,0.490874417010713,0,0.490874417010713,NaN,0.65,0.0423228436055201,0,0.474601166626242,0.491847712084294,0,400,6,412,412,195,217,14,5,62,5,1313,0,15,15,15,15,13,13,13,13,13,0,20
DASCMOP2_BC,1,8,15,1,0.05,15,0,0.0228659696053526,0.030227249889833,15,20,3,0.000785216981625923,100,0.765312848871044,0.866494885359173,0,7,13,20,0,1.33333333333333,0.181804997491664,0.19181762966701,0,0.193157810272679,NaN,0.8,0.0369398384359036,0,0.184352791537523,0.1943231850821,0,400,13,426,426,280,146,23,5,32,5,1744,0,15,15,15,15,15,15,15,15,15,0,20
DASCMOP2_BC,1,9,21,1,0.07,21,0,0.0182195763161297,0.0286483997851639,21,20,3,0.00109930377427629,100,0.646785242876912,0.80026203668528,0,4,16,20,0,0.952380952380952,0.152208443982276,0.159125368052154,0,0.160469371377026,NaN,0.85,0.0868621733782268,0,0.154429237922146,0.160471044528368,0,400,15,430,430,269,161,42,7,66,7,3552,0,21,21,21,21,21,21,21,21,21,0,20
DASCMOP2_BC,1,10,27,1,0.09,27,0,0.0178920815988211,0.0366989984917678,27,20,3,0.00141339056692666,100,0.645104145864195,1.0536925690665,0,5,15,20,8,0.740740740740741,0.0856255194710664,0.0964114599703109,0,0.0996832901007947,NaN,0.7,0.0472086848170891,0.666666666666667,0.0890517742020525,0.100325945927201,0.4,400,21,442,442,232,210,67,9,58,9,6800,0,27,27,27,27,27,27,27,27,27,0,20
DASCMOP2_BC,1,11,24,1,0.08,24,0,0.0136033783074471,0.0224150067938956,24,20,3,0.00125634717060148,100,0.750908230253703,1.0536925690665,0,7,13,20,0,0.833333333333333,0.229153692808752,0.258720258091213,0,0.258772067315334,NaN,0.75,0.0435814655256729,0,0.229400331222706,0.259109877475159,0,400,27,454,454,203,251,56,8,72,8,6844,0,24,24,24,24,24,24,24,24,24,0,20
DASCMOP2_BC,1,12,24,1,0.08,24,0,0.0125639010685801,0.0201806648599565,24,20,3,0.00125634717060148,100,0.932109985831364,1.06513348436253,0,8,12,20,0,0.833333333333333,0.223747493762653,0.266011823174883,0,0.266112468324476,NaN,0.65,0.0578297110072802,0,0.224429360561487,0.266911614259147,0,400,24,448,448,189,259,58,8,72,8,5953,0,24,24,24,24,24,24,24,24,24,0,20
DASCMOP2_BC,1,13,27,1,0.09,27,0,0.00982329277056242,0.017418802384673,27,20,3,0.00141339056692666,100,0.846062850862311,1.04389309195427,0,6,14,20,1,0.740740740740741,0.0601618265285733,0.0660570556132216,0,0.0660897417126418,NaN,0.7,0.0795918164641384,0.222222222222222,0.0609099247137613,0.0667138409820472,0.05,400,24,448,448,179,269,33,9,72,9,3302,0,27,27,27,27,27,27,27,27,27,0,20
DASCMOP2_BC,1,14,27,1,0.09,27,0,0.0155470311096904,0.0196897284717017,27,20,3,0.00141339056692666,100,0.815260878530704,1.04897367394681,0,5,15,20,0,0.740740740740741,0.546959840315381,0.577501309522922,0,0.577501309522922,NaN,0.95,0.0840203356634901,0,0.549024662507772,0.5777908278288,0,400,27,454,454,176,278,37,9,60,9,4823,0,27,27,27,27,27,27,27,27,27,0,20
DASCMOP2_BC,1,15,30,1,0.1,30,0,0.00969277182039115,0.0157516514769483,30,20,3,0.00157043396325185,100,0.798923941534399,0.984334432283923,0,4,16,20,0,0.666666666666667,0.505470102980753,0.52360730240392,0,0.524006665029476,NaN,0.55,0.0209913388488674,0,0.507996761717941,0.524906467727559,0,400,27,454,454,182,272,41,10,60,10,4573,0,30,30,30,30,30,30,30,30,30,0,20
DASCMOP2_BC,1,16,27,1,0.09,27,0,0.0140986411627914,0.0192519474346586,27,20,3,0.00141339056692666,100,0.815260878530704,1.00333382364624,0,5,15,20,20,0.740740740740741,0.0733211963804412,0.0816861700117184,0,0.0816861700117184,NaN,0.9,0.0609955389867608,1,0.0755981395138067,0.0821848052575849,1,400,30,460,460,163,297,44,9,69,9,5674,0,27,27,27,27,27,27,27,27,27,0,20
DASCMOP2_BC,1,17,30,1,0.1,30,0,0.00789765062359436,0.0166028536461005,30,20,3,0.00157043396325185,100,0.692736128559896,0.996209051885374,0,3,17,20,0,0.666666666666667,0.121452593547992,0.126651905158804,0,0.126861717925387,NaN,0.95,0.0504589359776835,0,0.122154784408408,0.12693877587931,0,400,27,454,454,178,276,41,10,59,10,4881,0,30,30,30,30,30,30,30,30,30,0,20
DASCMOP2_BC,1,18,24,1,0.08,24,0,0.00736416064361971,0.0155401607050049,24,20,3,0.00125634717060148,100,0.511826377590609,1.00808367148682,0,5,15,20,1,0.833333333333333,0.0661363140221614,0.0849330935001718,0,0.0851127043156455,NaN,1,0.0468455907458443,0.25,0.0668640085760366,0.0852614188296276,0.05,400,30,460,460,167,293,36,8,84,8,4718,0,24,24,24,24,24,24,24,24,24,0,20
DASCMOP2_BC,1,19,27,1,0.09,27,0,0.00420565816703277,0.00734833843286333,27,20,3,0.00141339056692666,100,0.609352367294629,0.982444045065221,0,4,16,20,16,0.740740740740741,0.0830575081510195,0.0932829376237896,0,0.0936203100544614,NaN,0.5,0.0113336655095311,1,0.0833031961714708,0.0938932982200119,0.8,400,24,448,448,166,282,37,9,77,9,3914,0,27,27,27,27,27,27,27,27,27,0,20
DASCMOP2_BC,1,20,24,1,0.08,24,0,0.00810742313204415,0.0146836415709979,24,20,3,0.00125634717060148,100,0.569686376789913,1.00808367148682,0,4,16,20,0,0.833333333333333,0.0147305377463376,0.0160918910696367,0,0.0191074657038123,NaN,0.45,-0.00688791419904144,0,0.015498091033965,0.0197293365121058,0,400,27,454,454,172,282,40,8,71,8,4943,0,24,24,24,24,24,24,24,24,24,0,20
DASCMOP2_BC,1,21,24,1,0.08,24,0,0.00741560971059811,0.0144121905688796,24,20,3,0.00125634717060148,100,0.653306878122424,1.00808367148682,0,4,16,20,0,0.833333333333333,0.0375768667383086,0.047768151570636,0,0.0482438954183795,NaN,0.95,0.0190218086772496,0,0.0394031918593267,0.0484615257729947,0,400,24,448,448,173,275,39,8,75,8,4453,0,24,24,24,24,24,24,24,24,24,0,20
DASCMOP2_BC,1,22,24,1,0.08,24,0,0.00470321669539465,0.0100487586650117,24,20,3,0.00125634717060148,100,0.653306878122424,1.00117136901971,0,5,15,20,0,0.833333333333333,0.124506505471079,0.150058600413518,0,0.150655149689742,NaN,0.85,0.125615939157907,0,0.127299270620767,0.150904181662678,0,400,24,448,448,175,273,41,8,69,8,4159,0,24,24,24,24,24,24,24,24,24,0,20
DASCMOP2_BC,1,23,24,1,0.08,24,0,0.00649164493185926,0.0116744263494651,24,20,3,0.00125634717060148,100,0.653306878122424,0.879885539378806,0,5,15,20,0,0.833333333333333,0.00732351158850091,0.00916515796775011,0,0.00985215230961571,NaN,0.85,0.0525459653012871,0,0.00762802501671315,0.00985215230961571,0,400,24,448,448,164,284,42,8,73,8,4492,0,24,24,24,24,24,24,24,24,24,0,20
DASCMOP2_BC,1,24,27,1,0.09,27,0,0.00819253502735036,0.0112516497452506,27,20,3,0.00141339056692666,100,0.609352367294629,0.856919740850625,0,4,16,20,0,0.740740740740741,0.195243784216882,0.225528635154845,0,0.225528635154845,NaN,0.45,-0.000541876626051097,0,0.196923193629656,0.225584502117258,0,400,24,448,448,175,273,37,9,74,9,3685,0,27,27,27,27,27,27,27,27,27,0,20
DASCMOP2_BC,1,25,27,1,0.09,27,0,0.00504939771632213,0.00818691843178572,27,20,3,0.00141339056692666,100,0.679347381390632,1.01246506496464,0,3,17,20,0,0.740740740740741,0.138665995795387,0.173820820697289,0,0.173820820697289,NaN,0.65,0.0595630892600518,0,0.141653731962901,0.174127023154794,0,400,27,454,454,168,286,46,9,84,9,5266,0,27,27,27,27,27,27,27,27,27,0,20
DASCMOP2_BC,1,26,33,1,0.11,33,0,0.00603245194711783,0.0138708774439374,33,20,3,0.00172747735957703,96.969696969697,0.697261388950219,1.01558892646168,0,1,19,20,1,0.606060606060606,0.0297510162259903,0.0359587838901136,0,0.0361915223720228,NaN,0.7,0.0588374690475719,0.0909090909090909,0.0303552986084906,0.0363151367103423,0.05,400,27,454,454,167,287,47,11,89,11,5106,0,33,33,33,33,33,33,33,33,33,0,20
DASCMOP2_BC,1,27,30,1,0.1,30,0,0.00501334377598957,0.0104831052128773,30,20,3,0.00157043396325185,100,0.653306878122424,0.962747742869954,0,2,18,20,0,0.666666666666667,0.217602626883349,0.229403325406522,0,0.230572256182602,NaN,0.7,0.0700611115317151,0,0.218036309218544,0.230579180374946,0,400,33,466,466,178,288,53,10,68,10,6534,0,30,30,30,30,30,30,30,30,30,0,20
DASCMOP2_BC,1,28,27,1,0.09,27,0,0.0060280812129764,0.0104127584301616,27,20,3,0.00141339056692666,100,0.609352367294629,0.856919740850625,0,2,18,20,0,0.740740740740741,0.411604143757793,0.421483772714529,0,0.422731876815203,NaN,0.7,0.0400864636681034,0,0.412873337389218,0.422731876815203,0,400,30,460,460,167,293,45,9,77,9,5087,0,27,27,27,27,27,27,27,27,27,0,20
DASCMOP2_BC,1,29,27,1,0.09,27,0,0.00427944247709532,0.0106584244061994,27,20,3,0.00141339056692666,100,0.609352367294629,1.01246506496464,0,3,17,20,0,0.740740740740741,0.152578091752415,0.158829005731596,0,0.159732058853297,NaN,0.75,0.0216876055518774,0,0.153693495851417,0.159839398557575,0,400,27,454,454,168,286,45,9,79,9,4778,0,27,27,27,27,27,27,27,27,27,0,20
DASCMOP2_BC,1,30,27,1,0.09,27,0,0.00486910377650989,0.0106404398607746,27,20,3,0.00141339056692666,100,0.532840391617041,0.861085883871718,0,3,17,20,6,0.740740740740741,0.0883110136907934,0.0931140855153916,0,0.0968131129739116,NaN,0.65,0.0170556676117149,0.444444444444444,0.0910455849312969,0.0968467355857068,0.3,400,27,454,454,165,289,41,9,80,9,4455,0,27,27,27,27,27,27,27,27,27,0,20
DASCMOP2_BC,1,31,27,1,0.09,27,0,0.00460317007461917,0.00986877441498873,27,20,3,0.00141339056692666,100,0.561802589232522,0.861085883871718,0,2,18,20,0,0.740740740740741,0.162471158666594,0.166828224721775,0,0.169033394977963,NaN,0.6,0.0341537554128588,0,0.165454599687203,0.169315608251476,0,400,27,454,454,168,286,41,9,83,9,4083,0,27,27,27,27,27,27,27,27,27,0,20
DASCMOP2_BC,1,32,18,1,0.06,18,0,0.00247361227562867,0.00483149240483197,18,20,3,0.000942260377951107,100,0.377762258712498,0.879885539378806,0,3,17,20,0,1.11111111111111,0.0983134797934177,0.101745273261229,0,0.10395097807371,NaN,0.55,0.0035375083584186,0,0.100094821227346,0.10395097807371,0,400,27,454,454,173,281,44,8,83,8,4153,0,24,24,24,24,18,18,18,18,18,0,20
DASCMOP2_BC,1,33,24,1,0.08,24,0,0.00392741010883691,0.00849140027732727,24,20,3,0.00125634717060148,100,0.491553929960233,0.964823329344197,0,1,19,20,0,0.833333333333333,0.04818139686778,0.04907900396871,0,0.0495682737342553,NaN,0.6,0.00832282319135202,0,0.0490547263369455,0.0497193629384081,0,400,18,436,436,161,275,35,9,82,9,3205,0,27,27,27,27,24,24,24,24,24,0,20
DASCMOP2_BC,1,34,18,1,0.06,18,0,0.00324966368642614,0.00623338159129645,18,20,3,0.000942260377951107,100,0.0925628191948209,0.879885539378806,0,3,17,20,0,1.11111111111111,0.0628132927440649,0.0642509271423893,0,0.064760381112143,NaN,0.4,-0.00448681966746745,0,0.0637786766158978,0.064760381112143,0,400,24,448,448,166,282,43,9,95,9,4111,0,27,27,27,27,18,18,18,18,18,0,20
DASCMOP2_BC,1,35,27,1,0.09,27,0,0.00334234636177677,0.0111781010268955,27,20,3,0.00141339056692666,100,0.472638628850043,0.855861893399454,0,3,17,20,20,0.740740740740741,0.0817833759032283,0.0829754787213957,0,0.0838009461448125,NaN,0.35,-0.0172035764482211,1,0.0827249783370631,0.0839513688191164,1,400,18,436,436,157,279,31,10,96,10,2640,0,30,30,30,30,27,27,27,27,27,0,20
DASCMOP2_BC,1,36,24,1,0.08,24,0,0.00429641778356324,0.00708296154241986,24,20,3,0.00125634717060148,100,0.479338957351011,0.879885539378806,0,1,19,20,12,0.833333333333333,0.0866761825209166,0.0908197542086258,0,0.0913896332705406,NaN,0.3,-0.00197363346336532,0.75,0.0875008834262476,0.0914321492289861,0.6,400,27,454,454,168,286,43,10,97,10,3940,0,30,30,30,30,24,24,24,24,24,0,20
DASCMOP2_BC,1,37,27,1,0.09,27,0,0.00480189460372409,0.00728493822065249,27,20,3,0.00141339056692666,100,0.472638628850043,0.825778904961971,0,3,17,20,0,0.740740740740741,0.0993233462793641,0.100812056649453,0,0.104820622708935,NaN,0.75,0.0729217198629059,0,0.102047987332191,0.104848097403626,0,400,24,448,448,165,283,40,10,97,10,3619,0,30,30,30,30,27,27,27,27,27,0,20
DASCMOP2_BC,1,38,27,1,0.09,27,0,0.00472412230447859,0.0118383521153949,27,20,3,0.00141339056692666,100,0.472638628850043,0.947835771351119,0,2,18,20,0,0.740740740740741,0.123006696536495,0.136025040974701,0,0.140045282186712,NaN,0.75,0.0480777886174715,0,0.126276151729982,0.140045282186712,0,400,27,454,454,174,280,43,10,100,10,3676,0,30,30,30,30,27,27,27,27,27,0,20
DASCMOP2_BC,1,39,21,1,0.07,21,0,0.00241417981716361,0.00455304652210643,21,20,3,0.00109930377427629,100,0.146172150130366,0.879885539378806,0,5,15,20,20,0.952380952380952,0.0140192687324519,0.0185172190516803,0,0.0194427531967738,NaN,0.65,0.00328172917968483,1,0.0180805993932574,0.0194427531967738,1,400,27,454,454,177,277,43,9,83,9,3467,0,27,27,27,27,21,21,21,21,21,0,20
DASCMOP2_BC,1,40,21,1,0.07,21,0,0.00340079108804974,0.0064849341601965,21,20,3,0.00109930377427629,100,0.146172150130366,0.879885539378806,0,4,16,20,0,0.952380952380952,0.133607152761499,0.142875396293529,0,0.142875396293529,NaN,0.85,0.021962244204547,0,0.136721496695489,0.143218521909636,0,400,21,442,442,167,275,37,9,85,9,2832,0,27,27,27,27,21,21,21,21,21,0,20
DASCMOP2_BC,1,41,21,1,0.07,21,0,0.00339295269413968,0.00988436909155635,21,20,3,0.00109930377427629,100,0.146172150130366,0.972647952463548,0,5,15,20,0,0.952380952380952,0.031908437426785,0.0354463849202926,0,0.0363693830974146,NaN,0.45,-0.00164657271838109,0,0.0354131972684841,0.0364445210645092,0,400,21,442,442,163,279,37,9,92,9,2867,0,27,27,27,27,21,21,21,21,21,0,20
DASCMOP2_BC,1,42,21,1,0.07,21,0,0.00278032487364146,0.0054613674267833,21,20,3,0.00109930377427629,100,0.146172150130366,0.879885539378806,0,5,15,20,19,0.952380952380952,0.0200440472768678,0.0240582524082777,0,0.0284375227722598,NaN,0.5,0.013796356818204,1,0.0240151047232124,0.0286219103771133,0.95,400,21,442,442,162,280,34,9,91,9,2695,0,27,27,27,27,21,21,21,21,21,0,20
DASCMOP2_BC,1,43,21,1,0.07,21,0,0.0031887155330446,0.00607088508433591,21,20,3,0.00109930377427629,100,0.146172150130366,0.879885539378806,0,4,16,20,0,0.952380952380952,0.0199304224725445,0.0211665514328321,0,0.0224309808725263,NaN,0.5,0.0197410481843381,0,0.0211083119833374,0.0224309808725263,0,400,21,442,442,158,284,37,9,88,9,3249,0,27,27,27,27,21,21,21,21,21,0,20
DASCMOP2_BC,1,44,22,1,0.08,22,0,0.00318174844584622,0.0091251871967897,22,20,3,0.00115165157305135,100,0.146172150130366,0.879885539378806,0,3,17,20,0,0.909090909090909,0.00946332145515384,0.0117962619980323,0,0.0143529508177821,NaN,0.45,-0.00352912261637883,0,0.0102436989614324,0.0144568703359646,0,400,21,442,442,164,278,39,10,96,10,3135,0,30,30,30,30,22,22,22,22,22,0,20
DASCMOP2_BC,1,45,33,1,0.11,33,0,0.00473782212154276,0.0137648191921962,33,20,3,0.00172747735957703,96.969696969697,0.532872533310029,0.974182768550283,0,0,20,20,18,0.606060606060606,0.00336842633768517,0.00734698594078285,0,0.0144626572722844,NaN,0.45,-0.0174146745968345,1,0.00805727985683722,0.0144626572722844,0.9,400,22,444,444,180,264,39,12,100,12,2674,0,36,36,36,36,33,33,33,33,33,0,20
DASCMOP2_BC,1,46,36,1,0.12,36,0,0.00218034202815819,0.00723896441689996,36,20,3,0.00188452075590221,88.8888888888889,0.571112450302329,0.912435400883131,0,0,20,20,18,0.555555555555556,0.0228681409309067,0.025172528249712,0,0.028844887053725,NaN,0.75,0.0482260356282624,1,0.0255135855026426,0.0290389686625844,0.9,400,33,466,466,187,279,56,14,92,14,4641,0,42,42,42,42,36,36,36,36,36,0,20
DASCMOP2_BC,1,47,36,1,0.12,36,0,0.000966916196811396,0.00289454983961022,36,20,3,0.00188452075590221,88.8888888888889,0.650173751953623,0.977512567663863,0,0,20,20,0,0.555555555555556,0.0408524202982918,0.0445645056748611,0,0.0445995537509288,NaN,0.65,0.0787334540131681,0,0.0425861982789931,0.0447151977430088,0,400,36,472,472,173,299,60,14,94,14,5420,0,42,42,42,42,36,36,36,36,36,0,20
DASCMOP2_BC,1,48,36,1,0.12,36,0,0.00150177007705651,0.00487989945251908,36,20,3,0.00188452075590221,88.8888888888889,0.713367369960465,0.978922483032715,0,0,20,20,9,0.555555555555556,0.0288642988703409,0.0372220916648423,0,0.0417710645826663,NaN,0.65,0.0407948309793938,0.583333333333333,0.0321953444822666,0.0417710645826663,0.45,400,36,472,472,169,303,63,14,100,14,5562,0,42,42,42,42,36,36,36,36,36,0,20
DASCMOP2_BC,1,49,33,1,0.11,33,0,0.00379291943805027,0.0131277121974652,33,20,3,0.00172747735957703,96.969696969697,0.776560987967307,0.985462091501097,0,1,19,20,18,0.606060606060606,0.0126565580080606,0.0275615282215674,0,0.0340204844864407,NaN,0.5,-0.00621187487885805,0.909090909090909,0.0182896973617816,0.0341175694560854,0.9,400,36,472,472,188,284,60,14,100,14,4723,0,42,42,42,42,33,33,33,33,33,0,20
DASCMOP2_BC,1,50,33,1,0.11,33,0,0.00356572105377076,0.00624586213523887,33,20,3,0.00172747735957703,96.969696969697,0.650173751953623,0.985462091501097,0,3,17,20,0,0.606060606060606,0.130186003536051,0.150427967445526,0,0.154106596640412,NaN,0.25,-0.0811121461214401,0,0.133453832747596,0.154295847267868,0,400,33,466,466,170,296,62,14,100,14,5188,0,42,42,42,42,33,33,33,33,33,0,20
DASCMOP2_BC,1,51,42,1,0.14,42,0,0.00373146160355814,0.0116129496814901,42,20,3,0.00219860754855258,76.1904761904762,0.794760144950543,0.959733251605377,0,0,20,20,4,0.476190476190476,0.00696335963086678,0.0106651695674541,0,0.0171647797337749,NaN,0.6,0.0888946068833237,0.214285714285714,0.0121425307118339,0.0174930483738073,0.2,400,33,466,466,174,292,57,14,100,14,4771,0,42,42,42,42,42,42,42,42,42,0,20
DASCMOP2_BC,1,52,36,1,0.12,36,0,0.000731177780955037,0.0018585620947547,36,20,3,0.00188452075590221,88.8888888888889,0.794760144950543,0.993296589562355,0,2,18,20,0,0.555555555555556,0.0116523336056124,0.01659549254886,0,0.0174715775004348,NaN,0.7,0.0630155913445535,0,0.014080241967546,0.017752506478624,0,400,42,484,484,183,301,63,13,88,13,5326,0,39,39,39,39,36,36,36,36,36,0,20
DASCMOP2_BC,1,53,33,1,0.11,33,0,0.00247871239299016,0.00485035067626586,33,20,3,0.00172747735957703,96.969696969697,0.650173751953623,1.02242314361967,0,2,18,20,7,0.606060606060606,0.0616233064831738,0.0898292514539134,0,0.0935325522157602,NaN,0.95,0.101039379908785,0.545454545454545,0.0650023908153153,0.0937457753888314,0.35,400,36,472,472,177,295,64,14,95,14,5482,0,42,42,42,42,33,33,33,33,33,0,20
DASCMOP2_BC,1,54,36,1,0.12,36,0,0.00282536489181545,0.00846870338582672,36,20,3,0.00188452075590221,88.8888888888889,0.650173751953623,0.912435400883131,0,1,19,20,0,0.555555555555556,0.190869994053419,0.233023457553037,0,0.236535696785148,NaN,0.6,0.026261044432547,0,0.194023688387691,0.236701923060872,0,400,33,466,466,177,289,60,13,98,13,4796,0,39,39,39,39,36,36,36,36,36,0,20
DASCMOP2_BC,1,55,33,1,0.11,33,0,0.00259383713601985,0.00717411252275915,33,20,3,0.00172747735957703,96.969696969697,0.594039430649577,0.93227242578143,0,2,18,20,0,0.606060606060606,0.0178198186065863,0.0234226162609708,0,0.0237114237636065,NaN,0.45,-0.0004293031466856,0,0.0186494640559837,0.0238650980363651,0,400,36,472,472,179,293,68,13,97,13,5399,0,39,39,39,39,33,33,33,33,33,0,20
DASCMOP2_BC,1,56,33,1,0.11,33,0,0.00221873635178434,0.0042915996862011,33,20,3,0.00172747735957703,96.969696969697,0.594039430649577,0.905242286227054,0,2,18,20,0,0.606060606060606,0.135470971491429,0.166521176689915,0,0.166799059238119,NaN,0.5,0.000778269892996397,0,0.136764776363294,0.166964466719632,0,400,33,466,466,176,290,66,14,100,14,5313,0,42,42,42,42,33,33,33,33,33,0,20
DASCMOP2_BC,1,57,33,1,0.11,33,0,0.00205042233611883,0.00366692794815841,33,20,3,0.00172747735957703,96.969696969697,0.650173751953623,0.905242286227054,0,2,18,20,3,0.606060606060606,0.054407855358583,0.0766997307897084,0,0.0769326370411857,NaN,0.75,0.0367935729272169,0.272727272727273,0.0552939478799233,0.0770001190866191,0.15,400,33,466,466,168,298,66,14,100,14,5246,0,42,42,42,42,33,33,33,33,33,0,20
DASCMOP2_BC,1,58,32,1,0.12,32,0,0.00247412895323471,0.00641483004120874,32,20,3,0.00167512956080197,100,0.650173751953623,0.995630322815735,0,2,18,20,9,0.625,0.0524942347919153,0.0767668822160877,0,0.0813865823692176,NaN,0.55,0.00255136806970413,0.666666666666667,0.0558094228089171,0.0813901103154117,0.45,400,33,466,466,174,292,68,13,100,13,5094,0,39,39,39,39,32,32,32,32,32,0,20
DASCMOP2_BC,1,59,32,1,0.11,32,0,0.00269910451718987,0.00871613946946779,32,20,3,0.00167512956080197,100,0.650173751953623,0.945612773540896,0,2,18,20,0,0.625,0.350892199876657,0.408045297629192,0,0.410921915179636,NaN,0.65,0.0467945149831936,0,0.354026630277539,0.411075501783893,0,400,32,464,464,173,291,69,15,100,15,4710,0,45,45,45,45,32,32,32,32,32,0,20
DASCMOP2_BC,1,60,39,1,0.13,39,0,0.00319387529211458,0.0105931419806371,39,20,3,0.0020415641522274,82.0512820512821,0.77944450264966,0.988777378861924,0,0,20,20,7,0.512820512820513,0.102815552189095,0.129906916961691,0,0.133926637641762,NaN,0.6,0.028250912719003,0.307692307692308,0.106209042678653,0.134025276005139,0.35,400,32,464,464,164,300,71,15,100,15,5581,0,45,45,45,45,39,39,39,39,39,0,20
DASCMOP2_BC,1,61,36,1,0.12,36,0,0.00246783415940801,0.00742480093570461,36,20,3,0.00188452075590221,88.8888888888889,0.727316461995679,0.917323737040726,0,1,19,20,20,0.555555555555556,0.0129632652222893,0.0195996190900522,0,0.0207910947072276,NaN,0.9,0.0994260111866121,1,0.0138048276594472,0.0207910947072276,1,400,39,478,478,181,297,79,16,97,16,5839,0,48,48,48,48,36,36,36,36,36,0,20
DASCMOP2_BC,1,62,36,1,0.12,36,0,0.00219149697919435,0.00634039830510663,36,20,3,0.00188452075590221,88.8888888888889,0.77944450264966,0.988777378861924,0,1,19,20,2,0.555555555555556,0.0066385310040112,0.0114262593631639,0,0.0151946090584821,NaN,0.85,0.129092816849723,0.166666666666667,0.0114605864975383,0.0151946090584821,0.1,400,36,472,472,184,288,77,15,100,15,5195,0,45,45,45,45,36,36,36,36,36,0,20
DASCMOP2_BC,1,63,39,1,0.13,39,0,0.00255510861413554,0.00570144847204133,39,20,3,0.0020415641522274,82.0512820512821,0.151333615889882,0.988777378861924,0,1,19,20,0,0.512820512820513,0.0201923242233706,0.0206419826323355,0,0.0238544596733911,NaN,0.7,0.143894542797826,0,0.0208264609807597,0.0238544596733911,0,400,36,472,472,178,294,78,15,100,15,5659,0,45,45,45,45,39,39,39,39,39,0,20
DASCMOP2_BC,1,64,42,1,0.14,42,0,0.00290328187734379,0.0100453577550972,42,20,3,0.00219860754855258,76.1904761904762,0.66268108664766,0.927058771211792,0,0,20,20,0,0.476190476190476,0.0152205923165792,0.0168570364934859,0,0.0206772752844546,NaN,0.45,-0.0550889458373771,0,0.0155447036717423,0.0209334908118441,0,400,39,478,478,175,303,81,16,100,16,5992,0,48,48,48,48,42,42,42,42,42,0,20
DASCMOP2_BC,1,65,39,1,0.13,39,0,0.00271311893075251,0.00653570371346444,39,20,3,0.0020415641522274,82.0512820512821,0.650173751953623,0.988777378861924,0,1,19,20,0,0.512820512820513,0.35190439770439,0.359612694945757,0,0.363360227048237,NaN,0.5,0.00467752545200767,0,0.354610203817099,0.363361481585082,0,400,42,484,484,189,295,85,15,100,15,5739,0,45,45,45,45,39,39,39,39,39,0,20
DASCMOP2_BC,1,66,39,1,0.13,39,0,0.00243786522604691,0.00634056326508863,39,20,3,0.0020415641522274,82.0512820512821,0.650173751953623,0.988777378861924,0,1,19,20,20,0.512820512820513,0.074585786353228,0.0797547218706762,0,0.0805460497544005,NaN,0.65,0.0516202958514447,1,0.0790381844410599,0.0805786681361781,1,400,39,478,478,181,297,82,15,100,15,6403,0,45,45,45,45,39,39,39,39,39,0,20
DASCMOP2_BC,1,67,42,1,0.14,42,0,0.00325765915637489,0.0108638086756126,42,20,3,0.00219860754855258,76.1904761904762,0.714809127301642,1.01162052537463,0,0,20,20,0,0.476190476190476,0.161250809108329,0.19627832192677,0,0.197219802701394,NaN,0.7,0.0352541490717457,0,0.163194765230293,0.197394405326985,0,400,39,478,478,191,287,82,16,100,16,5606,0,48,48,48,48,42,42,42,42,42,0,20
DASCMOP2_BC,1,68,36,1,0.12,36,0,0.00308526546874158,0.00765040231887909,36,20,3,0.00188452075590221,88.8888888888889,0.66268108664766,0.981684337905043,0,2,18,20,0,0.555555555555556,0.362471882211374,0.383115999697299,0,0.384623480912754,NaN,0.65,0.0850423083095748,0,0.364390925768213,0.384653312235457,0,400,42,484,484,188,296,75,15,100,15,5757,0,45,45,45,45,36,36,36,36,36,0,20
DASCMOP2_BC,1,69,39,1,0.13,39,0,0.00235316906928334,0.00833509755189448,39,20,3,0.0020415641522274,82.0512820512821,0.650173751953623,0.912435400883131,0,1,19,20,0,0.512820512820513,0.0419876942565216,0.0474584953027288,0,0.0475130107046355,NaN,0.6,0.0924802821665078,0,0.0447645762049253,0.0475130107046355,0,400,36,472,472,184,288,78,15,100,15,5392,0,45,45,45,45,39,39,39,39,39,0,20
DASCMOP2_BC,1,70,36,1,0.12,36,0,0.00178467672895019,0.00321023344673987,36,20,3,0.00188452075590221,88.8888888888889,0.353783797848289,0.878647726440161,0,2,18,20,0,0.555555555555556,0.322346127011822,0.331277667916171,0,0.334991721953621,NaN,0.7,0.051351492609675,0,0.324965568586371,0.335041212430892,0,400,39,478,478,185,293,81,15,100,15,6263,0,45,45,45,45,36,36,36,36,36,0,20
DASCMOP2_BC,1,71,36,1,0.12,36,0,0.00233761093357009,0.006502821640148,36,20,3,0.00188452075590221,88.8888888888889,0.637244492461117,0.878647726440161,0,2,18,20,7,0.555555555555556,0.0556061389324914,0.0847351262231613,0,0.0847351262231613,NaN,0.55,0.0233326168206745,0.5,0.0602182577249446,0.0847351262231613,0.35,400,36,472,472,164,308,78,15,100,15,6322,0,45,45,45,45,36,36,36,36,36,0,20
DASCMOP2_BC,1,72,39,1,0.13,39,0,0.00320668387700092,0.0109214759691506,39,20,3,0.0020415641522274,82.0512820512821,0.675188421341698,1.01162052537463,0,0,20,20,1,0.512820512820513,0.00492457735478961,0.0126684679695868,0,0.0134474937480295,NaN,0.75,0.0839996392792365,0.153846153846154,0.00981980546203311,0.0134474937480295,0.05,400,36,472,472,172,300,80,15,100,15,6249,0,45,45,45,45,39,39,39,39,39,0,20
DASCMOP2_BC,1,73,39,1,0.13,39,0,0.0023878861760436,0.00851593761119968,39,20,3,0.0020415641522274,82.0512820512821,0.650173751953623,0.912435400883131,0,1,19,20,13,0.512820512820513,0.00905983172685166,0.0269469140924953,0,0.03125102839929,NaN,0.7,0.113745008346181,0.769230769230769,0.0133913525431356,0.03125102839929,0.65,400,39,478,478,179,299,85,15,100,15,6881,0,45,45,45,45,39,39,39,39,39,0,20
DASCMOP2_BC,1,74,35,1,0.12,35,0,0.00230731166885567,0.00575998643519725,35,20,3,0.00183217295712715,91.4285714285714,0.62431523296861,0.912435400883131,0,1,19,20,0,0.571428571428571,0.0254936463635903,0.0276567803659083,0,0.0280248509954223,NaN,0.65,0.0376928188616893,0,0.025570352274529,0.0280289073350712,0,400,39,478,478,176,302,91,14,100,14,6953,0,42,42,42,42,35,35,35,35,35,0,20
DASCMOP2_BC,1,75,42,1,0.14,42,0,0.00275234671993209,0.0109065236644275,42,20,3,0.00219860754855258,76.1904761904762,0.673214422549913,0.981684337905043,0,0,20,20,0,0.476190476190476,0.0321711517481328,0.0333537004771112,0,0.0355417205673038,NaN,0.75,0.0400225791751441,0,0.0329413188025385,0.0357267286164843,0,400,35,470,470,166,304,88,15,100,15,6908,0,45,45,45,45,42,42,42,42,42,0,20
DASCMOP2_BC,1,76,42,1,0.14,42,0,0.000744082207027341,0.00348397686586015,42,20,3,0.00219860754855258,76.1904761904762,0.77944450264966,0.927058771211792,0,0,20,20,5,0.476190476190476,0.00392438960307752,0.00611856469609902,0,0.0178948916171647,NaN,0.8,0.149896289505642,0.285714285714286,0.0125321501413518,0.0181668739825253,0.25,400,42,484,484,182,302,95,16,100,16,7417,0,48,48,48,48,42,42,42,42,42,0,20
DASCMOP2_BC,1,77,36,1,0.12,36,0,0.00229412003169569,0.00888544794288225,36,20,3,0.00188452075590221,88.8888888888889,0.692545787807247,0.937359629126285,0,1,19,20,10,0.555555555555556,0.00132644972721634,0.00258345166844691,0,0.0153589247476284,NaN,0.5,-0.0151012412518572,0.583333333333333,0.0107577454952725,0.0153589247476284,0.5,400,42,484,484,184,300,96,15,100,15,6769,0,45,45,45,45,36,36,36,36,36,0,20
DASCMOP2_BC,1,78,39,1,0.13,39,0,0.00200370511221695,0.00734721571977486,39,20,3,0.0020415641522274,82.0512820512821,0.760776342645884,0.984737703757355,0,1,19,20,6,0.512820512820513,0.0553664540723518,0.0634182803833019,0,0.0634182803833019,NaN,0.6,0.00253243065758524,0.307692307692308,0.0588022606905015,0.0636859481081173,0.3,400,36,472,472,179,293,87,16,100,16,6163,0,48,48,48,48,39,39,39,39,39,0,20
DASCMOP2_BC,1,79,41,1,0.14,41,0,0.00233901920523811,0.0112206656542292,41,20,3,0.00214625974977752,78.0487804878049,0.675188421341698,0.903592756996849,0,1,19,20,0,0.48780487804878,0.113781422810681,0.117764061482797,0,0.12160960351405,NaN,0.7,0.0127389410778035,0,0.11763124764314,0.121611091804159,0,400,39,478,478,187,291,94,16,100,16,6578,0,48,48,48,48,41,41,41,41,41,0,20
DASCMOP2_BC,1,80,42,1,0.14,42,0,0.00259218941036027,0.0102492848534682,42,20,3,0.00219860754855258,76.1904761904762,0.721869862572855,0.903592756996849,0,1,19,20,20,0.476190476190476,0.0104758016932251,0.0157388565822741,0,0.0216372003202856,NaN,0.7,0.0832292061738336,1,0.0147002313455543,0.0217624156377593,1,400,41,482,482,174,308,96,16,100,16,7158,0,48,48,48,48,42,42,42,42,42,0,20
DASCMOP2_BC,1,81,42,1,0.14,42,0,0.00309976176100156,0.0105235786643419,42,20,3,0.00219860754855258,76.1904761904762,0.689786270783003,0.912435400883131,0,1,19,20,0,0.476190476190476,0.148505712050413,0.177393862835179,0,0.177481292066188,NaN,0.4,-0.0217482378676903,0,0.149645010152166,0.177570596851743,0,400,42,484,484,182,302,97,16,100,16,6657,0,48,48,48,48,42,42,42,42,42,0,20
DASCMOP2_BC,1,82,42,1,0.14,42,0,0.00180748993238018,0.00720813726760673,42,20,3,0.00219860754855258,76.1904761904762,0.438558176782984,0.937359629126285,0,0,20,20,12,0.476190476190476,0.0209867814380595,0.042397884800566,0,0.042397884800566,NaN,0.6,0.00295036364907886,0.642857142857143,0.0229224369921264,0.0426081095669854,0.6,400,42,484,484,181,303,98,16,100,16,6654,0,48,48,48,48,42,42,42,42,42,0,20
DASCMOP2_BC,1,83,42,1,0.14,42,0,0.00211655571065264,0.0105733034612453,42,20,3,0.00219860754855258,76.1904761904762,0.705475047299754,0.912435400883131,0,1,19,20,16,0.476190476190476,0.00401293184533149,0.0135985111028467,0,0.0135985111028467,NaN,0.85,0.109604236610976,0.857142857142857,0.0081340886332747,0.0136741090796896,0.8,400,42,484,484,189,295,96,17,100,17,6411,0,51,51,51,51,42,42,42,42,42,0,20
DASCMOP2_BC,1,84,45,1,0.15,45,0,0.00228453019425012,0.0111045881270886,45,20,3,0.00235565094487777,71.1111111111111,0.71925364198923,0.981684337905043,0,0,20,20,0,0.444444444444444,0.0184733092283353,0.0217137045144296,0,0.0235742653499554,NaN,0.75,0.0934226602258825,0,0.01918292895287,0.0238224661788673,0,400,42,484,484,182,302,100,17,100,17,7335,0,51,51,51,51,45,45,45,45,45,0,20
DASCMOP2_BC,1,85,39,1,0.13,39,0,0.0025700608888959,0.0061777972293077,39,20,3,0.0020415641522274,82.0512820512821,0.650173751953623,0.924305936689302,0,1,19,20,0,0.512820512820513,0.0137532369624122,0.0152625378878588,0,0.0168501985520588,NaN,0.6,0.0544155214452253,0,0.0155647148157557,0.016878922532461,0,400,45,490,490,183,307,102,16,100,16,7545,0,48,48,48,48,39,39,39,39,39,0,20
DASCMOP2_BC,1,86,42,1,0.14,42,0,0.0028310536985393,0.00910098698208753,42,20,3,0.00219860754855258,76.1904761904762,0.783445315605219,0.984737703757355,0,0,20,20,0,0.476190476190476,0.129924904419194,0.136199782387213,0,0.138286697853699,NaN,0.3,-0.0796971572499625,0,0.133919918533816,0.138597513278787,0,400,39,478,478,179,299,96,16,100,16,7207,1,48,48,48,48,42,42,42,42,42,0,20
DASCMOP2_BC,1,87,42,1,0.14,42,0,0.00243439645949873,0.00896656473737187,42,20,3,0.00219860754855258,76.1904761904762,0.692545787807247,0.912435400883131,0,0,20,20,0,0.476190476190476,0.196223371555865,0.225851186550039,0,0.225851186550039,NaN,0.5,0.000628719157953872,0,0.200018571023123,0.226198474088708,0,400,42,484,484,184,300,98,16,100,16,6992,0,48,48,48,48,42,42,42,42,42,0,20
DASCMOP2_BC,1,88,45,1,0.15,45,0,0.00249811850667728,0.00819585820346966,45,20,3,0.00235565094487777,71.1111111111111,0.357136158748189,0.937359629126285,0,0,20,20,0,0.444444444444444,0.125864116195938,0.154550595741894,0,0.154890976145965,NaN,0.65,0.00838433612324319,0,0.126782841092183,0.154927330033949,0,400,42,484,484,188,296,93,17,100,17,6172,0,51,51,51,51,45,45,45,45,45,0,20
DASCMOP2_BC,1,89,42,1,0.14,42,0,0.0014420364988675,0.00517687166307603,42,20,3,0.00219860754855258,76.1904761904762,0.476915650568854,0.903592756996849,0,0,20,20,0,0.476190476190476,0.107226017880474,0.128783059632796,0,0.128783059632796,NaN,0.65,0.0482064801409229,0,0.108388002337277,0.128975956705853,0,400,45,490,490,186,304,99,16,100,16,7227,1,48,48,48,48,42,42,42,42,42,0,20
DASCMOP2_BC,1,90,42,1,0.14,42,0,0.00262203780587382,0.0082508307233777,42,20,3,0.00219860754855258,76.1904761904762,0.334526024539501,0.903592756996849,0,1,19,20,0,0.476190476190476,0.127610721360707,0.146689920729968,0,0.146735512240263,NaN,0.55,0.00552817298911701,0,0.128121915598839,0.146875090768091,0,400,42,484,484,177,307,98,16,100,16,7231,0,48,48,48,48,42,42,42,42,42,0,20
DASCMOP2_BC,1,91,42,1,0.14,42,0,0.00229121746457795,0.00866624869640046,42,20,3,0.00219860754855258,76.1904761904762,0.334526024539501,0.878647726440161,0,0,20,20,7,0.476190476190476,0.0266850654989791,0.0366570588809738,0,0.0382006260818397,NaN,0.5,-0.00164249703713842,0.571428571428571,0.0282464150430096,0.0382612901630961,0.35,400,42,484,484,185,299,98,16,100,16,7005,2,48,48,48,48,42,42,42,42,42,0,20
DASCMOP2_BC,1,92,42,1,0.14,42,0,0.0011785718886583,0.00445861548815298,42,20,3,0.00219860754855258,76.1904761904762,0.582882938904825,0.962124451947437,0,0,20,20,20,0.476190476190476,0.00772543034169858,0.00942026008963628,0,0.0177091935865638,NaN,0.45,-0.00376236857981857,1,0.0141548940631037,0.0179406849431902,1,400,42,484,484,189,295,99,16,100,16,7058,1,48,48,48,48,42,42,42,42,42,0,20
DASCMOP2_BC,1,93,43,1,0.15,43,0,0.00270445514001395,0.00956038826112303,43,20,3,0.00225095534732764,74.4186046511628,0.311915890330813,0.912435400883131,0,1,19,20,2,0.465116279069767,0.0867209965265669,0.0935833356000394,0,0.0997614182724093,NaN,0.4,-0.00397976439870457,0.2,0.0917374267070407,0.0998443286134805,0.1,400,42,484,484,183,301,100,16,100,16,7068,0,48,48,48,48,43,43,43,43,43,0,20
DASCMOP2_BC,1,94,43,1,0.15,43,0,0.0022254714288932,0.0062511639561029,43,20,3,0.00225095534732764,74.4186046511628,0.0832523627279686,0.962124451947437,0,1,19,20,0,0.465116279069767,0.0328370777911584,0.0415405834031797,0,0.0482717106812793,NaN,0.45,-0.00159683949183725,0,0.0372222403038384,0.048542411726207,0,400,43,486,486,187,299,102,16,100,16,7322,0,48,48,48,48,43,43,43,43,43,0,20
DASCMOP2_BC,1,95,41,1,0.14,41,0,0.00147087114565048,0.00510633510607952,41,20,3,0.00214625974977752,78.0487804878049,0.0815072118614893,0.903592756996849,0,1,19,20,5,0.48780487804878,0.0350649108485732,0.0467692534617885,0,0.0472209644405325,NaN,0.8,0.108397487371226,0.285714285714286,0.0385231465909812,0.0474716813352321,0.25,400,43,486,486,182,304,104,16,100,16,7381,0,48,48,48,48,41,41,41,41,41,0,20
DASCMOP2_BC,1,96,42,1,0.14,42,0,0.00161238794875004,0.00579516510573726,42,20,3,0.00219860754855258,76.1904761904762,0.155097482170156,0.962124451947437,0,2,18,20,6,0.476190476190476,0.00742083812374928,0.0115851433948895,0,0.0203685610432898,NaN,0.45,-0.000202553069789835,0.285714285714286,0.0100713633767995,0.0211244377190401,0.3,400,41,482,482,179,303,103,16,100,16,7938,0,48,48,48,48,42,42,42,42,42,0,20
DASCMOP2_BC,1,97,42,1,0.14,42,0,0.00109279871371708,0.00287019869917766,42,20,3,0.00219860754855258,76.1904761904762,0.0780904048203901,0.914249585464126,0,1,19,20,5,0.476190476190476,0.0904988325669546,0.106545680741952,0,0.10690937048414,NaN,0.65,0.00615785233830196,0.428571428571429,0.0916401394120168,0.107019812965514,0.25,400,42,484,484,186,298,99,16,100,16,6561,0,48,48,48,48,42,42,42,42,42,0,20
DASCMOP2_BC,1,98,45,1,0.15,45,0,0.00205352410426703,0.0075867798859007,45,20,3,0.00235565094487777,71.1111111111111,0.357136158748189,0.903592756996849,0,1,19,20,0,0.444444444444444,0.0238101619279453,0.0245139295707247,0,0.0259903363849105,NaN,0.6,0.0305331920698025,0,0.0247922443629854,0.0264312282069806,0,400,42,484,484,183,301,102,16,100,16,7428,1,48,48,48,48,45,45,45,45,45,0,20
DASCMOP2_BC,1,99,42,1,0.14,42,0,0.00200110856587892,0.0079919484186206,42,20,3,0.00219860754855258,76.1904761904762,0.0823797872947289,0.903592756996849,0,2,18,20,0,0.476190476190476,0.0350301059887653,0.0367126377019917,0,0.038502658729018,NaN,0.5,0.000961823200464756,0,0.0361657911616429,0.0385709686810147,0,400,45,490,490,184,306,108,16,100,16,7421,1,48,48,48,48,42,42,42,42,42,0,20
DASCMOP2_BC,1,100,45,1,0.15,45,0,0.00239872097887162,0.00886856451011791,45,20,3,0.00235565094487777,71.1111111111111,0.357136158748189,0.981684337905043,0,0,20,20,2,0.444444444444444,0.00587320775114622,0.0087101639990521,0,0.01822629941713,NaN,0.75,0.0411975163720863,0.2,0.0116322858652787,0.0182533062536669,0.1,400,42,484,484,174,310,107,16,100,16,7930,1,48,48,48,48,45,45,45,45,45,0,20
DASCMOP2_BC,1,101,45,1,0.15,45,0,0.0021000985943611,0.00733303573779927,45,20,3,0.00235565094487777,71.1111111111111,0.312913778327522,0.962124451947437,0,0,20,20,2,0.444444444444444,0.0620791072746587,0.0725867816591076,0,0.0734261162295611,NaN,0.6,0.0136372963440047,0.0666666666666667,0.0631965624503619,0.0734261162295611,0.1,400,45,490,490,191,299,113,16,100,16,8014,0,48,48,48,48,45,45,45,45,45,0,20
DASCMOP2_BC,1,102,45,1,0.15,45,0,0.002342374571618,0.00833918257118431,45,20,3,0.00235565094487777,71.1111111111111,0.312913778327522,0.962124451947437,0,0,20,20,7,0.444444444444444,0.0913382123348205,0.106588162309264,0,0.106815483690984,NaN,0.5,-0.00256615156523016,0.6,0.0920745024573761,0.106825437796201,0.35,400,45,490,490,181,309,114,16,100,16,8816,0,48,48,48,48,45,45,45,45,45,0,20
DASCMOP2_BC,1,103,39,1,0.13,39,0,0.0014974999976553,0.00337050952002207,39,20,3,0.0020415641522274,82.0512820512821,0.312913778327522,0.962124451947437,0,2,18,20,0,0.512820512820513,0.0314591309776211,0.0330919881712459,0,0.0353239120484253,NaN,0.45,-0.00193102076751783,0,0.0328160900385429,0.0362498087119899,0,400,45,490,490,186,304,115,15,100,15,8422,0,45,45,45,45,39,39,39,39,39,0,20
DASCMOP2_BC,1,104,39,1,0.13,39,0,0.00203749991060655,0.00495850972795756,39,20,3,0.0020415641522274,82.0512820512821,0.312913778327522,0.962124451947437,0,2,18,20,0,0.512820512820513,0.0166025825583428,0.018734369126191,0,0.0208695321090472,NaN,0.75,0.0983522575649431,0,0.0182088806214174,0.02214777112409,0,400,39,478,478,178,300,110,15,100,15,7980,3,45,45,45,45,39,39,39,39,39,0,20
DASCMOP2_BC,1,105,42,1,0.14,42,0,0.00219138614722664,0.00501071647989481,42,20,3,0.00219860754855258,76.1904761904762,0.269928189969933,0.937359629126285,0,1,19,20,0,0.476190476190476,0.0272132627427642,0.0302213491998604,0,0.0306553415373779,NaN,0.75,0.0324584855554351,0,0.0289396523487335,0.0307359428105427,0,400,39,478,478,188,290,113,15,100,15,7543,0,45,45,45,45,42,42,42,42,42,0,20
DASCMOP2_BC,1,106,42,1,0.14,42,0,0.00216050877411689,0.00816362686433524,42,20,3,0.00219860754855258,76.1904761904762,0.335024968537855,0.962124451947437,0,1,19,20,0,0.476190476190476,0.0204672406365755,0.0242750757061119,0,0.0281006274560819,NaN,0.85,0.119074447601296,0,0.0208517390707512,0.0289892347398912,0,400,42,484,484,181,303,117,15,100,15,9214,0,45,45,45,45,42,42,42,42,42,0,20
DASCMOP2_BC,1,107,42,1,0.14,42,0,0.00201347335276037,0.00586540144171522,42,20,3,0.00219860754855258,76.1904761904762,0.198083070527745,0.927058771211792,0,0,20,20,20,0.476190476190476,0.00938162088234904,0.0106416090361898,0,0.0159025197865937,NaN,0.5,-0.000632499382437868,1,0.0122003230993844,0.0161018886185949,1,400,42,484,484,177,307,117,16,100,16,9056,0,48,48,48,48,42,42,42,42,42,0,20
DASCMOP2_BC,1,108,42,1,0.14,42,0,0.00224873715305555,0.00598900656868163,42,20,3,0.00219860754855258,76.1904761904762,0.727438213474405,0.937359629126285,0,1,19,20,18,0.476190476190476,0.0817702212581748,0.0840024666802041,0,0.0891277401880384,NaN,0.55,0.0147048423990603,1,0.0866124716993762,0.0891277401880384,0.9,400,42,484,484,188,296,118,16,100,16,8193,4,48,48,48,48,42,42,42,42,42,0,20
DASCMOP2_BC,1,109,42,1,0.14,42,0,0.00137418987497908,0.00422426075611458,42,20,3,0.00219860754855258,76.1904761904762,0.479344886343896,0.962124451947437,0,0,20,20,0,0.476190476190476,0.159596068142974,0.163863447783027,0,0.166902213713785,NaN,0.6,0.0171533764055035,0,0.162057800166277,0.16701810435054,0,400,42,484,484,174,310,119,16,100,16,9525,2,48,48,48,48,42,42,42,42,42,0,20
DASCMOP2_BC,1,110,42,1,0.14,42,0,0.00190526128800108,0.00592599386855239,42,20,3,0.00219860754855258,76.1904761904762,0.732974943035369,0.962124451947437,0,1,19,20,20,0.476190476190476,0.00680393108114088,0.00964670720844974,0,0.013053958511628,NaN,0.85,0.144403075316888,1,0.0107820612734338,0.0132410985603714,1,400,42,484,484,184,300,118,16,100,16,7941,0,48,48,48,48,42,42,42,42,42,0,20
DASCMOP2_BC,1,111,42,1,0.14,42,0,0.00217622233435997,0.00604768781914213,42,20,3,0.00219860754855258,76.1904761904762,0.645775994360271,0.962124451947437,0,1,19,20,14,0.476190476190476,0.0067283657479787,0.0198499171508488,0,0.0217331268286657,NaN,0.5,0.00659734235277926,1,0.0093910485470231,0.0220519521871356,0.7,400,42,484,484,188,296,118,16,100,16,7964,0,48,48,48,48,42,42,42,42,42,0,20
DASCMOP2_BC,1,112,42,1,0.14,42,0,0.00152596634673179,0.00555847275869848,42,20,3,0.00219860754855258,76.1904761904762,0.278927084958483,0.962124451947437,0,0,20,20,11,0.476190476190476,0.0202633924910991,0.0309988652201694,0,0.032034183559898,NaN,0.55,0.00173138831782382,0.571428571428571,0.0208547892190678,0.032034183559898,0.55,400,42,484,484,182,302,120,16,100,16,9105,0,48,48,48,48,42,42,42,42,42,0,20
DASCMOP2_BC,1,113,36,1,0.12,36,0,0.00125992745441877,0.00387634694243835,36,20,3,0.00188452075590221,88.8888888888889,0.480592338419677,0.935667725317474,0,0,20,20,0,0.555555555555556,0.0457064595581626,0.0515275442253487,0,0.0532412141209032,NaN,0.65,0.00701805052261878,0,0.0500941270825396,0.0534373811114606,0,400,42,484,484,172,312,120,14,80,14,10963,0,42,42,42,42,36,36,36,36,36,0,20
DASCMOP2_BC,1,114,36,1,0.12,36,0,0.00120905269052902,0.00386624535105655,36,20,3,0.00188452075590221,88.8888888888889,0.198083070527745,0.942678897013085,0,0,20,20,0,0.555555555555556,0.0354721276430261,0.0362331921852703,0,0.0411915905364423,NaN,0.7,0.00868904545366395,0,0.0369280618450185,0.0411915905364423,0,400,36,472,472,187,285,116,14,95,14,7825,0,42,42,42,42,36,36,36,36,36,0,20
DASCMOP2_BC,1,115,36,1,0.12,36,0,0.0016665466789068,0.00500615834566065,36,20,3,0.00188452075590221,88.8888888888889,0.17849383069235,0.935667725317474,0,0,20,20,18,0.555555555555556,0.00341011218412798,0.00751116291787885,0,0.0172144094251956,NaN,0.65,0.0691611479741516,1,0.0079344655250195,0.0179220714701831,0.9,400,36,472,472,180,292,117,14,93,14,8126,0,42,42,42,42,36,36,36,36,36,0,20
DASCMOP2_BC,1,116,33,1,0.11,33,0,0.00182807089363974,0.00441089439187577,33,20,3,0.00172747735957703,96.969696969697,0.0440738830571775,0.911409985000096,0,1,19,20,20,0.606060606060606,0.00976953045180938,0.0142387109402265,0,0.0191296096207422,NaN,0.5,0.0378571018772412,1,0.0131744226930988,0.0191296096207422,1,400,36,472,472,178,294,114,14,100,14,8869,0,42,42,42,42,33,33,33,33,33,0,20
DASCMOP2_BC,1,117,36,1,0.12,36,0,0.00175174188569848,0.0051532313340599,36,20,3,0.00188452075590221,88.8888888888889,0.479344886343896,0.942678897013085,0,0,20,20,18,0.555555555555556,0.00423599185311631,0.00981694023321181,0,0.0132963607217397,NaN,0.75,0.137091705493929,1,0.0100388244598117,0.0134681451566176,0.9,400,33,466,466,168,298,114,14,100,14,8418,0,42,42,42,42,36,36,36,36,36,0,20
DASCMOP2_BC,1,118,33,1,0.11,33,0,0.00140622259007428,0.00519952661103646,33,20,3,0.00172747735957703,96.969696969697,0.312913778327522,0.946568007999956,0,0,20,20,0,0.606060606060606,0.0360873485714496,0.0494301219855979,0,0.0502247503471693,NaN,0.7,0.0270477597011904,0,0.0414936620274922,0.0505365245231586,0,400,36,472,472,180,292,117,13,100,13,7897,0,39,39,39,39,33,33,33,33,33,0,20
DASCMOP2_BC,1,119,36,1,0.12,36,0,0.000763073856215911,0.00223011904911392,36,20,3,0.00188452075590221,88.8888888888889,0.291195754836846,0.942678897013085,0,0,20,20,20,0.555555555555556,0.0106708003920889,0.0171908851824871,0,0.0221250609903604,NaN,0.25,-0.00743368992099103,1,0.01903580106739,0.022437010713397,1,400,33,466,466,178,288,114,14,100,14,7786,0,42,42,42,42,36,36,36,36,36,0,20
DASCMOP2_BC,1,120,30,1,0.1,30,0,0.000837853718423108,0.00123931411108852,30,20,3,0.00157043396325185,100,0.0421232415350744,0.923135827004967,0,1,19,20,0,0.666666666666667,0.0182435641374195,0.0237580769063735,0,0.0252246492114992,NaN,0.45,-0.0010477940532625,0,0.0208001049945603,0.0261241565814288,0,400,36,472,472,174,298,116,13,99,13,9548,0,39,39,39,39,30,30,30,30,30,0,20
DASCMOP2_BC,1,121,33,1,0.11,33,0,0.00117997272777124,0.00367634728878752,33,20,3,0.00172747735957703,96.969696969697,0.312913778327522,0.946568007999956,0,0,20,20,0,0.606060606060606,0.0447961012265287,0.0511678451284687,0,0.0516088189817061,NaN,0.7,0.0852917020689092,0,0.045214522842957,0.0516088189817061,0,400,30,460,460,169,291,114,13,100,13,8884,0,39,39,39,39,33,33,33,33,33,0,20
DASCMOP2_BC,1,122,33,1,0.11,33,0,0.00167059208416135,0.00549093433929877,33,20,3,0.00172747735957703,96.969696969697,0.0700409788433184,0.911409985000096,0,1,19,20,0,0.606060606060606,0.0398233517133035,0.0402896863431069,0,0.044900892763311,NaN,0.7,0.0499149734395097,0,0.0414376992518027,0.044900892763311,0,400,33,466,466,170,296,117,14,100,14,9080,0,42,42,42,42,33,33,33,33,33,0,20
DASCMOP2_BC,1,123,33,1,0.11,33,0,0.000616209825249827,0.00250878864772262,33,20,3,0.00172747735957703,96.969696969697,0.312913778327522,0.942678897013085,0,0,20,20,20,0.606060606060606,0.0138294719020926,0.0160085128701624,0,0.0236153207237952,NaN,0.6,0.00138250906031095,1,0.0187121060140817,0.0236153207237952,1,400,33,466,466,179,287,118,13,100,13,8675,0,39,39,39,39,33,33,33,33,33,0,20
DASCMOP2_BC,1,124,33,1,0.11,33,0,0.00165762146625459,0.00503168448365406,33,20,3,0.00172747735957703,96.969696969697,0.312913778327522,0.963285402790766,0,0,20,20,16,0.606060606060606,0.0245683833052024,0.0291789484930755,0,0.0369846327963769,NaN,0.4,-0.00587117178190324,0.909090909090909,0.0297555619042134,0.0372784704364614,0.8,400,33,466,466,179,287,119,13,100,13,8659,0,39,39,39,39,33,33,33,33,33,0,20
DASCMOP2_BC,1,125,30,1,0.1,30,0,0.00132509461340181,0.00459270464027375,30,20,3,0.00157043396325185,100,0.396753058373599,1.01671884682745,0,0,20,20,3,0.666666666666667,0.00272842646910888,0.00597210530511146,0,0.018211636162274,NaN,0.6,0.00824743857485402,0.5,0.0116733090050468,0.0186137104802267,0.15,400,33,466,466,173,293,120,12,97,12,11291,0,36,36,36,36,30,30,30,30,30,0,20
DASCMOP2_BC,1,126,33,1,0.11,33,0,0.00173465753871926,0.00520958059149535,33,20,3,0.00172747735957703,96.969696969697,0.312913778327522,0.925481018455111,0,0,20,20,0,0.606060606060606,0.0259446318950852,0.0283947185283675,0,0.0305795156253885,NaN,0.7,0.005443309332753,0,0.0275657115317652,0.031010177617782,0,400,30,460,460,176,284,117,13,96,13,10807,0,39,39,39,39,33,33,33,33,33,0,20
DASCMOP2_BC,1,127,33,1,0.11,33,0,0.00138935917939395,0.00486486502295113,33,20,3,0.00172747735957703,96.969696969697,0.312913778327522,0.925481018455111,0,0,20,20,2,0.606060606060606,0.00629325134500149,0.0127775709466619,0,0.0195745739474151,NaN,0.85,0.0194338332434834,0.272727272727273,0.0138773140684594,0.0195745739474151,0.1,400,33,466,466,170,296,124,14,100,14,12226,0,42,42,42,42,33,33,33,33,33,0,20
DASCMOP2_BC,1,128,33,1,0.11,33,0,0.00150604150887082,0.0062028521596631,33,20,3,0.00172747735957703,96.969696969697,0.0440738830571775,0.918321289312823,0,0,20,20,0,0.606060606060606,0.0114762269490523,0.0156561125510032,0,0.0214978582233407,NaN,0.7,0.0830056055323181,0,0.0152272864107035,0.0215906334305882,0,400,33,466,466,172,294,126,14,99,14,11909,0,42,42,42,42,33,33,33,33,33,0,20
DASCMOP2_BC,1,129,30,1,0.1,30,0,0.00143204046244892,0.00428435940506723,30,20,3,0.00157043396325185,100,0.344924938708724,1.01369788190327,0,0,20,20,2,0.666666666666667,0.0329187179203824,0.0420858489262339,0,0.042629123790076,NaN,0.75,0.0284434002506553,0.3,0.0344662457966007,0.0426512305952636,0.1,400,33,466,466,165,301,127,13,100,13,13573,0,39,39,39,39,30,30,30,30,30,0,20
DASCMOP2_BC,1,130,30,1,0.1,30,0,0.000634289686614223,0.0017089631681155,30,20,3,0.00157043396325185,100,0.0384243264105392,0.927455392200422,0,0,20,20,20,0.666666666666667,0.0132311023691935,0.0200493540517793,0,0.0235128983780123,NaN,0.6,0.0537994484184831,1,0.0203466832308374,0.0235128983780123,1,400,30,460,460,169,291,126,13,100,13,11529,0,39,39,39,39,30,30,30,30,30,0,20
DASCMOP2_BC,1,131,30,1,0.1,30,0,0.00122553190616512,0.00195942047921405,30,20,3,0.00157043396325185,100,0.0398484503494198,1.02854529727039,0,0,20,20,20,0.666666666666667,0.0027809293169216,0.00529213082892112,0,0.0103679780316582,NaN,0.55,0.00286812898370664,1,0.00679672323393902,0.0103679780316582,1,400,30,460,460,180,280,125,14,100,14,11111,0,42,42,42,42,30,30,30,30,30,0,20
DASCMOP2_BC,1,132,30,1,0.1,30,0,0.00108017585448113,0.00404416617415481,30,20,3,0.00157043396325185,100,0.0403094380466259,0.923135827004967,0,0,20,20,3,0.666666666666667,0.00501811327406712,0.00786725923730887,0,0.0165445933091755,NaN,0.45,-0.00143400838327451,0.4,0.0110113073091775,0.0165445933091755,0.15,400,30,460,460,172,288,129,15,100,15,11582,0,45,45,45,45,30,30,30,30,30,0,20
DASCMOP2_BC,1,133,30,1,0.1,30,0,0.00118110358745482,0.00288351471233901,30,20,3,0.00157043396325185,100,0.0398484503494198,0.96370830038522,0,0,20,20,0,0.666666666666667,0.0247050707530983,0.0275492618988453,0,0.0317574629759087,NaN,0.5,0.00109271998973359,0,0.0255394152183597,0.0317574629759087,0,400,30,460,460,178,282,129,17,100,17,11198,1,51,51,51,51,30,30,30,30,30,0,20
DASCMOP2_BC,1,134,33,1,0.11,33,0,0.00103267755431407,0.0156375366256777,33,20,3,0.00172747735957703,96.969696969697,0.0440738830571775,0.911409985000096,0,0,20,20,0,0.606060606060606,0.0266357480659681,0.0323323363066534,0,0.036215197087718,NaN,0.8,0.0622193614150587,0,0.0282859134768225,0.0365992911078349,0,400,30,460,460,189,271,131,19,100,19,9560,2,57,57,57,57,33,33,33,33,33,0,20
DASCMOP2_BC,1,135,34,1,0.12,34,0,0.000844636257657023,0.0126378645470303,34,20,3,0.00177982515835209,94.1176470588235,0.645775994360271,0.959828815926664,0,16,4,20,14,0.588235294117647,0.0715652891939556,0.0761493147588542,0,0.0779612357575494,NaN,0.7,0.00841253885018534,0.166666666666667,0.0746795741291556,0.0817906120005859,0.7,400,33,466,466,177,289,134,19,100,19,11146,4,57,57,57,57,34,34,34,34,34,0,20
DASCMOP2_BC,1,136,42,1,0.14,42,0,0.00134854111275155,0.0255667623995978,42,20,3,0.00219860754855258,76.1904761904762,0.277181431836096,0.942678897013085,0,17,3,20,8,0.476190476190476,0.0271662138337039,0.0601340647648066,0,0.0601340647648066,NaN,0.55,0.0237043357016136,0.214285714285714,0.0295872142208741,0.0610274912057502,0.4,400,34,468,468,183,285,134,20,100,20,9349,10,60,60,60,60,42,42,42,42,42,0,20
DASCMOP2_BC,1,137,48,1,0.16,48,0,0.00211452886347658,0.0314697074028037,48,20,3,0.00251269434120295,66.6666666666667,0.424326300722261,0.928867992230052,0,15,5,20,7,0.416666666666667,0.0128125012538816,0.0318332632487973,0,0.0362743207739954,NaN,0.45,-0.00484328886145657,0.125,0.0300637854483093,0.0433601993191388,0.35,400,42,484,484,186,298,139,21,100,21,10730,2,63,63,63,63,48,48,48,48,48,0,20
DASCMOP2_BC,1,138,45,1,0.15,45,0,0.00129785473863995,0.035372787618302,45,20,3,0.00235565094487777,71.1111111111111,0.590455601419979,0.935997751448178,0,16,4,20,3,0.444444444444444,0.0380053462582024,0.0534439553496512,0,0.0596104829489015,NaN,1,0.0935458388709437,0.133333333333333,0.0524927730770918,0.0702283460185359,0.15,400,48,496,496,195,301,150,21,100,21,11968,0,63,63,63,63,45,45,45,45,45,0,20
DASCMOP2_BC,1,139,48,1,0.16,48,0,0.00157827191836645,0.0312293962705687,48,20,3,0.00251269434120295,66.6666666666667,0.592320563076857,0.942678897013085,0,15,5,20,0,0.416666666666667,0.244837109786192,0.2706300693329,0,0.2706300693329,NaN,0.8,0.0139886723707621,0,0.247903934571669,0.27155199677573,0,400,45,490,490,189,301,145,21,100,21,11606,4,63,63,63,63,48,48,48,48,48,0,20
DASCMOP2_BC,1,140,39,1,0.13,39,0,0.0011603118525482,0.010325482147816,39,20,3,0.0020415641522274,82.0512820512821,0.198181338383937,0.976324365808825,0,16,4,20,0,0.512820512820513,0.334855914889738,0.392138001600413,0,0.392138001600413,NaN,0.2,-0.198692161724779,0,0.345236803594854,0.394926421295485,0,400,48,496,496,196,300,150,19,100,19,10061,7,57,57,57,57,39,39,39,39,39,0,20
DASCMOP2_BC,1,141,44,1,0.15,44,0,0.0020449618344025,0.0252097523138373,44,20,3,0.00230330314610271,72.7272727272727,0.620155999863961,0.976833002713453,0,18,2,20,8,0.454545454545455,0.0934626012281475,0.140819889622519,0,0.140819889622519,NaN,0.1,-0.226775316471722,0.266666666666667,0.0951041558894324,0.141719065387022,0.4,400,39,478,478,183,295,139,20,100,20,9872,1,60,60,60,60,44,44,44,44,44,0,20
DASCMOP2_BC,1,142,45,1,0.15,45,0,0.0026674091507015,0.017384065125707,45,20,3,0.00235565094487777,71.1111111111111,0.627740011535216,0.942678897013085,0,18,2,20,0,0.444444444444444,0.17704777761116,0.18905939822241,0,0.191291588658943,NaN,1,0.0364852289532179,0,0.181701048135261,0.191541098798562,0,400,44,488,488,175,313,144,21,100,21,11507,5,63,63,63,63,45,45,45,45,45,0,20
DASCMOP2_BC,1,143,45,1,0.15,45,0,0.00142615645429819,0.0146971722510069,45,20,3,0.00235565094487777,71.1111111111111,0.133773821994374,0.942678897013085,0,16,4,20,0,0.444444444444444,0.0322870412958333,0.0363503956695079,0,0.0450544217466917,NaN,0.3,-0.0227954148738513,0,0.0482894049015747,0.0625586316761818,0,400,45,490,490,179,311,146,21,100,21,11357,2,63,63,63,63,45,45,45,45,45,0,20
DASCMOP2_BC,1,144,48,1,0.16,48,0,0.00183683246126647,0.0170013671963377,48,20,3,0.00251269434120295,66.6666666666667,0.38009588224842,0.942678897013085,0,16,4,20,18,0.416666666666667,0.0113936231888022,0.0252195130628522,0,0.0284628461627212,NaN,0.25,-0.134502933381928,0.1875,0.03393844848682,0.0526262910037612,0.9,400,45,490,490,189,301,142,23,100,23,10218,2,69,69,69,69,48,48,48,48,48,0,20
DASCMOP2_BC,1,145,45,1,0.15,45,0,0.00177010867962009,0.0188688197499098,45,20,3,0.00235565094487777,71.1111111111111,0.533512975881413,0.981684337905043,0,17,3,20,2,0.444444444444444,0.0424541478793014,0.058101694339735,0,0.058101694339735,NaN,0.1,-0.200163984925525,0.133333333333333,0.042689252554718,0.060822395430599,0.1,400,48,496,496,186,310,150,22,100,22,12145,5,66,66,66,66,45,45,45,45,45,0,20
DASCMOP2_BC,1,146,46,1,0.16,46,0,0.00149355292020613,0.0153732930602053,46,20,3,0.00240799874365283,69.5652173913043,0.269477731346171,0.940465410133533,0,15,5,20,1,0.434782608695652,0.0916416254355503,0.101157780094254,0,0.101157780094254,NaN,0.45,-0.0181798159145083,0.125,0.0953445269389927,0.104832978768092,0.05,400,45,490,490,190,300,147,23,100,23,10858,0,69,69,69,69,46,46,46,46,46,0,20
DASCMOP2_BC,1,147,52,1,0.18,52,0,0.00211836555406811,0.015195370601441,52,20,3,0.0027220855363032,61.5384615384615,0.277181431836096,0.942678897013085,0,15,5,20,6,0.384615384615385,0.0207141982148604,0.0404684429507248,0,0.0404684429507248,NaN,0.45,-0.015926365980227,0.111111111111111,0.0249695397173175,0.0466755497096512,0.3,400,46,492,492,184,308,151,25,100,25,11891,2,75,75,75,75,52,52,52,52,52,0,20
DASCMOP2_BC,1,148,48,1,0.16,48,0,0.00214008452666784,0.00986759729221504,48,20,3,0.00251269434120295,66.6666666666667,0.597551742418038,0.996237457789928,0,17,3,20,7,0.416666666666667,0.0172488373465461,0.0254952828474724,0,0.0288719193400573,NaN,0.2,-0.0911597369920044,0.25,0.0374256104586827,0.0410113204520164,0.35,400,52,504,504,196,308,152,23,100,23,10576,1,69,69,69,69,48,48,48,48,48,0,20
DASCMOP2_BC,1,149,51,1,0.17,51,0,0.0014825798191024,0.0190161091029769,51,20,3,0.00266973773752814,62.7450980392157,0.661590508954662,1.03380998810045,0,16,4,20,10,0.392156862745098,0.0273221402055577,0.0666636565679777,0,0.0666636565679777,NaN,0.45,-0.0250521087179881,0.117647058823529,0.0366466835090489,0.0688173378621642,0.5,400,48,496,496,185,311,149,24,100,24,10931,0,72,72,72,72,51,51,51,51,51,0,20
DASCMOP2_BC,1,150,54,1,0.18,54,0,0.0020978446190569,0.0192195981723411,54,20,3,0.00282678113385332,59.2592592592593,0.597551742418038,1.03380998810045,0,15,5,20,7,0.37037037037037,0.0293561974312207,0.112227858488437,0,0.112227858488437,NaN,0.45,-0.00360649190971107,0.111111111111111,0.0365675975019519,0.112377662365951,0.35,400,51,502,502,199,303,151,25,100,25,10163,2,75,75,75,75,54,54,54,54,54,0,20
DASCMOP2_BC,1,151,54,1,0.18,54,0,0.0026814577941846,0.0221476271516478,54,20,3,0.00282678113385332,59.2592592592593,0.597551742418038,1.03380998810045,0,14,6,20,5,0.37037037037037,0.0404527082159426,0.131942326111424,0,0.131942326111424,NaN,0.5,0.00356345289353521,0.111111111111111,0.0415185505268922,0.132764846866127,0.25,400,54,508,508,194,314,156,25,100,25,11125,2,75,75,75,75,54,54,54,54,54,0,20
DASCMOP2_BC,1,152,56,1,0.2,56,0,0.00190609750946006,0.014633980704506,56,20,3,0.00293147673140344,57.1428571428571,0.426084153667652,1.08338609656038,0,16,4,20,3,0.357142857142857,0.0229869373446199,0.0361275115164718,0,0.0381714999128572,NaN,0,-0.411125809823481,0.1,0.038515174496261,0.0449732943369613,0.15,400,54,508,508,197,311,157,26,100,26,10898,0,78,78,78,78,56,56,56,56,56,0,20
DASCMOP2_BC,1,153,48,1,0.17,48,0,0.000946225658875956,0.0126433642731105,48,20,3,0.00251269434120295,66.6666666666667,0.445765316997239,1.03380998810045,0,20,0,20,4,0.416666666666667,0.0209629688432014,0.0437905818987387,0,0.0437905818987387,NaN,0.2,-0.123132721435013,0.117647058823529,0.0353047174692679,0.0480205842413038,0.2,400,56,512,512,189,323,160,24,100,24,11020,0,72,72,72,72,48,48,48,48,48,0,20
DASCMOP2_BC,1,154,63,1,0.21,63,0,0.00297802472906234,0.0217876275908574,63,20,3,0.00329791132282887,50.7936507936508,0.395548992717749,1.03380998810045,0,15,5,20,10,0.317460317460317,0.0327790816283572,0.0638341449722525,0,0.0638341449722525,NaN,0.1,-0.303019796714494,0.19047619047619,0.0347825346428082,0.0642782912866206,0.5,400,48,496,496,190,306,148,26,100,26,9970,0,78,78,78,78,63,63,63,63,63,0,20
DASCMOP2_BC,1,155,57,1,0.19,57,0,0.00115971691901941,0.0142540569083098,57,20,3,0.00298382453017851,56.140350877193,0.533512975881413,0.98552574563456,0,18,2,20,0,0.350877192982456,0.040556963153866,0.149884177164373,0,0.150634700050792,NaN,0,-0.323780844078606,0,0.045610138904026,0.150762199912062,0,400,63,526,526,203,323,163,25,100,25,10841,0,75,75,75,75,57,57,57,57,57,0,20
DASCMOP2_BC,1,156,58,1,0.2,58,0,0.00141330442391662,0.0166888518738789,58,20,3,0.00303617232895357,55.1724137931034,0.533512975881413,1.02253822900729,0,16,4,20,6,0.344827586206897,0.0192666507332594,0.0514486080490582,0,0.0514486080490582,NaN,0.1,-0.206010107802134,0.25,0.0245938960692052,0.0519411019632678,0.3,400,57,514,514,202,312,157,24,100,24,9999,0,72,72,72,72,58,58,58,58,58,0,20
DASCMOP2_BC,1,157,62,1,0.21,62,0,0.00282987636187665,0.0149353513701833,62,20,3,0.00324556352405381,51.6129032258064,0.533512975881413,0.958746465246138,0,15,5,20,10,0.32258064516129,0.0469350877060103,0.0801754445330499,0,0.0801754445330499,NaN,0.05,-0.189475038110956,0.333333333333333,0.049670124211464,0.08119808608495,0.5,400,58,516,516,214,302,158,26,100,26,9989,1,78,78,78,78,62,62,62,62,62,0,20
DASCMOP2_BC,1,158,60,1,0.2,60,0,0.00268831311664754,0.0179071944355212,60,20,3,0.00314086792650369,53.3333333333333,0.597551742418038,0.969458177401507,0,17,3,20,6,0.333333333333333,0.0286953510189575,0.0588830923496592,0,0.0588830923496592,NaN,0.05,-0.210660800996044,0.15,0.0293174453970268,0.0588973874557996,0.3,400,62,524,524,207,317,163,25,100,25,11242,0,75,75,75,75,60,60,60,60,60,0,20
DASCMOP2_BC,1,159,60,1,0.2,60,0,0.00121544260469331,0.00966089371814787,60,20,3,0.00314086792650369,53.3333333333333,0.686244425565793,0.969458177401507,0,17,3,20,7,0.333333333333333,0.0177062041175657,0.0432212478722351,0,0.0432212478722351,NaN,0.15,-0.197754727010981,0.15,0.0252846624741346,0.0465874599568173,0.35,400,60,520,520,201,319,149,25,100,25,9589,0,75,75,75,75,60,60,60,60,60,0,20
DASCMOP2_BC,1,160,64,1,0.22,64,0,0.00154018003333366,0.0109961842774559,64,20,3,0.00335025912160394,50,0.445765316997239,0.999994710820981,0,19,1,20,12,0.3125,0.00683971770236792,0.00903145239160127,0,0.0210420851170169,NaN,0.3,-0.199008693820182,0.181818181818182,0.0231694804506157,0.0396527801621982,0.6,400,60,520,520,206,314,159,27,100,27,10774,0,81,81,81,81,64,64,64,64,64,0,20
DASCMOP2_BC,1,161,68,1,0.23,68,0,0.00311024632450779,0.0252833984677799,68,20,3,0.00355965031670418,47.0588235294118,0.533512975881413,1.03380998810045,0,18,2,20,8,0.294117647058824,0.039081496046928,0.051028676586243,0,0.0569608815589688,NaN,0.05,-0.173056013942837,0.347826086956522,0.0498174451564964,0.0573662683550659,0.4,400,64,528,528,212,316,164,26,100,26,10762,1,78,78,78,78,68,68,68,68,68,0,20
DASCMOP2_BC,1,162,63,1,0.21,63,0,0.00233717088331091,0.0131790148470486,63,20,3,0.00329791132282887,50.7936507936508,0.533512975881413,0.953390609168454,0,20,0,20,1,0.317460317460317,0.0104481770779475,0.0169877533871706,0,0.0203242310312655,NaN,0.35,-0.053963511798329,0.0952380952380952,0.0305909747495239,0.0476541158921351,0.05,400,68,536,536,204,332,171,26,100,26,11536,0,78,78,78,78,63,63,63,63,63,0,20
DASCMOP2_BC,1,163,69,1,0.23,69,0,0.00253897614512678,0.0129163591070489,69,20,3,0.00361199811547924,46.3768115942029,0.533512975881413,0.996237457789928,0,18,2,20,0,0.289855072463768,0.0287881876641721,0.0375047255822948,0,0.039736531944863,NaN,0.45,-0.0355118569478489,0,0.0426368418545978,0.051764875198636,0,400,63,526,526,202,324,163,28,100,28,11255,0,84,84,84,84,69,69,69,69,69,0,20
DASCMOP2_BC,1,164,69,1,0.23,69,0,0.00153811794295216,0.00802727047960104,69,20,3,0.00361199811547924,46.3768115942029,0.645775994360271,0.996237457789928,0,19,1,20,16,0.289855072463768,0.0110082113704534,0.013900196227556,0,0.0158358736076803,NaN,0.45,-0.00311223601905897,0.0869565217391304,0.0264045089837954,0.0387275277120304,0.8,400,69,538,538,214,324,171,28,100,28,10857,5,84,84,84,84,69,69,69,69,69,0,20
DASCMOP2_BC,1,165,72,1,0.24,72,0,0.00245739118066284,0.00947958391039995,72,20,3,0.00376904151180443,44.4444444444444,0.618194371158549,0.996237457789928,0,17,3,20,2,0.277777777777778,0.0246615460856692,0.0286222451471134,0,0.0303979080569508,NaN,0.55,0.0186307748056391,0.0833333333333333,0.0271402084638352,0.0329989964887021,0.1,400,69,538,538,209,329,171,29,100,29,10981,1,87,87,87,87,72,72,72,72,72,0,20
DASCMOP2_BC,1,166,69,1,0.23,69,0,0.00307902624636876,0.0121390314798656,69,20,3,0.00361199811547924,46.3768115942029,0.533512975881413,0.996237457789928,0,19,1,20,3,0.289855072463768,0.0149099908597857,0.0235881024864253,0,0.0257702571682867,NaN,0.45,-0.0180587296794339,0.173913043478261,0.0320757544716648,0.0338996104827858,0.15,400,72,544,544,221,323,174,28,100,28,10955,4,84,84,84,84,69,69,69,69,69,0,20
DASCMOP2_BC,1,167,74,1,0.25,74,0,0.002812180109721,0.0321602538463978,74,20,3,0.00387373710935455,43.2432432432432,0.455635886743903,0.996237457789928,0,20,0,20,0,0.27027027027027,0.0226739408914361,0.1432736709445,0,0.147648426368547,NaN,0.25,-0.134451482273275,0,0.0341436122450964,0.147906627225208,0,400,69,538,538,216,322,169,29,100,29,11135,7,87,87,87,87,74,74,74,74,74,0,20
DASCMOP2_BC,1,168,75,1,0.25,75,0,0.00367245079022506,0.0185465431554709,75,20,3,0.00392608490812961,42.6666666666667,0.533512975881413,0.942678897013085,0,20,0,20,4,0.266666666666667,0.205079719582738,0.213517809213303,0,0.213517809213303,NaN,0.4,-0.0533235568829353,0.16,0.209888675588034,0.22652154544131,0.2,400,74,548,548,210,338,175,30,100,30,11025,2,90,90,90,90,75,75,75,75,75,0,20
DASCMOP2_BC,1,169,78,1,0.26,78,0,0.00482634891053352,0.0253588227707679,78,20,3,0.0040831283044548,41.025641025641,0.582508622084446,0.942678897013085,0,20,0,20,2,0.256410256410256,0.253057706788392,0.257251421933749,0,0.257251421933749,NaN,0.5,-0.0052263218587919,0.0769230769230769,0.261110378481562,0.270536122707044,0.1,400,75,550,550,226,324,174,31,100,31,10537,0,93,93,93,93,78,78,78,78,78,0,20
DASCMOP2_BC,1,170,81,1,0.27,81,0,0.00284761753026279,0.0208929745043574,81,20,3,0.00424017170077998,39.5061728395062,0.619057985803804,0.942678897013085,0,19,1,20,5,0.246913580246914,0.055630097851353,0.180151893414892,0,0.181280295455929,NaN,0.4,-0.0628088944003716,0.0740740740740741,0.0558759086608444,0.181866389076642,0.25,400,78,556,556,209,347,178,32,100,32,11551,0,96,96,96,96,81,81,81,81,81,0,20
DASCMOP2_BC,1,171,72,1,0.24,72,0,0.00211669247686842,0.010266260813826,72,20,3,0.00376904151180443,44.4444444444444,0.617068514333311,0.911784823906099,0,19,1,20,4,0.277777777777778,0.107861672222394,0.1755470817606,0,0.1755470817606,NaN,0.3,-0.105873487216908,0.166666666666667,0.110959630400804,0.177768862153493,0.2,400,81,562,562,216,346,181,30,100,30,11472,3,90,90,90,90,72,72,72,72,72,0,20
DASCMOP2_BC,1,172,75,1,0.25,75,0,0.00298926829857355,0.013701045008303,75,20,3,0.00392608490812961,42.6666666666667,0.619057985803804,0.962017005698111,0,18,2,20,3,0.266666666666667,0.244801269783677,0.308844753627491,0,0.308844753627491,NaN,0.2,-0.170451787589493,0.08,0.256258103732296,0.311659927629276,0.15,400,72,544,544,212,332,172,31,100,31,10944,6,93,93,93,93,75,75,75,75,75,0,20
DASCMOP2_BC,1,173,72,1,0.24,72,0,0.00260014262567194,0.0108092121615417,72,20,3,0.00376904151180443,44.4444444444444,0.64514940359922,0.942678897013085,0,19,1,20,1,0.277777777777778,0.178534669498734,0.221704180989001,0,0.221704180989001,NaN,0.2,-0.1350140724389,0.0833333333333333,0.188404688709267,0.224377986608358,0.05,400,75,550,550,212,338,175,30,100,30,10858,0,90,90,90,90,72,72,72,72,72,0,20
DASCMOP2_BC,1,174,74,1,0.26,74,0,0.00365254290521452,0.0307286293662878,74,20,3,0.00387373710935455,43.2432432432432,0.64452281283817,1.07627636226277,0,20,0,20,0,0.27027027027027,0.145306789791767,0.174714524198385,0,0.17933101359992,NaN,0.85,0.110315655708328,0,0.157739907749331,0.180781592096286,0,400,72,544,544,207,337,170,30,100,30,10588,1,90,90,90,90,74,74,74,74,74,0,20
DASCMOP2_BC,1,175,77,1,0.27,77,0,0.00267719844579765,0.0222768565170592,77,20,3,0.00403078050567974,41.5584415584416,0.64452281283817,0.942678897013085,0,19,1,20,9,0.25974025974026,0.0426176314861614,0.0562614559371079,0,0.0566097624035663,NaN,0.5,0.00325756973991415,0.407407407407407,0.0431581451129912,0.0570594698304146,0.45,400,74,548,548,215,333,173,31,100,31,10800,0,93,93,93,93,77,77,77,77,77,0,20
DASCMOP2_BC,1,176,80,1,0.27,80,0,0.00260370778299272,0.0177010977367298,80,20,3,0.00418782390200492,40,0.702875766435686,1.02501314418614,0,18,2,20,8,0.25,0.0125210666125681,0.047664918112823,0,0.0489485249642456,NaN,0.35,-0.0910056693058919,0.333333333333333,0.027895026060459,0.0496414568556182,0.4,400,77,554,554,225,329,178,31,100,31,10710,0,93,93,93,93,80,80,80,80,80,0,20
DASCMOP2_BC,1,177,87,1,0.3,87,0,0.00475475573350957,0.0164739300678058,87,20,3,0.00455425849343035,36.7816091954023,0.702875766435686,0.962017005698111,0,16,4,20,2,0.229885057471264,0.0175128649282427,0.0353337757298482,0,0.0359081628281887,NaN,0.75,0.0840063400620219,0.0666666666666667,0.0341355239210935,0.0383795647799107,0.1,400,80,560,560,222,338,183,31,100,31,11141,0,93,93,93,93,87,87,87,87,87,0,20
DASCMOP2_BC,1,178,90,1,0.3,90,0,0.00503639796790005,0.0257328423330065,90,20,3,0.00471130188975554,35.5555555555556,0.70921816643846,0.996919200319057,0,16,4,20,8,0.222222222222222,0.00922433368556254,0.0147085018352608,0,0.0343761442443673,NaN,0.85,0.103277031525081,0.166666666666667,0.0268734169130636,0.0415534178359914,0.4,400,87,574,574,229,345,188,31,100,31,11355,0,93,93,93,93,90,90,90,90,90,0,20
DASCMOP2_BC,1,179,99,1,0.33,99,0,0.00623579251073253,0.0214902631075391,99,20,3,0.00518243207873109,32.3232323232323,0.702875766435686,1.00085922805757,0,13,7,20,7,0.202020202020202,0.0234775509572542,0.0923255989430019,0,0.0923255989430019,NaN,0.9,0.064622216414013,0.181818181818182,0.0416099755572841,0.0929790994045709,0.35,400,90,580,580,226,354,194,34,100,34,11115,0,102,102,102,102,99,99,99,99,99,0,20
DASCMOP2_BC,1,180,105,1,0.35,105,0,0.00901499879402165,0.0214350179642262,105,20,3,0.00549651887138146,30.4761904761905,0.710898342176923,0.942678897013085,0,11,9,20,2,0.19047619047619,0.00797682027547532,0.011691164468073,0,0.0286181091664647,NaN,0.5,0.0165461434907511,0.0571428571428571,0.0180153516150315,0.038165175109853,0.1,400,99,598,598,249,349,201,35,100,35,11334,0,105,105,105,105,105,105,105,105,105,0,20
DASCMOP2_BC,1,181,105,1,0.35,105,0,0.00504793281633119,0.0153478619134903,105,20,3,0.00549651887138146,30.4761904761905,0.702875766435686,0.957400424595733,0,11,9,20,3,0.19047619047619,0.0150794799506121,0.080678613888084,0,0.0810751435310204,NaN,0.75,0.0676863361050111,0.114285714285714,0.0381783451716754,0.0816820916350095,0.15,400,105,610,610,241,369,205,35,100,35,12025,0,105,105,105,105,105,105,105,105,105,0,20
DASCMOP2_BC,1,182,105,1,0.35,105,0,0.00583458390169132,0.0218569332643579,105,20,3,0.00549651887138146,30.4761904761905,0.64452281283817,0.942678897013085,0,11,9,20,0,0.19047619047619,0.033143253260348,0.0475875813642253,0,0.0475875813642253,NaN,0.7,0.0315619783307592,0,0.0380026258079227,0.0493344730834813,0,400,105,610,610,248,362,206,35,100,35,11639,0,105,105,105,105,105,105,105,105,105,0,20
DASCMOP2_BC,1,183,102,1,0.34,102,0,0.00334722109351176,0.0132274474879343,102,20,3,0.00533947547505627,31.3725490196078,0.673699289636928,0.937291114359545,0,12,8,20,11,0.196078431372549,0.00885846189644362,0.025942321556431,0,0.0277570321901308,NaN,0.5,0.00703877982134909,0.205882352941176,0.0178503341479331,0.0303333494736651,0.55,400,105,610,610,253,357,207,34,100,34,11108,0,102,102,102,102,102,102,102,102,102,0,20
DASCMOP2_BC,1,184,108,1,0.36,108,0,0.00631789625244142,0.0195470205704536,108,20,3,0.00565356226770664,29.6296296296296,0.710898342176923,0.97548517535345,0,10,10,20,6,0.185185185185185,0.0125032429207616,0.0258419626187882,0,0.028113445693447,NaN,0.9,0.0792263874292646,0.166666666666667,0.0244867316539493,0.0334866000384643,0.3,400,102,604,604,254,350,205,36,100,36,10830,0,108,108,108,108,108,108,108,108,108,0,20
DASCMOP2_BC,1,185,99,1,0.33,99,0,0.00800455986711857,0.0243996992406023,99,20,3,0.00518243207873109,32.3232323232323,0.707785799747583,0.97548517535345,0,13,7,20,6,0.202020202020202,0.0173958476475483,0.0279744467853792,0,0.029582221470082,NaN,0.85,0.0933934495618613,0.181818181818182,0.0285570601848824,0.0358781616088391,0.3,400,108,616,616,247,369,208,33,100,33,11753,0,99,99,99,99,99,99,99,99,99,0,20
DASCMOP2_BC,1,186,108,1,0.36,108,0,0.00688945451538799,0.0199769516615428,108,20,3,0.00565356226770664,29.6296296296296,0.710976293772714,0.937291114359545,0,10,10,20,2,0.185185185185185,0.00845716649520087,0.0222251081287528,0,0.0354229103141199,NaN,0.75,0.197147834876514,0.111111111111111,0.0178293512006953,0.0438704316379164,0.1,400,99,598,598,245,353,200,36,100,36,10544,0,108,108,108,108,108,108,108,108,108,0,20
DASCMOP2_BC,1,187,105,1,0.35,105,0,0.0077163024742483,0.020688150658212,105,20,3,0.00549651887138146,30.4761904761905,0.711770075810293,0.942678897013085,0,10,10,20,8,0.19047619047619,0.0351296589813755,0.0503814873576834,0,0.0510844357022123,NaN,0.85,0.184537791463872,0.228571428571429,0.0389930791144063,0.0518901945716256,0.4,400,108,616,616,259,357,208,35,100,35,11045,0,105,105,105,105,105,105,105,105,105,0,20
DASCMOP2_BC,1,188,102,1,0.34,102,0,0.00438057503866282,0.0174491617655562,102,20,3,0.00533947547505627,31.3725490196078,0.705217566799276,0.906000239468865,0,12,8,20,4,0.196078431372549,0.0199250165065474,0.0363637731155495,0,0.0377831885131524,NaN,0.85,0.110227866088743,0.176470588235294,0.0264528834454385,0.0385853649870481,0.2,400,105,610,610,251,359,198,34,100,34,11179,0,102,102,102,102,102,102,102,102,102,0,20
DASCMOP2_BC,1,189,105,1,0.35,105,0,0.00579342317938878,0.0203992813608072,105,20,3,0.00549651887138146,30.4761904761905,0.707559367162867,0.942678897013085,0,10,10,20,4,0.19047619047619,0.0565538086815597,0.0604756400294043,0,0.0668209685729079,NaN,0.9,0.109350985503982,0.171428571428571,0.0596192438107349,0.0672000598582743,0.2,400,102,604,604,254,350,200,35,100,35,10866,0,105,105,105,105,105,105,105,105,105,0,20
DASCMOP2_BC,1,190,105,1,0.35,105,0,0.00764901371404206,0.0225539425374415,105,20,3,0.00549651887138146,30.4761904761905,0.710898342176923,1.02206151907288,0,11,9,20,17,0.19047619047619,0.0143614944448645,0.0221313516808985,0,0.0264646540564539,NaN,0.8,0.0868189253912278,0.314285714285714,0.015286256054769,0.0273628911454971,0.85,400,105,610,610,250,360,205,35,100,35,10893,0,105,105,105,105,105,105,105,105,105,0,20
DASCMOP2_BC,1,191,114,1,0.38,114,0,0.00570122566047832,0.0160748275027273,114,20,3,0.00596764906035701,28.0701754385965,0.702875766435686,1.02206151907288,0,8,12,20,2,0.175438596491228,0.0356863693634744,0.0832038249691309,0,0.0839780143458106,NaN,0.65,0.156202187133114,0.0526315789473684,0.0422231137247852,0.0843800222296123,0.1,400,105,610,610,243,367,207,38,100,38,11722,0,114,114,114,114,114,114,114,114,114,0,20
DASCMOP2_BC,1,192,114,1,0.38,114,0,0.00501799298725505,0.0160477930742652,114,20,3,0.00596764906035701,28.0701754385965,0.707559367162867,1.02206151907288,0,8,12,20,5,0.175438596491228,0.0563053065858755,0.0599822884595857,0,0.0603671005175929,NaN,0.55,0.0490254428089664,0.105263157894737,0.0591369070372856,0.0610250191533017,0.25,400,114,628,628,255,373,217,38,100,38,12765,0,114,114,114,114,114,114,114,114,114,0,20
DASCMOP2_BC,1,193,114,1,0.38,114,0,0.00513089491656375,0.0160451245472209,114,20,3,0.00596764906035701,28.0701754385965,0.705217566799276,1.02206151907288,0,8,12,20,7,0.175438596491228,0.021408928356291,0.0509909276658555,0,0.0509909276658555,NaN,0.6,0.06630813457414,0.157894736842105,0.0281764376129587,0.0525059115519311,0.35,400,114,628,628,271,357,217,38,100,38,12041,0,114,114,114,114,114,114,114,114,114,0,20
DASCMOP2_BC,1,194,111,1,0.37,111,0,0.00471966835770054,0.0161791251280047,111,20,3,0.00581060566403183,28.8288288288288,0.707559367162867,0.97548517535345,0,9,11,20,5,0.18018018018018,0.0827613608321134,0.141932879688003,0,0.141932879688003,NaN,0.9,0.093469439814432,0.108108108108108,0.0909085989695268,0.146346396391888,0.25,400,114,628,628,254,374,211,37,100,37,11917,0,111,111,111,111,111,111,111,111,111,0,20
DASCMOP2_BC,1,195,111,1,0.37,111,0,0.00680243979088735,0.0179187283423268,111,20,3,0.00581060566403183,28.8288288288288,0.710898342176923,0.97548517535345,0,9,11,20,0,0.18018018018018,0.0828782610772908,0.112654523466221,0,0.112769990273701,NaN,0.8,0.160554633080545,0,0.0840585695571547,0.114480772396522,0,400,111,622,622,259,363,211,37,100,37,11582,0,111,111,111,111,111,111,111,111,111,0,20
DASCMOP2_BC,1,196,111,1,0.37,111,0,0.00636303703032366,0.0223004360242372,111,20,3,0.00581060566403183,28.8288288288288,0.685269411637833,0.942678897013085,0,9,11,20,6,0.18018018018018,0.0346963468883956,0.0439860865937693,0,0.0439860865937693,NaN,0.65,0.0989955024709998,0.162162162162162,0.0353050583376697,0.0442967667376434,0.3,400,111,622,622,260,362,212,37,100,37,11507,0,111,111,111,111,111,111,111,111,111,0,20
DASCMOP2_BC,1,197,120,1,0.4,120,0,0.00725516157641938,0.0251474370764831,120,20,3,0.00628173585300738,26.6666666666667,0.710976293772714,0.998773347213165,0,6,14,20,10,0.166666666666667,0.0170401082945399,0.0402022454650519,0,0.0420677952434025,NaN,0.75,0.102475790266421,0.125,0.0213804172236422,0.0422119439722673,0.5,400,111,622,622,252,370,213,40,100,40,11505,0,120,120,120,120,120,120,120,120,120,0,20
DASCMOP2_BC,1,198,108,1,0.36,108,0,0.00627850448557222,0.0194290148988646,108,20,3,0.00565356226770664,29.6296296296296,0.673699289636928,1.02206151907288,0,10,10,20,2,0.185185185185185,0.0310880399802043,0.0357679069627075,0,0.0465104172123518,NaN,0.65,0.190015162353834,0.0555555555555556,0.0455456742534753,0.0535521569148809,0.1,400,120,640,640,273,367,221,36,100,36,11884,0,108,108,108,108,108,108,108,108,108,0,20
DASCMOP2_BC,1,199,114,1,0.38,114,0,0.00648214766796699,0.0210589718895375,114,20,3,0.00596764906035701,28.0701754385965,0.673699289636928,1.02206151907288,0,8,12,20,7,0.175438596491228,0.0289794256915496,0.0477477658441887,0,0.0493865326265368,NaN,0.7,0.0958117472411821,0.157894736842105,0.0340067286920725,0.0497875168763195,0.35,400,108,616,616,262,354,208,38,100,38,11156,0,114,114,114,114,114,114,114,114,114,0,20
DASCMOP2_BC,1,200,108,1,0.36,108,0,0.00497983338416023,0.0183293102499291,108,20,3,0.00565356226770664,29.6296296296296,0.706887054306304,0.960336725566178,0,9,11,20,12,0.185185185185185,0.00814087102888168,0.0154770471164424,0,0.0203553985807359,NaN,0.8,0.0615845492808474,0.194444444444444,0.0137050950053429,0.0234370574811821,0.6,400,114,628,628,264,364,211,36,100,36,11212,0,108,108,108,108,108,108,108,108,108,0,20
DASCMOP2_BC,1,201,117,1,0.39,117,0,0.00566491580664037,0.0193356920692985,117,20,3,0.0061246924566822,27.3504273504273,0.746643579325419,1.01274625032899,0,7,13,20,2,0.170940170940171,0.105217082118919,0.108215593433609,0,0.118080914303549,NaN,0.7,0.113338007168038,0.0512820512820513,0.114949554940805,0.119580265564646,0.1,400,108,616,616,250,366,201,39,100,39,10887,0,117,117,117,117,117,117,117,117,117,0,20
DASCMOP2_BC,1,202,114,1,0.38,114,0,0.00585959236194302,0.0184235977145004,114,20,3,0.00596764906035701,28.0701754385965,0.709228854669895,0.85866932806777,0,8,12,20,4,0.175438596491228,0.0725174286933923,0.0939286354819489,0,0.0939286354819489,NaN,0.75,0.102512296660027,0.0789473684210526,0.0802913444195124,0.0984081443664806,0.2,400,117,634,634,261,373,217,38,100,38,12471,0,114,114,114,114,114,114,114,114,114,0,20
DASCMOP2_BC,1,203,111,1,0.37,111,0,0.00365864392574614,0.0141011934166795,111,20,3,0.00581060566403183,28.8288288288288,0.64452281283817,0.892326901094068,0,9,11,20,4,0.18018018018018,0.027369788621265,0.107323782766939,0,0.108126649772998,NaN,0.9,0.109103495424498,0.162162162162162,0.037155880579381,0.108204431754078,0.2,400,114,628,628,258,370,214,38,100,38,12195,0,114,114,114,114,111,111,111,111,111,0,20
DASCMOP2_BC,1,204,117,1,0.39,117,0,0.00488326955120253,0.0172214560077401,117,20,3,0.0061246924566822,27.3504273504273,0.711770075810293,0.958630847491777,0,6,14,20,15,0.170940170940171,0.0186678956947582,0.0284368046682714,0,0.0298485299621286,NaN,0.85,0.180008798935063,0.307692307692308,0.0199860255914142,0.0300741924647291,0.75,400,111,622,622,262,360,214,39,100,39,12045,0,117,117,117,117,117,117,117,117,117,0,20
DASCMOP2_BC,1,205,114,1,0.38,114,0,0.00479316122283574,0.0167602036400233,114,20,3,0.00596764906035701,28.0701754385965,0.710898342176923,0.914188452640884,0,7,13,20,6,0.175438596491228,0.0218942543051292,0.0288156837324235,0,0.0288160838156309,NaN,0.9,0.185366214417943,0.105263157894737,0.0250010428444023,0.0292870383233177,0.3,400,117,634,634,258,376,214,38,100,38,12257,0,114,114,114,114,114,114,114,114,114,0,20
DASCMOP2_BC,1,206,108,1,0.36,108,0,0.00423958982981907,0.0168096211137339,108,20,3,0.00565356226770664,29.6296296296296,0.706887054306304,0.960336725566178,0,10,10,20,8,0.185185185185185,0.0457207812165031,0.0556728600000628,0,0.0574535195060841,NaN,0.75,0.158318177094313,0.166666666666667,0.0475011355676549,0.060644581760082,0.4,400,114,628,628,253,375,212,37,100,37,12338,0,111,111,111,111,108,108,108,108,108,0,20
DASCMOP2_BC,1,207,114,1,0.38,114,0,0.0043403124259743,0.0171823424892044,114,20,3,0.00596764906035701,28.0701754385965,0.706887054306304,0.873847135071991,0,7,13,20,14,0.175438596491228,0.0697263737850996,0.0880103950431692,0,0.0880103950431692,NaN,0.65,0.10455808218545,0.315789473684211,0.0780109736743713,0.0920612735108478,0.7,400,108,616,616,260,356,206,38,100,38,11057,0,114,114,114,114,114,114,114,114,114,0,20
DASCMOP2_BC,1,208,120,1,0.4,120,0,0.00628104949494311,0.0194522944234688,120,20,3,0.00628173585300738,26.6666666666667,0.694072589036759,0.899096976844437,0,6,14,20,8,0.166666666666667,0.00835038630412053,0.0298101182882431,0,0.0441378483185195,NaN,0.75,0.125220474180885,0.1,0.0266984816888346,0.0451934062831997,0.4,400,114,628,628,253,375,216,40,100,40,12119,0,120,120,120,120,120,120,120,120,120,0,20
DASCMOP2_BC,1,209,114,1,0.38,114,0,0.00566537421740228,0.0181686268598267,114,20,3,0.00596764906035701,28.0701754385965,0.706887054306304,0.905867052594806,0,8,12,20,7,0.175438596491228,0.0912187915941301,0.11481792698396,0,0.11481792698396,NaN,0.8,0.178945983821359,0.131578947368421,0.094518491246836,0.11550197966919,0.35,400,120,640,640,261,379,217,38,100,38,11992,0,114,114,114,114,114,114,114,114,114,0,20
DASCMOP2_BC,1,210,114,1,0.38,114,0,0.00556309980062732,0.0184648418972413,114,20,3,0.00596764906035701,28.0701754385965,0.711334208993608,0.960278664763197,0,8,12,20,0,0.175438596491228,0.0561564773524478,0.0605517855761,0,0.0621826144408489,NaN,0.9,0.176129946429077,0,0.0575267704374693,0.0621916512980277,0,400,114,628,628,254,374,211,38,100,38,11250,0,114,114,114,114,114,114,114,114,114,0,20
DASCMOP2_BC,1,211,117,1,0.39,117,0,0.00416685816361457,0.0177589350067511,117,20,3,0.0061246924566822,27.3504273504273,0.656307747697937,0.884847440421557,0,7,13,20,4,0.170940170940171,0.14862899157793,0.186035293752585,0,0.186035293752585,NaN,0.75,0.149542219957004,0.0512820512820513,0.161197559257264,0.190342846281963,0.2,400,114,628,628,262,366,217,39,100,39,11836,0,117,117,117,117,117,117,117,117,117,0,20
DASCMOP2_BC,1,212,111,1,0.37,111,0,0.00402619727876411,0.0158746556266013,111,20,3,0.00581060566403183,28.8288288288288,0.656307747697937,0.892326901094068,0,9,11,20,9,0.18018018018018,0.0222318796601264,0.0646459733703021,0,0.0646459733703021,NaN,0.55,0.0560902596005511,0.162162162162162,0.0279996135590699,0.0650170007740856,0.45,400,117,634,634,255,379,217,38,100,38,12709,0,114,114,114,114,111,111,111,111,111,0,20
DASCMOP2_BC,1,213,108,1,0.36,108,0,0.00369682257888876,0.0174657986427071,108,20,3,0.00565356226770664,29.6296296296296,0.686244425565793,0.892326901094068,0,9,11,20,18,0.185185185185185,0.0138721231809564,0.0726523573214391,0,0.0726523573214391,NaN,0.8,0.100678394890944,0.388888888888889,0.0223826563896192,0.0729123541970624,0.9,400,111,622,622,264,358,214,38,100,38,11516,0,114,114,114,114,108,108,108,108,108,0,20
DASCMOP2_BC,1,214,108,1,0.36,108,0,0.00311521722591223,0.0147194613137803,108,20,3,0.00565356226770664,29.6296296296296,0.6589491283263,0.878710136691429,0,9,11,20,7,0.185185185185185,0.0587721688660332,0.068070178974861,0,0.068468697460886,NaN,0.7,0.116463146220251,0.166666666666667,0.0599028352474896,0.0690583095541255,0.35,400,108,616,616,254,362,210,39,100,39,11408,0,117,117,117,117,108,108,108,108,108,0,20
DASCMOP2_BC,1,215,111,1,0.37,111,0,0.00351145274446988,0.0139593809101564,111,20,3,0.00581060566403183,28.8288288288288,0.619057985803804,1.02206151907288,0,9,11,20,0,0.18018018018018,0.157210692073795,0.204142260017077,0,0.223424534672122,NaN,0.9,0.128194944498788,0,0.170221690513312,0.223542666999717,0,400,108,616,616,253,363,209,40,100,40,11286,0,120,120,120,120,111,111,111,111,111,0,20
DASCMOP2_BC,1,216,111,1,0.37,111,0,0.00342786234602358,0.014355030823838,111,20,3,0.00581060566403183,28.8288288288288,0.650622225835843,0.873847135071991,0,8,12,20,3,0.18018018018018,0.109564106906903,0.164211380560458,0,0.1822198208235,NaN,0.75,0.127342281924814,0.108108108108108,0.120004870508447,0.182463260974011,0.15,400,111,622,622,260,362,212,39,100,39,11018,0,117,117,117,117,111,111,111,111,111,0,20
DASCMOP2_BC,1,217,114,1,0.38,114,0,0.00390729486597085,0.0169577878304998,114,20,3,0.00596764906035701,28.0701754385965,0.638693522817726,0.920544028217567,0,8,12,20,7,0.175438596491228,0.0285356437999831,0.0406268775765972,0,0.0568035203984982,NaN,0.7,0.159974078110181,0.210526315789474,0.0365595563445835,0.0658404311180908,0.35,400,111,622,622,249,373,212,41,100,41,11393,0,123,123,123,123,114,114,114,114,114,0,20
DASCMOP2_BC,1,218,111,1,0.37,111,0,0.00378695238815472,0.0135381953837222,111,20,3,0.00581060566403183,28.8288288288288,0.619057985803804,0.960278664763197,0,9,11,20,8,0.18018018018018,0.0493608679284162,0.0766745098256396,0,0.0791513907316869,NaN,0.95,0.0828665293563139,0.297297297297297,0.0503340370218888,0.0793599257076188,0.4,400,114,628,628,260,368,216,40,100,40,11455,0,120,120,120,120,111,111,111,111,111,0,20
DASCMOP2_BC,1,219,108,1,0.36,108,0,0.00366619454674192,0.0133623499449,108,20,3,0.00565356226770664,29.6296296296296,0.644657874326785,0.892326901094068,0,10,10,20,11,0.185185185185185,0.00832736953139615,0.0327805234889264,0,0.0356920871129432,NaN,0.95,0.103559750807794,0.333333333333333,0.0152740462780436,0.0369771234932559,0.55,400,111,622,622,258,364,211,39,100,39,11126,0,117,117,117,117,108,108,108,108,108,0,20
DASCMOP2_BC,1,220,117,1,0.39,117,0,0.00409221035739258,0.0159814971966551,117,20,3,0.0061246924566822,27.3504273504273,0.685269411637833,0.946734760671756,0,7,13,20,10,0.170940170940171,0.0102476844490252,0.0540817392216683,0,0.0628461378737574,NaN,0.75,0.116924684493835,0.282051282051282,0.0195742681148073,0.0630869589338296,0.5,400,108,616,616,255,361,208,41,100,41,10561,0,123,123,123,123,117,117,117,117,117,0,20
DASCMOP2_BC,1,221,120,1,0.4,120,0,0.0031076542390973,0.0122901286080184,120,20,3,0.00628173585300738,26.6666666666667,0.681933557430402,0.883087018083029,0,6,14,20,6,0.166666666666667,0.0198601849958621,0.0566020321855447,0,0.0601225760942582,NaN,0.8,0.121253452718232,0.2,0.0350253534400273,0.0603004934012456,0.3,400,117,634,634,259,375,218,42,100,42,11335,0,126,126,126,126,120,120,120,120,120,0,20
DASCMOP2_BC,1,222,114,1,0.38,114,0,0.00323087614215176,0.0130689705431824,114,20,3,0.00596764906035701,28.0701754385965,0.681933557430402,0.892326901094068,0,8,12,20,7,0.175438596491228,0.0374330248107893,0.0754794357286502,0,0.0824438539244431,NaN,0.85,0.129378846439323,0.210526315789474,0.0408495254804748,0.0825882868223777,0.35,400,120,640,640,260,380,220,40,100,40,11551,0,120,120,120,120,114,114,114,114,114,0,20
DASCMOP2_BC,1,223,114,1,0.38,114,0,0.00328743666218116,0.0121607641254633,114,20,3,0.00596764906035701,28.0701754385965,0.686244425565793,0.873847135071991,0,7,13,20,4,0.175438596491228,0.0445779951472079,0.0528152503966305,0,0.0533294859240131,NaN,0.7,0.154993239425307,0.105263157894737,0.045744181963282,0.053884857919004,0.2,400,114,628,628,258,370,214,40,100,40,11503,1,120,120,120,120,114,114,114,114,114,0,20
DASCMOP2_BC,1,224,117,1,0.39,117,0,0.00423026656783305,0.0145061862265793,117,20,3,0.0061246924566822,27.3504273504273,0.710898342176923,1.00974530168893,0,7,13,20,4,0.170940170940171,0.00678706710763118,0.0371691428425881,0,0.0404996579724234,NaN,1,0.131564134652023,0.153846153846154,0.0187139697885387,0.0483925314784384,0.2,400,114,628,628,261,367,210,41,100,41,10883,0,123,123,123,123,117,117,117,117,117,0,20
DASCMOP2_BC,1,225,120,1,0.4,120,0,0.00333110703455118,0.0137027013487496,120,20,3,0.00628173585300738,26.6666666666667,0.687001238785515,0.909683161011174,0,6,14,20,11,0.166666666666667,0.0582700714789969,0.071391463981849,0,0.0797819801028505,NaN,0.95,0.170913508165917,0.325,0.0685802115323778,0.0803471260547156,0.55,400,117,634,634,256,378,218,42,100,42,11634,0,126,126,126,126,120,120,120,120,120,0,20
DASCMOP2_BC,1,226,117,1,0.39,117,0,0.00257968314016314,0.010185492741514,117,20,3,0.0061246924566822,27.3504273504273,0.711770075810293,0.960451690835739,0,7,13,20,7,0.170940170940171,0.0661479683813559,0.0944445349048984,0,0.107207371000815,NaN,0.9,0.211188390592048,0.256410256410256,0.0698639401137045,0.107398282326625,0.35,400,120,640,640,262,378,221,41,100,41,12300,0,123,123,123,123,117,117,117,117,117,0,20
DASCMOP2_BC,1,227,114,1,0.38,114,0,0.0035757902045684,0.011871895551348,114,20,3,0.00596764906035701,28.0701754385965,0.711334208993608,1.02206151907288,0,8,12,20,9,0.175438596491228,0.0115514979689338,0.0220747449683597,0,0.037936116594233,NaN,0.7,0.139039191329865,0.368421052631579,0.0187806984782987,0.0480905269483929,0.45,400,117,634,634,256,378,221,40,100,40,11627,0,120,120,120,120,114,114,114,114,114,0,20
DASCMOP2_BC,1,228,123,1,0.41,123,0,0.0044621427222106,0.0173043215213335,123,20,3,0.00643877924933257,26.0162601626016,0.685269411637833,0.969615285409053,0,5,15,20,1,0.16260162601626,0.00572771914094656,0.0266107998905712,0,0.0368006131448263,NaN,0.75,0.0485176895442908,0.0487804878048781,0.0229320879816306,0.0372486605032032,0.05,400,114,628,628,264,364,214,43,100,43,10817,0,129,129,129,129,123,123,123,123,123,0,20
DASCMOP2_BC,1,229,123,1,0.41,123,0,0.00360343874090429,0.0133193636557062,123,20,3,0.00643877924933257,26.0162601626016,0.710898342176923,0.960365466883568,0,5,15,20,1,0.16260162601626,0.0269854886907924,0.0488094909709574,0,0.050634108358788,NaN,0.85,0.154063178517693,0.0487804878048781,0.033483365494431,0.0534191323797362,0.05,400,123,646,646,265,381,224,43,100,43,12498,0,129,129,129,129,123,123,123,123,123,0,20
DASCMOP2_BC,1,230,123,1,0.41,123,0,0.00387930705585759,0.0150456535768616,123,20,3,0.00643877924933257,26.0162601626016,0.685269411637833,0.960365466883568,0,5,15,20,8,0.16260162601626,0.00685038950171702,0.0276270833680914,0,0.0313765619608038,NaN,0.85,0.121339367647696,0.390243902439024,0.0203008986998936,0.0357917527712288,0.4,400,123,646,646,267,379,221,43,100,43,11547,0,129,129,129,129,123,123,123,123,123,0,20
DASCMOP2_BC,1,231,117,1,0.39,117,0,0.00390347019807792,0.014897106577478,117,20,3,0.0061246924566822,27.3504273504273,0.711770075810293,0.960480432153129,0,6,14,20,13,0.170940170940171,0.00623436848629313,0.0232190957411232,0,0.0242091258084608,NaN,0.8,0.0569733232074616,0.461538461538462,0.0206372326922009,0.027615077987477,0.65,400,123,646,646,266,380,226,41,100,41,12228,0,123,123,123,123,117,117,117,117,117,0,20
DASCMOP2_BC,1,232,123,1,0.41,123,0,0.00204701167144365,0.00925102760976926,123,20,3,0.00643877924933257,26.0162601626016,0.76862035613498,1.02470329199543,0,5,15,20,6,0.16260162601626,0.0197670853670066,0.0323015282602584,0,0.0340239505274263,NaN,0.7,0.0607922128979212,0.170731707317073,0.0269713182861314,0.0363877641250307,0.3,400,117,634,634,260,374,214,43,100,43,11508,0,129,129,129,129,123,123,123,123,123,0,20
DASCMOP2_BC,1,233,120,1,0.4,120,0,0.00336861020134437,0.0142075287634087,120,20,3,0.00628173585300738,26.6666666666667,0.722661170043906,0.991270975613004,0,5,15,20,2,0.166666666666667,0.0126455747004138,0.0282961169002676,0,0.0377514855292108,NaN,0.85,0.0893621833018265,0.1,0.020943161235269,0.0433964945937167,0.1,400,123,646,646,270,376,225,43,100,43,11031,0,129,129,129,129,120,120,120,120,120,0,20
DASCMOP2_BC,1,234,123,1,0.41,123,0,0.0020793129483833,0.00922969148956288,123,20,3,0.00643877924933257,26.0162601626016,0.716581158856662,0.972796649537079,0,5,15,20,9,0.16260162601626,0.0159212420667403,0.0327303326001586,0,0.035210786036572,NaN,0.75,0.0392502744649065,0.24390243902439,0.0255489222225034,0.0354928137378746,0.45,400,120,640,640,262,378,221,43,100,43,11769,0,129,129,129,129,123,123,123,123,123,0,20
DASCMOP2_BC,1,235,123,1,0.41,123,0,0.00277365038843204,0.0121593492669303,123,20,3,0.00643877924933257,26.0162601626016,0.720448047834391,0.99220246682046,0,5,15,20,5,0.16260162601626,0.238863267143676,0.257280148510116,0,0.273605921313008,NaN,0.9,0.0749122545229897,0.170731707317073,0.242675844792,0.273824162397955,0.25,400,123,646,646,266,380,226,44,100,44,12320,0,132,132,132,132,123,123,123,123,123,0,20
DASCMOP2_BC,1,236,123,1,0.41,123,0,0.00282289191567271,0.0109084193507019,123,20,3,0.00643877924933257,26.0162601626016,0.716581158856662,0.972300806256296,0,5,15,20,7,0.16260162601626,0.116734397995402,0.148753616826344,0,0.160275067317818,NaN,0.8,0.0973211948854762,0.292682926829268,0.127265558590037,0.163786554238902,0.35,400,123,646,646,263,383,223,44,100,44,11964,0,132,132,132,132,123,123,123,123,123,0,20
DASCMOP2_BC,1,237,126,1,0.42,126,0,0.00428267498835863,0.0161170689069946,126,20,3,0.00659582264565775,25.3968253968254,0.714175617333477,0.960480432153129,0,4,16,20,18,0.158730158730159,0.00187745754145876,0.0664013056635181,0,0.0665717524931417,NaN,0.65,0.0333017264936069,0.333333333333333,0.0127762338251657,0.0669234444318392,0.9,400,123,646,646,258,388,223,45,100,45,12076,0,135,135,135,135,126,126,126,126,126,0,20
DASCMOP2_BC,1,238,114,1,0.38,114,0,0.00180739876727388,0.00635986619878107,114,20,3,0.00596764906035701,28.0701754385965,0.716109061822342,0.969709225060633,0,7,13,20,14,0.175438596491228,0.00304114182421735,0.0154614206812597,0,0.0198343062728324,NaN,0.8,0.125955280737148,0.605263157894737,0.0129498764050268,0.020597064850877,0.7,400,126,652,652,264,388,217,44,100,44,12330,0,132,132,132,132,114,114,114,114,114,0,20
DASCMOP2_BC,1,239,123,1,0.41,123,0,0.00308764470370372,0.013528245942639,123,20,3,0.00643877924933257,26.0162601626016,0.716581158856662,0.910447762045059,0,4,16,20,5,0.16260162601626,0.010240328035309,0.024266140976023,0,0.0287472413075774,NaN,0.8,0.0545439909046353,0.24390243902439,0.0210007845010571,0.0293226094799297,0.25,400,114,628,628,262,366,214,45,100,45,11375,0,135,135,135,135,123,123,123,123,123,0,20
DASCMOP2_BC,1,240,123,1,0.41,123,0,0.00325011222950515,0.0151379920924771,123,20,3,0.00643877924933257,26.0162601626016,0.711770075810293,0.926322590156612,0,5,15,20,4,0.16260162601626,0.0227141549345422,0.0384143815426665,0,0.0459876536414356,NaN,0.7,0.0826232897749837,0.170731707317073,0.028027702709237,0.0463756764301421,0.2,400,123,646,646,266,380,224,43,100,43,11594,0,129,129,129,129,123,123,123,123,123,0,20
DASCMOP2_BC,1,241,117,1,0.39,117,0,0.00191347739091002,0.00781184973176655,117,20,3,0.0061246924566822,27.3504273504273,0.716581158856662,0.90758149811625,0,6,14,20,8,0.170940170940171,0.0200011393529789,0.0323491130981559,0,0.0338060117641258,NaN,0.85,0.116613677610116,0.307692307692308,0.0251208812593009,0.0339506025699966,0.4,400,123,646,646,269,377,225,44,100,44,12190,0,132,132,132,132,117,117,117,117,117,0,20
DASCMOP2_BC,1,242,114,1,0.38,114,0,0.00259995107635761,0.0136108099132375,114,20,3,0.00596764906035701,28.0701754385965,0.698519743724063,0.907923695501932,0,7,13,20,9,0.175438596491228,0.05987179724304,0.10255364701737,0,0.106952551940777,NaN,0.85,0.126388570876961,0.315789473684211,0.0605798609190355,0.107125694900255,0.45,400,117,634,634,255,379,218,44,100,44,11522,0,132,132,132,132,114,114,114,114,114,0,20
DASCMOP2_BC,1,243,129,1,0.43,129,0,0.00341844039244732,0.0153541780438453,129,20,3,0.00675286604198293,24.8062015503876,0.724874292253421,0.969709225060633,0,3,17,20,18,0.155038759689922,0.0117809138743289,0.0292161707872302,0,0.0330992011005587,NaN,0.9,0.139119959341475,0.395348837209302,0.0146854262485272,0.0337800473897545,0.9,400,114,628,628,252,376,216,46,100,46,11642,0,138,138,138,138,129,129,129,129,129,0,20
DASCMOP2_BC,1,244,120,1,0.4,120,0,0.00276535355485058,0.00908804343408854,120,20,3,0.00628173585300738,26.6666666666667,0.716109061822342,0.988830256860741,0,6,14,20,1,0.166666666666667,0.164783443057709,0.208821785219913,0,0.220439684473656,NaN,0.8,0.100211009343369,0.05,0.174757453952843,0.223197071487194,0.05,400,129,658,658,263,395,231,45,100,45,12182,0,135,135,135,135,120,120,120,120,120,0,20
DASCMOP2_BC,1,245,120,1,0.4,120,0,0.00184601614957741,0.00945670186037029,120,20,3,0.00628173585300738,26.6666666666667,0.720727725555041,0.979425807761359,0,6,14,20,14,0.166666666666667,0.0265605872222823,0.0567430873769112,0,0.0570424760954453,NaN,0.6,0.0386048513716511,0.475,0.0272521415582508,0.0582294919108391,0.7,400,120,640,640,275,365,217,43,100,43,11597,0,129,129,129,129,120,120,120,120,120,0,20
DASCMOP2_BC,1,246,117,1,0.39,117,0,0.00240834462227096,0.0123696519467515,117,20,3,0.0061246924566822,27.3504273504273,0.711770075810293,0.957352119148892,0,6,14,20,7,0.170940170940171,0.0384775149161936,0.0650414308194923,0,0.0668795620490805,NaN,0.9,0.127552742999638,0.256410256410256,0.0483344222712976,0.0674688391454845,0.35,400,120,640,640,272,368,217,44,100,44,11152,0,132,132,132,132,117,117,117,117,117,0,20
DASCMOP2_BC,1,247,126,1,0.42,126,0,0.00432235551980674,0.0158559024781935,126,20,3,0.00659582264565775,25.3968253968254,0.69174297169477,0.969709225060633,0,3,17,20,6,0.158730158730159,0.0467373452753635,0.0578482578537113,0,0.0699344985099512,NaN,0.75,0.149063044238286,0.119047619047619,0.052759591265394,0.0701026913282481,0.3,400,117,634,634,266,368,217,45,100,45,11271,0,135,135,135,135,126,126,126,126,126,0,20
DASCMOP2_BC,1,248,130,1,0.44,130,0,0.00352474933174073,0.0148748487894237,130,20,3,0.006805213840758,24.6153846153846,0.711770075810293,0.937359955448111,0,3,17,20,7,0.153846153846154,0.0644720241192392,0.126282592181448,0,0.142140190265454,NaN,0.6,0.0730300288229265,0.159090909090909,0.0678398532468076,0.14256637876255,0.35,400,126,652,652,266,386,227,46,100,46,12201,0,138,138,138,138,130,130,130,130,130,0,20
DASCMOP2_BC,1,249,132,1,0.44,132,0,0.00475157251725896,0.0186506526231641,132,20,3,0.00690990943830812,24.2424242424242,0.718322184031857,0.937359955448111,0,3,17,20,4,0.151515151515152,0.0138865000077001,0.0238841202095104,0,0.0400128221748283,NaN,0.35,-0.0366349754316741,0.0681818181818182,0.029801230887123,0.0400128221748283,0.2,400,130,660,660,281,379,231,46,100,46,11906,0,138,138,138,138,132,132,132,132,132,0,20
DASCMOP2_BC,1,250,126,1,0.42,126,0,0.00254705894479949,0.0141241260813309,126,20,3,0.00659582264565775,25.3968253968254,0.69174297169477,0.969709225060633,0,5,15,20,8,0.158730158730159,0.0370648041957051,0.0565717287355884,0,0.0578420036801561,NaN,0.8,0.0952973135746955,0.380952380952381,0.0441805724594798,0.0610856177978575,0.4,400,132,664,664,273,391,233,44,100,44,12758,0,132,132,132,132,126,126,126,126,126,0,20
DASCMOP2_BC,1,251,120,1,0.4,120,0,0.002564019357136,0.0127918377178627,120,20,3,0.00628173585300738,26.6666666666667,0.664011807638592,0.977223464408994,0,5,15,20,6,0.166666666666667,0.0343307804064313,0.0505015238369387,0,0.0505015238369387,NaN,0.55,0.059248200831338,0.25,0.0362854793453366,0.0521343898470459,0.3,400,126,652,652,264,388,224,46,100,46,11305,0,138,138,138,138,120,120,120,120,120,0,20
DASCMOP2_BC,1,252,114,1,0.38,114,0,0.00208429733470403,0.00720031891170956,114,20,3,0.00596764906035701,28.0701754385965,0.656307747697937,0.907615717854818,0,8,12,20,2,0.175438596491228,0.196332251575149,0.238416415140601,0,0.254446902836819,NaN,0.8,0.0948349608642292,0.0526315789473684,0.206407305443003,0.255226469016614,0.1,400,120,640,640,265,375,221,45,100,45,10793,0,135,135,135,135,114,114,114,114,114,0,20
DASCMOP2_BC,1,253,117,1,0.39,117,0,0.00272999697348849,0.010862478501937,117,20,3,0.0061246924566822,27.3504273504273,0.671715867579247,0.963239371138128,0,6,14,20,9,0.170940170940171,0.0045529894129892,0.0620516527879943,0,0.0634958444182767,NaN,0.8,0.114752497183772,0.384615384615385,0.0229047437894324,0.0635300804660599,0.45,400,114,628,628,252,376,214,45,100,45,11604,0,135,135,135,135,117,117,117,117,117,0,20
DASCMOP2_BC,1,254,111,1,0.37,111,0,0.00232829394009336,0.0104995995324376,111,20,3,0.00581060566403183,28.8288288288288,0.656307747697937,0.969709225060633,0,8,12,20,1,0.18018018018018,0.0296092420654098,0.0719023986686744,0,0.0723684666739882,NaN,0.85,0.180372815284607,0.0540540540540541,0.0400599642098468,0.0728705688301752,0.05,400,117,634,634,259,375,218,42,100,42,11708,0,126,126,126,126,111,111,111,111,111,0,20
DASCMOP2_BC,1,255,117,1,0.39,117,0,0.00300254159054328,0.0123329019458264,117,20,3,0.0061246924566822,27.3504273504273,0.652124206173703,1.02048988679124,0,7,13,20,11,0.170940170940171,0.0229880302115916,0.0793492277488013,0,0.0793492277488013,NaN,0.8,0.0660649317923934,0.358974358974359,0.024035628032713,0.0796997284447825,0.55,400,111,622,622,254,368,212,44,100,44,10699,1,132,132,132,132,117,117,117,117,117,0,20
DASCMOP2_BC,1,256,122,1,0.41,122,0,0.00175662595907606,0.00739929754587551,122,20,3,0.0063864314505575,26.2295081967213,0.671715867579247,0.990952513308478,0,3,17,20,2,0.163934426229508,0.108932266460004,0.169713894053728,0,0.185039672275808,NaN,0.75,0.0923587411667074,0.0975609756097561,0.11735874536947,0.185139479343736,0.1,400,117,634,634,253,381,218,45,100,45,11136,0,135,135,135,135,122,122,122,122,122,0,20
DASCMOP2_BC,1,257,120,1,0.4,120,0,0.00211686133561565,0.0085493574636909,120,20,3,0.00628173585300738,26.6666666666667,0.664011807638592,1.04579097950593,0,6,14,20,7,0.166666666666667,0.0364291688191008,0.0747603096056094,0,0.0783268039230337,NaN,0.65,0.0491940315563673,0.275,0.0414259416453621,0.0783630088603672,0.35,400,122,644,644,263,381,223,44,100,44,11914,0,132,132,132,132,120,120,120,120,120,0,20
DASCMOP2_BC,1,258,120,1,0.4,120,0,0.00269638871534129,0.0108881962854502,120,20,3,0.00628173585300738,26.6666666666667,0.664011807638592,1.04579097950593,0,6,14,20,12,0.166666666666667,0.0204621942363066,0.0742861882961785,0,0.0751807391374906,NaN,0.75,0.0664325600786781,0.25,0.0223937438153034,0.075239243074725,0.6,400,120,640,640,273,367,222,44,100,44,11715,0,132,132,132,132,120,120,120,120,120,0,20
DASCMOP2_BC,1,259,129,1,0.43,129,0,0.0041416179394183,0.0160046136931067,129,20,3,0.00675286604198293,24.8062015503876,0.681577115309515,0.992922809964127,0,3,17,20,5,0.155038759689922,0.0178796055614911,0.0352924523246297,0,0.0417379841477153,NaN,0.6,0.0148883749339186,0.186046511627907,0.019050506606011,0.0421030978536819,0.25,400,120,640,640,263,377,220,45,100,45,11182,0,135,135,135,135,129,129,129,129,129,0,20
DASCMOP2_BC,1,260,123,1,0.41,123,0,0.00213441752023096,0.00769495691351637,123,20,3,0.00643877924933257,26.0162601626016,0.656307747697937,0.937359955448111,0,5,15,20,11,0.16260162601626,0.00514677800497056,0.0272121506278358,0,0.0300038069573035,NaN,0.7,0.106031994531113,0.341463414634146,0.00814323574424012,0.0328689228832767,0.55,400,129,658,658,273,385,229,45,100,45,12171,0,135,135,135,135,123,123,123,123,123,0,20
DASCMOP2_BC,1,261,117,1,0.39,117,0,0.00191719305540451,0.00637916203436475,117,20,3,0.0061246924566822,27.3504273504273,0.703322794799518,1.04688767330262,0,6,14,20,7,0.170940170940171,0.0151676934655336,0.0217217760723729,0,0.0243061305155285,NaN,0.85,0.145078193328656,0.179487179487179,0.0179177881533213,0.0261162621735002,0.35,400,123,646,646,263,383,224,43,100,43,11947,0,129,129,129,129,117,117,117,117,117,0,20
DASCMOP2_BC,1,262,126,1,0.42,126,0,0.0022124654307955,0.010889623106146,126,20,3,0.00659582264565775,25.3968253968254,0.647753351264464,1.05106177312507,0,4,16,20,7,0.158730158730159,0.0209258485418383,0.0283318748323358,0,0.0300510905964689,NaN,0.85,0.109958456450023,0.261904761904762,0.0277905662122453,0.0384726806989139,0.35,400,117,634,634,265,369,215,45,100,45,10985,0,135,135,135,135,126,126,126,126,126,0,20
DASCMOP2_BC,1,263,120,1,0.4,120,0,0.00221616040146153,0.00916157059050296,120,20,3,0.00628173585300738,26.6666666666667,0.664011807638592,0.953423913820267,0,5,15,20,4,0.166666666666667,0.00473919727208323,0.0288519081977974,0,0.0303683353123568,NaN,0.85,0.165392926927537,0.2,0.0118428147676356,0.032452964496134,0.2,400,126,652,652,263,389,230,46,100,46,11891,0,138,138,138,138,120,120,120,120,120,0,20
DASCMOP2_BC,1,264,117,1,0.39,117,0,0.0016444982596566,0.00576390806045196,117,20,3,0.0061246924566822,27.3504273504273,0.685269411637833,0.934358091637244,0,6,14,20,3,0.170940170940171,0.0373373047784515,0.104483983132121,0,0.104483983132121,NaN,0.75,0.151413417580744,0.153846153846154,0.0429292072260667,0.105215135743463,0.15,400,120,640,640,250,390,223,44,100,44,12062,0,132,132,132,132,117,117,117,117,117,0,20
DASCMOP2_BC,1,265,123,1,0.41,123,0,0.00203057799968916,0.0073225754822306,123,20,3,0.00643877924933257,26.0162601626016,0.656307747697937,0.969709225060633,0,5,15,20,3,0.16260162601626,0.0501250541619497,0.176127169478233,0,0.177194947417846,NaN,0.65,0.08359318904436,0.146341463414634,0.0540202671262693,0.177731253319026,0.15,400,117,634,634,256,378,218,45,100,45,11256,0,135,135,135,135,123,123,123,123,123,0,20
DASCMOP2_BC,1,266,126,1,0.42,126,0,0.00264608856890841,0.011193360637365,126,20,3,0.00659582264565775,25.3968253968254,0.639245180173237,0.992922809964127,0,4,16,20,2,0.158730158730159,0.136326300604197,0.201621469411048,0,0.213880040696179,NaN,0.7,0.0350469394766132,0.0952380952380952,0.146716690751576,0.217824447065543,0.1,400,123,646,646,268,378,224,46,100,46,11400,0,138,138,138,138,126,126,126,126,126,0,20
DASCMOP2_BC,1,267,120,1,0.4,120,0,0.00349485291625992,0.017864129757832,120,20,3,0.00628173585300738,26.6666666666667,0.65421597693582,1.0219922915446,0,6,14,20,11,0.166666666666667,0.0592832046074925,0.0909090136620856,0,0.0990867493327972,NaN,0.8,0.079516738915614,0.225,0.0627873345347944,0.102876007034221,0.55,400,126,652,652,269,383,227,44,100,44,11235,0,132,132,132,132,120,120,120,120,120,0,20
DASCMOP2_BC,1,268,120,1,0.4,120,0,0.00177952250841253,0.00623457627324347,120,20,3,0.00628173585300738,26.6666666666667,0.647753351264464,1.03535572994978,0,6,14,20,9,0.166666666666667,0.0253273304153613,0.067607694421485,0,0.068407212049697,NaN,0.8,0.0502180176729716,0.3,0.0256664690518135,0.0685660459584843,0.45,400,120,640,640,261,379,220,44,100,44,11382,2,132,132,132,132,120,120,120,120,120,0,20
DASCMOP2_BC,1,269,127,1,0.43,127,0,0.00305211807969378,0.0143127919981756,127,20,3,0.00664817044443281,25.1968503937008,0.635107863991248,1.03270860878688,0,3,17,20,9,0.15748031496063,0.0482419116639661,0.0968047204331753,0,0.106941439723046,NaN,0.45,-0.0134164026932297,0.348837209302326,0.0499302973784597,0.107208485757809,0.45,400,120,640,640,259,381,224,46,100,46,11759,0,138,138,138,138,127,127,127,127,127,0,20
DASCMOP2_BC,1,270,123,1,0.41,123,0,0.0022956385069946,0.00684830487032507,123,20,3,0.00643877924933257,26.0162601626016,0.656307747697937,0.963318389978339,0,4,16,20,5,0.16260162601626,0.0123446893303597,0.0225160979147139,0,0.0283427283299196,NaN,0.8,0.0936794158101159,0.195121951219512,0.01769493642741,0.0302555487153509,0.25,400,127,654,654,262,392,228,44,100,44,11938,0,132,132,132,132,123,123,123,123,123,0,20
DASCMOP2_BC,1,271,126,1,0.42,126,0,0.00315408244986801,0.0148443209821211,126,20,3,0.00659582264565775,25.3968253968254,0.671715867579247,0.937359955448111,0,3,17,20,5,0.158730158730159,0.00446839974452212,0.0918803623737628,0,0.0927598087992935,NaN,0.8,0.114427961634971,0.238095238095238,0.014947906179305,0.0930979544306296,0.25,400,123,646,646,259,387,224,46,100,46,11668,0,138,138,138,138,126,126,126,126,126,0,20
DASCMOP2_BC,1,272,123,1,0.41,123,0,0.00253945526818527,0.00898362156451818,123,20,3,0.00643877924933257,26.0162601626016,0.671715867579247,0.945627472958101,0,4,16,20,7,0.16260162601626,0.0437798921851534,0.0975378789517244,0,0.0979992462203829,NaN,0.6,0.0860799704912832,0.24390243902439,0.0472807609177766,0.101726431976481,0.35,400,126,652,652,273,379,227,46,100,46,12153,0,138,138,138,138,123,123,123,123,123,0,20
DASCMOP2_BC,1,273,126,1,0.42,126,0,0.00272306410550632,0.00929836598382285,126,20,3,0.00659582264565775,25.3968253968254,0.65421597693582,0.978697542998057,0,3,17,20,2,0.158730158730159,0.227948474511008,0.558914991114966,0,0.558914991114966,NaN,0.5,0.00725476248842466,0.0952380952380952,0.246537122677983,0.56407041751702,0.1,400,123,646,646,272,374,220,46,100,46,11298,0,138,138,138,138,126,126,126,126,126,0,20
DASCMOP2_BC,1,274,123,1,0.41,123,0,0.00225301826031406,0.00771893956691139,123,20,3,0.00643877924933257,26.0162601626016,0.671715867579247,0.988996289201003,0,4,16,20,4,0.16260162601626,0.139289953968918,0.244563230666712,0,0.245503732093655,NaN,0.65,0.0996176566310711,0.195121951219512,0.144557764284914,0.248948364335374,0.2,400,126,652,652,257,395,226,45,100,45,12080,0,135,135,135,135,123,123,123,123,123,0,20
DASCMOP2_BC,1,275,124,1,0.42,124,0,0.0027154427563853,0.0111647651616194,124,20,3,0.00649112704810763,25.8064516129032,0.711770075810293,0.941493714203106,0,4,16,20,3,0.161290322580645,0.222341170726744,0.562672363855904,0,0.570901770561241,NaN,0.65,0.0766271790829733,0.142857142857143,0.226010389673645,0.57119935184895,0.15,400,123,646,646,260,386,227,46,100,46,12499,0,138,138,138,138,124,124,124,124,124,0,20
DASCMOP2_BC,1,276,120,1,0.4,120,0,0.00221873090542435,0.00774037510305904,120,20,3,0.00628173585300738,26.6666666666667,0.69174297169477,0.924481591556496,0,6,14,20,2,0.166666666666667,0.229197978154574,0.368263718270296,0,0.368263718270296,NaN,0.75,0.0827976228953244,0.1,0.235230889382801,0.373521659887095,0.1,400,124,648,648,277,371,224,44,100,44,10994,0,132,132,132,132,120,120,120,120,120,0,20
DASCMOP2_BC,1,277,120,1,0.4,120,0,0.0027769552370008,0.00987018618768342,120,20,3,0.00628173585300738,26.6666666666667,0.645707805844592,1.00444440850542,0,6,14,20,5,0.166666666666667,0.0778590906851425,0.355772627923793,0,0.355772627923793,NaN,0.75,0.0351933914161308,0.2,0.0831342379967289,0.362633787126803,0.25,400,120,640,640,260,380,221,44,100,44,11111,0,132,132,132,132,120,120,120,120,120,0,20
DASCMOP2_BC,1,278,123,1,0.41,123,0,0.00240829771345549,0.00850316836039513,123,20,3,0.00643877924933257,26.0162601626016,0.671715867579247,0.945627472958101,0,4,16,20,3,0.16260162601626,0.0862324778322496,0.200392582461359,0,0.200392582461359,NaN,0.5,0.00892104760630702,0.146341463414634,0.0902771660450135,0.205128128184755,0.15,400,120,640,640,272,368,222,45,100,45,11208,0,135,135,135,135,123,123,123,123,123,0,20
DASCMOP2_BC,1,279,123,1,0.41,123,0,0.00298103912336283,0.00897864813893737,123,20,3,0.00643877924933257,26.0162601626016,0.711770075810293,0.989499756155822,0,4,16,20,6,0.16260162601626,0.0662007020113957,0.100429908729298,0,0.101394161300999,NaN,0.75,0.0906244904521675,0.24390243902439,0.0710989731246481,0.102764074027043,0.3,400,123,646,646,263,383,223,45,100,45,11521,0,135,135,135,135,123,123,123,123,123,0,20
DASCMOP2_BC,1,280,123,1,0.41,123,0,0.0023603526852049,0.00813408311114942,123,20,3,0.00643877924933257,26.0162601626016,0.671715867579247,0.945627472958101,0,4,16,20,6,0.16260162601626,0.0485432487323414,0.159699235992953,0,0.159699235992953,NaN,0.7,0.0802563250845688,0.292682926829268,0.049166837542491,0.163962569202561,0.3,400,123,646,646,268,378,223,45,100,45,10990,0,135,135,135,135,123,123,123,123,123,0,20
DASCMOP2_BC,1,281,123,1,0.41,123,0,0.00268813089671179,0.00985839901126944,123,20,3,0.00643877924933257,26.0162601626016,0.671715867579247,0.945627472958101,0,5,15,20,7,0.16260162601626,0.0690289923740315,0.331522753130749,0,0.331522753130749,NaN,0.7,0.0763993664188433,0.292682926829268,0.0736024508763444,0.337105788904291,0.35,400,123,646,646,259,387,223,46,100,46,11999,0,138,138,138,138,123,123,123,123,123,0,20
DASCMOP2_BC,1,282,123,1,0.41,123,0,0.00311751121204876,0.0103774137120102,123,20,3,0.00643877924933257,26.0162601626016,0.671715867579247,0.978697542998057,0,4,16,20,7,0.16260162601626,0.138829956663747,0.362664223924853,0,0.362664223924853,NaN,0.7,0.0636887614823116,0.341463414634146,0.152233658227294,0.367772616139241,0.35,400,123,646,646,262,384,223,46,100,46,11645,0,138,138,138,138,123,123,123,123,123,0,20
DASCMOP2_BC,1,283,126,1,0.42,126,0,0.00191193955018041,0.00699921279282336,126,20,3,0.00659582264565775,25.3968253968254,0.664011807638592,0.978697542998057,0,4,16,20,2,0.158730158730159,0.0679724032531458,0.295888918617047,0,0.295888918617047,NaN,0.55,0.00255797893327281,0.0952380952380952,0.0724435490367799,0.300721532938003,0.1,400,123,646,646,270,376,224,45,100,45,11233,0,135,135,135,135,126,126,126,126,126,0,20
DASCMOP2_BC,1,284,126,1,0.42,126,0,0.00155432629258514,0.00568905335215152,126,20,3,0.00659582264565775,25.3968253968254,0.691385056473876,1.05106177312507,0,4,16,20,3,0.158730158730159,0.0492884143487296,0.218587087677839,0,0.218615802091106,NaN,0.7,0.0955238972224267,0.0952380952380952,0.0513826633922193,0.223262603050147,0.15,400,126,652,652,264,388,228,45,100,45,12005,0,135,135,135,135,126,126,126,126,126,0,20
DASCMOP2_BC,1,285,126,1,0.42,126,0,0.00273622288768892,0.00919057602746483,126,20,3,0.00659582264565775,25.3968253968254,0.718322184031857,0.978697542998057,0,3,17,20,4,0.158730158730159,0.0412356259769657,0.103553571477073,0,0.103774377138083,NaN,0.9,0.188588187601884,0.19047619047619,0.0419562504704954,0.106896783088116,0.2,400,126,652,652,278,374,222,46,100,46,11468,0,138,138,138,138,126,126,126,126,126,0,20
DASCMOP2_BC,1,286,123,1,0.41,123,0,0.00243556789797399,0.00895788715240051,123,20,3,0.00643877924933257,26.0162601626016,0.711770075810293,0.993170389023461,0,5,15,20,7,0.16260162601626,0.0246554836134461,0.0432047749723809,0,0.0432047749723809,NaN,0.85,0.134120429980691,0.292682926829268,0.0281684159439725,0.0432906589310142,0.35,400,126,652,652,272,380,227,45,100,45,11275,0,135,135,135,135,123,123,123,123,123,0,20
DASCMOP2_BC,1,287,123,1,0.41,123,0,0.00264548858990055,0.0100639986372474,123,20,3,0.00643877924933257,26.0162601626016,0.76862035613498,0.988996289201003,0,4,16,20,2,0.16260162601626,0.0160456947037491,0.0373556357869335,0,0.0391569489696674,NaN,0.7,0.150042015480624,0.0487804878048781,0.0331940052668622,0.0393536695374081,0.1,400,123,646,646,255,391,223,46,100,46,12806,0,138,138,138,138,123,123,123,123,123,0,20
DASCMOP2_BC,1,288,120,1,0.4,120,0,0.00267878315968335,0.00983073504314465,120,20,3,0.00628173585300738,26.6666666666667,0.731404447928256,1.00960886444242,0,5,15,20,6,0.166666666666667,0.0109090564543972,0.0325136927998507,0,0.0338403343956593,NaN,0.8,0.144607367505272,0.3,0.0241479964916053,0.0368561305139598,0.3,400,123,646,646,270,376,221,44,100,44,11377,0,132,132,132,132,120,120,120,120,120,0,20
DASCMOP2_BC,1,289,123,1,0.41,123,0,0.00242092099248072,0.00857726481812457,123,20,3,0.00643877924933257,26.0162601626016,0.724874292253421,0.943829809370616,0,4,16,20,8,0.16260162601626,0.0296854600266773,0.0667545566060973,0,0.0667545566060973,NaN,0.95,0.134940670410394,0.317073170731707,0.0396138338850008,0.0674564862070427,0.4,400,120,640,640,272,368,218,44,100,44,10507,0,132,132,132,132,123,123,123,123,123,0,20
DASCMOP2_BC,1,290,123,1,0.41,123,0,0.0026992084569048,0.0100054542810662,123,20,3,0.00643877924933257,26.0162601626016,0.724874292253421,0.991062071575803,0,5,15,20,5,0.16260162601626,0.023564092598096,0.0350977314273978,0,0.0438364254159871,NaN,0.85,0.0589855911971206,0.24390243902439,0.0270453879088463,0.0525127414525269,0.25,400,123,646,646,276,370,218,44,100,44,10769,0,132,132,132,132,123,123,123,123,123,0,20
DASCMOP2_BC,1,291,129,1,0.43,129,0,0.00290094805995044,0.0103522713523306,129,20,3,0.00675286604198293,24.8062015503876,0.75103882004622,0.969709225060633,0,3,17,20,6,0.155038759689922,0.0206504245226659,0.0401599185470723,0,0.045117506014198,NaN,0.7,0.120108677816769,0.232558139534884,0.0224120411796891,0.0455254237869188,0.3,400,123,646,646,265,381,223,46,100,46,11189,0,138,138,138,138,129,129,129,129,129,0,20
DASCMOP2_BC,1,292,126,1,0.42,126,0,0.00379395275342579,0.0147881536067189,126,20,3,0.00659582264565775,25.3968253968254,0.753170276717413,1.04052018588678,0,3,17,20,8,0.158730158730159,0.0269950499767151,0.0534387839345748,0,0.0554318736191456,NaN,0.6,0.169051472007657,0.285714285714286,0.0270040755281297,0.0555692041696985,0.4,400,129,658,658,278,380,231,44,100,44,12520,0,132,132,132,132,126,126,126,126,126,0,20
DASCMOP2_BC,1,293,126,1,0.42,126,0,0.00311624434655916,0.00989036556038321,126,20,3,0.00659582264565775,25.3968253968254,0.74546726734169,1.05106177312507,0,3,17,20,9,0.158730158730159,0.0166871484152752,0.108404240721924,0,0.109087083897726,NaN,0.8,0.106053710442832,0.380952380952381,0.0180288679451578,0.109478042130229,0.45,400,126,652,652,270,382,227,44,100,44,12297,0,132,132,132,132,126,126,126,126,126,0,20
DASCMOP2_BC,1,294,126,1,0.42,126,0,0.00209844588938368,0.00779244313969651,126,20,3,0.00659582264565775,25.3968253968254,0.767532597466323,0.978697542998057,0,4,16,20,4,0.158730158730159,0.0185223822412362,0.0749525950322747,0,0.0762883674617664,NaN,0.9,0.114049157481186,0.19047619047619,0.0283133207881452,0.0768948058177543,0.2,400,126,652,652,270,382,227,43,100,43,11861,0,129,129,129,129,126,126,126,126,126,0,20
DASCMOP2_BC,1,295,126,1,0.42,126,0,0.00273742091480127,0.0109668716882188,126,20,3,0.00659582264565775,25.3968253968254,0.76862035613498,0.978697542998057,0,4,16,20,10,0.158730158730159,0.0459189801556348,0.0868939124837149,0,0.0965082405952924,NaN,0.7,0.169203433663855,0.428571428571429,0.0471321877902991,0.0966564098740616,0.5,400,126,652,652,270,382,226,44,100,44,11534,0,132,132,132,132,126,126,126,126,126,0,20
DASCMOP2_BC,1,296,124,1,0.42,124,0,0.00292515352288032,0.00995625528508659,124,20,3,0.00649112704810763,25.8064516129032,0.76862035613498,0.974980726604235,0,4,16,20,5,0.161290322580645,0.0333862375245924,0.120645971735377,0,0.135080667659601,NaN,0.75,0.0803046625073426,0.238095238095238,0.0367615935966388,0.135348048540905,0.25,400,126,652,652,264,388,227,44,100,44,12242,0,132,132,132,132,124,124,124,124,124,0,20
DASCMOP2_BC,1,297,126,1,0.42,126,0,0.00234102513593584,0.0085635078201993,126,20,3,0.00659582264565775,25.3968253968254,0.74546726734169,0.978697542998057,0,4,16,20,9,0.158730158730159,0.00910609179649713,0.0202009118902235,0,0.0235415698247106,NaN,0.6,0.00316672003553831,0.333333333333333,0.0106685892632859,0.0286968528852289,0.45,400,124,648,648,269,379,228,44,100,44,11697,0,132,132,132,132,126,126,126,126,126,0,20
DASCMOP2_BC,1,298,126,1,0.42,126,0,0.0023012168698398,0.00781929164672403,126,20,3,0.00659582264565775,25.3968253968254,0.7598295880906,0.978697542998057,0,4,16,20,7,0.158730158730159,0.00762668042043414,0.0208509471829159,0,0.0282417185536836,NaN,0.75,0.0848294808276182,0.285714285714286,0.0120156867298838,0.0355751440231817,0.35,400,126,652,652,269,383,227,44,100,44,11412,0,132,132,132,132,126,126,126,126,126,0,20
DASCMOP2_BC,1,299,117,1,0.39,117,0,0.00297221343207605,0.0108949613508058,117,20,3,0.0061246924566822,27.3504273504273,0.671715867579247,0.978697542998057,0,7,13,20,6,0.170940170940171,0.0320755428903993,0.0650251027970589,0,0.0664934452484297,NaN,0.8,0.0820321554587674,0.256410256410256,0.0341131936294705,0.0668201233524264,0.3,400,126,652,652,260,392,223,43,100,43,12118,0,129,129,129,129,117,117,117,117,117,0,20
DASCMOP2_BC,1,300,120,1,0.4,120,0,0.0025765312463254,0.0102970780981774,120,20,3,0.00628173585300738,26.6666666666667,0.75425803538607,1.05620975072232,0,5,15,20,12,0.166666666666667,0.0113821948910566,0.0272982597413875,0,0.0275971894286424,NaN,0.85,0.142813556503696,0.475,0.0157603834068402,0.0342317220680837,0.6,400,117,634,634,258,376,217,44,100,44,11244,0,132,132,132,132,120,120,120,120,120,0,20
DASCMOP2_BC,1,301,120,1,0.4,120,0,0.00226624365967112,0.00899928616264804,120,20,3,0.00628173585300738,26.6666666666667,0.669800641502872,0.974203384029345,0,6,14,20,8,0.166666666666667,0.0503947213240349,0.114534490552001,0,0.128900932876054,NaN,0.75,0.108106386080421,0.375,0.0561227588834707,0.129176531570007,0.4,400,120,640,640,260,380,221,44,100,44,11399,0,132,132,132,132,120,120,120,120,120,0,20
DASCMOP2_BC,1,302,123,1,0.41,123,0,0.00218235559645972,0.00862726852791151,123,20,3,0.00643877924933257,26.0162601626016,0.671715867579247,1.05312096416397,0,5,15,20,5,0.16260162601626,0.0270942084989821,0.063717378179438,0,0.0695289416904144,NaN,0.7,0.0697814050233924,0.219512195121951,0.032865664244903,0.0697043380220587,0.25,400,120,640,640,266,374,220,45,100,45,10720,0,135,135,135,135,123,123,123,123,123,0,20
DASCMOP2_BC,1,303,123,1,0.41,123,0,0.00294659567715858,0.0111374338711415,123,20,3,0.00643877924933257,26.0162601626016,0.63116640664833,0.978697542998057,0,5,15,20,4,0.16260162601626,0.026304336483692,0.0541727247813527,0,0.0555642849780491,NaN,0.6,0.0983046450891467,0.121951219512195,0.0312524971653131,0.0556979009587364,0.2,400,123,646,646,270,376,226,45,100,45,11654,0,135,135,135,135,123,123,123,123,123,0,20
DASCMOP2_BC,1,304,122,1,0.41,122,0,0.00172966578147249,0.00658057267916783,122,20,3,0.0063864314505575,26.2295081967213,0.662096581562218,0.99649235263271,0,5,15,20,9,0.163934426229508,0.0147881277225005,0.0270994308109946,0,0.0271940053054482,NaN,0.6,0.0207400330577381,0.292682926829268,0.0211108527387875,0.0294895214390321,0.45,400,123,646,646,268,378,223,45,100,45,11035,0,135,135,135,135,122,122,122,122,122,0,20
DASCMOP2_BC,1,305,123,1,0.42,123,0,0.00222644304253093,0.00932232137309633,123,20,3,0.00643877924933257,26.0162601626016,0.656307747697937,0.991062071575803,0,3,17,20,6,0.16260162601626,0.0522367026680937,0.0718238364215401,0,0.0781346648484045,NaN,0.55,0.062156657730349,0.285714285714286,0.053160239516707,0.0785971211362498,0.3,400,122,644,644,268,376,224,45,100,45,11110,0,135,135,135,135,123,123,123,123,123,0,20
DASCMOP2_BC,1,306,123,1,0.41,123,0,0.00240252807527687,0.00964246433815745,123,20,3,0.00643877924933257,26.0162601626016,0.711770075810293,0.993170389023461,0,4,16,20,1,0.16260162601626,0.150476179305314,0.187426638378791,0,0.205568739628747,NaN,0.55,0.0585420613137229,0.0487804878048781,0.159344663895303,0.205902303026001,0.05,400,123,646,646,265,381,226,46,100,46,11407,0,138,138,138,138,123,123,123,123,123,0,20
DASCMOP2_BC,1,307,126,1,0.42,126,0,0.00231258186340557,0.012022433285228,126,20,3,0.00659582264565775,25.3968253968254,0.669800641502872,0.978697542998057,0,4,16,20,6,0.158730158730159,0.102597711455842,0.225477559650137,0,0.244094591279664,NaN,0.45,-0.0224725707901888,0.214285714285714,0.107767996811242,0.244277929966786,0.3,400,123,646,646,271,375,224,46,100,46,11147,0,138,138,138,138,126,126,126,126,126,0,20
DASCMOP2_BC,1,308,123,1,0.41,123,0,0.00227625704617215,0.00964123500864574,123,20,3,0.00643877924933257,26.0162601626016,0.76862035613498,1.04097138387577,0,4,16,20,10,0.16260162601626,0.0439668979020203,0.103365423260169,0,0.119648074624669,NaN,0.8,0.089455892139905,0.414634146341463,0.0461001709670621,0.119875318472024,0.5,400,126,652,652,268,384,226,46,100,46,11904,0,138,138,138,138,123,123,123,123,123,0,20
DASCMOP2_BC,1,309,123,1,0.41,123,0,0.002693992169014,0.0108010275964329,123,20,3,0.00643877924933257,26.0162601626016,0.789626663882673,1.0444332952904,0,4,16,20,10,0.16260162601626,0.0211318944698539,0.132562283693872,0,0.13411126044596,NaN,0.8,0.0559883437393791,0.414634146341463,0.0267694498097484,0.134414137699421,0.5,400,123,646,646,257,389,215,46,100,46,11263,0,138,138,138,138,123,123,123,123,123,0,20
DASCMOP2_BC,1,310,123,1,0.41,123,0,0.00216597600037234,0.00818874458175775,123,20,3,0.00643877924933257,26.0162601626016,0.76862035613498,1.0444332952904,0,4,16,20,4,0.16260162601626,0.0694821845815085,0.100512609796379,0,0.113051453767218,NaN,0.55,0.0298131388332375,0.195121951219512,0.0712465413433684,0.113611164688491,0.2,400,123,646,646,259,387,224,45,100,45,11543,0,135,135,135,135,123,123,123,123,123,0,20
DASCMOP2_BC,1,311,122,1,0.41,122,0,0.00233096556054664,0.00826613808434252,122,20,3,0.0063864314505575,26.2295081967213,0.779190798379605,1.04526185501973,0,5,15,20,7,0.163934426229508,0.0935152920363937,0.169642713872891,0,0.182344334361878,NaN,0.35,-0.0225919979906551,0.341463414634146,0.099395905224546,0.182622331758748,0.35,400,123,646,646,262,384,223,46,100,46,11595,0,138,138,138,138,122,122,122,122,122,0,20
DASCMOP2_BC,1,312,126,1,0.42,126,0,0.00190518521493451,0.00719986364563671,126,20,3,0.00659582264565775,25.3968253968254,0.748013282887071,1.06791606169125,0,4,16,20,7,0.158730158730159,0.0314766998091607,0.10572848904384,0,0.118321516124929,NaN,0.55,0.0181509370565025,0.285714285714286,0.0331047111867846,0.119420246452238,0.35,400,122,644,644,269,375,222,46,100,46,11742,0,138,138,138,138,126,126,126,126,126,0,20
DASCMOP2_BC,1,313,126,1,0.42,126,0,0.00263658877588241,0.00923447883696264,126,20,3,0.00659582264565775,25.3968253968254,0.793932073766712,1.03064366230528,0,4,16,20,11,0.158730158730159,0.0557850608804491,0.0815971173133738,0,0.0934760028056059,NaN,0.6,0.0303277025491125,0.452380952380952,0.0562985072767968,0.094032393199761,0.55,400,126,652,652,273,379,227,46,100,46,11590,0,138,138,138,138,126,126,126,126,126,0,20
DASCMOP2_BC,1,314,126,1,0.42,126,0,0.00264882212447955,0.0102288624700874,126,20,3,0.00659582264565775,25.3968253968254,0.806146049361818,1.03064366230528,0,3,17,20,4,0.158730158730159,0.0493228325392182,0.108201214253705,0,0.121224407083012,NaN,0.55,0.0408434661531227,0.19047619047619,0.0510778353932379,0.121477845850302,0.2,400,126,652,652,263,389,226,46,100,46,11780,0,138,138,138,138,126,126,126,126,126,0,20
DASCMOP2_BC,1,315,129,1,0.43,129,0,0.00217561206354794,0.0118917313324666,129,20,3,0.00675286604198293,24.8062015503876,0.800350847158558,0.978697542998057,0,2,18,20,11,0.155038759689922,0.0441925825846566,0.0824969043170664,0,0.0950823838592237,NaN,0.4,-0.0326213460371519,0.511627906976744,0.0447520386140358,0.0953912637111188,0.55,400,126,652,652,259,393,227,48,100,48,12369,1,144,144,144,144,129,129,129,129,129,0,20
DASCMOP2_BC,1,316,124,1,0.42,124,0,0.0026594529503269,0.0103535963961991,124,20,3,0.00649112704810763,25.8064516129032,0.798237483650751,1.04157434461061,0,7,13,20,11,0.161290322580645,0.0226329984344366,0.0726547117768042,0,0.0734840704065867,NaN,0.55,0.00860762589791686,0.476190476190476,0.0266131405328349,0.0737488184335998,0.55,400,129,658,658,279,379,230,48,100,48,11626,0,144,144,144,144,124,124,124,124,124,0,20
DASCMOP2_BC,1,317,129,1,0.44,129,0,0.00201213198730005,0.010306275584291,129,20,3,0.00675286604198293,24.8062015503876,0.76862035613498,1.06135772831957,0,5,15,20,5,0.155038759689922,0.0846011201008595,0.174896080441583,0,0.176466380320132,NaN,0.4,-0.0285089416124999,0.181818181818182,0.0870005537852918,0.176832798465933,0.25,400,124,648,648,267,381,224,47,100,47,11569,0,141,141,141,141,129,129,129,129,129,0,20
DASCMOP2_BC,1,318,126,1,0.42,126,0,0.00207837849988109,0.0099054056080604,126,20,3,0.00659582264565775,25.3968253968254,0.767532597466323,1.03064366230528,0,7,13,20,4,0.158730158730159,0.205952835983211,0.26619948111745,0,0.282320328595924,NaN,0.5,-0.00295347045005578,0.142857142857143,0.216935173973478,0.282923998794143,0.2,400,129,658,658,271,387,231,48,100,48,11758,0,144,144,144,144,126,126,126,126,126,0,20
DASCMOP2_BC,1,319,123,1,0.41,123,0,0.00246516290062247,0.0105478964445334,123,20,3,0.00643877924933257,26.0162601626016,0.727406209639161,1.08433823323463,0,8,12,20,1,0.16260162601626,0.115452483973457,0.169093244501207,0,0.183500429831361,NaN,0.5,-0.000724535705614981,0.0487804878048781,0.119308166655051,0.184031041637147,0.05,400,126,652,652,274,378,226,46,100,46,11524,0,138,138,138,138,123,123,123,123,123,0,20
DASCMOP2_BC,1,320,129,1,0.43,129,0,0.00203342095427061,0.00945977280888352,129,20,3,0.00675286604198293,24.8062015503876,0.727406209639161,1.04904947900927,0,7,13,20,7,0.155038759689922,0.0736422558563925,0.108269239984487,0,0.109141255889297,NaN,0.4,-0.0110015734948574,0.325581395348837,0.0783139633417722,0.109191591842451,0.35,400,123,646,646,261,385,223,47,100,47,11088,0,141,141,141,141,129,129,129,129,129,0,20
DASCMOP2_BC,1,321,130,1,0.44,130,0,0.00205487439601608,0.00824011841711534,130,20,3,0.006805213840758,24.6153846153846,0.773905577257292,1.05106177312507,0,5,15,20,3,0.153846153846154,0.0966129891111402,0.150115317269215,0,0.151951608548377,NaN,0.6,0.0180586427339834,0.136363636363636,0.104453937732337,0.152278814970684,0.15,400,129,658,658,269,389,226,47,100,47,11471,0,141,141,141,141,130,130,130,130,130,0,20
DASCMOP2_BC,1,322,117,1,0.39,117,0,0.00166431741804469,0.00703061192379691,117,20,3,0.0061246924566822,27.3504273504273,0.727406209639161,1.06660439501691,0,6,14,20,2,0.170940170940171,0.113750252351381,0.222262651460336,0,0.222262651460336,NaN,0.65,0.1179919665301,0.0769230769230769,0.125895426014308,0.222878707370797,0.1,400,130,660,660,268,392,233,45,100,45,12500,0,135,135,135,135,117,117,117,117,117,0,20
DASCMOP2_BC,1,323,121,1,0.41,121,0,0.00190333544070462,0.00746301774012388,121,20,3,0.00633408365178244,26.4462809917355,0.727406209639161,1.10076040477801,0,6,14,20,6,0.165289256198347,0.0364226283567367,0.0531867761332924,0,0.0581788994447456,NaN,0.7,0.0762773818092237,0.24390243902439,0.0405722508704014,0.0591833494410343,0.3,400,117,634,634,260,374,218,46,100,46,11417,0,138,138,138,138,121,121,121,121,121,0,20
DASCMOP2_BC,1,324,111,1,0.37,111,0,0.00149754735426668,0.00516397904770446,111,20,3,0.00581060566403183,28.8288288288288,0.727406209639161,1.04900069537481,0,9,11,20,3,0.18018018018018,0.0685107481619586,0.166491407958235,0,0.178505561278458,NaN,0.6,0.043374164759113,0.108108108108108,0.0743260495593114,0.180151136421526,0.15,400,121,642,642,255,387,223,46,100,46,11015,0,138,138,138,138,111,111,111,111,111,0,20
DASCMOP2_BC,1,325,108,1,0.36,108,0,0.00199245631526012,0.0066268727308136,108,20,3,0.00565356226770664,29.6296296296296,0.727406209639161,1.05833747468943,0,9,11,20,5,0.185185185185185,0.0657212953871167,0.176501860931728,0,0.188389284437441,NaN,0.4,-0.00599740714119468,0.222222222222222,0.0729850773173503,0.189991021542984,0.25,400,111,622,622,246,376,211,46,100,46,10371,0,138,138,138,138,108,108,108,108,108,0,20
DASCMOP2_BC,1,326,114,1,0.38,114,0,0.00240452213265847,0.00908633935688202,114,20,3,0.00596764906035701,28.0701754385965,0.738472012031968,1.05833747468943,0,7,13,20,9,0.175438596491228,0.0548180683418967,0.0992150767682219,0,0.103855375998751,NaN,0.55,0.0494482482954968,0.342105263157895,0.05791828435296,0.104505302731533,0.45,400,108,616,616,247,369,209,46,100,46,10558,0,138,138,138,138,114,114,114,114,114,0,20
DASCMOP2_BC,1,327,117,1,0.39,117,0,0.00202513272436261,0.00709803801425634,117,20,3,0.0061246924566822,27.3504273504273,0.711770075810293,0.976899879410572,0,5,15,20,7,0.170940170940171,0.0716037500912093,0.108416367966228,0,0.121107941537453,NaN,0.35,-0.0392739649022886,0.307692307692308,0.0716963757059249,0.121583557827109,0.35,400,114,628,628,263,365,217,47,100,47,10862,0,141,141,141,141,117,117,117,117,117,0,20
DASCMOP2_BC,1,328,117,1,0.39,117,0,0.00202538261058125,0.00718111303662292,117,20,3,0.0061246924566822,27.3504273504273,0.727406209639161,1.05522521491789,0,6,14,20,5,0.170940170940171,0.0424682509068352,0.142037132545231,0,0.148933639551104,NaN,0.55,0.0535399802698847,0.256410256410256,0.0445499350762898,0.152565162698253,0.25,400,117,634,634,259,375,217,47,100,47,10462,0,141,141,141,141,117,117,117,117,117,0,20
DASCMOP2_BC,1,329,129,1,0.43,129,0,0.0016665576682781,0.00802916311791489,129,20,3,0.00675286604198293,24.8062015503876,0.766444838797665,1.09281810012319,0,3,17,20,6,0.155038759689922,0.0500146158209703,0.0644918399908553,0,0.0686713744630449,NaN,0.5,0.0259302167148681,0.27906976744186,0.0506460793309693,0.0689980370258803,0.3,400,117,634,634,255,379,218,48,100,48,10976,0,144,144,144,144,129,129,129,129,129,0,20
DASCMOP2_BC,1,330,120,1,0.4,120,0,0.0015804579416759,0.00589360466791653,120,20,3,0.00628173585300738,26.6666666666667,0.719588142724727,0.963529226525998,0,4,16,20,10,0.166666666666667,0.0649966146439576,0.097837202043694,0,0.0979669578902048,NaN,0.45,-0.00356628688100169,0.35,0.0688036908495229,0.0981257019327511,0.5,400,129,658,658,255,403,230,46,100,46,12598,0,138,138,138,138,120,120,120,120,120,0,20
DASCMOP2_BC,1,331,120,1,0.4,120,0,0.00146952109580415,0.00566845695563579,120,20,3,0.00628173585300738,26.6666666666667,0.712528130301962,1.0469189744784,0,5,15,20,7,0.166666666666667,0.086425132110022,0.124703470236723,0,0.132568461947705,NaN,0.65,0.0357578903052174,0.35,0.0951412248168334,0.133297770588043,0.35,400,120,640,640,265,375,220,47,100,47,11252,0,141,141,141,141,120,120,120,120,120,0,20
DASCMOP2_BC,1,332,114,1,0.38,114,0,0.00206054286231241,0.00686490161730408,114,20,3,0.00596764906035701,28.0701754385965,0.727406209639161,1.0443323057175,0,7,13,20,3,0.175438596491228,0.350347201481139,0.467526843326052,0,0.481192178605997,NaN,0.45,-0.0251163698541248,0.157894736842105,0.366695477062316,0.482978018133039,0.15,400,120,640,640,269,371,221,46,100,46,10120,0,138,138,138,138,114,114,114,114,114,0,20
DASCMOP2_BC,1,333,120,1,0.4,120,0,0.00205161932741002,0.00741595477587073,120,20,3,0.00628173585300738,26.6666666666667,0.719588142724727,1.01851750884374,0,5,15,20,2,0.166666666666667,0.195931397780852,0.358694037252125,0,0.363675580885632,NaN,0.6,0.172713776538189,0.1,0.211318814904692,0.366711206552094,0.1,400,114,628,628,258,370,217,47,100,47,10661,0,141,141,141,141,120,120,120,120,120,0,20
DASCMOP2_BC,1,334,126,1,0.42,126,0,0.00205276473170236,0.00839825296938101,126,20,3,0.00659582264565775,25.3968253968254,0.711770075810293,0.969709225060633,0,3,17,20,3,0.158730158730159,0.140796629658452,0.331638906178935,0,0.336403777570155,NaN,0.65,0.0127220463153215,0.142857142857143,0.143388582198282,0.338890382130151,0.15,400,120,640,640,252,388,221,48,100,48,10944,0,144,144,144,144,126,126,126,126,126,0,20
DASCMOP2_BC,1,335,120,1,0.4,120,0,0.0015522003542572,0.0057606185890224,120,20,3,0.00628173585300738,26.6666666666667,0.699325937247985,1.00960886444242,0,6,14,20,0,0.166666666666667,0.116687086782462,0.20542965148202,0,0.20542965148202,NaN,0.65,0.0923215299292364,0,0.123928838388106,0.209921156693019,0,400,126,652,652,269,383,227,47,100,47,11443,0,141,141,141,141,120,120,120,120,120,0,20
DASCMOP2_BC,1,336,123,1,0.41,123,0,0.00158903635163346,0.00603715104321681,123,20,3,0.00643877924933257,26.0162601626016,0.699325937247985,0.969971105156388,0,4,16,20,5,0.16260162601626,0.208904869996799,0.317785859535474,0,0.32250132236044,NaN,0.4,-0.0316909541302039,0.24390243902439,0.225288882792425,0.324956400096378,0.25,400,120,640,640,255,385,221,47,100,47,10965,0,141,141,141,141,123,123,123,123,123,0,20
DASCMOP2_BC,1,337,122,1,0.41,122,0,0.00138061062402444,0.00552285965656596,122,20,3,0.0063864314505575,26.2295081967213,0.763682892038196,0.978697542998057,0,5,15,20,4,0.163934426229508,0.299156185525456,0.399872023708032,0,0.399872023708032,NaN,0.5,-0.00755826001200022,0.195121951219512,0.30893426523095,0.404819066547713,0.2,400,123,646,646,267,379,223,46,100,46,11709,0,138,138,138,138,122,122,122,122,122,0,20
DASCMOP2_BC,1,338,122,1,0.42,122,0,0.00172819261331423,0.00733529865347267,122,20,3,0.0063864314505575,26.2295081967213,0.705434666632389,0.971061909886596,0,7,13,20,6,0.163934426229508,0.170324543747863,0.395834731535404,0,0.401860342700811,NaN,0.6,0.0236262119849939,0.19047619047619,0.185020128382034,0.405026912809625,0.3,400,122,644,644,257,387,223,47,100,47,11557,0,141,141,141,141,122,122,122,122,122,0,20
DASCMOP2_BC,1,339,134,1,0.45,134,0,0.00162296092500824,0.00680854497126901,134,20,3,0.00701460503585824,23.8805970149254,0.699325937247985,0.96778949569597,0,4,16,20,2,0.149253731343284,0.104838919738798,0.210737265928608,0,0.21499904431439,NaN,0.6,0.0421702260073328,0.0888888888888889,0.106797378728591,0.217194032584696,0.1,400,122,644,644,265,379,223,48,100,48,10997,0,144,144,144,144,134,134,134,134,134,0,20
DASCMOP2_BC,1,340,129,1,0.43,129,0,0.00212115662152029,0.00860408566833472,129,20,3,0.00675286604198293,24.8062015503876,0.727406209639161,1.04052018588678,0,7,13,20,8,0.155038759689922,0.0705015637914227,0.126508692789435,0,0.126508692789435,NaN,0.3,-0.0661311812865172,0.325581395348837,0.0715969234921881,0.126961688587463,0.4,400,134,668,668,268,400,234,46,100,46,12411,0,138,138,138,138,129,129,129,129,129,0,20
DASCMOP2_BC,1,341,132,1,0.44,132,0,0.00199443274769601,0.00870735491815486,132,20,3,0.00690990943830812,24.2424242424242,0.687334824397595,0.96778949569597,0,5,15,20,6,0.151515151515152,0.0800294550704321,0.120765703497142,0,0.132518658006435,NaN,0.65,0.0427869691859571,0.227272727272727,0.0877144539200223,0.133099988469239,0.3,400,129,658,658,264,394,229,48,100,48,11699,0,144,144,144,144,132,132,132,132,132,0,20
DASCMOP2_BC,1,342,132,1,0.44,132,0,0.00228840023920101,0.00847879389723285,132,20,3,0.00690990943830812,24.2424242424242,0.748013282887071,0.978697542998057,0,6,14,20,8,0.151515151515152,0.0510555716021219,0.133250639249647,0,0.146298054025211,NaN,0.4,-0.0140689743557137,0.295454545454545,0.0514668163540076,0.146705675509435,0.4,400,132,664,664,272,392,232,48,100,48,11272,0,144,144,144,144,132,132,132,132,132,0,20
DASCMOP2_BC,1,343,114,1,0.38,114,0,0.00187034602658842,0.00689981783434372,114,20,3,0.00596764906035701,28.0701754385965,0.67849263960854,0.978697542998057,0,11,9,20,3,0.175438596491228,0.097287475909598,0.178534648346957,0,0.18107188149306,NaN,0.55,0.043747860702675,0.105263157894737,0.108225402541944,0.18145755904319,0.15,400,132,664,664,278,386,234,46,100,46,11693,0,138,138,138,138,114,114,114,114,114,0,20
DASCMOP2_BC,1,344,126,1,0.42,126,0,0.00133138906746922,0.00618483529042821,126,20,3,0.00659582264565775,25.3968253968254,0.711412160589399,0.978697542998057,0,7,13,20,5,0.158730158730159,0.0777308402846413,0.126907501221333,0,0.128067554215433,NaN,0.35,-0.0206489568940112,0.142857142857143,0.0871853397149106,0.131842618211082,0.25,400,114,628,628,253,375,215,46,100,46,10540,0,138,138,138,138,126,126,126,126,126,0,20
DASCMOP2_BC,1,345,129,1,0.43,129,0,0.00244713475120118,0.0104600982809753,129,20,3,0.00675286604198293,24.8062015503876,0.711770075810293,0.96778949569597,0,6,14,20,6,0.155038759689922,0.0809792191851398,0.163242008047244,0,0.164855617239493,NaN,0.6,0.0963954220075763,0.232558139534884,0.091608195800424,0.168519934854552,0.3,400,126,652,652,280,372,229,47,100,47,11231,0,141,141,141,141,129,129,129,129,129,0,20
DASCMOP2_BC,1,346,129,1,0.43,129,0,0.00150179003645019,0.00649568291896394,129,20,3,0.00675286604198293,24.8062015503876,0.685269411637833,0.978697542998057,0,7,13,20,2,0.155038759689922,0.177375443695907,0.204896960375889,0,0.212833394257343,NaN,0.4,-0.0577271249717857,0.0930232558139535,0.184769668927715,0.213048062138369,0.1,400,129,658,658,262,396,230,46,100,46,11432,0,138,138,138,138,129,129,129,129,129,0,20
DASCMOP2_BC,1,347,132,1,0.44,132,0,0.0019161829006641,0.00752535590976308,132,20,3,0.00690990943830812,24.2424242424242,0.699570512572129,0.96778949569597,0,5,15,20,5,0.151515151515152,0.0632791888802434,0.101258949258594,0,0.111321322730826,NaN,0.5,0.0208445861467462,0.204545454545455,0.0657816249858134,0.111428275488471,0.25,400,129,658,658,275,383,231,48,100,48,11399,0,144,144,144,144,132,132,132,132,132,0,20
DASCMOP2_BC,1,348,129,1,0.43,129,0,0.00198297766330595,0.00801922943738021,129,20,3,0.00675286604198293,24.8062015503876,0.711770075810293,1.04052018588678,0,6,14,20,7,0.155038759689922,0.074818149574781,0.132420654241189,0,0.139318076086632,NaN,0.55,0.0294926963749891,0.27906976744186,0.0774421358808274,0.142149302139803,0.35,400,132,664,664,271,393,233,49,100,49,11521,0,147,147,147,147,129,129,129,129,129,0,20
DASCMOP2_BC,1,349,120,1,0.4,120,0,0.00166776782096354,0.00594632767245091,120,20,3,0.00628173585300738,26.6666666666667,0.711412160589399,1.03439280169655,0,9,11,20,7,0.166666666666667,0.077257261227204,0.140144916942992,0,0.150562523688173,NaN,0.45,-0.0133999956472224,0.2,0.0809802217820047,0.151216393700869,0.35,400,129,658,658,267,391,230,46,100,46,11642,0,138,138,138,138,120,120,120,120,120,0,20
DASCMOP2_BC,1,350,126,1,0.42,126,0,0.00154128789052643,0.00603295504065326,126,20,3,0.00659582264565775,25.3968253968254,0.719588142724727,1.04277617583173,0,7,13,20,8,0.158730158730159,0.0905288631547762,0.219419765052625,0,0.231826610160107,NaN,0.5,-0.00555250611804925,0.238095238095238,0.0936042465082043,0.231968420791234,0.4,400,120,640,640,262,378,216,47,100,47,10705,0,141,141,141,141,126,126,126,126,126,0,20
DASCMOP2_BC,1,351,123,1,0.41,123,0,0.00162161264244737,0.00637326821585484,123,20,3,0.00643877924933257,26.0162601626016,0.711770075810293,0.978697542998057,0,8,12,20,7,0.16260162601626,0.122769071151878,0.241784754817406,0,0.252908801446093,NaN,0.55,0.0576180368491446,0.24390243902439,0.125963611056148,0.25318589212457,0.35,400,126,652,652,264,388,226,47,100,47,11411,0,141,141,141,141,123,123,123,123,123,0,20
DASCMOP2_BC,1,352,132,1,0.44,132,0,0.00183194625232197,0.00771607318250888,132,20,3,0.00690990943830812,24.2424242424242,0.67842741562772,0.96778949569597,0,5,15,20,7,0.151515151515152,0.0559080531271194,0.18001827762667,0,0.195587000479797,NaN,0.55,0.0184461883743843,0.272727272727273,0.0589199163440506,0.195667872264433,0.35,400,123,646,646,259,387,224,48,100,48,11499,0,144,144,144,144,132,132,132,132,132,0,20
DASCMOP2_BC,1,353,126,1,0.42,126,0,0.00161574007186775,0.00559855166261833,126,20,3,0.00659582264565775,25.3968253968254,0.711412160589399,1.02826541750631,0,7,13,20,6,0.158730158730159,0.0533592239428722,0.160844838316288,0,0.175437663257203,NaN,0.4,-0.0122212125646006,0.142857142857143,0.0579953142752102,0.175631918135286,0.3,400,132,664,664,278,386,236,47,100,47,11617,0,141,141,141,141,126,126,126,126,126,0,20
DASCMOP2_BC,1,354,115,1,0.39,115,0,0.00153090650067226,0.00557905710467444,115,20,3,0.00601999685913207,27.8260869565217,0.699325937247985,0.978697542998057,0,10,10,20,3,0.173913043478261,0.104906020485927,0.185908614257482,0,0.196730283977694,NaN,0.75,0.0574780285090657,0.153846153846154,0.110957376199126,0.199855879109157,0.15,400,126,652,652,271,381,226,48,100,48,11272,0,144,144,144,144,115,115,115,115,115,0,20
DASCMOP2_BC,1,355,120,1,0.4,120,0,0.00158510077208615,0.0059873124255137,120,20,3,0.00628173585300738,26.6666666666667,0.711054245368506,0.978697542998057,0,9,11,20,6,0.166666666666667,0.0743908568456394,0.215152077180125,0,0.228273198829525,NaN,0.7,0.0830355568156994,0.15,0.0749524833817447,0.228568672824833,0.3,400,115,630,630,262,368,216,48,100,48,10353,0,144,144,144,144,120,120,120,120,120,0,20
DASCMOP2_BC,1,356,123,1,0.41,123,0,0.00142874667328294,0.00561370609260385,123,20,3,0.00643877924933257,26.0162601626016,0.711770075810293,1.03116756917139,0,8,12,20,6,0.16260162601626,0.0928196220395427,0.24842686954953,0,0.265439634153133,NaN,0.65,0.0405911383728596,0.146341463414634,0.100337420573399,0.265664698371443,0.3,400,120,640,640,263,377,220,48,100,48,10634,0,144,144,144,144,123,123,123,123,123,0,20
DASCMOP2_BC,1,357,111,1,0.37,111,0,0.00162393284908369,0.005826747622647,111,20,3,0.00581060566403183,28.8288288288288,0.711770075810293,0.978697542998057,0,12,8,20,6,0.18018018018018,0.032003399476962,0.15112899941084,0,0.157817308019377,NaN,0.55,0.00727984878018695,0.189189189189189,0.0388095337715685,0.16151403156107,0.3,400,123,646,646,258,388,225,47,100,47,11141,0,141,141,141,141,111,111,111,111,111,0,20
DASCMOP2_BC,1,358,123,1,0.41,123,0,0.00179860291299893,0.00709817624397733,123,20,3,0.00643877924933257,26.0162601626016,0.727406209639161,1.02219905140743,0,8,12,20,3,0.16260162601626,0.0434148051818006,0.10631651962697,0,0.115347862148129,NaN,0.55,0.0076629525631105,0.0975609756097561,0.0479560437023937,0.115541989773818,0.15,400,111,622,622,244,378,213,47,100,47,10287,0,141,141,141,141,123,123,123,123,123,0,20
DASCMOP2_BC,1,359,125,1,0.42,125,0,0.00161860358987489,0.00776670454166973,125,20,3,0.00654347484688269,25.6,0.76862035613498,0.973991836338731,0,7,13,20,6,0.16,0.0808873117491264,0.13993417172175,0,0.153225806968544,NaN,0.5,-0.00570739451691421,0.166666666666667,0.0850579132173243,0.153468668026384,0.3,400,123,646,646,267,379,223,48,100,48,11337,0,144,144,144,144,125,125,125,125,125,0,20
DASCMOP2_BC,1,360,129,1,0.43,129,0,0.00197199702695199,0.00787394238732707,129,20,3,0.00675286604198293,24.8062015503876,0.711054245368506,1.02170637218378,0,7,13,20,5,0.155038759689922,0.0631840360551503,0.135026889148736,0,0.145422321575122,NaN,0.35,-0.0360065599746845,0.13953488372093,0.0656757816451778,0.145884886976927,0.25,400,125,650,650,263,387,223,49,100,49,10830,0,147,147,147,147,129,129,129,129,129,0,20
DASCMOP2_BC,1,361,120,1,0.4,120,0,0.00193437775985606,0.00738285261234182,120,20,3,0.00628173585300738,26.6666666666667,0.719588142724727,1.03439280169655,0,9,11,20,6,0.166666666666667,0.076890278483351,0.100544851509179,0,0.106484839650239,NaN,0.5,0.00272735327729917,0.25,0.0822612914645155,0.106904322925397,0.3,400,129,658,658,273,385,229,47,100,47,11298,0,141,141,141,141,120,120,120,120,120,0,20
DASCMOP2_BC,1,362,129,1,0.43,129,0,0.00215832150015939,0.00921396076648945,129,20,3,0.00675286604198293,24.8062015503876,0.76862035613498,1.05106177312507,0,7,13,20,3,0.155038759689922,0.101833171758938,0.216639301624732,0,0.216639301624732,NaN,0.45,-0.0302782540758283,0.13953488372093,0.1072268080029,0.218264478761329,0.15,400,120,640,640,266,374,222,47,100,47,10320,0,141,141,141,141,129,129,129,129,129,0,20
DASCMOP2_BC,1,363,125,1,0.42,125,0,0.00177003928893991,0.00600053947241077,125,20,3,0.00654347484688269,25.6,0.711770075810293,1.04277617583173,0,8,12,20,3,0.16,0.0639864533985045,0.116320477141156,0,0.11663476855707,NaN,0.7,0.0967774004227945,0.0952380952380952,0.0662548698909319,0.117112197679666,0.15,400,129,658,658,259,399,229,49,100,49,11462,0,147,147,147,147,125,125,125,125,125,0,20
DASCMOP2_BC,1,364,120,1,0.4,120,0,0.0013612398326713,0.00480929716936261,120,20,3,0.00628173585300738,26.6666666666667,0.740195215972636,1.08091568508917,0,9,11,20,0,0.166666666666667,0.193836588649255,0.277861645943731,0,0.296147258830479,NaN,0.5,0.0224383015336183,0,0.205199244295404,0.296323960029713,0,400,125,650,650,265,385,226,47,100,47,11778,0,141,141,141,141,120,120,120,120,120,0,20
DASCMOP2_BC,1,365,123,1,0.41,123,0,0.00141850628502895,0.00474200254113891,123,20,3,0.00643877924933257,26.0162601626016,0.711770075810293,1.05605756649962,0,8,12,20,4,0.16260162601626,0.0773000607792605,0.121184381011254,0,0.134416886241417,NaN,0.45,-0.00454819439365106,0.146341463414634,0.0815309367385909,0.134829823617552,0.2,400,120,640,640,257,383,222,48,100,48,11114,0,144,144,144,144,123,123,123,123,123,0,20
DASCMOP2_BC,1,366,126,1,0.42,126,0,0.00187698623098848,0.00662115068709654,126,20,3,0.00659582264565775,25.3968253968254,0.720289351434659,1.10968619449442,0,8,12,20,6,0.158730158730159,0.0749828594418652,0.159459465886092,0,0.167128465515814,NaN,0.6,0.0270334989137292,0.19047619047619,0.0785107947194155,0.169846533605653,0.3,400,123,646,646,262,384,224,48,100,48,11275,0,144,144,144,144,126,126,126,126,126,0,20
DASCMOP2_BC,1,367,126,1,0.42,126,0,0.00182142415259357,0.00707035599305372,126,20,3,0.00659582264565775,25.3968253968254,0.776485388994099,1.09281810012319,0,7,13,20,3,0.158730158730159,0.0918600410296689,0.126163707144608,0,0.127229389728827,NaN,0.45,-0.00463663759862337,0.0952380952380952,0.0944878638079838,0.127326419334135,0.15,400,126,652,652,271,381,227,48,100,48,10858,0,144,144,144,144,126,126,126,126,126,0,20
DASCMOP2_BC,1,368,129,1,0.43,129,0,0.00157174802889946,0.00614580355867278,129,20,3,0.00675286604198293,24.8062015503876,0.76862035613498,1.02170637218378,0,7,13,20,7,0.155038759689922,0.0644289672094846,0.0929280568409021,0,0.100458128671082,NaN,0.7,0.0690827220094285,0.186046511627907,0.0664665250306404,0.101509045635978,0.35,400,126,652,652,266,386,227,48,100,48,10847,0,144,144,144,144,129,129,129,129,129,0,20
DASCMOP2_BC,1,369,126,1,0.43,126,0,0.00150687069955042,0.00490088035947346,126,20,3,0.00659582264565775,25.3968253968254,0.76862035613498,1.10968619449442,0,6,14,20,8,0.158730158730159,0.0753244101914398,0.149600866768016,0,0.162300883440407,NaN,0.65,0.0245318354606476,0.232558139534884,0.079031588235524,0.162568089561648,0.4,400,129,658,658,266,392,231,47,100,47,11983,0,141,141,141,141,126,126,126,126,126,0,20
DASCMOP2_BC,1,370,123,1,0.41,123,0,0.00158795941819252,0.00519164049903893,123,20,3,0.00643877924933257,26.0162601626016,0.667885415426498,1.03116756917139,0,8,12,20,7,0.16260162601626,0.0820716492205612,0.112984853962049,0,0.121652991411764,NaN,0.4,-0.0138355947025854,0.195121951219512,0.0884617875035775,0.121775215659399,0.35,400,126,652,652,257,395,227,48,100,48,11642,0,144,144,144,144,123,123,123,123,123,0,20
DASCMOP2_BC,1,371,126,1,0.42,126,0,0.00160638773311681,0.00558988194396688,126,20,3,0.00659582264565775,25.3968253968254,0.780281610020178,1.02170637218378,0,7,13,20,4,0.158730158730159,0.106941236042046,0.155560655217264,0,0.161487272389992,NaN,0.75,0.0428534903819721,0.142857142857143,0.108790928904085,0.163906139359211,0.2,400,123,646,646,273,373,225,47,100,47,10454,0,141,141,141,141,126,126,126,126,126,0,20
DASCMOP2_BC,1,372,129,1,0.43,129,0,0.0018657734025368,0.00644783145801848,129,20,3,0.00675286604198293,24.8062015503876,0.711054245368506,1.02642402638857,0,6,14,20,5,0.155038759689922,0.0514387597187112,0.116945152247123,0,0.127312764088087,NaN,0.5,0.00992146491661705,0.232558139534884,0.0523142757098247,0.127759147177544,0.25,400,126,652,652,263,389,226,48,100,48,11230,0,144,144,144,144,129,129,129,129,129,0,20
DASCMOP2_BC,1,373,135,1,0.45,135,0,0.00153082826272949,0.00514784751971035,135,20,3,0.0070669528346333,23.7037037037037,0.711054245368506,1.10918312917117,0,5,15,20,11,0.148148148148148,0.0697859466280583,0.153121263381598,0,0.168230183917837,NaN,0.65,0.0502094415443715,0.333333333333333,0.0730840615896362,0.168401528343426,0.55,400,129,658,658,267,391,230,49,100,49,11817,0,147,147,147,147,135,135,135,135,135,0,20
DASCMOP2_BC,1,374,129,1,0.43,129,0,0.00165933218903556,0.00643714453139141,129,20,3,0.00675286604198293,24.8062015503876,0.667885415426498,1.02826541750631,0,7,13,20,13,0.155038759689922,0.0615146810331183,0.0814391308327694,0,0.083891226878913,NaN,0.7,0.0437968683813105,0.441860465116279,0.0625297526163003,0.0841813277624273,0.65,400,135,670,670,279,391,235,49,100,49,12006,0,147,147,147,147,129,129,129,129,129,0,20
DASCMOP2_BC,1,375,126,1,0.42,126,0,0.000958186735540341,0.0041868875486621,126,20,3,0.00659582264565775,25.3968253968254,0.754115018373836,1.04255057683723,0,7,13,20,3,0.158730158730159,0.0308480398755415,0.0631445862626402,0,0.0634445247612498,NaN,0.75,0.0891718985166297,0.142857142857143,0.032809463798791,0.0646648250935959,0.15,400,129,658,658,278,380,229,47,100,47,10883,0,141,141,141,141,126,126,126,126,126,0,20
DASCMOP2_BC,1,376,132,1,0.44,132,0,0.00153584076348705,0.00493129386555111,132,20,3,0.00690990943830812,24.2424242424242,0.76862035613498,1.10968619449442,0,5,15,20,13,0.151515151515152,0.0580736869640654,0.0742156607388961,0,0.0787303683207789,NaN,0.7,0.0490148046051485,0.5,0.0606027013470257,0.0790051086499969,0.65,400,126,652,652,272,380,228,48,100,48,10982,0,144,144,144,144,132,132,132,132,132,0,20
DASCMOP2_BC,1,377,129,1,0.43,129,0,0.00170493782173692,0.00593457211483267,129,20,3,0.00675286604198293,24.8062015503876,0.76862035613498,1.04052018588678,0,7,13,20,9,0.155038759689922,0.0466279950106435,0.104902842118948,0,0.11682977516586,NaN,0.65,0.0873942718005681,0.232558139534884,0.0471922140157286,0.117145339623602,0.45,400,132,664,664,270,394,233,48,100,48,11460,0,144,144,144,144,129,129,129,129,129,0,20
DASCMOP2_BC,1,378,126,1,0.42,126,0,0.00146859116090635,0.00531480411683854,126,20,3,0.00659582264565775,25.3968253968254,0.729528656027019,1.04052018588678,0,7,13,20,6,0.158730158730159,0.0472699664328439,0.0925249412438763,0,0.102125267408874,NaN,0.65,0.0808210225151804,0.142857142857143,0.0484394939584641,0.10270791203358,0.3,400,129,658,658,271,387,230,48,100,48,11404,0,144,144,144,144,126,126,126,126,126,0,20
DASCMOP2_BC,1,379,128,1,0.44,128,0,0.00175380742134254,0.00605801462767679,128,20,3,0.00670051824320787,25,0.711054245368506,1.02170637218378,0,5,15,20,7,0.15625,0.067149480723243,0.107232077721862,0,0.116272007592299,NaN,0.75,0.092522074245971,0.227272727272727,0.0679710232447323,0.11654463759937,0.35,400,126,652,652,265,387,226,48,100,48,10547,0,144,144,144,144,128,128,128,128,128,0,20
DASCMOP2_BC,1,380,138,1,0.46,138,0,0.00160599971901804,0.00635276742013419,138,20,3,0.00722399623095849,23.1884057971014,0.720289351434659,1.06966804715512,0,5,15,20,10,0.144927536231884,0.0670669606548965,0.127575941381113,0,0.140799333368551,NaN,0.7,0.132610987509392,0.326086956521739,0.0679738350092183,0.141048056369603,0.5,400,128,656,656,262,394,229,50,100,50,11725,0,150,150,150,150,138,138,138,138,138,0,20
DASCMOP2_BC,1,381,126,1,0.42,126,0,0.00120705502554387,0.00531745173443791,126,20,3,0.00659582264565775,25.3968253968254,0.761367687254408,1.10918312917117,0,7,13,20,8,0.158730158730159,0.0529010357233378,0.0754347587941065,0,0.0795585213136004,NaN,0.65,0.109268032263693,0.214285714285714,0.0532317920164397,0.0798913228152031,0.4,400,138,676,676,281,395,239,48,100,48,11834,0,144,144,144,144,126,126,126,126,126,0,20
DASCMOP2_BC,1,382,135,1,0.45,135,0,0.00201480709262622,0.00810546165721973,135,20,3,0.0070669528346333,23.7037037037037,0.754115018373836,1.10918312917117,0,4,16,20,1,0.148148148148148,0.167627145063583,0.253036774138932,0,0.261098789753836,NaN,0.7,0.00914484707391094,0.0444444444444444,0.176128752890903,0.26383141078358,0.05,400,126,652,652,268,384,227,49,100,49,11002,0,147,147,147,147,135,135,135,135,135,0,20
DASCMOP2_BC,1,383,132,1,0.44,132,0,0.00112686366812204,0.00410551284294058,132,20,3,0.00690990943830812,24.2424242424242,0.761367687254408,1.10918312917117,0,5,15,20,1,0.151515151515152,0.117781840836776,0.155450786534885,0,0.160105081987821,NaN,0.8,0.0803727219523898,0.0454545454545455,0.121920540733829,0.162095758419285,0.05,400,135,670,670,276,394,236,49,100,49,11775,0,147,147,147,147,132,132,132,132,132,0,20
DASCMOP2_BC,1,384,129,1,0.43,129,0,0.00157688301580482,0.00647587526899132,129,20,3,0.00675286604198293,24.8062015503876,0.776212798187137,1.04052018588678,0,7,13,20,3,0.155038759689922,0.112280536309444,0.146592742673772,0,0.154689242548689,NaN,0.5,0.0154049646711326,0.0930232558139535,0.115035437294385,0.156443538071377,0.15,400,132,664,664,264,400,233,49,100,49,11575,0,147,147,147,147,129,129,129,129,129,0,20
DASCMOP2_BC,1,385,126,1,0.42,126,0,0.00108155996927529,0.00362788208229365,126,20,3,0.00659582264565775,25.3968253968254,0.780281610020178,1.04277617583173,0,4,16,20,4,0.158730158730159,0.111756198157461,0.14612435762182,0,0.156654647920625,NaN,0.55,0.0634059416005815,0.119047619047619,0.114312732933468,0.15677266041046,0.2,400,129,658,658,268,390,230,48,100,48,11315,0,144,144,144,144,126,126,126,126,126,0,20
DASCMOP2_BC,1,386,120,1,0.4,120,0,0.00151749227034836,0.0052844395790072,120,20,3,0.00628173585300738,26.6666666666667,0.761230256282165,1.00020195759092,0,6,14,20,5,0.166666666666667,0.20747776716312,0.300092292439456,0,0.314349369356731,NaN,0.55,0.0340015928850879,0.175,0.214781820570256,0.315015479480773,0.25,400,126,652,652,262,390,226,47,100,47,11325,0,141,141,141,141,120,120,120,120,120,0,20
DASCMOP2_BC,1,387,129,1,0.43,129,0,0.00210501377092036,0.00829327111697443,129,20,3,0.00675286604198293,24.8062015503876,0.802650514932069,1.02170637218378,0,3,17,20,6,0.155038759689922,0.143997189690352,0.203552419749931,0,0.218408967144063,NaN,0.65,0.0487687542425804,0.27906976744186,0.152294346477312,0.218654660781288,0.3,400,120,640,640,253,387,223,48,100,48,10999,0,144,144,144,144,129,129,129,129,129,0,20
DASCMOP2_BC,1,388,126,1,0.42,126,0,0.0015902614000634,0.00587514591445601,126,20,3,0.00659582264565775,25.3968253968254,0.761367687254408,1.00508585405625,0,4,16,20,5,0.158730158730159,0.0857466350772355,0.111876461509656,0,0.113035967294378,NaN,0.55,0.00670333694969311,0.238095238095238,0.089341922869781,0.113143319077884,0.25,400,129,658,658,269,389,231,48,100,48,11722,0,144,144,144,144,126,126,126,126,126,0,20
DASCMOP2_BC,1,389,132,1,0.44,132,0,0.00175353849546873,0.00705391904057868,132,20,3,0.00690990943830812,24.2424242424242,0.757953796189363,1.02826541750631,0,2,18,20,3,0.151515151515152,0.0868300483244671,0.181725634593422,0,0.182254762238651,NaN,0.6,0.0498948944897086,0.136363636363636,0.0904944098309443,0.182648741979569,0.15,400,126,652,652,269,383,227,49,100,49,10939,0,147,147,147,147,132,132,132,132,132,0,20
DASCMOP2_BC,1,390,132,1,0.44,132,0,0.00150718130793468,0.00514163813715819,132,20,3,0.00690990943830812,24.2424242424242,0.76862035613498,0.978697542998057,0,2,18,20,2,0.151515151515152,0.119192865572966,0.181317676091507,0,0.182099302262055,NaN,0.7,0.0776674788564687,0.0909090909090909,0.130566178784811,0.184628897481004,0.1,400,132,664,664,274,390,234,49,100,49,11578,0,147,147,147,147,132,132,132,132,132,0,20
DASCMOP2_BC,1,391,123,1,0.41,123,0,0.00139120261478481,0.00563574989597232,123,20,3,0.00643877924933257,26.0162601626016,0.76862035613498,1.10918312917117,0,5,15,20,1,0.16260162601626,0.157478548397354,0.218921954449831,0,0.219440194882918,NaN,0.6,0.0332525142871248,0.0487804878048781,0.16840736443971,0.219843450894735,0.05,400,132,664,664,271,393,232,48,100,48,11607,0,144,144,144,144,123,123,123,123,123,0,20
DASCMOP2_BC,1,392,126,1,0.42,126,0,0.00147657013719083,0.00577271143391814,126,20,3,0.00659582264565775,25.3968253968254,0.711770075810293,1.02826541750631,0,4,16,20,0,0.158730158730159,0.135606087886471,0.178670927721291,0,0.187843573307365,NaN,0.4,-0.0184970669325314,0,0.139396576635518,0.188040253018612,0,400,123,646,646,265,381,223,50,100,50,10650,0,150,150,150,150,126,126,126,126,126,0,20
DASCMOP2_BC,1,393,129,1,0.43,129,0,0.00156642016370274,0.00562417695569042,129,20,3,0.00675286604198293,24.8062015503876,0.711770075810293,0.978697542998057,0,3,17,20,0,0.155038759689922,0.144857867330058,0.184520309749659,0,0.185829028342047,NaN,0.65,0.0523756112814575,0,0.154180604007633,0.186075025652025,0,400,126,652,652,270,382,226,49,100,49,10669,0,147,147,147,147,129,129,129,129,129,0,20
DASCMOP2_BC,1,394,123,1,0.41,123,0,0.00125652706092693,0.00432650289871022,123,20,3,0.00643877924933257,26.0162601626016,0.711770075810293,1.10928374223582,0,5,15,20,1,0.16260162601626,0.197545578307748,0.222853675085193,0,0.235466142385306,NaN,0.55,0.0254799613300494,0.0487804878048781,0.202871875106618,0.23579091996713,0.05,400,129,658,658,271,387,230,48,100,48,11705,2,144,144,144,144,123,123,123,123,123,0,20
DASCMOP2_BC,1,395,134,1,0.45,134,0,0.00151123759101035,0.00522188694521292,134,20,3,0.00701460503585824,23.8805970149254,0.711054245368506,0.973991836338731,0,5,15,20,1,0.149253731343284,0.133048241990346,0.217208600390651,0,0.230088299625186,NaN,0.5,-0.00491514625561129,0.0444444444444444,0.134850440553889,0.23028664003216,0.05,400,123,646,646,278,368,224,49,100,49,10152,0,147,147,147,147,134,134,134,134,134,0,20
DASCMOP2_BC,1,396,129,1,0.43,129,0,0.00159974936809115,0.00571847908088455,129,20,3,0.00675286604198293,24.8062015503876,0.711770075810293,1.04052018588678,0,7,13,20,1,0.155038759689922,0.144974363848972,0.230364962524379,0,0.242792988747994,NaN,0.3,-0.0269230245107769,0.0465116279069767,0.149775646301851,0.243366330917944,0.05,400,134,668,668,276,392,235,48,100,48,11543,0,144,144,144,144,129,129,129,129,129,0,20
DASCMOP2_BC,1,397,129,1,0.43,129,0,0.0011448863253996,0.00375898418117325,129,20,3,0.00675286604198293,24.8062015503876,0.754115018373836,1.10918312917117,0,7,13,20,3,0.155038759689922,0.173457991685216,0.314115545381003,0,0.319951850270335,NaN,0.35,-0.0692562560909357,0.0465116279069767,0.179350623938097,0.322278337597769,0.15,400,129,658,658,268,390,230,49,100,49,11779,0,147,147,147,147,129,129,129,129,129,0,20
DASCMOP2_BC,1,398,138,1,0.46,138,0,0.002041996993239,0.00747731785474559,138,20,3,0.00722399623095849,23.1884057971014,0.776212798187137,0.969709225060633,0,5,15,20,0,0.144927536231884,0.154057678447049,0.401826406452068,0,0.414725870916535,NaN,0.65,0.0472674917563386,0,0.157513682467986,0.415142511791829,0,400,129,658,658,269,389,229,49,100,49,11020,0,147,147,147,147,138,138,138,138,138,0,20
DASCMOP2_BC,1,399,129,1,0.43,129,0,0.00183619410136598,0.00607590401128959,129,20,3,0.00675286604198293,24.8062015503876,0.754115018373836,1.10918312917117,0,7,13,20,2,0.155038759689922,0.182411966948982,0.322084942550842,0,0.334568011105271,NaN,0.35,-0.0762814067656818,0.0930232558139535,0.18794849805343,0.334868893630923,0.1,400,138,676,676,279,397,240,49,100,49,12057,0,147,147,147,147,129,129,129,129,129,0,20
DASCMOP2_BC,1,400,138,1,0.46,138,0,0.00172500608933534,0.00681444629449564,138,20,3,0.00722399623095849,23.1884057971014,0.732545206968952,1.05106177312507,0,4,16,20,0,0.144927536231884,0.151603667939339,0.367242132516901,0,0.380064916114525,NaN,0.5,-0.0132247844202273,0,0.153891427339693,0.380531643555761,0,400,129,658,658,268,390,230,49,100,49,11369,0,147,147,147,147,138,138,138,138,138,0,20
DASCMOP2_BC,1,401,132,1,0.44,132,0,0.00175582378317837,0.00698929695502139,132,20,3,0.00690990943830812,24.2424242424242,0.711770075810293,1.04277617583173,0,6,14,20,7,0.151515151515152,0.124705834644649,0.396385750423247,0,0.402213492045452,NaN,0.4,-0.0347681813173958,0.227272727272727,0.128996162515996,0.404397723235089,0.35,400,138,676,676,282,394,240,47,100,47,11881,0,141,141,141,141,132,132,132,132,132,0,20
DASCMOP2_BC,1,402,135,1,0.45,135,0,0.00185367066583012,0.00620872836103313,135,20,3,0.0070669528346333,23.7037037037037,0.76862035613498,1.02826541750631,0,5,15,20,3,0.148148148148148,0.113679243304761,0.487199713659235,0,0.494372514533443,NaN,0.45,-0.0334683616372892,0.0888888888888889,0.117677853641282,0.496480331254115,0.15,400,132,664,664,274,390,233,49,100,49,11501,0,147,147,147,147,135,135,135,135,135,0,20
DASCMOP2_BC,1,403,138,1,0.46,138,0,0.00127498479810556,0.0042846819175448,138,20,3,0.00722399623095849,23.1884057971014,0.754379002578044,1.04993393764007,0,4,16,20,3,0.144927536231884,0.109300914817112,0.530834875217368,0,0.54643168691814,NaN,0.35,-0.0460352632855178,0.108695652173913,0.112427523682907,0.546556797546939,0.15,400,135,670,670,274,396,235,49,100,49,11630,0,147,147,147,147,138,138,138,138,138,0,20
DASCMOP2_BC,1,404,135,1,0.45,135,0,0.00159714881585286,0.00581213144056794,135,20,3,0.0070669528346333,23.7037037037037,0.754115018373836,1.09281810012319,0,6,14,20,1,0.148148148148148,0.175073725636464,0.557372050788372,0,0.571847838672339,NaN,0.6,0.0187578760716863,0.0444444444444444,0.178367272291036,0.572424186356984,0.05,400,138,676,676,277,399,239,49,100,49,11884,0,147,147,147,147,135,135,135,135,135,0,20
DASCMOP2_BC,1,405,132,1,0.44,132,0,0.00142484597473108,0.00588416500751506,132,20,3,0.00690990943830812,24.2424242424242,0.743991436998715,0.978697542998057,0,6,14,20,3,0.151515151515152,0.253903123961976,0.620898409643754,0,0.634794014338964,NaN,0.4,-0.0542931317481728,0.0454545454545455,0.260458485238344,0.635369058988434,0.15,400,135,670,670,278,392,235,49,100,49,11272,0,147,147,147,147,132,132,132,132,132,0,20
DASCMOP2_BC,1,406,135,1,0.45,135,0,0.00156451650116031,0.00506586888294069,135,20,3,0.0070669528346333,23.7037037037037,0.764514666197632,1.04993393764007,0,5,15,20,2,0.148148148148148,0.196873039647629,0.661420140135413,0,0.676551273824457,NaN,0.35,-0.0760061389922091,0.0444444444444444,0.198835133788619,0.677115612842991,0.1,400,132,664,664,273,391,232,49,100,49,11302,0,147,147,147,147,135,135,135,135,135,0,20
DASCMOP2_BC,1,407,132,1,0.44,132,0,0.00165797018523121,0.00613553327832693,132,20,3,0.00690990943830812,24.2424242424242,0.722157641389622,0.978697542998057,0,6,14,20,2,0.151515151515152,0.67166134068919,1.18599649729883,0,1.19039726020767,NaN,0.7,0.124648622146333,0.0909090909090909,0.681995433532756,1.19299933339529,0.1,400,135,670,670,276,394,235,48,100,48,12220,0,144,144,144,144,132,132,132,132,132,0,20
DASCMOP2_BC,1,408,126,1,0.42,126,0,0.00184450980415329,0.00657367930588707,126,20,3,0.00659582264565775,25.3968253968254,0.711412160589399,1.04277617583173,0,7,13,20,5,0.158730158730159,0.227772600716127,1.13513106695705,0,1.14985251053312,NaN,0.45,-0.0737783732254615,0.19047619047619,0.237157981126227,1.15068937498546,0.25,400,132,664,664,277,387,230,48,100,48,11129,0,144,144,144,144,126,126,126,126,126,0,20
DASCMOP2_BC,1,409,126,1,0.42,126,0,0.00114918975604358,0.00567424254090409,126,20,3,0.00659582264565775,25.3968253968254,0.78240955718907,1.04993393764007,0,8,12,20,3,0.158730158730159,0.394686240474203,0.999838976265984,0,1.016991024497,NaN,0.5,0.00370102372429848,0.0714285714285714,0.410255290906551,1.01749058831053,0.15,400,126,652,652,266,386,226,48,100,48,11388,0,144,144,144,144,126,126,126,126,126,0,20
DASCMOP2_BC,1,410,135,1,0.45,135,0,0.00164168404387649,0.00698924457247438,135,20,3,0.0070669528346333,23.7037037037037,0.747287236243746,1.02068245988271,0,6,14,20,2,0.148148148148148,0.0699026563384138,0.770855687084499,0,0.781682525463909,NaN,0.5,-0.0114353531605867,0.0888888888888889,0.0735441158537183,0.78225787233334,0.1,400,126,652,652,259,393,226,50,100,50,11075,0,150,150,150,150,135,135,135,135,135,0,20
DASCMOP2_BC,1,411,126,1,0.42,126,0,0.00144147744049581,0.00518007641003338,126,20,3,0.00659582264565775,25.3968253968254,0.778340745356028,1.04993393764007,0,8,12,20,7,0.158730158730159,0.188576892449517,0.512167872304989,0,0.517136176328118,NaN,0.5,-0.00280043116110007,0.142857142857143,0.199200757130054,0.519746221824027,0.35,400,135,670,670,282,388,236,48,100,48,11631,0,144,144,144,144,126,126,126,126,126,0,20
DASCMOP2_BC,1,412,129,1,0.43,129,0,0.00159747388082226,0.00555373907270219,129,20,3,0.00675286604198293,24.8062015503876,0.711054245368506,1.04993393764007,0,6,14,20,7,0.155038759689922,0.12181359062277,0.536959561003103,0,0.543649618554221,NaN,0.6,0.0104097270394541,0.232558139534884,0.125708123385706,0.544559555059992,0.35,400,126,652,652,268,384,223,48,100,48,11560,0,144,144,144,144,129,129,129,129,129,0,20
DASCMOP2_BC,1,413,129,1,0.43,129,0,0.00100698720026705,0.00356937676139514,129,20,3,0.00675286604198293,24.8062015503876,0.711770075810293,1.04277617583173,0,7,13,20,3,0.155038759689922,0.25011840913569,0.789219372688404,0,0.800949795117272,NaN,0.7,0.0159670411065155,0.0930232558139535,0.257775428867109,0.801642065392322,0.15,400,129,658,658,260,398,230,49,100,49,11307,0,147,147,147,147,129,129,129,129,129,0,20
DASCMOP2_BC,1,414,129,1,0.43,129,0,0.00163889891149295,0.00553730362951276,129,20,3,0.00675286604198293,24.8062015503876,0.754115018373836,1.10918312917117,0,7,13,20,3,0.155038759689922,0.191877214567204,1.01108618799385,0,1.01776835677638,NaN,0.6,0.0117995945502822,0.13953488372093,0.203450720804973,1.02038231383302,0.15,400,129,658,658,267,391,229,49,100,49,11263,0,147,147,147,147,129,129,129,129,129,0,20
DASCMOP2_BC,1,415,129,1,0.43,129,0,0.00193552836326752,0.00811439411952958,129,20,3,0.00675286604198293,24.8062015503876,0.78046869252492,1.04993393764007,0,7,13,20,2,0.155038759689922,0.540707247242127,1.11758892013381,0,1.13082594407812,NaN,0.45,-0.00295810541493519,0.0930232558139535,0.551712571156337,1.1317711573978,0.1,400,129,658,658,269,389,229,48,100,48,11283,0,144,144,144,144,129,129,129,129,129,0,20
DASCMOP2_BC,1,416,135,1,0.45,135,0,0.00153754381046328,0.00598143601714603,135,20,3,0.0070669528346333,23.7037037037037,0.711054245368506,1.10918312917117,0,6,14,20,5,0.148148148148148,0.425744401709547,1.26236062582956,0,1.27642746307769,NaN,0.4,-0.00882025245619344,0.222222222222222,0.432970410186555,1.27703150742977,0.25,400,129,658,658,262,396,228,50,100,50,11523,0,150,150,150,150,135,135,135,135,135,0,20
DASCMOP2_BC,1,417,129,1,0.43,129,0,0.0016706048738678,0.00637783263660506,129,20,3,0.00675286604198293,24.8062015503876,0.711770075810293,1.04277617583173,0,8,12,20,3,0.155038759689922,0.939180932162635,1.28256426989716,0,1.29708382687228,NaN,0.4,-0.0988500819751836,0.0465116279069767,0.959154488275232,1.29792618649096,0.15,400,135,670,670,266,404,236,49,100,49,11826,0,147,147,147,147,129,129,129,129,129,0,20
DASCMOP2_BC,1,418,129,1,0.43,129,0,0.00133835882381926,0.00492285872629609,129,20,3,0.00675286604198293,24.8062015503876,0.711770075810293,1.04277617583173,0,7,13,20,3,0.155038759689922,0.157837145299661,0.977012583062377,0,0.990228375833358,NaN,0.35,-0.0320680609470002,0.0465116279069767,0.165020437545976,0.991122300430663,0.15,400,129,658,658,269,389,230,49,100,49,10981,0,147,147,147,147,129,129,129,129,129,0,20
DASCMOP2_BC,1,419,126,1,0.42,126,0,0.00145461940999948,0.00569332699911932,126,20,3,0.00659582264565775,25.3968253968254,0.765163908280486,1.04277617583173,0,8,12,20,0,0.158730158730159,0.319403817443019,1.02359002883465,0,1.03776440222965,NaN,0.45,-0.00719784719238292,0,0.328009499877176,1.03847317542248,0,400,129,658,658,255,403,228,48,100,48,11308,0,144,144,144,144,126,126,126,126,126,0,20
DASCMOP2_BC,1,420,127,1,0.43,127,0,0.00156251651445286,0.00689996084302098,127,20,3,0.00664817044443281,25.1968503937008,0.711770075810293,1.04052018588678,0,7,13,20,4,0.15748031496063,0.189054390094462,0.880301030208663,0,0.894402789957309,NaN,0.45,-0.112145254544208,0.186046511627907,0.191559297059288,0.894625176712059,0.2,400,126,652,652,268,384,227,49,100,49,11173,0,147,147,147,147,127,127,127,127,127,0,20
DASCMOP2_BC,1,421,129,1,0.43,129,0,0.00131419516662415,0.00642496360956182,129,20,3,0.00675286604198293,24.8062015503876,0.776212798187137,1.04993393764007,0,7,13,20,6,0.155038759689922,0.318031672401234,0.986574919457568,0,1.0011131042899,NaN,0.6,0.0578188681520704,0.186046511627907,0.331933402868521,1.00193631240945,0.3,400,127,654,654,268,386,231,49,100,49,11058,0,147,147,147,147,129,129,129,129,129,0,20
DASCMOP2_BC,1,422,126,1,0.42,126,0,0.0015280700290614,0.00658850793060173,126,20,3,0.00659582264565775,25.3968253968254,0.778340745356028,0.978697542998057,0,8,12,20,3,0.158730158730159,0.202831868192965,0.86988828766249,0,0.880177106802781,NaN,0.4,-0.0459868068572861,0.0952380952380952,0.212558823619194,0.881525501596372,0.15,400,129,658,658,268,390,228,49,100,49,11585,0,147,147,147,147,126,126,126,126,126,0,20
DASCMOP2_BC,1,423,132,1,0.44,132,0,0.00154279915417127,0.00711543400537956,132,20,3,0.00690990943830812,24.2424242424242,0.78240955718907,1.04993393764007,0,6,14,20,6,0.151515151515152,0.232425634650397,0.815168745477986,0,0.821688884293102,NaN,0.45,-0.0121926953117804,0.181818181818182,0.2374077819679,0.82424474854084,0.3,400,126,652,652,256,396,225,49,100,49,11578,0,147,147,147,147,132,132,132,132,132,0,20
DASCMOP2_BC,1,424,123,1,0.41,123,0,0.00096541923492123,0.00435417301343768,123,20,3,0.00643877924933257,26.0162601626016,0.78046869252492,1.04240293623744,0,9,11,20,2,0.16260162601626,0.149768339447692,0.557374927839195,0,0.569205204562856,NaN,0.45,-0.0554757214971424,0.0487804878048781,0.152411073862218,0.570111225686615,0.1,400,132,664,664,265,399,232,48,100,48,11894,0,144,144,144,144,123,123,123,123,123,0,20
DASCMOP2_BC,1,425,133,1,0.45,133,0,0.00154747324853117,0.00519425430267711,133,20,3,0.00696225723708318,24.0601503759398,0.776212798187137,0.978697542998057,0,5,15,20,3,0.150375939849624,0.0952039171865941,0.617870755996589,0,0.622947667695028,NaN,0.5,-0.0106816959394412,0.133333333333333,0.100667297077332,0.625610962880296,0.15,400,123,646,646,262,384,224,49,100,49,10820,0,147,147,147,147,133,133,133,133,133,0,20
DASCMOP2_BC,1,426,131,1,0.44,131,0,0.00132354502201731,0.00548934874665154,131,20,3,0.00685756163953306,24.4274809160305,0.784350421853219,1.04993393764007,0,6,14,20,3,0.152671755725191,0.0372653987039266,0.864471961722169,0,0.877068716666898,NaN,0.55,0.0225486154969109,0.136363636363636,0.0414107005977705,0.877249773935342,0.15,400,133,666,666,273,393,234,49,100,49,11240,0,147,147,147,147,131,131,131,131,131,0,20
DASCMOP2_BC,1,427,132,1,0.44,132,0,0.00136386632483813,0.0057951792106826,132,20,3,0.00690990943830812,24.2424242424242,0.78240955718907,1.04993393764007,0,6,14,20,5,0.151515151515152,0.0478916782146676,0.963312201832664,0,0.974277752806553,NaN,0.45,-0.0131581355821773,0.227272727272727,0.0593330170600409,0.975081691028432,0.25,400,131,662,662,274,388,230,49,100,49,11448,0,147,147,147,147,132,132,132,132,132,0,20
DASCMOP2_BC,1,428,129,1,0.43,129,0,0.00117593674544139,0.00575158179717027,129,20,3,0.00675286604198293,24.8062015503876,0.802650514932069,1.04993393764007,0,7,13,20,3,0.155038759689922,0.180379978411866,1.00630557810508,0,1.01781143806395,NaN,0.65,0.0908504441890836,0.13953488372093,0.189477431018192,1.01837572962198,0.15,400,132,664,664,268,396,231,50,100,50,12069,0,150,150,150,150,129,129,129,129,129,0,20
DASCMOP2_BC,1,429,132,1,0.44,132,0,0.00177048886358375,0.00606488513150173,132,20,3,0.00690990943830812,24.2424242424242,0.750701127308791,0.978697542998057,0,6,14,20,2,0.151515151515152,0.0877913412572075,0.881422476236128,0,0.886678161415524,NaN,0.45,-0.0172557751543322,0.0909090909090909,0.0950592781448953,0.889433277531706,0.1,400,129,658,658,270,388,229,49,100,49,11207,0,147,147,147,147,132,132,132,132,132,0,20
DASCMOP2_BC,1,430,130,1,0.44,130,0,0.00151607375054117,0.00564003394933575,130,20,3,0.006805213840758,24.6153846153846,0.78046869252492,1.04993393764007,0,6,14,20,9,0.153846153846154,0.0563370288887495,1.02012583818064,0,1.0253005549286,NaN,0.55,0.0208650720927396,0.295454545454545,0.0621756857921268,1.02801660745822,0.45,400,132,664,664,269,395,232,49,100,49,11644,0,147,147,147,147,130,130,130,130,130,0,20
DASCMOP2_BC,1,431,134,1,0.45,134,0,0.00187618091724315,0.006041772314458,134,20,3,0.00701460503585824,23.8805970149254,0.771839702929384,1.02826541750631,0,5,15,20,5,0.149253731343284,0.0788140469431683,1.00272122546926,0,1.00918199774981,NaN,0.65,0.0117502256916608,0.222222222222222,0.0868168422046406,1.01181830197321,0.25,400,130,660,660,266,394,230,49,100,49,11023,0,147,147,147,147,134,134,134,134,134,0,20
DASCMOP2_BC,1,432,132,1,0.44,132,0,0.00149026748569451,0.00636202271205722,132,20,3,0.00690990943830812,24.2424242424242,0.78240955718907,1.02068245988271,0,6,14,20,5,0.151515151515152,0.30642642639909,1.27316132037455,0,1.27972778582891,NaN,0.5,-0.0196626564882278,0.181818181818182,0.317965873624491,1.28199012628518,0.25,400,134,668,668,275,393,234,49,100,49,11358,0,147,147,147,147,132,132,132,132,132,0,20
DASCMOP2_BC,1,433,132,1,0.44,132,0,0.00145439347575096,0.0050567155948718,132,20,3,0.00690990943830812,24.2424242424242,0.78240955718907,0.978697542998057,0,6,14,20,5,0.151515151515152,0.410348829690351,1.26893370407967,0,1.27547856336428,NaN,0.55,0.0462594205883783,0.181818181818182,0.425119838436285,1.27773546912212,0.25,400,132,664,664,268,396,232,49,100,49,11417,0,147,147,147,147,132,132,132,132,132,0,20
DASCMOP2_BC,1,434,132,1,0.44,132,0,0.0015155930033403,0.00502813685794328,132,20,3,0.00690990943830812,24.2424242424242,0.776212798187137,1.04993393764007,0,6,14,20,7,0.151515151515152,0.262668802146152,1.19934412456393,0,1.20617979384042,NaN,0.55,0.00780100770530545,0.227272727272727,0.273505645608843,1.2086559990715,0.35,400,132,664,664,269,395,231,49,100,49,11411,0,147,147,147,147,132,132,132,132,132,0,20
DASCMOP2_BC,1,435,130,1,0.44,130,0,0.00132991262492725,0.00452760646128647,130,20,3,0.006805213840758,24.6153846153846,0.784350421853219,1.04993393764007,0,6,14,20,4,0.153846153846154,0.899066241637794,1.49138657833616,0,1.49660532684102,NaN,0.65,0.039315676548452,0.0909090909090909,0.917243965971572,1.49841857209973,0.2,400,132,664,664,270,394,231,49,100,49,11594,0,147,147,147,147,130,130,130,130,130,0,20
DASCMOP2_BC,1,436,134,1,0.45,134,0,0.0019207523801768,0.00600388890729384,134,20,3,0.00701460503585824,23.8805970149254,0.776212798187137,1.04993393764007,0,4,16,20,8,0.149253731343284,0.152383052330224,1.51264893786682,0,1.5178610816828,NaN,0.5,0.0309360304051242,0.311111111111111,0.159104951889899,1.51967127119835,0.4,400,130,660,660,269,391,229,48,100,48,11624,0,144,144,144,144,134,134,134,134,134,0,20
DASCMOP2_BC,1,437,138,1,0.46,138,0,0.00216167353198823,0.00675616153835404,138,20,3,0.00722399623095849,23.1884057971014,0.76297736065161,1.04993393764007,0,4,16,20,5,0.144927536231884,0.187418473562373,1.47509595189494,0,1.48030276729154,NaN,0.5,-0.00202293671051046,0.217391304347826,0.195426143343253,1.48211074881912,0.25,400,134,668,668,270,398,233,49,100,49,11660,0,147,147,147,147,138,138,138,138,138,0,20
DASCMOP2_BC,1,438,141,1,0.47,141,0,0.0015584414460147,0.00502001139144839,141,20,3,0.00738103962728367,22.6950354609929,0.78046869252492,1.04993393764007,0,3,17,20,2,0.141843971631206,0.125647110507663,1.34826784105497,0,1.36111241302805,NaN,0.65,0.0476223271421416,0.0851063829787234,0.129957065468932,1.36200520353755,0.1,400,138,676,676,276,400,238,49,100,49,11696,0,147,147,147,147,141,141,141,141,141,0,20
DASCMOP2_BC,1,439,135,1,0.45,135,0,0.00158051638723687,0.00488854489936225,135,20,3,0.0070669528346333,23.7037037037037,0.776212798187137,0.978697542998057,0,4,16,20,2,0.148148148148148,0.280061666380399,1.58678826051745,0,1.59462582827476,NaN,0.45,-0.0202958708486844,0.0888888888888889,0.292431275443678,1.59561504404836,0.1,400,141,682,682,282,400,237,48,100,48,12554,0,144,144,144,144,135,135,135,135,135,0,20
DASCMOP2_BC,1,440,120,1,0.4,120,0,0.00126156641595017,0.00546147056405277,120,20,3,0.00628173585300738,26.6666666666667,0.764713268192548,1.07955853340562,0,10,10,20,4,0.166666666666667,0.0687990738674949,1.72465483582209,0,1.72727284668666,NaN,0.7,0.198595109978121,0.1,0.0688465458382913,1.72949224798549,0.2,400,135,670,670,274,396,236,48,100,48,11960,0,144,144,144,144,120,120,120,120,120,0,20
DASCMOP2_BC,1,441,132,1,0.44,132,0,0.0018679968091181,0.0068560485469249,132,20,3,0.00690990943830812,24.2424242424242,0.764713268192548,1.04993393764007,0,6,14,20,5,0.151515151515152,0.379429304455769,1.68260697367156,0,1.69046412991579,NaN,0.4,-0.0435720864434554,0.0909090909090909,0.391711491640568,1.69190740055,0.25,400,120,640,640,256,384,216,49,100,49,9953,0,147,147,147,147,132,132,132,132,132,0,20
DASCMOP2_BC,1,442,135,1,0.45,135,0,0.00142319379269703,0.00556516022445288,135,20,3,0.0070669528346333,23.7037037037037,0.78046869252492,1.04993393764007,0,5,15,20,8,0.148148148148148,0.268334361112728,1.59116101943799,0,1.59638580632038,NaN,0.55,0.00676610605505074,0.155555555555556,0.276724289243635,1.59837442399708,0.4,400,132,664,664,272,392,232,49,100,49,11976,0,147,147,147,147,135,135,135,135,135,0,20
DASCMOP2_BC,1,443,135,1,0.45,135,0,0.00123456326460965,0.00517060191115118,135,20,3,0.0070669528346333,23.7037037037037,0.800272799429959,1.04052018588678,0,5,15,20,1,0.148148148148148,0.781732256991015,1.52336101375381,0,1.52993049664483,NaN,0.6,0.097208927074288,0.0444444444444444,0.800589363400393,1.5312893077931,0.05,400,135,670,670,277,393,234,49,100,49,11780,0,147,147,147,147,135,135,135,135,135,0,20
DASCMOP2_BC,1,444,129,1,0.43,129,0,0.00161950919029491,0.00633735576851932,129,20,3,0.00675286604198293,24.8062015503876,0.803396065998749,1.07566443512994,0,7,13,20,1,0.155038759689922,0.199383619511492,1.03819266633222,0,1.04708860178932,NaN,0.8,0.111825886037155,0.0465116279069767,0.208466934070817,1.04841684770919,0.05,400,135,670,670,274,396,236,49,100,49,11606,0,147,147,147,147,129,129,129,129,129,0,20
DASCMOP2_BC,1,445,138,1,0.46,138,0,0.00138449872530994,0.0059073488158456,138,20,3,0.00722399623095849,23.1884057971014,0.803023290465409,1.04993393764007,0,4,16,20,2,0.144927536231884,0.0468332561848656,1.37330065339938,0,1.3776930568883,NaN,0.7,0.0898100079415455,0.0869565217391304,0.0520029373672321,1.37929270991581,0.1,400,129,658,658,267,391,231,49,100,49,11517,0,147,147,147,147,138,138,138,138,138,0,20
DASCMOP2_BC,1,446,132,1,0.44,132,0,0.00126219093598251,0.00488161804834472,132,20,3,0.00690990943830812,24.2424242424242,0.78240955718907,1.04052018588678,0,6,14,20,2,0.151515151515152,0.110986928851706,1.51838152302985,0,1.52539418581323,NaN,0.7,0.0754508261740101,0.0909090909090909,0.111938859066708,1.52670443971319,0.1,400,138,676,676,274,402,239,49,100,49,11707,0,147,147,147,147,132,132,132,132,132,0,20
DASCMOP2_BC,1,447,133,1,0.45,133,0,0.00171351043478312,0.00720206903017431,133,20,3,0.00696225723708318,24.0601503759398,0.78046869252492,1.04052018588678,0,5,15,20,3,0.150375939849624,0.502606565804393,1.58325209371424,0,1.58585435958036,NaN,0.5,-0.0161496183019828,0.133333333333333,0.517890421530458,1.58805987754641,0.15,400,132,664,664,273,391,232,49,100,49,11159,0,147,147,147,147,133,133,133,133,133,0,20
DASCMOP2_BC,1,448,138,1,0.46,138,0,0.00166217558982288,0.00709570769738426,138,20,3,0.00722399623095849,23.1884057971014,0.78240955718907,1.04052018588678,0,4,16,20,5,0.144927536231884,0.172655662496438,1.1593430249545,0,1.16460188273427,NaN,0.6,0.0137681095114305,0.195652173913043,0.175705863316049,1.16647547625069,0.25,400,133,666,666,267,399,233,49,100,49,11560,0,147,147,147,147,138,138,138,138,138,0,20
DASCMOP2_BC,1,449,135,1,0.45,135,0,0.00205996317240307,0.00823405712044233,135,20,3,0.0070669528346333,23.7037037037037,0.776212798187137,1.0424881873068,0,5,15,20,8,0.148148148148148,0.0971108391844623,1.17447894669232,0,1.18530343712335,NaN,0.5,0.0043271883859517,0.266666666666667,0.102634302579186,1.18595383612114,0.4,400,138,676,676,272,404,237,50,100,50,12131,0,150,150,150,150,135,135,135,135,135,0,20
DASCMOP2_BC,1,450,138,1,0.46,138,0,0.00157458263764916,0.00481407915574719,138,20,3,0.00722399623095849,23.1884057971014,0.778340745356028,1.0424881873068,0,4,16,20,5,0.144927536231884,0.0795221160607555,1.26986337066234,0,1.28261232981191,NaN,0.7,0.108933962331397,0.173913043478261,0.0826134697805826,1.28349721245654,0.25,400,135,670,670,272,398,235,49,100,49,11487,0,147,147,147,147,138,138,138,138,138,0,20
DASCMOP2_BC,1,451,138,1,0.46,138,0,0.00149553070824392,0.00555802009359484,138,20,3,0.00722399623095849,23.1884057971014,0.776212798187137,1.04052018588678,0,4,16,20,8,0.144927536231884,0.110584388529809,1.34373535670249,0,1.34631822558426,NaN,0.6,0.0498077310614163,0.260869565217391,0.117100772677445,1.3485063739646,0.4,400,138,676,676,274,402,238,49,100,49,11797,0,147,147,147,147,138,138,138,138,138,0,20
DASCMOP2_BC,1,452,135,1,0.45,135,0,0.00153039349108376,0.00678327641142449,135,20,3,0.0070669528346333,23.7037037037037,0.77545563815296,1.04993393764007,0,5,15,20,8,0.148148148148148,0.0669527085653391,1.30407657314798,0,1.31567776949904,NaN,0.65,0.049142972976981,0.266666666666667,0.0753522430667834,1.31626364994977,0.4,400,138,676,676,284,392,238,50,100,50,12043,0,150,150,150,150,135,135,135,135,135,0,20
DASCMOP2_BC,1,453,138,1,0.46,138,0,0.00174129764898871,0.00746680985670491,138,20,3,0.00722399623095849,23.1884057971014,0.778340745356028,1.06791606169125,0,4,16,20,4,0.144927536231884,0.0438766591940595,1.22119550127544,0,1.23138924759493,NaN,0.65,0.112708805393041,0.173913043478261,0.0441904782911654,1.2317624279874,0.2,400,135,670,670,279,391,234,50,100,50,11348,0,150,150,150,150,138,138,138,138,138,0,20
DASCMOP2_BC,1,454,138,1,0.46,138,0,0.00153187711545067,0.00639264045900501,138,20,3,0.00722399623095849,23.1884057971014,0.734314687321771,1.04993393764007,0,4,16,20,6,0.144927536231884,0.0749455020790048,1.28884240156296,0,1.29320818596018,NaN,0.65,0.129261788399723,0.260869565217391,0.083439838822019,1.29479969174692,0.3,400,138,676,676,277,399,237,49,100,49,11414,0,147,147,147,147,138,138,138,138,138,0,20
DASCMOP2_BC,1,455,132,1,0.44,132,0,0.00143347095534009,0.00615613729443907,132,20,3,0.00690990943830812,24.2424242424242,0.754115018373836,1.04993393764007,0,6,14,20,5,0.151515151515152,0.233103431781831,1.39370426755409,0,1.40166051985787,NaN,0.75,0.127699528465197,0.181818181818182,0.239533264136791,1.40315966557447,0.25,400,138,676,676,280,396,238,50,100,50,11650,0,150,150,150,150,132,132,132,132,132,0,20
