problem,run,gen,bmem_count,boundary_count,bmem_ref_coverage,finite_gap_count,inf_gap_count,median_gap,max_gap,train_count,query_count,condition_dim,train_param_ratio,gan_sample_reuse,train_pair_dec_dist50,train_pair_dec_dist90,train_tau_iqr,missing_ref_query_count,large_gap_query_count,raw_generated_count,feasible_generated_count,generated_per_train,boundary_dist50,boundary_dist90,query_width90,segment_width90,segment_width90_ratio,side_rate,pair_margin50,ref_cover,query_obj_dist50,query_obj_dist90,feasible_rate,boundary_sample_current_count,boundary_sample_prev_pair_count,boundary_sample_merged_count,boundary_sample_finite_count,boundary_feasible_count,boundary_infeasible_count,boundary_main_feasible_count,boundary_ref_with_main_feasible_count,boundary_ref_with_neighbor_infeasible_count,boundary_ref_pairable_count,boundary_pair_distance_count,boundary_pair_dominated_skip_count,boundary_pair_appended_count,boundary_candidate_raw_count,boundary_candidate_finite_count,boundary_candidate_pareto_count,boundary_candidate_gap_count,boundary_candidate_dedup_count,boundary_candidate_final_count,dataset_bmem_input_count,dataset_valid_train_count,dataset_invalid_train_count,dataset_query_count
LIRCMOP5_BC,3,1,0,0,NaN,0,0,NaN,NaN,0,0,3,0,NaN,NaN,NaN,NaN,0,0,0,0,NaN,NaN,NaN,NaN,NaN,NaN,NaN,NaN,NaN,NaN,NaN,NaN,400,0,400,400,400,0,6,6,0,0,0,0,0,0,0,0,0,0,0,0,0,0,0
LIRCMOP5_BC,3,2,0,0,NaN,0,0,NaN,NaN,0,0,3,0,NaN,NaN,NaN,NaN,0,0,0,0,NaN,NaN,NaN,NaN,NaN,NaN,NaN,NaN,NaN,NaN,NaN,NaN,400,0,400,400,400,0,8,6,0,0,0,0,0,0,0,0,0,0,0,0,0,0,0
LIRCMOP5_BC,3,3,0,0,NaN,0,0,NaN,NaN,0,0,3,0,NaN,NaN,NaN,NaN,0,0,0,0,NaN,NaN,NaN,NaN,NaN,NaN,NaN,NaN,NaN,NaN,NaN,NaN,400,0,400,400,400,0,15,10,0,0,0,0,0,0,0,0,0,0,0,0,0,0,0
LIRCMOP5_BC,3,4,0,0,NaN,0,0,NaN,NaN,0,0,3,0,NaN,NaN,NaN,NaN,0,0,0,0,NaN,NaN,NaN,NaN,NaN,NaN,NaN,NaN,NaN,NaN,NaN,NaN,400,0,400,400,400,0,10,8,0,0,0,0,0,0,0,0,0,0,0,0,0,0,0
LIRCMOP5_BC,3,5,0,0,NaN,0,0,NaN,NaN,0,0,3,0,NaN,NaN,NaN,NaN,0,0,0,0,NaN,NaN,NaN,NaN,NaN,NaN,NaN,NaN,NaN,NaN,NaN,NaN,400,0,400,400,400,0,15,9,0,0,0,0,0,0,0,0,0,0,0,0,0,0,0
LIRCMOP5_BC,3,6,0,0,NaN,0,0,NaN,NaN,0,0,3,0,NaN,NaN,NaN,NaN,0,0,0,0,NaN,NaN,NaN,NaN,NaN,NaN,NaN,NaN,NaN,NaN,NaN,NaN,400,0,400,400,400,0,19,10,0,0,0,0,0,0,0,0,0,0,0,0,0,0,0
LIRCMOP5_BC,3,7,0,0,NaN,0,0,NaN,NaN,0,0,3,0,NaN,NaN,NaN,NaN,0,0,0,0,NaN,NaN,NaN,NaN,NaN,NaN,NaN,NaN,NaN,NaN,NaN,NaN,400,0,400,400,400,0,24,15,0,0,0,0,0,0,0,0,0,0,0,0,0,0,0
LIRCMOP5_BC,3,8,0,0,NaN,0,0,NaN,NaN,0,0,3,0,NaN,NaN,NaN,NaN,0,0,0,0,NaN,NaN,NaN,NaN,NaN,NaN,NaN,NaN,NaN,NaN,NaN,NaN,400,0,400,400,400,0,31,20,0,0,0,0,0,0,0,0,0,0,0,0,0,0,0
LIRCMOP5_BC,3,9,0,0,NaN,0,0,NaN,NaN,0,0,3,0,NaN,NaN,NaN,NaN,0,0,0,0,NaN,NaN,NaN,NaN,NaN,NaN,NaN,NaN,NaN,NaN,NaN,NaN,400,0,400,400,400,0,28,19,0,0,0,0,0,0,0,0,0,0,0,0,0,0,0
LIRCMOP5_BC,3,10,0,0,NaN,0,0,NaN,NaN,0,0,3,0,NaN,NaN,NaN,NaN,0,0,0,0,NaN,NaN,NaN,NaN,NaN,NaN,NaN,NaN,NaN,NaN,NaN,NaN,400,0,400,400,400,0,30,18,0,0,0,0,0,0,0,0,0,0,0,0,0,0,0
LIRCMOP5_BC,3,11,0,0,NaN,0,0,NaN,NaN,0,0,3,0,NaN,NaN,NaN,NaN,0,0,0,0,NaN,NaN,NaN,NaN,NaN,NaN,NaN,NaN,NaN,NaN,NaN,NaN,400,0,400,400,400,0,29,20,0,0,0,0,0,0,0,0,0,0,0,0,0,0,0
LIRCMOP5_BC,3,12,0,0,NaN,0,0,NaN,NaN,0,0,3,0,NaN,NaN,NaN,NaN,0,0,0,0,NaN,NaN,NaN,NaN,NaN,NaN,NaN,NaN,NaN,NaN,NaN,NaN,400,0,400,400,400,0,46,23,0,0,0,0,0,0,0,0,0,0,0,0,0,0,0
LIRCMOP5_BC,3,13,0,0,NaN,0,0,NaN,NaN,0,0,3,0,NaN,NaN,NaN,NaN,0,0,0,0,NaN,NaN,NaN,NaN,NaN,NaN,NaN,NaN,NaN,NaN,NaN,NaN,400,0,400,400,400,0,38,25,0,0,0,0,0,0,0,0,0,0,0,0,0,0,0
LIRCMOP5_BC,3,14,0,0,NaN,0,0,NaN,NaN,0,0,3,0,NaN,NaN,NaN,NaN,0,0,0,0,NaN,NaN,NaN,NaN,NaN,NaN,NaN,NaN,NaN,NaN,NaN,NaN,400,0,400,400,400,0,42,25,0,0,0,0,0,0,0,0,0,0,0,0,0,0,0
LIRCMOP5_BC,3,15,0,0,NaN,0,0,NaN,NaN,0,0,3,0,NaN,NaN,NaN,NaN,0,0,0,0,NaN,NaN,NaN,NaN,NaN,NaN,NaN,NaN,NaN,NaN,NaN,NaN,400,0,400,400,400,0,56,31,0,0,0,0,0,0,0,0,0,0,0,0,0,0,0
LIRCMOP5_BC,3,16,0,0,NaN,0,0,NaN,NaN,0,0,3,0,NaN,NaN,NaN,NaN,0,0,0,0,NaN,NaN,NaN,NaN,NaN,NaN,NaN,NaN,NaN,NaN,NaN,NaN,400,0,400,400,400,0,63,35,0,0,0,0,0,0,0,0,0,0,0,0,0,0,0
LIRCMOP5_BC,3,17,0,0,NaN,0,0,NaN,NaN,0,0,3,0,NaN,NaN,NaN,NaN,0,0,0,0,NaN,NaN,NaN,NaN,NaN,NaN,NaN,NaN,NaN,NaN,NaN,NaN,400,0,400,400,400,0,113,39,0,0,0,0,0,0,0,0,0,0,0,0,0,0,0
LIRCMOP5_BC,3,18,0,0,NaN,0,0,NaN,NaN,0,0,3,0,NaN,NaN,NaN,NaN,0,0,0,0,NaN,NaN,NaN,NaN,NaN,NaN,NaN,NaN,NaN,NaN,NaN,NaN,400,0,400,400,400,0,141,43,0,0,0,0,0,0,0,0,0,0,0,0,0,0,0
LIRCMOP5_BC,3,19,0,0,NaN,0,0,NaN,NaN,0,0,3,0,NaN,NaN,NaN,NaN,0,0,0,0,NaN,NaN,NaN,NaN,NaN,NaN,NaN,NaN,NaN,NaN,NaN,NaN,400,0,400,400,400,0,114,42,0,0,0,0,0,0,0,0,0,0,0,0,0,0,0
LIRCMOP5_BC,3,20,0,0,NaN,0,0,NaN,NaN,0,0,3,0,NaN,NaN,NaN,NaN,0,0,0,0,NaN,NaN,NaN,NaN,NaN,NaN,NaN,NaN,NaN,NaN,NaN,NaN,400,0,400,400,400,0,138,44,0,0,0,0,0,0,0,0,0,0,0,0,0,0,0
LIRCMOP5_BC,3,21,0,0,NaN,0,0,NaN,NaN,0,0,3,0,NaN,NaN,NaN,NaN,0,0,0,0,NaN,NaN,NaN,NaN,NaN,NaN,NaN,NaN,NaN,NaN,NaN,NaN,400,0,400,400,400,0,147,45,0,0,0,0,0,0,0,0,0,0,0,0,0,0,0
LIRCMOP5_BC,3,22,0,0,NaN,0,0,NaN,NaN,0,0,3,0,NaN,NaN,NaN,NaN,0,0,0,0,NaN,NaN,NaN,NaN,NaN,NaN,NaN,NaN,NaN,NaN,NaN,NaN,400,0,400,400,400,0,183,46,0,0,0,0,0,0,0,0,0,0,0,0,0,0,0
LIRCMOP5_BC,3,23,0,0,NaN,0,0,NaN,NaN,0,0,3,0,NaN,NaN,NaN,NaN,0,0,0,0,NaN,NaN,NaN,NaN,NaN,NaN,NaN,NaN,NaN,NaN,NaN,NaN,400,0,400,400,400,0,135,40,0,0,0,0,0,0,0,0,0,0,0,0,0,0,0
LIRCMOP5_BC,3,24,0,0,NaN,0,0,NaN,NaN,0,0,3,0,NaN,NaN,NaN,NaN,0,0,0,0,NaN,NaN,NaN,NaN,NaN,NaN,NaN,NaN,NaN,NaN,NaN,NaN,400,0,400,400,400,0,98,36,0,0,0,0,0,0,0,0,0,0,0,0,0,0,0
LIRCMOP5_BC,3,25,0,0,NaN,0,0,NaN,NaN,0,0,3,0,NaN,NaN,NaN,NaN,0,0,0,0,NaN,NaN,NaN,NaN,NaN,NaN,NaN,NaN,NaN,NaN,NaN,NaN,400,0,400,400,400,0,97,32,0,0,0,0,0,0,0,0,0,0,0,0,0,0,0
LIRCMOP5_BC,3,26,0,0,NaN,0,0,NaN,NaN,0,0,3,0,NaN,NaN,NaN,NaN,0,0,0,0,NaN,NaN,NaN,NaN,NaN,NaN,NaN,NaN,NaN,NaN,NaN,NaN,400,0,400,400,400,0,167,30,0,0,0,0,0,0,0,0,0,0,0,0,0,0,0
LIRCMOP5_BC,3,27,0,0,NaN,0,0,NaN,NaN,0,0,3,0,NaN,NaN,NaN,NaN,0,0,0,0,NaN,NaN,NaN,NaN,NaN,NaN,NaN,NaN,NaN,NaN,NaN,NaN,400,0,400,400,400,0,67,21,0,0,0,0,0,0,0,0,0,0,0,0,0,0,0
LIRCMOP5_BC,3,28,0,0,NaN,0,0,NaN,NaN,0,0,3,0,NaN,NaN,NaN,NaN,0,0,0,0,NaN,NaN,NaN,NaN,NaN,NaN,NaN,NaN,NaN,NaN,NaN,NaN,400,0,400,400,400,0,66,23,0,0,0,0,0,0,0,0,0,0,0,0,0,0,0
LIRCMOP5_BC,3,29,0,0,NaN,0,0,NaN,NaN,0,0,3,0,NaN,NaN,NaN,NaN,0,0,0,0,NaN,NaN,NaN,NaN,NaN,NaN,NaN,NaN,NaN,NaN,NaN,NaN,400,0,400,400,400,0,82,27,0,0,0,0,0,0,0,0,0,0,0,0,0,0,0
LIRCMOP5_BC,3,30,0,0,NaN,0,0,NaN,NaN,0,0,3,0,NaN,NaN,NaN,NaN,0,0,0,0,NaN,NaN,NaN,NaN,NaN,NaN,NaN,NaN,NaN,NaN,NaN,NaN,400,0,400,400,400,0,84,27,0,0,0,0,0,0,0,0,0,0,0,0,0,0,0
LIRCMOP5_BC,3,31,0,0,NaN,0,0,NaN,NaN,0,0,3,0,NaN,NaN,NaN,NaN,0,0,0,0,NaN,NaN,NaN,NaN,NaN,NaN,NaN,NaN,NaN,NaN,NaN,NaN,400,0,400,400,400,0,145,40,0,0,0,0,0,0,0,0,0,0,0,0,0,0,0
LIRCMOP5_BC,3,32,0,0,NaN,0,0,NaN,NaN,0,0,3,0,NaN,NaN,NaN,NaN,0,0,0,0,NaN,NaN,NaN,NaN,NaN,NaN,NaN,NaN,NaN,NaN,NaN,NaN,400,0,400,400,400,0,138,42,0,0,0,0,0,0,0,0,0,0,0,0,0,0,0
LIRCMOP5_BC,3,33,0,0,NaN,0,0,NaN,NaN,0,0,3,0,NaN,NaN,NaN,NaN,0,0,0,0,NaN,NaN,NaN,NaN,NaN,NaN,NaN,NaN,NaN,NaN,NaN,NaN,400,0,400,400,400,0,150,45,0,0,0,0,0,0,0,0,0,0,0,0,0,0,0
LIRCMOP5_BC,3,34,0,0,NaN,0,0,NaN,NaN,0,0,3,0,NaN,NaN,NaN,NaN,0,0,0,0,NaN,NaN,NaN,NaN,NaN,NaN,NaN,NaN,NaN,NaN,NaN,NaN,400,0,400,400,400,0,143,47,0,0,0,0,0,0,0,0,0,0,0,0,0,0,0
LIRCMOP5_BC,3,35,0,0,NaN,0,0,NaN,NaN,0,0,3,0,NaN,NaN,NaN,NaN,0,0,0,0,NaN,NaN,NaN,NaN,NaN,NaN,NaN,NaN,NaN,NaN,NaN,NaN,400,0,400,400,400,0,180,54,0,0,0,0,0,0,0,0,0,0,0,0,0,0,0
LIRCMOP5_BC,3,36,0,0,NaN,0,0,NaN,NaN,0,0,3,0,NaN,NaN,NaN,NaN,0,0,0,0,NaN,NaN,NaN,NaN,NaN,NaN,NaN,NaN,NaN,NaN,NaN,NaN,400,0,400,400,400,0,125,45,0,0,0,0,0,0,0,0,0,0,0,0,0,0,0
LIRCMOP5_BC,3,37,0,0,NaN,0,0,NaN,NaN,0,0,3,0,NaN,NaN,NaN,NaN,0,0,0,0,NaN,NaN,NaN,NaN,NaN,NaN,NaN,NaN,NaN,NaN,NaN,NaN,400,0,400,400,400,0,94,42,0,0,0,0,0,0,0,0,0,0,0,0,0,0,0
LIRCMOP5_BC,3,38,0,0,NaN,0,0,NaN,NaN,0,0,3,0,NaN,NaN,NaN,NaN,0,0,0,0,NaN,NaN,NaN,NaN,NaN,NaN,NaN,NaN,NaN,NaN,NaN,NaN,400,0,400,400,400,0,112,38,0,0,0,0,0,0,0,0,0,0,0,0,0,0,0
LIRCMOP5_BC,3,39,0,0,NaN,0,0,NaN,NaN,0,0,3,0,NaN,NaN,NaN,NaN,0,0,0,0,NaN,NaN,NaN,NaN,NaN,NaN,NaN,NaN,NaN,NaN,NaN,NaN,400,0,400,400,400,0,124,38,0,0,0,0,0,0,0,0,0,0,0,0,0,0,0
LIRCMOP5_BC,3,40,0,0,NaN,0,0,NaN,NaN,0,0,3,0,NaN,NaN,NaN,NaN,0,0,0,0,NaN,NaN,NaN,NaN,NaN,NaN,NaN,NaN,NaN,NaN,NaN,NaN,400,0,400,400,400,0,105,38,0,0,0,0,0,0,0,0,0,0,0,0,0,0,0
LIRCMOP5_BC,3,41,0,0,NaN,0,0,NaN,NaN,0,0,3,0,NaN,NaN,NaN,NaN,0,0,0,0,NaN,NaN,NaN,NaN,NaN,NaN,NaN,NaN,NaN,NaN,NaN,NaN,400,0,400,400,400,0,131,39,0,0,0,0,0,0,0,0,0,0,0,0,0,0,0
LIRCMOP5_BC,3,42,0,0,NaN,0,0,NaN,NaN,0,0,3,0,NaN,NaN,NaN,NaN,0,0,0,0,NaN,NaN,NaN,NaN,NaN,NaN,NaN,NaN,NaN,NaN,NaN,NaN,400,0,400,400,400,0,163,39,0,0,0,0,0,0,0,0,0,0,0,0,0,0,0
LIRCMOP5_BC,3,43,0,0,NaN,0,0,NaN,NaN,0,0,3,0,NaN,NaN,NaN,NaN,0,0,0,0,NaN,NaN,NaN,NaN,NaN,NaN,NaN,NaN,NaN,NaN,NaN,NaN,400,0,400,400,400,0,124,41,0,0,0,0,0,0,0,0,0,0,0,0,0,0,0
LIRCMOP5_BC,3,44,0,0,NaN,0,0,NaN,NaN,0,0,3,0,NaN,NaN,NaN,NaN,0,0,0,0,NaN,NaN,NaN,NaN,NaN,NaN,NaN,NaN,NaN,NaN,NaN,NaN,400,0,400,400,400,0,128,33,0,0,0,0,0,0,0,0,0,0,0,0,0,0,0
LIRCMOP5_BC,3,45,0,0,NaN,0,0,NaN,NaN,0,0,3,0,NaN,NaN,NaN,NaN,0,0,0,0,NaN,NaN,NaN,NaN,NaN,NaN,NaN,NaN,NaN,NaN,NaN,NaN,400,0,400,400,400,0,127,37,0,0,0,0,0,0,0,0,0,0,0,0,0,0,0
LIRCMOP5_BC,3,46,0,0,NaN,0,0,NaN,NaN,0,0,3,0,NaN,NaN,NaN,NaN,0,0,0,0,NaN,NaN,NaN,NaN,NaN,NaN,NaN,NaN,NaN,NaN,NaN,NaN,400,0,400,400,400,0,120,33,0,0,0,0,0,0,0,0,0,0,0,0,0,0,0
LIRCMOP5_BC,3,47,0,0,NaN,0,0,NaN,NaN,0,0,3,0,NaN,NaN,NaN,NaN,0,0,0,0,NaN,NaN,NaN,NaN,NaN,NaN,NaN,NaN,NaN,NaN,NaN,NaN,400,0,400,400,400,0,148,36,0,0,0,0,0,0,0,0,0,0,0,0,0,0,0
LIRCMOP5_BC,3,48,0,0,NaN,0,0,NaN,NaN,0,0,3,0,NaN,NaN,NaN,NaN,0,0,0,0,NaN,NaN,NaN,NaN,NaN,NaN,NaN,NaN,NaN,NaN,NaN,NaN,400,0,400,400,400,0,130,39,0,0,0,0,0,0,0,0,0,0,0,0,0,0,0
LIRCMOP5_BC,3,49,2,1,0.01,2,0,0.0123823663026776,0.0123823663026776,2,1,3,0.000104695597550123,100,0.271710359808823,0.271710359808823,0,0,1,1,1,0.5,0.452953309780367,0.452953309780367,0,0.452953309780367,NaN,1,0.107634063762499,1,0.452953309780367,0.452953309780367,1,400,0,400,400,399,1,132,37,9,1,2,0,2,2,2,2,2,2,2,2,2,0,1
LIRCMOP5_BC,3,50,8,1,0.02,8,0,0.01107381732821,0.01107381732821,8,9,3,0.000418782390200492,100,0.271710359808823,0.271710359808823,0,2,7,9,9,1.125,0.417211601457778,0.421168916052616,0,0.421168916052616,NaN,0.777777777777778,0.0640281558928661,1,0.417228906001039,0.421695396259626,1,400,2,404,404,401,3,163,39,9,2,15,0,8,8,8,8,8,8,8,8,8,0,9
LIRCMOP5_BC,3,51,5,1,0.01,5,0,0.00686394313682786,0.00686394313682786,5,4,3,0.000261738993875308,100,0.273321703877712,0.273321703877712,0,0,4,4,4,0.8,0.330998833811179,0.333329241536999,0,0.333329241536999,NaN,1,0.0946274977034097,1,0.330998833811179,0.333329241536999,1,400,8,416,416,406,10,133,39,11,2,11,0,6,6,6,6,5,5,5,5,5,0,4
LIRCMOP5_BC,3,52,29,1,0.1,29,0,0.0104382325438818,0.0129432660602828,29,20,3,0.00151808616447678,100,0.282730894656713,0.378315460802421,0,20,0,20,20,0.689655172413793,0.336700793374399,0.343991795111676,0,0.353349690701955,NaN,0.85,0.0226346249393889,0.9,0.342763214206355,0.35388968826236,1,400,5,410,410,400,10,138,39,34,11,106,0,32,32,32,32,29,29,29,29,29,0,20
LIRCMOP5_BC,3,53,60,1,0.12,60,0,0.00743393024342781,0.0101759736824191,60,20,3,0.00314086792650369,53.3333333333333,0.294110679976379,0.381670097794977,0,20,0,20,20,0.333333333333333,0.380374286082819,0.391925433820497,0,0.398650763421778,NaN,0.65,0.0151239378178899,0.75,0.384270376619525,0.399143809867458,1,400,29,458,458,423,35,195,42,37,12,496,0,60,60,60,60,60,60,60,60,60,0,20
LIRCMOP5_BC,3,54,58,1,0.14,58,0,0.00727551090684423,0.0132876347571048,58,20,3,0.00303617232895357,55.1724137931034,0.31778071150522,0.378957837433086,0,20,0,20,20,0.344827586206897,0.310989020730385,0.315147549206025,0,0.321805506840221,NaN,0.3,-0.0141863066801992,0.785714285714286,0.313235697914472,0.322372316076636,1,400,60,520,520,450,70,185,39,45,15,1311,0,63,63,63,63,58,58,58,58,58,0,20
LIRCMOP5_BC,3,55,67,1,0.14,67,0,0.00574691277142758,0.00850912546720475,67,20,3,0.00350730251792912,47.7611940298507,0.286934828804435,0.407202253678636,0,20,0,20,20,0.298507462686567,0.325525937296083,0.334827130988712,0,0.337493832000399,NaN,0.8,0.0330754094486072,0.785714285714286,0.328671145301339,0.338428663184938,1,400,58,516,516,445,71,180,40,42,17,1407,0,85,85,85,85,67,67,67,67,67,0,20
LIRCMOP5_BC,3,56,75,1,0.15,75,0,0.0042616079565191,0.00733709985906135,75,20,3,0.00392608490812961,42.6666666666667,0.347368082552813,0.37682478827908,0,20,0,20,20,0.266666666666667,0.0676297264166605,0.070928798149884,0,0.0770190892683075,NaN,0.45,-0.00113238768936708,0.733333333333333,0.0730441710040977,0.0785210139584063,1,400,67,534,534,449,85,196,40,45,18,1741,0,90,90,90,90,75,75,75,75,75,0,20
LIRCMOP5_BC,3,57,80,1,0.16,80,0,0.00626883127307074,0.0130749973336021,80,20,3,0.00418782390200492,40,0.289217802516559,0.401401997491372,0,20,0,20,20,0.25,0.0478841207466455,0.0549936137871956,0,0.0578150518166956,NaN,0.85,0.0134660641468828,0.8125,0.0503474759237252,0.0581480700212821,1,400,75,550,550,457,93,221,46,45,18,2004,0,90,90,90,90,80,80,80,80,80,0,20
LIRCMOP5_BC,3,58,100,1,0.2,100,0,0.00478251399726591,0.0101377953634108,100,20,3,0.00523477987750615,32,0.25090050038377,0.396959773911764,0,20,0,20,20,0.2,0.0112812477477469,0.0128180778554249,0,0.031777510905569,NaN,0.65,0.00948013524506419,0.75,0.0260046448263613,0.0330301904793047,1,400,80,560,560,459,101,199,49,46,21,2030,0,105,105,105,105,100,100,100,100,100,0,20
LIRCMOP5_BC,3,59,105,1,0.21,105,0,0.00450907749453976,0.00951104531911382,105,20,3,0.00549651887138146,30.4761904761905,0.304801868741517,0.407675465191688,0,20,0,20,20,0.19047619047619,0.0155019464709036,0.0178790841051566,0,0.039319727355061,NaN,0.5,0.00069568363256356,0.857142857142857,0.0317529911520152,0.0412200132476343,1,400,100,600,600,490,110,264,49,46,22,2888,0,110,110,110,110,105,105,105,105,105,0,20
LIRCMOP5_BC,3,60,120,1,0.24,120,0,0.00328105610091087,0.00673330694819126,120,20,3,0.00628173585300738,26.6666666666667,0.304801868741517,0.401401997491372,0,18,2,20,0,0.166666666666667,0.00774176540651779,0.00915417931581739,0,0.023749618323849,NaN,0.9,0.0387831836094693,0,0.0159009877481347,0.0243550499115781,0,400,105,610,610,486,124,229,52,51,28,2848,0,136,136,136,136,120,120,120,120,120,0,20
LIRCMOP5_BC,3,61,117,1,0.24,117,0,0.00415478166837294,0.00966986187012847,117,20,3,0.0061246924566822,27.3504273504273,0.333952754721022,0.435037701015319,0,15,5,20,0,0.170940170940171,0.00519929909860951,0.00588362346098769,0,0.01740043069056,NaN,0.65,0.0234390437360364,0,0.0119548183379335,0.0181472035800209,0,400,120,640,640,498,142,264,52,51,29,4694,0,138,138,138,138,117,117,117,117,117,0,20
LIRCMOP5_BC,3,62,136,1,0.28,136,0,0.00390416874105389,0.0107456442942665,136,20,3,0.00711930063340837,23.5294117647059,0.333952754721022,0.435037701015319,0,18,2,20,0,0.147058823529412,0.0147993339644934,0.015323907514929,0,0.022994246410592,NaN,0.7,0.0313542829605179,0,0.0205704297773466,0.0243674084102157,0,400,117,634,634,493,141,273,55,60,36,4454,0,162,162,162,162,136,136,136,136,136,0,20
LIRCMOP5_BC,3,63,145,1,0.31,145,0,0.00408131390635269,0.00963615795736846,145,20,3,0.00759043082238392,22.0689655172414,0.330989901481784,0.435037701015319,0,20,0,20,20,0.137931034482759,0.00769209038815052,0.00986316344211385,0,0.0271754640189259,NaN,0.35,-0.0109420753742055,0.516129032258065,0.0215170864140544,0.0309684380422583,1,400,136,672,672,507,165,290,58,70,39,5555,0,178,178,178,178,145,145,145,145,145,0,20
LIRCMOP5_BC,3,64,159,1,0.32,159,0,0.0040141364239722,0.00920343136923873,159,20,3,0.00832330000523478,20.125786163522,0.321863654987022,0.427078624417105,0,20,0,20,20,0.125786163522013,0.00374146463072054,0.00707808968846026,0,0.0177264809984036,NaN,0.55,0.00849679876993567,0.625,0.0114941929327751,0.0191267057781934,1,400,145,690,690,516,174,304,60,70,38,5863,0,176,176,176,176,159,159,159,159,159,0,20
LIRCMOP5_BC,3,65,151,1,0.31,151,0,0.00493804607179977,0.0122288293879968,151,20,3,0.00790451761503429,21.1920529801325,0.31832234095696,0.41634284164826,0,20,0,20,0,0.132450331125828,0.0196127439102172,0.0207530316258585,0,0.0334582514943147,NaN,0.35,-0.00719261302967245,0,0.0287147618088187,0.0336600881744197,0,400,159,718,718,532,186,331,59,65,39,7154,0,176,176,176,176,151,151,151,151,151,0,20
LIRCMOP5_BC,3,66,154,1,0.31,154,0,0.00511613735750496,0.0136481809781789,154,20,3,0.00806156101135947,20.7792207792208,0.31832234095696,0.430025169326545,0,20,0,20,20,0.12987012987013,0.00559448694998375,0.00779586963929261,0,0.0294830292274083,NaN,0.55,0.00296185785700662,0.483870967741935,0.0236328159009169,0.0302034550741011,1,400,151,702,702,518,184,340,56,74,40,6178,0,193,193,193,193,154,154,154,154,154,0,20
LIRCMOP5_BC,3,67,170,1,0.34,170,0,0.00492987980941954,0.0123002675368002,170,20,3,0.00889912579176046,18.8235294117647,0.313854615049945,0.435564855318155,0,20,0,20,20,0.117647058823529,0.0222246775012869,0.0242701166507234,0,0.0322143734975755,NaN,0.7,0.0218443505772632,0.558823529411765,0.0289095659194661,0.0335741067569974,1,400,154,708,708,523,185,252,59,71,42,6225,0,210,210,210,210,170,170,170,170,170,0,20
LIRCMOP5_BC,3,68,180,1,0.36,180,0,0.00350979683845394,0.0073411640270632,180,20,3,0.00942260377951107,17.7777777777778,0.301076085471764,0.456544073511513,0,20,0,20,20,0.111111111111111,0.0136754804536031,0.0165727803686264,0,0.023402774834583,NaN,0.75,0.0373873982002182,0.694444444444444,0.0187534334033635,0.0241147243147782,1,400,170,740,740,533,207,300,58,75,42,6923,0,206,206,206,206,180,180,180,180,180,0,20
LIRCMOP5_BC,3,69,175,1,0.35,175,0,0.00428428953519707,0.00747131294165561,175,20,3,0.00916086478563576,18.2857142857143,0.299991445080862,0.467797352123229,0,19,1,20,20,0.114285714285714,0.00617310816433495,0.00921209698006974,0,0.0233053999844851,NaN,0.6,0.00908062604317864,0.6,0.0168574226768727,0.0240962049039836,1,400,180,760,760,552,208,309,59,72,44,7927,0,213,213,213,213,175,175,175,175,175,0,20
LIRCMOP5_BC,3,70,180,1,0.36,180,0,0.00460882551254843,0.00779331315862486,180,20,3,0.00942260377951107,17.7777777777778,0.295385962600137,0.467797352123229,0,17,3,20,20,0.111111111111111,0.00709081602617643,0.00867713200976158,0,0.0404545535185411,NaN,0.4,-0.00436627781510709,0.527777777777778,0.0343458186026298,0.0411340245661657,1,400,175,750,750,535,215,318,60,72,43,8282,0,203,203,203,203,180,180,180,180,180,0,20
LIRCMOP5_BC,3,71,46,1,0.1,46,0,0.00566493144197326,0.0217091835792783,46,20,3,0.00240799874365283,69.5652173913043,0.303219444400319,0.497753604129745,0,20,0,20,20,0.434782608695652,0.0191994890761348,0.0298924783616075,0,0.0313944180183231,NaN,0.9,0.0281609533378463,0.9,0.0204942383806422,0.0316985921781603,1,400,180,760,760,544,216,153,36,73,16,1045,44,61,61,61,61,46,46,46,46,46,0,20
LIRCMOP5_BC,3,72,50,1,0.1,50,0,0.00551057718333704,0.0243707854267447,50,20,3,0.00261738993875308,64,0.295509827685603,0.484439714349071,0,20,0,20,3,0.4,0.00229780542780611,0.00398286741588349,0,0.00483418762392075,NaN,0.75,0.0367120973316283,0.3,0.00294000779859979,0.0048526990744669,0.15,400,46,492,492,402,90,188,36,68,17,1162,0,85,85,85,85,50,50,50,50,50,0,20
LIRCMOP5_BC,3,73,55,1,0.11,55,0,0.00549352312741675,0.00948991023248277,55,20,3,0.00287912893262838,58.1818181818182,0.303219444400319,0.467797352123229,0,20,0,20,0,0.363636363636364,0.00281532882102887,0.00355807928912603,0,0.0148691279074032,NaN,0.55,0.0105972597172066,0,0.00990577684951517,0.0152292592814886,0,400,50,500,500,410,90,150,37,78,16,1238,0,74,74,74,74,55,55,55,55,55,0,20
LIRCMOP5_BC,3,74,58,1,0.14,58,0,0.00463287178317502,0.0167251177166763,58,20,3,0.00303617232895357,55.1724137931034,0.306125155827909,0.467797352123229,0,20,0,20,0,0.344827586206897,0.0031883535071799,0.00405637172940213,0,0.0152207523937713,NaN,0.75,0.0341619537933755,0,0.0141592827370774,0.015849917544753,0,400,55,510,510,388,122,162,35,82,22,1886,0,102,102,102,102,58,58,58,58,58,0,20
LIRCMOP5_BC,3,75,80,1,0.18,80,0,0.0047190934312868,0.0157640991754254,80,20,3,0.00418782390200492,40,0.303219444400319,0.467797352123229,0,20,0,20,6,0.25,0.00216555517302436,0.00941404840912793,0,0.0147477669580361,NaN,0.95,0.035196567347992,0.222222222222222,0.0130617980755047,0.0164918305972604,0.3,400,58,516,516,400,116,180,37,83,25,2057,0,118,118,118,118,80,80,80,80,80,0,20
LIRCMOP5_BC,3,76,90,1,0.18,90,0,0.0054193733645242,0.0175312955000289,90,20,3,0.00471130188975554,35.5555555555556,0.303219444400319,0.467797352123229,0,20,0,20,4,0.222222222222222,0.00281114035899976,0.00557454098512609,0,0.0192922354813308,NaN,0.9,0.0490739750463908,0.222222222222222,0.0175544829052443,0.021789496060881,0.2,400,80,560,560,404,156,199,35,85,25,3603,0,125,125,125,125,90,90,90,90,90,0,20
LIRCMOP5_BC,3,77,96,1,0.2,96,0,0.00450551491959265,0.0140971744310875,96,20,3,0.0050253886824059,33.3333333333333,0.305511980131219,0.467491354558893,0,20,0,20,4,0.208333333333333,0.00399606561224045,0.00619731649173695,0,0.0200190079874969,NaN,1,0.0467480166025512,0.2,0.0151421098484332,0.0204327441584122,0.2,400,90,580,580,422,158,261,39,85,28,3813,0,140,140,140,140,96,96,96,96,96,0,20
LIRCMOP5_BC,3,78,97,1,0.2,97,0,0.00477437137649807,0.0145041362972013,97,20,3,0.00507773648118097,32.9896907216495,0.348448184032268,0.494425131684577,0,20,0,20,9,0.206185567010309,0.00294466597897499,0.0207913314851584,0,0.024468932536299,NaN,0.8,0.0315957018430483,0.25,0.0132336036390088,0.0249581453474383,0.45,400,96,592,592,430,162,251,40,81,25,3724,0,124,124,124,124,97,97,97,97,97,0,20
LIRCMOP5_BC,3,79,103,1,0.21,103,0,0.00495040826302945,0.0149676510775933,103,20,3,0.00539182327383134,31.0679611650485,0.37574628157485,0.474454297013566,0,20,0,20,5,0.194174757281553,0.00353693125716045,0.00768284798548933,0,0.0133072860789636,NaN,0.9,0.0322572787783355,0.285714285714286,0.0116149374309429,0.0135891548647942,0.25,400,97,594,594,439,155,234,39,87,27,3053,0,135,135,135,135,103,103,103,103,103,0,20
LIRCMOP5_BC,3,80,110,1,0.22,110,0,0.00477541620294042,0.0175894063846793,110,20,3,0.00575825786525677,29.0909090909091,0.363919250648736,0.467797352123229,0,20,0,20,4,0.181818181818182,0.00487748736763695,0.00690299607610461,0,0.0143795884265879,NaN,0.85,0.044505116457319,0.136363636363636,0.0135537340334061,0.0159702343887112,0.2,400,103,606,606,448,158,228,41,83,27,3459,8,135,135,135,135,110,110,110,110,110,0,20
LIRCMOP5_BC,3,81,94,1,0.19,94,0,0.00475661108804045,0.0134766098713403,94,20,3,0.00492069308485578,34.0425531914894,0.37574628157485,0.501812633865341,0,20,0,20,5,0.212765957446809,0.00436927002121107,0.00820309375070991,0,0.0178757154603395,NaN,0.8,0.037433633035825,0.210526315789474,0.0143192154024785,0.0185705870039835,0.25,400,110,620,620,456,164,271,39,80,24,4282,4,119,119,119,119,94,94,94,94,94,0,20
LIRCMOP5_BC,3,82,40,1,0.08,40,0,0.00315116606368376,0.0174261073150294,40,20,3,0.00209391195100246,80,0.253914413231493,0.428859219924786,0,20,0,20,3,0.5,0.000375583464132044,0.000763160723075986,0,0.0086442433162135,NaN,1,0.0332131226149032,0.25,0.0164611604253834,0.017154859910552,0.15,400,94,588,588,432,156,170,26,83,15,1608,37,65,65,65,65,40,40,40,40,40,0,20
LIRCMOP5_BC,3,83,54,1,0.12,54,0,0.00400107990338713,0.024648580695837,54,20,3,0.00282678113385332,59.2592592592593,0.212804126506539,0.324367278443405,0,20,0,20,7,0.37037037037037,0.00814698842470421,0.0104913551418106,0,0.011368164355529,NaN,0.9,0.0304892584132913,0.416666666666667,0.0148356446729131,0.0156794581087195,0.35,400,40,480,480,393,87,195,30,81,18,1157,12,74,74,74,74,54,54,54,54,54,0,20
LIRCMOP5_BC,3,84,61,1,0.13,61,0,0.00238377954745173,0.010593994664841,61,20,3,0.00319321572527875,52.4590163934426,0.246616818490721,0.328633482169516,0,20,0,20,1,0.327868852459016,0.000612476598551887,0.00221902598827947,0,0.00429858760242175,NaN,1,0.0450781868929781,0.153846153846154,0.0125497733946761,0.0136677428976622,0.05,400,54,508,508,409,99,230,34,84,21,1794,16,94,94,94,94,61,61,61,61,61,0,20
LIRCMOP5_BC,3,85,62,1,0.13,62,0,0.00289912295851747,0.00705528621879855,62,20,3,0.00324556352405381,51.6129032258064,0.213543675558436,0.366050094498624,0,20,0,20,7,0.32258064516129,0.00283954886986905,0.00987918592334082,0,0.0107176817288901,NaN,0.8,0.014289899006002,0.153846153846154,0.00597476979966492,0.011220432469029,0.35,400,61,522,522,410,112,233,32,84,20,2146,18,82,82,82,82,62,62,62,62,62,0,20
LIRCMOP5_BC,3,86,80,1,0.16,80,0,0.00321420043436413,0.00713681107845057,80,20,3,0.00418782390200492,40,0.223847409232206,0.341407995812341,0,20,0,20,1,0.25,0.0010030771936488,0.002602921157399,0,0.00367548396934048,NaN,1,0.0244644932232459,0.125,0.00445554766088805,0.00962067734042995,0.05,400,62,524,524,402,122,243,38,87,26,2017,27,111,111,111,111,80,80,80,80,80,0,20
LIRCMOP5_BC,3,87,71,1,0.15,71,0,0.0037134977243539,0.00742890180069856,71,20,3,0.00371669371302937,45.0704225352113,0.246616818490721,0.355071793934306,0,20,0,20,12,0.28169014084507,0.00359647126695665,0.0131187577258317,0,0.0146757016008071,NaN,1,0.0375349441065031,0.333333333333333,0.0135942648469345,0.0188018922377563,0.6,400,80,560,560,415,145,241,36,89,26,3036,9,107,107,107,107,71,71,71,71,71,0,20
LIRCMOP5_BC,3,88,70,1,0.15,70,0,0.00304669596504353,0.0134731680117861,70,20,3,0.00366434591425431,45.7142857142857,0.25846844974303,0.366050094498624,0,20,0,20,7,0.285714285714286,0.00283109591793111,0.0177224247098926,0,0.0192416097621106,NaN,1,0.0502353930796207,0.266666666666667,0.00541544277267105,0.0199280477675333,0.35,400,71,542,542,403,139,223,36,83,23,2938,38,103,103,103,103,70,70,70,70,70,0,20
LIRCMOP5_BC,3,89,71,1,0.15,71,0,0.00348618645604424,0.00718214570752147,71,20,3,0.00371669371302937,45.0704225352113,0.246616818490721,0.366050094498624,0,20,0,20,5,0.28169014084507,0.00263984246847383,0.00536906766558866,0,0.00609054962466579,NaN,0.5,0.00177942059051828,0.133333333333333,0.00534666749048364,0.00669797004905005,0.25,400,70,540,540,398,142,179,35,76,23,2596,64,111,111,111,111,71,71,71,71,71,0,20
LIRCMOP5_BC,3,90,89,1,0.2,89,0,0.00269567699803461,0.0119805323922159,89,20,3,0.00465895409098047,35.9550561797753,0.251804744728837,0.399987426912851,0,20,0,20,1,0.224719101123595,0.00371356791687252,0.00644557332637686,0,0.00837738459215511,NaN,0.5,-0.00243782826661625,0.1,0.00522720342449696,0.00879003723157568,0.05,400,71,542,542,401,141,228,36,88,27,2982,69,123,123,123,123,89,89,89,89,89,0,20
LIRCMOP5_BC,3,91,85,1,0.17,85,0,0.00294155388035889,0.0136561555903989,85,20,3,0.00444956289588023,37.6470588235294,0.251632044608553,0.366050094498624,0,20,0,20,4,0.235294117647059,0.00163387217271634,0.00416506956499875,0,0.00509643015033752,NaN,0.55,0.0128334926201348,0.176470588235294,0.0031252736216999,0.00898500289043939,0.2,400,89,578,578,427,151,209,33,87,24,3230,74,112,112,112,112,85,85,85,85,85,0,20
LIRCMOP5_BC,3,92,84,1,0.17,84,0,0.00307565987626575,0.0142313771205233,84,20,3,0.00439721509710517,38.0952380952381,0.255034441356575,0.403205178864099,0,20,0,20,20,0.238095238095238,0.00701150081963991,0.0177821964226998,0,0.0177821964226998,NaN,0.75,0.0367331509146785,0.176470588235294,0.0137895710451266,0.0250906421549226,1,400,85,570,570,421,149,200,32,85,22,2429,54,110,110,110,110,84,84,84,84,84,0,20
LIRCMOP5_BC,3,93,90,1,0.18,90,0,0.00286509185122252,0.0114609435797953,90,20,3,0.00471130188975554,35.5555555555556,0.254631454953804,0.403205178864099,0,20,0,20,2,0.222222222222222,0.00174083621887512,0.00453443758174623,0,0.0139119263255362,NaN,0.85,0.046462024987772,0.111111111111111,0.012027216749455,0.0144479977936593,0.1,400,84,568,568,430,138,222,33,85,22,3003,73,110,110,110,110,90,90,90,90,90,0,20
LIRCMOP5_BC,3,94,80,1,0.16,80,0,0.00305293900630406,0.0149670018193651,80,20,3,0.00418782390200492,40,0.242385217200731,0.366050094498624,0,20,0,20,2,0.25,0.00511421192447293,0.00780241175139849,0,0.0138590860783072,NaN,0.7,0.0314129665066086,0.1875,0.0101841695090766,0.0143619722499713,0.1,400,90,580,580,429,151,239,36,78,21,4617,82,105,105,105,105,80,80,80,80,80,0,20
LIRCMOP5_BC,3,95,109,1,0.23,109,0,0.00351977955176996,0.0148727110644333,109,20,3,0.0057059100664817,29.3577981651376,0.255034441356575,0.357682761784819,0,20,0,20,1,0.18348623853211,0.00356241168434367,0.00505568036034881,0,0.0122690241332597,NaN,0.65,0.0210435784583922,0.0869565217391304,0.0110066411160566,0.0136340717079195,0.05,400,80,560,560,414,146,252,36,84,26,3057,88,127,127,127,127,109,109,109,109,109,0,20
LIRCMOP5_BC,3,96,125,1,0.25,125,0,0.0033991598750782,0.0143276076919912,125,20,3,0.00654347484688269,25.6,0.274304640887224,0.366050094498624,0,20,0,20,2,0.16,0.00337109397128634,0.00445003741798484,0,0.00989546203650809,NaN,0.75,0.0325011732463606,0.08,0.00913183369525825,0.0108009372297002,0.1,400,109,618,618,451,167,283,38,84,28,4032,85,140,140,140,140,125,125,125,125,125,0,20
LIRCMOP5_BC,3,97,115,1,0.23,115,0,0.00202681837821065,0.0107980315828728,115,20,3,0.00601999685913207,27.8260869565217,0.274304640887224,0.397492198383909,0,20,0,20,0,0.173913043478261,0.00506217630444239,0.0074048240978971,0,0.0129396278045687,NaN,0.65,0.0363242288488835,0,0.0114410510085635,0.0136997539773741,0,400,125,650,650,465,185,295,39,86,27,4921,149,135,135,135,135,115,115,115,115,115,0,20
LIRCMOP5_BC,3,98,100,1,0.2,100,0,0.00167498987238053,0.00740035496307484,100,20,3,0.00523477987750615,32,0.259068468764652,0.401654837469525,0,20,0,20,2,0.2,0.00349489176697859,0.00783249657269364,0,0.00783249657269364,NaN,0.6,0.0226664446276836,0.1,0.0048880045059401,0.00814416797534941,0.1,400,115,630,630,453,177,252,40,87,29,4101,111,137,137,137,137,100,100,100,100,100,0,20
LIRCMOP5_BC,3,99,85,1,0.17,85,0,0.00192745835970329,0.00612275103660562,85,20,3,0.00444956289588023,37.6470588235294,0.255034441356575,0.4915651671756,0,20,0,20,1,0.235294117647059,0.00406640088328806,0.00643209574903995,0,0.0066796318710536,NaN,0.7,0.0438957507308541,0.117647058823529,0.00689396053359746,0.00722621765106827,0.05,400,100,600,600,445,155,248,37,81,24,4089,21,112,112,112,112,85,85,85,85,85,0,20
LIRCMOP5_BC,3,100,86,1,0.18,86,0,0.00157088205424778,0.00342390210677786,86,20,3,0.00450191069465529,37.2093023255814,0.274304640887224,0.447236509952716,0,20,0,20,4,0.232558139534884,0.0044274200958007,0.00767335125202755,0,0.00767335125202755,NaN,0.8,0.0372214123673487,0.111111111111111,0.00651827287192745,0.0144346308325427,0.2,400,85,570,570,423,147,266,40,83,25,3410,13,119,119,119,119,86,86,86,86,86,0,20
LIRCMOP5_BC,3,101,72,1,0.15,72,0,0.00168076275203257,0.00337103191677912,72,20,3,0.00376904151180443,44.4444444444444,0.273585192953699,0.366050094498624,0,20,0,20,0,0.277777777777778,0.00332538633692667,0.00649065340980809,0,0.00649065340980809,NaN,1,0.0445680367310808,0,0.0080181483080914,0.00841714143019266,0,400,86,572,572,422,150,220,38,76,21,4510,25,101,101,101,101,72,72,72,72,72,0,20
LIRCMOP5_BC,3,102,94,1,0.21,94,0,0.00155167134364709,0.00678176833508151,94,20,3,0.00492069308485578,34.0425531914894,0.28791349561267,0.447236509952716,0,20,0,20,3,0.212765957446809,0.00456498477773641,0.00622046508122224,0,0.00755139117941171,NaN,0.6,0.00329473141245969,0.142857142857143,0.00707830460308136,0.00850106225705131,0.15,400,72,544,544,408,136,188,43,87,30,2355,19,134,134,134,134,94,94,94,94,94,0,20
LIRCMOP5_BC,3,103,91,1,0.19,91,0,0.00194176982595652,0.00756988881608495,91,20,3,0.0047636496885306,35.1648351648352,0.315205365729303,0.46361319052748,0,20,0,20,4,0.21978021978022,0.00520026645241846,0.00850565903479336,0,0.00877927363631332,NaN,0.7,0.0215405273258213,0.157894736842105,0.00861344419131102,0.0105963863319294,0.2,400,94,588,588,421,167,254,39,86,26,4399,16,123,123,123,123,91,91,91,91,91,0,20
LIRCMOP5_BC,3,104,115,1,0.23,115,0,0.00180485574240693,0.00887186855060158,115,20,3,0.00601999685913207,27.8260869565217,0.301764468699192,0.444412683337502,0,20,0,20,1,0.173913043478261,0.0111075683619381,0.0126274325051363,0,0.0126274325051363,NaN,1,0.0316466062862874,0.0869565217391304,0.0129029266812396,0.0141722612547715,0.05,400,91,582,582,411,171,222,41,91,32,3177,19,155,155,155,155,115,115,115,115,115,0,20
LIRCMOP5_BC,3,105,119,1,0.24,119,0,0.00171689611664235,0.00751979133311208,119,20,3,0.00622938805423232,26.890756302521,0.28791349561267,0.40967743122834,0,20,0,20,10,0.168067226890756,0.0109018020778602,0.0146377817930464,0,0.0164031207556684,NaN,0.1,-0.00976802019083506,0.0833333333333333,0.0135139419772931,0.0186841760718579,0.5,400,115,630,630,444,186,282,44,87,33,5710,61,159,159,159,159,119,119,119,119,119,0,20
LIRCMOP5_BC,3,106,129,1,0.26,129,0,0.00206298478479988,0.0074819210957922,129,20,3,0.00675286604198293,24.8062015503876,0.28791349561267,0.444412683337502,0,20,0,20,4,0.155038759689922,0.0087359581344593,0.0105170949723463,0,0.0105170949723463,NaN,0.65,0.0112147884112624,0.0769230769230769,0.00977466040717354,0.0154841532622484,0.2,400,119,638,638,429,209,287,47,81,31,6999,18,150,150,150,150,129,129,129,129,129,0,20
LIRCMOP5_BC,3,107,136,1,0.28,136,0,0.00191482345677277,0.00690582344723206,136,20,3,0.00711930063340837,23.5294117647059,0.313907270596276,0.444412683337502,0,20,0,20,3,0.147058823529412,0.00617467828291711,0.00772641462237551,0,0.00772641462237551,NaN,0.65,0.0153651311192763,0.0714285714285714,0.00742047573599552,0.0113736733787137,0.15,400,129,658,658,446,212,279,45,86,34,5837,10,167,167,167,167,136,136,136,136,136,0,20
LIRCMOP5_BC,3,108,130,1,0.26,130,0,0.001981928856317,0.00619481628040186,130,20,3,0.006805213840758,24.6153846153846,0.302402961559893,0.366050094498624,0,20,0,20,19,0.153846153846154,0.0177722504730929,0.0195628561635621,0,0.0204141420464252,NaN,0.8,0.0318966751105003,0.153846153846154,0.0243267612724949,0.0293180203823017,0.95,400,136,672,672,455,217,309,49,85,36,6983,22,179,179,179,179,130,130,130,130,130,0,20
LIRCMOP5_BC,3,109,128,1,0.27,128,0,0.00183527723855494,0.0078134821667524,128,20,3,0.00670051824320787,25,0.289853765847222,0.444412683337502,0,20,0,20,13,0.15625,0.00579452938715019,0.0079674187064682,0,0.0088110751508026,NaN,0.65,0.0110036787758672,0.0740740740740741,0.0116039526090912,0.0184567891855904,0.65,400,130,660,660,453,207,281,51,82,34,6949,21,163,163,163,163,128,128,128,128,128,0,20
LIRCMOP5_BC,3,110,140,1,0.28,140,0,0.0018698403925674,0.00661172251039656,140,20,3,0.00732869182850861,22.8571428571429,0.294838982155931,0.366050094498624,0,20,0,20,15,0.142857142857143,0.0131684918850089,0.0252322804928377,0,0.0293224893531815,NaN,0.75,0.0212895120496051,0.0714285714285714,0.0280435286642882,0.0322247020533463,0.75,400,128,656,656,445,211,268,51,79,32,6890,6,160,160,160,160,140,140,140,140,140,0,20
LIRCMOP5_BC,3,111,150,1,0.3,150,0,0.00190913842950576,0.00624444047811591,150,20,3,0.00785216981625923,21.3333333333333,0.28791349561267,0.357459156935627,0,20,0,20,13,0.133333333333333,0.00871207268737017,0.0102832217608875,0,0.0110783217792755,NaN,0.9,0.0394391655004965,0.0666666666666667,0.0127866582523256,0.0197347454189214,0.65,400,140,680,680,447,233,278,49,84,35,6020,8,175,175,175,175,150,150,150,150,150,0,20
LIRCMOP5_BC,3,112,145,1,0.29,145,0,0.00155002536941815,0.00500012952498298,145,20,3,0.00759043082238392,22.0689655172414,0.255034441356575,0.353885675968811,0,20,0,20,11,0.137931034482759,0.0095314617767972,0.0116851397482384,0,0.0116851397482384,NaN,0.75,0.0304426712761127,0.172413793103448,0.00992439750896764,0.0183930729141087,0.55,400,150,700,700,459,241,297,50,85,35,6986,20,175,175,175,175,145,145,145,145,145,0,20
LIRCMOP5_BC,3,113,155,1,0.31,155,0,0.00188743447304427,0.0062223323294737,155,20,3,0.00811390881013453,20.6451612903226,0.289853765847222,0.357459156935627,0,20,0,20,15,0.129032258064516,0.019989879242719,0.0271775898882632,0,0.0289406596368558,NaN,1,0.030767637405551,0.0967741935483871,0.0278611618868245,0.0356826301995246,0.75,400,145,690,690,463,227,314,51,84,36,6637,8,177,177,177,177,155,155,155,155,155,0,20
LIRCMOP5_BC,3,114,145,1,0.29,145,0,0.00153028410030606,0.00560865553304177,145,20,3,0.00759043082238392,22.0689655172414,0.255034441356575,0.444412683337502,0,20,0,20,5,0.137931034482759,0.00111571864340205,0.0032530619237656,0,0.00451508832535131,NaN,1,0.0441497971551359,0.206896551724138,0.00369681878573838,0.00762719309873173,0.25,400,155,710,710,470,240,294,57,75,36,8743,9,180,180,180,180,145,145,145,145,145,0,20
LIRCMOP5_BC,3,115,160,1,0.32,160,0,0.00171823695096827,0.00497048591077971,160,20,3,0.00837564780400984,20,0.261172791560036,0.444412683337502,0,20,0,20,13,0.125,0.00857483954729572,0.0122923871954517,0,0.0122923871954517,NaN,1,0.042786534483358,0.125,0.0114169369164953,0.0230569236191988,0.65,400,145,690,690,468,222,318,55,85,40,6000,37,199,199,199,199,160,160,160,160,160,0,20
LIRCMOP5_BC,3,116,175,1,0.35,175,0,0.0016518281770719,0.00566493888941685,175,20,3,0.00916086478563576,18.2857142857143,0.301764468699192,0.460942162566952,0,20,0,20,1,0.114285714285714,0.00336335034529661,0.0081149182546587,0,0.0081149182546587,NaN,0.9,0.0325233199317976,0.0571428571428571,0.00538193680794271,0.0119400276542337,0.05,400,160,720,720,474,246,326,59,85,44,7313,54,214,214,214,214,175,175,175,175,175,0,20
LIRCMOP5_BC,3,117,155,1,0.31,155,0,0.00138167846884356,0.00556316648193087,155,20,3,0.00811390881013453,20.6451612903226,0.308917221473636,0.444412683337502,0,20,0,20,4,0.129032258064516,0.0082681638197157,0.015815841389441,0,0.015815841389441,NaN,0.85,0.0260287302973837,0.0967741935483871,0.00831563807451646,0.0161709909423881,0.2,400,175,750,750,501,249,320,56,78,37,8500,22,185,185,185,185,155,155,155,155,155,0,20
LIRCMOP5_BC,3,118,165,1,0.33,165,0,0.0015225266220084,0.00461234675046318,165,20,3,0.00863738679788515,19.3939393939394,0.298196596622216,0.368232947238889,0,20,0,20,14,0.121212121212121,0.0204910167028152,0.0374849962106187,0,0.0374849962106187,NaN,0.8,0.0379950513981624,0.0606060606060606,0.0220671376534631,0.0462723110605659,0.7,400,155,710,710,487,223,324,59,79,39,6905,0,195,195,195,195,165,165,165,165,165,0,20
LIRCMOP5_BC,3,119,165,1,0.33,165,0,0.00137932745705801,0.0041740127556485,165,20,3,0.00863738679788515,19.3939393939394,0.300302355288341,0.373756669286734,0,20,0,20,2,0.121212121212121,0.00484411844833393,0.00833030696550236,0,0.0107445570620089,NaN,0.55,0.00193409762779168,0.121212121212121,0.0110598357931377,0.0144463634692202,0.1,400,165,730,730,489,241,329,59,79,39,7664,0,195,195,195,195,165,165,165,165,165,0,20
LIRCMOP5_BC,3,120,156,1,0.32,156,0,0.0015634577463028,0.00483275473732518,156,20,3,0.00816625660890959,20.5128205128205,0.303041454420593,0.437347081932426,0,20,0,20,1,0.128205128205128,0.0122851445332783,0.0179163650425345,0,0.0179163650425345,NaN,0.65,0.00722446964770795,0.0625,0.0153349915723904,0.0202127036408736,0.05,400,165,730,730,488,242,336,60,78,39,7679,21,195,195,195,190,156,156,156,156,156,0,20
LIRCMOP5_BC,3,121,150,1,0.31,150,0,0.00196562824991176,0.00507527720877757,150,20,3,0.00785216981625923,21.3333333333333,0.335159557017399,0.444412683337502,0,20,0,20,7,0.133333333333333,0.00915997223018434,0.0200892133307687,0,0.0200892133307687,NaN,0.6,0.0243933855261135,0.129032258064516,0.0093070970181114,0.0237071147163276,0.35,400,156,712,712,494,218,306,59,67,36,9292,28,178,178,178,178,150,150,150,150,150,0,20
LIRCMOP5_BC,3,122,150,1,0.3,150,0,0.00139005302805565,0.00448499082665827,150,20,3,0.00785216981625923,21.3333333333333,0.335159557017399,0.458050175466049,0,20,0,20,9,0.133333333333333,0.00695878272210387,0.0181880450529429,0,0.0183393697310876,NaN,0.85,0.0334359465662195,0.1,0.00961262225066844,0.0267445195325861,0.45,400,150,700,700,471,229,276,58,72,36,7364,28,175,175,175,175,150,150,150,150,150,0,20
LIRCMOP5_BC,3,123,145,1,0.29,145,0,0.0013589898253199,0.00416113216616244,145,20,3,0.00759043082238392,22.0689655172414,0.315531075783447,0.471687667594596,0,20,0,20,8,0.137931034482759,0.0154539005528315,0.0280356436507056,0,0.0280356436507056,NaN,0.7,0.0308264722121852,0.103448275862069,0.0171386618410776,0.0281408040964868,0.4,400,150,700,700,486,214,329,59,71,35,8361,5,175,175,175,175,145,145,145,145,145,0,20
LIRCMOP5_BC,3,124,155,1,0.31,155,0,0.00170194859199621,0.00433053937158166,155,20,3,0.00811390881013453,20.6451612903226,0.326753109881256,0.444412683337502,0,20,0,20,17,0.129032258064516,0.00987617006661924,0.0200974527316785,0,0.0200974527316785,NaN,0.7,0.026983252164492,0.0967741935483871,0.0140295063617925,0.0273991739085428,0.85,400,145,690,690,480,210,317,64,67,36,8046,2,180,180,180,180,155,155,155,155,155,0,20
LIRCMOP5_BC,3,125,155,1,0.31,155,0,0.00130813253085234,0.00290894752689038,155,20,3,0.00811390881013453,20.6451612903226,0.324282615590588,0.423200383167361,0,20,0,20,0,0.129032258064516,0.00542043561885081,0.00857524635758858,0,0.0105429332571599,NaN,0.9,0.0394860073751019,0,0.00958496192815063,0.0133881995874774,0,400,155,710,710,492,218,312,61,71,37,7766,8,185,185,185,185,155,155,155,155,155,0,20
LIRCMOP5_BC,3,126,146,1,0.3,146,0,0.00133064345813726,0.00351129532430658,146,20,3,0.00764277862115898,21.9178082191781,0.326753109881256,0.425116087819524,0,20,0,20,3,0.136986301369863,0.00701696951513491,0.0182640888295341,0,0.0182640888295341,NaN,0.9,0.0516158615135514,0.133333333333333,0.00865089470487579,0.0199323530066052,0.15,400,155,710,710,489,221,334,58,74,37,8009,8,182,182,182,177,146,146,146,146,146,0,20
LIRCMOP5_BC,3,127,142,1,0.29,142,0,0.00162094965538104,0.00376129833663396,142,20,3,0.00743338742605873,22.5352112676056,0.331918270371939,0.425328943891987,0,20,0,20,4,0.140845070422535,0.00565594398797335,0.0114532924239911,0,0.0114532924239911,NaN,0.5,0.000251659665809228,0.103448275862069,0.00604999170641402,0.0118815919019898,0.2,400,146,692,692,480,212,305,61,64,34,9376,6,167,167,167,167,142,142,142,142,142,0,20
LIRCMOP5_BC,3,128,130,1,0.26,130,0,0.00143323998092145,0.00332833514056931,130,20,3,0.006805213840758,24.6153846153846,0.33564551077985,0.425328943891987,0,20,0,20,3,0.153846153846154,0.00605637240644529,0.00907596327642955,0,0.00907596327642955,NaN,0.45,-0.00356451489721465,0.115384615384615,0.00668862741752894,0.0118509719491035,0.15,400,142,684,684,474,210,292,62,64,32,8743,2,157,157,157,152,130,130,130,130,130,0,20
LIRCMOP5_BC,3,129,115,1,0.23,115,0,0.00153101005009915,0.00390472019703804,115,20,3,0.00601999685913207,27.8260869565217,0.335159557017399,0.425328943891987,0,20,0,20,1,0.173913043478261,0.00491971840394419,0.00742090866287485,0,0.00875875718349353,NaN,0.95,0.0328598554487028,0.0869565217391304,0.0089031514672312,0.0149980567011537,0.05,400,130,660,660,468,192,292,63,60,31,8391,4,149,149,149,139,115,115,115,115,115,0,20
LIRCMOP5_BC,3,130,130,1,0.26,130,0,0.00127489742372926,0.00439082606189193,130,20,3,0.006805213840758,24.6153846153846,0.333016392552527,0.425328943891987,0,20,0,20,3,0.153846153846154,0.00141739018814851,0.0086369946398129,0,0.0113078718978586,NaN,0.95,0.0300352834958454,0.0769230769230769,0.0149425527933266,0.0239669246167368,0.15,400,115,630,630,445,185,273,60,66,32,5927,5,159,159,159,159,130,130,130,130,130,0,20
LIRCMOP5_BC,3,131,120,1,0.24,120,0,0.00149810034351164,0.00378005508954695,120,20,3,0.00628173585300738,26.6666666666667,0.341211387744814,0.425328943891987,0,20,0,20,1,0.166666666666667,0.00589110966297873,0.0106991619653334,0,0.0117425705066814,NaN,1,0.0259955639844791,0.0833333333333333,0.0158039139808347,0.0270904239801358,0.05,400,130,660,660,464,196,292,58,62,30,7700,4,147,147,147,147,120,120,120,120,120,0,20
LIRCMOP5_BC,3,132,139,1,0.28,139,0,0.00146954654306969,0.00500393039355601,139,20,3,0.00727634402973355,23.0215827338129,0.326753109881256,0.487566765055608,0,20,0,20,6,0.143884892086331,0.00935317641775481,0.0155659265326382,0,0.0168624317080533,NaN,1,0.00960180916489003,0.142857142857143,0.01362748639174,0.0270877696377413,0.3,400,120,640,640,451,189,261,55,64,33,6526,10,162,162,162,162,139,139,139,139,139,0,20
LIRCMOP5_BC,3,133,122,1,0.25,122,0,0.00138537656928573,0.00500446072407557,122,20,3,0.0063864314505575,26.2295081967213,0.324496700878724,0.403592127535136,0,20,0,20,5,0.163934426229508,0.00611121452357259,0.0111926636643531,0,0.0125862380421447,NaN,0.95,0.0170113552506079,0.16,0.0124446037454981,0.0253933672091758,0.25,400,139,678,678,482,196,257,53,64,31,7404,6,152,152,152,147,122,122,122,122,122,0,20
LIRCMOP5_BC,3,134,125,1,0.25,125,0,0.00128605728829159,0.00470085533228227,125,20,3,0.00654347484688269,25.6,0.339279675223797,0.444412683337502,0,20,0,20,1,0.16,0.00688219065732863,0.0100299260331045,0,0.0105324438218965,NaN,0.95,0.0397489354622965,0.08,0.010151666222242,0.0140650642697793,0.05,400,122,644,644,452,192,269,53,52,28,8572,13,140,140,140,140,125,125,125,125,125,0,20
LIRCMOP5_BC,3,135,125,1,0.25,125,0,0.00111373397079107,0.00341334858685018,125,20,3,0.00654347484688269,25.6,0.339279675223797,0.444412683337502,0,20,0,20,3,0.16,0.00981619897777247,0.0153868863472349,0,0.0153868863472349,NaN,0.9,0.0466148750277758,0.08,0.014217351802698,0.0220942058196676,0.15,400,125,650,650,458,192,239,55,52,30,7631,6,150,150,150,150,125,125,125,125,125,0,20
LIRCMOP5_BC,3,136,130,1,0.26,130,0,0.00111387755360029,0.0033250609141644,130,20,3,0.006805213840758,24.6153846153846,0.341211387744814,0.444412683337502,0,20,0,20,13,0.153846153846154,0.0145707395917309,0.0233263678679145,0,0.0274379361206752,NaN,0.9,0.0377217157088291,0.307692307692308,0.0219319985926016,0.0389009192139015,0.65,400,125,650,650,449,201,287,56,57,30,8272,17,150,150,150,150,130,130,130,130,130,0,20
LIRCMOP5_BC,3,137,130,1,0.26,130,0,0.00112462801743004,0.00335756391181112,130,20,3,0.006805213840758,24.6153846153846,0.341211387744814,0.444412683337502,0,20,0,20,8,0.153846153846154,0.011635790123731,0.0180119863180077,0,0.0196815619245927,NaN,0.9,0.0446362268404461,0.192307692307692,0.015171485431275,0.0301629300796796,0.4,400,130,660,660,453,207,286,56,57,30,8330,11,150,150,150,150,130,130,130,130,130,0,20
LIRCMOP5_BC,3,138,130,1,0.26,130,0,0.00101216008492279,0.00276398269696239,130,20,3,0.006805213840758,24.6153846153846,0.341211387744814,0.495197834913113,0,19,1,20,1,0.153846153846154,0.00786578071626492,0.0132288989218797,0,0.0132288989218797,NaN,0.9,0.0365807130263182,0.0769230769230769,0.0118102510502298,0.0177188971183106,0.05,400,130,660,660,455,205,300,60,51,31,9645,9,155,155,155,155,130,130,130,130,130,0,20
LIRCMOP5_BC,3,139,112,1,0.24,112,0,0.00112969497782261,0.00343640547808314,112,20,3,0.00586295346280689,28.5714285714286,0.341947389547517,0.484384679454699,0,14,6,20,2,0.178571428571429,0.00740752102515332,0.0127002274784348,0,0.0127002274784348,NaN,0.8,0.0303790602306852,0.166666666666667,0.0095211005727478,0.0171487607931268,0.1,400,130,660,660,456,204,291,62,44,28,11374,11,140,140,140,140,112,112,112,112,112,0,20
LIRCMOP5_BC,3,140,103,1,0.22,103,0,0.00104664041098689,0.00317948505812787,103,20,3,0.00539182327383134,31.0679611650485,0.34314310026583,0.502258289590029,0,19,1,20,5,0.194174757281553,0.00459327161408699,0.0135843496740349,0,0.0186799670847948,NaN,0.85,0.049142546921552,0.0909090909090909,0.0166286052084015,0.0285458399441385,0.25,400,112,624,624,431,193,269,61,46,26,8412,0,130,130,130,130,103,103,103,103,103,0,20
LIRCMOP5_BC,3,141,115,1,0.23,115,0,0.000974284785447994,0.00326035037764304,115,20,3,0.00601999685913207,27.8260869565217,0.34314310026583,0.508205271070445,0,20,0,20,6,0.173913043478261,0.0152375014949492,0.0210009390859198,0,0.0214638379325126,NaN,0.9,0.0470154374012581,0.0869565217391304,0.0161509196746119,0.0293131278756571,0.3,400,103,606,606,430,176,261,63,53,29,5713,4,145,145,145,145,115,115,115,115,115,0,20
LIRCMOP5_BC,3,142,132,1,0.27,132,0,0.00101900076605757,0.00417439946266295,132,20,3,0.00690990943830812,24.2424242424242,0.339279675223797,0.508205271070445,0,20,0,20,5,0.151515151515152,0.0103667764178544,0.0321426337692663,0,0.0359429016565366,NaN,0.75,0.0369645495762037,0.148148148148148,0.015769695263578,0.0368556354801337,0.25,400,115,630,630,440,190,274,67,54,31,6775,1,155,155,155,155,132,132,132,132,132,0,20
LIRCMOP5_BC,3,143,120,1,0.24,120,0,0.000978668867989313,0.00318748338959567,120,20,3,0.00628173585300738,26.6666666666667,0.341211387744814,0.508205271070445,0,19,1,20,7,0.166666666666667,0.0113060879310344,0.0159267726928231,0,0.0169577798447377,NaN,0.9,0.0522831314156471,0.0833333333333333,0.0151051489636287,0.0279735147059543,0.35,400,132,664,664,466,198,297,65,49,28,9358,7,140,140,140,140,120,120,120,120,120,0,20
LIRCMOP5_BC,3,144,117,1,0.24,117,0,0.000907894328251355,0.00325890522449335,117,20,3,0.0061246924566822,27.3504273504273,0.349244587718709,0.613446779616863,0,20,0,20,6,0.170940170940171,0.00783207792396041,0.014575724098758,0,0.0198232064869181,NaN,0.65,0.0155725289970553,0.208333333333333,0.0138625896462717,0.0244046536973787,0.3,400,120,640,640,447,193,262,60,53,30,7343,2,150,150,150,150,117,117,117,117,117,0,20
LIRCMOP5_BC,3,145,115,1,0.23,115,0,0.000935445894740092,0.00365373959204883,115,20,3,0.00601999685913207,27.8260869565217,0.349244587718709,0.508205271070445,0,20,0,20,1,0.173913043478261,0.00783173902108173,0.0132710527630261,0,0.0141048848924142,NaN,0.75,0.0359034295539843,0.0869565217391304,0.0103301979001082,0.0201728317478942,0.05,400,117,634,634,438,196,275,60,53,29,7689,2,145,145,145,145,115,115,115,115,115,0,20
LIRCMOP5_BC,3,146,121,1,0.25,121,0,0.00109800362813891,0.00426966946766166,121,20,3,0.00633408365178244,26.4462809917355,0.339279675223797,0.508205271070445,0,20,0,20,0,0.165289256198347,0.00314853796560887,0.0113783784087311,0,0.0115730860920754,NaN,0.75,0.0255250138666087,0,0.0105171082071283,0.0200884500857644,0,400,115,630,630,439,191,259,61,51,28,7262,8,140,140,140,140,121,121,121,121,121,0,20
LIRCMOP5_BC,3,147,125,1,0.25,125,0,0.00127346296752443,0.00636366140872483,125,20,3,0.00654347484688269,25.6,0.348534213593859,0.487884787876072,0,20,0,20,9,0.16,0.00824220873792526,0.0198262559512388,0,0.0198262559512388,NaN,0.8,0.0413098963432235,0.12,0.0138616869783546,0.0227385522999749,0.45,400,121,642,642,443,199,267,65,56,31,6796,8,155,155,155,150,125,125,125,125,125,0,20
LIRCMOP5_BC,3,148,140,1,0.28,140,0,0.00156920613626713,0.00448226874953837,140,20,3,0.00732869182850861,22.8571428571429,0.348889400656284,0.566455350691224,0,20,0,20,4,0.142857142857143,0.00645758582795844,0.0111273849630558,0,0.0129569906459819,NaN,0.95,0.0389426922729094,0.107142857142857,0.00835141032481523,0.0197127993507159,0.2,400,125,650,650,439,211,257,63,57,32,8021,5,160,160,160,160,140,140,140,140,140,0,20
LIRCMOP5_BC,3,149,145,1,0.29,145,0,0.00136784480263424,0.00463017539890865,145,20,3,0.00759043082238392,22.0689655172414,0.366972028093378,0.613446779616863,0,20,0,20,6,0.137931034482759,0.00811368383491397,0.0130477718970185,0,0.0143141292258679,NaN,0.9,0.0432636980554285,0.103448275862069,0.0109809648996354,0.0233434640000379,0.3,400,140,680,680,462,218,290,64,63,35,7155,5,175,175,175,170,145,145,145,145,145,0,20
LIRCMOP5_BC,3,150,160,1,0.32,160,0,0.00195879949339945,0.00873905405030091,160,20,3,0.00837564780400984,20,0.358108307906043,0.566455350691224,0,20,0,20,4,0.125,0.00618485079713942,0.0137432354745419,0,0.0137432354745419,NaN,0.85,0.041423952729537,0.09375,0.00832777228409279,0.0161837872045354,0.2,400,145,690,690,466,224,294,63,62,35,8252,13,175,175,175,175,160,160,160,160,160,0,20
LIRCMOP5_BC,3,151,165,1,0.33,165,0,0.0016031396297233,0.00611188166798324,165,20,3,0.00863738679788515,19.3939393939394,0.348534213593859,0.566455350691224,0,20,0,20,14,0.121212121212121,0.00996344029489258,0.0169097631008929,0,0.0183810434516366,NaN,0.8,0.0331181612783373,0.121212121212121,0.0137902403634661,0.0272215546191873,0.7,400,160,720,720,479,241,322,64,66,37,8588,12,185,185,185,185,165,165,165,165,165,0,20
LIRCMOP5_BC,3,152,140,1,0.28,140,0,0.00185783149169948,0.00839022604893826,140,20,3,0.00732869182850861,22.8571428571429,0.348534213593859,0.74060584442398,0,18,2,20,15,0.142857142857143,0.00818918406647324,0.0146742002410457,0,0.017502827254249,NaN,0.9,0.0419345334583803,0.142857142857143,0.0142057966737265,0.0251107569891752,0.75,400,165,730,730,483,247,324,63,50,31,14301,7,155,155,155,155,140,140,140,140,140,0,20
LIRCMOP5_BC,3,153,160,1,0.32,160,0,0.00178004387230185,0.00597890682581346,160,20,3,0.00837564780400984,20,0.345838656929845,0.487884787876072,0,20,0,20,13,0.125,0.0116585620705556,0.0174510685699039,0,0.0203494749720098,NaN,0.85,0.0509357362465746,0.125,0.0156474727448273,0.0311391924606199,0.65,400,140,680,680,459,221,296,63,61,36,7593,10,180,180,180,180,160,160,160,160,160,0,20
LIRCMOP5_BC,3,154,155,1,0.31,155,0,0.00157617762854493,0.00601562479183743,155,20,3,0.00811390881013453,20.6451612903226,0.348534213593859,0.554269086787165,0,20,0,20,8,0.129032258064516,0.00448204030646511,0.0114877607420542,0,0.0137383705858029,NaN,1,0.0532653344696287,0.0967741935483871,0.0062024242551736,0.0179133227519203,0.4,400,160,720,720,470,250,309,63,61,36,10281,19,180,180,180,180,155,155,155,155,155,0,20
LIRCMOP5_BC,3,155,130,1,0.26,130,0,0.00131306666849129,0.00556691986673546,130,20,3,0.006805213840758,24.6153846153846,0.348889400656284,0.74060584442398,0,18,2,20,8,0.153846153846154,0.0131963843236304,0.020357743747065,0,0.021388038369572,NaN,1,0.0513413588749115,0.153846153846154,0.0133728987472477,0.0253835439940993,0.4,400,155,710,710,475,235,326,65,49,30,13003,0,150,150,150,150,130,130,130,130,130,0,20
LIRCMOP5_BC,3,156,150,1,0.3,150,0,0.00164013731191386,0.005281372355553,150,20,3,0.00785216981625923,21.3333333333333,0.379260498067745,0.687311598701918,0,20,0,20,5,0.133333333333333,0.0070716949371314,0.0105347008930568,0,0.0105347008930568,NaN,1,0.0361739993012591,0.166666666666667,0.0077673003245118,0.0116889140927622,0.25,400,130,660,660,442,218,283,64,57,35,8070,12,175,175,175,175,150,150,150,150,150,0,20
LIRCMOP5_BC,3,157,142,1,0.29,142,0,0.00134461760983604,0.00526787059981761,142,20,3,0.00743338742605873,22.5352112676056,0.349244587718709,0.759365993542653,0,20,0,20,17,0.140845070422535,0.0178116499257495,0.022945509858013,0,0.0259654512593726,NaN,1,0.0632804281684566,0.241379310344828,0.0244299245513338,0.0355738892724195,0.85,400,150,700,700,472,228,306,65,56,34,9238,1,170,170,170,170,142,142,142,142,142,0,20
LIRCMOP5_BC,3,158,185,1,0.37,185,0,0.00168589537600245,0.00643226428906743,185,20,3,0.00968434277338638,17.2972972972973,0.349244587718709,0.581874193784664,0,20,0,20,1,0.108108108108108,0.00516586120892357,0.00803798939999393,0,0.00804544979958563,NaN,0.8,0.0321168357189719,0.0540540540540541,0.00934480482661802,0.0119557807806453,0.05,400,142,684,684,467,217,306,68,66,42,6728,11,210,210,210,210,185,185,185,185,185,0,20
LIRCMOP5_BC,3,159,155,1,0.31,155,0,0.00146283040166342,0.00548834700606984,155,20,3,0.00811390881013453,20.6451612903226,0.349244587718709,0.581874193784664,0,20,0,20,4,0.129032258064516,0.00706805926995662,0.0110370950196652,0,0.0110526729612147,NaN,1,0.0756680156617686,0.0967741935483871,0.0085036952886273,0.0117076319994822,0.2,400,185,770,770,511,259,304,62,61,35,11438,0,175,175,175,175,155,155,155,155,155,0,20
LIRCMOP5_BC,3,160,155,1,0.31,155,0,0.00148553584907512,0.00570863981634873,155,20,3,0.00811390881013453,20.6451612903226,0.34314310026583,0.581874193784664,0,20,0,20,5,0.129032258064516,0.00493230960464802,0.0103442762812531,0,0.0103442762812531,NaN,1,0.0586095935317794,0.0967741935483871,0.00514356274682754,0.0113780566661972,0.25,400,155,710,710,487,223,296,58,63,35,8263,28,175,175,175,175,155,155,155,155,155,0,20
LIRCMOP5_BC,3,161,155,1,0.31,155,0,0.00161084858211714,0.00601734713610463,155,20,3,0.00811390881013453,20.6451612903226,0.368232947238889,0.596410095877287,0,20,0,20,8,0.129032258064516,0.00568446180564719,0.0267952564341367,0,0.0268470895160781,NaN,1,0.0629878112513943,0.0967741935483871,0.00977753502943021,0.0283121666056925,0.4,400,155,710,710,485,225,259,57,60,36,9086,30,180,180,180,175,155,155,155,155,155,0,20
LIRCMOP5_BC,3,162,156,1,0.32,156,0,0.0016145004144206,0.00567470069948083,156,20,3,0.00816625660890959,20.5128205128205,0.368232947238889,0.581874193784664,0,20,0,20,4,0.128205128205128,0.00420082552432763,0.00756615210156074,0,0.00756615210156074,NaN,0.9,0.0566580750971183,0.09375,0.0048510348202683,0.0099675722138464,0.2,400,155,710,710,486,224,307,56,70,38,8191,60,189,189,189,189,156,156,156,156,156,0,20
LIRCMOP5_BC,3,163,140,1,0.28,140,0,0.00158635453277154,0.00433517072599871,140,20,3,0.00732869182850861,22.8571428571429,0.37123588653687,0.596410095877287,0,20,0,20,14,0.142857142857143,0.00810006127614327,0.0196589331928133,0,0.0196589331928133,NaN,0.75,0.0417327685226267,0.0714285714285714,0.0165199094865428,0.0232644297644529,0.7,400,156,712,712,471,241,290,53,67,33,8712,30,165,165,165,165,140,140,140,140,140,0,20
LIRCMOP5_BC,3,164,145,1,0.29,145,0,0.00176693347692049,0.00561590726809215,145,20,3,0.00759043082238392,22.0689655172414,0.374238825834851,0.554269086787165,0,20,0,20,7,0.137931034482759,0.00416116677580862,0.0161037818793199,0,0.0161037818793199,NaN,0.8,0.0539645557175241,0.137931034482759,0.00614319843863275,0.0186268829824056,0.35,400,140,680,680,460,220,278,52,63,33,8740,0,164,164,164,164,145,145,145,145,145,0,20
LIRCMOP5_BC,3,165,145,1,0.29,145,0,0.00164631756895172,0.00422724393752725,145,20,3,0.00759043082238392,22.0689655172414,0.374238825834851,0.625441075197241,0,20,0,20,3,0.137931034482759,0.00653314847309548,0.011256280681795,0,0.0113964661644569,NaN,0.85,0.0501213331994133,0.137931034482759,0.00667314341201562,0.0122863036483777,0.15,400,145,690,690,449,241,310,55,67,34,8588,0,170,170,170,170,145,145,145,145,145,0,20
LIRCMOP5_BC,3,166,150,1,0.3,150,0,0.00175058993867075,0.00463599959828309,150,20,3,0.00785216981625923,21.3333333333333,0.404402192667069,0.603657634490952,0,20,0,20,7,0.133333333333333,0.00646404330570707,0.0125530369558986,0,0.0125530369558986,NaN,0.85,0.069583655949704,0.133333333333333,0.00954480598854857,0.0155151595098268,0.35,400,145,690,690,472,218,266,53,70,35,7184,0,175,175,175,175,150,150,150,150,150,0,20
LIRCMOP5_BC,3,167,150,1,0.3,150,0,0.00172023733723901,0.00493165846416941,150,20,3,0.00785216981625923,21.3333333333333,0.39549986287659,0.568071640285915,0,20,0,20,10,0.133333333333333,0.00929123730818101,0.0331967922385889,0,0.0331967922385889,NaN,0.8,0.0483113844757106,0.0666666666666667,0.0146044724413371,0.0359115310838663,0.5,400,150,700,700,474,226,287,50,67,35,8663,10,174,174,174,174,150,150,150,150,150,0,20
LIRCMOP5_BC,3,168,160,1,0.32,160,0,0.00153331353788751,0.00455377526162397,160,20,3,0.00837564780400984,20,0.397623625726066,0.581874193784664,0,20,0,20,2,0.125,0.0049631177201311,0.0094403795312939,0,0.00966626639651034,NaN,0.8,0.0437104562349628,0.0625,0.00522815765679797,0.0117854289367173,0.1,400,150,700,700,468,232,300,54,68,39,9017,35,194,194,194,194,160,160,160,160,160,0,20
LIRCMOP5_BC,3,169,150,1,0.3,150,0,0.00161304175281368,0.006036455981981,150,20,3,0.00785216981625923,21.3333333333333,0.397623625726066,0.603657634490952,0,20,0,20,6,0.133333333333333,0.0108524263903735,0.0167121723638858,0,0.0177155336694661,NaN,0.4,-0.0156903856956267,0.0666666666666667,0.0118359189092147,0.0190692916234445,0.3,400,160,720,720,481,239,259,53,63,36,9768,1,180,180,180,180,150,150,150,150,150,0,20
LIRCMOP5_BC,3,170,145,1,0.29,145,0,0.00181714036721728,0.00618593338138049,145,20,3,0.00759043082238392,22.0689655172414,0.396179245228953,0.625441075197241,0,20,0,20,9,0.137931034482759,0.0120935061694365,0.0219455593923184,0,0.0233854509499813,NaN,0.4,-0.0155056075026671,0.137931034482759,0.0136381783005215,0.0257746382476311,0.45,400,150,700,700,476,224,283,53,63,36,9978,4,175,175,175,175,145,145,145,145,145,0,20
LIRCMOP5_BC,3,171,140,1,0.28,140,0,0.00175868218043267,0.00628504661932639,140,20,3,0.00732869182850861,22.8571428571429,0.455588942435169,0.682580985920047,0,20,0,20,16,0.142857142857143,0.014835045911185,0.0219048165381217,0,0.0239181429952968,NaN,0.5,-0.000169656544008245,0.0714285714285714,0.0230006297460373,0.0293369397846154,0.8,400,145,690,690,455,235,307,57,60,34,11385,24,162,162,162,162,140,140,140,140,140,0,20
LIRCMOP5_BC,3,172,140,1,0.28,140,0,0.00171360860110318,0.00640357416484334,140,20,3,0.00732869182850861,22.8571428571429,0.455588942435169,0.684946292310983,0,20,0,20,17,0.142857142857143,0.0163940752346886,0.0487126488108713,0,0.0511554238044189,NaN,0.75,0.0559060810109836,0.0714285714285714,0.0307161905564324,0.0543206298832615,0.85,400,140,680,680,453,227,257,55,65,37,8702,20,176,176,176,176,140,140,140,140,140,0,20
LIRCMOP5_BC,3,173,126,1,0.26,126,0,0.00155071610442528,0.00478760815527357,126,20,3,0.00659582264565775,25.3968253968254,0.407585427120827,0.625441075197241,0,20,0,20,10,0.158730158730159,0.0103536524028979,0.0195120622142596,0,0.0198934974849602,NaN,0.75,0.0679289181336892,0.115384615384615,0.0114742620233058,0.0205840420941025,0.5,400,140,680,680,461,219,261,52,63,33,9374,31,155,155,155,155,126,126,126,126,126,0,20
LIRCMOP5_BC,3,174,147,1,0.3,147,0,0.00177749074408365,0.00468710141475668,147,20,3,0.00769512641993404,21.7687074829932,0.404732830962394,0.625678606053203,0,20,0,20,13,0.136054421768707,0.0104020301310383,0.0339177923908738,0,0.0342907852798075,NaN,0.75,0.0613165246060546,0.1,0.0181161006704998,0.0361851334427602,0.65,400,126,652,652,456,196,245,56,70,38,6946,7,187,187,187,187,147,147,147,147,147,0,20
LIRCMOP5_BC,3,175,160,1,0.32,160,0,0.00229282181564516,0.00738397525860609,160,20,3,0.00837564780400984,20,0.396944243373703,0.555817929092816,0,20,0,20,7,0.125,0.0101407165547864,0.0142236481972171,0,0.0142236481972171,NaN,0.05,-0.14305646219503,0.0625,0.0112821940959872,0.016256699308582,0.35,400,147,694,694,454,240,264,51,75,39,8302,18,183,183,183,183,160,160,160,160,160,0,20
LIRCMOP5_BC,3,176,155,1,0.31,155,0,0.00179640150289595,0.00487752562116535,155,20,3,0.00811390881013453,20.6451612903226,0.410095557978665,0.625678606053203,0,20,0,20,10,0.129032258064516,0.0116866177435057,0.0250756106791428,0,0.0250756106791428,NaN,0.2,-0.0699832442390749,0.0645161290322581,0.0133664608843399,0.0272812982958947,0.5,400,160,720,720,479,241,319,52,72,39,10657,11,185,185,185,185,155,155,155,155,155,0,20
LIRCMOP5_BC,3,177,155,1,0.31,155,0,0.00208901743591328,0.00740280842398361,155,20,3,0.00811390881013453,20.6451612903226,0.404732830962394,0.555817929092816,0,20,0,20,5,0.129032258064516,0.0112302497315051,0.0215723142109215,0,0.0215723142109215,NaN,0.15,-0.0608508233987894,0.0645161290322581,0.0120067010004314,0.021612436784712,0.25,400,155,710,710,472,238,305,52,76,39,8909,14,190,190,190,190,155,155,155,155,155,0,20
LIRCMOP5_BC,3,178,150,1,0.3,150,0,0.00215780117371323,0.00699409862756026,150,20,3,0.00785216981625923,21.3333333333333,0.410354544620916,0.633906342288716,0,20,0,20,7,0.133333333333333,0.00837561419550461,0.0193276841652746,0,0.0193276841652746,NaN,0.25,-0.103351498901416,0.0666666666666667,0.0100086783430156,0.0210569710182913,0.35,400,155,710,710,470,240,302,53,77,39,8272,22,190,190,190,190,150,150,150,150,150,0,20
LIRCMOP5_BC,3,179,150,1,0.3,150,0,0.00253649420524212,0.00811609983837657,150,20,3,0.00785216981625923,21.3333333333333,0.4194836688198,0.655011679872341,0,20,0,20,11,0.133333333333333,0.0150794442366208,0.0224023317582737,0,0.0224023317582737,NaN,0.55,0.00590248394955811,0.0666666666666667,0.0163016765206266,0.0244657360202428,0.55,400,150,700,700,450,250,281,51,81,39,7902,30,190,190,190,190,150,150,150,150,150,0,20
LIRCMOP5_BC,3,180,155,1,0.31,155,0,0.00196545039794773,0.00642447514989232,155,20,3,0.00811390881013453,20.6451612903226,0.410613531263168,0.636138794567532,0,20,0,20,9,0.129032258064516,0.0120009031144709,0.0276870195074527,0,0.0276870195074527,NaN,0.4,-0.0074455807272451,0.0645161290322581,0.0134861192499808,0.0286122741658918,0.45,400,150,700,700,452,248,311,53,79,40,8540,68,195,195,195,195,155,155,155,155,155,0,20
LIRCMOP5_BC,3,181,175,1,0.35,175,0,0.00220447095881818,0.00617892828653288,175,20,3,0.00916086478563576,18.2857142857143,0.410613531263168,0.642134078524229,0,19,1,20,1,0.114285714285714,0.00999707231021386,0.0204517465143257,0,0.0230747905807439,NaN,0.65,0.0320441597446665,0.0571428571428571,0.0148248863111913,0.0234511459479028,0.05,400,155,710,710,450,260,309,59,83,45,8184,1,225,225,225,225,175,175,175,175,175,0,20
LIRCMOP5_BC,3,182,160,1,0.32,160,0,0.00206244033258224,0.00485518572749121,160,20,3,0.00837564780400984,20,0.407414194470529,0.625678606053203,0,16,4,20,5,0.125,0.0170316747678007,0.0302092723529168,0,0.0308437399208763,NaN,0.75,0.078731995591759,0.09375,0.019164551396659,0.0310077990123154,0.25,400,175,750,750,478,272,274,51,75,39,10841,1,194,194,194,194,160,160,160,160,160,0,20
LIRCMOP5_BC,3,183,170,1,0.34,170,0,0.00214144105816973,0.00507560358002453,170,20,3,0.00889912579176046,18.8235294117647,0.422468780183838,0.642134078524229,0,20,0,20,4,0.117647058823529,0.0127760355562598,0.0245855002840651,0,0.0268414333418789,NaN,0.75,0.0604722618778254,0.117647058823529,0.0135749334284806,0.0277062283157902,0.2,400,160,720,720,464,256,298,55,82,42,8076,0,210,210,210,210,170,170,170,170,170,0,20
LIRCMOP5_BC,3,184,160,1,0.32,160,0,0.00261744679345713,0.00694643000412962,160,20,3,0.00837564780400984,20,0.407673181112781,0.636138794567532,0,20,0,20,1,0.125,0.00753089254454601,0.0132382931260577,0,0.0188630914268734,NaN,0.75,0.0518689570860821,0.0625,0.00785382155599521,0.0193210601520877,0.05,400,170,740,740,475,265,328,53,86,41,8540,0,205,205,205,205,160,160,160,160,160,0,20
LIRCMOP5_BC,3,185,175,1,0.35,175,0,0.00215826762736915,0.00564936816176284,175,20,3,0.00916086478563576,18.2857142857143,0.416583753991245,0.642134078524229,0,20,0,20,6,0.114285714285714,0.00905205726185939,0.0297801160865664,0,0.0348142553960061,NaN,0.85,0.0377274203518182,0.142857142857143,0.0111154826436663,0.0361647776077112,0.3,400,160,720,720,470,250,318,57,87,46,7413,0,230,230,230,230,175,175,175,175,175,0,20
LIRCMOP5_BC,3,186,167,1,0.34,167,0,0.00228258602995379,0.00804604679660413,167,20,3,0.00874208239543527,19.1616766467066,0.414786005586609,0.636138794567532,0,20,0,20,15,0.119760479041916,0.0315454369203115,0.0435513147528311,0,0.0499737264069493,NaN,0.95,0.114852357584441,0.0588235294117647,0.0333347751924819,0.0505840630118457,0.75,400,175,750,750,494,256,347,58,82,44,9305,6,216,216,216,216,167,167,167,167,167,0,20
LIRCMOP5_BC,3,187,173,1,0.35,173,0,0.00251556114468111,0.00818730910877155,173,20,3,0.00905616918808564,18.4971098265896,0.428353806376432,0.667889281220454,0,20,0,20,0,0.115606936416185,0.00682866105712281,0.0100135016000086,0,0.0127186573983284,NaN,0.65,0.0275420301203576,0,0.013401698512225,0.0239795736196578,0,400,167,734,734,473,261,325,59,85,46,8634,9,220,220,220,220,173,173,173,173,173,0,20
LIRCMOP5_BC,3,188,175,1,0.35,175,0,0.00225062509465032,0.0047305509467043,175,20,3,0.00916086478563576,18.2857142857143,0.410613531263168,0.554269086787165,0,20,0,20,0,0.114285714285714,0.0180060307657163,0.0198928864968673,0,0.0259881153506071,NaN,0.9,0.0151673789544565,0,0.0220479381065749,0.0313255987547413,0,400,173,746,746,462,284,314,53,89,45,8754,4,218,218,218,218,175,175,175,175,175,0,20
LIRCMOP5_BC,3,189,180,1,0.36,180,0,0.00185970760805349,0.00592522111882779,180,20,3,0.00942260377951107,17.7777777777778,0.407928414947767,0.554269086787165,0,20,0,20,7,0.111111111111111,0.0199510824736463,0.0240155661610118,0,0.0282830409421284,NaN,0.85,0.0564645292467584,0.111111111111111,0.0253147622654712,0.0283237945679015,0.35,400,175,750,750,476,274,315,54,78,42,11020,3,210,210,210,210,180,180,180,180,180,0,20
LIRCMOP5_BC,3,190,186,1,0.38,186,0,0.0022907502098882,0.00663663359606304,186,20,3,0.00973669057216144,17.2043010752688,0.414786005586609,0.636138794567532,0,20,0,20,12,0.10752688172043,0.0251492656543513,0.0383764970114013,0,0.0448830011593768,NaN,0.7,0.00230193484165209,0.0789473684210526,0.030286886674387,0.0454500800505109,0.6,400,180,760,760,495,265,308,54,94,48,7934,33,236,236,236,236,186,186,186,186,186,0,20
LIRCMOP5_BC,3,191,195,1,0.39,195,0,0.00242981929169635,0.00675319891348917,195,20,3,0.010207820761137,16.4102564102564,0.424439996083597,0.681529537250499,0,20,0,20,13,0.102564102564103,0.0218138182940824,0.0364580075891311,0,0.0513909211590045,NaN,0.7,0.00687544588059141,0.0512820512820513,0.0252161949523721,0.0552586497135409,0.65,400,186,772,772,486,286,335,61,86,48,10069,6,240,240,240,240,195,195,195,195,195,0,20
LIRCMOP5_BC,3,192,200,1,0.4,200,0,0.00274068184391015,0.0076318896513635,200,20,3,0.0104695597550123,16,0.419613000835103,0.682055261585273,0,20,0,20,20,0.1,0.0620971421202558,0.150559616063624,0,0.155971432485149,NaN,0.9,0.0161553026209762,0.175,0.0746178739646393,0.1568280613386,1,400,195,790,790,506,284,344,61,86,49,9967,6,245,245,245,245,200,200,200,200,200,0,20
LIRCMOP5_BC,3,193,185,1,0.37,185,0,0.00218217541309157,0.00685615155332348,185,20,3,0.00968434277338638,17.2972972972973,0.424439996083597,0.681529537250499,0,20,0,20,15,0.108108108108108,0.0245665782242511,0.0479540750080045,0,0.0482139304545821,NaN,0.55,0.00340210896223525,0.108108108108108,0.0349682249791361,0.0483597714220589,0.75,400,200,800,800,489,311,354,58,86,46,11068,12,229,229,229,229,185,185,185,185,185,0,20
LIRCMOP5_BC,3,194,190,1,0.38,190,0,0.00277182890639668,0.00876589384054727,190,20,3,0.00994608176726169,16.8421052631579,0.417526763673382,0.682580985920047,0,20,0,20,0,0.105263157894737,0.00286038081383634,0.00779836482803871,0,0.0208202302920065,NaN,0.6,0.0108786040701325,0,0.0236684494388981,0.0339554558583978,0,400,185,770,770,479,291,318,57,91,49,9554,14,241,241,241,241,190,190,190,190,190,0,20
LIRCMOP5_BC,3,195,215,1,0.43,215,0,0.00241618149974204,0.00756548074969209,215,20,3,0.0112547767366382,14.8837209302326,0.410613531263168,0.681529537250499,0,20,0,20,5,0.0930232558139535,0.0203317985796744,0.0224420194993303,0,0.0370746517738097,NaN,0.6,0.0108455011904976,0.0465116279069767,0.027223949544473,0.0444120903082789,0.25,400,190,780,780,494,286,333,61,88,53,9884,8,265,265,265,265,215,215,215,215,215,0,20
LIRCMOP5_BC,3,196,215,1,0.43,215,0,0.00244984387447202,0.00815933962424317,215,20,3,0.0112547767366382,14.8837209302326,0.410613531263168,0.681529537250499,0,20,0,20,9,0.0930232558139535,0.0135939834121407,0.0307169135390708,0,0.0387470014592239,NaN,0.25,-0.0199843128461785,0.116279069767442,0.0215384876710547,0.0421704394321,0.45,400,215,830,830,525,305,384,61,91,54,11202,0,270,270,270,270,215,215,215,215,215,0,20
LIRCMOP5_BC,3,197,210,1,0.42,210,0,0.00231737161495832,0.00611310087618736,210,20,3,0.0109930377427629,15.2380952380952,0.412699768424889,0.682580985920047,0,20,0,20,1,0.0952380952380952,0.00820400745045269,0.0199160324275482,0,0.0203218072667884,NaN,0.65,0.0191864957286584,0.0476190476190476,0.0197109620745958,0.0302983671678595,0.05,400,215,830,830,503,327,359,59,91,53,11767,1,265,265,265,265,210,210,210,210,210,0,20
LIRCMOP5_BC,3,198,205,1,0.41,205,0,0.00222302017708053,0.00512927907631266,205,20,3,0.0107312987488876,15.609756097561,0.424439996083597,0.682580985920047,0,20,0,20,0,0.0975609756097561,0.00402614469522395,0.0110295007574166,0,0.0212473794403175,NaN,0.6,0.0117817051468742,0,0.0222437056144219,0.034738580351838,0,400,210,820,820,489,331,350,57,92,53,12013,14,264,264,264,264,205,205,205,205,205,0,20
LIRCMOP5_BC,3,199,195,1,0.39,195,0,0.00260730351832326,0.00545816685975471,195,20,3,0.010207820761137,16.4102564102564,0.424439996083597,0.79837538791605,0,20,0,20,0,0.102564102564103,0.00290675070734278,0.0101581702200863,0,0.020215589045851,NaN,0.95,0.073990096264659,0,0.0152668824729549,0.0348668725497489,0,400,205,810,810,494,316,358,54,93,51,11575,13,254,254,254,254,195,195,195,195,195,0,20
LIRCMOP5_BC,3,200,220,1,0.44,220,0,0.002599708296177,0.00599206624829974,220,20,3,0.0115165157305135,14.5454545454545,0.415864226927435,0.828556435842834,0,20,0,20,2,0.0909090909090909,0.0121312008290602,0.0222197648917977,0,0.0280966527431277,NaN,0.75,0.0693063856887488,0.0454545454545455,0.0177463166466163,0.0371142933034932,0.1,400,195,790,790,483,307,359,59,95,55,10427,17,272,272,272,272,220,220,220,220,220,0,20
LIRCMOP5_BC,3,201,230,1,0.46,230,0,0.00257078682087801,0.00570443623711095,230,20,3,0.0120399937182641,13.9130434782609,0.403955536546563,0.682580985920047,0,20,0,20,1,0.0869565217391304,0.00570425444282903,0.015155416096853,0,0.0189075729378482,NaN,0.8,0.074033605031005,0.0434782608695652,0.0189345283687257,0.0277900074699656,0.05,400,220,840,840,505,335,389,63,100,63,12769,31,315,315,315,315,230,230,230,230,230,0,20
LIRCMOP5_BC,3,202,216,1,0.44,216,0,0.00237613612389231,0.00796148823720932,216,20,3,0.0113071245354133,14.8148148148148,0.394983703028731,0.681529537250499,0,20,0,20,2,0.0925925925925926,0.00822381799137046,0.0209303480469484,0,0.0232436057206904,NaN,0.9,0.078353695978683,0.0454545454545455,0.0133782315300544,0.0235584089471894,0.1,400,230,860,860,524,336,387,60,100,60,12704,46,293,293,293,293,216,216,216,216,216,0,20
LIRCMOP5_BC,3,203,235,1,0.48,235,0,0.00324251559711741,0.011299798236144,235,20,3,0.0123017327121395,13.6170212765957,0.394983703028731,0.645795447840826,0,20,0,20,6,0.0851063829787234,0.0140971316779225,0.0367940104910833,0,0.0390489511266909,NaN,0.85,0.0883648746323152,0.208333333333333,0.0246327515607346,0.0394030868565755,0.3,400,216,832,832,494,338,374,63,100,63,12306,29,313,313,313,313,235,235,235,235,235,0,20
LIRCMOP5_BC,3,204,210,1,0.42,210,0,0.00300171046441215,0.00949875964160958,210,20,3,0.0109930377427629,15.2380952380952,0.428353806376432,0.681529537250499,0,16,4,20,8,0.0952380952380952,0.0140639118373309,0.0294669944404926,0,0.0328206296966385,NaN,0.85,0.0466018799016901,0.0952380952380952,0.0179751213516283,0.033320427683223,0.4,400,235,870,870,502,368,367,60,100,60,13853,27,295,295,295,295,210,210,210,210,210,0,20
LIRCMOP5_BC,3,205,210,1,0.42,210,0,0.00311070298351625,0.00644674405923937,210,20,3,0.0109930377427629,15.2380952380952,0.42546257565305,0.642134078524229,0,17,3,20,10,0.0952380952380952,0.0197656542448829,0.0329760471249101,0,0.0369972555804185,NaN,0.8,0.0387385816434261,0.119047619047619,0.0226196564814073,0.0375464039058814,0.5,400,210,820,820,485,335,363,62,100,62,13030,10,303,303,303,303,210,210,210,210,210,0,20
LIRCMOP5_BC,3,206,200,1,0.4,200,0,0.00246190844790013,0.00549266883617929,200,20,3,0.0104695597550123,16,0.456632730922503,0.79981989150868,0,18,2,20,11,0.1,0.0304951845393052,0.0489429432076287,0,0.0511655141842463,NaN,0.75,0.0326757018822522,0.125,0.032168058841536,0.0514343347611722,0.55,400,210,820,820,479,341,363,60,100,60,13402,12,300,300,300,300,200,200,200,200,200,0,20
LIRCMOP5_BC,3,207,210,1,0.42,210,0,0.00270554460716991,0.00893588696679871,210,20,3,0.0109930377427629,15.2380952380952,0.428353806376432,0.655360359688191,0,16,4,20,8,0.0952380952380952,0.0153779957834681,0.0381868208048651,0,0.040383576417537,NaN,0.7,0.0512621413044693,0.142857142857143,0.0201546408299237,0.0407790785282769,0.4,400,200,800,800,474,326,348,62,100,62,12349,16,307,307,307,307,210,210,210,210,210,0,20
LIRCMOP5_BC,3,208,212,1,0.44,212,0,0.00259441621888846,0.00746159736536667,212,20,3,0.011097733340313,15.0943396226415,0.454578472352249,0.655360359688191,0,20,0,20,7,0.0943396226415094,0.0161954521499541,0.0327459009580613,0,0.0396444682224274,NaN,0.85,0.0636672345193801,0.0909090909090909,0.0358580840850634,0.0424908880461824,0.35,400,210,820,820,468,352,336,59,100,59,13318,4,295,295,295,295,212,212,212,212,212,0,20
LIRCMOP5_BC,3,209,215,1,0.43,215,0,0.00272888414146987,0.00805030405561907,215,20,3,0.0112547767366382,14.8837209302326,0.428353806376432,0.655360359688191,0,20,0,20,3,0.0930232558139535,0.00842796885917448,0.0335493112825893,0,0.0544790293104673,NaN,0.85,0.0516222617798657,0.0465116279069767,0.0346849421588933,0.0587146655498154,0.15,400,212,824,824,472,352,360,57,100,57,13859,31,285,285,285,285,215,215,215,215,215,0,20
LIRCMOP5_BC,3,210,229,1,0.46,229,0,0.0023798217203774,0.00693955017826669,229,20,3,0.0119876459194891,13.9737991266376,0.444412683337502,0.655360359688191,0,20,0,20,6,0.0873362445414847,0.0163836828135329,0.0405996068765203,0,0.0431773342536604,NaN,0.9,0.0455327415965082,0.0434782608695652,0.0348572316151726,0.0465783579855247,0.3,400,215,830,830,475,355,355,61,100,61,13892,22,305,305,305,305,229,229,229,229,229,0,20
LIRCMOP5_BC,3,211,230,1,0.46,230,0,0.00270848310609788,0.00747213769398661,230,20,3,0.0120399937182641,13.9130434782609,0.418012807848849,0.680008260983007,0,20,0,20,8,0.0869565217391304,0.0151792544610429,0.0456475762673194,0,0.0652649612368342,NaN,0.9,0.0391002985195501,0.0869565217391304,0.0310813979093956,0.0695684065022144,0.4,400,229,858,858,476,382,362,60,100,60,15282,16,300,300,300,300,230,230,230,230,230,0,20
LIRCMOP5_BC,3,212,220,1,0.44,220,0,0.00315384944290072,0.00787373936462224,220,20,3,0.0115165157305135,14.5454545454545,0.418012807848849,0.802892610339461,0,20,0,20,5,0.0909090909090909,0.019708519872188,0.0313034303302695,0,0.0353380582362853,NaN,0.85,0.0553052239179153,0.136363636363636,0.0215617333146878,0.0355469549892808,0.25,400,230,860,860,488,372,372,57,100,57,15955,12,285,285,285,285,220,220,220,220,220,0,20
LIRCMOP5_BC,3,213,230,1,0.46,230,0,0.00293759038902378,0.00836598875103151,230,20,3,0.0120399937182641,13.9130434782609,0.428353806376432,0.682580985920047,0,20,0,20,3,0.0869565217391304,0.0155873502673291,0.0239439172227457,0,0.0364705638968873,NaN,0.8,0.0475882684918417,0.0869565217391304,0.0310573426673589,0.0425269221776041,0.15,400,220,840,840,472,368,368,60,100,60,14299,4,300,300,300,300,230,230,230,230,230,0,20
LIRCMOP5_BC,3,214,245,1,0.49,245,0,0.00278106913223103,0.00850444654401755,245,20,3,0.0128252106998901,13.0612244897959,0.428353806376432,0.775354568869981,0,20,0,20,4,0.0816326530612245,0.0144154780730315,0.0210878838470061,0,0.0352532905502854,NaN,0.75,0.0181464086571409,0.0408163265306122,0.0273552437264201,0.0358340311936863,0.2,400,230,860,860,478,382,385,63,100,63,15392,40,315,315,315,315,245,245,245,245,245,0,20
LIRCMOP5_BC,3,215,230,1,0.46,230,0,0.00289886762754082,0.00864681387754982,230,20,3,0.0120399937182641,13.9130434782609,0.449495577844876,0.707204138108631,0,20,0,20,15,0.0869565217391304,0.0326317083767696,0.0563821172514164,0,0.0612477317105328,NaN,0.8,0.030510950395064,0.282608695652174,0.0429611690217368,0.0680424822686057,0.75,400,245,890,890,499,391,365,59,100,59,16350,8,295,295,295,295,230,230,230,230,230,0,20
LIRCMOP5_BC,3,216,232,1,0.48,232,0,0.00255728107714101,0.00913880996554321,232,20,3,0.0121446893158143,13.7931034482759,0.451450072918464,0.775354568869981,0,20,0,20,9,0.0862068965517241,0.0176911073986855,0.0321822354980834,0,0.0712846855631006,NaN,0.75,0.108423322408315,0.166666666666667,0.0370117579145892,0.0743277417062473,0.45,400,230,860,860,491,369,382,61,100,61,15197,17,305,305,305,305,232,232,232,232,232,0,20
LIRCMOP5_BC,3,217,242,1,0.49,242,0,0.0027314143636428,0.00961069815579455,242,20,3,0.0126681673035649,13.2231404958678,0.444412683337502,0.768274822157664,0,20,0,20,7,0.0826446280991736,0.0144262560651353,0.0289093537005309,0,0.0359202132347038,NaN,0.9,0.159085992142294,0.204081632653061,0.0260609049724518,0.0371851903901889,0.35,400,232,864,864,496,368,382,62,100,62,15147,7,310,310,310,310,242,242,242,242,242,0,20
LIRCMOP5_BC,3,218,241,1,0.49,241,0,0.00306812164794292,0.011886374785483,241,20,3,0.0126158195047898,13.2780082987552,0.394820480524228,0.775354568869981,0,20,0,20,19,0.0829875518672199,0.0438174037726063,0.0550822717432182,0,0.0609678855385274,NaN,0.85,0.105905046800567,0.387755102040816,0.0469707397640826,0.0637031015790883,0.95,400,242,884,884,507,377,383,61,100,61,16754,6,305,305,305,305,241,241,241,241,241,0,20
LIRCMOP5_BC,3,219,232,1,0.49,232,0,0.00277642183466465,0.0134466532317097,232,20,3,0.0121446893158143,13.7931034482759,0.495228336515662,0.828556435842834,0,20,0,20,14,0.0862068965517241,0.0309008010932135,0.0422756973763351,0,0.0422756973763351,NaN,0.7,0.0935872688913474,0.204081632653061,0.0334259838325806,0.0461635016527907,0.7,400,241,882,882,497,385,393,60,100,60,16847,17,300,300,300,300,232,232,232,232,232,0,20
LIRCMOP5_BC,3,220,235,1,0.47,235,0,0.00271412447578823,0.0100419094978647,235,20,3,0.0123017327121395,13.6170212765957,0.383209162383938,0.768274822157664,0,20,0,20,7,0.0851063829787234,0.018404412993859,0.0379067375817207,0,0.0407381111234813,NaN,0.7,0.0222873119104482,0.212765957446809,0.0375486566117272,0.0422513470402812,0.35,400,232,864,864,487,377,385,59,100,59,15691,11,295,295,295,295,235,235,235,235,235,0,20
LIRCMOP5_BC,3,221,255,1,0.51,255,0,0.00273604050921547,0.00996809941934516,255,20,3,0.0133486886876407,12.5490196078431,0.468016460813099,0.828556435842834,0,20,0,20,20,0.0784313725490196,0.0367482542604438,0.0472515987756391,0,0.0550507321562509,NaN,0.6,0.0364662833365114,0.392156862745098,0.0439117752402283,0.0589914550757234,1,400,235,870,870,494,376,385,60,100,60,14881,13,300,300,300,300,255,255,255,255,255,0,20
LIRCMOP5_BC,3,222,235,1,0.47,235,0,0.00260104773587069,0.00676592763435577,235,20,3,0.0123017327121395,13.6170212765957,0.444412683337502,0.949775589875356,0,20,0,20,19,0.0851063829787234,0.105596238903568,0.145849800765746,0,0.153009380195473,NaN,0.45,-0.00188889260482772,0.340425531914894,0.112616634390375,0.154729499301989,0.95,400,255,910,910,521,389,370,59,100,59,15649,26,292,292,292,292,235,235,235,235,235,0,20
LIRCMOP5_BC,3,223,235,1,0.47,235,0,0.00253387693710791,0.0076453483425549,235,20,3,0.0123017327121395,13.6170212765957,0.468016460813099,0.949775589875356,0,20,0,20,20,0.0851063829787234,0.0321011389602819,0.0445662399210666,0,0.0581736599214676,NaN,0.4,-0.0226108857307681,0.297872340425532,0.0426502873994634,0.0601674127668913,1,400,235,870,870,510,360,391,60,100,60,16242,41,300,300,300,300,235,235,235,235,235,0,20
LIRCMOP5_BC,3,224,255,1,0.51,255,0,0.00299442661191906,0.0099140367026094,255,20,3,0.0133486886876407,12.5490196078431,0.471735549948562,0.991295918976186,0,20,0,20,20,0.0784313725490196,0.168859504462333,0.268098557748073,0,0.277798167677354,NaN,0.4,-0.0122990969756656,0.372549019607843,0.178591549087997,0.280455725416379,1,400,235,870,870,514,356,369,64,100,64,14530,20,319,319,319,319,255,255,255,255,255,0,20
LIRCMOP5_BC,3,225,216,1,0.44,216,0,0.00302103151900867,0.0118592156481604,216,20,3,0.0113071245354133,14.8148148148148,0.481099461528955,0.949775589875356,0,20,0,20,20,0.0925925925925926,0.180221664957831,0.282572313545595,0,0.290768325621622,NaN,0.3,-0.0400366135279637,0.295454545454545,0.190336445436119,0.293705419098981,1,400,255,910,910,527,383,372,56,100,56,19770,24,274,274,274,274,216,216,216,216,216,0,20
LIRCMOP5_BC,3,226,235,1,0.47,235,0,0.00246555344583853,0.0108020751505557,235,20,3,0.0123017327121395,13.6170212765957,0.468016460813099,0.949775589875356,0,20,0,20,16,0.0851063829787234,0.0991402087058344,0.137262577782842,0,0.145421676729142,NaN,0.25,-0.0566072821252251,0.170212765957447,0.106851537084136,0.147439520698866,0.8,400,216,832,832,491,341,343,60,100,60,14761,93,296,296,296,296,235,235,235,235,235,0,20
LIRCMOP5_BC,3,227,227,1,0.46,227,0,0.00258019582357579,0.00972511740038731,227,20,3,0.011882950321939,14.0969162995595,0.451866691036082,0.949775589875356,0,20,0,20,17,0.0881057268722467,0.0837245720553653,0.145175766322228,0,0.152391456158424,NaN,0.4,-0.0015277264093384,0.152173913043478,0.090629571549399,0.155161472763405,0.85,400,235,870,870,499,371,361,59,100,59,17619,77,287,287,287,287,227,227,227,227,227,0,20
LIRCMOP5_BC,3,228,205,1,0.41,205,0,0.00359587753208562,0.0169652407078075,205,20,3,0.0107312987488876,15.609756097561,0.394983703028731,0.887007527533207,0,20,0,20,20,0.0975609756097561,0.114190350003168,0.203352113338121,0,0.214297237358547,NaN,0.25,-0.0397345093649035,0.24390243902439,0.126740049599456,0.21738715940453,1,400,227,854,854,497,357,361,55,100,55,18811,34,270,270,270,270,205,205,205,205,205,0,20
LIRCMOP5_BC,3,229,195,1,0.39,195,0,0.00258135958717667,0.0127419842550514,195,20,3,0.010207820761137,16.4102564102564,0.387569936752077,0.863976323494014,0,20,0,20,15,0.102564102564103,0.028300909813903,0.0950248880755676,0,0.117052420711226,NaN,0.2,-0.0195741649425601,0.128205128205128,0.0473551497946243,0.118516480537225,0.75,400,205,810,810,476,334,322,54,97,53,17167,62,265,265,265,265,195,195,195,195,195,0,20
LIRCMOP5_BC,3,230,210,1,0.42,210,0,0.00312203097288661,0.00774007120206898,210,20,3,0.0109930377427629,15.2380952380952,0.405894439258506,0.887007527533207,0,20,0,20,17,0.0952380952380952,0.0633742826862135,0.179893344241748,0,0.181996241959901,NaN,0.6,0.00948629412525864,0.142857142857143,0.0673397949408006,0.18475017970738,0.85,400,195,790,790,445,345,327,55,100,55,15822,61,270,270,270,270,210,210,210,210,210,0,20
LIRCMOP5_BC,3,231,225,1,0.45,225,0,0.00313643064050988,0.00903328000484801,225,20,3,0.0117782547243888,14.2222222222222,0.505123293549285,1.01475333756465,0,20,0,20,20,0.0888888888888889,0.0573092660853715,0.109247208637012,0,0.119209077383184,NaN,0.4,-0.026591685260274,0.355555555555556,0.065151669246086,0.121287365698826,1,400,210,820,820,450,370,355,57,100,57,15366,66,280,280,280,280,225,225,225,225,225,0,20
LIRCMOP5_BC,3,232,215,1,0.43,215,0,0.00316331457360119,0.00963311989009974,215,20,3,0.0112547767366382,14.8837209302326,0.451866691036082,0.991295918976186,0,20,0,20,8,0.0930232558139535,0.0162493359747196,0.0648584657332986,0,0.0667697533535295,NaN,0.5,-0.00354014453392387,0.0930232558139535,0.018153401958373,0.0689177601219789,0.4,400,225,850,850,485,365,367,55,100,55,17842,100,271,271,271,271,215,215,215,215,215,0,20
LIRCMOP5_BC,3,233,230,1,0.46,230,0,0.00355672764117308,0.00936890072644249,230,20,3,0.0120399937182641,13.9130434782609,0.451866691036082,1.01475333756465,0,20,0,20,18,0.0869565217391304,0.101617380573509,0.21201704091641,0,0.213462498218435,NaN,0.5,-0.00693267614772797,0.304347826086957,0.102928134191982,0.215404301744454,0.9,400,215,830,830,470,360,374,60,100,60,15290,74,296,296,296,296,230,230,230,230,230,0,20
LIRCMOP5_BC,3,234,195,1,0.39,195,0,0.00245549858479246,0.00762344045716451,195,20,3,0.010207820761137,16.4102564102564,0.538817280724198,1.26521953535789,0,20,0,20,17,0.102564102564103,0.0567127021123057,0.162886243742041,0,0.165551570163195,NaN,0.95,0.0675698218393129,0.179487179487179,0.0602915116806527,0.167941691141319,0.85,400,230,860,860,485,375,403,55,100,55,21738,39,260,260,260,260,195,195,195,195,195,0,20
LIRCMOP5_BC,3,235,205,1,0.41,205,0,0.00260639452894097,0.00681316259720583,205,20,3,0.0107312987488876,15.609756097561,0.578147604978813,1.26521953535789,0,20,0,20,20,0.0975609756097561,0.135568854706733,0.255990257598171,0,0.257485667513535,NaN,1,0.168753667525841,0.195121951219512,0.137347880921962,0.259646308806318,1,400,195,790,790,443,347,356,57,100,57,16626,92,277,277,277,277,205,205,205,205,205,0,20
LIRCMOP5_BC,3,236,220,1,0.44,220,0,0.00352006579952702,0.0110576052147945,220,20,3,0.0115165157305135,14.5454545454545,0.511949885408691,1.26625678239997,0,20,0,20,8,0.0909090909090909,0.0128184047018058,0.0570883643664994,0,0.0588322992135892,NaN,0.9,0.0815147110119448,0.0454545454545455,0.0139380980915144,0.061153840219698,0.4,400,205,810,810,459,351,344,58,100,58,15366,117,290,290,290,290,220,220,220,220,220,0,20
LIRCMOP5_BC,3,237,190,1,0.38,190,0,0.00242791919513617,0.00668599663747665,190,20,3,0.00994608176726169,16.8421052631579,0.453272779207496,1.26625678239997,0,20,0,20,16,0.105263157894737,0.0334169058338478,0.0754724340071819,0,0.0772752116501776,NaN,0.3,-0.0243761534828281,0.210526315789474,0.033876327614942,0.0806655487174893,0.8,400,220,840,840,482,358,352,53,99,52,18765,17,251,251,251,251,190,190,190,190,190,0,20
LIRCMOP5_BC,3,238,255,1,0.51,255,0,0.00318747406963786,0.0108830605418751,255,20,3,0.0133486886876407,12.5490196078431,0.517042676275911,1.15626842106228,0,20,0,20,4,0.0784313725490196,0.0232330473720987,0.0267277003329141,0,0.0276186313818174,NaN,0.55,0.0017291633455204,0.0392156862745098,0.0242062978913516,0.0280680356511648,0.2,400,190,780,780,444,336,345,63,100,63,12726,12,309,309,309,309,255,255,255,255,255,0,20
LIRCMOP5_BC,3,239,212,1,0.43,212,0,0.00294301001258428,0.0117021413642833,212,20,3,0.011097733340313,15.0943396226415,0.394983703028731,1.26625678239997,0,20,0,20,13,0.0943396226415094,0.0313818901444213,0.0427466354165178,0,0.0504559082997781,NaN,0.45,-0.00156989651655981,0.232558139534884,0.0382042691191407,0.0540449596810305,0.65,400,255,910,910,500,410,406,56,100,56,24550,28,280,280,280,280,212,212,212,212,212,0,20
LIRCMOP5_BC,3,240,217,1,0.44,217,0,0.0026381154860863,0.00963753302155715,217,20,3,0.0113594723341883,14.7465437788018,0.542473189715479,1.18159408383345,0,20,0,20,9,0.0921658986175115,0.0217032724687991,0.0387966551698779,0,0.043340372120635,NaN,0.55,0.00730376531649873,0.0454545454545455,0.0257993865525864,0.0459700768537082,0.45,400,212,824,824,465,359,348,57,100,57,15962,21,285,285,285,285,217,217,217,217,217,0,20
LIRCMOP5_BC,3,241,220,1,0.44,220,0,0.00302630659802336,0.011039807685771,220,20,3,0.0115165157305135,14.5454545454545,0.576314958352241,1.18159408383345,0,20,0,20,9,0.0909090909090909,0.015431079531592,0.0214448726683169,0,0.0344283926510753,NaN,0.2,-0.0246648942256728,0.136363636363636,0.0233977695862911,0.0359071619408797,0.45,400,217,834,834,467,367,364,58,100,58,17477,37,290,290,290,290,220,220,220,220,220,0,20
LIRCMOP5_BC,3,242,215,1,0.43,215,0,0.00257428499637262,0.0103624877963756,215,20,3,0.0112547767366382,14.8837209302326,0.544145877391399,0.991295918976186,0,20,0,20,16,0.0930232558139535,0.033486326180451,0.0573537541789848,0,0.0611545018496871,NaN,0.15,-0.183682751978056,0.186046511627907,0.0434178895369486,0.0640867277495685,0.8,400,220,840,840,478,362,358,54,100,54,16534,19,266,266,266,266,215,215,215,215,215,0,20
LIRCMOP5_BC,3,243,195,1,0.39,195,0,0.00258370372106774,0.00942502185486111,195,20,3,0.010207820761137,16.4102564102564,0.578147604978813,1.18159408383345,0,20,0,20,7,0.102564102564103,0.0161749412978373,0.0415492792377681,0,0.0453879191590673,NaN,0.1,-0.167492257123375,0.102564102564103,0.019139492700395,0.0484784995503282,0.35,400,215,830,830,469,361,356,50,100,50,17699,21,250,250,250,250,195,195,195,195,195,0,20
LIRCMOP5_BC,3,244,220,1,0.44,220,0,0.00254881248276338,0.00764576958871484,220,20,3,0.0115165157305135,14.5454545454545,0.549420060189618,0.991295918976186,0,20,0,20,18,0.0909090909090909,0.028477262527079,0.0475643503835571,0,0.0616067950650006,NaN,0.2,-0.0851974357259735,0.318181818181818,0.0351519079336146,0.0642591943118196,0.9,400,195,790,790,436,354,337,53,100,53,13297,97,264,264,264,264,220,220,220,220,220,0,20
LIRCMOP5_BC,3,245,195,1,0.39,195,0,0.00247987376324608,0.00746119420826846,195,20,3,0.010207820761137,16.4102564102564,0.511561855386262,1.01475333756465,0,20,0,20,15,0.102564102564103,0.0366528058551693,0.071637231281469,0,0.0783308347955566,NaN,0.25,-0.0675507623557774,0.256410256410256,0.0413896301673563,0.0824360337597664,0.75,400,220,840,840,465,375,376,49,100,49,20080,48,241,241,241,241,195,195,195,195,195,0,20
LIRCMOP5_BC,3,246,208,1,0.42,208,0,0.00241492616808676,0.00869008205369902,208,20,3,0.0108883421452128,15.3846153846154,0.410400241871519,1.12243464909829,0,20,0,20,6,0.0961538461538462,0.00902991113802611,0.01891124219074,0,0.0227018525959535,NaN,0.45,-0.0682532259873293,0.0952380952380952,0.0154421215266508,0.0242366277322896,0.3,400,195,790,790,464,326,353,50,100,50,15085,75,247,247,247,247,208,208,208,208,208,0,20
LIRCMOP5_BC,3,247,216,1,0.44,216,0,0.00273397720899233,0.0103465223127913,216,20,3,0.0113071245354133,14.8148148148148,0.574482311725669,1.18159408383345,0,20,0,20,18,0.0925925925925926,0.0299862460734008,0.0391610878689954,0,0.0508914431029505,NaN,0.45,-0.00964992821926258,0.272727272727273,0.0371535872493241,0.0523677068216044,0.9,400,208,816,816,465,351,364,53,100,53,15696,53,260,260,260,260,216,216,216,216,216,0,20
LIRCMOP5_BC,3,248,200,1,0.4,200,0,0.00262040494541905,0.00988620548908833,200,20,3,0.0104695597550123,16,0.419718313894079,1.19710161487548,0,20,0,20,4,0.1,0.00336768688072957,0.0422541969548642,0,0.0428332638737484,NaN,0.5,-0.00544999667825474,0.05,0.00938753519056479,0.0447543239910267,0.2,400,216,832,832,463,369,331,49,100,49,17662,76,237,237,237,237,200,200,200,200,200,0,20
LIRCMOP5_BC,3,249,230,1,0.46,230,0,0.00271539599800467,0.00906180748603765,230,20,3,0.0120399937182641,13.9130434782609,0.565424621194713,1.18159408383345,0,20,0,20,13,0.0869565217391304,0.0246887399511799,0.0370441981589044,0,0.0577315437687697,NaN,0.35,-0.0102990490489538,0.173913043478261,0.0369666915416414,0.0590997291629792,0.65,400,200,800,800,458,342,346,55,100,55,14508,38,273,273,273,273,230,230,230,230,230,0,20
LIRCMOP5_BC,3,250,220,1,0.44,220,0,0.00267250926866802,0.00854431037363158,220,20,3,0.0115165157305135,14.5454545454545,0.547923580978644,1.21260914591751,0,20,0,20,6,0.0909090909090909,0.0150342395145142,0.0342598107914013,0,0.0400352066014732,NaN,0.4,-0.0298902548796497,0.0909090909090909,0.0166335570761442,0.0414188316881652,0.3,400,230,860,860,489,371,372,51,100,51,18510,11,255,255,255,255,220,220,220,220,220,0,20
LIRCMOP5_BC,3,251,235,1,0.47,235,0,0.0033442436086786,0.00932473456334668,235,20,3,0.0123017327121395,13.6170212765957,0.511561855386262,1.18159408383345,0,20,0,20,8,0.0851063829787234,0.00672629167109715,0.0680158374949189,0,0.0690354909663384,NaN,0.45,-0.0377768682977857,0.0851063829787234,0.0119278452808054,0.0711652207986144,0.4,400,220,840,840,473,367,378,55,100,55,16889,6,275,275,275,275,235,235,235,235,235,0,20
LIRCMOP5_BC,3,252,215,1,0.43,215,0,0.0030902397530944,0.00981572427071874,215,20,3,0.0112547767366382,14.8837209302326,0.556366930663757,1.18159408383345,0,20,0,20,18,0.0930232558139535,0.0347635040269995,0.0647752042788796,0,0.0651297694131164,NaN,0.75,0.021746137247543,0.325581395348837,0.0404284686373221,0.0662859895967661,0.9,400,235,870,870,476,394,393,53,100,53,19787,8,265,265,265,265,215,215,215,215,215,0,20
LIRCMOP5_BC,3,253,195,1,0.39,195,0,0.00252858589715662,0.00929800078544831,195,20,3,0.010207820761137,16.4102564102564,0.556366930663757,1.21260914591751,0,20,0,20,0,0.102564102564103,0.011814669622397,0.0191008110384277,0,0.0213109657409493,NaN,0.3,-0.0985382324493904,0,0.0143106725555647,0.0253839479866336,0,400,215,830,830,474,356,337,50,100,50,16032,20,247,247,247,247,195,195,195,195,195,0,20
LIRCMOP5_BC,3,254,215,1,0.43,215,0,0.00271133763940602,0.00692273422380298,215,20,3,0.0112547767366382,14.8837209302326,0.502928308396225,1.05052838719115,0,20,0,20,12,0.0930232558139535,0.0222445947433438,0.0305442969607092,0,0.040199204782166,NaN,0.25,-0.102420639178648,0.186046511627907,0.0266560489462896,0.041383867200653,0.6,400,195,790,790,434,356,339,52,100,52,14110,20,260,260,260,260,215,215,215,215,215,0,20
LIRCMOP5_BC,3,255,210,1,0.42,210,0,0.00283797108433652,0.0077526032118946,210,20,3,0.0109930377427629,15.2380952380952,0.583983710146129,1.14270986569449,0,20,0,20,6,0.0952380952380952,0.0154120105968706,0.0264292586783142,0,0.0293696675179481,NaN,0.7,0.0566928449125513,0.238095238095238,0.0192683202904979,0.031208314507478,0.3,400,215,830,830,457,373,332,51,100,51,16033,4,255,255,255,255,210,210,210,210,210,0,20
LIRCMOP5_BC,3,256,210,1,0.42,210,0,0.00269185160457754,0.00742296396327912,210,20,3,0.0109930377427629,15.2380952380952,0.565424621194713,1.27745095768976,0,20,0,20,20,0.0952380952380952,0.0916910286768597,0.111996747150649,0,0.124541248770007,NaN,0.9,0.0755432148579454,0.238095238095238,0.107292012632525,0.130934166077335,1,400,210,820,820,458,362,343,51,100,51,15390,1,255,255,255,255,210,210,210,210,210,0,20
LIRCMOP5_BC,3,257,200,1,0.4,200,0,0.00279631814247406,0.00860339535631755,200,20,3,0.0104695597550123,16,0.611907911781099,1.27745095768976,0,20,0,20,4,0.1,0.0051482086336604,0.0152003714331031,0,0.0211186500776764,NaN,0.85,0.188924016109048,0.05,0.00918473347448213,0.0239024276031781,0.2,400,210,820,820,457,363,330,49,100,49,16543,8,245,245,245,245,200,200,200,200,200,0,20
LIRCMOP5_BC,3,258,215,1,0.44,215,0,0.00347279214691239,0.0144980591092035,215,20,3,0.0112547767366382,14.8837209302326,0.520971462421158,1.32975751854993,0,20,0,20,10,0.0930232558139535,0.0150637312277413,0.0299629819622212,0,0.0333285627650258,NaN,0.55,0.138652538452606,0.113636363636364,0.0226965877703252,0.0357868035734876,0.5,400,200,800,800,443,357,338,49,100,49,16373,11,245,245,245,245,215,215,215,215,215,0,20
LIRCMOP5_BC,3,259,208,1,0.42,208,0,0.00278850413900142,0.0123976559326028,208,20,3,0.0108883421452128,15.3846153846154,0.516152003223313,1.18159408383345,0,20,0,20,12,0.0961538461538462,0.00951577267616701,0.057276615813112,0,0.0728750770796631,NaN,0.6,0.113355671232415,0.0952380952380952,0.0167633435308179,0.0753623216869072,0.6,400,215,830,830,449,381,342,47,100,47,18149,12,235,235,235,235,208,208,208,208,208,0,20
LIRCMOP5_BC,3,260,216,1,0.44,216,0,0.00296873620926975,0.0122622396827612,216,20,3,0.0113071245354133,14.8148148148148,0.556366930663757,1.27745095768976,0,20,0,20,6,0.0925925925925926,0.00906289289779585,0.0354596593342782,0,0.0486270348048964,NaN,0.8,0.0149010093388698,0.0454545454545455,0.0145949220940924,0.0498402692928792,0.3,400,208,816,816,447,369,347,49,100,49,16134,17,245,245,245,245,216,216,216,216,216,0,20
LIRCMOP5_BC,3,261,200,1,0.4,200,0,0.00232306336854751,0.00823668277824271,200,20,3,0.0104695597550123,16,0.565424621194713,1.2573642135251,0,20,0,20,18,0.1,0.0411764653782071,0.0504291843826234,0,0.066600953561643,NaN,0.8,0.00744447647579149,0.25,0.0545238169901204,0.0706437089529146,0.9,400,216,832,832,452,380,351,48,100,48,18093,8,239,239,239,239,200,200,200,200,200,0,20
LIRCMOP5_BC,3,262,213,1,0.43,213,0,0.00266122009670983,0.0111331104040712,213,20,3,0.0111500811390881,15.0234741784038,0.574482311725669,1.18159408383345,0,20,0,20,4,0.0938967136150235,0.0105079451271335,0.0347619266814201,0,0.0347619266814201,NaN,0.35,-0.105933843784153,0.0465116279069767,0.013449077067556,0.0351344361316917,0.2,400,200,800,800,421,379,333,49,100,49,16214,7,245,245,245,245,213,213,213,213,213,0,20
LIRCMOP5_BC,3,263,230,1,0.46,230,0,0.00230128344189682,0.00805578386732551,230,20,3,0.0120399937182641,13.9130434782609,0.574482311725669,1.23727746936043,0,20,0,20,8,0.0869565217391304,0.0187034562633497,0.0498969656288634,0,0.0498969656288634,NaN,0.55,0.00498829029483353,0.0434782608695652,0.0259901567807039,0.0499196104768984,0.4,400,213,826,826,461,365,347,50,100,50,16376,8,250,250,250,250,230,230,230,230,230,0,20
LIRCMOP5_BC,3,264,198,1,0.4,198,0,0.00229618502534999,0.00735015428404473,198,20,3,0.0103648641574622,16.1616161616162,0.583983710146129,1.27745095768976,0,20,0,20,10,0.101010101010101,0.0217037943531421,0.0282968360138507,0,0.0416677286664137,NaN,0.5,0.00480342949450807,0.125,0.0252763088882656,0.0445310870619681,0.5,400,230,860,860,483,377,345,45,100,45,18616,41,220,220,220,220,198,198,198,198,198,0,20
LIRCMOP5_BC,3,265,180,1,0.36,180,0,0.00185895123085287,0.00614808905994469,180,20,3,0.00942260377951107,17.7777777777778,0.583983710146129,1.29649626773865,0,20,0,20,6,0.111111111111111,0.0105876435885671,0.0486687145577215,0,0.0584073704932708,NaN,0.65,0.0337815978903835,0.111111111111111,0.0126456950475626,0.0649985011946548,0.3,400,198,796,796,447,349,333,43,100,43,17262,16,205,205,205,205,180,180,180,180,180,0,20
LIRCMOP5_BC,3,266,185,1,0.37,185,0,0.00225577432535935,0.0067440208738177,185,20,3,0.00968434277338638,17.2972972972973,0.583983710146129,1.29649626773865,0,20,0,20,13,0.108108108108108,0.0233044963633251,0.0301601969698608,0,0.034137560324425,NaN,0.7,0.0451659805343833,0.27027027027027,0.03153845433075,0.0361537063423353,0.65,400,180,760,760,422,338,315,44,100,44,14958,5,219,219,219,219,185,185,185,185,185,0,20
LIRCMOP5_BC,3,267,185,1,0.37,185,0,0.00199662370366934,0.00653234010306963,185,20,3,0.00968434277338638,17.2972972972973,0.608801442792883,1.29649626773865,0,20,0,20,9,0.108108108108108,0.0201700363599546,0.0991109978492877,0,0.109209942155639,NaN,0.55,0.0521900401632369,0.0540540540540541,0.0389551057163096,0.113841636196846,0.45,400,185,770,770,429,341,322,44,100,44,15020,10,220,220,220,220,185,185,185,185,185,0,20
LIRCMOP5_BC,3,268,180,1,0.36,180,0,0.00217586767260352,0.00784780485225256,180,20,3,0.00942260377951107,17.7777777777778,0.644899817058614,1.29649626773865,0,20,0,20,6,0.111111111111111,0.0101016896599465,0.0258835968560243,0,0.0275735302305097,NaN,0.9,0.223051135767908,0.0555555555555556,0.0130003274730002,0.0318282947324844,0.3,400,185,770,770,450,320,301,42,100,42,14471,13,210,210,210,210,180,180,180,180,180,0,20
LIRCMOP5_BC,3,269,195,1,0.39,195,0,0.00242312290395132,0.0107705188155914,195,20,3,0.010207820761137,16.4102564102564,0.671439571786601,1.27745095768976,0,20,0,20,20,0.102564102564103,0.0514531512649851,0.0680253583821769,0,0.06916404134978,NaN,0.95,0.195063532051735,0.153846153846154,0.0549627369115,0.0726689511044302,1,400,180,760,760,447,313,317,45,100,45,13457,6,225,225,225,225,195,195,195,195,195,0,20
LIRCMOP5_BC,3,270,185,1,0.37,185,0,0.00228935041957616,0.00791027935248607,185,20,3,0.00968434277338638,17.2972972972973,0.618360062330628,1.27745095768976,0,20,0,20,4,0.108108108108108,0.00848452589232951,0.01780952888972,0,0.0180121707208311,NaN,0.9,0.139728130942952,0.108108108108108,0.00869193805712162,0.0212745625546241,0.2,400,195,790,790,459,331,309,44,100,44,17400,2,218,218,218,218,185,185,185,185,185,0,20
LIRCMOP5_BC,3,271,196,1,0.4,196,0,0.00241163522816306,0.00747811637581004,196,20,3,0.0102601685599121,16.3265306122449,0.579853584384197,1.23727746936043,0,20,0,20,8,0.102040816326531,0.0155197301334403,0.0392781165292263,0,0.0395435864271579,NaN,1,0.195306146914603,0.05,0.016300911498061,0.0421299626981389,0.4,400,185,770,770,446,324,311,47,100,47,15323,25,235,235,235,235,196,196,196,196,196,0,20
LIRCMOP5_BC,3,272,185,1,0.37,185,0,0.00204205952803916,0.00732144554903464,185,20,3,0.00968434277338638,17.2972972972973,0.608801442792883,1.27745095768976,0,20,0,20,4,0.108108108108108,0.00429024357830288,0.0262361566522021,0,0.0262361566522021,NaN,0.9,0.238994481610785,0.0540540540540541,0.00591746136241494,0.0280292266173193,0.2,400,196,792,792,454,338,327,44,100,44,16758,14,219,219,219,219,185,185,185,185,185,0,20
LIRCMOP5_BC,3,273,205,1,0.41,205,0,0.00266124604989211,0.00896456352435915,205,20,3,0.0107312987488876,15.609756097561,0.710479727728916,1.18159408383345,0,20,0,20,9,0.0975609756097561,0.0241598328535459,0.0479429803474381,0,0.0624882214863983,NaN,0.75,0.00917900359350038,0.146341463414634,0.0499159375660944,0.0721752183414377,0.45,400,185,770,770,441,329,326,46,100,46,14646,6,230,230,230,230,205,205,205,205,205,0,20
LIRCMOP5_BC,3,274,210,1,0.42,210,0,0.00271861043027182,0.00934767493582243,210,20,3,0.0109930377427629,15.2380952380952,0.644899817058614,1.18159408383345,0,20,0,20,7,0.0952380952380952,0.0106968560714012,0.0625603170906354,0,0.0820150817339246,NaN,0.95,0.0423516268008527,0.0952380952380952,0.0268085887220251,0.0894186957715392,0.35,400,205,810,810,453,357,355,47,100,47,17239,0,235,235,235,235,210,210,210,210,210,0,20
LIRCMOP5_BC,3,275,180,1,0.36,180,0,0.00207620266807753,0.00645429887828954,180,20,3,0.00942260377951107,17.7777777777778,0.618360062330628,1.27745095768976,0,20,0,20,3,0.111111111111111,0.00610394789039802,0.0224788653617582,0,0.0285296822257479,NaN,0.95,0.183774754297894,0.0555555555555556,0.0171481068853269,0.0350979466897864,0.15,400,210,820,820,445,375,364,44,100,44,20497,1,220,220,220,220,180,180,180,180,180,0,20
LIRCMOP5_BC,3,276,192,1,0.39,192,0,0.00223762834857176,0.0087727355107188,192,20,3,0.0100507773648118,16.6666666666667,0.671439571786601,1.23727746936043,0,20,0,20,14,0.104166666666667,0.029522172026813,0.085295276129288,0,0.102216052963454,NaN,0.85,0.0414154556015931,0.128205128205128,0.0386655114070277,0.107618197566575,0.7,400,180,760,760,421,339,335,44,100,44,15625,34,220,220,220,220,192,192,192,192,192,0,20
LIRCMOP5_BC,3,277,211,1,0.43,211,0,0.00277154540704456,0.00796005147618747,211,20,3,0.011045385541538,15.1658767772512,0.618360062330628,1.18213344720929,0,20,0,20,11,0.0947867298578199,0.0236907717109518,0.0594871165664527,0,0.0715594150208298,NaN,1,0.0562943519583821,0.0465116279069767,0.0365655507761637,0.0769010013215103,0.55,400,192,784,784,423,361,335,48,100,48,16584,36,240,240,240,240,211,211,211,211,211,0,20
LIRCMOP5_BC,3,278,200,1,0.4,200,0,0.00288401948587326,0.00899545467365827,200,20,3,0.0104695597550123,16,0.688898642719052,1.20970545828486,0,20,0,20,2,0.1,0.00838375665573831,0.0210519561157774,0,0.035858690366436,NaN,0.95,0.0221717026695559,0.05,0.0196518217926508,0.0404783894298743,0.1,400,211,822,822,449,373,325,45,100,45,17250,44,225,225,225,225,200,200,200,200,200,0,20
LIRCMOP5_BC,3,279,210,1,0.42,210,0,0.00342416112401383,0.00867716566419779,210,20,3,0.0109930377427629,15.2380952380952,0.618360062330628,1.18213344720929,0,20,0,20,2,0.0952380952380952,0.00577314546080711,0.0107004701404131,0,0.0251718417599326,NaN,0.95,0.0407122975491298,0.0476190476190476,0.0141205005344145,0.0283413115907757,0.1,400,200,800,800,429,371,352,45,100,45,15822,3,225,225,225,225,210,210,210,210,210,0,20
LIRCMOP5_BC,3,280,220,1,0.44,220,0,0.00259258080292164,0.00609656067410865,220,20,3,0.0115165157305135,14.5454545454545,0.600039732347653,1.26396053914905,0,20,0,20,10,0.0909090909090909,0.0174233764943101,0.0512156863560454,0,0.0699760574062209,NaN,0.95,0.0478886687954322,0.0909090909090909,0.0277598891559608,0.0736540344833214,0.5,400,210,820,820,452,368,315,47,100,47,16506,4,235,235,235,235,220,220,220,220,220,0,20
LIRCMOP5_BC,3,281,205,1,0.42,205,0,0.00279075643423358,0.00762480399843019,205,20,3,0.0107312987488876,15.609756097561,0.542473189715479,1.23727746936043,0,20,0,20,8,0.0975609756097561,0.00585809514939245,0.100841118476363,0,0.134823143735862,NaN,0.95,0.0359685750100462,0.0476190476190476,0.019716675996297,0.137274636534583,0.4,400,220,840,840,452,388,333,44,100,44,18220,3,220,220,220,220,205,205,205,205,205,0,20
LIRCMOP5_BC,3,282,178,1,0.36,178,0,0.00231046580640221,0.00524950375151659,178,20,3,0.00931790818196095,17.9775280898876,0.608801442792883,1.34347904497093,0,20,0,20,2,0.112359550561798,0.00946845298212121,0.0210687005293175,0,0.0227290164953551,NaN,0.95,0.0479486534549149,0.111111111111111,0.0177477506915085,0.0263609014537279,0.1,400,205,810,810,437,373,328,41,100,41,17681,0,205,205,205,205,178,178,178,178,178,0,20
LIRCMOP5_BC,3,283,225,1,0.45,225,0,0.00282028804057089,0.00672773934008624,225,20,3,0.0117782547243888,14.2222222222222,0.649931604671746,1.37250560670239,0,20,0,20,12,0.0888888888888889,0.039266889658893,0.155142166421783,0,0.171670348372296,NaN,0.95,0.0603799782686551,0.0888888888888889,0.0498827014513401,0.173820076865219,0.6,400,178,756,756,418,338,305,48,100,48,13376,3,240,240,240,240,225,225,225,225,225,0,20
LIRCMOP5_BC,3,284,195,1,0.39,195,0,0.00266488331586969,0.00560670441268848,195,20,3,0.010207820761137,16.4102564102564,0.661066659718555,1.18159408383345,0,20,0,20,9,0.102564102564103,0.0178178578140385,0.0685080501580231,0,0.0871390874101959,NaN,0.95,0.0358821810973362,0.0512820512820513,0.0427354449948644,0.0927018900894493,0.45,400,225,850,850,455,395,362,43,100,43,20666,12,215,215,215,215,195,195,195,195,195,0,20
LIRCMOP5_BC,3,285,196,1,0.4,196,0,0.00245195226483928,0.00670799967771437,196,20,3,0.0102601685599121,16.3265306122449,0.618360062330628,1.26481010729612,0,20,0,20,4,0.102040816326531,0.0116463259618518,0.0332299994296681,0,0.0551108518744925,NaN,0.9,0.0393580762413138,0.05,0.0161751524628097,0.0577371600179661,0.2,400,195,790,790,429,361,333,44,100,44,17585,2,220,220,220,220,196,196,196,196,196,0,20
LIRCMOP5_BC,3,286,224,1,0.45,224,0,0.00331495019255777,0.0078025898130797,224,20,3,0.0117259069256138,14.2857142857143,0.6540625383167,1.23727746936043,0,20,0,20,8,0.0892857142857143,0.0151026208499408,0.15925592358244,0,0.166689676564496,NaN,0.95,0.0295763729450479,0.177777777777778,0.0426746140224163,0.167035721133845,0.4,400,196,792,792,428,364,335,47,100,47,16333,3,235,235,235,235,224,224,224,224,224,0,20
LIRCMOP5_BC,3,287,245,1,0.49,245,0,0.00387503273472358,0.0084054920620209,245,20,3,0.0128252106998901,13.0612244897959,0.607571884969797,1.23727746936043,0,20,0,20,18,0.0816326530612245,0.0300873837546106,0.0490299403125936,0,0.0993852248306138,NaN,0.5,-0.00136182650513478,0.0408163265306122,0.066406866769409,0.107709852920266,0.9,400,224,848,848,441,407,372,50,100,50,18907,0,250,250,250,250,245,245,245,245,245,0,20
LIRCMOP5_BC,3,288,212,1,0.43,212,0,0.00346947911097976,0.00868592182682718,212,20,3,0.011097733340313,15.0943396226415,0.618360062330628,1.16756269217851,0,20,0,20,13,0.0943396226415094,0.0241542688357853,0.0444000724267319,0,0.092890532885758,NaN,0.8,0.0237401018936311,0.13953488372093,0.06397206499859,0.0973630609942116,0.65,400,245,890,890,454,436,361,44,100,44,21300,12,220,220,220,220,212,212,212,212,212,0,20
LIRCMOP5_BC,3,289,205,1,0.41,205,0,0.00240386568469818,0.00544302106247825,205,20,3,0.0107312987488876,15.609756097561,0.608801442792883,1.17362863317583,0,20,0,20,6,0.0975609756097561,0.0104306439831668,0.0262557423360206,0,0.0431736995191737,NaN,0.8,0.0341890780754198,0.0975609756097561,0.0294034929137004,0.0463478393075552,0.3,400,212,824,824,438,386,358,43,100,43,17306,0,215,215,215,215,205,205,205,205,205,0,20
LIRCMOP5_BC,3,290,191,1,0.39,191,0,0.0027892768637751,0.00710889768676642,191,20,3,0.00999842956603675,16.7539267015707,0.618360062330628,1.23727746936043,0,20,0,20,9,0.104712041884817,0.0134930716794255,0.0968819361737158,0,0.144070871862513,NaN,0.95,0.0384817264488831,0.102564102564103,0.0337886407898393,0.145745197624123,0.45,400,205,810,810,433,377,333,41,100,41,16840,5,205,205,205,205,191,191,191,191,191,0,20
LIRCMOP5_BC,3,291,210,1,0.42,210,0,0.00325868774768941,0.00832733629953012,210,20,3,0.0109930377427629,15.2380952380952,0.60818666388134,1.37250560670239,0,20,0,20,6,0.0952380952380952,0.00699937626498541,0.109823943458875,0,0.127602135473611,NaN,0.9,0.0339279176272632,0.0476190476190476,0.0229095750452523,0.129473049537018,0.3,400,191,782,782,418,364,318,44,100,44,15525,10,220,220,220,220,210,210,210,210,210,0,20
LIRCMOP5_BC,3,292,220,1,0.44,220,0,0.00304639900630707,0.00764052750181799,220,20,3,0.0115165157305135,14.5454545454545,0.618360062330628,1.26396053914905,0,20,0,20,12,0.0909090909090909,0.0315784696097304,0.0914572562387959,0,0.0991187437806269,NaN,0.95,0.0319638252236317,0.136363636363636,0.0422694238777803,0.0995992450575196,0.6,400,210,820,820,443,377,338,46,100,46,16366,36,230,230,230,230,220,220,220,220,220,0,20
LIRCMOP5_BC,3,293,190,1,0.38,190,0,0.00257994790722772,0.00629308829983293,190,20,3,0.00994608176726169,16.8421052631579,0.613580752561755,1.18159408383345,0,20,0,20,4,0.105263157894737,0.00624173659940249,0.0246202875997741,0,0.0382460566725968,NaN,0.9,0.180812209100374,0.157894736842105,0.017448016274018,0.0406956606363201,0.2,400,220,840,840,439,401,347,41,100,41,19906,6,205,205,205,205,190,190,190,190,190,0,20
LIRCMOP5_BC,3,294,205,1,0.41,205,0,0.00320841409066504,0.00822474978260378,205,20,3,0.0107312987488876,15.609756097561,0.643815689291955,1.18159408383345,0,20,0,20,1,0.0975609756097561,0.0111768367452509,0.0161825150216248,0,0.0232041739857074,NaN,0.95,0.1962161890547,0.0487804878048781,0.0130006021564137,0.0240565425828556,0.05,400,190,780,780,422,358,336,44,100,44,16101,11,220,220,220,220,205,205,205,205,205,0,20
LIRCMOP5_BC,3,295,200,1,0.4,200,0,0.00176756431342365,0.00389016221120893,200,20,3,0.0104695597550123,16,0.641666177237384,1.25061900425474,0,20,0,20,6,0.1,0.01527345127916,0.0293127384983178,0,0.0384565152091468,NaN,0.85,0.112846896073469,0.05,0.0375957042341163,0.0410739516053094,0.3,400,205,810,810,429,381,332,41,98,41,17333,5,205,205,205,205,200,200,200,200,200,0,20
LIRCMOP5_BC,3,296,190,1,0.38,190,0,0.00216732285154236,0.00676672649716733,190,20,3,0.00994608176726169,16.8421052631579,0.647393470327976,1.18159408383345,0,20,0,20,8,0.105263157894737,0.0189111345949324,0.0382859506251741,0,0.0547704798608247,NaN,0.85,0.164141464693516,0.0526315789473684,0.0443769847642734,0.058407347332148,0.4,400,200,800,800,420,380,332,42,100,42,18749,0,210,210,210,210,190,190,190,190,190,0,20
LIRCMOP5_BC,3,297,210,1,0.42,210,0,0.00282094867693486,0.00685892708762262,210,20,3,0.0109930377427629,15.2380952380952,0.628938363756721,1.17362863317583,0,20,0,20,9,0.0952380952380952,0.0192338495017437,0.0814012013437417,0,0.0993595413841017,NaN,0.85,0.118838330735284,0.0476190476190476,0.0432192055912579,0.100859505776777,0.45,400,190,780,780,412,368,335,45,100,45,17199,11,225,225,225,225,210,210,210,210,210,0,20
LIRCMOP5_BC,3,298,216,1,0.44,216,0,0.00197455488418229,0.00544240086629569,216,20,3,0.0113071245354133,14.8148148148148,0.618360062330628,1.23727746936043,0,20,0,20,8,0.0925925925925926,0.00864293497938459,0.0966479904584698,0,0.141791874979959,NaN,0.9,0.110154512715801,0.0909090909090909,0.0247999900727035,0.143653901037026,0.4,400,210,820,820,441,379,354,46,100,46,18132,7,230,230,230,230,216,216,216,216,216,0,20
LIRCMOP5_BC,3,299,220,1,0.44,220,0,0.00259726129219686,0.00732012007073318,220,20,3,0.0115165157305135,14.5454545454545,0.639690705911628,1.17362863317583,0,20,0,20,3,0.0909090909090909,0.00346373062399379,0.0248851803874167,0,0.0397586804562723,NaN,0.95,0.0948185052284608,0.0454545454545455,0.00473522909870039,0.041437440152339,0.15,400,216,832,832,440,392,367,45,100,45,19216,30,225,225,225,225,220,220,220,220,220,0,20
LIRCMOP5_BC,3,300,200,1,0.4,200,0,0.00241561746940577,0.00593039444165641,200,20,3,0.0104695597550123,16,0.628938363756721,1.25061900425474,0,20,0,20,1,0.1,0.0102539794430434,0.0195826145934007,0,0.0236681113239284,NaN,0.95,0.197816419180148,0.05,0.0153997235872251,0.0258833444108923,0.05,400,220,840,840,451,389,375,42,100,42,20606,30,210,210,210,210,200,200,200,200,200,0,20
LIRCMOP5_BC,3,301,195,1,0.39,195,0,0.00294790170562495,0.0075082899696381,195,20,3,0.010207820761137,16.4102564102564,0.618360062330628,1.23727746936043,0,20,0,20,0,0.102564102564103,0.0161718388578325,0.0215554417781094,0,0.0215554417781094,NaN,0.95,0.145762838507592,0,0.0198663659784245,0.0256214243680624,0,400,200,800,800,442,358,358,42,100,42,17945,11,210,210,210,210,195,195,195,195,195,0,20
LIRCMOP5_BC,3,302,205,1,0.41,205,0,0.00276446971310585,0.00727832621858523,205,20,3,0.0107312987488876,15.609756097561,0.608801442792883,1.23727746936043,0,20,0,20,13,0.0975609756097561,0.0439710331220513,0.104411415483359,0,0.134970066322665,NaN,0.8,0.0494872544786365,0.0487804878048781,0.0609939670933991,0.137234724929701,0.65,400,195,790,790,430,360,346,43,100,43,17546,30,215,215,215,215,205,205,205,205,205,0,20
LIRCMOP5_BC,3,303,195,1,0.39,195,0,0.00252973836439786,0.00727109724017667,195,20,3,0.010207820761137,16.4102564102564,0.655270275473139,1.37811207942222,0,20,0,20,18,0.102564102564103,0.0429303685136125,0.0698417224474729,0,0.0742425187485339,NaN,0.95,0.144936247893559,0.153846153846154,0.0475488628128331,0.0750882110840169,0.9,400,205,810,810,465,345,338,42,100,42,17456,43,210,210,210,210,195,195,195,195,195,0,20
LIRCMOP5_BC,3,304,210,1,0.42,210,0,0.0028235302948761,0.00575872020225193,210,20,3,0.0109930377427629,15.2380952380952,0.671439571786601,1.23727746936043,0,20,0,20,1,0.0952380952380952,0.0128265278091818,0.0197025201858825,0,0.0274926622229629,NaN,0.85,0.101791721316491,0.0476190476190476,0.023388902154541,0.0293674620726207,0.05,400,195,790,790,439,351,321,44,100,44,15891,4,220,220,220,220,210,210,210,210,210,0,20
LIRCMOP5_BC,3,305,201,1,0.41,201,0,0.00210692277392501,0.00576207887807263,201,20,3,0.0105219075537874,15.9203980099502,0.719667343535345,1.32791393376117,0,20,0,20,13,0.0995024875621891,0.0218974282629975,0.0238058775110499,0,0.0301491445768774,NaN,0.65,0.0837451079662628,0.0975609756097561,0.0306982818315228,0.0367040424130775,0.65,400,210,820,820,460,360,341,43,100,43,18021,9,215,215,215,215,201,201,201,201,201,0,20
LIRCMOP5_BC,3,306,207,1,0.42,207,0,0.00248456950353295,0.00679428686300534,207,20,3,0.0108359943464377,15.4589371980676,0.710479727728916,1.30918229529413,0,20,0,20,12,0.0966183574879227,0.0396191642621223,0.0766488091089805,0,0.0853011498647093,NaN,0.7,0.0857296227629134,0.0476190476190476,0.0610465254036748,0.087780833975874,0.6,400,201,802,802,442,360,346,44,100,44,17201,6,220,220,220,220,207,207,207,207,207,0,20
LIRCMOP5_BC,3,307,210,1,0.42,210,0,0.00212927947758535,0.0080405481385641,210,20,3,0.0109930377427629,15.2380952380952,0.636815168901883,1.26396053914905,0,20,0,20,10,0.0952380952380952,0.0248410249652115,0.101494669118844,0,0.113212944053922,NaN,0.9,0.0803567360408878,0.0476190476190476,0.0487801232555904,0.116244183847324,0.5,400,207,814,814,441,373,325,43,100,43,17661,10,215,215,215,215,210,210,210,210,210,0,20
LIRCMOP5_BC,3,308,205,1,0.41,205,0,0.00220939634184254,0.00758687960946769,205,20,3,0.0107312987488876,15.609756097561,0.592507579725508,1.0900654594935,0,20,0,20,12,0.0975609756097561,0.0575318010175438,0.132590705859233,0,0.144034670930665,NaN,0.7,0.0309091494870516,0.0487804878048781,0.0817654308885273,0.14771006731367,0.6,400,210,820,820,441,379,347,42,100,42,19426,14,210,210,210,210,205,205,205,205,205,0,20
LIRCMOP5_BC,3,309,215,1,0.43,215,0,0.00243085979427492,0.0074437603589403,215,20,3,0.0112547767366382,14.8837209302326,0.671439571786601,1.23727746936043,0,20,0,20,17,0.0930232558139535,0.0592003079567031,0.155270192538796,0,0.165252118527094,NaN,0.7,0.0426532577167548,0.13953488372093,0.0798959700189805,0.167514813869893,0.85,400,205,810,810,441,369,346,44,100,44,17420,0,220,220,220,220,215,215,215,215,215,0,20
LIRCMOP5_BC,3,310,210,1,0.42,210,0,0.00213879753049872,0.00704288423275282,210,20,3,0.0109930377427629,15.2380952380952,0.655270275473139,1.30918229529413,0,20,0,20,13,0.0952380952380952,0.02736899951743,0.0988463301486259,0,0.110843480795043,NaN,0.8,0.105020024718052,0.0476190476190476,0.0462402037474592,0.113063743256008,0.65,400,215,830,830,437,393,365,43,100,43,19592,0,215,215,215,215,210,210,210,210,210,0,20
LIRCMOP5_BC,3,311,205,1,0.41,205,0,0.00196984313202765,0.00631206278394151,205,20,3,0.0107312987488876,15.609756097561,0.655270275473139,1.17362863317583,0,20,0,20,9,0.0975609756097561,0.017144230880455,0.0398680126035241,0,0.048385684410609,NaN,0.85,0.178384607650551,0.146341463414634,0.0210442964694502,0.0489892694797681,0.45,400,210,820,820,447,373,362,43,100,43,19188,0,215,215,215,215,205,205,205,205,205,0,20
LIRCMOP5_BC,3,312,204,1,0.41,204,0,0.00220484734146562,0.0058810355927127,204,20,3,0.0106789509501125,15.6862745098039,0.655270275473139,1.25799823358843,0,20,0,20,10,0.0980392156862745,0.0134350869582476,0.0299222554553737,0,0.0299222554553737,NaN,0.8,0.104944856953251,0.0487804878048781,0.0205081767229341,0.0311630508313291,0.5,400,205,810,810,425,385,349,42,100,42,18698,0,210,210,210,210,204,204,204,204,204,0,20
LIRCMOP5_BC,3,313,225,1,0.45,225,0,0.00228781820312447,0.005844257438095,225,20,3,0.0117782547243888,14.2222222222222,0.639864746640442,1.26396053914905,0,20,0,20,7,0.0888888888888889,0.0156395709743843,0.0251504968140198,0,0.0252068415645216,NaN,0.8,0.0705426254295689,0.0444444444444444,0.0187162794480261,0.027250101992665,0.35,400,204,808,808,422,386,347,45,100,45,18361,0,225,225,225,225,225,225,225,225,225,0,20
LIRCMOP5_BC,3,314,215,1,0.43,215,0,0.00225207194732423,0.00656067807192224,215,20,3,0.0112547767366382,14.8837209302326,0.655270275473139,1.23727746936043,0,20,0,20,14,0.0930232558139535,0.0232656837398875,0.100429060561127,0,0.134032571914702,NaN,0.4,-0.0560407524011124,0.0930232558139535,0.0338172196314031,0.135735635995389,0.7,400,225,850,850,462,388,360,44,100,44,18824,0,220,220,220,220,215,215,215,215,215,0,20
LIRCMOP5_BC,3,315,235,1,0.47,235,0,0.00210109615549257,0.00648965688613656,235,20,3,0.0123017327121395,13.6170212765957,0.671439571786601,1.39107966296774,0,20,0,20,15,0.0851063829787234,0.0193617056981505,0.116357017368987,0,0.151301369692467,NaN,0.25,-0.254013776566386,0.0425531914893617,0.0297288498086394,0.152546473229665,0.75,400,215,830,830,442,388,334,48,100,48,17648,0,240,240,240,240,235,235,235,235,235,0,20
LIRCMOP5_BC,3,316,220,1,0.44,220,0,0.00240496344254143,0.00687431494640286,220,20,3,0.0115165157305135,14.5454545454545,0.629112404485535,1.244652250718,0,20,0,20,1,0.0909090909090909,0.00399373001586248,0.00775535283384624,0,0.0312764576499538,NaN,0.8,0.106981027996992,0.0454545454545455,0.0124092188106782,0.0326453714204638,0.05,400,235,870,870,456,414,367,45,100,45,20661,0,225,225,225,225,220,220,220,220,220,0,20
LIRCMOP5_BC,3,317,210,1,0.42,210,0,0.00161102384623723,0.00417652377594177,210,20,3,0.0109930377427629,15.2380952380952,0.725114940432108,1.47602156465835,0,20,0,20,7,0.0952380952380952,0.00674977354804031,0.0184762261149984,0,0.0346641613317844,NaN,1,0.188837170071325,0.0476190476190476,0.0109477725897378,0.0359693911126434,0.35,400,220,840,840,448,392,332,43,100,43,17873,0,215,215,215,215,210,210,210,210,210,0,20
LIRCMOP5_BC,3,318,220,1,0.44,220,0,0.00217910019029873,0.00652237848940547,220,20,3,0.0115165157305135,14.5454545454545,0.726497664426186,1.39107966296774,0,20,0,20,14,0.0909090909090909,0.00480326672675267,0.0269739500240844,0,0.0338178270429503,NaN,1,0.159820425348757,0.0454545454545455,0.00591779247103144,0.0353786653381557,0.7,400,210,820,820,431,389,324,45,100,45,17397,0,225,225,225,225,220,220,220,220,220,0,20
LIRCMOP5_BC,3,319,225,1,0.45,225,0,0.00208444480423343,0.0062812176595312,225,20,3,0.0117782547243888,14.2222222222222,0.73056253732887,1.39107966296774,0,20,0,20,15,0.0888888888888889,0.0133791236798683,0.0686990179594981,0,0.0781377789299477,NaN,1,0.179889205414052,0.0444444444444444,0.0233939080949127,0.0792711255088449,0.75,400,220,840,840,429,411,348,46,100,46,19709,0,230,230,230,230,225,225,225,225,225,0,20
LIRCMOP5_BC,3,320,80,1,0.16,80,0,0.00286612834186456,0.00556390174405904,80,20,3,0.00418782390200492,40,0.76557653931692,1.36446722970236,0,20,0,20,1,0.25,0.00987306106465565,0.0188149000709923,0,0.0196902573652536,NaN,0,-0.980562169378732,0.125,0.0155928347108986,0.0297760645029623,0.05,400,225,850,850,448,402,152,17,100,17,6728,0,85,85,85,85,80,80,80,80,80,0,20
LIRCMOP5_BC,3,321,80,1,0.16,80,0,0.003104237105126,0.00710962337413256,80,20,3,0.00418782390200492,40,0.76557653931692,1.16756269217851,0,20,0,20,20,0.25,0.0891200682595074,0.126057618621926,0,0.126092453212516,NaN,0,-0.394500405074585,0.125,0.0903701226073427,0.131172744994466,1,400,80,560,560,311,249,178,17,100,17,6993,0,85,85,85,85,80,80,80,80,80,0,20
LIRCMOP5_BC,3,322,85,1,0.17,85,0,0.00248121075528595,0.00657559803996838,85,20,3,0.00444956289588023,37.6470588235294,0.73056253732887,1.18959466711266,0,20,0,20,10,0.235294117647059,0.0198931695840676,0.0570088108887844,0,0.0570367625143748,NaN,0,-0.42703762060224,0.117647058823529,0.0233620715416183,0.0615533246281836,0.5,400,80,560,560,322,238,218,18,100,18,8591,0,90,90,90,90,85,85,85,85,85,0,20
LIRCMOP5_BC,3,323,81,1,0.17,81,0,0.00317021977912322,0.00756048435222744,81,20,3,0.00424017170077998,39.5061728395062,0.546245263991154,1.16756269217851,0,20,0,20,13,0.246913580246914,0.0225063468987522,0.0483006669981556,0,0.0483006669981556,NaN,0.45,-0.00747879064632365,0.117647058823529,0.0284292475067738,0.0541592059463742,0.65,400,85,570,570,322,248,228,18,100,18,8413,0,90,90,90,90,81,81,81,81,81,0,20
LIRCMOP5_BC,3,324,67,1,0.14,67,0,0.00382580994845883,0.00636807692962471,67,20,3,0.00350730251792912,47.7611940298507,0.917356329881004,1.36446722970236,0,20,0,20,1,0.298507462686567,0.0205911478497687,0.0330480607593499,0,0.0330480607593499,NaN,1,0.516254489866451,0.142857142857143,0.0206737504853996,0.0330880361644394,0.05,400,81,562,562,324,238,193,16,100,16,7055,24,77,77,77,77,67,67,67,67,67,0,20
LIRCMOP5_BC,3,325,72,1,0.15,72,0,0.00429984378560183,0.00665030218414422,72,20,3,0.00376904151180443,44.4444444444444,0.800590541304969,1.36446722970236,0,20,0,20,2,0.277777777777778,0.00843832405090294,0.0197563696069474,0,0.0198525088904293,NaN,0.6,0.199526449980521,0.133333333333333,0.013830686383449,0.0223834978030004,0.1,400,67,534,534,298,236,191,16,100,16,7705,4,80,80,80,80,72,72,72,72,72,0,20
LIRCMOP5_BC,3,326,80,1,0.16,80,0,0.00435212698681151,0.00730908241383217,80,20,3,0.00418782390200492,40,0.646464301172605,1.16756269217851,0,20,0,20,0,0.25,0.00110417531672343,0.014047035572512,0,0.014047035572512,NaN,0.6,0.207883041047858,0,0.00226828792249706,0.0155929171757931,0,400,72,544,544,302,242,136,16,96,16,5397,0,80,80,80,80,80,80,80,80,80,0,20
LIRCMOP5_BC,3,327,90,1,0.18,90,0,0.00408338912132358,0.00764659932099675,90,20,3,0.00471130188975554,35.5555555555556,0.658418390999263,1.36446722970236,0,20,0,20,4,0.222222222222222,0.0139453635055472,0.0432103167426031,0,0.0459618006995821,NaN,0.8,0.510462206533314,0.111111111111111,0.0199840990877751,0.0618827803631936,0.2,400,80,560,560,307,253,189,18,100,18,7977,6,90,90,90,90,90,90,90,90,90,0,20
LIRCMOP5_BC,3,328,45,1,0.09,45,0,0.00301975106595702,0.00572903916432072,45,20,3,0.00235565094487777,71.1111111111111,0.586274244669655,1.36446722970236,0,20,0,20,17,0.444444444444444,0.0397610680405406,0.0516019229698078,0,0.0516019229698078,NaN,1,0.174488493215668,0.222222222222222,0.0402350621325405,0.0517746578664844,0.85,400,90,580,580,334,246,144,11,100,11,5625,1,55,55,55,55,45,45,45,45,45,0,20
LIRCMOP5_BC,3,329,57,1,0.12,57,0,0.00308077303401845,0.00773216054095052,57,20,3,0.00298382453017851,56.140350877193,0.56236606501634,1.0900654594935,0,20,0,20,9,0.350877192982456,0.00110633110434685,0.0510707836562435,0,0.0510707836562435,NaN,0.65,0.00615826919342012,0.25,0.0142972555418196,0.0525975595664679,0.45,400,45,490,490,296,194,194,14,100,14,6024,1,70,70,70,70,57,57,57,57,57,0,20
LIRCMOP5_BC,3,330,46,1,0.11,46,0,0.00296630574659568,0.0125646019314586,46,20,3,0.00240799874365283,69.5652173913043,0.155197263249509,1.33702705268148,0,20,0,20,11,0.434782608695652,0.000833262269723121,0.0401733890588722,0,0.0401733890588722,NaN,0.5,0.00715673103461981,0.454545454545455,0.00357745498947101,0.0410785383246416,0.55,400,57,514,514,313,201,159,13,100,13,5544,110,63,63,63,63,46,46,46,46,46,0,20
LIRCMOP5_BC,3,331,60,1,0.12,60,0,0.00342880625809149,0.0121859370714219,60,20,3,0.00314086792650369,53.3333333333333,0.262916548548583,1.0900654594935,0,20,0,20,11,0.333333333333333,0.00272434741833834,0.041406954282044,0,0.041406954282044,NaN,0.6,0.0242572803819579,0.333333333333333,0.0114501837714525,0.0425469961243821,0.55,400,46,492,492,301,191,199,15,100,15,5873,105,75,75,75,75,60,60,60,60,60,0,20
LIRCMOP5_BC,3,332,69,1,0.14,69,0,0.00356212481006184,0.0136784438522907,69,20,3,0.00361199811547924,46.3768115942029,0.109112945843307,1.0900654594935,0,20,0,20,18,0.289855072463768,0.0638554125250762,0.206439108830954,0,0.207000077043786,NaN,0,-0.146991163505292,0.285714285714286,0.0930818097430627,0.226552276234569,0.9,400,60,520,520,307,213,198,14,100,14,6532,202,70,70,70,70,69,69,69,69,69,0,20
LIRCMOP5_BC,3,333,50,1,0.1,50,0,0.00488181433724778,0.0119239593516711,50,20,3,0.00261738993875308,64,0.108115241519708,1.22904234433122,0,20,0,20,16,0.4,0.0307167060115225,0.148724869418662,0,0.149462940168048,NaN,0.1,-0.0737834800713508,0.4,0.0391895109891849,0.169501456347001,0.8,400,69,538,538,327,211,127,11,100,11,4099,159,55,55,55,55,50,50,50,50,50,0,20
LIRCMOP5_BC,3,334,73,1,0.15,73,0,0.00500853459352365,0.0142354088009122,73,20,3,0.00382138931057949,43.8356164383562,0.113547658301369,0.800590541304969,0,20,0,20,0,0.273972602739726,0.00768264363169199,0.020917019538438,0,0.020917019538438,NaN,0.6,0.0267137209492256,0,0.0219176961497377,0.0292001645549623,0,400,50,500,500,300,200,168,16,100,16,4720,121,80,80,80,80,73,73,73,73,73,0,20
LIRCMOP5_BC,3,335,75,1,0.15,75,0,0.00902950462876667,0.0361076248419745,75,20,3,0.00392608490812961,42.6666666666667,0.100243732905612,0.800590541304969,0,20,0,20,0,0.266666666666667,0.0102869809691812,0.0210568642166362,0,0.0210568642166362,NaN,0.85,0.167961822398521,0,0.0169792261946809,0.0239029730403043,0,400,73,546,546,324,222,192,15,100,15,6194,326,75,75,75,75,75,75,75,75,75,0,20
LIRCMOP5_BC,3,336,65,1,0.13,65,0,0.00615833692691013,0.0117853895209054,65,20,3,0.003402606920379,49.2307692307692,0.102572549659739,0.800590541304969,0,20,0,20,8,0.307692307692308,0.0239741101755597,0.0274632143073514,0,0.0274632143073514,NaN,0.8,0.085707130285955,0.153846153846154,0.0303678561197416,0.0373520258814951,0.4,400,75,550,550,332,218,224,15,100,15,9308,750,75,75,75,75,65,65,65,65,65,0,20
LIRCMOP5_BC,3,337,65,1,0.13,65,0,0.00591452563333623,0.0113448862543301,65,20,3,0.003402606920379,49.2307692307692,0.113547658301369,0.800590541304969,0,20,0,20,17,0.307692307692308,0.0556663419251219,0.145665509210727,0,0.145896729516062,NaN,0.1,-0.306240172349648,0.307692307692308,0.0691270119759189,0.166024256710938,0.85,400,65,530,530,333,197,199,15,100,15,6046,416,75,75,75,75,65,65,65,65,65,0,20
LIRCMOP5_BC,3,338,70,1,0.14,70,0,0.00430833015800883,0.0148147586653951,70,20,3,0.00366434591425431,45.7142857142857,0.106477333779859,0.877323421588916,0,20,0,20,17,0.285714285714286,0.0702434620452496,0.187404583410449,0,0.188311524377987,NaN,0.45,-0.0522905608781183,0.142857142857143,0.0826229764666381,0.205307126129194,0.85,400,65,530,530,323,207,204,14,100,14,8592,443,70,70,70,70,70,70,70,70,70,0,20
LIRCMOP5_BC,3,339,85,1,0.17,85,0,0.0123206160917779,0.0376082179145317,85,20,3,0.00444956289588023,37.6470588235294,0.107797370027428,0.800590541304969,0,20,0,20,17,0.235294117647059,0.0455126177940477,0.114279641252511,0,0.114475301793465,NaN,0.9,0.129726051258393,0.117647058823529,0.0490782460602086,0.136502786264356,0.85,400,70,540,540,317,223,188,17,100,17,4984,1016,85,85,85,85,85,85,85,85,85,0,20
LIRCMOP5_BC,3,340,75,1,0.15,75,0,0.00972354270967141,0.0427577642898251,75,20,3,0.00392608490812961,42.6666666666667,0.122508780251509,0.800590541304969,0,20,0,20,11,0.266666666666667,0.0250491196675904,0.0805126420150151,0,0.0805126420150151,NaN,0.95,0.0699032145830154,0.133333333333333,0.0387921202243936,0.0952448516172563,0.55,400,85,570,570,334,236,182,16,100,16,9413,750,80,80,80,80,75,75,75,75,75,0,20
LIRCMOP5_BC,3,341,70,1,0.14,70,0,0.0100099694105354,0.0430834319357428,70,20,3,0.00366434591425431,45.7142857142857,0.0949396008425141,0.800590541304969,0,20,0,20,13,0.285714285714286,0.0311470219272465,0.041213972161615,0,0.041213972161615,NaN,0.2,-0.0722145459526566,0.142857142857143,0.0368002891012501,0.056021818530761,0.65,400,75,550,550,340,210,195,15,100,15,8486,852,75,75,75,75,70,70,70,70,70,0,20
LIRCMOP5_BC,3,342,70,1,0.14,70,0,0.00834551853598342,0.0463344450427003,70,20,3,0.00366434591425431,45.7142857142857,0.111765168265124,0.800590541304969,0,20,0,20,6,0.285714285714286,0.01562332991448,0.0258850147707932,0,0.0258850147707932,NaN,0.45,-0.00233347518521057,0.285714285714286,0.0230638947654913,0.039837257788994,0.3,400,70,540,540,321,219,132,15,100,15,4603,757,75,75,75,75,70,70,70,70,70,0,20
LIRCMOP5_BC,3,343,69,1,0.14,69,0,0.00647555437344563,0.0338519036631733,69,20,3,0.00361199811547924,46.3768115942029,0.0903659367527273,0.800590541304969,0,20,0,20,0,0.289855072463768,0.0115170553777761,0.0188852421666307,0,0.0188852421666307,NaN,0.35,-0.00488068492098048,0,0.021233244112327,0.0328210078104689,0,400,70,540,540,324,216,196,16,100,16,8217,1106,80,80,80,80,69,69,69,69,69,0,20
LIRCMOP5_BC,3,344,70,1,0.14,70,0,0.00745307089020597,0.0336002993508204,70,20,3,0.00366434591425431,45.7142857142857,0.0938012522675305,0.800590541304969,0,20,0,20,6,0.285714285714286,0.0166548477370871,0.0307637148085528,0,0.0307637148085528,NaN,0.25,-0.00505200927829828,0.142857142857143,0.024686859190642,0.0464348912249556,0.3,400,69,538,538,319,219,192,16,100,16,6569,763,80,80,80,80,70,70,70,70,70,0,20
LIRCMOP5_BC,3,345,75,1,0.15,75,0,0.00934906466321671,0.0407008262746754,75,20,3,0.00392608490812961,42.6666666666667,0.0903659367527273,0.800590541304969,0,20,0,20,0,0.266666666666667,0.0167999815690164,0.0227926511446379,0,0.0227933134267159,NaN,0.1,-0.290655222076431,0,0.032315647544501,0.0405269517418016,0,400,70,540,540,330,210,212,17,100,17,6812,1271,85,85,85,85,75,75,75,75,75,0,20
LIRCMOP5_BC,3,346,64,1,0.13,64,0,0.00586745578854891,0.0151524348203134,64,20,3,0.00335025912160394,50,0.0815419838238069,0.800590541304969,0,20,0,20,11,0.3125,0.0250255952500659,0.0455140169355119,0,0.0455905041948133,NaN,0.45,-0.0673240333352105,0.153846153846154,0.0384609809503884,0.0648206279566191,0.55,400,75,550,550,342,208,196,15,100,15,7736,1393,75,75,75,75,64,64,64,64,64,0,20
LIRCMOP5_BC,3,347,80,1,0.16,80,0,0.0144472192603673,0.0511392225094702,80,20,3,0.00418782390200492,40,0.0943416617656166,0.800590541304969,0,20,0,20,11,0.25,0.0290582735975016,0.0398969149434652,0,0.0398969149434652,NaN,0.5,0.011249236454563,0.125,0.0404012805177986,0.0572104564992424,0.55,400,64,528,528,326,202,163,16,100,16,3803,512,80,80,80,80,80,80,80,80,80,0,20
LIRCMOP5_BC,3,348,68,1,0.14,68,0,0.013192071497873,0.0624920879517741,68,20,3,0.00355965031670418,47.0588235294118,0.0926426339026946,0.212276385482758,0,20,0,20,13,0.294117647058824,0.0366942566151932,0.060507270490784,0,0.0834775985841807,NaN,0.9,0.275501830750055,0.214285714285714,0.0593594009117439,0.0839750717952095,0.65,400,80,560,560,349,211,169,14,100,14,7728,1455,68,68,68,68,68,68,68,68,68,0,20
LIRCMOP5_BC,3,349,67,1,0.14,67,0,0.0140590217120967,0.0442306014023004,67,20,3,0.00350730251792912,47.7611940298507,0.0926426339026946,0.166496146590098,0,20,0,20,3,0.298507462686567,0.0111976323080292,0.0279750768986997,0,0.03401665384483,NaN,1,0.0292159861576669,0.285714285714286,0.0289242630969523,0.0446444824354484,0.15,400,68,536,536,336,200,197,14,100,14,8218,1518,67,67,67,67,67,67,67,67,67,0,20
LIRCMOP5_BC,3,350,76,1,0.16,76,0,0.0273467998174456,0.043325336298576,76,20,3,0.00397843270690468,42.1052631578947,0.133851768476653,0.234299123325396,0,20,0,20,0,0.263157894736842,0.0170334713883311,0.0210273349019696,0,0.0414243083725477,NaN,0.35,-0.104272132660176,0,0.0340400044997722,0.0439109372531623,0,400,67,534,534,353,181,177,16,100,16,7711,2029,76,76,76,76,76,76,76,76,76,0,20
LIRCMOP5_BC,3,351,73,1,0.15,73,0,0.0366158437237961,0.0488203396291927,73,20,3,0.00382138931057949,43.8356164383562,0.150707557849367,0.290842129258389,0,20,0,20,1,0.273972602739726,0.00546293058522991,0.0240703380501713,0,0.0259128591547486,NaN,0.3,-0.0746464407290758,0.133333333333333,0.0204189668672099,0.0380970009748412,0.05,400,76,552,552,346,206,162,15,100,15,8129,2811,73,73,73,73,73,73,73,73,73,0,20
LIRCMOP5_BC,3,352,74,1,0.15,74,0,0.0398322750070525,0.0538969439979452,74,20,3,0.00387373710935455,43.2432432432432,0.156798486535107,0.290842129258389,0,20,0,20,6,0.27027027027027,0.0286666111423879,0.0388808285671581,0,0.0395845264087048,NaN,0.25,-0.0978385912674488,0.133333333333333,0.0390023701802573,0.0511492088086678,0.3,400,73,546,546,350,196,181,15,100,15,8265,1977,74,74,74,74,74,74,74,74,74,0,20
LIRCMOP5_BC,3,353,90,1,0.18,90,0,0.0346249940356771,0.0486194499728514,90,20,3,0.00471130188975554,35.5555555555556,0.158254185430197,0.265035821171845,0,20,0,20,4,0.222222222222222,0.0162655313673823,0.0327671302023617,0,0.035596628024799,NaN,0.2,-0.103755602560755,0.111111111111111,0.0348564854142482,0.045279066312533,0.2,400,74,548,548,342,206,231,18,100,18,9939,2841,90,90,90,90,90,90,90,90,90,0,20
LIRCMOP5_BC,3,354,65,1,0.13,65,0,0.0365654183175215,0.0462200931585189,65,20,3,0.003402606920379,49.2307692307692,0.132207975939161,0.253743978348654,0,20,0,20,2,0.307692307692308,0.00364944586101831,0.0301235903890068,0,0.0315020570003104,NaN,0.3,-0.0901941515926107,0.230769230769231,0.0124555997092272,0.0401121225863895,0.1,400,90,580,580,361,219,185,15,100,15,9719,3113,65,65,65,65,65,65,65,65,65,0,20
LIRCMOP5_BC,3,355,75,1,0.15,75,0,0.0342379142544254,0.04215601346551,75,20,3,0.00392608490812961,42.6666666666667,0.126468984826482,0.259750725045756,0,20,0,20,3,0.266666666666667,0.00718401718923106,0.0407674438360885,0,0.0646518453413752,NaN,0.4,-0.0614201301147693,0.133333333333333,0.0225886063631832,0.0651062211629801,0.15,400,65,530,530,339,191,190,19,100,19,6906,3004,75,75,75,75,75,75,75,75,75,0,20
LIRCMOP5_BC,3,356,90,1,0.19,90,0,0.0391369692761344,0.0771656357214507,90,20,3,0.00471130188975554,35.5555555555556,0.148016880863666,0.296840985133211,0,20,0,20,1,0.222222222222222,0.00621830720362056,0.0283839280600139,0,0.0283916404404376,NaN,0.25,-0.00581814952296522,0.105263157894737,0.0155509319212463,0.0368413696311373,0.05,400,75,550,550,359,191,228,21,100,21,12135,3076,90,90,90,90,90,90,90,90,90,0,20
LIRCMOP5_BC,3,357,90,1,0.18,90,0,0.0428047039348956,0.081488298416147,90,20,3,0.00471130188975554,35.5555555555556,0.142398632106132,0.296840985133211,0,20,0,20,1,0.222222222222222,0.00746499314362075,0.0275231392258452,0,0.0306239216108551,NaN,0.4,-0.00230145630212419,0.111111111111111,0.0169820936381173,0.0400115251655901,0.05,400,90,580,580,381,199,236,22,100,22,11675,3120,90,90,90,90,90,90,90,90,90,0,20
LIRCMOP5_BC,3,358,100,1,0.21,100,0,0.0432705675320015,0.0790948038373695,100,20,3,0.00523477987750615,32,0.149150782144671,0.296840985133211,0,20,0,20,7,0.2,0.0250369655354351,0.0405483612702497,0,0.0405492740334832,NaN,0.2,-0.0175784297839917,0.0952380952380952,0.0281053859042074,0.0455582541320932,0.35,400,90,580,580,375,205,200,21,100,21,10469,3397,100,100,100,100,100,100,100,100,100,0,20
LIRCMOP5_BC,3,359,101,1,0.21,101,0,0.0404023739472678,0.0490678150160824,101,20,3,0.00528712767628121,31.6831683168317,0.137090270632978,0.28768955712533,0,20,0,20,8,0.198019801980198,0.0216490677483767,0.0395143659397799,0,0.0395225612196291,NaN,0.3,-0.0179550640246044,0.0952380952380952,0.026614136790352,0.0460197223760967,0.4,400,100,600,600,399,201,229,21,100,21,12738,4341,101,101,101,101,101,101,101,101,101,0,20
LIRCMOP5_BC,3,360,85,1,0.17,85,0,0.0433800899600517,0.0495134234536194,85,20,3,0.00444956289588023,37.6470588235294,0.148016880863666,0.28768955712533,0,20,0,20,2,0.235294117647059,0.00498472434978713,0.0326013829818503,0,0.0344963524503904,NaN,0.6,0.00975285345106203,0.117647058823529,0.0130336773022202,0.0423362496958374,0.1,400,101,602,602,385,217,251,23,100,23,13179,5334,85,85,85,85,85,85,85,85,85,0,20
LIRCMOP5_BC,3,361,92,1,0.21,92,0,0.0447303490638117,0.0517288743939646,92,20,3,0.00481599748730566,34.7826086956522,0.148016880863666,0.301924079073809,0,20,0,20,9,0.217391304347826,0.0230140271519727,0.0464671069476264,0,0.0464865919794506,NaN,1,0.265906009523725,0.0952380952380952,0.0401729810483901,0.0544697455476494,0.45,400,85,570,570,359,211,237,24,100,24,12668,5000,92,92,92,92,92,92,92,92,92,0,20
LIRCMOP5_BC,3,362,109,1,0.23,109,0,0.0466391854112708,0.0623957612291166,109,20,3,0.0057059100664817,29.3577981651376,0.149542355764469,0.329349847044668,0,20,0,20,8,0.18348623853211,0.0260145545479758,0.0521482805981997,0,0.0522356694293548,NaN,1,0.067625266592117,0.0869565217391304,0.0423486468180686,0.0668206160567625,0.4,400,92,584,584,386,198,224,23,100,23,11733,4912,109,109,109,109,109,109,109,109,109,0,20
LIRCMOP5_BC,3,363,107,1,0.22,107,0,0.0490058329769886,0.0616380808527905,107,20,3,0.00560121446893158,29.9065420560748,0.187635788350752,0.335588605321902,0,20,0,20,6,0.186915887850467,0.0119416199080175,0.0330627141893997,0,0.0331217496907236,NaN,1,0.0851143602279321,0.136363636363636,0.0209445652023205,0.0448978869275704,0.3,400,109,618,618,399,219,248,23,100,23,13735,5690,107,107,107,107,107,107,107,107,107,0,20
LIRCMOP5_BC,3,364,114,1,0.24,114,0,0.0405043455526291,0.0557361586700844,114,20,3,0.00596764906035701,28.0701754385965,0.256599557369029,0.337815115158906,0,20,0,20,3,0.175438596491228,0.0162298295167768,0.033267051541421,0,0.0333426087654973,NaN,1,0.101241419878441,0.0833333333333333,0.0267995488464775,0.0452803117881585,0.15,400,107,614,614,409,205,246,25,100,25,12714,5778,114,114,114,114,114,114,114,114,114,0,20
LIRCMOP5_BC,3,365,128,1,0.26,128,0,0.0387247859157233,0.0511210140314088,128,20,3,0.00670051824320787,25,0.256599557369029,0.350505583756782,0,20,0,20,1,0.15625,0.00485993663560461,0.0194042449054044,0,0.0194529215539916,NaN,1,0.118852338753494,0.0769230769230769,0.012698923624575,0.033845883275555,0.05,400,114,628,628,403,225,266,29,100,29,12939,6125,128,128,128,128,128,128,128,128,128,0,20
LIRCMOP5_BC,3,366,122,1,0.25,122,0,0.0383550298486768,0.0506311491358805,122,20,3,0.0063864314505575,26.2295081967213,0.256599557369029,0.337815115158906,0,20,0,20,0,0.163934426229508,0.00869024161854316,0.0242349789288697,0,0.0243011063204834,NaN,1,0.105736357817979,0,0.0170454881197154,0.0383502228376441,0,400,128,656,656,412,244,280,29,100,29,15189,6918,122,122,122,122,122,122,122,122,122,0,20
LIRCMOP5_BC,3,367,117,1,0.24,117,0,0.0416095727950931,0.0536188798588782,117,20,3,0.0061246924566822,27.3504273504273,0.256599557369029,0.350134921178996,0,20,0,20,4,0.170940170940171,0.0067007141735628,0.0327853611133453,0,0.0328296326685194,NaN,1,0.088169355238257,0.166666666666667,0.0104156971707914,0.0417645146184653,0.2,400,122,644,644,417,227,267,28,100,28,15971,7036,117,117,117,117,117,117,117,117,117,0,20
LIRCMOP5_BC,3,368,130,1,0.26,130,0,0.0344879139730696,0.0472833638987991,130,20,3,0.006805213840758,24.6153846153846,0.260550397332286,0.350134921178996,0,20,0,20,2,0.153846153846154,0.0138802990230679,0.0333332882314329,0,0.0333740428407598,NaN,1,0.0693488238704473,0.0769230769230769,0.0255765926663249,0.0434129734891574,0.1,400,117,634,634,397,237,288,32,100,32,14279,6702,130,130,130,130,130,130,130,130,130,0,20
LIRCMOP5_BC,3,369,118,1,0.27,118,0,0.0426412239134495,0.0544954037481379,118,20,3,0.00617704025545726,27.1186440677966,0.256599557369029,0.330562930074431,0,20,0,20,1,0.169491525423729,0.0103426646547924,0.0237298992545443,0,0.0239488135846584,NaN,0.35,-0.181422074796859,0.0740740740740741,0.0159684552711236,0.0319491111452852,0.05,400,130,660,660,419,241,273,31,100,31,15752,7206,118,118,118,118,118,118,118,118,118,0,20
LIRCMOP5_BC,3,370,139,1,0.29,139,0,0.0373496862267046,0.0539428230201361,139,20,3,0.00727634402973355,23.0215827338129,0.22094775665173,0.349522402793699,0,20,0,20,1,0.143884892086331,0.00797711291756072,0.0214876535463712,0,0.0339941824093686,NaN,0.75,0.234737924924025,0.0689655172413793,0.0171140494275899,0.0341215247476579,0.05,400,118,636,636,408,228,282,33,100,33,13496,6274,139,139,139,139,139,139,139,139,139,0,20
LIRCMOP5_BC,3,371,134,1,0.29,134,0,0.0383693873205237,0.0566125861264371,134,20,3,0.00701460503585824,23.8805970149254,0.256599557369029,0.333567226940003,0,20,0,20,1,0.149253731343284,0.00888707535663413,0.0280622891002669,0,0.0356499859899116,NaN,0.3,-0.0962393353124745,0.0689655172413793,0.0169374553923779,0.0358202511583007,0.05,400,139,678,678,417,261,300,33,100,33,14953,6626,134,134,134,134,134,134,134,134,134,0,20
LIRCMOP5_BC,3,372,147,1,0.32,147,0,0.0353612727276518,0.0509707159923421,147,20,3,0.00769512641993404,21.7687074829932,0.183291715522401,0.333567226940003,0,20,0,20,1,0.136054421768707,0.0109132325286192,0.0329225920983729,0,0.0405541200689352,NaN,0.65,0.0318250704073218,0.0625,0.0207946805228561,0.0406941519797644,0.05,400,134,668,668,413,255,279,39,100,39,13431,5523,147,147,147,147,147,147,147,147,147,0,20
LIRCMOP5_BC,3,373,144,1,0.29,144,0,0.037533318258861,0.055683699739388,144,20,3,0.00753808302360886,22.2222222222222,0.183291715522401,0.377061054781072,0,20,0,20,0,0.138888888888889,0.00588573909720824,0.0145597534767728,0,0.0187995336823257,NaN,0.55,0.016920194630174,0,0.0111582800990881,0.0189229864876201,0,400,147,694,694,425,269,291,36,100,36,15415,6811,144,144,144,144,144,144,144,144,144,0,20
LIRCMOP5_BC,3,374,140,1,0.29,140,0,0.0386611543076983,0.0822207831728411,140,20,3,0.00732869182850861,22.8571428571429,0.157322788857192,0.378728981557552,0,20,0,20,0,0.142857142857143,0.00695332943679767,0.0125630646432334,0,0.0217269926248243,NaN,0.9,0.0418490381048826,0,0.0131039194954087,0.0219241862113838,0,400,144,688,688,432,256,283,37,100,37,13663,5846,147,147,147,142,140,140,140,140,140,0,20
LIRCMOP5_BC,3,375,135,1,0.28,135,0,0.0373269010509423,0.0580861802265167,135,20,3,0.0070669528346333,23.7037037037037,0.162811934153182,0.378728981557552,0,20,0,20,0,0.148148148148148,0.00502278436217616,0.0245470230774954,0,0.0301671210834903,NaN,1,0.129884971353363,0,0.0105734661032278,0.030267425332228,0,400,140,680,680,425,255,259,40,100,40,11766,5518,135,135,135,135,135,135,135,135,135,0,20
LIRCMOP5_BC,3,376,146,1,0.3,146,0,0.0434673308560796,0.0616446067492193,146,20,3,0.00764277862115898,21.9178082191781,0.167817747720357,0.412914354295,0,20,0,20,3,0.136986301369863,0.0082804114862037,0.0326598795297673,0,0.0429252132401328,NaN,1,0.155785382845776,0.166666666666667,0.0207639130390336,0.0431382339999196,0.15,400,135,670,670,420,250,298,42,100,42,11327,5385,146,146,146,146,146,146,146,146,146,0,20
LIRCMOP5_BC,3,377,145,1,0.3,145,0,0.0352987978690113,0.0572180037439249,145,20,3,0.00759043082238392,22.0689655172414,0.197285321131,0.387614421830341,0,20,0,20,1,0.137931034482759,0.00695574298286614,0.0261016158488355,0,0.0350083101213253,NaN,0.75,0.140843653565126,0.0666666666666667,0.0158295514543236,0.0351296097390981,0.05,400,146,692,692,431,261,287,39,100,39,14071,6038,145,145,145,145,145,145,145,145,145,0,20
LIRCMOP5_BC,3,378,150,1,0.31,150,0,0.0379538153146965,0.0589404370182212,150,20,3,0.00785216981625923,21.3333333333333,0.204232930143573,0.396517954004923,0,20,0,20,3,0.133333333333333,0.00421737686792043,0.0142236335849175,0,0.0209143953213712,NaN,0.95,0.085774009391489,0.193548387096774,0.00902739398770784,0.0211595476118708,0.15,400,145,690,690,428,262,319,39,100,39,14149,6477,150,150,150,150,150,150,150,150,150,0,20
LIRCMOP5_BC,3,379,163,1,0.34,163,0,0.035680782185607,0.050677764224087,163,20,3,0.00853269120033503,19.6319018404908,0.204232930143573,0.387614421830341,0,20,0,20,0,0.122699386503067,0.0074679172643505,0.0226585519045032,0,0.0304518086602436,NaN,1,0.132175461969,0,0.0165793556197148,0.0306716106435612,0,400,150,700,700,428,272,302,43,100,43,12067,5604,163,163,163,163,163,163,163,163,163,0,20
LIRCMOP5_BC,3,380,160,1,0.33,160,0,0.03248658094191,0.046403307675141,160,20,3,0.00837564780400984,20,0.192712868173825,0.371822943369009,0,20,0,20,2,0.125,0.0058594360969614,0.0171611680761997,0,0.0317154787448583,NaN,1,0.214845454924364,0.121212121212121,0.0119918982808321,0.0319315095299586,0.1,400,163,726,726,440,286,308,45,100,45,13269,6300,160,160,160,160,160,160,160,160,160,0,20
LIRCMOP5_BC,3,381,150,1,0.3,150,0,0.0397225997037377,0.0569998218692193,150,20,3,0.00785216981625923,21.3333333333333,0.17327054197402,0.353623352314354,0,20,0,20,6,0.133333333333333,0.00846102543555532,0.0362509305730525,0,0.0535324454227497,NaN,0.95,0.273363441857305,0.133333333333333,0.0288943162319171,0.0539926748285672,0.3,400,160,720,720,430,290,325,54,100,54,10942,5957,150,150,150,150,150,150,150,150,150,0,20
LIRCMOP5_BC,3,382,152,1,0.31,152,0,0.032804074035334,0.0531849374886126,152,20,3,0.00795686541380935,21.0526315789474,0.202006057517002,0.408842255813511,0,20,0,20,2,0.131578947368421,0.00758450859365692,0.0195537159516883,0,0.0349274346983822,NaN,0.8,0.101759066876361,0.129032258064516,0.0152555331548821,0.0351424199623957,0.1,400,150,700,700,423,277,327,48,100,48,15949,5846,157,157,157,152,152,152,152,152,152,0,20
LIRCMOP5_BC,3,383,147,1,0.31,147,0,0.0344284872974858,0.0564696870223678,147,20,3,0.00769512641993404,21.7687074829932,0.197285321131,0.332358650031612,0,20,0,20,1,0.136054421768707,0.00735076898960471,0.0215145132388043,0,0.0397906613456638,NaN,0.95,0.248166916472749,0.0645161290322581,0.0205066665576582,0.0400444179827527,0.05,400,152,704,704,433,271,301,49,100,49,11056,5555,147,147,147,147,147,147,147,147,147,0,20
LIRCMOP5_BC,3,384,155,1,0.31,155,0,0.0432461165058028,0.0588559426337316,155,20,3,0.00811390881013453,20.6451612903226,0.192712868173825,0.371405236581376,0,20,0,20,2,0.129032258064516,0.00581817927220796,0.0145035390608714,0,0.026023447016326,NaN,0.75,0.266031363291229,0.129032258064516,0.0116026120235015,0.0262405953304008,0.1,400,147,694,694,421,273,327,46,100,46,16348,6326,155,155,155,155,155,155,155,155,155,0,20
LIRCMOP5_BC,3,385,140,1,0.28,140,0,0.0424466788069284,0.0578418899505402,140,20,3,0.00732869182850861,22.8571428571429,0.203119493830287,0.445804081976646,0,20,0,20,4,0.142857142857143,0.00375549447271515,0.0107587786928134,0,0.0241819728679686,NaN,0.9,0.256532231839046,0.107142857142857,0.00621672367447054,0.0245892835621633,0.2,400,155,710,710,443,267,301,47,100,47,12407,5586,140,140,140,140,140,140,140,140,140,0,20
LIRCMOP5_BC,3,386,145,1,0.29,145,0,0.0519115960601844,0.0747438367462181,145,20,3,0.00759043082238392,22.0689655172414,0.21435890927127,0.397786472291274,0,20,0,20,1,0.137931034482759,0.00560695447902401,0.0171900212959662,0,0.0355688029531278,NaN,0.8,0.249983174159134,0.0689655172413793,0.0132136075916658,0.0359896877972118,0.05,400,140,680,680,426,254,318,47,100,47,13538,5641,145,145,145,145,145,145,145,145,145,0,20
LIRCMOP5_BC,3,387,150,1,0.3,150,0,0.0370580066110711,0.046174471466554,150,20,3,0.00785216981625923,21.3333333333333,0.183736334593555,0.42179527713396,0,20,0,20,6,0.133333333333333,0.0147742890987277,0.0431110229306683,0,0.0591429917117162,NaN,1,0.242218058641019,0.1,0.0352836934713698,0.0594042610539508,0.3,400,145,690,690,433,257,307,50,100,50,11768,5132,150,150,150,150,150,150,150,150,150,0,20
LIRCMOP5_BC,3,388,146,1,0.3,146,0,0.0443016813414583,0.0551263438774816,146,20,3,0.00764277862115898,21.9178082191781,0.231737181034573,0.415640738765944,0,20,0,20,3,0.136986301369863,0.0090870608576051,0.0443399088031007,0,0.0552975374831551,NaN,0.95,0.245979409542204,0.0666666666666667,0.0192519561840202,0.0555365604674083,0.15,400,150,700,700,430,270,318,48,100,48,15462,6428,146,146,146,146,146,146,146,146,146,0,20
LIRCMOP5_BC,3,389,152,1,0.31,152,0,0.0487176905024971,0.0594714069423765,152,20,3,0.00795686541380935,21.0526315789474,0.251736268698874,0.412191755196886,0,20,0,20,4,0.131578947368421,0.0132968581212588,0.0401330980036924,0,0.0544344283086017,NaN,1,0.289992567663589,0.129032258064516,0.0263331244868771,0.0545515944334547,0.2,400,146,692,692,442,250,326,50,100,50,12606,5465,152,152,152,152,152,152,152,152,152,0,20
LIRCMOP5_BC,3,390,135,1,0.29,135,0,0.0411076747505798,0.0745073694865963,135,20,3,0.0070669528346333,23.7037037037037,0.147015120949355,0.360595457776203,0,20,0,20,10,0.148148148148148,0.0224908557398938,0.0669207360905907,0,0.0767959594982013,NaN,1,0.282318693222753,0.103448275862069,0.0465325995670962,0.0770404274814659,0.5,400,152,704,704,431,273,326,52,100,52,12622,6020,135,135,135,135,135,135,135,135,135,0,20
LIRCMOP5_BC,3,391,134,1,0.27,134,0,0.0431560605994202,0.0531299382356602,134,20,3,0.00701460503585824,23.8805970149254,0.162811934153182,0.445804081976646,0,20,0,20,4,0.149253731343284,0.00999409731375404,0.043028981298109,0,0.0577949025611351,NaN,0.9,0.19051486515399,0.0740740740740741,0.0258138149765572,0.0588097489970152,0.2,400,135,670,670,423,247,310,48,100,48,14204,5392,134,134,134,134,134,134,134,134,134,0,20
LIRCMOP5_BC,3,392,125,1,0.25,125,0,0.0430254999946693,0.0525073279671947,125,20,3,0.00654347484688269,25.6,0.190919842924118,0.445804081976646,0,20,0,20,9,0.16,0.0142705973306719,0.0648568845551555,0,0.0731027635523797,NaN,0.75,0.16270003982205,0.08,0.0363811956963256,0.0733251718829358,0.45,400,134,668,668,410,258,288,46,100,46,12561,5385,125,125,125,125,125,125,125,125,125,0,20
LIRCMOP5_BC,3,393,132,1,0.27,132,0,0.0419963995601854,0.0517329524575032,132,20,3,0.00690990943830812,24.2424242424242,0.251736268698874,0.445804081976646,0,20,0,20,9,0.151515151515152,0.0154168231885012,0.062338265251024,0,0.0725185489936027,NaN,0.7,0.0852441330610325,0.148148148148148,0.0316126279839936,0.0727104383107035,0.45,400,125,650,650,401,249,301,50,100,50,14265,4893,137,137,137,132,132,132,132,132,132,0,20
LIRCMOP5_BC,3,394,128,1,0.27,128,0,0.0405997308323779,0.0517046823388285,128,20,3,0.00670051824320787,25,0.162811934153182,0.329433500417001,0,20,0,20,8,0.15625,0.00740800168094969,0.045041793981777,0,0.063301253663808,NaN,0.9,0.140208606948815,0.148148148148148,0.0237102817575521,0.0649713205550247,0.4,400,132,664,664,413,251,313,61,100,61,8820,5082,128,128,128,128,128,128,128,128,128,0,20
LIRCMOP5_BC,3,395,160,1,0.35,160,0,0.0166619535285943,0.0569230237643439,160,20,3,0.00837564780400984,20,0.17644998292884,0.360595457776203,0,20,0,20,5,0.125,0.0089340930332005,0.0511985230715218,0,0.0626914253226448,NaN,1,0.102794324161679,0.0857142857142857,0.0176892935265518,0.0629799025481727,0.25,400,128,656,656,404,252,307,54,100,54,13993,5547,160,160,160,160,160,160,160,160,160,0,20
LIRCMOP5_BC,3,396,165,1,0.33,165,0,0.0142766435946942,0.0522830612611627,165,20,3,0.00863738679788515,19.3939393939394,0.157871251160351,0.329433500417001,0,20,0,20,11,0.121212121212121,0.0160571899577517,0.0789975634617247,0,0.0924020446205946,NaN,1,0.171118031587017,0.0909090909090909,0.0383041756461959,0.0930227740860158,0.55,400,160,720,720,438,282,336,58,100,58,11976,5695,170,170,170,165,165,165,165,165,165,0,20
LIRCMOP5_BC,3,397,161,1,0.33,161,0,0.012263213621552,0.0483520593089281,161,20,3,0.0084279956027849,19.8757763975155,0.162811934153182,0.332560014023105,0,20,0,20,6,0.124223602484472,0.00717106873039657,0.0571744075786827,0,0.0714529805272068,NaN,0.9,0.122461761476728,0.121212121212121,0.0166007335882537,0.0718258637311235,0.3,400,165,730,730,431,299,325,58,100,58,14406,5816,166,166,166,161,161,161,161,161,161,0,20
LIRCMOP5_BC,3,398,167,1,0.34,167,0,0.0123985490207632,0.0491101478927663,167,20,3,0.00874208239543527,19.1616766467066,0.162811934153182,0.332560014023105,0,20,0,20,8,0.119760479041916,0.00929079282229868,0.0668314139082666,0,0.0802658279899478,NaN,0.9,0.141432521717546,0.0588235294117647,0.0224493636414036,0.0805841475325659,0.4,400,161,722,722,440,282,336,58,100,58,12870,5370,167,167,167,167,167,167,167,167,167,0,20
LIRCMOP5_BC,3,399,176,1,0.37,176,0,0.0150148266561184,0.0593659841627623,176,20,3,0.00921321258441083,18.1818181818182,0.157612248959653,0.352778181768572,0,20,0,20,11,0.113636363636364,0.025688311904538,0.0681098321190373,0,0.0825937796042231,NaN,0.5,0.00269839966473315,0.0540540540540541,0.0453746583152535,0.0827876113033398,0.55,400,167,734,734,448,286,343,60,100,60,12369,5397,176,176,176,176,176,176,176,176,176,0,20
LIRCMOP5_BC,3,400,158,1,0.33,158,0,0.0133446053769103,0.050997845139999,158,20,3,0.00827095220645972,20.253164556962,0.151716804136358,0.372869655493888,0,20,0,20,9,0.126582278481013,0.00885285255724761,0.0707216275380764,0,0.086697868373976,NaN,0.7,0.0273749837326553,0.0606060606060606,0.0261818115992054,0.0870805919804118,0.45,400,176,752,752,457,295,352,57,100,57,15021,6120,158,158,158,158,158,158,158,158,158,0,20
LIRCMOP5_BC,3,401,170,1,0.34,170,0,0.013520866163483,0.0495069673752368,170,20,3,0.00889912579176046,18.8235294117647,0.151716804136358,0.352778181768572,0,20,0,20,7,0.117647058823529,0.00825354084979097,0.0702720212582826,0,0.0883924874891459,NaN,1,0.164767263467398,0.0588235294117647,0.0255236415644477,0.0891714552853239,0.35,400,158,716,716,444,272,327,60,100,60,11422,5217,170,170,170,170,170,170,170,170,170,0,20
LIRCMOP5_BC,3,402,152,1,0.31,152,0,0.0174832734222081,0.0546428708906898,152,20,3,0.00795686541380935,21.0526315789474,0.157612248959653,0.425663807362621,0,20,0,20,7,0.131578947368421,0.00895266942339445,0.0763302516646273,0,0.0927080339421049,NaN,1,0.208315494454178,0.0645161290322581,0.0243806513001134,0.0931116277260092,0.35,400,170,740,740,442,298,342,54,100,54,15616,5974,152,152,152,152,152,152,152,152,152,0,20
LIRCMOP5_BC,3,403,162,1,0.33,162,0,0.0169398868270569,0.0555714364379352,162,20,3,0.00848034340155996,19.7530864197531,0.14690368908442,0.32994158144972,0,20,0,20,7,0.123456790123457,0.0084813073252775,0.0501495274652749,0,0.0731703263405688,NaN,1,0.0983075659200018,0.0909090909090909,0.0262133723406133,0.0737283211338434,0.35,400,152,704,704,434,270,328,61,100,61,10997,5168,162,162,162,162,162,162,162,162,162,0,20
LIRCMOP5_BC,3,404,174,1,0.36,174,0,0.0155440532408695,0.0591242375986415,174,20,3,0.0091085169868607,18.3908045977011,0.161234255410879,0.321504218925008,0,20,0,20,8,0.114942528735632,0.0127592459110723,0.0707299325436035,0,0.090135996885942,NaN,1,0.159601467974012,0.0555555555555556,0.0370965774582275,0.0910923180534121,0.4,400,162,724,724,441,283,322,65,100,65,11056,4802,174,174,174,174,174,174,174,174,174,0,20
LIRCMOP5_BC,3,405,150,1,0.3,150,0,0.0131360351869204,0.0597942008176621,150,20,3,0.00785216981625923,21.3333333333333,0.162811934153182,0.363762026515598,0,20,0,20,9,0.133333333333333,0.00535996713421473,0.0705011094903765,0,0.0895428846610696,NaN,1,0.151772090728002,0.133333333333333,0.0113407969123336,0.0902705392898122,0.45,400,174,748,748,450,298,358,57,100,57,16100,5952,160,160,160,155,150,150,150,150,150,0,20
LIRCMOP5_BC,3,406,110,1,0.22,110,0,0.00745860226699701,0.0134790005774953,110,20,3,0.00575825786525677,29.0909090909091,0.130544131946455,0.22122644318211,0,20,0,20,11,0.181818181818182,0.00260872015612843,0.0596480546184217,0,0.0832890355940412,NaN,0.8,0.0515699296461089,0.0909090909090909,0.00556351308167158,0.0852824195971182,0.55,400,150,700,700,419,281,326,58,100,58,12965,4837,180,180,180,175,110,110,110,110,110,0,20
LIRCMOP5_BC,3,407,115,1,0.23,115,0,0.00749837711240934,0.0183228462509022,115,20,3,0.00601999685913207,27.8260869565217,0.141895150745304,0.22122644318211,0,20,0,20,16,0.173913043478261,0.0255028154903016,0.0951766641956093,0,0.117257916112043,NaN,0.5,0.0049082256061886,0.0869565217391304,0.0519379889558383,0.117994985904904,0.8,400,110,620,620,381,239,284,67,100,67,7441,2210,172,172,172,172,115,115,115,115,115,0,20
LIRCMOP5_BC,3,408,119,1,0.24,119,0,0.00753136171282418,0.0303221366287195,119,20,3,0.00622938805423232,26.890756302521,0.141895150745304,0.22122644318211,0,20,0,20,15,0.168067226890756,0.00731382962076953,0.107016240007426,0,0.129357389063337,NaN,0.7,0.0333168042220164,0.0833333333333333,0.0198958977527995,0.130249387339575,0.75,400,115,630,630,386,244,296,64,100,64,8103,2334,173,173,173,173,119,119,119,119,119,0,20
LIRCMOP5_BC,3,409,110,1,0.22,110,0,0.0082341589456898,0.0186431650888566,110,20,3,0.00575825786525677,29.0909090909091,0.13984735485001,0.234626395884591,0,20,0,20,15,0.181818181818182,0.0206709371326452,0.0919331010380473,0,0.11414283997459,NaN,1,0.0175575709199019,0.0909090909090909,0.0449750503171506,0.114907113362511,0.75,400,119,638,638,391,247,293,67,100,67,7885,2657,161,161,161,161,110,110,110,110,110,0,20
LIRCMOP5_BC,3,410,105,1,0.21,105,0,0.00664836886761004,0.0143209715327027,105,20,3,0.00549651887138146,30.4761904761905,0.145821359313063,0.234445217384228,0,20,0,20,16,0.19047619047619,0.0756021149129206,0.0956622797303682,0,0.118172396583752,NaN,0.35,-0.00275592098259558,0.0952380952380952,0.10093149823526,0.118941141956698,0.8,400,110,620,620,395,225,295,62,100,62,7022,2256,172,172,172,167,105,105,105,105,105,0,20
LIRCMOP5_BC,3,411,128,1,0.26,128,0,0.00787775351851437,0.0179913785280893,128,20,3,0.00670051824320787,25,0.145821359313063,0.282792443117188,0,20,0,20,15,0.15625,0.00977064942529723,0.0872448106226432,0,0.109161702170203,NaN,0.65,0.0678272270033533,0.0769230769230769,0.0255950342098901,0.109537637876453,0.75,400,105,610,610,379,231,299,68,100,68,7287,2158,184,184,184,184,128,128,128,128,128,0,20
LIRCMOP5_BC,3,412,144,1,0.31,144,0,0.0145019178719814,0.0548189086228414,144,20,3,0.00753808302360886,22.2222222222222,0.154511493858359,0.22122644318211,0,20,0,20,13,0.138888888888889,0.0468622934524369,0.0890720618366617,0,0.109407232283348,NaN,0.8,0.0622764361372988,0.193548387096774,0.0723793233140366,0.110799296020637,0.65,400,128,656,656,423,233,291,68,100,68,7577,2490,162,162,162,162,144,144,144,144,144,0,20
LIRCMOP5_BC,3,413,104,1,0.23,104,0,0.00844048944781346,0.043981281377443,104,20,3,0.0054441710726064,30.7692307692308,0.144613872159022,0.288292686797101,0,20,0,20,10,0.192307692307692,0.00295462015640297,0.0138230040794592,0,0.0390284249693611,NaN,1,0.136978470905513,0.0869565217391304,0.004474078649958,0.0395404354007017,0.5,400,144,688,688,421,267,292,62,100,62,10028,3898,159,159,159,159,104,104,104,104,104,0,20
LIRCMOP5_BC,3,414,105,1,0.21,105,0,0.0092894231036774,0.0153586878444739,105,20,3,0.00549651887138146,30.4761904761905,0.145821359313063,0.287876150170938,0,20,0,20,13,0.19047619047619,0.00624141994108578,0.0844531170330748,0,0.105969964552966,NaN,0.65,0.152703395887101,0.0952380952380952,0.0137083959738276,0.107944088050937,0.65,400,104,608,608,399,209,300,63,100,63,6219,2525,150,150,150,150,105,105,105,105,105,0,20
LIRCMOP5_BC,3,415,124,1,0.26,124,0,0.0104286008405854,0.0469040594888715,124,20,3,0.00649112704810763,25.8064516129032,0.136612201262114,0.287876150170938,0,20,0,20,12,0.161290322580645,0.00993548750259655,0.0675709211329045,0,0.0894662915421661,NaN,0.55,0.00754850458081777,0.230769230769231,0.0337971083331132,0.0922439099104073,0.6,400,105,610,610,375,235,296,63,100,63,6811,2941,159,159,159,159,124,124,124,124,124,0,20
LIRCMOP5_BC,3,416,115,1,0.23,115,0,0.00868739827133431,0.0168280710795877,115,20,3,0.00601999685913207,27.8260869565217,0.145821359313063,0.287876150170938,0,20,0,20,15,0.173913043478261,0.0118034783242233,0.100819542535283,0,0.121081791297905,NaN,0.55,0.0901185704574213,0.0869565217391304,0.0365360471978373,0.121775324497101,0.75,400,124,648,648,415,233,317,63,100,63,8513,3137,157,157,157,157,115,115,115,115,115,0,20
LIRCMOP5_BC,3,417,115,1,0.23,115,0,0.0089655434887951,0.0190280065514794,115,20,3,0.00601999685913207,27.8260869565217,0.133873350386957,0.26096330876581,0,20,0,20,17,0.173913043478261,0.0858184729226673,0.112260112940779,0,0.133135613122524,NaN,0.25,-0.0682091377673691,0.0869565217391304,0.106932288629017,0.135361845697126,0.85,400,115,630,630,396,234,306,69,100,69,7300,2549,166,166,166,166,115,115,115,115,115,0,20
LIRCMOP5_BC,3,418,120,1,0.24,120,0,0.0087376995650389,0.0164488895268125,120,20,3,0.00628173585300738,26.6666666666667,0.154705277841614,0.287876150170938,0,20,0,20,15,0.166666666666667,0.0207781760848376,0.0885228850489732,0,0.107938301575888,NaN,0.65,0.0784738635083672,0.0833333333333333,0.047307043379027,0.10858132572257,0.75,400,115,630,630,410,220,303,68,100,68,6881,2572,179,179,179,174,120,120,120,120,120,0,20
LIRCMOP5_BC,3,419,135,1,0.27,135,0,0.00740691590561267,0.0145596101109472,135,20,3,0.0070669528346333,23.7037037037037,0.15353814667601,0.287876150170938,0,20,0,20,16,0.148148148148148,0.00704126473497022,0.0857420928363184,0,0.106571013470687,NaN,0.6,0.155605464898462,0.0740740740740741,0.0206141373138766,0.107858592916757,0.8,400,120,640,640,400,240,315,68,100,68,7735,3246,184,184,184,184,135,135,135,135,135,0,20
LIRCMOP5_BC,3,420,118,1,0.24,118,0,0.00837580775047613,0.0532380793149652,118,20,3,0.00617704025545726,27.1186440677966,0.133873350386957,0.287876150170938,0,20,0,20,12,0.169491525423729,0.00680447693631831,0.0805459382437111,0,0.101166625753001,NaN,0.55,0.00902816338371251,0.166666666666667,0.0191106066097048,0.102818733141851,0.6,400,135,670,670,418,252,292,69,100,69,7383,3026,155,155,155,155,118,118,118,118,118,0,20
LIRCMOP5_BC,3,421,100,1,0.2,100,0,0.00814941480753057,0.0432798097952031,100,20,3,0.00523477987750615,32,0.140110025886109,0.274419729468374,0,20,0,20,14,0.2,0.0461848473840144,0.09125109171832,0,0.11186949623708,NaN,0.45,-0.0141443453911892,0.1,0.0723557449628976,0.113614037964741,0.7,400,118,636,636,406,230,298,64,100,64,7416,3007,155,155,155,155,100,100,100,100,100,0,20
LIRCMOP5_BC,3,422,93,1,0.19,93,0,0.00882130078037998,0.0254661612185933,93,20,3,0.00486834528608072,34.4086021505376,0.150751023907406,0.287876150170938,0,20,0,20,12,0.21505376344086,0.00166308183525674,0.0377008876774327,0,0.0605291728768428,NaN,0.85,0.157992440998577,0.105263157894737,0.00384529953557327,0.0642980756831063,0.6,400,100,600,600,390,210,291,59,100,59,6282,2462,144,144,144,144,93,93,93,93,93,0,20
LIRCMOP5_BC,3,423,136,1,0.28,136,0,0.0209661358255114,0.0620347294230208,136,20,3,0.00711930063340837,23.5294117647059,0.139358299081426,0.254791619877405,0,20,0,20,13,0.147058823529412,0.0678156654905315,0.111565333077078,0,0.133293307564332,NaN,0.7,0.0301260863218264,0.0714285714285714,0.0888747963170491,0.136159672796525,0.65,400,93,586,586,380,206,285,74,100,74,5508,2179,137,137,137,136,136,136,136,136,136,0,20
LIRCMOP5_BC,3,424,135,1,0.27,135,0,0.0111370744018086,0.0498744396262021,135,20,3,0.0070669528346333,23.7037037037037,0.133873350386957,0.254791619877405,0,20,0,20,11,0.148148148148148,0.0241372427265898,0.0815278075196491,0,0.102518541683694,NaN,0.7,0.0345371072765736,0.0740740740740741,0.0507483943248238,0.10403848575235,0.55,400,136,672,672,413,259,335,72,100,72,10563,4025,157,157,157,157,135,135,135,135,135,0,20
LIRCMOP5_BC,3,425,102,1,0.21,102,0,0.00954533145390954,0.0433104510414999,102,20,3,0.00533947547505627,31.3725490196078,0.139358299081426,0.295362065772959,0,20,0,20,12,0.196078431372549,0.00302251861267119,0.0839787188786513,0,0.10610099904299,NaN,0.75,0.0459902239830943,0.0952380952380952,0.00551210620569545,0.107063681313658,0.6,400,135,670,670,427,243,329,66,100,66,9265,3388,154,154,154,154,102,102,102,102,102,0,20
LIRCMOP5_BC,3,426,113,1,0.24,113,0,0.0144810548685592,0.0534313705629385,113,20,3,0.00591530126158195,28.3185840707965,0.133873350386957,0.288292686797101,0,20,0,20,10,0.176991150442478,0.0105478881910289,0.132008644635676,0,0.158736610348035,NaN,1,0.0708658754699241,0.125,0.0339695026418005,0.159119372181107,0.5,400,102,604,604,394,210,292,70,100,70,5909,2458,138,138,138,138,113,113,113,113,113,0,20
LIRCMOP5_BC,3,427,116,1,0.24,116,0,0.0100602445919146,0.04564244662305,116,20,3,0.00607234465790714,27.5862068965517,0.140668645859773,0.302021265644369,0,20,0,20,11,0.172413793103448,0.00385694163805687,0.0458896961492836,0,0.0728664089560429,NaN,1,0.05172811850712,0.0833333333333333,0.00591881428140405,0.0735286905349899,0.55,400,113,626,626,396,230,305,69,100,69,6978,2605,158,158,158,158,116,116,116,116,116,0,20
LIRCMOP5_BC,3,428,126,1,0.26,126,0,0.00861751987017818,0.0390854614879968,126,20,3,0.00659582264565775,25.3968253968254,0.139358299081426,0.288292686797101,0,20,0,20,10,0.158730158730159,0.00172402790838194,0.0106399464001293,0,0.0347812629518866,NaN,1,0.0510632244844703,0.0769230769230769,0.00235246307477472,0.035267557725893,0.5,400,116,632,632,398,234,308,69,100,69,7138,2733,174,174,174,174,126,126,126,126,126,0,20
LIRCMOP5_BC,3,429,130,1,0.26,130,0,0.0109899436322492,0.0448535714747257,130,20,3,0.006805213840758,24.6153846153846,0.13334980346489,0.288292686797101,0,20,0,20,12,0.153846153846154,0.00120266569356189,0.00883446453937328,0,0.0237077644620291,NaN,0.8,0.0278360721708766,0.0769230769230769,0.00128178515350048,0.0242307551410706,0.6,400,126,652,652,407,245,321,73,100,73,7863,3236,177,177,177,177,130,130,130,130,130,0,20
LIRCMOP5_BC,3,430,120,1,0.24,120,0,0.00736237458680179,0.0394471404443192,120,20,3,0.00628173585300738,26.6666666666667,0.131548279225341,0.288292686797101,0,20,0,20,7,0.166666666666667,0.00247229728944928,0.00848040163279189,0,0.0162691978000617,NaN,1,0.0417699692010367,0.0833333333333333,0.00277541398634688,0.0167295476611343,0.35,400,130,660,660,402,258,319,69,100,69,8010,3194,165,165,165,165,120,120,120,120,120,0,20
LIRCMOP5_BC,3,431,125,1,0.25,125,0,0.00750470373716339,0.0146976899953861,125,20,3,0.00654347484688269,25.6,0.133873350386957,0.288292686797101,0,20,0,20,20,0.16,0.0654978727304774,0.0677850372614985,0,0.0882608765059726,NaN,0,-0.108013701271226,0.08,0.0865910408821571,0.0892673111917249,1,400,120,640,640,409,231,299,71,100,71,6627,2598,170,170,170,170,125,125,125,125,125,0,20
LIRCMOP5_BC,3,432,120,1,0.24,120,0,0.00779905639669484,0.0146874242374564,120,20,3,0.00628173585300738,26.6666666666667,0.142312187147182,0.286404963371907,0,20,0,20,16,0.166666666666667,0.0510283138565282,0.0588495354974867,0,0.0792318267782202,NaN,0,-0.0944514764374993,0.0833333333333333,0.0743310396958724,0.0795569987439441,0.8,400,125,650,650,421,229,316,69,100,69,6746,2615,164,164,164,164,120,120,120,120,120,0,20
LIRCMOP5_BC,3,433,115,1,0.23,115,0,0.00654861305866358,0.017779708121926,115,20,3,0.00601999685913207,27.8260869565217,0.12199152846669,0.254791619877405,0,20,0,20,11,0.173913043478261,0.0162078475498293,0.0669723883872936,0,0.0876901001275733,NaN,0.45,-0.0310822233819854,0.0869565217391304,0.0396026204917687,0.0880215753317505,0.55,400,120,640,640,395,245,313,67,100,67,7350,2338,180,180,180,175,115,115,115,115,115,0,20
LIRCMOP5_BC,3,434,121,1,0.25,121,0,0.00948994054380541,0.0494773239294374,121,20,3,0.00633408365178244,26.4462809917355,0.121099216413112,0.254791619877405,0,20,0,20,12,0.165289256198347,0.00753793965880086,0.0529103410827563,0,0.0747060512673997,NaN,0.5,0.00282266093157932,0.08,0.0226361820838249,0.0767562861131137,0.6,400,115,630,630,405,225,311,72,100,72,6474,2365,181,181,181,181,121,121,121,121,121,0,20
LIRCMOP5_BC,3,435,110,1,0.22,110,0,0.00721114122659521,0.0129120824150483,110,20,3,0.00575825786525677,29.0909090909091,0.127932439426824,0.227007635015427,0,20,0,20,19,0.181818181818182,0.0595799231592694,0.0624682905754573,0,0.0834581924443033,NaN,0,-0.109760204190639,0.0909090909090909,0.0823310608964153,0.0843844695489241,0.95,400,121,642,642,395,247,294,69,100,69,6959,2518,163,163,163,163,110,110,110,110,110,0,20
LIRCMOP5_BC,3,436,126,1,0.26,126,0,0.00859145553498954,0.0136800108900699,126,20,3,0.00659582264565775,25.3968253968254,0.152049417959706,0.288292686797101,0,20,0,20,16,0.158730158730159,0.0521365336745182,0.0567429696174506,0,0.0781478783165458,NaN,0,-0.115768557876604,0.0769230769230769,0.0760022652501102,0.0789559072075698,0.8,400,110,620,620,390,230,291,70,100,70,5978,2489,162,162,162,162,126,126,126,126,126,0,20
LIRCMOP5_BC,3,437,140,1,0.28,140,0,0.0102336252776583,0.0186606795413924,140,20,3,0.00732869182850861,22.8571428571429,0.152049417959706,0.288292686797101,0,20,0,20,18,0.142857142857143,0.0607061210368724,0.0633483188766771,0,0.0846211845433185,NaN,0,-0.121343242841722,0.0714285714285714,0.0835017027586942,0.0855929065768198,0.9,400,126,652,652,401,251,331,73,100,73,8092,3226,179,179,179,179,140,140,140,140,140,0,20
LIRCMOP5_BC,3,438,135,1,0.27,135,0,0.00766652883282417,0.0175163611283254,135,20,3,0.0070669528346333,23.7037037037037,0.150751023907406,0.255515851323854,0,20,0,20,15,0.148148148148148,0.0488257263933422,0.0554338051645991,0,0.0762164603188942,NaN,0,-0.104934190276958,0.0740740740740741,0.0724920440643377,0.076962988656793,0.75,400,140,680,680,417,263,338,71,100,71,8757,3565,164,164,164,164,135,135,135,135,135,0,20
LIRCMOP5_BC,3,439,127,1,0.26,127,0,0.00770927576214423,0.0128483735280429,127,20,3,0.00664817044443281,25.1968503937008,0.133873350386957,0.227007635015427,0,20,0,20,18,0.15748031496063,0.0549324348749381,0.0573822025917405,0,0.0783786070003426,NaN,0,-0.116763642161048,0.0769230769230769,0.0770816419925837,0.0795608538368571,0.9,400,135,670,670,400,270,329,72,100,72,9088,3040,180,180,180,175,127,127,127,127,127,0,20
LIRCMOP5_BC,3,440,150,1,0.3,150,0,0.00662045886127352,0.0143633382399441,150,20,3,0.00785216981625923,21.3333333333333,0.138023942051655,0.279346494707881,0,20,0,20,20,0.133333333333333,0.0618567336320992,0.0631419626844329,0,0.0848810198474218,NaN,0,-0.155060697756392,0.0666666666666667,0.0837230279113883,0.086678272450814,1,400,127,654,654,411,243,314,81,97,78,8622,2737,190,190,190,185,150,150,150,150,150,0,20
LIRCMOP5_BC,3,441,140,1,0.28,140,0,0.00814181634232058,0.0136310454057945,140,20,3,0.00732869182850861,22.8571428571429,0.122664812151305,0.274898711838569,0,20,0,20,19,0.142857142857143,0.0626704671308826,0.0678853274861492,0,0.0892374113716758,NaN,0,-0.114336563573563,0.0714285714285714,0.084369021844429,0.0902993911513367,0.95,400,150,700,700,423,277,327,71,100,71,8804,3247,193,193,193,188,140,140,140,140,140,0,20
LIRCMOP5_BC,3,442,145,1,0.29,145,0,0.00795286216324017,0.0179490027618171,145,20,3,0.00759043082238392,22.0689655172414,0.12199152846669,0.266118367544594,0,20,0,20,15,0.137931034482759,0.0493799462452211,0.0597708571708429,0,0.0802108093361521,NaN,0.1,-0.0890807971321523,0.0689655172413793,0.0724743661153209,0.0807319324669392,0.75,400,140,680,680,419,261,332,74,100,74,8285,2866,192,192,192,187,145,145,145,145,145,0,20
LIRCMOP5_BC,3,443,150,1,0.3,150,0,0.00694527709303762,0.0138880802506075,150,20,3,0.00785216981625923,21.3333333333333,0.134626294315248,0.258855415665517,0,20,0,20,14,0.133333333333333,0.0445373721682776,0.0533359899672217,0,0.0735803856867488,NaN,0,-0.106116494000982,0.0666666666666667,0.0677125006640538,0.074040545580621,0.7,400,145,690,690,420,270,345,74,100,74,8624,2832,196,196,196,196,150,150,150,150,150,0,20
LIRCMOP5_BC,3,444,135,1,0.27,135,0,0.00683787536682357,0.0139855969915598,135,20,3,0.0070669528346333,23.7037037037037,0.117526893706133,0.227007635015427,0,20,0,20,3,0.148148148148148,0.00921280735876272,0.0204747412748871,0,0.0414118704787305,NaN,1,0.139570807255454,0.0740740740740741,0.0216468929585703,0.0418488723804748,0.15,400,150,700,700,420,280,336,75,100,75,8608,3235,182,182,182,182,135,135,135,135,135,0,20
LIRCMOP5_BC,3,445,152,1,0.31,152,0,0.00746409989619939,0.0185256163932064,152,20,3,0.00795686541380935,21.0526315789474,0.135379238243538,0.25826026230359,0,20,0,20,3,0.131578947368421,0.0101609135496876,0.0192014551783546,0,0.040778719418526,NaN,0.85,0.11771204958059,0.0645161290322581,0.0253285928263132,0.0411653376044059,0.15,400,135,670,670,415,255,332,76,100,76,8518,2698,205,205,205,200,152,152,152,152,152,0,20
LIRCMOP5_BC,3,446,135,1,0.27,135,0,0.00782937960511568,0.0186178237423524,135,20,3,0.0070669528346333,23.7037037037037,0.122683572285891,0.227007635015427,0,20,0,20,2,0.148148148148148,0.015414286245199,0.0212488306547346,0,0.0426371527964159,NaN,0.55,0.0344523703509287,0.0740740740740741,0.0372221207132676,0.0432125625168102,0.1,400,152,704,704,430,274,352,77,100,77,10724,3169,184,184,184,179,135,135,135,135,135,0,20
LIRCMOP5_BC,3,447,155,1,0.31,155,0,0.00836651556985778,0.019390509810402,155,20,3,0.00811390881013453,20.6451612903226,0.141213999688125,0.252432258362273,0,20,0,20,2,0.129032258064516,0.0102278178479536,0.0184847184435279,0,0.0400234043429714,NaN,0.65,0.070199931174711,0.0645161290322581,0.0284304005284374,0.0403969036829596,0.1,400,135,670,670,414,256,339,80,100,80,9243,2850,190,190,190,190,155,155,155,155,155,0,20
LIRCMOP5_BC,3,448,137,1,0.28,137,0,0.00743441499637298,0.0198194816533066,137,20,3,0.00717164843218343,23.3576642335766,0.141213999688125,0.292001466019334,0,20,0,20,2,0.145985401459854,0.0141071576223497,0.0221396960982878,0,0.0439542581048972,NaN,0.55,0.0452312945555975,0.0714285714285714,0.0352533244472463,0.0444204589040867,0.1,400,155,710,710,435,275,339,77,100,77,11219,3014,187,187,187,187,137,137,137,137,137,0,20
LIRCMOP5_BC,3,449,135,1,0.27,135,0,0.00733834747435149,0.0180167822062261,135,20,3,0.0070669528346333,23.7037037037037,0.135505679414184,0.227007635015427,0,20,0,20,3,0.148148148148148,0.00893366248179651,0.018442120600139,0,0.03939075639673,NaN,0.7,0.0840025347683186,0.0740740740740741,0.0283239795279336,0.039900457902361,0.15,400,137,674,674,411,263,328,80,100,80,8936,3360,198,198,198,193,135,135,135,135,135,0,20
LIRCMOP5_BC,3,450,120,1,0.24,120,0,0.00681205298834303,0.0137215861599843,120,20,3,0.00628173585300738,26.6666666666667,0.132333036733316,0.199233251250171,0,20,0,20,5,0.166666666666667,0.00813059929441094,0.0136230779715494,0,0.0337504419398889,NaN,1,0.164645907068675,0.0833333333333333,0.0231163495487172,0.0341256241116989,0.25,400,135,670,670,419,251,336,77,100,77,8929,2646,171,171,171,166,120,120,120,120,120,0,20
LIRCMOP5_BC,3,451,149,1,0.3,149,0,0.00656553612483643,0.0204432644712942,149,20,3,0.00779982201748416,21.4765100671141,0.135379238243538,0.214343794471097,0,20,0,20,6,0.134228187919463,0.00666068218333817,0.0108006003605683,0,0.0306863433540971,NaN,1,0.166076685084817,0.0666666666666667,0.0203716343379783,0.0311123037947809,0.3,400,120,640,640,392,248,323,78,100,78,7407,2802,186,186,186,186,149,149,149,149,149,0,20
LIRCMOP5_BC,3,452,145,1,0.29,145,0,0.00814199100196072,0.0159666909593438,145,20,3,0.00759043082238392,22.0689655172414,0.14400611301751,0.297076392103056,0,20,0,20,5,0.137931034482759,0.00645906998315255,0.00991778174641328,0,0.0308177640510685,NaN,1,0.180135419948308,0.0689655172413793,0.0192250832863213,0.0312421419905059,0.25,400,149,698,698,421,277,334,76,100,76,9345,3071,210,210,210,200,145,145,145,145,145,0,20
LIRCMOP5_BC,3,453,157,1,0.32,157,0,0.00907824468467847,0.021286767766375,157,20,3,0.00821860440768466,20.3821656050955,0.150748804558748,0.289073785759949,0,20,0,20,4,0.127388535031847,0.0124996857783822,0.0226877206898134,0,0.044234686816301,NaN,1,0.151215755277125,0.0625,0.0349407666056372,0.0446168131351859,0.2,400,145,690,690,415,275,334,74,100,74,8961,3525,190,190,190,190,157,157,157,157,157,0,20
LIRCMOP5_BC,3,454,125,1,0.25,125,0,0.00697513971442378,0.0167972031619585,125,20,3,0.00654347484688269,25.6,0.135379238243538,0.261597912063168,0,20,0,20,7,0.16,0.00761147026778769,0.0162822306149661,0,0.0368965426417739,NaN,1,0.150896449583913,0.08,0.0276547027055906,0.0372163672415294,0.35,400,157,714,714,431,283,337,71,100,71,9446,3659,169,169,169,169,125,125,125,125,125,0,20
LIRCMOP5_BC,3,455,125,1,0.25,125,0,0.00769106491698172,0.0132916530854419,125,20,3,0.00654347484688269,25.6,0.135379238243538,0.261597912063168,0,20,0,20,8,0.16,0.0106651936547244,0.0173515054613012,0,0.0378290854932609,NaN,1,0.131660673704627,0.08,0.0320878457632056,0.038218181696608,0.4,400,125,650,650,417,233,322,74,100,74,7728,3016,174,174,174,174,125,125,125,125,125,0,20
LIRCMOP5_BC,3,456,142,1,0.29,142,0,0.0119185886150376,0.0230772031042532,142,20,3,0.00743338742605873,22.5352112676056,0.152769205920967,0.261597912063168,0,20,0,20,13,0.140845070422535,8.99237921418557e-05,0.00741527004387793,0,0.0114371208804849,NaN,1,0.247828144821515,0.0689655172413793,0.000371177216702471,0.0160916709203038,0.65,400,125,650,650,404,246,328,82,100,82,9318,3277,177,177,177,177,142,142,142,142,142,0,20
LIRCMOP5_BC,3,457,164,1,0.33,164,0,0.00802744718694277,0.0148005508935252,164,20,3,0.00858503899911009,19.5121951219512,0.105169573929646,0.183537533973421,0,20,0,20,6,0.121951219512195,0.00946753237578183,0.0172869824480741,0,0.037855772253309,NaN,1,0.193000581522656,0.0606060606060606,0.0305442718837668,0.0381711110291107,0.3,400,142,684,684,420,264,342,77,100,77,9657,3938,217,217,217,217,164,164,164,164,164,0,20
LIRCMOP5_BC,3,458,147,1,0.3,147,0,0.00845888430622775,0.0188657752409898,147,20,3,0.00769512641993404,21.7687074829932,0.103441307659246,0.183537533973421,0,20,0,20,3,0.136054421768707,0.0142289315651498,0.0212430205124061,0,0.0426513184207643,NaN,1,0.127263075940414,0.0666666666666667,0.0369225948223392,0.0429797430251082,0.15,400,164,728,728,450,278,357,78,100,78,11555,4303,183,183,183,178,147,147,147,147,147,0,20
LIRCMOP5_BC,3,459,150,1,0.3,150,0,0.00841822082441086,0.0180338028845067,150,20,3,0.00785216981625923,21.3333333333333,0.112729256639105,0.210032659929169,0,20,0,20,5,0.133333333333333,0.00893577692780365,0.0187379256654156,0,0.0404288502220097,NaN,1,0.151634941758644,0.0666666666666667,0.0307398832885937,0.0408494587915114,0.25,400,147,694,694,414,280,351,77,100,77,9907,4004,202,202,202,197,150,150,150,150,150,0,20
