problem,run,condition_mode,gen,bmem_count,boundary_count,bmem_ref_coverage,finite_gap_count,inf_gap_count,median_gap,max_gap,train_count,query_count,condition_dim,train_param_ratio,gan_sample_reuse,train_pair_dec_dist50,train_pair_dec_dist90,train_tau_iqr,missing_ref_query_count,large_gap_query_count,raw_generated_count,feasible_generated_count,generated_per_train,boundary_dist50,boundary_dist90,query_width90,segment_width90,segment_width90_ratio,side_rate,pair_margin50,ref_cover,query_obj_dist50,query_obj_dist90,missing_ref_query_obj_dist90,large_gap_query_obj_dist90,feasible_rate,boundary_sample_current_count,boundary_sample_prev_pair_count,boundary_sample_merged_count,boundary_sample_finite_count,boundary_feasible_count,boundary_infeasible_count,boundary_main_feasible_count,boundary_ref_with_main_feasible_count,boundary_ref_with_neighbor_infeasible_count,boundary_ref_pairable_count,boundary_pair_distance_count,boundary_pair_dominated_skip_count,boundary_pair_appended_count,boundary_candidate_raw_count,boundary_candidate_finite_count,boundary_candidate_pareto_count,boundary_candidate_gap_count,boundary_candidate_dedup_count,boundary_candidate_final_count,dataset_bmem_input_count,dataset_valid_train_count,dataset_invalid_train_count,dataset_query_count
LIRCMOP8_BC,3,ref_y,1,0,0,NaN,0,0,NaN,NaN,0,0,4,0,NaN,NaN,NaN,NaN,0,0,0,0,NaN,NaN,NaN,NaN,NaN,NaN,NaN,NaN,NaN,NaN,NaN,NaN,NaN,NaN,400,0,400,400,400,0,8,8,0,0,0,0,0,0,0,0,0,0,0,0,0,0,0
LIRCMOP8_BC,3,ref_y,2,0,0,NaN,0,0,NaN,NaN,0,0,4,0,NaN,NaN,NaN,NaN,0,0,0,0,NaN,NaN,NaN,NaN,NaN,NaN,NaN,NaN,NaN,NaN,NaN,NaN,NaN,NaN,400,0,400,400,400,0,11,7,0,0,0,0,0,0,0,0,0,0,0,0,0,0,0
LIRCMOP8_BC,3,ref_y,3,0,0,NaN,0,0,NaN,NaN,0,0,4,0,NaN,NaN,NaN,NaN,0,0,0,0,NaN,NaN,NaN,NaN,NaN,NaN,NaN,NaN,NaN,NaN,NaN,NaN,NaN,NaN,400,0,400,400,400,0,9,9,0,0,0,0,0,0,0,0,0,0,0,0,0,0,0
LIRCMOP8_BC,3,ref_y,4,0,0,NaN,0,0,NaN,NaN,0,0,4,0,NaN,NaN,NaN,NaN,0,0,0,0,NaN,NaN,NaN,NaN,NaN,NaN,NaN,NaN,NaN,NaN,NaN,NaN,NaN,NaN,400,0,400,400,400,0,11,9,0,0,0,0,0,0,0,0,0,0,0,0,0,0,0
LIRCMOP8_BC,3,ref_y,5,0,0,NaN,0,0,NaN,NaN,0,0,4,0,NaN,NaN,NaN,NaN,0,0,0,0,NaN,NaN,NaN,NaN,NaN,NaN,NaN,NaN,NaN,NaN,NaN,NaN,NaN,NaN,400,0,400,400,400,0,15,11,0,0,0,0,0,0,0,0,0,0,0,0,0,0,0
LIRCMOP8_BC,3,ref_y,6,0,0,NaN,0,0,NaN,NaN,0,0,4,0,NaN,NaN,NaN,NaN,0,0,0,0,NaN,NaN,NaN,NaN,NaN,NaN,NaN,NaN,NaN,NaN,NaN,NaN,NaN,NaN,400,0,400,400,400,0,15,10,0,0,0,0,0,0,0,0,0,0,0,0,0,0,0
LIRCMOP8_BC,3,ref_y,7,0,0,NaN,0,0,NaN,NaN,0,0,4,0,NaN,NaN,NaN,NaN,0,0,0,0,NaN,NaN,NaN,NaN,NaN,NaN,NaN,NaN,NaN,NaN,NaN,NaN,NaN,NaN,400,0,400,400,400,0,9,6,0,0,0,0,0,0,0,0,0,0,0,0,0,0,0
LIRCMOP8_BC,3,ref_y,8,0,0,NaN,0,0,NaN,NaN,0,0,4,0,NaN,NaN,NaN,NaN,0,0,0,0,NaN,NaN,NaN,NaN,NaN,NaN,NaN,NaN,NaN,NaN,NaN,NaN,NaN,NaN,400,0,400,400,400,0,17,9,0,0,0,0,0,0,0,0,0,0,0,0,0,0,0
LIRCMOP8_BC,3,ref_y,9,0,0,NaN,0,0,NaN,NaN,0,0,4,0,NaN,NaN,NaN,NaN,0,0,0,0,NaN,NaN,NaN,NaN,NaN,NaN,NaN,NaN,NaN,NaN,NaN,NaN,NaN,NaN,400,0,400,400,400,0,27,12,0,0,0,0,0,0,0,0,0,0,0,0,0,0,0
LIRCMOP8_BC,3,ref_y,10,0,0,NaN,0,0,NaN,NaN,0,0,4,0,NaN,NaN,NaN,NaN,0,0,0,0,NaN,NaN,NaN,NaN,NaN,NaN,NaN,NaN,NaN,NaN,NaN,NaN,NaN,NaN,400,0,400,400,400,0,40,17,0,0,0,0,0,0,0,0,0,0,0,0,0,0,0
LIRCMOP8_BC,3,ref_y,11,0,0,NaN,0,0,NaN,NaN,0,0,4,0,NaN,NaN,NaN,NaN,0,0,0,0,NaN,NaN,NaN,NaN,NaN,NaN,NaN,NaN,NaN,NaN,NaN,NaN,NaN,NaN,400,0,400,400,400,0,23,15,0,0,0,0,0,0,0,0,0,0,0,0,0,0,0
LIRCMOP8_BC,3,ref_y,12,0,0,NaN,0,0,NaN,NaN,0,0,4,0,NaN,NaN,NaN,NaN,0,0,0,0,NaN,NaN,NaN,NaN,NaN,NaN,NaN,NaN,NaN,NaN,NaN,NaN,NaN,NaN,400,0,400,400,400,0,27,18,0,0,0,0,0,0,0,0,0,0,0,0,0,0,0
LIRCMOP8_BC,3,ref_y,13,0,0,NaN,0,0,NaN,NaN,0,0,4,0,NaN,NaN,NaN,NaN,0,0,0,0,NaN,NaN,NaN,NaN,NaN,NaN,NaN,NaN,NaN,NaN,NaN,NaN,NaN,NaN,400,0,400,400,400,0,24,17,0,0,0,0,0,0,0,0,0,0,0,0,0,0,0
LIRCMOP8_BC,3,ref_y,14,0,0,NaN,0,0,NaN,NaN,0,0,4,0,NaN,NaN,NaN,NaN,0,0,0,0,NaN,NaN,NaN,NaN,NaN,NaN,NaN,NaN,NaN,NaN,NaN,NaN,NaN,NaN,400,0,400,400,400,0,22,18,0,0,0,0,0,0,0,0,0,0,0,0,0,0,0
LIRCMOP8_BC,3,ref_y,15,0,0,NaN,0,0,NaN,NaN,0,0,4,0,NaN,NaN,NaN,NaN,0,0,0,0,NaN,NaN,NaN,NaN,NaN,NaN,NaN,NaN,NaN,NaN,NaN,NaN,NaN,NaN,400,0,400,400,400,0,42,21,0,0,0,0,0,0,0,0,0,0,0,0,0,0,0
LIRCMOP8_BC,3,ref_y,16,0,0,NaN,0,0,NaN,NaN,0,0,4,0,NaN,NaN,NaN,NaN,0,0,0,0,NaN,NaN,NaN,NaN,NaN,NaN,NaN,NaN,NaN,NaN,NaN,NaN,NaN,NaN,400,0,400,400,400,0,79,28,0,0,0,0,0,0,0,0,0,0,0,0,0,0,0
LIRCMOP8_BC,3,ref_y,17,0,0,NaN,0,0,NaN,NaN,0,0,4,0,NaN,NaN,NaN,NaN,0,0,0,0,NaN,NaN,NaN,NaN,NaN,NaN,NaN,NaN,NaN,NaN,NaN,NaN,NaN,NaN,400,0,400,400,400,0,68,26,0,0,0,0,0,0,0,0,0,0,0,0,0,0,0
LIRCMOP8_BC,3,ref_y,18,0,0,NaN,0,0,NaN,NaN,0,0,4,0,NaN,NaN,NaN,NaN,0,0,0,0,NaN,NaN,NaN,NaN,NaN,NaN,NaN,NaN,NaN,NaN,NaN,NaN,NaN,NaN,400,0,400,400,400,0,44,24,0,0,0,0,0,0,0,0,0,0,0,0,0,0,0
LIRCMOP8_BC,3,ref_y,19,0,0,NaN,0,0,NaN,NaN,0,0,4,0,NaN,NaN,NaN,NaN,0,0,0,0,NaN,NaN,NaN,NaN,NaN,NaN,NaN,NaN,NaN,NaN,NaN,NaN,NaN,NaN,400,0,400,400,400,0,56,24,0,0,0,0,0,0,0,0,0,0,0,0,0,0,0
LIRCMOP8_BC,3,ref_y,20,0,0,NaN,0,0,NaN,NaN,0,0,4,0,NaN,NaN,NaN,NaN,0,0,0,0,NaN,NaN,NaN,NaN,NaN,NaN,NaN,NaN,NaN,NaN,NaN,NaN,NaN,NaN,400,0,400,400,400,0,85,24,0,0,0,0,0,0,0,0,0,0,0,0,0,0,0
LIRCMOP8_BC,3,ref_y,21,10,1,0.04,10,0,0.0126532558856765,0.0260391773994824,10,16,4,0.000519993760074879,100,0.322917879076903,0.43307104634431,0,7,9,16,16,1.6,0.376020678486654,0.376189920498021,0,0.377694551121509,NaN,1,0.0273869583689693,1,0.376764368121355,0.377760328288565,0.377366664408769,0.377802290663369,1,400,0,400,400,397,3,88,37,18,4,28,0,10,10,10,10,10,10,10,10,10,0,16
LIRCMOP8_BC,3,ref_y,22,15,1,0.05,15,0,0.00770789720687698,0.011814213925917,15,20,4,0.000779990640112319,100,0.375312043355855,0.449156892584073,0,12,8,20,20,1.33333333333333,0.360698732150235,0.364394025446169,0,0.364708376131761,NaN,0.9,0.0456510253586658,1,0.362342452949613,0.364864407997408,0.363624714080362,0.365271036588021,1,400,10,420,420,404,16,112,35,24,6,240,0,18,18,18,18,15,15,15,15,15,0,20
LIRCMOP8_BC,3,ref_y,23,30,1,0.12,30,0,0.00997554597402489,0.0265412853720639,30,20,4,0.00155998128022464,100,0.297453423595783,0.416985200104547,0,20,0,20,20,0.666666666666667,0.308514978971482,0.313264755535666,0,0.313264755535666,NaN,0.9,0.054611464529104,0.583333333333333,0.311104798988194,0.313985156264507,0.313985156264507,NaN,1,400,15,430,430,399,31,142,41,46,12,342,0,30,30,30,30,30,30,30,30,30,0,20
LIRCMOP8_BC,3,ref_y,24,27,1,0.1,27,0,0.00551706606057218,0.0112519650843436,27,20,4,0.00140398315220217,100,0.323075141985468,0.425555230181307,0,20,0,20,20,0.740740740740741,0.25695031090607,0.258999598717495,0,0.261072242415125,NaN,0.95,0.0650531624335529,0.7,0.259511724217172,0.261620837377881,0.261620837377881,NaN,1,400,30,460,460,417,43,149,36,45,10,244,0,30,30,30,30,27,27,27,27,27,0,20
LIRCMOP8_BC,3,ref_y,25,36,1,0.12,36,0,0.00555780449234859,0.0105672522379947,36,20,4,0.00187197753626956,88.8888888888889,0.32658851207808,0.371010104840617,0,20,0,20,20,0.555555555555556,0.185764767073717,0.1886464730712,0,0.194527579083518,NaN,1,0.0733125156594171,0.75,0.187676272733035,0.195091716485993,0.195091716485993,NaN,1,400,27,454,454,410,44,171,36,47,12,309,0,36,36,36,36,36,36,36,36,36,0,20
LIRCMOP8_BC,3,ref_y,26,42,1,0.14,42,0,0.00527159995407305,0.0103980430942575,42,20,4,0.00218397379231449,76.1904761904762,0.368429102043655,0.444840824784242,0,20,0,20,20,0.476190476190476,0.122585938402089,0.124636151109697,0,0.126667705662144,NaN,0.9,0.0222590468692475,0.785714285714286,0.124618967465199,0.127066883782566,0.127066883782566,NaN,1,400,36,472,472,420,52,110,38,46,15,453,0,43,43,43,43,42,42,42,42,42,0,20
LIRCMOP8_BC,3,ref_y,27,59,1,0.2,59,0,0.00394165025093663,0.00854981941649725,59,20,4,0.00306796318444179,54.2372881355932,0.365263927131969,0.498382235090836,0,20,0,20,20,0.338983050847458,0.129099685511783,0.130605704509321,0,0.13203459741006,NaN,0.8,0.0285353605329295,0.8,0.13122043512017,0.132777724583185,0.132777724583185,NaN,1,400,42,484,484,413,71,130,42,56,21,962,0,62,62,62,62,59,59,59,59,59,0,20
LIRCMOP8_BC,3,ref_y,28,66,1,0.22,66,0,0.00405311520970438,0.0086993056544582,66,20,4,0.0034319588164942,48.4848484848485,0.353189309124518,0.498382235090836,0,20,0,20,20,0.303030303030303,0.13657470976554,0.143173628347814,0,0.145345990966754,NaN,0.7,0.019096673967419,0.772727272727273,0.137254757109896,0.14598435798368,0.14598435798368,NaN,1,400,59,518,518,434,84,188,44,55,23,1520,0,69,69,69,69,66,66,66,66,66,0,20
LIRCMOP8_BC,3,ref_y,29,60,1,0.2,60,0,0.00390306776011991,0.00967959791579319,60,20,4,0.00311996256044927,53.3333333333333,0.32480378716194,0.462708388268589,0,20,0,20,20,0.333333333333333,0.0892729661825435,0.0905619416716509,0,0.0985746697263993,NaN,0.95,0.0409740064754165,0.75,0.0924001674513717,0.100812657532586,0.100812657532586,NaN,1,400,66,532,532,437,95,220,39,58,24,2058,0,70,70,70,70,60,60,60,60,60,0,20
LIRCMOP8_BC,3,ref_y,30,74,1,0.25,74,0,0.00361896722582473,0.00931420619356348,74,20,4,0.00384795382455411,43.2432432432432,0.371010104840617,0.509366435657037,0,20,0,20,20,0.27027027027027,0.0723115911406701,0.0783849424693574,0,0.086453987905162,NaN,0.95,0.0377855271506214,0.68,0.0752015172888653,0.0870871406276907,0.0870871406276907,NaN,1,400,60,520,520,433,87,176,45,67,28,1270,0,80,80,80,80,74,74,74,74,74,0,20
LIRCMOP8_BC,3,ref_y,31,80,1,0.29,80,0,0.00469598722455321,0.015926474538877,80,20,4,0.00415995008059903,40,0.35667949025335,0.423260606425926,0,20,0,20,20,0.25,0.0680650976955332,0.0711894542797517,0,0.0854839027146713,NaN,0.95,0.0397946447772393,0.620689655172414,0.0731265869583039,0.0870526014105266,0.0870526014105266,NaN,1,400,74,548,548,435,113,178,45,68,35,2294,0,102,102,102,102,80,80,80,80,80,0,20
LIRCMOP8_BC,3,ref_y,32,99,1,0.33,99,0,0.0036092377351295,0.0111646420212884,99,20,4,0.0051479382247413,32.3232323232323,0.356414940722964,0.50312912969402,0,20,0,20,20,0.202020202020202,0.059387356841564,0.064888754172552,0,0.0817217052424344,NaN,0.9,0.0436646426171314,0.666666666666667,0.0628785318701094,0.0824549440526321,0.0824549440526321,NaN,1,400,80,560,560,449,111,214,54,67,37,2061,0,111,111,111,111,99,99,99,99,99,0,20
LIRCMOP8_BC,3,ref_y,33,96,1,0.32,96,0,0.00585032148726669,0.0144618981695299,96,20,4,0.00499194009671884,33.3333333333333,0.362227330534731,0.626850853961047,0,18,2,20,20,0.208333333333333,0.0504122565296555,0.059213506922457,0,0.0669426377892962,NaN,0.9,0.0143171620594141,0.59375,0.0568117231134267,0.0673925549807921,0.0682328079448436,0.0618768378284161,1,400,99,598,598,459,139,250,53,62,38,4227,0,114,114,114,114,96,96,96,96,96,0,20
LIRCMOP8_BC,3,ref_y,34,98,1,0.33,98,0,0.0047809799409301,0.0155890505352349,98,20,4,0.00509593884873382,32.6530612244898,0.356414940722964,0.509366435657037,0,20,0,20,20,0.204081632653061,0.0440414683611283,0.0520152026507328,0,0.0645489002079403,NaN,0.9,0.0259452270426405,0.636363636363636,0.0533895115735713,0.0651680792442191,0.0651680792442191,NaN,1,400,96,592,592,450,142,241,51,77,39,4013,0,115,115,115,115,98,98,98,98,98,0,20
LIRCMOP8_BC,3,ref_y,35,117,1,0.39,117,0,0.0044481025558645,0.0122736275827502,117,20,4,0.00608392699287609,27.3504273504273,0.362301998917239,0.584252792635809,0,20,0,20,20,0.170940170940171,0.048603431744796,0.0554873088816388,0,0.0705990586082322,NaN,1,0.0358421985553066,0.641025641025641,0.0562856484576229,0.0719380503205719,0.0719380503205719,NaN,1,400,98,596,596,460,136,232,57,83,46,3028,0,138,138,138,138,117,117,117,117,117,0,20
LIRCMOP8_BC,3,ref_y,36,123,1,0.41,123,0,0.00462376606196842,0.0124401096070567,123,20,4,0.00639592324892101,26.0162601626016,0.356414940722964,0.524343707052792,0,20,0,20,20,0.16260162601626,0.0381801727166303,0.0499080852549108,0,0.0691032010752237,NaN,1,0.0298023151132344,0.609756097560976,0.0477230731612255,0.0707336333868262,0.0707336333868262,NaN,1,400,117,634,634,482,152,298,61,81,49,3997,0,147,147,147,147,123,123,123,123,123,0,20
LIRCMOP8_BC,3,ref_y,37,121,1,0.41,121,0,0.00391546376434349,0.0110276776919913,121,20,4,0.00629192449690604,26.4462809917355,0.34221387918931,0.540591775031433,0,20,0,20,20,0.165289256198347,0.0251363764523204,0.0363088425220562,0,0.061928169339861,NaN,1,0.0557566535115649,0.560975609756098,0.0356734443997141,0.0640996532661254,0.0640996532661254,NaN,1,400,123,646,646,490,156,235,60,85,50,3553,0,144,144,144,144,121,121,121,121,121,0,20
LIRCMOP8_BC,3,ref_y,38,123,1,0.41,123,0,0.00417613327142709,0.0101636768369821,123,20,4,0.00639592324892101,26.0162601626016,0.340990466477021,0.524343707052792,0,20,0,20,20,0.16260162601626,0.0227481341998283,0.0412405344566603,0,0.0477554177302484,NaN,1,0.0387069669778309,0.51219512195122,0.0321116437197094,0.0500396149451219,0.0500396149451219,NaN,1,400,121,642,642,479,163,236,61,82,49,3653,0,147,147,147,147,123,123,123,123,123,0,20
LIRCMOP8_BC,3,ref_y,39,129,1,0.43,129,0,0.00396896585940719,0.01165049382049,129,20,4,0.00670791950496594,24.8062015503876,0.332888858497377,0.509366435657037,0,20,0,20,20,0.155038759689922,0.0116305709021117,0.0446114422813451,0,0.0477474992729045,NaN,1,0.0485969629655552,0.558139534883721,0.030045840100002,0.0490104727861287,0.0490104727861287,NaN,1,400,123,646,646,482,164,255,59,88,51,4263,0,151,151,151,151,129,129,129,129,129,0,20
LIRCMOP8_BC,3,ref_y,40,64,1,0.22,64,0,0.00484172909444905,0.015504550501624,64,20,4,0.00332796006447923,50,0.240142072130718,0.434040659381831,0,20,0,20,15,0.3125,0.0188259294831953,0.0237758782446138,0,0.0244267700469538,NaN,1,0.0214031627846128,0.227272727272727,0.0215920326433489,0.0289985083292097,0.0289985083292097,NaN,0.75,400,129,658,658,477,181,206,38,85,28,3153,34,79,79,79,79,64,64,64,64,64,0,20
LIRCMOP8_BC,3,ref_y,41,67,1,0.23,67,0,0.00516373964100686,0.0215438830856563,67,20,4,0.00348395819250169,47.7611940298507,0.230852097900204,0.394507665063646,0,20,0,20,9,0.298507462686567,0.0191572991323341,0.0245394295663265,0,0.0264006606212193,NaN,1,0.0629007748271342,0.217391304347826,0.0229886851546222,0.02749162185311,0.02749162185311,NaN,0.45,400,64,528,528,425,103,159,38,86,28,2356,7,79,79,79,79,67,67,67,67,67,0,20
LIRCMOP8_BC,3,ref_y,42,53,1,0.19,53,0,0.00659624135355075,0.0425996653744136,53,20,4,0.00275596692839686,60.377358490566,0.263309126530323,0.374930466156747,0,20,0,20,15,0.377358490566038,0.0252547583474931,0.0294607774790729,0,0.0495627499749806,NaN,1,0.0465693925315382,0.421052631578947,0.0393490268129322,0.0517835162569355,0.0517835162569355,NaN,0.75,400,67,534,534,412,122,129,32,86,24,2237,64,62,62,62,62,53,53,53,53,53,0,20
LIRCMOP8_BC,3,ref_y,43,48,1,0.17,48,0,0.00669783989620453,0.0213801810683901,48,20,4,0.00249597004835942,66.6666666666667,0.258858612833139,0.382106908350931,0,20,0,20,2,0.416666666666667,0.0167201432534206,0.0192051579628127,0,0.0468418282084961,NaN,1,0.059301148618241,0.117647058823529,0.032216128791389,0.0523251126846263,0.0523251126846263,NaN,0.1,400,53,506,506,379,127,172,32,88,23,1709,124,63,63,63,63,48,48,48,48,48,0,20
LIRCMOP8_BC,3,ref_y,44,40,1,0.14,40,0,0.00554880130544675,0.0174436498852533,40,20,4,0.00207997504029952,80,0.250726403241057,0.365881874024193,0,20,0,20,0,0.5,0.00858716708723206,0.011589006345606,0,0.0358222291868865,NaN,1,0.0628989140892026,0,0.0272226842825692,0.0477424373084442,0.0477424373084442,NaN,0,400,48,496,496,383,113,133,30,85,22,2072,226,52,52,52,52,40,40,40,40,40,0,20
LIRCMOP8_BC,3,ref_y,45,67,1,0.25,67,0,0.00868034577195497,0.0321272742194714,67,20,4,0.00348395819250169,47.7611940298507,0.253740985783695,0.365853030863157,0,20,0,20,3,0.298507462686567,0.00397478746669461,0.00968419487806347,0,0.0395539710371837,NaN,0.95,0.0319547322856689,0.12,0.0189250060906212,0.0440704894639281,0.0440704894639281,NaN,0.15,400,40,480,480,381,99,199,36,79,28,2663,125,74,74,74,74,67,67,67,67,67,0,20
LIRCMOP8_BC,3,ref_y,46,74,1,0.26,74,0,0.00782246046988838,0.0208915644316377,74,20,4,0.00384795382455411,43.2432432432432,0.308619831831126,0.385868158335893,0,20,0,20,18,0.27027027027027,0.0277297207784256,0.0343206944121451,0,0.0702878163392152,NaN,1,0.047579687837863,0.423076923076923,0.0546042242083339,0.0718463611916244,0.0718463611916244,NaN,0.9,400,67,534,534,403,131,180,35,87,31,2180,138,83,83,83,83,74,74,74,74,74,0,20
LIRCMOP8_BC,3,ref_y,47,79,1,0.27,79,0,0.00496503154913237,0.00965415620162104,79,20,4,0.00410795070459154,40.5063291139241,0.311566714965518,0.385868158335893,0,20,0,20,11,0.253164556962025,0.0212206720949326,0.0290301695621435,0,0.0597138924822476,NaN,1,0.0486969390276416,0.296296296296296,0.0437326386931767,0.0625975426616655,0.0625975426616655,NaN,0.55,400,74,548,548,399,149,208,35,90,31,2934,43,88,88,88,88,79,79,79,79,79,0,20
LIRCMOP8_BC,3,ref_y,48,86,1,0.29,86,0,0.00509855383524075,0.0114202655994301,86,20,4,0.00447194633664396,37.2093023255814,0.306088604437446,0.407903646853551,0,20,0,20,9,0.232558139534884,0.00796139029816979,0.0136567100683762,0,0.0648980390380536,NaN,0.95,0.0383605315449242,0.241379310344828,0.0501198620539932,0.0721436056501236,0.0721436056501236,NaN,0.45,400,79,558,558,419,139,185,37,95,35,3068,49,99,99,99,99,86,86,86,86,86,0,20
LIRCMOP8_BC,3,ref_y,49,90,1,0.3,90,0,0.00471261042323216,0.0136003616601227,90,20,4,0.00467994384067391,35.5555555555556,0.302897323813873,0.391166605114155,0,20,0,20,0,0.222222222222222,0.000650014552654914,0.00619758699065461,0,0.045257522404593,NaN,1,0.0355032661733332,0,0.0258029903701183,0.0481060492284202,0.0481060492284202,NaN,0,400,86,572,572,414,158,195,40,88,35,4585,86,102,102,102,102,90,90,90,90,90,0,20
LIRCMOP8_BC,3,ref_y,50,79,1,0.28,79,0,0.0042587458182605,0.00805487009854094,79,20,4,0.00410795070459154,40.5063291139241,0.282574767321416,0.385868158335893,0,20,0,20,0,0.253164556962025,0.00871721205963631,0.0143458377910008,0,0.0320654263693089,NaN,0.9,0.0416995819422717,0,0.0277999742206408,0.0343507624966367,0.0343507624966367,NaN,0,400,90,580,580,393,187,213,38,91,33,5561,128,94,94,94,94,79,79,79,79,79,0,20
LIRCMOP8_BC,3,ref_y,51,87,1,0.29,87,0,0.0041289034239294,0.0101515202698833,87,20,4,0.00452394571265145,36.7816091954023,0.29578777905164,0.393032072629681,0,20,0,20,20,0.229885057471264,0.0625311273458655,0.0734542145628735,0,0.0928672748765514,NaN,0.85,0.0273958377217249,0.689655172413793,0.0765366483018808,0.0960039595807036,0.0960039595807036,NaN,1,400,79,558,558,404,154,173,39,89,33,3796,21,98,98,98,98,87,87,87,87,87,0,20
LIRCMOP8_BC,3,ref_y,52,81,1,0.27,81,0,0.00370083102583937,0.00877215201253332,81,20,4,0.00421194945660652,39.5061728395062,0.313629947866984,0.435102641810294,0,20,0,20,20,0.246913580246914,0.0968055223029952,0.111893029054914,0,0.129193374486096,NaN,0.95,0.0260756613499532,0.740740740740741,0.113803084876542,0.129563151391353,0.129563151391353,NaN,1,400,87,574,574,394,180,223,38,89,32,5283,16,95,95,95,95,81,81,81,81,81,0,20
LIRCMOP8_BC,3,ref_y,53,78,1,0.26,78,0,0.00362707664582567,0.00606296309378699,78,20,4,0.00405595132858406,41.025641025641,0.310707600823015,0.435102641810294,0,20,0,20,20,0.256410256410256,0.120504860347267,0.148966955334691,0,0.152719516279318,NaN,0.9,0.0195015100007024,0.730769230769231,0.133943604941962,0.153069102963794,0.153069102963794,NaN,1,400,81,562,562,414,148,198,38,91,33,3322,29,96,96,96,96,78,78,78,78,78,0,20
LIRCMOP8_BC,3,ref_y,54,78,1,0.26,78,0,0.00355901737319878,0.00589041532030143,78,20,4,0.00405595132858406,41.025641025641,0.317812331153817,0.441435030377598,0,20,0,20,20,0.256410256410256,0.109146064257739,0.142102361563865,0,0.144159333460503,NaN,0.9,0.0235748626984432,0.730769230769231,0.125566627253064,0.144470461004677,0.144470461004677,NaN,1,400,78,556,556,409,147,229,40,87,34,3758,20,96,96,96,96,78,78,78,78,78,0,20
LIRCMOP8_BC,3,ref_y,55,73,1,0.25,73,0,0.00355973654438808,0.00613647740262319,73,20,4,0.00379595444854662,43.8356164383562,0.336904655649545,0.488687022898265,0,20,0,20,20,0.273972602739726,0.111567986062865,0.136191458267763,0,0.138984549625397,NaN,0.9,0.0215786887898436,0.88,0.114902396828155,0.13927906779594,0.13927906779594,NaN,1,400,78,556,556,396,160,201,39,88,33,4500,64,89,89,89,89,73,73,73,73,73,0,20
LIRCMOP8_BC,3,ref_y,56,77,1,0.27,77,0,0.00361819551492778,0.0066573224543605,77,20,4,0.00400395195257657,41.5584415584416,0.373731859577892,0.483706623387265,0,20,0,20,20,0.25974025974026,0.0890721524621107,0.11080746835963,0,0.120250297710091,NaN,1,0.0404014275511035,0.62962962962963,0.0933627315556886,0.120250826984927,0.120250826984927,NaN,1,400,73,546,546,386,160,186,43,90,37,3293,47,99,99,99,99,77,77,77,77,77,0,20
LIRCMOP8_BC,3,ref_y,57,87,1,0.3,87,0,0.0040857655038989,0.0131555239819973,87,20,4,0.00452394571265145,36.7816091954023,0.378557591434845,0.483706623387265,0,20,0,20,20,0.229885057471264,0.0726831537118379,0.0924464890496973,0,0.110200702169892,NaN,1,0.0401009871520694,0.633333333333333,0.084160737193106,0.114632856110557,0.114632856110557,NaN,1,400,77,554,554,394,160,229,47,87,40,4581,68,112,112,112,112,87,87,87,87,87,0,20
LIRCMOP8_BC,3,ref_y,58,101,1,0.35,101,0,0.00381415741312545,0.0109314168310244,101,20,4,0.00525193697675628,31.6831683168317,0.335122562541734,0.470202193051367,0,20,0,20,20,0.198019801980198,0.0588609328490897,0.078005330615384,0,0.0946945929912058,NaN,0.95,0.0384100414472494,0.6,0.0605175223151423,0.0948700963401336,0.0948700963401336,NaN,1,400,87,574,574,401,173,259,47,90,40,4544,67,118,118,118,118,101,101,101,101,101,0,20
LIRCMOP8_BC,3,ref_y,59,110,1,0.38,110,0,0.00359138667210626,0.00924647905116851,110,20,4,0.00571993136082367,29.0909090909091,0.33164030565585,0.457608383877513,0,20,0,20,14,0.181818181818182,0.0425714671394124,0.0603605659960853,0,0.0740900290547928,NaN,0.9,0.0162986640752112,0.315789473684211,0.0444471426253679,0.0750269819360381,0.0750269819360381,NaN,0.7,400,101,602,602,421,181,283,48,88,41,5276,71,123,123,123,123,110,110,110,110,110,0,20
LIRCMOP8_BC,3,ref_y,60,110,1,0.37,110,0,0.00370161641652768,0.0110019374589519,110,20,4,0.00571993136082367,29.0909090909091,0.314386447702475,0.483706623387265,0,20,0,20,8,0.181818181818182,0.0210372329369589,0.0506968554115057,0,0.0579466415816712,NaN,0.9,0.0232037660477322,0.216216216216216,0.0280015458917806,0.0586594049129017,0.0586594049129017,NaN,0.4,400,110,620,620,426,194,247,48,93,43,5405,50,125,125,125,125,110,110,110,110,110,0,20
LIRCMOP8_BC,3,ref_y,61,113,1,0.39,113,0,0.00364182264349872,0.00874219332811293,113,20,4,0.00587592948884613,28.3185840707965,0.329767136038222,0.540778815842889,0,20,0,20,6,0.176991150442478,0.00271980665098214,0.0282334489356481,0,0.0291243301074239,NaN,0.75,0.0162676172433433,0.230769230769231,0.0148498031072032,0.033280568357942,0.033280568357942,NaN,0.3,400,110,620,620,417,203,242,49,93,44,5337,46,132,132,132,132,113,113,113,113,113,0,20
LIRCMOP8_BC,3,ref_y,62,122,1,0.41,122,0,0.00331159805654199,0.00964052060215458,122,20,4,0.00634392387291352,26.2295081967213,0.298979176211784,0.540778815842889,0,20,0,20,5,0.163934426229508,0.00457379862447538,0.0243603682546686,0,0.025424790937,NaN,0.9,0.0296905749245875,0.219512195121951,0.0147318260714335,0.0301709379792229,0.0301709379792229,NaN,0.25,400,113,626,626,423,203,233,52,100,52,4889,82,152,152,152,152,122,122,122,122,122,0,20
LIRCMOP8_BC,3,ref_y,63,122,1,0.41,122,0,0.00424159796042775,0.0149383628206042,122,20,4,0.00634392387291352,26.2295081967213,0.333513475273478,0.543821270730279,0,20,0,20,5,0.163934426229508,0.00330487448107428,0.00663396451708584,0,0.0176740027634505,NaN,0.9,0.0342402895873712,0.146341463414634,0.0116963956477858,0.0222224340888769,0.0222224340888769,NaN,0.25,400,122,644,644,418,226,233,51,100,51,4409,98,153,153,153,153,122,122,122,122,122,0,20
LIRCMOP8_BC,3,ref_y,64,135,1,0.45,135,0,0.00360499329914866,0.0150165814854697,135,20,4,0.00701991576101087,23.7037037037037,0.349302062072234,0.529422999663913,0,20,0,20,5,0.148148148148148,0.00337228811142395,0.00613667402094492,0,0.0232422636349639,NaN,0.9,0.0395186510517531,0.111111111111111,0.0109977697138403,0.0260482664823107,0.0260482664823107,NaN,0.25,400,122,644,644,419,225,283,55,100,55,5420,88,165,165,165,165,135,135,135,135,135,0,20
LIRCMOP8_BC,3,ref_y,65,129,1,0.43,129,0,0.00303722347399625,0.0119795364028644,129,20,4,0.00670791950496594,24.8062015503876,0.373731859577892,0.529422999663913,0,20,0,20,4,0.155038759689922,0.00352316578328529,0.0103267135863177,0,0.0131733659656761,NaN,1,0.0592372037336112,0.13953488372093,0.0046058901370705,0.014072898972899,0.014072898972899,NaN,0.2,400,135,670,670,437,233,284,54,100,54,6157,75,162,162,162,162,129,129,129,129,129,0,20
LIRCMOP8_BC,3,ref_y,66,129,1,0.43,129,0,0.00235675359181168,0.00911579130345386,129,20,4,0.00670791950496594,24.8062015503876,0.373731859577892,0.536875046235457,0,20,0,20,9,0.155038759689922,0.0218005608799821,0.0767450095904906,0,0.0929536464712606,NaN,0.9,0.0356295609440814,0.209302325581395,0.0221366786530979,0.0934192536560074,0.0934192536560074,NaN,0.45,400,129,658,658,418,240,287,56,100,56,6469,64,165,165,165,165,129,129,129,129,129,0,20
LIRCMOP8_BC,3,ref_y,67,131,1,0.45,131,0,0.00265296567252634,0.0107689258724646,131,20,4,0.00681191825698092,24.4274809160305,0.394730898442149,0.541838521840532,0,20,0,20,10,0.152671755725191,0.00878584493000038,0.0610750006122837,0,0.0649930696002619,NaN,0.95,0.0328382999982753,0.222222222222222,0.0111610565464285,0.0655919500533372,0.0655919500533372,NaN,0.5,400,129,658,658,430,228,287,57,100,57,5683,37,168,168,168,168,131,131,131,131,131,0,20
LIRCMOP8_BC,3,ref_y,68,138,1,0.46,138,0,0.00274679095730001,0.00978900114391235,138,20,4,0.00717591388903333,23.1884057971014,0.378110108084922,0.531019391824309,0,20,0,20,11,0.144927536231884,0.0146194331471515,0.0985903274514997,0,0.106553283763968,NaN,0.9,0.0320723667549394,0.282608695652174,0.014915830685852,0.107501677315486,0.107501677315486,NaN,0.55,400,131,662,662,444,218,296,58,100,58,6274,53,174,174,174,174,138,138,138,138,138,0,20
LIRCMOP8_BC,3,ref_y,69,136,1,0.46,136,0,0.00261398455718543,0.00837886109788612,136,20,4,0.00707191513701836,23.5294117647059,0.373731859577892,0.541838521840532,0,20,0,20,9,0.147058823529412,0.00591379688152436,0.0872183146434835,0,0.0942657964024609,NaN,0.95,0.0584339232334182,0.195652173913043,0.00924677736676972,0.0951609478191506,0.0951609478191506,NaN,0.45,400,138,676,676,441,235,301,56,100,56,6915,28,166,166,166,166,136,136,136,136,136,0,20
LIRCMOP8_BC,3,ref_y,70,144,1,0.48,144,0,0.00247885126246878,0.00740401814908237,144,20,4,0.00748791014507826,22.2222222222222,0.366469616754088,0.559773186254242,0,20,0,20,14,0.138888888888889,0.0357100698496002,0.128466421693071,0,0.149022880039465,NaN,0.95,0.0380450775497215,0.291666666666667,0.0371679749475246,0.149385861202213,0.149385861202213,NaN,0.7,400,136,672,672,445,227,275,59,95,55,5723,32,165,165,165,165,144,144,144,144,144,0,20
LIRCMOP8_BC,3,ref_y,71,142,1,0.48,142,0,0.00279740285495254,0.0078390401151684,142,20,4,0.00738391139306328,22.5352112676056,0.373731859577892,0.559773186254242,0,20,0,20,9,0.140845070422535,0.0102003993379676,0.113328408604711,0,0.13765536076106,NaN,0.95,0.0498069056024892,0.25,0.0161713783014456,0.137835208127302,0.137835208127302,NaN,0.45,400,144,688,688,443,245,290,58,91,52,7016,30,154,154,154,154,142,142,142,142,142,0,20
LIRCMOP8_BC,3,ref_y,72,135,1,0.46,135,0,0.00236409771614678,0.00713813332310956,135,20,4,0.00701991576101087,23.7037037037037,0.415893065835498,0.552825357432267,0,20,0,20,9,0.148148148148148,0.00980635808247011,0.0812333621507708,0,0.088187866807565,NaN,0.85,0.0313831586612534,0.239130434782609,0.0135265962725463,0.0888004325017091,0.0888004325017091,NaN,0.45,400,142,684,684,429,255,282,55,95,50,7263,52,148,148,148,148,135,135,135,135,135,0,20
LIRCMOP8_BC,3,ref_y,73,147,1,0.49,147,0,0.00224211505844583,0.00727287853917931,147,20,4,0.00764390827310072,21.7687074829932,0.378557591434845,0.541626580641004,0,20,0,20,7,0.136054421768707,0.0114002762661058,0.0907509175892339,0,0.096883966628397,NaN,0.9,0.0435106367266992,0.224489795918367,0.0149665217693986,0.0980299276086385,0.0980299276086385,NaN,0.35,400,135,670,670,429,241,293,58,100,58,7098,23,171,171,171,171,147,147,147,147,147,0,20
LIRCMOP8_BC,3,ref_y,74,135,1,0.45,135,0,0.0021856783691917,0.00565253452991007,135,20,4,0.00701991576101087,23.7037037037037,0.399152869363624,0.540778815842889,0,20,0,20,11,0.148148148148148,0.0228112220867082,0.105616027571004,0,0.114608541892294,NaN,0.7,0.018509225597984,0.244444444444444,0.0232113245464187,0.116298649639267,0.116298649639267,NaN,0.55,400,147,694,694,447,247,295,57,94,52,6364,27,156,156,156,156,135,135,135,135,135,0,20
LIRCMOP8_BC,3,ref_y,75,144,1,0.48,144,0,0.00204299569934868,0.00559253475241992,144,20,4,0.00748791014507826,22.2222222222222,0.410679217818486,0.569287953173478,0,20,0,20,7,0.138888888888889,0.00935860114396002,0.0482110702669075,0,0.0615811645533335,NaN,1,0.0632559819364557,0.208333333333333,0.0129468468034323,0.0619291367922295,0.0619291367922295,NaN,0.35,400,135,670,670,443,227,295,61,92,55,6286,9,165,165,165,165,144,144,144,144,144,0,20
LIRCMOP8_BC,3,ref_y,76,144,1,0.48,144,0,0.00205836666664269,0.00567517704519292,144,20,4,0.00748791014507826,22.2222222222222,0.41964453709673,0.563367189300649,0,20,0,20,6,0.138888888888889,0.01072636893158,0.0534242346515886,0,0.0676678010027056,NaN,1,0.0701000736638906,0.1875,0.0170734758282928,0.0680192361272689,0.0680192361272689,NaN,0.3,400,144,688,688,452,236,308,59,93,53,6969,6,156,156,156,156,144,144,144,144,144,0,20
LIRCMOP8_BC,3,ref_y,77,141,1,0.47,141,0,0.00206256646387661,0.00593880148403844,141,20,4,0.0073319120170558,22.6950354609929,0.415893065835498,0.563367189300649,0,20,0,20,7,0.141843971631206,0.0115157154627003,0.0319171440702117,0,0.037733926891667,NaN,1,0.053133459021545,0.170212765957447,0.0166889344891165,0.0388689671204406,0.0388689671204406,NaN,0.35,400,144,688,688,451,237,311,59,94,54,7884,19,158,158,158,158,141,141,141,141,141,0,20
LIRCMOP8_BC,3,ref_y,78,147,1,0.49,147,0,0.00188706811525013,0.00622669379204671,147,20,4,0.00764390827310072,21.7687074829932,0.405465369801475,0.568103800398912,0,20,0,20,6,0.136054421768707,0.0144387565643055,0.0316439504965506,0,0.0420185636150227,NaN,0.9,0.0450462113103456,0.142857142857143,0.0207721529733719,0.0428927791920816,0.0428927791920816,NaN,0.3,400,141,682,682,454,228,298,62,95,57,6706,26,168,168,168,168,147,147,147,147,147,0,20
LIRCMOP8_BC,3,ref_y,79,144,1,0.48,144,0,0.00164874453813413,0.00423410547324393,144,20,4,0.00748791014507826,22.2222222222222,0.396645977127209,0.544384289214735,0,20,0,20,2,0.138888888888889,0.0119341087187842,0.0231078368488116,0,0.0355356874470477,NaN,0.85,0.043360817191484,0.0833333333333333,0.023302438583192,0.0377040576904798,0.0377040576904798,NaN,0.1,400,147,694,694,454,240,313,61,95,56,6795,2,167,167,167,167,144,144,144,144,144,0,20
LIRCMOP8_BC,3,ref_y,80,151,1,0.51,151,0,0.00197141491839072,0.00577652284310863,151,20,4,0.00785190577713068,21.1920529801325,0.415893065835498,0.541202698241946,0,20,0,20,5,0.132450331125828,0.0126810915786155,0.0405565846275563,0,0.0731081152957206,NaN,0.85,0.0306253428764337,0.137254901960784,0.0193782223632468,0.073980118964535,0.073980118964535,NaN,0.25,400,144,688,688,440,248,300,64,100,64,6604,11,188,188,188,188,151,151,151,151,151,0,20
LIRCMOP8_BC,3,ref_y,81,147,1,0.49,147,0,0.00182673700491873,0.00496053911580414,147,20,4,0.00764390827310072,21.7687074829932,0.405215818363377,0.545958157989253,0,20,0,20,3,0.136054421768707,0.0128174862158945,0.0244501548502463,0,0.0275442878898268,NaN,0.9,0.028331704418431,0.0816326530612245,0.0180635696484603,0.0290008599446566,0.0290008599446566,NaN,0.15,400,151,702,702,452,250,303,63,95,58,8079,4,173,173,173,173,147,147,147,147,147,0,20
LIRCMOP8_BC,3,ref_y,82,150,1,0.5,150,0,0.00178494969258862,0.00499668741395428,150,20,4,0.00779990640112319,21.3333333333333,0.434640984323066,0.572178724504117,0,20,0,20,7,0.133333333333333,0.0189346125812902,0.039566923748803,0,0.0633110421259934,NaN,0.9,0.0351781359064363,0.2,0.0253230083543772,0.064303669137586,0.064303669137586,NaN,0.35,400,147,694,694,459,235,318,64,95,59,7669,5,177,177,177,177,150,150,150,150,150,0,20
LIRCMOP8_BC,3,ref_y,83,156,1,0.52,156,0,0.00192367345263627,0.00613135155627543,156,20,4,0.00811190265716811,20.5128205128205,0.429631604906694,0.578952621745102,0,20,0,20,5,0.128205128205128,0.0121085071226748,0.0528932034939206,0,0.0706391189771221,NaN,0.75,0.0342895933191837,0.173076923076923,0.015989139375266,0.0713738118144936,0.0713738118144936,NaN,0.25,400,150,700,700,453,247,305,64,100,64,6410,0,192,192,192,192,156,156,156,156,156,0,20
LIRCMOP8_BC,3,ref_y,84,163,1,0.55,163,0,0.00185359639978246,0.00587500455497478,163,20,4,0.00847589828922053,19.6319018404908,0.405215818363377,0.569287953173478,0,20,0,20,6,0.122699386503067,0.0141942582094524,0.0565550699866995,0,0.0798836825367815,NaN,0.9,0.0318036181615527,0.0727272727272727,0.0184547305294392,0.0805873495650747,0.0805873495650747,NaN,0.3,400,156,712,712,468,244,319,68,100,68,7017,10,204,204,204,204,163,163,163,163,163,0,20
LIRCMOP8_BC,3,ref_y,85,152,1,0.51,152,0,0.00179283209026989,0.00545413144815146,152,20,4,0.00790390515313816,21.0526315789474,0.434640984323066,0.579756346424009,0,20,0,20,7,0.131578947368421,0.00984287858770589,0.0528642395868899,0,0.0707830538608946,NaN,0.95,0.0462533174167701,0.156862745098039,0.0131662008813572,0.0712967352629355,0.0712967352629355,NaN,0.35,400,163,726,726,473,253,331,64,100,64,7508,15,192,192,192,192,152,152,152,152,152,0,20
LIRCMOP8_BC,3,ref_y,86,159,1,0.53,159,0,0.00175781987379024,0.00553077357118021,159,20,4,0.00826790078519058,20.125786163522,0.423396008357963,0.541838521840532,0,20,0,20,6,0.125786163522013,0.00876477018993567,0.036704097762626,0,0.0488506641394462,NaN,0.85,0.0349471204743575,0.0754716981132075,0.0140245149278173,0.0504490970184466,0.0504490970184466,NaN,0.3,400,152,704,704,472,232,310,65,100,65,6244,0,195,195,195,195,159,159,159,159,159,0,20
LIRCMOP8_BC,3,ref_y,87,153,1,0.51,153,0,0.0016521936615512,0.005543933627041,153,20,4,0.00795590452914565,20.9150326797386,0.427449178725416,0.579488438197706,0,20,0,20,10,0.130718954248366,0.0113346611054857,0.0579239420701952,0,0.0713987871173244,NaN,0.85,0.023668889371614,0.215686274509804,0.0142490928452368,0.0716335542899988,0.0716335542899988,NaN,0.5,400,159,718,718,477,241,312,65,100,65,6580,0,195,195,195,195,153,153,153,153,153,0,20
LIRCMOP8_BC,3,ref_y,88,153,1,0.51,153,0,0.00186852855668354,0.0058595336668242,153,20,4,0.00795590452914565,20.9150326797386,0.365053405216043,0.551599780717015,0,20,0,20,9,0.130718954248366,0.00745186618025888,0.0422101913990215,0,0.0543950087827216,NaN,0.65,0.0215622755194625,0.176470588235294,0.0112728265230434,0.0554107058189186,0.0554107058189186,NaN,0.45,400,153,706,706,463,243,314,62,95,57,6672,6,171,171,171,171,153,153,153,153,153,0,20
LIRCMOP8_BC,3,ref_y,89,159,1,0.53,159,0,0.00174414756238239,0.00546872225465185,159,20,4,0.00826790078519058,20.125786163522,0.367848234703743,0.541838521840532,0,20,0,20,1,0.125786163522013,0.0123149743931097,0.0231665012002375,0,0.0344220428609181,NaN,0.7,0.0232795767501753,0.0377358490566038,0.0176331906896982,0.0396167567472523,0.0396167567472523,NaN,0.05,400,153,706,706,460,246,322,66,94,60,6609,1,180,180,180,180,159,159,159,159,159,0,20
LIRCMOP8_BC,3,ref_y,90,162,1,0.54,162,0,0.00176689446009762,0.00560183679491947,162,20,4,0.00842389891321304,19.7530864197531,0.377962185297392,0.541838521840532,0,20,0,20,2,0.123456790123457,0.0115670578852219,0.0218496524107185,0,0.0343505372871767,NaN,0.8,0.027875959228356,0.037037037037037,0.0173718418228497,0.0387322121026769,0.0387322121026769,NaN,0.1,400,159,718,718,475,243,323,68,95,63,6866,0,189,189,189,189,162,162,162,162,162,0,20
LIRCMOP8_BC,3,ref_y,91,156,1,0.52,156,0,0.00158854699143727,0.00383513111604283,156,20,4,0.00811190265716811,20.5128205128205,0.425422593541689,0.575069495834757,0,20,0,20,2,0.128205128205128,0.0105633909607788,0.0201149902348047,0,0.0236716142407215,NaN,0.95,0.0348749732994519,0.0576923076923077,0.0154392978866417,0.0242280863896915,0.0242280863896915,NaN,0.1,400,162,724,724,477,247,295,69,94,63,6739,12,185,185,185,185,156,156,156,156,156,0,20
LIRCMOP8_BC,3,ref_y,92,141,1,0.47,141,0,0.00179621704533892,0.00404848711493147,141,20,4,0.0073319120170558,22.6950354609929,0.400173616032181,0.587461839963045,0,20,0,20,2,0.141843971631206,0.0139195702328897,0.0229600187943047,0,0.0251154200541204,NaN,0.9,0.0550225218190589,0.0638297872340425,0.0165058962871762,0.0254346703906917,0.0254346703906917,NaN,0.1,400,156,712,712,462,250,318,65,83,53,9195,0,158,158,158,158,141,141,141,141,141,0,20
LIRCMOP8_BC,3,ref_y,93,150,1,0.5,150,0,0.00165046153925691,0.00478154241336348,150,20,4,0.00779990640112319,21.3333333333333,0.425422593541689,0.560395571792817,0,20,0,20,1,0.133333333333333,0.0127845802774797,0.0207142805718346,0,0.0236496533967479,NaN,0.95,0.0482027181160959,0.04,0.0172293628154759,0.0244387019610496,0.0244387019610496,NaN,0.05,400,141,682,682,439,243,303,66,91,58,7112,3,171,171,171,171,150,150,150,150,150,0,20
LIRCMOP8_BC,3,ref_y,94,150,1,0.5,150,0,0.00184958474722077,0.00536584145501323,150,20,4,0.00779990640112319,21.3333333333333,0.427986346615293,0.577406274155066,0,20,0,20,1,0.133333333333333,0.0113772016241701,0.0213608518124348,0,0.0241469178692402,NaN,0.9,0.0398212683072585,0.04,0.0156236802993157,0.0244662484054203,0.0244662484054203,NaN,0.05,400,150,700,700,449,251,309,68,92,60,7396,6,176,176,176,176,150,150,150,150,150,0,20
LIRCMOP8_BC,3,ref_y,95,144,1,0.48,144,0,0.00170522438427028,0.00507562302553846,144,20,4,0.00748791014507826,22.2222222222222,0.427986346615293,0.599474392122245,0,20,0,20,2,0.138888888888889,0.0137490771979556,0.0219460103329231,0,0.0261266302380277,NaN,0.95,0.0398102358879586,0.0625,0.0179975885592174,0.0265553140180508,0.0265553140180508,NaN,0.1,400,150,700,700,465,235,301,63,87,53,7249,2,156,156,156,156,144,144,144,144,144,0,20
LIRCMOP8_BC,3,ref_y,96,156,1,0.52,156,0,0.00170061954422888,0.00471424056704558,156,20,4,0.00811190265716811,20.5128205128205,0.413811397378799,0.599474392122245,0,20,0,20,2,0.128205128205128,0.00907333964514314,0.021874336439098,0,0.0238192548550565,NaN,0.8,0.0426803218355877,0.0576923076923077,0.0111211209295364,0.0245904521501841,0.0245904521501841,NaN,0.1,400,144,688,688,450,238,306,67,89,59,6225,0,177,177,177,174,156,156,156,156,156,0,20
LIRCMOP8_BC,3,ref_y,97,156,1,0.52,156,0,0.00158037783735657,0.00517399989299259,156,20,4,0.00811190265716811,20.5128205128205,0.425422593541689,0.541838521840532,0,20,0,20,2,0.128205128205128,0.0094959096851904,0.0179651198531024,0,0.0227820158109293,NaN,0.9,0.0414232434950972,0.0384615384615385,0.0153410703023137,0.023315504757586,0.023315504757586,NaN,0.1,400,156,712,712,483,229,312,69,86,57,7066,0,171,171,171,171,156,156,156,156,156,0,20
LIRCMOP8_BC,3,ref_y,98,153,1,0.51,153,0,0.00155134991235859,0.00364967580587159,153,20,4,0.00795590452914565,20.9150326797386,0.437533630399201,0.55336217867358,0,20,0,20,3,0.130718954248366,0.00985733954742118,0.022477759620844,0,0.0264021195101373,NaN,0.85,0.0429025409170135,0.0588235294117647,0.016129541503264,0.0272445590004867,0.0272445590004867,NaN,0.15,400,156,712,712,466,246,303,67,87,57,6827,0,171,171,171,171,153,153,153,153,153,0,20
LIRCMOP8_BC,3,ref_y,99,162,1,0.54,162,0,0.00156135394249649,0.00368880288054329,162,20,4,0.00842389891321304,19.7530864197531,0.436087307361133,0.599456806005767,0,20,0,20,2,0.123456790123457,0.0108744764555561,0.0216613627523721,0,0.0262594866465831,NaN,0.9,0.0359338467779061,0.037037037037037,0.0175982517221508,0.0268651682994635,0.0268651682994635,NaN,0.1,400,153,706,706,476,230,321,69,87,60,6957,0,180,180,180,180,162,162,162,162,162,0,20
LIRCMOP8_BC,3,ref_y,100,165,1,0.55,165,0,0.00139895066415551,0.00346095307086515,165,20,4,0.00857989704123551,19.3939393939394,0.42852351450517,0.605401685950687,0,20,0,20,2,0.121212121212121,0.00989057796597293,0.0165297559713959,0,0.0239203822389038,NaN,0.9,0.0468497531285603,0.0545454545454545,0.0147833368503917,0.0245279091408882,0.0245279091408882,NaN,0.1,400,162,724,724,491,233,334,71,88,60,6777,0,180,180,180,180,165,165,165,165,165,0,20
LIRCMOP8_BC,3,ref_y,101,162,1,0.54,162,0,0.0014525388276716,0.00342610625374876,162,20,4,0.00842389891321304,19.7530864197531,0.441722574341063,0.607089804168627,0,20,0,20,2,0.123456790123457,0.0104962780375105,0.0176444073819123,0,0.0255243981535036,NaN,0.9,0.0453456792832813,0.0555555555555556,0.0175129778048695,0.0260708132691746,0.0260708132691746,NaN,0.1,400,165,730,730,488,242,339,72,91,63,7798,21,179,179,179,179,162,162,162,162,162,0,20
LIRCMOP8_BC,3,ref_y,102,168,1,0.56,168,0,0.00148073098929015,0.00371556503213334,168,20,4,0.00873589516925797,19.047619047619,0.431045081524241,0.600225667289961,0,20,0,20,2,0.119047619047619,0.00903785204558659,0.0163523809759637,0,0.0242831583166014,NaN,0.9,0.0349429818469331,0.0714285714285714,0.0189414113079643,0.0249285523829421,0.0249285523829421,NaN,0.1,400,162,724,724,496,228,342,74,91,66,6491,8,189,189,189,189,168,168,168,168,168,0,20
LIRCMOP8_BC,3,ref_y,103,160,1,0.54,160,0,0.00143787851956165,0.00481293219192423,160,20,4,0.00831990016119807,20,0.400173616032181,0.599474392122245,0,20,0,20,4,0.125,0.00568916022887958,0.0444481380392627,0,0.0550594950234144,NaN,0.85,0.0579244080527489,0.0740740740740741,0.0197545917366742,0.0553051454962491,0.0553051454962491,NaN,0.2,400,168,736,736,489,247,326,70,91,62,8084,14,176,176,176,176,160,160,160,160,160,0,20
LIRCMOP8_BC,3,ref_y,104,174,1,0.58,174,0,0.00140337115905524,0.00377381172416966,174,20,4,0.0090478914253029,18.3908045977011,0.436087307361133,0.599456806005767,0,20,0,20,7,0.114942528735632,0.0092917373516493,0.0518410297321689,0,0.0610231571817949,NaN,0.8,0.0407210208988572,0.120689655172414,0.0176612839377897,0.0611707720085155,0.0611707720085155,NaN,0.35,400,160,720,720,489,231,338,74,94,69,6278,16,198,198,198,198,174,174,174,174,174,0,20
LIRCMOP8_BC,3,ref_y,105,162,1,0.54,162,0,0.00147849707402126,0.00434915604509256,162,20,4,0.00842389891321304,19.7530864197531,0.431582249414118,0.574478258003374,0,20,0,20,7,0.123456790123457,0.0101613862580758,0.0537315562399991,0,0.0623668155097402,NaN,0.85,0.0619929907749749,0.111111111111111,0.0159673902147045,0.0624464938589916,0.0624464938589916,NaN,0.35,400,174,748,748,494,254,352,70,93,64,7506,29,183,183,183,183,162,162,162,162,162,0,20
LIRCMOP8_BC,3,ref_y,106,150,1,0.5,150,0,0.0012194937581461,0.00336725117953236,150,20,4,0.00779990640112319,21.3333333333333,0.394124875961611,0.597572894980258,0,20,0,20,8,0.133333333333333,0.00947071784156215,0.0554489776080207,0,0.0649493972689234,NaN,0.85,0.0490666579640728,0.18,0.0141886247659596,0.0650377191663834,0.0650377191663834,NaN,0.4,400,162,724,724,491,233,332,65,92,59,6526,11,174,174,174,174,150,150,150,150,150,0,20
LIRCMOP8_BC,3,ref_y,107,150,1,0.5,150,0,0.00134342565181707,0.00402510869413845,150,20,4,0.00779990640112319,21.3333333333333,0.414348565268676,0.603273305087197,0,20,0,20,6,0.133333333333333,0.0088554568914186,0.0447626565762711,0,0.0572182360212445,NaN,0.9,0.0553893097619094,0.16,0.0154595549972735,0.0576304712825587,0.0576304712825587,NaN,0.3,400,150,700,700,478,222,310,66,81,54,6874,2,162,162,162,162,150,150,150,150,150,0,20
LIRCMOP8_BC,3,ref_y,108,162,1,0.54,162,0,0.00128693535361313,0.00319435691173801,162,20,4,0.00842389891321304,19.7530864197531,0.431553394238555,0.599456806005767,0,20,0,20,6,0.123456790123457,0.00757671891000472,0.0498084104008049,0,0.059954637458855,NaN,0.7,0.034266161755489,0.12962962962963,0.0165911099862252,0.0600420848157223,0.0600420848157223,NaN,0.3,400,150,700,700,490,210,322,69,86,60,5715,0,180,180,180,180,162,162,162,162,162,0,20
LIRCMOP8_BC,3,ref_y,109,150,1,0.5,150,0,0.00114865121925227,0.00277190192492924,150,20,4,0.00779990640112319,21.3333333333333,0.431553394238555,0.597564101922019,0,20,0,20,6,0.133333333333333,0.00724212821362761,0.0484822178514801,0,0.0592362599594488,NaN,0.75,0.0465116179137932,0.12,0.0138342727959997,0.0593403608448272,0.0593403608448272,NaN,0.3,400,162,724,724,482,242,327,69,89,61,7045,6,177,177,177,174,150,150,150,150,150,0,20
LIRCMOP8_BC,3,ref_y,110,147,1,0.49,147,0,0.00120057984654063,0.00325671982982434,147,20,4,0.00764390827310072,21.7687074829932,0.400173616032181,0.598699724372268,0,20,0,20,7,0.136054421768707,0.00809189986745749,0.0474836934651593,0,0.058989612172143,NaN,0.65,0.0322993224141317,0.142857142857143,0.0128964433969218,0.0594796816863431,0.0594796816863431,NaN,0.35,400,150,700,700,485,215,293,66,85,55,6095,0,165,165,165,165,147,147,147,147,147,0,20
LIRCMOP8_BC,3,ref_y,111,151,1,0.51,151,0,0.00113772424996827,0.00269887486283645,151,20,4,0.00785190577713068,21.1920529801325,0.36793007865217,0.58221438104619,0,20,0,20,7,0.132450331125828,0.00434069278605212,0.0487189302449463,0,0.0590645275983536,NaN,0.75,0.0509884462763413,0.137254901960784,0.0122579524074278,0.0593695339681842,0.0593695339681842,NaN,0.35,400,147,694,694,476,218,317,69,87,59,6174,0,177,177,177,177,151,151,151,151,151,0,20
LIRCMOP8_BC,3,ref_y,112,155,1,0.52,155,0,0.00130267884825396,0.0027925033156033,155,20,4,0.00805990328116063,20.6451612903226,0.434640984323066,0.595671397838271,0,20,0,20,5,0.129032258064516,0.00587702291067716,0.0393647537074962,0,0.0503703814737373,NaN,0.8,0.0506389337987097,0.115384615384615,0.0145405776661116,0.0506359415573029,0.0506359415573029,NaN,0.25,400,151,702,702,486,216,329,69,84,59,6886,0,177,177,177,177,155,155,155,155,155,0,20
LIRCMOP8_BC,3,ref_y,113,144,1,0.48,144,0,0.00110354356084028,0.00263961476977599,144,20,4,0.00748791014507826,22.2222222222222,0.417407300177624,0.599456806005767,0,20,0,20,5,0.138888888888889,0.00685554184421591,0.047526971088107,0,0.0590849086149774,NaN,0.7,0.0445044651182028,0.145833333333333,0.0187481648227485,0.0593542101717003,0.0593542101717003,NaN,0.25,400,155,710,710,490,220,287,66,87,56,5868,0,168,168,168,168,144,144,144,144,144,0,20
LIRCMOP8_BC,3,ref_y,114,144,1,0.48,144,0,0.00116377342199011,0.00266934997060413,144,20,4,0.00748791014507826,22.2222222222222,0.436087307361133,0.599474392122245,0,20,0,20,6,0.138888888888889,0.00614390456969175,0.0522950072802431,0,0.0664180878980497,NaN,0.65,0.0331643481588548,0.166666666666667,0.022086240366264,0.0666835228830256,0.0666835228830256,NaN,0.3,400,144,688,688,471,217,313,66,87,56,6463,0,168,168,168,168,144,144,144,144,144,0,20
LIRCMOP8_BC,3,ref_y,115,138,1,0.46,138,0,0.00110551477392535,0.00263531756350641,138,20,4,0.00717591388903333,23.1884057971014,0.401244609513404,0.599474392122245,0,20,0,20,6,0.144927536231884,0.00400673889036555,0.0468695487199591,0,0.0596068465652464,NaN,0.6,0.0278822879048073,0.195652173913043,0.0159840022275002,0.0599649156913744,0.0599649156913744,NaN,0.3,400,144,688,688,470,218,297,64,91,57,5991,16,159,159,159,159,138,138,138,138,138,0,20
LIRCMOP8_BC,3,ref_y,116,147,1,0.49,147,0,0.00107037466391721,0.00256549503701055,147,20,4,0.00764390827310072,21.7687074829932,0.434640984323066,0.613935382488463,0,20,0,20,8,0.136054421768707,0.00349608397592128,0.0451390484784147,0,0.0564536731528101,NaN,0.8,0.0524323304487352,0.183673469387755,0.0213141166121233,0.0568140306506951,0.0568140306506951,NaN,0.4,400,138,676,676,479,197,310,66,85,57,5616,0,171,171,171,171,147,147,147,147,147,0,20
LIRCMOP8_BC,3,ref_y,117,150,1,0.5,150,0,0.00115534058385668,0.00308429640324045,150,20,4,0.00779990640112319,21.3333333333333,0.436087307361133,0.607324718162653,0,20,0,20,6,0.133333333333333,0.00406978334408219,0.0448553978426996,0,0.0597647851129501,NaN,0.85,0.0616106869230912,0.18,0.0210420104265404,0.060186473076128,0.060186473076128,NaN,0.3,400,147,694,694,473,221,303,68,85,56,6487,0,168,168,168,168,150,150,150,150,150,0,20
LIRCMOP8_BC,3,ref_y,118,156,1,0.52,156,0,0.00110299926870555,0.00238626282486773,156,20,4,0.00811190265716811,20.5128205128205,0.436087307361133,0.615175044203062,0,20,0,20,9,0.128205128205128,0.00327545503620889,0.0514233517685572,0,0.0681852257914507,NaN,0.75,0.053873534789155,0.173076923076923,0.0173030101639535,0.0684917317455496,0.0684917317455496,NaN,0.45,400,150,700,700,470,230,316,72,91,64,6710,16,180,180,180,180,156,156,156,156,156,0,20
LIRCMOP8_BC,3,ref_y,119,153,1,0.51,153,0,0.00115503981115865,0.00331775783016119,153,20,4,0.00795590452914565,20.9150326797386,0.400625952218442,0.60825138183509,0,20,0,20,4,0.130718954248366,0.00380213319140581,0.0249768599044456,0,0.0401746910357059,NaN,0.75,0.0358585285703586,0.0980392156862745,0.022511230148453,0.0413276593139676,0.0413276593139676,NaN,0.2,400,156,712,712,478,234,324,68,82,56,8250,0,168,168,168,168,153,153,153,153,153,0,20
LIRCMOP8_BC,3,ref_y,120,162,1,0.55,162,0,0.00113168059536204,0.00314344691798686,162,20,4,0.00842389891321304,19.7530864197531,0.437739924765051,0.599474392122245,0,20,0,20,1,0.123456790123457,0.00597656001776213,0.00982801431796866,0,0.0212028129217771,NaN,0.75,0.0355444089473767,0.0363636363636364,0.0199466980594997,0.0218607329393531,0.0218607329393531,NaN,0.05,400,153,706,706,471,235,285,70,89,63,6544,0,186,186,186,186,162,162,162,162,162,0,20
LIRCMOP8_BC,3,ref_y,121,159,1,0.53,159,0,0.00117768285676016,0.00300177600572639,159,20,4,0.00826790078519058,20.125786163522,0.434640984323066,0.599474392122245,0,20,0,20,2,0.125786163522013,0.00906099598629423,0.0150244796335479,0,0.0244016068326032,NaN,0.7,0.0216855969390363,0.0754716981132075,0.0180016806209657,0.0248569570570931,0.0248569570570931,NaN,0.1,400,162,724,724,493,231,322,67,90,60,7189,2,174,174,174,174,159,159,159,159,159,0,20
LIRCMOP8_BC,3,ref_y,122,159,1,0.53,159,0,0.00114420768355808,0.0029435653284748,159,20,4,0.00826790078519058,20.125786163522,0.437533630399201,0.599474392122245,0,20,0,20,0,0.125786163522013,0.010406292734242,0.0173436464140717,0,0.0296479644790004,NaN,0.8,0.03136339445171,0,0.0173404229008002,0.0306710309128755,0.0306710309128755,NaN,0,400,159,718,718,498,220,333,67,90,60,7382,0,174,174,174,174,159,159,159,159,159,0,20
LIRCMOP8_BC,3,ref_y,123,156,1,0.52,156,0,0.00119356895403009,0.00274909928511177,156,20,4,0.00811190265716811,20.5128205128205,0.436087307361133,0.599456806005767,0,20,0,20,2,0.128205128205128,0.0100796699648253,0.0201546685221109,0,0.0337915322600647,NaN,0.75,0.0364648130977367,0.0769230769230769,0.0189736751910817,0.0345409792653248,0.0345409792653248,NaN,0.1,400,159,718,718,503,215,291,66,91,59,5808,1,171,171,171,171,156,156,156,156,156,0,20
LIRCMOP8_BC,3,ref_y,124,162,1,0.54,162,0,0.00105563216470904,0.00275200004706541,162,20,4,0.00842389891321304,19.7530864197531,0.442015831113326,0.599474392122245,0,20,0,20,1,0.123456790123457,0.00696476114486126,0.00937041985206945,0,0.0171782601922035,NaN,0.75,0.0120980987367192,0.037037037037037,0.0167620672689879,0.017747642402837,0.017747642402837,NaN,0.05,400,156,712,712,498,214,330,70,89,61,6236,3,178,178,178,178,162,162,162,162,162,0,20
LIRCMOP8_BC,3,ref_y,125,165,1,0.55,165,0,0.00106016736304182,0.0025026926593423,165,20,4,0.00857989704123551,19.3939393939394,0.437946219130901,0.599456806005767,0,20,0,20,1,0.121212121212121,0.0078147279095779,0.0207704336608286,0,0.0258084042543729,NaN,0.75,0.0303185453161377,0.0363636363636364,0.0164049086117106,0.0265462536258936,0.0265462536258936,NaN,0.05,400,162,724,724,500,224,336,71,90,62,6637,0,184,184,184,184,165,165,165,165,165,0,20
LIRCMOP8_BC,3,ref_y,126,162,1,0.54,162,0,0.00106939176084727,0.00259376202818473,162,20,4,0.00842389891321304,19.7530864197531,0.449699206684788,0.599474392122245,0,20,0,20,2,0.123456790123457,0.00697728372444562,0.0146990633415061,0,0.0214773519684991,NaN,0.8,0.0410516406056102,0.0740740740740741,0.0167295077632911,0.0221924048566114,0.0221924048566114,NaN,0.1,400,165,730,730,509,221,337,70,89,60,6777,1,178,178,178,178,162,162,162,162,162,0,20
LIRCMOP8_BC,3,ref_y,127,147,1,0.49,147,0,0.00103357005689001,0.0025154998931686,147,20,4,0.00764390827310072,21.7687074829932,0.449390677903587,0.615728913409958,0,20,0,20,1,0.136054421768707,0.0086021655087512,0.0131510776202914,0,0.0179432980365192,NaN,0.8,0.0449086436446043,0.0408163265306122,0.0142190144430729,0.0186122454608619,0.0186122454608619,NaN,0.05,400,162,724,724,501,223,326,65,89,56,6338,3,166,166,166,166,147,147,147,147,147,0,20
LIRCMOP8_BC,3,ref_y,128,153,1,0.51,153,0,0.00118144548727414,0.00311271492583316,153,20,4,0.00795590452914565,20.9150326797386,0.449390677903587,0.603089639713799,0,20,0,20,0,0.130718954248366,0.00856074547767467,0.0129786927995548,0,0.0156370813081891,NaN,0.8,0.0442440629298061,0,0.0154538931501843,0.0162617273515148,0.0162617273515148,NaN,0,400,147,694,694,477,217,326,69,86,57,6622,2,166,166,166,166,153,153,153,153,153,0,20
LIRCMOP8_BC,3,ref_y,129,159,1,0.53,159,0,0.00104872246961832,0.00276487692104395,159,20,4,0.00826790078519058,20.125786163522,0.429213530942295,0.599474392122245,0,20,0,20,1,0.125786163522013,0.00685189732094266,0.00909941799718291,0,0.0145419616706011,NaN,0.75,0.024640417655899,0.0377358490566038,0.0142897794013831,0.0151860192469445,0.0151860192469445,NaN,0.05,400,153,706,706,485,221,330,71,87,60,6692,0,175,175,175,175,159,159,159,159,159,0,20
LIRCMOP8_BC,3,ref_y,130,159,1,0.53,159,0,0.00110798738687842,0.00279651079970131,159,20,4,0.00826790078519058,20.125786163522,0.434640984323066,0.608442046729719,0,20,0,20,1,0.125786163522013,0.00638132210029977,0.0117297466302232,0,0.014682479226899,NaN,0.65,0.0319189403193984,0.0377358490566038,0.013980215869113,0.0153651393903352,0.0153651393903352,NaN,0.05,400,159,718,718,492,226,317,71,88,60,6956,0,176,176,176,176,159,159,159,159,159,0,20
LIRCMOP8_BC,3,ref_y,131,156,1,0.52,156,0,0.0010540761790568,0.00237041410670672,156,20,4,0.00811190265716811,20.5128205128205,0.43192725763268,0.58503386341294,0,20,0,20,1,0.128205128205128,0.00777572443221937,0.015314827700582,0,0.0168308460316763,NaN,0.75,0.0345821185912331,0.0384615384615385,0.0125832985984569,0.0173422884116831,0.0173422884116831,NaN,0.05,400,159,718,718,488,230,328,67,90,59,6847,0,176,176,176,176,156,156,156,156,156,0,20
LIRCMOP8_BC,3,ref_y,132,168,1,0.56,168,0,0.00100757125801884,0.00237347712637545,168,20,4,0.00873589516925797,19.047619047619,0.43192725763268,0.61055138004777,0,20,0,20,1,0.119047619047619,0.00896169883393437,0.0139783714091426,0,0.0162518568322567,NaN,0.65,0.0254071389726333,0.0357142857142857,0.0132020431104439,0.0164954829673809,0.0164954829673809,NaN,0.05,400,156,712,712,477,235,328,73,89,63,7382,0,189,189,189,189,168,168,168,168,168,0,20
LIRCMOP8_BC,3,ref_y,133,146,1,0.49,146,0,0.00122630205589734,0.00314806529611676,146,20,4,0.00759190889709324,21.9178082191781,0.414442344867199,0.621654883065153,0,20,0,20,2,0.136986301369863,0.00718253732191634,0.0132214112163989,0,0.0145060184482774,NaN,0.75,0.0266213957647203,0.0816326530612245,0.0129283963707046,0.0150380335071918,0.0150380335071918,NaN,0.1,400,168,736,736,501,235,334,68,84,54,8862,1,159,159,159,156,146,146,146,146,146,0,20
LIRCMOP8_BC,3,ref_y,134,157,1,0.53,157,0,0.00109183612605102,0.00283050603221818,157,20,4,0.0081639020331756,20.3821656050955,0.403275646212324,0.62288860562264,0,20,0,20,1,0.127388535031847,0.0101527726773221,0.0119846996170288,0,0.0147176451610865,NaN,0.7,0.0237845657781166,0.0377358490566038,0.014489606275328,0.015278048814994,0.015278048814994,NaN,0.05,400,146,692,692,464,228,316,68,87,57,7317,0,171,171,171,171,157,157,157,157,157,0,20
LIRCMOP8_BC,3,ref_y,135,153,1,0.51,153,0,0.00126160578531584,0.00345737674994978,153,20,4,0.00795590452914565,20.9150326797386,0.403275646212324,0.633640266243556,0.20733593341382,20,0,20,0,0.130718954248366,0.00869385128734044,0.011710454394692,0,0.0164275586515987,NaN,0.7,0.0359116179785248,0,0.0151583159297427,0.0170044321911894,0.0170044321911894,NaN,0,400,157,714,714,491,223,325,69,83,54,8207,0,162,162,162,162,153,153,153,153,153,0,20
LIRCMOP8_BC,3,ref_y,136,150,1,0.5,150,0,0.00106668488753016,0.00246949785893903,150,20,4,0.00779990640112319,21.3333333333333,0.414541192003227,0.625957035361825,0.0500769355208126,20,0,20,3,0.133333333333333,0.0117675433246972,0.0303090417917489,0,0.0325796866368296,NaN,0.8,0.0289131193978008,0.08,0.014936068056444,0.033430602994486,0.033430602994486,NaN,0.15,400,153,706,706,478,228,315,69,88,57,6768,3,168,168,168,165,150,150,150,150,150,0,20
LIRCMOP8_BC,3,ref_y,137,147,1,0.49,147,0,0.00101380157901151,0.00227830464498488,147,20,4,0.00764390827310072,21.7687074829932,0.434941007064862,0.641741626653258,0,20,0,20,2,0.136054421768707,0.0121951820839166,0.0268335434838031,0,0.0308565751685444,NaN,0.75,0.0274070043484909,0.0816326530612245,0.0144216836398914,0.0315518353856565,0.0315518353856565,NaN,0.1,400,150,700,700,465,235,286,61,90,54,6722,5,162,162,162,162,147,147,147,147,147,0,20
LIRCMOP8_BC,3,ref_y,138,153,1,0.51,153,0,0.00103646196431934,0.00225535329635229,153,20,4,0.00795590452914565,20.9150326797386,0.434640984323066,0.632204505489072,0,20,0,20,0,0.130718954248366,0.00938393443008562,0.0123531125007718,0,0.0147402089158607,NaN,0.75,0.0200554890989604,0,0.0135848754570593,0.0153302150807454,0.0153302150807454,NaN,0,400,147,694,694,475,219,291,64,85,56,7168,4,168,168,168,168,153,153,153,153,153,0,20
LIRCMOP8_BC,3,ref_y,139,144,1,0.48,144,0,0.00100299557680862,0.00223319087632059,144,20,4,0.00748791014507826,22.2222222222222,0.414541192003227,0.644920667041319,0,20,0,20,1,0.138888888888889,0.00839481941505135,0.0103321335219176,0,0.0110332615485023,NaN,0.7,0.0174364698138708,0.0416666666666667,0.0107893821828902,0.0122215341544812,0.0122215341544812,NaN,0.05,400,153,706,706,479,227,317,63,88,53,6810,4,159,159,159,159,144,144,144,144,144,0,20
LIRCMOP8_BC,3,ref_y,140,141,1,0.47,141,0,0.00105789725812875,0.00232141742457507,141,20,4,0.0073319120170558,22.6950354609929,0.434640984323066,0.644920667041319,0,20,0,20,0,0.141843971631206,0.00917209116157245,0.0111730389119332,0,0.0126702259131893,NaN,0.8,0.0250222663763563,0,0.0120086239590997,0.0135611198363567,0.0135611198363567,NaN,0,400,144,688,688,469,219,306,65,84,51,7681,0,153,153,153,153,141,141,141,141,141,0,20
LIRCMOP8_BC,3,ref_y,141,138,1,0.46,138,0,0.00103212352400872,0.00188153630521203,138,20,4,0.00717591388903333,23.1884057971014,0.401950799215383,0.644920667041319,0,20,0,20,1,0.144927536231884,0.00851946738676372,0.0111126839205408,0,0.016248796174957,NaN,0.65,0.0232224757436622,0.0434782608695652,0.0100958551341734,0.0170238225932439,0.0170238225932439,NaN,0.05,400,141,682,682,462,220,294,62,89,55,6504,2,162,162,162,159,138,138,138,138,138,0,20
LIRCMOP8_BC,3,ref_y,142,135,1,0.45,135,0,0.00110927976654948,0.00248396263380297,135,20,4,0.00701991576101087,23.7037037037037,0.434640984323066,0.645306926079576,0,20,0,20,0,0.148148148148148,0.00820748730199245,0.0110946968193812,0,0.013525052517464,NaN,0.75,0.0213935231175139,0,0.0125035062625457,0.0141860078364328,0.0141860078364328,NaN,0,400,138,676,676,469,207,299,60,84,50,7026,0,148,148,148,145,135,135,135,135,135,0,20
LIRCMOP8_BC,3,ref_y,143,141,1,0.47,141,0,0.00109078529286927,0.0020342843015329,141,20,4,0.0073319120170558,22.6950354609929,0.434640984323066,0.645306926079576,0,20,0,20,4,0.141843971631206,0.00823690799043834,0.0379097998171543,0,0.042629701616685,NaN,0.7,0.0282376274159344,0.148936170212766,0.0108728423338274,0.0431448766600119,0.0431448766600119,NaN,0.2,400,135,670,670,453,217,289,61,91,54,5481,2,162,162,162,162,141,141,141,141,141,0,20
LIRCMOP8_BC,3,ref_y,144,144,1,0.48,144,0,0.000986711691781939,0.00185565828776664,144,20,4,0.00748791014507826,22.2222222222222,0.430223861058598,0.647527757327132,0,20,0,20,4,0.138888888888889,0.00611535500339827,0.0316779930476398,0,0.0370183189452977,NaN,0.7,0.0315771789375948,0.145833333333333,0.0109746171926996,0.0375897610040187,0.0375897610040187,NaN,0.2,400,141,682,682,462,220,309,63,91,56,6203,0,168,168,168,168,144,144,144,144,144,0,20
LIRCMOP8_BC,3,ref_y,145,153,1,0.51,153,0,0.00103051140516402,0.00246158713112802,153,20,4,0.00795590452914565,20.9150326797386,0.425806737794129,0.645751092329087,0,20,0,20,0,0.130718954248366,0.00707550385158788,0.00893498986412242,0,0.0151168992568965,NaN,0.8,0.0229156347954242,0,0.0123201713755705,0.015636521672602,0.015636521672602,NaN,0,400,144,688,688,466,222,296,65,89,57,6234,2,170,170,170,170,153,153,153,153,153,0,20
LIRCMOP8_BC,3,ref_y,146,148,1,0.5,148,0,0.00103520042099954,0.00247271111115283,148,20,4,0.00769590764910821,21.6216216216216,0.434640984323066,0.646861507952865,0,20,0,20,1,0.135135135135135,0.0138217566651283,0.0209351139388768,0,0.0287804366069659,NaN,0.7,0.0130379551358528,0.04,0.0175743537360639,0.029591810885592,0.029591810885592,NaN,0.05,400,153,706,706,459,247,310,65,89,57,7723,2,170,170,170,170,148,148,148,148,148,0,20
LIRCMOP8_BC,3,ref_y,147,147,1,0.49,147,0,0.00107812240771042,0.00260455064011812,147,20,4,0.00764390827310072,21.7687074829932,0.437946219130901,0.647527757327132,0,20,0,20,1,0.136054421768707,0.0154837591009791,0.0237054056032001,0,0.0281914662797937,NaN,0.85,0.0329960843690592,0.0408163265306122,0.0198663524177166,0.0288514760320841,0.0288514760320841,NaN,0.05,400,148,696,696,459,237,309,64,88,55,7660,0,164,164,164,164,147,147,147,147,147,0,20
LIRCMOP8_BC,3,ref_y,148,147,1,0.49,147,0,0.00124980682366817,0.0027075405041253,147,20,4,0.00764390827310072,21.7687074829932,0.434941007064862,0.64708359107762,0,20,0,20,1,0.136054421768707,0.0151073488459175,0.0170673633622679,0,0.0209593699226215,NaN,0.8,0.0340035353291166,0.0408163265306122,0.0199625176582142,0.0212139240877963,0.0212139240877963,NaN,0.05,400,147,694,694,461,233,314,64,86,54,7624,0,161,161,161,161,147,147,147,147,147,0,20
LIRCMOP8_BC,3,ref_y,149,144,1,0.48,144,0,0.00101036579221054,0.0022361578816264,144,20,4,0.00748791014507826,22.2222222222222,0.430223861058598,0.647527757327132,0,20,0,20,1,0.138888888888889,0.0120504703557691,0.0184445707247811,0,0.0219357837466777,NaN,0.75,0.026296603355605,0.0416666666666667,0.0148005263865054,0.0225216907608123,0.0225216907608123,NaN,0.05,400,147,694,694,451,243,306,66,89,56,6794,2,168,168,168,168,144,144,144,144,144,0,20
LIRCMOP8_BC,3,ref_y,150,144,1,0.48,144,0,0.00112540788936042,0.00264933040064741,144,20,4,0.00748791014507826,22.2222222222222,0.434790995693964,0.645306926079576,0.0189058079892334,20,0,20,1,0.138888888888889,0.0134225966933142,0.0148304075049119,0,0.0193653856861742,NaN,0.75,0.0222569058136551,0.0416666666666667,0.0179469425009093,0.0196806523359189,0.0196806523359189,NaN,0.05,400,144,688,688,448,240,303,66,87,55,7068,0,164,164,164,164,144,144,144,144,144,0,20
LIRCMOP8_BC,3,ref_y,151,138,1,0.46,138,0,0.00121389574192358,0.00253975318618688,138,20,4,0.00717591388903333,23.1884057971014,0.449699206684788,0.647527757327132,0,20,0,20,0,0.144927536231884,0.0193346141506517,0.020673781261192,0,0.0281254965514281,NaN,0.6,0.0100415479573545,0,0.0274667750479464,0.0285732773979246,0.0285732773979246,NaN,0,400,144,688,688,459,229,301,65,83,51,7628,0,153,153,153,153,138,138,138,138,138,0,20
LIRCMOP8_BC,3,ref_y,152,141,1,0.47,141,0,0.00111867028139062,0.00282035993756314,141,20,4,0.0073319120170558,22.6950354609929,0.437533630399201,0.647954087356491,0,20,0,20,5,0.141843971631206,0.00863718548291783,0.0393188041327649,0,0.0414336757514599,NaN,0.85,0.0329169214505554,0.170212765957447,0.0111722847907597,0.0417905493507293,0.0417905493507293,NaN,0.25,400,138,676,676,459,217,295,62,92,54,5036,0,161,161,161,161,141,141,141,141,141,0,20
LIRCMOP8_BC,3,ref_y,153,141,1,0.47,141,0,0.00109604875634713,0.00263862914282645,141,20,4,0.0073319120170558,22.6950354609929,0.437533630399201,0.647954087356491,0,20,0,20,5,0.141843971631206,0.00952779371806162,0.0394213018643246,0,0.041151905240318,NaN,0.7,0.0326212911248909,0.170212765957447,0.0116385134094689,0.0414743701253181,0.0414743701253181,NaN,0.25,400,141,682,682,446,236,285,62,89,54,5922,2,162,162,162,159,141,141,141,141,141,0,20
LIRCMOP8_BC,3,ref_y,154,141,1,0.47,141,0,0.00131699893828491,0.00324511882905054,141,20,4,0.0073319120170558,22.6950354609929,0.437533630399201,0.647527757327132,0,20,0,20,2,0.141843971631206,0.00860429720165755,0.0163705654178441,0,0.0187419150146604,NaN,0.85,0.0373140958594218,0.0851063829787234,0.0115900290212051,0.019062239670005,0.019062239670005,NaN,0.1,400,141,682,682,448,234,299,62,86,52,6741,0,155,155,155,155,141,141,141,141,141,0,20
LIRCMOP8_BC,3,ref_y,155,144,1,0.48,144,0,0.00122538576216822,0.00284677635613981,144,20,4,0.00748791014507826,22.2222222222222,0.443668448517244,0.647527757327132,0,20,0,20,3,0.138888888888889,0.00955052254858325,0.0241772795692421,0,0.0251995479702224,NaN,0.85,0.0252440277624556,0.125,0.012358630972616,0.0255646425060447,0.0255646425060447,NaN,0.15,400,141,682,682,451,231,303,63,88,54,6292,1,161,161,161,161,144,144,144,144,144,0,20
LIRCMOP8_BC,3,ref_y,156,144,1,0.48,144,0,0.00106262431251448,0.00228373019409144,144,20,4,0.00748791014507826,22.2222222222222,0.449699206684788,0.647527757327132,0,20,0,20,4,0.138888888888889,0.00859386344599569,0.0302566681995619,0,0.0314571547109853,NaN,0.7,0.0297687221416084,0.145833333333333,0.0111820936997652,0.0317212360756406,0.0317212360756406,NaN,0.2,400,144,688,688,454,234,299,62,89,54,5726,0,162,162,162,162,144,144,144,144,144,0,20
LIRCMOP8_BC,3,ref_y,157,141,1,0.47,141,0,0.00105641811975146,0.00256969641447107,141,20,4,0.0073319120170558,22.6950354609929,0.437533630399201,0.647527757327132,0,20,0,20,1,0.141843971631206,0.00817468494078404,0.0141263096256452,0,0.0155768947338604,NaN,0.8,0.0318783411508923,0.0425531914893617,0.0109506378772422,0.0157212762612382,0.0157212762612382,NaN,0.05,400,144,688,688,468,220,293,62,91,55,6022,0,163,163,163,163,141,141,141,141,141,0,20
LIRCMOP8_BC,3,ref_y,158,147,1,0.49,147,0,0.00110114870961773,0.00231704266736901,147,20,4,0.00764390827310072,21.7687074829932,0.45000773546599,0.64708359107762,0,20,0,20,4,0.136054421768707,0.00727297289448155,0.0396474735721169,0,0.0407381488730802,NaN,0.85,0.0287267040376633,0.122448979591837,0.0105064499062743,0.0408835837539513,0.0408835837539513,NaN,0.2,400,141,682,682,445,237,279,64,93,57,5761,0,169,169,169,169,147,147,147,147,147,0,20
LIRCMOP8_BC,3,ref_y,159,149,1,0.51,149,0,0.00112891777419652,0.00270865883718544,149,20,4,0.0077479070251157,21.4765100671141,0.449390677903587,0.647783555344747,0,20,0,20,3,0.134228187919463,0.00729579140307915,0.0239328943755817,0,0.0260519433192081,NaN,0.85,0.0307766969943743,0.117647058823529,0.0108880231709344,0.026133430601309,0.026133430601309,NaN,0.15,400,147,694,694,456,238,304,63,91,56,6887,2,166,166,166,166,149,149,149,149,149,0,20
LIRCMOP8_BC,3,ref_y,160,161,1,0.54,161,0,0.00117372912037812,0.00336659863027017,161,20,4,0.00837189953720555,19.8757763975155,0.449390677903587,0.647527757327132,0,20,0,20,2,0.124223602484472,0.00591502586142552,0.0156386590694224,0,0.019235263306419,NaN,0.8,0.0308228901780227,0.0740740740740741,0.0104655780694342,0.0198673705125838,0.0198673705125838,NaN,0.1,400,149,698,698,472,226,305,68,92,61,6086,0,181,181,181,181,161,161,161,161,161,0,20
LIRCMOP8_BC,3,ref_y,161,160,1,0.54,160,0,0.00108171912778427,0.00262898655468443,160,20,4,0.00831990016119807,20,0.448481502484402,0.645306926079576,0,20,0,20,2,0.125,0.00732684654598936,0.0202999876202854,0,0.0271227378087077,NaN,0.9,0.0361118809040797,0.0740740740740741,0.0124998680653027,0.0272008648793414,0.0272008648793414,NaN,0.1,400,161,722,722,492,230,319,67,92,60,6539,0,180,180,180,180,160,160,160,160,160,0,20
LIRCMOP8_BC,3,ref_y,162,156,1,0.52,156,0,0.00124936087613374,0.00283281361517679,156,20,4,0.00811190265716811,20.5128205128205,0.443462154151394,0.647527757327132,0,20,0,20,0,0.128205128205128,0.00685717970666072,0.0104468006986294,0,0.0152616274454846,NaN,0.9,0.0332219759840224,0,0.00919326192369484,0.0161213078998577,0.0161213078998577,NaN,0,400,160,720,720,480,240,323,67,89,58,7942,0,174,174,174,174,156,156,156,156,156,0,20
LIRCMOP8_BC,3,ref_y,163,144,1,0.48,144,0,0.0011432368736237,0.00308754208535105,144,20,4,0.00748791014507826,22.2222222222222,0.449699206684788,0.674699132123956,0,20,0,20,1,0.138888888888889,0.00585409896372926,0.00880914726151039,0,0.0151604962282245,NaN,0.8,0.0374821443233521,0.0416666666666667,0.00972151119294071,0.0161339631831369,0.0161339631831369,NaN,0.05,400,156,712,712,476,236,325,65,88,54,8612,0,162,162,162,162,144,144,144,144,144,0,20
LIRCMOP8_BC,3,ref_y,164,47,1,0.16,47,0,0.00151403926647233,0.00458630225708947,47,20,4,0.00244397067235193,68.0851063829787,0.328516938481111,0.5036555663729,0,20,0,20,2,0.425531914893617,0.00554016267747896,0.0124426894897594,0,0.0124426894897594,NaN,1,0.0177820524531555,0.125,0.00934237458318167,0.0128511927047626,0.0128511927047626,NaN,0.1,400,144,688,688,478,210,180,30,90,21,2880,31,61,61,61,61,47,47,47,47,47,0,20
LIRCMOP8_BC,3,ref_y,165,40,1,0.14,40,0,0.00167085509793753,0.00342863386081755,40,20,4,0.00207997504029952,80,0.246714010006876,0.5036555663729,0,20,0,20,2,0.5,0.00977703725988462,0.0151302471685279,0,0.0172937507068545,NaN,1,0.0217690994503672,0.142857142857143,0.0173006016251544,0.0202006684894285,0.0202006684894285,NaN,0.1,400,47,494,494,380,114,199,27,93,20,2744,10,55,55,55,55,40,40,40,40,40,0,20
LIRCMOP8_BC,3,ref_y,166,44,1,0.15,44,0,0.0020211355947441,0.00707289263982918,44,20,4,0.00228797254432947,72.7272727272727,0.226087788121523,0.5036555663729,0,20,0,20,4,0.454545454545455,0.00686176782848738,0.0122901377734607,0,0.0286971316531877,NaN,1,0.033467075744949,0.2,0.0256168959730515,0.0304260417150205,0.0304260417150205,NaN,0.2,400,40,480,480,373,107,208,26,91,19,2965,4,56,56,56,56,44,44,44,44,44,0,20
LIRCMOP8_BC,3,ref_y,167,42,1,0.14,42,0,0.00162113430766217,0.00657129379077813,42,20,4,0.00218397379231449,76.1904761904762,0.236400899064199,0.5036555663729,0,20,0,20,4,0.476190476190476,0.00519070253871076,0.00964767274783049,0,0.00967231383287817,NaN,0.7,0.0206572154695142,0.142857142857143,0.00746926783809142,0.00983216694696647,0.00983216694696647,NaN,0.2,400,44,488,488,374,114,193,25,94,19,3044,36,51,51,51,51,42,42,42,42,42,0,20
LIRCMOP8_BC,3,ref_y,168,49,1,0.17,49,0,0.0018799905472257,0.0065364980807792,49,20,4,0.00254796942436691,65.3061224489796,0.226087788121523,0.5036555663729,0,20,0,20,6,0.408163265306122,0.00462362075076373,0.0064221752663602,0,0.0241480087603248,NaN,1,0.0398694877452951,0.117647058823529,0.0198584981078892,0.0248941631154577,0.0248941631154577,NaN,0.3,400,42,484,484,385,99,201,28,92,20,3314,17,58,58,58,58,49,49,49,49,49,0,20
LIRCMOP8_BC,3,ref_y,169,39,1,0.13,39,0,0.00156787499038715,0.00683673584020987,39,20,4,0.00202797566429203,82.0512820512821,0.246714010006876,0.5036555663729,0,20,0,20,2,0.512820512820513,0.00669196723201171,0.0112519562498939,0,0.0112519562498939,NaN,0.65,0.0171914645031911,0.230769230769231,0.00814812877884808,0.011329978206466,0.011329978206466,NaN,0.1,400,49,498,498,385,113,230,25,94,19,3143,24,51,51,51,51,39,39,39,39,39,0,20
LIRCMOP8_BC,3,ref_y,170,44,1,0.15,44,0,0.00137082079833754,0.00339942600592096,44,20,4,0.00228797254432947,72.7272727272727,0.244958650903473,0.5036555663729,0,20,0,20,11,0.454545454545455,0.0060798428878815,0.0103007319969965,0,0.0103007319969965,NaN,1,0.0189749449467701,0.133333333333333,0.0110555162750931,0.0159591514840991,0.0159591514840991,NaN,0.55,400,39,478,478,373,105,192,27,94,21,2503,16,59,59,59,59,44,44,44,44,44,0,20
LIRCMOP8_BC,3,ref_y,171,48,1,0.16,48,0,0.00156160206641647,0.00382907717339586,48,20,4,0.00249597004835942,66.6666666666667,0.236400899064199,0.5036555663729,0,20,0,20,7,0.416666666666667,0.00497549793115879,0.00755993845090369,0,0.00755993845090369,NaN,1,0.0243221039116559,0.125,0.00996580492277746,0.0165004816181797,0.0165004816181797,NaN,0.35,400,44,488,488,373,115,210,30,90,20,2897,14,59,59,59,59,48,48,48,48,48,0,20
LIRCMOP8_BC,3,ref_y,172,48,1,0.16,48,0,0.00161087272647116,0.00383278026191355,48,20,4,0.00249597004835942,66.6666666666667,0.232641975785942,0.5036555663729,0,20,0,20,5,0.416666666666667,0.00386033303264294,0.00577127750476118,0,0.00577127750476118,NaN,1,0.0218975460816499,0.125,0.00859506362719552,0.0153125725513514,0.0153125725513514,NaN,0.25,400,48,496,496,374,122,207,29,90,21,2766,6,62,62,62,62,48,48,48,48,48,0,20
LIRCMOP8_BC,3,ref_y,173,42,1,0.14,42,0,0.00129352817643601,0.00330473619917294,42,20,4,0.00218397379231449,76.1904761904762,0.280550840162601,0.5036555663729,0,20,0,20,5,0.476190476190476,0.00306875632083744,0.00686309376019325,0,0.00686309376019325,NaN,0.8,0.0186926704819091,0.142857142857143,0.00543006304140662,0.0081713358701303,0.0081713358701303,NaN,0.25,400,48,496,496,363,133,204,26,90,18,3179,16,53,53,53,53,42,42,42,42,42,0,20
LIRCMOP8_BC,3,ref_y,174,48,1,0.16,48,0,0.00146186162601869,0.00370035729383112,48,20,4,0.00249597004835942,66.6666666666667,0.280468545540966,0.5036555663729,0,20,0,20,6,0.416666666666667,0.00544769661730301,0.00576495963497203,0,0.00576495963497203,NaN,0.55,0.00191225093937183,0.125,0.00843541782356294,0.0132762929308219,0.0132762929308219,NaN,0.3,400,42,484,484,370,114,198,27,91,19,2949,8,54,54,54,54,48,48,48,48,48,0,20
LIRCMOP8_BC,3,ref_y,175,45,1,0.15,45,0,0.00119356294294671,0.00228077823949335,45,20,4,0.00233997192033696,71.1111111111111,0.280633134784237,0.5036555663729,0,20,0,20,1,0.444444444444444,0.00872444379239124,0.012016542060516,0,0.012016542060516,NaN,0.15,-0.0144706606109276,0.133333333333333,0.0104693969542194,0.0124503451694538,0.0124503451694538,NaN,0.05,400,48,496,496,382,114,212,27,90,18,3650,12,53,53,53,53,45,45,45,45,45,0,20
LIRCMOP8_BC,3,ref_y,176,44,1,0.15,44,0,0.00130835971793289,0.00354205375761162,44,20,4,0.00228797254432947,72.7272727272727,0.280468545540966,0.5036555663729,0,20,0,20,1,0.454545454545455,0.00193286524061465,0.00233360787061518,0,0.00233360787061518,NaN,0.6,0.00245561048498463,0.133333333333333,0.0100503657598743,0.0169253511912791,0.0169253511912791,NaN,0.05,400,45,490,490,376,114,195,26,90,18,2757,16,52,52,52,52,44,44,44,44,44,0,20
LIRCMOP8_BC,3,ref_y,177,42,1,0.14,42,0,0.00133164680944395,0.00253222011181471,42,20,4,0.00218397379231449,76.1904761904762,0.280550840162601,0.743529572847379,0,20,0,20,0,0.476190476190476,0.00981387453883382,0.0128850829288303,0,0.0128850829288303,NaN,0.6,0.00634111707115154,0,0.0146892068417912,0.0193255559839383,0.0193255559839383,NaN,0,400,44,488,488,369,119,197,29,87,17,3094,14,50,50,50,50,42,42,42,42,42,0,20
LIRCMOP8_BC,3,ref_y,178,40,1,0.14,40,0,0.00120548201514557,0.00322192004383292,40,20,4,0.00207997504029952,80,0.246714010006876,0.405297591862387,0,20,0,20,0,0.5,0.00314139791609399,0.00435163578888247,0,0.00435163578888247,NaN,0.4,-0.00143948122861134,0,0.0058192849548438,0.012272793958303,0.012272793958303,NaN,0,400,42,484,484,369,115,193,24,92,17,2813,17,48,48,48,48,40,40,40,40,40,0,20
LIRCMOP8_BC,3,ref_y,179,39,1,0.13,39,0,0.00127411883840359,0.00416056588846142,39,20,4,0.00202797566429203,82.0512820512821,0.246714010006876,0.405297591862387,0,20,0,20,0,0.512820512820513,0.00407591175182011,0.00566867985439942,0,0.00566867985439942,NaN,0.45,-0.00121955538431198,0,0.0066384659262287,0.0126119204864977,0.0126119204864977,NaN,0,400,40,480,480,367,113,191,25,90,16,3228,4,47,47,47,47,39,39,39,39,39,0,20
LIRCMOP8_BC,3,ref_y,180,42,1,0.14,42,0,0.00152744282098285,0.00328744155038654,42,20,4,0.00218397379231449,76.1904761904762,0.232641975785942,0.328516938481111,0,20,0,20,0,0.476190476190476,0.00574383938657013,0.00712899390467388,0,0.00712899390467388,NaN,0.5,0.000669804791811585,0,0.00646543835424688,0.0132822492366863,0.0132822492366863,NaN,0,400,39,478,478,355,123,171,25,92,17,3010,12,48,48,48,48,42,42,42,42,42,0,20
LIRCMOP8_BC,3,ref_y,181,48,1,0.16,48,0,0.00142427688389372,0.00396418115916616,48,20,4,0.00249597004835942,66.6666666666667,0.232641975785942,0.405297591862387,0,20,0,20,5,0.416666666666667,0.00164090982388101,0.00425881677503663,0,0.00499457285209982,NaN,0.5,-0.000114980109565149,0.125,0.00991684640119005,0.0119938436755898,0.0119938436755898,NaN,0.25,400,42,484,484,363,121,181,25,93,18,3867,12,51,51,51,51,48,48,48,48,48,0,20
LIRCMOP8_BC,3,ref_y,182,48,1,0.16,48,0,0.0014282700697171,0.00472011144622838,48,20,4,0.00249597004835942,66.6666666666667,0.26024745668125,0.461713429032365,0,20,0,20,0,0.416666666666667,0.00241974443373922,0.0050541646959709,0,0.0050541646959709,NaN,1,0.00921115429516817,0,0.00667675223433496,0.0125372707802144,0.0125372707802144,NaN,0,400,48,496,496,359,137,196,29,87,18,4346,0,54,54,54,54,48,48,48,48,48,0,20
LIRCMOP8_BC,3,ref_y,183,45,1,0.16,45,0,0.00119561258680728,0.00399133099327064,45,20,4,0.00233997192033696,71.1111111111111,0.246714010006876,0.461713429032365,0,20,0,20,0,0.444444444444444,0.00180657882768565,0.00612953842079158,0,0.0104059028597634,NaN,0.9,0.0263620125685687,0,0.00868647885780793,0.0126093189536707,0.0126093189536707,NaN,0,400,48,496,496,361,135,223,25,92,17,6042,10,50,50,50,50,45,45,45,45,45,0,20
LIRCMOP8_BC,3,ref_y,184,45,1,0.15,45,0,0.00126623055024895,0.00321587133519984,45,20,4,0.00233997192033696,71.1111111111111,0.223039746141525,0.405297591862387,0,20,0,20,0,0.444444444444444,0.000347106292372915,0.00315183221655007,0,0.00863990851727335,NaN,1,0.034501154320017,0,0.0063149014213751,0.0101393847538847,0.0101393847538847,NaN,0,400,45,490,490,352,138,210,22,95,17,4646,5,51,51,51,51,45,45,45,45,45,0,20
LIRCMOP8_BC,3,ref_y,185,55,1,0.19,55,0,0.00138508621506907,0.00393750441234858,55,20,4,0.00285996568041183,58.1818181818182,0.216301926896665,0.461713429032365,0,20,0,20,4,0.363636363636364,0.00295905936266337,0.00356729032807207,0,0.0121366242552965,NaN,1,0.0492047098584728,0.105263157894737,0.0127935537958318,0.0172028672048401,0.0172028672048401,NaN,0.2,400,45,490,490,355,135,199,26,100,26,4688,6,76,76,76,76,55,55,55,55,55,0,20
LIRCMOP8_BC,3,ref_y,186,57,1,0.19,57,0,0.00139663746716694,0.00484838848127083,57,20,4,0.00296396443242681,56.140350877193,0.224368549437972,0.391648507119395,0,20,0,20,3,0.350877192982456,0.00771431858729934,0.0105485518817611,0,0.0212022978600715,NaN,1,0.0348106843810981,0.210526315789474,0.0169926264568543,0.0237511980414884,0.0237511980414884,NaN,0.15,400,55,510,510,381,129,192,27,93,20,4565,5,60,60,60,60,57,57,57,57,57,0,20
LIRCMOP8_BC,3,ref_y,187,51,1,0.17,51,0,0.0011983842352438,0.00380070427651353,51,20,4,0.00265196817638188,62.7450980392157,0.223039746141525,0.405297591862387,0,20,0,20,0,0.392156862745098,0.00506726812465224,0.00834464485805082,0,0.0151139125876337,NaN,1,0.032145424930444,0,0.00930152604608493,0.0171834151873202,0.0171834151873202,NaN,0,400,57,514,514,373,141,209,24,95,19,4331,0,57,57,57,57,51,51,51,51,51,0,20
LIRCMOP8_BC,3,ref_y,188,57,1,0.19,57,0,0.00124377916151218,0.00418270090958853,57,20,4,0.00296396443242681,56.140350877193,0.23235583347491,0.460313021938639,0,20,0,20,0,0.350877192982456,0.00519610349156786,0.00842409362205784,0,0.0134612618384734,NaN,1,0.0291839018019706,0,0.00855108650662595,0.016831410470367,0.016831410470367,NaN,0,400,51,502,502,368,134,177,27,95,22,3587,0,66,66,66,66,57,57,57,57,57,0,20
LIRCMOP8_BC,3,ref_y,189,45,1,0.15,45,0,0.00100165741581503,0.00241982352872376,45,20,4,0.00233997192033696,71.1111111111111,0.224368549437972,0.474066879457701,0,20,0,20,0,0.444444444444444,0.00219301993986508,0.00543322092336774,0,0.011419232809406,NaN,1,0.0311645351441784,0,0.00752451604413848,0.0149382402287125,0.0149382402287125,NaN,0,400,57,514,514,370,144,200,27,92,19,4012,8,57,57,57,57,45,45,45,45,45,0,20
LIRCMOP8_BC,3,ref_y,190,46,1,0.16,46,0,0.00074096693247419,0.00192236761758417,46,20,4,0.00239197129634444,69.5652173913043,0.224368549437972,0.474066879457701,0,20,0,20,0,0.434782608695652,0.00134451170113938,0.00500203201144439,0,0.00969885494968991,NaN,1,0.0373000154404521,0,0.00761636860007188,0.0105863344413777,0.0105863344413777,NaN,0,400,45,490,490,359,131,206,28,94,22,3488,12,64,64,64,64,46,46,46,46,46,0,20
LIRCMOP8_BC,3,ref_y,191,50,1,0.17,50,0,0.000974852938702945,0.00348922973262512,50,20,4,0.0025999688003744,64,0.224368549437972,0.474066879457701,0,20,0,20,0,0.4,0.00334699937162928,0.00878740992369778,0,0.011411865437542,NaN,1,0.0338540032622414,0,0.009048958584163,0.0124061572687192,0.0124061572687192,NaN,0,400,46,492,492,369,123,196,27,95,22,3244,2,66,66,66,66,50,50,50,50,50,0,20
LIRCMOP8_BC,3,ref_y,192,42,1,0.14,42,0,0.00104881372127408,0.00511885761239275,42,20,4,0.00218397379231449,76.1904761904762,0.207011196522076,0.337052168147427,0,20,0,20,0,0.476190476190476,0.00316948509426354,0.0100082086948851,0,0.0126571736757496,NaN,1,0.0351182360892185,0,0.00899454536729125,0.0140563666513722,0.0140563666513722,NaN,0,400,50,500,500,369,131,173,24,95,19,2888,19,54,54,54,54,42,42,42,42,42,0,20
LIRCMOP8_BC,3,ref_y,193,45,1,0.15,45,0,0.00101361141507097,0.0042524001036156,45,20,4,0.00233997192033696,71.1111111111111,0.223246975047176,0.337052168147427,0,20,0,20,0,0.444444444444444,0.0014232700817017,0.00862735030085586,0,0.0116665446142366,NaN,1,0.0367444786323447,0,0.00834039543111821,0.0122099179373918,0.0122099179373918,NaN,0,400,42,484,484,377,107,199,25,95,20,3185,25,57,57,57,57,45,45,45,45,45,0,20
LIRCMOP8_BC,3,ref_y,194,48,1,0.16,48,0,0.00129145098158203,0.00511952995905491,48,20,4,0.00249597004835942,66.6666666666667,0.223246975047176,0.337052168147427,0,20,0,20,0,0.416666666666667,0.00154614920266866,0.00531724997756207,0,0.00952517745074191,NaN,1,0.0361882823283611,0,0.00748558927758869,0.0101841654392742,0.0101841654392742,NaN,0,400,45,490,490,364,126,198,26,95,21,3632,40,60,60,60,60,48,48,48,48,48,0,20
LIRCMOP8_BC,3,ref_y,195,50,1,0.17,50,0,0.00108615256497995,0.00537249762641052,50,20,4,0.0025999688003744,64,0.223039746141525,0.337052168147427,0,20,0,20,1,0.4,0.00126434405216575,0.00292491381342058,0,0.00689173344257972,NaN,1,0.0297049858186601,0.117647058823529,0.00691825055074458,0.0124067612829989,0.0124067612829989,NaN,0.05,400,48,496,496,374,122,206,25,100,25,4182,40,74,74,74,74,50,50,50,50,50,0,20
LIRCMOP8_BC,3,ref_y,196,48,1,0.16,48,0,0.00112321249829295,0.00370911856140662,48,20,4,0.00249597004835942,66.6666666666667,0.22314336059435,0.337052168147427,0,20,0,20,0,0.416666666666667,0.00164544374593253,0.00244370049288962,0,0.00655108339075688,NaN,1,0.0304789752572396,0,0.00536673937742239,0.0102533295995105,0.0102533295995105,NaN,0,400,50,500,500,368,132,196,23,100,23,3969,51,66,66,66,66,48,48,48,48,48,0,20
LIRCMOP8_BC,3,ref_y,197,51,1,0.17,51,0,0.00106994291896744,0.00453472832497068,51,20,4,0.00265196817638188,62.7450980392157,0.233308777439654,0.337052168147427,0,20,0,20,0,0.392156862745098,0.00194712704646668,0.00344246784572909,0,0.00392063946113364,NaN,1,0.0209423375749945,0,0.00516348813388429,0.00830355435236799,0.00830355435236799,NaN,0,400,48,496,496,359,137,201,27,95,22,4761,42,60,60,60,60,51,51,51,51,51,0,20
LIRCMOP8_BC,3,ref_y,198,50,1,0.17,50,0,0.000867675233884825,0.00428522895261766,50,20,4,0.0025999688003744,64,0.223246975047176,0.337052168147427,0,20,0,20,1,0.4,0.00155974952213101,0.0025572145707314,0,0.00259033196420179,NaN,1,0.0177170287374872,0.117647058823529,0.00439224369124338,0.00752281496376569,0.00752281496376569,NaN,0.05,400,51,502,502,356,146,215,27,100,27,5743,61,77,77,77,77,50,50,50,50,50,0,20
LIRCMOP8_BC,3,ref_y,199,49,1,0.17,49,0,0.000996270915962164,0.00355920726295823,49,20,4,0.00254796942436691,65.3061224489796,0.223039746141525,0.337052168147427,0,20,0,20,0,0.408163265306122,0.00227248384294006,0.00359452805731614,0,0.00421424496781355,NaN,0.8,0.00718857362041714,0,0.00455980142220102,0.0089850517765881,0.0089850517765881,NaN,0,400,50,500,500,354,146,194,26,100,26,4220,82,70,70,70,70,49,49,49,49,49,0,20
LIRCMOP8_BC,3,ref_y,200,48,1,0.17,48,0,0.00155573683767823,0.00522378758567154,48,20,4,0.00249597004835942,66.6666666666667,0.225318757374936,0.36722297215716,0,20,0,20,0,0.416666666666667,0.00139565308743676,0.00339391107533364,0,0.00852140316975892,NaN,1,0.0353069695985764,0,0.00728385389980561,0.00920116445398578,0.00920116445398578,NaN,0,400,49,498,498,365,133,195,26,100,26,5532,47,72,72,72,72,48,48,48,48,48,0,20
LIRCMOP8_BC,3,ref_y,201,51,1,0.17,51,0,0.00153600559621023,0.00417940218349206,51,20,4,0.00265196817638188,62.7450980392157,0.235154834079677,0.36722297215716,0,20,0,20,0,0.392156862745098,0.0017373309075517,0.00389137130296713,0,0.00594532658696121,NaN,1,0.0269791563023652,0,0.0055534375400217,0.00844892385459738,0.00844892385459738,NaN,0,400,48,496,496,347,149,176,27,100,27,4217,86,72,72,72,72,51,51,51,51,51,0,20
LIRCMOP8_BC,3,ref_y,202,51,1,0.17,51,0,0.00128951618658813,0.00421555588727231,51,20,4,0.00265196817638188,62.7450980392157,0.223246975047176,0.36722297215716,0,20,0,20,0,0.392156862745098,0.00147520509207702,0.00314368583709973,0,0.00575561660203264,NaN,1,0.023946841080662,0,0.00520042326046559,0.0101245959538413,0.0101245959538413,NaN,0,400,51,502,502,360,142,190,28,100,28,4773,51,75,75,75,75,51,51,51,51,51,0,20
LIRCMOP8_BC,3,ref_y,203,47,1,0.17,47,0,0.00124970210825952,0.00550879494741541,47,20,4,0.00244397067235193,68.0851063829787,0.223039746141525,0.337052168147427,0,20,0,20,0,0.425531914893617,0.00120242153414428,0.00259278953197068,0,0.00707398270887524,NaN,1,0.0418066376239151,0,0.00463133441049996,0.0109720312037797,0.0109720312037797,NaN,0,400,51,502,502,347,155,195,27,100,27,5580,66,71,71,71,71,47,47,47,47,47,0,20
LIRCMOP8_BC,3,ref_y,204,60,1,0.2,60,0,0.00151459011303766,0.00796825611549544,60,20,4,0.00311996256044927,53.3333333333333,0.202655153690353,0.329493479664948,0,20,0,20,0,0.333333333333333,0.00156592430649535,0.00260620181138665,0,0.00609246267078093,NaN,1,0.074600655546642,0,0.00518672188719642,0.00749629898804326,0.00749629898804326,NaN,0,400,47,494,494,361,133,172,30,100,30,4556,56,84,84,84,84,60,60,60,60,60,0,20
LIRCMOP8_BC,3,ref_y,205,57,1,0.19,57,0,0.00140386734190722,0.00551749330644108,57,20,4,0.00296396443242681,56.140350877193,0.223039746141525,0.317978893271242,0,20,0,20,0,0.350877192982456,0.00124609746569867,0.0036988003616995,0,0.0065806459123031,NaN,1,0.0420042420348248,0,0.00499273079932247,0.00892753141995367,0.00892753141995367,NaN,0,400,60,520,520,355,165,209,29,100,29,5699,76,81,81,81,81,57,57,57,57,57,0,20
LIRCMOP8_BC,3,ref_y,206,65,1,0.22,65,0,0.00190257486057841,0.0105249390223006,65,20,4,0.00337995944048671,49.2307692307692,0.223246975047176,0.302155301626336,0,20,0,20,0,0.307692307692308,0.00150459100059192,0.00257614130357598,0,0.00378759403485241,NaN,1,0.0118418704005184,0,0.00515220839012981,0.00626416722244789,0.00626416722244789,NaN,0,400,57,514,514,349,165,218,29,100,29,5461,86,83,83,83,83,65,65,65,65,65,0,20
LIRCMOP8_BC,3,ref_y,207,62,1,0.21,62,0,0.00143448258507294,0.00795395568803384,62,20,4,0.00322396131246425,51.6129032258064,0.223039746141525,0.326470004271956,0,20,0,20,2,0.32258064516129,0.000675655276893526,0.00261541626196919,0,0.00566067371560517,NaN,1,0.0135140935353902,0.0952380952380952,0.00503342684583496,0.00693363425930424,0.00693363425930424,NaN,0.1,400,65,530,530,369,161,194,28,100,28,5174,107,80,80,80,80,62,62,62,62,62,0,20
LIRCMOP8_BC,3,ref_y,208,68,1,0.23,68,0,0.00124402893506982,0.00719436168547055,68,20,4,0.00353595756850918,47.0588235294118,0.223039746141525,0.321934791182468,0,20,0,20,0,0.294117647058824,0.000650391145774665,0.0014587995246771,0,0.00594065392938288,NaN,0.75,0.00951590529647851,0,0.00431900769230766,0.00895425124140571,0.00895425124140571,NaN,0,400,62,524,524,352,172,219,30,100,30,5271,113,90,90,90,90,68,68,68,68,68,0,20
LIRCMOP8_BC,3,ref_y,209,60,1,0.2,60,0,0.00161891017678564,0.00655244198685738,60,20,4,0.00311996256044927,53.3333333333333,0.228277876243415,0.329493479664948,0,20,0,20,0,0.333333333333333,0.000940344288759195,0.00473178966481005,0,0.0159118029966853,NaN,0.8,0.0138129572515371,0,0.0150670986047142,0.0176988487699885,0.0176988487699885,NaN,0,400,68,536,536,380,156,216,29,100,29,3206,71,87,87,87,87,60,60,60,60,60,0,20
LIRCMOP8_BC,3,ref_y,210,61,1,0.22,61,0,0.00143640366025208,0.00739137508666728,61,20,4,0.00317196193645676,52.4590163934426,0.233308777439654,0.327981741968452,0,20,0,20,0,0.327868852459016,0.000463156920578039,0.00154595080260592,0,0.0117688327275265,NaN,0.95,0.0335075161752234,0,0.00608600874788945,0.0125490568199129,0.0125490568199129,NaN,0,400,60,520,520,359,161,197,30,100,30,4753,126,82,82,82,82,61,61,61,61,61,0,20
LIRCMOP8_BC,3,ref_y,211,60,1,0.2,60,0,0.0014324899372366,0.00707635626965822,60,20,4,0.00311996256044927,53.3333333333333,0.22314336059435,0.354030129429849,0,20,0,20,0,0.333333333333333,0.000708647317372285,0.00154430718554517,0,0.00154430718554517,NaN,1,0.0249474913883367,0,0.0055512987828926,0.0103649399461398,0.0103649399461398,NaN,0,400,61,522,522,361,161,216,29,100,29,4692,58,81,81,81,81,60,60,60,60,60,0,20
LIRCMOP8_BC,3,ref_y,212,61,1,0.21,61,0,0.00139021750197761,0.00719805358679116,61,20,4,0.00317196193645676,52.4590163934426,0.223039746141525,0.327981741968452,0,20,0,20,0,0.327868852459016,0.00081636513975228,0.0020644568864602,0,0.0020644568864602,NaN,1,0.0463365972395772,0,0.00323087512208165,0.00848988814003976,0.00848988814003976,NaN,0,400,60,520,520,371,149,216,30,100,30,4525,122,82,82,82,82,61,61,61,61,61,0,20
LIRCMOP8_BC,3,ref_y,213,63,1,0.22,63,0,0.00156636212508143,0.00933467870830774,63,20,4,0.00327596068847174,50.7936507936508,0.235090832994662,0.374041358441068,0,20,0,20,0,0.317460317460317,0.00186533333956838,0.00334715149978914,0,0.00334715149978914,NaN,1,0.0291920931310057,0,0.00415179648804163,0.00449318879092312,0.00449318879092312,NaN,0,400,61,522,522,370,152,230,30,100,30,3476,65,84,84,84,84,63,63,63,63,63,0,20
LIRCMOP8_BC,3,ref_y,214,65,1,0.22,65,0,0.00156604270786295,0.00926103328320847,65,20,4,0.00337995944048671,49.2307692307692,0.231061221644838,0.372111758533029,0,20,0,20,0,0.307692307692308,0.0014292354990283,0.00292414678214855,0,0.00292414678214855,NaN,1,0.0213085952715129,0,0.0043896109476706,0.00590531097255966,0.00590531097255966,NaN,0,400,63,526,526,374,152,228,30,100,30,4578,56,86,86,86,86,65,65,65,65,65,0,20
LIRCMOP8_BC,3,ref_y,215,69,1,0.23,69,0,0.00176618352963493,0.0074905666405628,69,20,4,0.00358795694451667,46.3768115942029,0.235090832994662,0.337052168147427,0,20,0,20,0,0.289855072463768,0.00334221511611585,0.00474831335541888,0,0.00508267709494181,NaN,1,0.0484235220385789,0,0.00638040305887167,0.00779336580321477,0.00779336580321477,NaN,0,400,65,530,530,377,153,231,31,100,31,3913,60,90,90,90,90,69,69,69,69,69,0,20
LIRCMOP8_BC,3,ref_y,216,70,1,0.24,70,0,0.00107326024234564,0.00749654544171767,70,20,4,0.00363995632052415,45.7142857142857,0.231061221644838,0.321934791182468,0,20,0,20,0,0.285714285714286,0.00196979718276828,0.00329731915691828,0,0.00329731915691828,NaN,1,0.0446524385190663,0,0.00736607554845397,0.00964584926454417,0.00964584926454417,NaN,0,400,69,538,538,368,170,227,32,100,32,5188,56,93,93,93,93,70,70,70,70,70,0,20
LIRCMOP8_BC,3,ref_y,217,82,1,0.28,82,0,0.00149042121435906,0.00890517111640618,82,20,4,0.00426394883261401,39.0243902439024,0.23307602731975,0.321934791182468,0,20,0,20,0,0.24390243902439,0.00250989972094856,0.00369611518213349,0,0.00369611518213349,NaN,1,0.0460154321100455,0,0.0106618684785556,0.0131218755606647,0.0131218755606647,NaN,0,400,70,540,540,381,159,216,36,100,36,3480,72,103,103,103,103,82,82,82,82,82,0,20
LIRCMOP8_BC,3,ref_y,218,75,1,0.25,75,0,0.0011323905446411,0.00864355098258876,75,20,4,0.00389995320056159,42.6666666666667,0.226645617270913,0.321934791182468,0,20,0,20,0,0.266666666666667,0.00302359650075143,0.00354682981990511,0,0.00440766749727307,NaN,1,0.0619513165682478,0,0.0102527205218108,0.011424217907237,0.011424217907237,NaN,0,400,82,564,564,388,176,234,33,100,33,4312,50,96,96,96,96,75,75,75,75,75,0,20
LIRCMOP8_BC,3,ref_y,219,70,1,0.24,70,0,0.00112122504096,0.00599969104165997,70,20,4,0.00363995632052415,45.7142857142857,0.242558846628334,0.337052168147427,0,20,0,20,1,0.285714285714286,0.00269680479098204,0.00365800546345761,0,0.00461666256125585,NaN,1,0.0531024552202086,0.0833333333333333,0.0111180252486002,0.0123096228807558,0.0123096228807558,NaN,0.05,400,75,550,550,380,170,224,33,100,33,3279,72,97,97,97,97,70,70,70,70,70,0,20
LIRCMOP8_BC,3,ref_y,220,81,1,0.28,81,0,0.00122183866934042,0.00787893465794065,81,20,4,0.00421194945660652,39.5061728395062,0.223246975047176,0.321934791182468,0,20,0,20,2,0.246913580246914,0.00178704620818363,0.00283022593909435,0,0.00331299859190047,NaN,1,0.0414326709398447,0.107142857142857,0.0129052685578047,0.0138522899094338,0.0138522899094338,NaN,0.1,400,70,540,540,385,155,222,36,100,36,2830,75,105,105,105,105,81,81,81,81,81,0,20
LIRCMOP8_BC,3,ref_y,221,87,1,0.29,87,0,0.00102412419631309,0.00539383679585369,87,20,4,0.00452394571265145,36.7816091954023,0.235090832994662,0.337052168147427,0,20,0,20,0,0.229885057471264,0.00296899871061584,0.00367597982610332,0,0.00367597982610332,NaN,1,0.0459404096331874,0,0.00461806391048592,0.00505063014831375,0.00505063014831375,NaN,0,400,81,562,562,392,170,246,37,100,37,4594,68,111,111,111,111,87,87,87,87,87,0,20
LIRCMOP8_BC,3,ref_y,222,82,1,0.28,82,0,0.00110275607344718,0.00583264810814853,82,20,4,0.00426394883261401,39.0243902439024,0.231061221644838,0.349003344868969,0,20,0,20,0,0.24390243902439,0.00178881665913838,0.0028012774500796,0,0.00321617703338801,NaN,1,0.0704565018442923,0,0.00933157522847809,0.0113210173609964,0.0113210173609964,NaN,0,400,87,574,574,412,162,242,36,100,36,4600,83,108,108,108,108,82,82,82,82,82,0,20
LIRCMOP8_BC,3,ref_y,223,83,1,0.28,83,0,0.00148543325476931,0.00755738887384839,83,20,4,0.0043159482086215,38.5542168674699,0.226823715939403,0.349003344868969,0,20,0,20,1,0.240963855421687,0.00198851074905073,0.00229118423737567,0,0.0028647212091228,NaN,1,0.101377294046112,0.0714285714285714,0.00823154665524359,0.0108862281566786,0.0108862281566786,NaN,0.05,400,82,564,564,398,166,226,34,100,34,3878,49,102,102,102,102,83,83,83,83,83,0,20
LIRCMOP8_BC,3,ref_y,224,86,1,0.29,86,0,0.00142261425478595,0.00909241274576459,86,20,4,0.00447194633664396,37.2093023255814,0.234810305489355,0.366736962716529,0,20,0,20,2,0.232558139534884,0.0024575525319097,0.0063390071125748,0,0.00742086972943579,NaN,1,0.0773300164746903,0.103448275862069,0.00845475742731139,0.0103615385460326,0.0103615385460326,NaN,0.1,400,83,566,566,401,165,237,37,100,37,4350,66,108,108,108,108,86,86,86,86,86,0,20
LIRCMOP8_BC,3,ref_y,225,83,1,0.28,83,0,0.00103255192048512,0.00522724585486914,83,20,4,0.0043159482086215,38.5542168674699,0.223246975047176,0.349003344868969,0,20,0,20,2,0.240963855421687,0.00269484745583271,0.00456843385812783,0,0.00671943201862954,NaN,1,0.0799046865120601,0.107142857142857,0.00493601020171255,0.00861739975186829,0.00861739975186829,NaN,0.1,400,86,572,572,397,175,239,36,100,36,4389,59,108,108,108,108,83,83,83,83,83,0,20
LIRCMOP8_BC,3,ref_y,226,87,1,0.29,87,0,0.00128702071864164,0.0065286228851166,87,20,4,0.00452394571265145,36.7816091954023,0.226823715939403,0.34661310952466,0,20,0,20,2,0.229885057471264,0.00224232252181187,0.00339515570378981,0,0.0034879085080817,NaN,1,0.054831161737064,0.0689655172413793,0.00722024459210694,0.00870017581188548,0.00870017581188548,NaN,0.1,400,83,566,566,400,166,244,36,100,36,4100,42,108,108,108,108,87,87,87,87,87,0,20
LIRCMOP8_BC,3,ref_y,227,87,1,0.29,87,0,0.00104899613448744,0.00547164325221672,87,20,4,0.00452394571265145,36.7816091954023,0.204465540838651,0.337052168147427,0,20,0,20,2,0.229885057471264,0.00121928507759476,0.00214686523484576,0,0.00214686523484576,NaN,1,0.0700171336546459,0.137931034482759,0.00496690985467858,0.0059737897599345,0.0059737897599345,NaN,0.1,400,87,574,574,399,175,244,37,100,37,4526,50,111,111,111,111,87,87,87,87,87,0,20
LIRCMOP8_BC,3,ref_y,228,87,1,0.29,87,0,0.00115965039251118,0.00499006313640278,87,20,4,0.00452394571265145,36.7816091954023,0.223246975047176,0.34661310952466,0,20,0,20,1,0.229885057471264,0.00110054491654015,0.00225120390615613,0,0.00270308124459484,NaN,1,0.0671322272567589,0.0689655172413793,0.00692043543249919,0.00766973722253096,0.00766973722253096,NaN,0.05,400,87,574,574,403,171,236,36,100,36,4421,33,108,108,108,108,87,87,87,87,87,0,20
LIRCMOP8_BC,3,ref_y,229,78,1,0.26,78,0,0.000958823042837729,0.00461415208183909,78,20,4,0.00405595132858406,41.025641025641,0.228607708307522,0.349003344868969,0,20,0,20,2,0.256410256410256,0.00173228294671576,0.00311921169193746,0,0.00484651705550049,NaN,1,0.0616001475069839,0.115384615384615,0.0112059592112945,0.0134762273077369,0.0134762273077369,NaN,0.1,400,87,574,574,400,174,220,36,100,36,3991,39,106,106,106,106,78,78,78,78,78,0,20
LIRCMOP8_BC,3,ref_y,230,81,1,0.27,81,0,0.00123011595250154,0.00719518194360861,81,20,4,0.00421194945660652,39.5061728395062,0.230391700675641,0.349003344868969,0,20,0,20,0,0.246913580246914,0.00087716725046835,0.00202270821225927,0,0.00514689944162633,NaN,1,0.0492255259493389,0,0.0114515087490849,0.0133860298396155,0.0133860298396155,NaN,0,400,78,556,556,386,170,218,36,100,36,3938,52,106,106,106,106,81,81,81,81,81,0,20
LIRCMOP8_BC,3,ref_y,231,81,1,0.27,81,0,0.001339724625033,0.00604943541479568,81,20,4,0.00421194945660652,39.5061728395062,0.223246975047176,0.349003344868969,0,20,0,20,0,0.246913580246914,0.000657927782671078,0.00200501331661337,0,0.00487291989085319,NaN,1,0.0603318286757538,0,0.0113564290897148,0.0133786740683419,0.0133786740683419,NaN,0,400,81,562,562,392,170,245,35,100,35,3459,65,105,105,105,105,81,81,81,81,81,0,20
LIRCMOP8_BC,3,ref_y,232,86,1,0.29,86,0,0.00137780710776173,0.00466620524170155,86,20,4,0.00447194633664396,37.2093023255814,0.227326779904641,0.349003344868969,0,20,0,20,1,0.232558139534884,0.00103091087017114,0.00137520505679179,0,0.00428533076387195,NaN,1,0.0401335897841,0.0689655172413793,0.0100949955878034,0.0108525823749215,0.0108525823749215,NaN,0.05,400,81,562,562,386,176,226,37,100,37,3747,71,111,111,111,111,86,86,86,86,86,0,20
LIRCMOP8_BC,3,ref_y,233,87,1,0.29,87,0,0.00128247033296582,0.00618269150738757,87,20,4,0.00452394571265145,36.7816091954023,0.230391700675641,0.382943018249659,0,20,0,20,0,0.229885057471264,0.00190121928901033,0.00396491828514557,0,0.00439337222377923,NaN,1,0.0547386887075655,0,0.0104675652374178,0.0123094491689978,0.0123094491689978,NaN,0,400,86,572,572,397,175,229,37,100,37,3576,57,111,111,111,111,87,87,87,87,87,0,20
LIRCMOP8_BC,3,ref_y,234,87,1,0.29,87,0,0.00092865666494536,0.00443804344761485,87,20,4,0.00452394571265145,36.7816091954023,0.223246975047176,0.346847057132239,0,20,0,20,0,0.229885057471264,0.00251653403174275,0.00512336030143172,0,0.00560058913141706,NaN,1,0.0610296837723693,0,0.00814508756566421,0.00962641101537881,0.00962641101537881,NaN,0,400,87,574,574,390,184,224,38,100,38,4272,56,111,111,111,111,87,87,87,87,87,0,20
LIRCMOP8_BC,3,ref_y,235,90,1,0.3,90,0,0.00114284110810313,0.00581827304623157,90,20,4,0.00467994384067391,35.5555555555556,0.225373086263531,0.391292653959478,0,20,0,20,1,0.222222222222222,0.00236099260176133,0.00585903479209281,0,0.00674365462835196,NaN,1,0.0343611555446438,0.0666666666666667,0.00942651535200938,0.0107117596356281,0.0107117596356281,NaN,0.05,400,87,574,574,401,173,249,39,100,39,4341,59,111,111,111,111,90,90,90,90,90,0,20
LIRCMOP8_BC,3,ref_y,236,94,1,0.32,94,0,0.00128433140339677,0.00688186601826826,94,20,4,0.00488794134470386,34.0425531914894,0.230391700675641,0.396349950873981,0,20,0,20,1,0.212765957446809,0.00198353090414772,0.00510512641290407,0,0.00510512641290407,NaN,1,0.04260401323986,0.0625,0.00296896278978554,0.00603958549041861,0.00603958549041861,NaN,0.05,400,90,580,580,394,186,223,40,100,40,4376,55,115,115,115,115,94,94,94,94,94,0,20
LIRCMOP8_BC,3,ref_y,237,93,1,0.31,93,0,0.00114490062056439,0.0062970190479426,93,20,4,0.00483594196869638,34.4086021505376,0.230391700675641,0.40127196515313,0,20,0,20,1,0.21505376344086,0.0016176909579014,0.00423645983853376,0,0.00500017973225066,NaN,0.7,0.0227105522107586,0.0645161290322581,0.0114123424300465,0.012653946839299,0.012653946839299,NaN,0.05,400,94,588,588,399,189,248,41,100,41,4652,60,120,120,120,120,93,93,93,93,93,0,20
LIRCMOP8_BC,3,ref_y,238,90,1,0.3,90,0,0.00122412937845258,0.00596613360828093,90,20,4,0.00467994384067391,35.5555555555556,0.229286826362247,0.388023596617933,0,20,0,20,1,0.222222222222222,0.00154032403999429,0.00405398703481018,0,0.00441230084280574,NaN,0.8,0.0366155088618344,0.0666666666666667,0.00967229897187767,0.010920751707576,0.010920751707576,NaN,0.05,400,93,586,586,406,180,203,40,100,40,3683,63,117,117,117,117,90,90,90,90,90,0,20
LIRCMOP8_BC,3,ref_y,239,96,1,0.32,96,0,0.00112162830497559,0.00585131545777003,96,20,4,0.00499194009671884,33.3333333333333,0.226897988744585,0.384770957267017,0,20,0,20,0,0.208333333333333,0.00241535864021475,0.00419650867066128,0,0.00442393359719481,NaN,0.95,0.0302353750044523,0,0.00922614680959944,0.0113509139252953,0.0113509139252953,NaN,0,400,90,580,580,401,179,245,42,100,42,4072,68,123,123,123,123,96,96,96,96,96,0,20
LIRCMOP8_BC,3,ref_y,240,92,1,0.31,92,0,0.00131402678493535,0.00598402262577831,92,20,4,0.00478394259268889,34.7826086956522,0.242128183924721,0.407412926747964,0,20,0,20,0,0.217391304347826,0.00212256280761283,0.0037461032559279,0,0.00416946666847029,NaN,1,0.0432194002534953,0,0.00549884563278918,0.00849203420629409,0.00849203420629409,NaN,0,400,96,592,592,404,188,247,40,100,40,5716,109,117,117,117,117,92,92,92,92,92,0,20
LIRCMOP8_BC,3,ref_y,241,93,1,0.31,93,0,0.00114067794658562,0.00606350470439531,93,20,4,0.00483594196869638,34.4086021505376,0.230391700675641,0.386072013007383,0,20,0,20,1,0.21505376344086,0.00145606045612326,0.00336043854718713,0,0.0040159668537933,NaN,0.55,0.00854977959003593,0.0645161290322581,0.0124199050798505,0.0136989949462958,0.0136989949462958,NaN,0.05,400,92,584,584,399,185,252,41,100,41,4009,81,119,119,119,119,93,93,93,93,93,0,20
LIRCMOP8_BC,3,ref_y,242,87,1,0.29,87,0,0.000811747221596669,0.005310533962079,87,20,4,0.00452394571265145,36.7816091954023,0.227499197479886,0.430773710702827,0,20,0,20,1,0.229885057471264,0.00192434613432849,0.00386281292629559,0,0.00412288070910604,NaN,0.7,0.0251956235168637,0.0689655172413793,0.00898037974543652,0.0109898556458387,0.0109898556458387,NaN,0.05,400,93,586,586,406,180,253,40,100,40,4363,61,117,117,117,117,87,87,87,87,87,0,20
LIRCMOP8_BC,3,ref_y,243,87,1,0.29,87,0,0.000658068689883094,0.00471601240379574,87,20,4,0.00452394571265145,36.7816091954023,0.228181952048854,0.430773710702827,0,20,0,20,4,0.229885057471264,0.00120290159322944,0.0028312131380787,0,0.00433574328163505,NaN,1,0.074773435678411,0.206896551724138,0.0113670946503526,0.0151612855073241,0.0151612855073241,NaN,0.2,400,87,574,574,393,181,238,40,100,40,3959,45,117,117,117,117,87,87,87,87,87,0,20
LIRCMOP8_BC,3,ref_y,244,93,1,0.31,93,0,0.000791930571767331,0.00391930654163391,93,20,4,0.00483594196869638,34.4086021505376,0.230391700675641,0.377850939080194,0,20,0,20,3,0.21505376344086,0.00112488563548814,0.00259343914701354,0,0.00460999197721616,NaN,1,0.0633721281793978,0.129032258064516,0.0109346684889048,0.0124466321424918,0.0124466321424918,NaN,0.15,400,87,574,574,402,172,249,41,100,41,4015,36,120,120,120,120,93,93,93,93,93,0,20
LIRCMOP8_BC,3,ref_y,245,84,1,0.28,84,0,0.000736460184161265,0.00418048225502917,84,20,4,0.00436794758462898,38.0952380952381,0.228945449077763,0.334051765698762,0,20,0,20,5,0.238095238095238,0.00104447435806825,0.00216043277834713,0,0.0038140688481181,NaN,1,0.0302661391711042,0.142857142857143,0.0160829282925631,0.0189159130492615,0.0189159130492615,NaN,0.25,400,93,586,586,410,176,261,42,94,36,4115,24,105,105,105,105,84,84,84,84,84,0,20
LIRCMOP8_BC,3,ref_y,246,83,1,0.28,83,0,0.000653233929912919,0.00291242305515606,83,20,4,0.0043159482086215,38.5542168674699,0.233022398416655,0.334051765698762,0,20,0,20,5,0.240963855421687,0.000827905377851532,0.00161264187076987,0,0.0035849047183616,NaN,1,0.0350399371726627,0.142857142857143,0.0128413576711325,0.0162899975411787,0.0162899975411787,NaN,0.25,400,84,568,568,404,164,230,42,94,36,3157,37,105,105,105,105,83,83,83,83,83,0,20
LIRCMOP8_BC,3,ref_y,247,96,1,0.32,96,0,0.000713840664744012,0.00304645146286842,96,20,4,0.00499194009671884,33.3333333333333,0.228945449077763,0.347926422472085,0,20,0,20,3,0.208333333333333,0.000918246825343785,0.0018623537061488,0,0.00427804313566877,NaN,1,0.0696328857929242,0.125,0.0121093343909208,0.014647274160774,0.014647274160774,NaN,0.15,400,83,566,566,407,159,251,43,100,43,3671,40,126,126,126,126,96,96,96,96,96,0,20
LIRCMOP8_BC,3,ref_y,248,99,1,0.33,99,0,0.000708077390790661,0.00397950992525601,99,20,4,0.0051479382247413,32.3232323232323,0.233022398416655,0.347926422472085,0,20,0,20,6,0.202020202020202,0.000759851288143063,0.00173904894538333,0,0.00457134796528532,NaN,1,0.0657785444911002,0.121212121212121,0.0141512533953119,0.018323782165856,0.018323782165856,NaN,0.3,400,96,592,592,412,180,264,47,94,41,4047,39,120,120,120,120,99,99,99,99,99,0,20
LIRCMOP8_BC,3,ref_y,249,81,1,0.27,81,0,0.000626886403690895,0.00156955169012697,81,20,4,0.00421194945660652,39.5061728395062,0.230391700675641,0.347926422472085,0,20,0,20,6,0.246913580246914,0.000804827578503838,0.00217845345836519,0,0.00449443221251911,NaN,1,0.0766263195285896,0.148148148148148,0.0134622371156461,0.0168694510541295,0.0168694510541295,NaN,0.3,400,99,598,598,422,176,258,44,94,38,3931,30,111,111,111,111,81,81,81,81,81,0,20
LIRCMOP8_BC,3,ref_y,250,99,1,0.33,99,0,0.000680446830167549,0.0036639390984998,99,20,4,0.0051479382247413,32.3232323232323,0.227499197479886,0.34730397181995,0,20,0,20,4,0.202020202020202,0.00116272932903506,0.00266810630374271,0,0.00390056117140597,NaN,1,0.0884543336817375,0.121212121212121,0.0118367146604633,0.0156739999880515,0.0156739999880515,NaN,0.2,400,81,562,562,407,155,222,46,95,41,2997,14,120,120,120,120,99,99,99,99,99,0,20
LIRCMOP8_BC,3,ref_y,251,93,1,0.31,93,0,0.000846809121652522,0.00416336471783047,93,20,4,0.00483594196869638,34.4086021505376,0.226296780009285,0.357663316871921,0,20,0,20,5,0.21505376344086,0.00107989192381375,0.00202592069929274,0,0.00378048511484871,NaN,1,0.0819193870079485,0.129032258064516,0.0156645289161607,0.0178872216183383,0.0178872216183383,NaN,0.25,400,99,598,598,422,176,255,44,94,38,3796,36,111,111,111,111,93,93,93,93,93,0,20
LIRCMOP8_BC,3,ref_y,252,93,1,0.31,93,0,0.000842238260632179,0.00305727394444644,93,20,4,0.00483594196869638,34.4086021505376,0.226296780009285,0.333717935858257,0,20,0,20,6,0.21505376344086,0.000937460308957462,0.00217295270561564,0,0.00489559666402388,NaN,1,0.090653852650756,0.129032258064516,0.0166427034665549,0.0190884147058327,0.0190884147058327,NaN,0.3,400,93,586,586,405,181,244,44,93,38,3919,14,111,111,111,111,93,93,93,93,93,0,20
LIRCMOP8_BC,3,ref_y,253,96,1,0.32,96,0,0.000701623896900327,0.00313451831587757,96,20,4,0.00499194009671884,33.3333333333333,0.243387335190889,0.334051765698762,0,20,0,20,2,0.208333333333333,0.00157259558592732,0.00325264287724503,0,0.00495181412642301,NaN,1,0.111518135768265,0.0625,0.0124978719883614,0.0135006302685277,0.0135006302685277,NaN,0.1,400,93,586,586,406,180,256,43,100,43,4079,36,126,126,126,126,96,96,96,96,96,0,20
LIRCMOP8_BC,3,ref_y,254,90,1,0.3,90,0,0.000699684655805773,0.00416548270719119,90,20,4,0.00467994384067391,35.5555555555556,0.243387335190889,0.341670784478816,0,20,0,20,7,0.222222222222222,0.000779093923011988,0.0021288068228392,0,0.00584332425329746,NaN,1,0.107348234800091,0.133333333333333,0.0145453761075199,0.0170884945692249,0.0170884945692249,NaN,0.35,400,96,592,592,415,177,243,43,95,38,3816,10,110,110,110,110,90,90,90,90,90,0,20
LIRCMOP8_BC,3,ref_y,255,100,1,0.34,100,0,0.000814965870909241,0.00503331067842712,100,20,4,0.00519993760074879,32,0.253539123457065,0.334051765698762,0,20,0,20,2,0.2,0.00173907586746421,0.00335408106768883,0,0.005552146991796,NaN,1,0.10875103491815,0.117647058823529,0.0134743076009134,0.0142604762063087,0.0142604762063087,NaN,0.1,400,90,580,580,401,179,252,45,100,45,3558,34,131,131,131,131,100,100,100,100,100,0,20
LIRCMOP8_BC,3,ref_y,256,104,1,0.35,104,0,0.000842920834779175,0.0041191928574331,104,20,4,0.00540793510477874,30.7692307692308,0.253539123457065,0.34928980325887,0,20,0,20,4,0.192307692307692,0.00126730270208262,0.00272771140423255,0,0.00527374107786122,NaN,1,0.0792691442925518,0.114285714285714,0.0136792141198354,0.0150301738648701,0.0150301738648701,NaN,0.2,400,100,600,600,409,191,260,46,94,41,4410,10,122,122,122,122,104,104,104,104,104,0,20
LIRCMOP8_BC,3,ref_y,257,108,1,0.36,108,0,0.000689398293911869,0.0047842889685877,108,20,4,0.00561593260880869,29.6296296296296,0.233235546924713,0.347926422472085,0,20,0,20,1,0.185185185185185,0.00123137359351378,0.00244962168085546,0,0.00372935602651773,NaN,1,0.0730390710325392,0.0555555555555556,0.00950961353793787,0.0106373510650812,0.0106373510650812,NaN,0.05,400,104,608,608,421,187,272,46,100,46,4668,42,138,138,138,138,108,108,108,108,108,0,20
LIRCMOP8_BC,3,ref_y,258,105,1,0.35,105,0,0.000692701814883345,0.0036515433193151,105,20,4,0.00545993448078623,30.4761904761905,0.263214659676312,0.391157371324124,0,20,0,20,7,0.19047619047619,0.000713000551645757,0.00141921391946076,0,0.00343207200799024,NaN,1,0.0806870497687032,0.142857142857143,0.0138833922557936,0.0165034905437627,0.0165034905437627,NaN,0.35,400,108,616,616,424,192,257,47,94,42,4473,32,123,123,123,123,105,105,105,105,105,0,20
LIRCMOP8_BC,3,ref_y,259,93,1,0.31,93,0,0.000701988758513889,0.00201769250495224,93,20,4,0.00483594196869638,34.4086021505376,0.223246975047176,0.32448443862753,0,20,0,20,8,0.21505376344086,0.000845879383065598,0.00141695192896633,0,0.00452338979680442,NaN,1,0.111611026924156,0.129032258064516,0.00990398072574143,0.0163462483175588,0.0163462483175588,NaN,0.4,400,105,610,610,412,198,271,48,93,41,4560,16,120,120,120,120,93,93,93,93,93,0,20
LIRCMOP8_BC,3,ref_y,260,107,1,0.36,107,0,0.000854311872444397,0.004279789766294,107,20,4,0.00556393323280121,29.9065420560748,0.227499197479886,0.391157371324124,0,20,0,20,3,0.186915887850467,0.000974024317723668,0.00173794533857138,0,0.00664113862385013,NaN,1,0.0882828290381218,0.0833333333333333,0.013695543448509,0.0157338837384883,0.0157338837384883,NaN,0.15,400,93,586,586,409,177,251,47,94,41,3863,33,122,122,122,122,107,107,107,107,107,0,20
LIRCMOP8_BC,3,ref_y,261,93,1,0.31,93,0,0.000661276630016325,0.00219200581563211,93,20,4,0.00483594196869638,34.4086021505376,0.223246975047176,0.356572612242493,0,20,0,20,4,0.21505376344086,0.000935016569289471,0.00153586658111292,0,0.00555542348454094,NaN,1,0.0824403018371208,0.0645161290322581,0.0143475813152855,0.0164926499316109,0.0164926499316109,NaN,0.2,400,107,614,614,433,181,257,47,94,41,4006,61,119,119,119,119,93,93,93,93,93,0,20
LIRCMOP8_BC,3,ref_y,262,93,1,0.31,93,0,0.000678267127190523,0.00309310840305176,93,20,4,0.00483594196869638,34.4086021505376,0.223246975047176,0.347265811873074,0,20,0,20,0,0.21505376344086,0.00114650771990981,0.0015635083293974,0,0.0035159493083797,NaN,1,0.0934667556795628,0,0.0135366968231109,0.0146707484067868,0.0146707484067868,NaN,0,400,93,586,586,420,166,252,46,95,41,3581,32,117,117,117,117,93,93,93,93,93,0,20
LIRCMOP8_BC,3,ref_y,263,100,1,0.34,100,0,0.000796769074238644,0.00299149305653792,100,20,4,0.00519993760074879,32,0.227499197479886,0.396508413206344,0,20,0,20,2,0.2,0.000460098475583945,0.00158627226431343,0,0.00202493065194791,NaN,1,0.132177551802518,0.0588235294117647,0.00843069356352621,0.00942294042265528,0.00942294042265528,NaN,0.1,400,93,586,586,408,178,242,45,100,45,3247,34,131,131,131,131,100,100,100,100,100,0,20
LIRCMOP8_BC,3,ref_y,264,96,1,0.32,96,0,0.000741889735041246,0.00318636704272738,96,20,4,0.00499194009671884,33.3333333333333,0.222493444445017,0.333968920158806,0,20,0,20,3,0.208333333333333,0.00101253332934076,0.00153257146384124,0,0.00374351597625366,NaN,1,0.0955465385158207,0.0625,0.0111568903199031,0.0136217705456737,0.0136217705456737,NaN,0.15,400,100,600,600,420,180,265,45,100,45,4150,34,132,132,132,132,96,96,96,96,96,0,20
LIRCMOP8_BC,3,ref_y,265,104,1,0.35,104,0,0.000666498082508536,0.00303053162584852,104,20,4,0.00540793510477874,30.7692307692308,0.223246975047176,0.347926422472085,0,20,0,20,3,0.192307692307692,0.00100913691662089,0.00145766382271717,0,0.00327953165119606,NaN,0.85,0.0721807506493408,0.0571428571428571,0.0117504243850938,0.0131611831299862,0.0131611831299862,NaN,0.15,400,96,592,592,421,171,257,48,95,43,3690,36,128,128,128,128,104,104,104,104,104,0,20
LIRCMOP8_BC,3,ref_y,266,99,1,0.33,99,0,0.00081454180421375,0.004015811142229,99,20,4,0.0051479382247413,32.3232323232323,0.233235546924713,0.34928980325887,0,20,0,20,4,0.202020202020202,0.00109173099432474,0.00167920757893215,0,0.00342309157365497,NaN,1,0.0675204832839784,0.0606060606060606,0.010294454913555,0.0149822669728653,0.0149822669728653,NaN,0.2,400,104,608,608,425,183,269,48,93,41,4398,26,120,120,120,120,99,99,99,99,99,0,20
LIRCMOP8_BC,3,ref_y,267,99,1,0.33,99,0,0.00061495777473461,0.00279635912491289,99,20,4,0.0051479382247413,32.3232323232323,0.227499197479886,0.347926422472085,0,20,0,20,2,0.202020202020202,0.000987182809827602,0.00328878096405466,0,0.00376400554960736,NaN,0.85,0.0614866491682823,0.0606060606060606,0.00886250036519135,0.0100346383515368,0.0100346383515368,NaN,0.1,400,99,598,598,422,176,250,47,94,41,3869,26,123,123,123,123,99,99,99,99,99,0,20
LIRCMOP8_BC,3,ref_y,268,101,1,0.34,101,0,0.000786340023615129,0.00352425307044332,101,20,4,0.00525193697675628,31.6831683168317,0.233235546924713,0.347926422472085,0,20,0,20,2,0.198019801980198,0.00140037737430979,0.00420193121928665,0,0.00718757578231512,NaN,1,0.0483047474091799,0.0882352941176471,0.010485916191351,0.0121212654164792,0.0121212654164792,NaN,0.1,400,99,598,598,425,173,253,46,94,40,3492,24,120,120,120,120,101,101,101,101,101,0,20
LIRCMOP8_BC,3,ref_y,269,96,1,0.32,96,0,0.000567075284973197,0.00202530875969725,96,20,4,0.00499194009671884,33.3333333333333,0.225373086263531,0.333968920158806,0,20,0,20,3,0.208333333333333,0.00107215307292459,0.00411013135084618,0,0.00501310118155649,NaN,1,0.0773788969502539,0.125,0.00919418064504908,0.0106787411548886,0.0106787411548886,NaN,0.15,400,101,602,602,429,173,260,46,94,40,3669,12,120,120,120,120,96,96,96,96,96,0,20
LIRCMOP8_BC,3,ref_y,270,96,1,0.32,96,0,0.000642739267082503,0.0020819964952547,96,20,4,0.00499194009671884,33.3333333333333,0.225373086263531,0.333968920158806,0,20,0,20,3,0.208333333333333,0.000988074728616303,0.0026601869627798,0,0.00287142643627759,NaN,1,0.063057223454465,0.125,0.00579711584783157,0.00794160269323832,0.00794160269323832,NaN,0.15,400,96,592,592,419,173,246,49,91,40,3849,0,120,120,120,120,96,96,96,96,96,0,20
LIRCMOP8_BC,3,ref_y,271,90,1,0.3,90,0,0.000651606458088267,0.00206184425768825,90,20,4,0.00467994384067391,35.5555555555556,0.228241260985945,0.351316915647444,0,20,0,20,3,0.222222222222222,0.00133364736520011,0.00451172438700619,0,0.00451172438700619,NaN,0.85,0.0604690842713985,0.133333333333333,0.00513317233679446,0.00879037917974766,0.00879037917974766,NaN,0.15,400,96,592,592,420,172,236,48,90,38,3810,2,114,114,114,114,90,90,90,90,90,0,20
LIRCMOP8_BC,3,ref_y,272,96,1,0.32,96,0,0.000634231929529668,0.00185735535179804,96,20,4,0.00499194009671884,33.3333333333333,0.229766163466999,0.391157371324124,0,20,0,20,3,0.208333333333333,0.00145572051998917,0.00461102801787054,0,0.00461102801787054,NaN,1,0.0701629175903094,0.0625,0.00520778757274946,0.00743038284528458,0.00743038284528458,NaN,0.15,400,90,580,580,423,157,256,49,92,41,3242,0,123,123,123,123,96,96,96,96,96,0,20
LIRCMOP8_BC,3,ref_y,273,97,1,0.33,97,0,0.000645753634007289,0.00245057680990746,97,20,4,0.00504393947272633,32.9896907216495,0.233235546924713,0.347926422472085,0,20,0,20,3,0.206185567010309,0.00175657667446267,0.00590943278383987,0,0.00609559909760003,NaN,1,0.0540722048235096,0.0606060606060606,0.00919458410935263,0.0128710299571035,0.0128710299571035,NaN,0.15,400,96,592,592,422,170,249,50,90,40,3761,2,120,120,120,120,97,97,97,97,97,0,20
LIRCMOP8_BC,3,ref_y,274,111,1,0.37,111,0,0.000559384333672096,0.00277490915458134,111,20,4,0.00577193073683116,28.8288288288288,0.226296780009285,0.34928980325887,0,20,0,20,1,0.18018018018018,0.00143971309738133,0.00362719217062577,0,0.00362719217062577,NaN,1,0.0958248348724759,0.0540540540540541,0.0058138639693096,0.00655103940317577,0.00655103940317577,NaN,0.05,400,97,594,594,422,172,249,51,95,46,3127,16,138,138,138,138,111,111,111,111,111,0,20
LIRCMOP8_BC,3,ref_y,275,96,1,0.32,96,0,0.00060698726183763,0.00199625407495211,96,20,4,0.00499194009671884,33.3333333333333,0.245039633120743,0.354707408822803,0,20,0,20,2,0.208333333333333,0.00161907117276019,0.0049293773224154,0,0.0051331835222386,NaN,1,0.0542604492139932,0.125,0.00638896397207296,0.00841992191209319,0.00841992191209319,NaN,0.1,400,111,622,622,428,194,241,47,92,39,4159,0,116,116,116,116,96,96,96,96,96,0,20
LIRCMOP8_BC,3,ref_y,276,93,1,0.31,93,0,0.000591905402043096,0.00142591843714318,93,20,4,0.00483594196869638,34.4086021505376,0.256843719316772,0.349282619742229,0,20,0,20,3,0.21505376344086,0.00203261564902288,0.00606334188900187,0,0.00630695130385035,NaN,1,0.0550291597397232,0.0645161290322581,0.00904994419932446,0.0126416343563745,0.0126416343563745,NaN,0.15,400,96,592,592,425,167,238,45,90,36,3718,3,107,107,107,107,93,93,93,93,93,0,20
LIRCMOP8_BC,3,ref_y,277,108,1,0.36,108,0,0.000567599996334312,0.00213375913170923,108,20,4,0.00561593260880869,29.6296296296296,0.245039633120743,0.391157371324124,0,20,0,20,1,0.185185185185185,0.00183852983779036,0.00450830677105266,0,0.00477747411709351,NaN,1,0.0811878852852415,0.0555555555555556,0.00904599584312329,0.0110642934365292,0.0110642934365292,NaN,0.05,400,93,586,586,421,165,229,49,91,40,3472,4,120,120,120,120,108,108,108,108,108,0,20
LIRCMOP8_BC,3,ref_y,278,102,1,0.34,102,0,0.000606315148870752,0.00195582195940106,102,20,4,0.00530393635276377,31.3725490196078,0.231839681181972,0.333968920158806,0,20,0,20,0,0.196078431372549,0.00138389368689583,0.00458985155096483,0,0.00492097348900674,NaN,1,0.0575289320844413,0,0.0108066825338346,0.0129382118689632,0.0129382118689632,NaN,0,400,108,616,616,421,195,228,51,89,40,4866,9,117,117,117,117,102,102,102,102,102,0,20
LIRCMOP8_BC,3,ref_y,279,90,1,0.3,90,0,0.000551224386143562,0.00186555915616787,90,20,4,0.00467994384067391,35.5555555555556,0.228241260985945,0.340947671315445,0,20,0,20,0,0.222222222222222,0.0030965208564312,0.00504000365679067,0,0.00504000365679067,NaN,0.6,0.0100139564395748,0,0.0138567032244002,0.0171281409623612,0.0171281409623612,NaN,0,400,102,604,604,424,180,222,47,76,35,6325,20,99,99,99,99,90,90,90,90,90,0,20
LIRCMOP8_BC,3,ref_y,280,88,1,0.3,88,0,0.000510079321069194,0.00153353076479309,88,20,4,0.00457594508865894,36.3636363636364,0.223246975047176,0.333968920158806,0,20,0,20,0,0.227272727272727,0.00361247485694742,0.00542241347530438,0,0.00542241347530438,NaN,0.25,-0.0107931303375403,0,0.0114894207877923,0.013206514697617,0.013206514697617,NaN,0,400,90,580,580,417,163,253,46,66,33,6600,0,99,99,99,99,88,88,88,88,88,0,20
LIRCMOP8_BC,3,ref_y,281,90,1,0.3,90,0,0.000465564373987499,0.00144340420752983,90,20,4,0.00467994384067391,35.5555555555556,0.211958255774909,0.369541896898105,0,20,0,20,0,0.222222222222222,0.00221771698878092,0.005118475266532,0,0.005118475266532,NaN,0.65,0.0188804946627942,0,0.00762352709054757,0.00810474794627314,0.00810474794627314,NaN,0,400,88,576,576,419,157,242,47,72,35,4643,12,105,105,105,105,90,90,90,90,90,0,20
LIRCMOP8_BC,3,ref_y,282,84,1,0.28,84,0,0.000497782805311762,0.0014674562175011,84,20,4,0.00436794758462898,38.0952380952381,0.211958255774909,0.333968920158806,0,20,0,20,0,0.238095238095238,0.00414254759204885,0.00635290694331863,0,0.00647163963249505,NaN,0.5,-0.000122220794478253,0,0.0107450731648499,0.0129135874257522,0.0129135874257522,NaN,0,400,90,580,580,422,158,213,45,68,32,4723,0,96,96,96,93,84,84,84,84,84,0,20
LIRCMOP8_BC,3,ref_y,283,89,1,0.3,89,0,0.000443056700198807,0.00160187489402827,89,20,4,0.00462794446466642,35.9550561797753,0.210215485059119,0.333968920158806,0,20,0,20,0,0.224719101123595,0.00166475638316413,0.00507581886677596,0,0.00507581886677596,NaN,0.6,0.00673291509442536,0,0.00773438741318719,0.00866634744636378,0.00866634744636378,NaN,0,400,84,568,568,404,164,251,48,75,34,5073,12,102,102,102,102,89,89,89,89,89,0,20
LIRCMOP8_BC,3,ref_y,284,93,1,0.31,93,0,0.000503874587380484,0.0016914230365328,93,20,4,0.00483594196869638,34.4086021505376,0.221977443777132,0.347926422472085,0,20,0,20,0,0.21505376344086,0.00428064979200095,0.00702100549983422,0,0.00730548508063614,NaN,1,0.0417580843527639,0,0.00882118783159206,0.0103901102513886,0.0103901102513886,NaN,0,400,89,578,578,421,157,238,49,71,34,4884,2,102,102,102,102,93,93,93,93,93,0,20
LIRCMOP8_BC,3,ref_y,285,87,1,0.29,87,0,0.000527891022295791,0.00175319091712131,87,20,4,0.00452394571265145,36.7816091954023,0.23044381543923,0.379648216210675,0,20,0,20,0,0.229885057471264,0.00578544501479824,0.00822282292588593,0,0.00822282292588593,NaN,1,0.0342275088180564,0,0.0118363076951518,0.0135058547574499,0.0135058547574499,NaN,0,400,93,586,586,410,176,240,47,64,31,5955,0,93,93,93,93,87,87,87,87,87,0,20
LIRCMOP8_BC,3,ref_y,286,87,1,0.29,87,0,0.000501850408937013,0.00122555980117291,87,20,4,0.00452394571265145,36.7816091954023,0.2137010264907,0.345134922009429,0,20,0,20,0,0.229885057471264,0.0025903536272135,0.00593590608073531,0,0.00686293757997056,NaN,1,0.0396016310267245,0,0.0111797030461259,0.0124566887828534,0.0124566887828534,NaN,0,400,87,574,574,408,166,251,49,67,32,4838,6,96,96,96,96,87,87,87,87,87,0,20
LIRCMOP8_BC,3,ref_y,287,90,1,0.3,90,0,0.000565536116125797,0.00171910648437977,90,20,4,0.00467994384067391,35.5555555555556,0.228241260985945,0.367752543558704,0,20,0,20,0,0.222222222222222,0.00354396016168545,0.00661524121125128,0,0.00661524121125128,NaN,1,0.0537612990114269,0,0.00881398246381195,0.0102167780981312,0.0102167780981312,NaN,0,400,87,574,574,415,159,225,52,65,33,5654,0,99,99,99,99,90,90,90,90,90,0,20
LIRCMOP8_BC,3,ref_y,288,90,1,0.3,90,0,0.00056100089590233,0.00177282711822793,90,20,4,0.00467994384067391,35.5555555555556,0.231839681181972,0.367752543558704,0,20,0,20,0,0.222222222222222,0.00314662697653662,0.00621462364383483,0,0.00663435435553925,NaN,1,0.0317619011237415,0,0.0113782954183107,0.0132119470273502,0.0132119470273502,NaN,0,400,90,580,580,413,167,231,52,65,33,5962,0,99,99,99,99,90,90,90,90,90,0,20
LIRCMOP8_BC,3,ref_y,289,90,1,0.3,90,0,0.000523742534572067,0.00148308884185463,90,20,4,0.00467994384067391,35.5555555555556,0.211958255774909,0.367752543558704,0,20,0,20,0,0.222222222222222,0.00153782816015081,0.00388578875829427,0,0.00457387017264828,NaN,1,0.0399076436121551,0,0.00849592938562059,0.0100501489349904,0.0100501489349904,NaN,0,400,90,580,580,411,169,251,53,68,34,5111,2,102,102,102,102,90,90,90,90,90,0,20
LIRCMOP8_BC,3,ref_y,290,84,1,0.28,84,0,0.000650120857678658,0.00186869489552995,84,20,4,0.00436794758462898,38.0952380952381,0.228241260985945,0.347926422472085,0,20,0,20,0,0.238095238095238,0.00454940414030061,0.00777360468517471,0,0.00781560559317245,NaN,1,0.0370242532242339,0,0.0112528034119464,0.0143632929785696,0.0143632929785696,NaN,0,400,90,580,580,409,171,260,54,62,32,7402,6,93,93,93,93,84,84,84,84,84,0,20
LIRCMOP8_BC,3,ref_y,291,75,1,0.25,75,0,0.000549400248440295,0.00184440905974631,75,20,4,0.00389995320056159,42.6666666666667,0.204465540838651,0.333968920158806,0,20,0,20,0,0.266666666666667,0.00210983196369642,0.00662233791449708,0,0.00662233791449708,NaN,1,0.0411510730164713,0,0.00931227033625474,0.0113704537475727,0.0113704537475727,NaN,0,400,84,568,568,407,161,229,50,71,31,5411,6,88,88,88,88,75,75,75,75,75,0,20
LIRCMOP8_BC,3,ref_y,292,87,1,0.29,87,0,0.000521578471000965,0.00130412628943332,87,20,4,0.00452394571265145,36.7816091954023,0.204465540838651,0.345134922009429,0,20,0,20,0,0.229885057471264,0.00194808934615932,0.00502721936545546,0,0.00502721936545546,NaN,1,0.0394547270839204,0,0.00544491040583396,0.00731198543951053,0.00731198543951053,NaN,0,400,75,550,550,400,150,233,53,75,35,3656,6,102,102,102,102,87,87,87,87,87,0,20
LIRCMOP8_BC,3,ref_y,293,72,1,0.24,72,0,0.000606101805671188,0.00203418043651902,72,20,4,0.00374395507253913,44.4444444444444,0.213856257942913,0.333968920158806,0,20,0,20,1,0.277777777777778,0.00219142223319757,0.00629891346943227,0,0.00629891346943227,NaN,1,0.0252729160475253,0.0833333333333333,0.00893316454467771,0.0112562361873103,0.0112562361873103,NaN,0.05,400,87,574,574,411,163,247,50,72,30,5981,2,86,86,86,86,72,72,72,72,72,0,20
LIRCMOP8_BC,3,ref_y,294,78,1,0.26,78,0,0.000568641014209159,0.00189234699572108,78,20,4,0.00405595132858406,41.025641025641,0.23390220039098,0.347926422472085,0,20,0,20,0,0.256410256410256,0.00208812235498256,0.00566287339613962,0,0.00575667910027304,NaN,1,0.02506123672255,0,0.00912926221180482,0.0114847648473094,0.0114847648473094,NaN,0,400,72,544,544,392,152,234,52,69,31,4809,4,88,88,88,88,78,78,78,78,78,0,20
LIRCMOP8_BC,3,ref_y,295,87,1,0.29,87,0,0.000580323916377612,0.00197778853714297,87,20,4,0.00452394571265145,36.7816091954023,0.234568853857248,0.345134922009429,0,20,0,20,0,0.229885057471264,0.00123854523804556,0.00450814127911979,0,0.00450814127911979,NaN,1,0.0338676492650292,0,0.00675592091385583,0.00945224793650642,0.00945224793650642,NaN,0,400,78,556,556,413,143,226,50,67,32,3485,4,96,96,96,96,87,87,87,87,87,0,20
LIRCMOP8_BC,3,ref_y,296,78,1,0.26,78,0,0.000562350980415673,0.00154583131622264,78,20,4,0.00405595132858406,41.025641025641,0.231839681181972,0.347926422472085,0,20,0,20,1,0.256410256410256,0.00237940040196292,0.00599678609012853,0,0.00599678609012853,NaN,1,0.0244654500950373,0.0769230769230769,0.00842400347586808,0.0110113229570765,0.0110113229570765,NaN,0.05,400,87,574,574,416,158,259,50,67,30,5090,2,87,87,87,87,78,78,78,78,78,0,20
LIRCMOP8_BC,3,ref_y,297,70,1,0.24,70,0,0.000584199434490096,0.00205493766810795,70,20,4,0.00363995632052415,45.7142857142857,0.233235546924713,0.347926422472085,0,20,0,20,3,0.285714285714286,0.00354867584913712,0.00737760165427195,0,0.00763040515465892,NaN,1,0.0221273687254454,0.166666666666667,0.00788478726438558,0.00893022421433089,0.00893022421433089,NaN,0.15,400,78,556,556,403,153,223,51,63,29,5003,2,84,84,84,84,70,70,70,70,70,0,20
LIRCMOP8_BC,3,ref_y,298,78,1,0.26,78,0,0.000509360817656549,0.00149551005686207,78,20,4,0.00405595132858406,41.025641025641,0.216731230053147,0.347926422472085,0,20,0,20,2,0.256410256410256,0.00248112389126576,0.00736353687217125,0,0.00774627783552177,NaN,1,0.0399688821611501,0.153846153846154,0.006260530738029,0.00828115270068905,0.00828115270068905,NaN,0.1,400,70,540,540,393,147,213,50,76,34,3409,4,98,98,98,98,78,78,78,78,78,0,20
LIRCMOP8_BC,3,ref_y,299,81,1,0.27,81,0,0.000534998130996669,0.00159948850896482,81,20,4,0.00421194945660652,39.5061728395062,0.220742961239698,0.333968920158806,0,20,0,20,2,0.246913580246914,0.00500871092805705,0.00615537550144492,0,0.00699850334022016,NaN,0.95,0.0807677885781412,0.111111111111111,0.00793752503900606,0.00987321426327083,0.00987321426327083,NaN,0.1,400,78,556,556,409,147,224,50,76,35,3382,6,99,99,99,99,81,81,81,81,81,0,20
LIRCMOP8_BC,3,ref_y,300,73,1,0.25,73,0,0.000556986824250487,0.0017696839484254,73,20,4,0.00379595444854662,43.8356164383562,0.210215485059119,0.333968920158806,0,20,0,20,1,0.273972602739726,0.0051605914063022,0.0073354821948233,0,0.0073354821948233,NaN,1,0.122086688654018,0.08,0.00994089549914987,0.0114685441288165,0.0114685441288165,NaN,0.05,400,81,562,562,408,154,243,49,79,36,3869,11,100,100,100,100,73,73,73,73,73,0,20
LIRCMOP8_BC,3,ref_y,301,75,1,0.25,75,0,0.00055415956822767,0.00173707803802078,75,20,4,0.00389995320056159,42.6666666666667,0.220742961239698,0.333968920158806,0,20,0,20,1,0.266666666666667,0.00383889171904903,0.00501892302753533,0,0.00501892302753533,NaN,1,0.118166616016848,0.08,0.00938897819503064,0.0114227822842337,0.0114227822842337,NaN,0.05,400,73,546,546,399,147,212,50,77,33,3488,14,92,92,92,92,75,75,75,75,75,0,20
LIRCMOP8_BC,3,ref_y,302,75,1,0.25,75,0,0.000606680667857348,0.00176911918609388,75,20,4,0.00389995320056159,42.6666666666667,0.210215485059119,0.333968920158806,0,20,0,20,2,0.266666666666667,0.00452102823649312,0.00665619258250619,0,0.00701825626120521,NaN,1,0.120272582653226,0.12,0.00973039024289609,0.0113426688435392,0.0113426688435392,NaN,0.1,400,75,550,550,405,145,214,51,73,33,3737,4,93,93,93,93,75,75,75,75,75,0,20
LIRCMOP8_BC,3,ref_y,303,72,1,0.24,72,0,0.000526959180820633,0.00158574193865047,72,20,4,0.00374395507253913,44.4444444444444,0.215479223149408,0.333968920158806,0,20,0,20,1,0.277777777777778,0.00469252015267212,0.00588603534997044,0,0.00588603534997044,NaN,1,0.123974615416125,0.0833333333333333,0.00907791250203656,0.0104742655157885,0.0104742655157885,NaN,0.05,400,75,550,550,403,147,237,51,67,30,3821,0,90,90,90,90,72,72,72,72,72,0,20
LIRCMOP8_BC,3,ref_y,304,69,1,0.23,69,0,0.000495059488698363,0.00154074722946747,69,20,4,0.00358795694451667,46.3768115942029,0.220742961239698,0.333968920158806,0,20,0,20,0,0.289855072463768,0.00511070997436742,0.00541461998382951,0,0.00541461998382951,NaN,1,0.122075500235456,0,0.0115391576797993,0.0129650774459212,0.0129650774459212,NaN,0,400,72,544,544,394,150,226,50,65,29,4038,0,87,87,87,87,69,69,69,69,69,0,20
LIRCMOP8_BC,3,ref_y,305,78,1,0.26,78,0,0.000489737891049556,0.00162408084431296,78,20,4,0.00405595132858406,41.025641025641,0.220742961239698,0.333968920158806,0,20,0,20,1,0.256410256410256,0.00406934875494311,0.00520322079037344,0,0.00520322079037344,NaN,1,0.129000519802495,0.0769230769230769,0.00646468435301634,0.00770563784000988,0.00770563784000988,NaN,0.05,400,69,538,538,402,136,224,54,79,36,2851,13,102,102,102,102,78,78,78,78,78,0,20
LIRCMOP8_BC,3,ref_y,306,77,1,0.26,77,0,0.000541362109249022,0.00167684223693924,77,20,4,0.00400395195257657,41.5584415584416,0.220742961239698,0.345134922009429,0,20,0,20,3,0.25974025974026,0.00495801192381656,0.00974982920973472,0,0.00974982920973472,NaN,1,0.108306370930057,0.115384615384615,0.00967649890340102,0.0111832672869969,0.0111832672869969,NaN,0.15,400,78,556,556,403,153,245,54,74,34,3949,10,98,98,98,98,77,77,77,77,77,0,20
LIRCMOP8_BC,3,ref_y,307,83,1,0.29,83,0,0.000559492489258501,0.00165337741782761,83,20,4,0.0043159482086215,38.5542168674699,0.223246975047176,0.392554324179089,0,20,0,20,2,0.240963855421687,0.00424725179416716,0.00767051650698554,0,0.00767051650698554,NaN,1,0.128013962859348,0.137931034482759,0.00998433901778472,0.01216831327596,0.01216831327596,NaN,0.1,400,77,554,554,393,161,234,55,75,35,3999,6,102,102,102,102,83,83,83,83,83,0,20
LIRCMOP8_BC,3,ref_y,308,84,1,0.28,84,0,0.000624633188098482,0.00192466072342331,84,20,4,0.00436794758462898,38.0952380952381,0.212604251039174,0.347926422472085,0,20,0,20,2,0.238095238095238,0.00473067622937519,0.00724247687999906,0,0.00759654795826297,NaN,1,0.1286220920327,0.0714285714285714,0.010217415623786,0.0126960735438214,0.0126960735438214,NaN,0.1,400,83,566,566,408,158,245,56,72,35,4591,12,101,101,101,101,84,84,84,84,84,0,20
LIRCMOP8_BC,3,ref_y,309,85,1,0.29,85,0,0.000506797565122596,0.00151439468058448,85,20,4,0.00441994696063647,37.6470588235294,0.204465540838651,0.347926422472085,0,20,0,20,2,0.235294117647059,0.0041258612952334,0.00485400887866416,0,0.00550285781798197,NaN,1,0.13334506145426,0.0689655172413793,0.00892146531804231,0.0111923610096208,0.0111923610096208,NaN,0.1,400,84,568,568,404,164,242,52,76,35,3982,12,102,102,102,102,85,85,85,85,85,0,20
LIRCMOP8_BC,3,ref_y,310,75,1,0.25,75,0,0.000586223469231674,0.00122861591238544,75,20,4,0.00389995320056159,42.6666666666667,0.204465540838651,0.333968920158806,0,20,0,20,0,0.266666666666667,0.00443913800025269,0.00463507653221724,0,0.00635575245361854,NaN,1,0.116849960365294,0,0.0123176915539475,0.0142450126394812,0.0142450126394812,NaN,0,400,85,570,570,417,153,246,54,69,32,5024,8,93,93,93,93,75,75,75,75,75,0,20
LIRCMOP8_BC,3,ref_y,311,87,1,0.29,87,0,0.000514796395573887,0.00122044190199626,87,20,4,0.00452394571265145,36.7816091954023,0.204465540838651,0.34634933553961,0,20,0,20,1,0.229885057471264,0.00376467067056011,0.00414785048722142,0,0.00420425717617276,NaN,1,0.13397755709605,0.0689655172413793,0.00890349843962097,0.0106517858705089,0.0106517858705089,NaN,0.05,400,75,550,550,405,145,210,55,75,36,3732,3,105,105,105,105,87,87,87,87,87,0,20
LIRCMOP8_BC,3,ref_y,312,81,1,0.27,81,0,0.000598738512323937,0.00129710008508377,81,20,4,0.00421194945660652,39.5061728395062,0.204465540838651,0.347926422472085,0,20,0,20,0,0.246913580246914,0.00396159179473519,0.00433814914485074,0,0.00532100106293345,NaN,1,0.119492931976013,0,0.0118056830646983,0.0138608571062277,0.0138608571062277,NaN,0,400,87,574,574,410,164,242,51,64,32,5729,0,96,96,96,96,81,81,81,81,81,0,20
LIRCMOP8_BC,3,ref_y,313,87,1,0.29,87,0,0.000492985287520569,0.00100232537106406,87,20,4,0.00452394571265145,36.7816091954023,0.204465540838651,0.345134922009429,0,20,0,20,1,0.229885057471264,0.00327927708279352,0.00386632714062543,0,0.00394275179204113,NaN,1,0.137038186302756,0.0689655172413793,0.00927674506959722,0.0106920758642008,0.0106920758642008,NaN,0.05,400,81,562,562,412,150,240,51,70,34,3948,4,102,102,102,102,87,87,87,87,87,0,20
LIRCMOP8_BC,3,ref_y,314,78,1,0.26,78,0,0.000540166288176473,0.00137089345450983,78,20,4,0.00405595132858406,41.025641025641,0.212604251039174,0.383210502135175,0,20,0,20,0,0.256410256410256,0.00501342698964528,0.00527154547377553,0,0.00590801287501619,NaN,1,0.118919181306194,0,0.012063959463759,0.014583153722749,0.014583153722749,NaN,0,400,87,574,574,414,160,259,52,69,32,5832,6,93,93,93,93,78,78,78,78,78,0,20
LIRCMOP8_BC,3,ref_y,315,75,1,0.25,75,0,0.000532814241843541,0.00134383157475614,75,20,4,0.00389995320056159,42.6666666666667,0.220742961239698,0.398332250562213,0,20,0,20,0,0.266666666666667,0.00564764863897012,0.00582530145984105,0,0.00585785102592154,NaN,1,0.111251042808616,0,0.0115809422599002,0.0138334285298628,0.0138334285298628,NaN,0,400,78,556,556,396,160,234,50,73,32,4735,4,92,92,92,92,75,75,75,75,75,0,20
LIRCMOP8_BC,3,ref_y,316,85,1,0.29,85,0,0.000543734282209345,0.00107300398527304,85,20,4,0.00441994696063647,37.6470588235294,0.201416740641771,0.347926422472085,0,20,0,20,0,0.235294117647059,0.00389950337171001,0.00433877391239984,0,0.00435905516703993,NaN,1,0.107457256078405,0,0.00908029249105296,0.0108223813645807,0.0108223813645807,NaN,0,400,75,550,550,405,145,224,53,69,35,3898,2,105,105,105,105,85,85,85,85,85,0,20
LIRCMOP8_BC,3,ref_y,317,89,1,0.3,89,0,0.000521217745151559,0.00123677698882695,89,20,4,0.00462794446466642,35.9550561797753,0.204465540838651,0.344772248607135,0,20,0,20,0,0.224719101123595,0.00386100126050544,0.00461727466306915,0,0.00481583318816421,NaN,1,0.127574312587066,0,0.00979864359327957,0.010894968780864,0.010894968780864,NaN,0,400,85,570,570,405,165,234,54,69,35,4645,6,104,104,104,104,89,89,89,89,89,0,20
LIRCMOP8_BC,3,ref_y,318,87,1,0.29,87,0,0.000543679865321884,0.00128197202603421,87,20,4,0.00452394571265145,36.7816091954023,0.204465540838651,0.34634933553961,0,20,0,20,0,0.229885057471264,0.00425269934715483,0.00475146547905355,0,0.0048237765249149,NaN,1,0.114935343390308,0,0.0112442867787929,0.0124195122875399,0.0124195122875399,NaN,0,400,89,578,578,417,161,233,50,75,36,4874,6,102,102,102,102,87,87,87,87,87,0,20
LIRCMOP8_BC,3,ref_y,319,85,1,0.29,85,0,0.000594083398810819,0.00137968448118901,85,20,4,0.00441994696063647,37.6470588235294,0.220742961239698,0.347926422472085,0,20,0,20,0,0.235294117647059,0.00498370667502555,0.00531356736819853,0,0.00539279132598194,NaN,1,0.106751235444582,0,0.0119272195446345,0.0149960637463764,0.0149960637463764,NaN,0,400,87,574,574,402,172,251,49,62,32,6524,0,96,96,96,96,85,85,85,85,85,0,20
LIRCMOP8_BC,3,ref_y,320,86,1,0.29,86,0,0.000551422554684676,0.0015050010150526,86,20,4,0.00447194633664396,37.2093023255814,0.223246975047176,0.360493261234746,0,20,0,20,0,0.232558139534884,0.00471129839010959,0.00597061110004968,0,0.00597785107485812,NaN,1,0.120131380471244,0,0.01096360328501,0.0124906250764203,0.0124906250764203,NaN,0,400,85,570,570,407,163,252,49,76,36,5060,5,101,101,101,101,86,86,86,86,86,0,20
LIRCMOP8_BC,3,ref_y,321,96,1,0.32,96,0,0.000431523445152279,0.0011116548892608,96,20,4,0.00499194009671884,33.3333333333333,0.21745467813894,0.398332250562213,0,20,0,20,0,0.208333333333333,0.00933162397012518,0.0136881752257268,0,0.0136881752257268,NaN,0.9,0.0614339201911741,0,0.0110968811768718,0.0148503726257172,0.0148503726257172,NaN,0,400,86,572,572,398,174,207,52,82,41,4181,5,116,116,116,116,96,96,96,96,96,0,20
LIRCMOP8_BC,3,ref_y,322,93,1,0.31,93,0,0.000567463600517147,0.00135196140735662,93,20,4,0.00483594196869638,34.4086021505376,0.220742961239698,0.407806408785147,0,20,0,20,0,0.21505376344086,0.0123732566098606,0.0157960225960073,0,0.0160009689474284,NaN,1,0.0932991975250645,0,0.0175382249682302,0.0196298198072692,0.0196298198072692,NaN,0,400,96,592,592,411,181,256,53,71,37,5259,0,111,111,111,111,93,93,93,93,93,0,20
LIRCMOP8_BC,3,ref_y,323,90,1,0.3,90,0,0.000512599687365024,0.00107724784999473,90,20,4,0.00467994384067391,35.5555555555556,0.21745467813894,0.422017646119546,0,20,0,20,0,0.222222222222222,0.0111218277904327,0.0151764162509887,0,0.0157878208515798,NaN,1,0.0877978251384737,0,0.0171687706163427,0.0184628217416399,0.0184628217416399,NaN,0,400,93,586,586,407,179,250,50,80,39,4573,5,110,110,110,110,90,90,90,90,90,0,20
LIRCMOP8_BC,3,ref_y,324,84,1,0.28,84,0,0.00053393258150244,0.0010006758387125,84,20,4,0.00436794758462898,38.0952380952381,0.219517197347949,0.44570304167688,0,20,0,20,0,0.238095238095238,0.00918508176837467,0.0135802193927296,0,0.0135802193927296,NaN,1,0.0963612941170714,0,0.0142645499027449,0.0147851093924428,0.0147851093924428,NaN,0,400,90,580,580,417,163,217,46,76,36,4853,4,101,101,101,101,84,84,84,84,84,0,20
LIRCMOP8_BC,3,ref_y,325,90,1,0.3,90,0,0.000588652626124095,0.00141234158619118,90,20,4,0.00467994384067391,35.5555555555556,0.219517197347949,0.423866434424285,0,20,0,20,0,0.222222222222222,0.00558644922997916,0.0106824587470772,0,0.0106824587470772,NaN,1,0.0972697963632479,0,0.0121205366195623,0.0123244059033442,0.0123244059033442,NaN,0,400,84,568,568,419,149,244,50,73,36,4421,1,105,105,105,105,90,90,90,90,90,0,20
LIRCMOP8_BC,3,ref_y,326,87,1,0.29,87,0,0.000548238118318016,0.00117885150348795,87,20,4,0.00452394571265145,36.7816091954023,0.200726213439632,0.401290311849795,0,20,0,20,1,0.229885057471264,0.00825309914166573,0.0108743524165331,0,0.0108743524165331,NaN,1,0.0806944486691518,0.0689655172413793,0.0114449128676521,0.0130017944954046,0.0130017944954046,NaN,0.05,400,90,580,580,422,158,253,50,68,35,4977,0,105,105,105,105,87,87,87,87,87,0,20
LIRCMOP8_BC,3,ref_y,327,90,1,0.3,90,0,0.000670482724999215,0.00109383169613037,90,20,4,0.00467994384067391,35.5555555555556,0.201071477040701,0.400181038866952,0,20,0,20,0,0.222222222222222,0.00432936378934027,0.00709228192262906,0,0.00709228192262906,NaN,1,0.101965286079594,0,0.00798684583978821,0.00883966275431819,0.00883966275431819,NaN,0,400,87,574,574,410,164,252,51,74,37,4140,0,111,111,111,111,90,90,90,90,90,0,20
LIRCMOP8_BC,3,ref_y,328,93,1,0.31,93,0,0.000632907471135929,0.00126711615949154,93,20,4,0.00483594196869638,34.4086021505376,0.204465540838651,0.410764470072729,0,20,0,20,0,0.21505376344086,0.0028703161321654,0.00590822114329909,0,0.00628733899466271,NaN,0.95,0.0749432455245586,0,0.0120014202626093,0.0139978019812747,0.0139978019812747,NaN,0,400,90,580,580,413,167,251,53,82,40,3994,2,117,117,117,117,93,93,93,93,93,0,20
LIRCMOP8_BC,3,ref_y,329,87,1,0.29,87,0,0.000823921965925234,0.00225718649303267,87,20,4,0.00452394571265145,36.7816091954023,0.220742961239698,0.436968398775842,0,20,0,20,0,0.229885057471264,0.00339186993797876,0.00602770294284029,0,0.00672324203780575,NaN,1,0.098510923169386,0,0.0139789171532397,0.0164741586409492,0.0164741586409492,NaN,0,400,93,586,586,418,168,225,51,78,37,3787,0,111,111,111,111,87,87,87,87,87,0,20
LIRCMOP8_BC,3,ref_y,330,102,1,0.34,102,0,0.000811857205361861,0.00215434639619241,102,20,4,0.00530393635276377,31.3725490196078,0.212604251039174,0.402029827171691,0,20,0,20,0,0.196078431372549,0.00305337875957384,0.00488555452627178,0,0.00488555452627178,NaN,1,0.0499933105413183,0,0.0132695669501453,0.0166075162345827,0.0166075162345827,NaN,0,400,87,574,574,417,157,226,55,77,40,3615,0,120,120,120,120,102,102,102,102,102,0,20
LIRCMOP8_BC,3,ref_y,331,93,1,0.31,93,0,0.000707585804093657,0.00179877322706122,93,20,4,0.00483594196869638,34.4086021505376,0.234568853857248,0.410764470072729,0,20,0,20,0,0.21505376344086,0.00202503893848719,0.00583303741972566,0,0.00617272788391628,NaN,1,0.0527732279431661,0,0.0123676716934528,0.0143090000257631,0.0143090000257631,NaN,0,400,102,604,604,428,176,263,54,77,38,4475,0,112,112,112,112,93,93,93,93,93,0,20
LIRCMOP8_BC,3,ref_y,332,93,1,0.31,93,0,0.00076589767234715,0.00174402891414554,93,20,4,0.00483594196869638,34.4086021505376,0.220742961239698,0.399071765884109,0,20,0,20,0,0.21505376344086,0.00383895377550022,0.00636348016525082,0,0.00636348016525082,NaN,1,0.0468039386305697,0,0.0106639510759457,0.0155837021778761,0.0155837021778761,NaN,0,400,93,586,586,425,161,248,53,86,41,3560,2,123,123,123,123,93,93,93,93,93,0,20
LIRCMOP8_BC,3,ref_y,333,93,1,0.31,93,0,0.000776407111804351,0.00171698188830241,93,20,4,0.00483594196869638,34.4086021505376,0.204465540838651,0.410764470072729,0,20,0,20,0,0.21505376344086,0.00293174454731856,0.00509257392298575,0,0.00509257392298575,NaN,1,0.0623958553121925,0,0.00925346152493241,0.0131403494154847,0.0131403494154847,NaN,0,400,93,586,586,422,164,239,51,85,42,3317,4,125,125,125,125,93,93,93,93,93,0,20
LIRCMOP8_BC,3,ref_y,334,99,1,0.33,99,0,0.000883905373411192,0.00178918283414887,99,20,4,0.0051479382247413,32.3232323232323,0.264819198825697,0.44570304167688,0,20,0,20,1,0.202020202020202,0.00464743827745054,0.0074756980077699,0,0.0074756980077699,NaN,1,0.0408562107548821,0.0606060606060606,0.00684956285110146,0.0111315364274647,0.0111315364274647,NaN,0.05,400,93,586,586,416,170,262,52,82,42,3637,0,125,125,125,125,99,99,99,99,99,0,20
LIRCMOP8_BC,3,ref_y,335,101,1,0.35,101,0,0.00078952445737987,0.00164813849769494,101,20,4,0.00525193697675628,31.6831683168317,0.220742961239698,0.44570304167688,0,20,0,20,0,0.198019801980198,0.00439159712079407,0.00704328610296953,0,0.00704328610296953,NaN,1,0.0340375059432788,0,0.00805138450117707,0.0102760222663295,0.0102760222663295,NaN,0,400,99,598,598,431,167,248,52,88,43,3836,0,127,127,127,127,101,101,101,101,101,0,20
LIRCMOP8_BC,3,ref_y,336,96,1,0.32,96,0,0.000800513416803543,0.00164949457089778,96,20,4,0.00499194009671884,33.3333333333333,0.202595877139141,0.398332250562213,0,20,0,20,0,0.208333333333333,0.00517522042216324,0.00826931667143882,0,0.00826931667143882,NaN,1,0.0497306039990003,0,0.0152948408697239,0.0178451545878567,0.0178451545878567,NaN,0,400,101,602,602,429,173,242,49,85,41,4040,0,121,121,121,121,96,96,96,96,96,0,20
LIRCMOP8_BC,3,ref_y,337,102,1,0.34,102,0,0.000763206554097071,0.00147898315716944,102,20,4,0.00530393635276377,31.3725490196078,0.200724474036818,0.402029827171691,0,20,0,20,0,0.196078431372549,0.00297240987676955,0.00471246870814647,0,0.00471246870814647,NaN,1,0.0454234885154702,0,0.0117756923268675,0.0138883313228437,0.0138883313228437,NaN,0,400,96,592,592,421,171,243,51,86,44,3808,0,129,129,129,129,102,102,102,102,102,0,20
LIRCMOP8_BC,3,ref_y,338,99,1,0.33,99,0,0.000825800559770121,0.00140796017340171,99,20,4,0.0051479382247413,32.3232323232323,0.204465540838651,0.44570304167688,0,20,0,20,0,0.202020202020202,0.00346804226712979,0.00832665071827267,0,0.00832665071827267,NaN,1,0.0777221971974471,0,0.011402989658588,0.0135108609560149,0.0135108609560149,NaN,0,400,102,604,604,418,186,272,50,84,42,4717,0,124,124,124,124,99,99,99,99,99,0,20
LIRCMOP8_BC,3,ref_y,339,115,1,0.39,115,0,0.00070399286278075,0.00220731579795768,115,20,4,0.00597992824086111,27.8260869565217,0.200726213439632,0.405327743976111,0,20,0,20,3,0.173913043478261,0.00918570787999287,0.0112164645353032,0,0.0112164645353032,NaN,1,0.0475251490394263,0.0512820512820513,0.00921758613642721,0.0153327973585244,0.0153327973585244,NaN,0.15,400,99,598,598,413,185,213,54,91,47,4000,0,141,141,141,141,115,115,115,115,115,0,20
LIRCMOP8_BC,3,ref_y,340,117,1,0.39,117,0,0.00100715682930477,0.00306602983724118,117,20,4,0.00608392699287609,27.3504273504273,0.200726213439632,0.440933935719091,0,20,0,20,0,0.170940170940171,0.00619764090202914,0.00820391749109057,0,0.00820391749109057,NaN,0.6,0.00571781148985359,0,0.00683871655606624,0.0124290636252945,0.0124290636252945,NaN,0,400,115,630,630,424,206,227,53,92,46,4567,0,138,138,138,138,117,117,117,117,117,0,20
LIRCMOP8_BC,3,ref_y,341,121,1,0.41,121,0,0.000791643900035297,0.00247887515934997,121,20,4,0.00629192449690604,26.4462809917355,0.220742961239698,0.447468152706489,0,20,0,20,1,0.165289256198347,0.00663888866853172,0.00777673218496345,0,0.00777673218496345,NaN,0.25,-0.0104691388078961,0.0487804878048781,0.00981357907074722,0.0112699366766344,0.0112699366766344,NaN,0.05,400,117,634,634,424,210,247,56,91,49,4931,3,145,145,145,145,121,121,121,121,121,0,20
LIRCMOP8_BC,3,ref_y,342,117,1,0.39,117,0,0.00109385409256178,0.00343411568662816,117,20,4,0.00608392699287609,27.3504273504273,0.200726213439632,0.440933935719091,0,20,0,20,0,0.170940170940171,0.00658136205404989,0.0078368945263,0,0.0078368945263,NaN,1,0.0391642980276523,0,0.0158418383154274,0.0199367144845839,0.0199367144845839,NaN,0,400,121,642,642,409,233,287,57,90,48,6486,6,144,144,144,144,117,117,117,117,117,0,20
LIRCMOP8_BC,3,ref_y,343,117,1,0.39,117,0,0.00109384290472462,0.00317418241431149,117,20,4,0.00608392699287609,27.3504273504273,0.295869880810714,0.440933935719091,0,20,0,20,0,0.170940170940171,0.0075048096601885,0.00819818709866053,0,0.00819818709866053,NaN,1,0.0430920367576829,0,0.0105030881187981,0.0116417293540937,0.0116417293540937,NaN,0,400,117,634,634,416,218,273,52,92,46,5146,6,138,138,138,138,117,117,117,117,117,0,20
LIRCMOP8_BC,3,ref_y,344,117,1,0.39,117,0,0.00129107465582374,0.00382794244796953,117,20,4,0.00608392699287609,27.3504273504273,0.295869880810714,0.440933935719091,0,20,0,20,0,0.170940170940171,0.00580188678751974,0.00704164246672076,0,0.00704164246672076,NaN,1,0.0422694063108439,0,0.011574320992372,0.0139373712366739,0.0139373712366739,NaN,0,400,117,634,634,411,223,254,50,93,44,5333,0,132,132,132,132,117,117,117,117,117,0,20
LIRCMOP8_BC,3,ref_y,345,117,1,0.39,117,0,0.00163073681164349,0.00444766855734228,117,20,4,0.00608392699287609,27.3504273504273,0.204465540838651,0.437627982136726,0,20,0,20,0,0.170940170940171,0.00593993776604719,0.00830595519077488,0,0.00830595519077488,NaN,1,0.0302968929995256,0,0.0122205280072324,0.0144987397903683,0.0144987397903683,NaN,0,400,117,634,634,425,209,258,53,91,46,5490,0,137,137,137,137,117,117,117,117,117,0,20
LIRCMOP8_BC,3,ref_y,346,108,1,0.36,108,0,0.00146035835236914,0.00464398007719822,108,20,4,0.00561593260880869,29.6296296296296,0.220309291214691,0.44570304167688,0,20,0,20,3,0.185185185185185,0.0178964010406728,0.019076433471187,0,0.0231242407475582,NaN,0.85,0.0243545368492122,0.0555555555555556,0.0208188726072368,0.023254020822551,0.023254020822551,NaN,0.15,400,117,634,634,415,219,255,46,100,46,5140,0,138,138,138,138,108,108,108,108,108,0,20
LIRCMOP8_BC,3,ref_y,347,120,1,0.4,120,0,0.00160340984862252,0.00545497780925962,120,20,4,0.00623992512089855,26.6666666666667,0.222105166635912,0.401112231434334,0,20,0,20,0,0.166666666666667,0.00990430507262294,0.0154840071846771,0,0.0230816265275166,NaN,1,0.0134608999060067,0,0.0121202199352112,0.0231340077397671,0.0231340077397671,NaN,0,400,108,616,616,408,208,273,48,100,48,4541,3,143,143,143,143,120,120,120,120,120,0,20
LIRCMOP8_BC,3,ref_y,348,111,1,0.37,111,0,0.00168545752898162,0.00483229411642265,111,20,4,0.00577193073683116,28.8288288288288,0.219875621189684,0.413442938270724,0,20,0,20,0,0.18018018018018,0.0108774335101349,0.0128178301322737,0,0.0161099039152608,NaN,1,0.071301801906558,0,0.0134264692093421,0.0178533361846023,0.0178533361846023,NaN,0,400,120,640,640,421,219,196,47,100,47,4346,10,134,134,134,134,111,111,111,111,111,0,20
LIRCMOP8_BC,3,ref_y,349,105,1,0.35,105,0,0.00129457205659755,0.00425444295986974,105,20,4,0.00545993448078623,30.4761904761905,0.219875621189684,0.44570304167688,0,20,0,20,2,0.19047619047619,0.0129332289674589,0.0181895269094434,0,0.0233073254152163,NaN,1,0.0584838362997922,0.0571428571428571,0.0169220317675751,0.023421686647553,0.023421686647553,NaN,0.1,400,111,622,622,391,231,234,46,100,46,4798,29,133,133,133,133,105,105,105,105,105,0,20
LIRCMOP8_BC,3,ref_y,350,110,1,0.37,110,0,0.00191837893009666,0.0074346976393354,110,20,4,0.00571993136082367,29.0909090909091,0.220742961239698,0.450115819250903,0,20,0,20,7,0.181818181818182,0.0291283768051626,0.0496485858889423,0,0.0496691346399571,NaN,1,0.0704590682266755,0.0540540540540541,0.0322250556302667,0.0508331478746892,0.0508331478746892,NaN,0.35,400,105,610,610,401,209,243,47,100,47,4939,40,135,135,135,135,110,110,110,110,110,0,20
LIRCMOP8_BC,3,ref_y,351,111,1,0.38,111,0,0.00124038955497903,0.0052541804849864,111,20,4,0.00577193073683116,28.8288288288288,0.219875621189684,0.47785963731921,0,20,0,20,8,0.18018018018018,0.0197297491301204,0.0277543812522691,0,0.0300134087761452,NaN,1,0.0230013903190027,0.289473684210526,0.0257580957958763,0.0302144239285286,0.0302144239285286,NaN,0.4,400,110,620,620,404,216,247,48,100,48,5355,109,138,138,138,138,111,111,111,111,111,0,20
LIRCMOP8_BC,3,ref_y,352,120,1,0.41,120,0,0.00188236869628843,0.00932297681112511,120,20,4,0.00623992512089855,26.6666666666667,0.298923252229937,0.853461075801399,0,20,0,20,18,0.166666666666667,0.0300357759634342,0.0886365683715267,0,0.0888589279625112,NaN,0.9,0.0449557908789348,0.439024390243902,0.0443514831885141,0.0927928585333737,0.0927928585333737,NaN,0.9,400,111,622,622,405,217,281,48,100,48,5491,17,144,144,144,144,120,120,120,120,120,0,20
LIRCMOP8_BC,3,ref_y,353,117,1,0.39,117,0,0.00155503261747797,0.00609624384370211,117,20,4,0.00608392699287609,27.3504273504273,0.292037699467708,0.545051040708869,0,20,0,20,3,0.170940170940171,0.0181869709805569,0.0283396571965095,0,0.0298529399616163,NaN,1,0.0722006182776577,0.102564102564103,0.022189883184914,0.0305718496714315,0.0305718496714315,NaN,0.15,400,120,640,640,413,227,289,49,100,49,6396,98,147,147,147,147,117,117,117,117,117,0,20
LIRCMOP8_BC,3,ref_y,354,116,1,0.39,116,0,0.00169629607593774,0.0073764975306074,116,20,4,0.0060319276168686,27.5862068965517,0.246314086624205,0.561772519654945,0,20,0,20,11,0.172413793103448,0.0505701528928039,0.101499777906106,0,0.101499777906106,NaN,0.95,0.0831196111728935,0.102564102564103,0.0630884178776176,0.104031639120831,0.104031639120831,NaN,0.55,400,117,634,634,398,236,276,48,100,48,6316,18,143,143,143,143,116,116,116,116,116,0,20
LIRCMOP8_BC,3,ref_y,355,121,1,0.41,121,0,0.00173919855984363,0.00537271969616521,121,20,4,0.00629192449690604,26.4462809917355,0.246314086624205,0.842082081660158,0,20,0,20,9,0.165289256198347,0.0458132236677164,0.0732130743307508,0,0.0732130743307508,NaN,1,0.768094884053344,0.0487804878048781,0.0500236571543417,0.0746518322291702,0.0746518322291702,NaN,0.45,400,116,632,632,409,223,258,50,100,50,5564,27,147,147,147,147,121,121,121,121,121,0,20
LIRCMOP8_BC,3,ref_y,356,121,1,0.41,121,0,0.00152596160782779,0.00484744848051106,121,20,4,0.00629192449690604,26.4462809917355,0.230226955812214,0.87046423497273,0,20,0,20,4,0.165289256198347,0.0393232323610788,0.0536448998975684,0,0.0536448998975684,NaN,1,0.61361481473785,0.0487804878048781,0.0459762925983179,0.0542433840390882,0.0542433840390882,NaN,0.2,400,121,642,642,420,222,303,50,100,50,6026,14,148,148,148,148,121,121,121,121,121,0,20
LIRCMOP8_BC,3,ref_y,357,120,1,0.4,120,0,0.00196427410835397,0.00880961283205333,120,20,4,0.00623992512089855,26.6666666666667,0.211399200531743,0.877559773300873,0,20,0,20,13,0.166666666666667,0.0418199019694376,0.0697271437904052,0,0.0697271437904052,NaN,1,0.686011281170452,0.3,0.045953555963045,0.0714504343494876,0.0714504343494876,NaN,0.65,400,121,642,642,418,224,300,50,100,50,5848,20,149,149,149,149,120,120,120,120,120,0,20
LIRCMOP8_BC,3,ref_y,358,129,1,0.43,129,0,0.00148220385502498,0.00471579579890035,129,20,4,0.00670791950496594,24.8062015503876,0.230226955812214,0.842082081660158,0,20,0,20,9,0.155038759689922,0.0410888548105811,0.0760711097589153,0,0.0760711097589153,NaN,0.95,0.680023915118198,0.0930232558139535,0.0466379299705,0.0780530261763226,0.0780530261763226,NaN,0.45,400,120,640,640,408,232,297,54,100,54,6581,40,161,161,161,161,129,129,129,129,129,0,20
LIRCMOP8_BC,3,ref_y,359,130,1,0.44,130,0,0.00169704537873044,0.00713594706695813,130,20,4,0.00675991888097343,24.6153846153846,0.219875621189684,0.561772519654945,0,20,0,20,17,0.153846153846154,0.0767973149798593,0.161226715250699,0,0.161226715250699,NaN,0.95,0.337975879121068,0.113636363636364,0.092781343768578,0.171263134323486,0.171263134323486,NaN,0.85,400,129,658,658,424,234,299,54,100,54,6952,30,156,156,156,156,130,130,130,130,130,0,20
LIRCMOP8_BC,3,ref_y,360,118,1,0.4,118,0,0.00142436291668064,0.0039144190263989,118,20,4,0.00613592636888357,27.1186440677966,0.230226955812214,0.802397704774964,0,20,0,20,9,0.169491525423729,0.0324822302665345,0.0656372777643731,0,0.0656372777643731,NaN,0.95,0.0770917594191352,0.15,0.0456548455536816,0.0702550746662426,0.0702550746662426,NaN,0.45,400,130,660,660,413,247,265,51,100,51,7534,37,150,150,150,150,118,118,118,118,118,0,20
LIRCMOP8_BC,3,ref_y,361,124,1,0.42,124,0,0.00143412008461681,0.00616278611614037,124,20,4,0.0064479226249285,25.8064516129032,0.201824496656717,0.452890201057734,0,20,0,20,14,0.161290322580645,0.0823487712920163,0.181132108311352,0,0.181132108311352,NaN,0.3,-0.027774934592282,0.119047619047619,0.0953630304580573,0.184943786635468,0.184943786635468,NaN,0.7,400,118,636,636,407,229,273,52,100,52,5564,12,154,154,154,154,124,124,124,124,124,0,20
LIRCMOP8_BC,3,ref_y,362,129,1,0.43,129,0,0.00159460533703005,0.00499526038829945,129,20,4,0.00670791950496594,24.8062015503876,0.200726213439632,0.450115819250903,0,20,0,20,12,0.155038759689922,0.0462225296248935,0.141585502397974,0,0.144946996048136,NaN,0.55,0.00776895596941368,0.162790697674419,0.0586625353569357,0.148714326001033,0.148714326001033,NaN,0.6,400,124,648,648,418,230,273,52,100,52,6405,23,153,153,153,153,129,129,129,129,129,0,20
LIRCMOP8_BC,3,ref_y,363,120,1,0.4,120,0,0.00126333621408131,0.00692246372490174,120,20,4,0.00623992512089855,26.6666666666667,0.199763238639106,0.426072823211297,0,20,0,20,14,0.166666666666667,0.0895340334246,0.194478322559161,0,0.203015749315868,NaN,0.3,-0.0378962163844232,0.125,0.109225904557261,0.205827435165147,0.205827435165147,NaN,0.7,400,129,658,658,416,242,288,51,100,51,6467,28,153,153,153,153,120,120,120,120,120,0,20
LIRCMOP8_BC,3,ref_y,364,135,1,0.45,135,0,0.00203911205267324,0.00985930507085523,135,20,4,0.00701991576101087,23.7037037037037,0.18846656755716,0.402029827171691,0,20,0,20,15,0.148148148148148,0.123214369125539,0.271594307063381,0,0.271594307063381,NaN,0.35,-0.00276217371213611,0.155555555555556,0.141964642277886,0.276904932226103,0.276904932226103,NaN,0.75,400,120,640,640,395,245,277,55,100,55,6472,66,162,162,162,162,135,135,135,135,135,0,20
LIRCMOP8_BC,3,ref_y,365,132,1,0.44,132,0,0.00145590532497196,0.00746603827027658,132,20,4,0.0068639176329884,24.2424242424242,0.195925964553855,0.402029827171691,0,20,0,20,14,0.151515151515152,0.148349876497892,0.30851692517033,0,0.30851692517033,NaN,0.45,-0.0194614139286994,0.181818181818182,0.170472791662513,0.314998959166669,0.314998959166669,NaN,0.7,400,135,670,670,403,267,300,54,100,54,8070,177,158,158,158,158,132,132,132,132,132,0,20
LIRCMOP8_BC,3,ref_y,366,123,1,0.41,123,0,0.00156726759990581,0.00696567716587019,123,20,4,0.00639592324892101,26.0162601626016,0.242341888754139,0.632993426354406,0,20,0,20,19,0.16260162601626,0.300144500754718,0.417391046795947,0,0.426045335451585,NaN,0.2,-0.0368595406925538,0.219512195121951,0.322426429508559,0.430594659900542,0.430594659900542,NaN,0.95,400,132,664,664,392,272,263,52,100,52,6998,19,156,156,156,156,123,123,123,123,123,0,20
LIRCMOP8_BC,3,ref_y,367,135,1,0.45,135,0,0.00130137840491473,0.00466864955437967,135,20,4,0.00701991576101087,23.7037037037037,0.242341888754139,0.561772519654945,0,20,0,20,9,0.148148148148148,0.0180434167578145,0.200132127375075,0,0.21000788877293,NaN,0.85,0.0384193742268678,0.177777777777778,0.0337048374664969,0.210435558520945,0.210435558520945,NaN,0.45,400,123,646,646,402,244,281,57,100,57,6167,28,168,168,168,168,135,135,135,135,135,0,20
LIRCMOP8_BC,3,ref_y,368,125,1,0.43,125,0,0.00179120209458402,0.00628127511166428,125,20,4,0.00649992200093599,25.6,0.304136630336512,1.48610314609164,0,20,0,20,13,0.16,0.107358700607288,0.284040200653252,0,0.295347717697175,NaN,0.55,0.00272145847093852,0.209302325581395,0.108614610783948,0.295358968536559,0.295358968536559,NaN,0.65,400,135,670,670,405,265,253,52,100,52,6684,10,156,156,156,156,125,125,125,125,125,0,20
LIRCMOP8_BC,3,ref_y,369,138,1,0.46,138,0,0.00135093958164396,0.00456887400074234,138,20,4,0.00717591388903333,23.1884057971014,0.242341888754139,1.48610314609164,0,20,0,20,9,0.144927536231884,0.0375870807750409,0.217386882447873,0,0.218019618556231,NaN,0.65,0.00967527054767214,0.152173913043478,0.0400250097986497,0.218176514754458,0.218176514754458,NaN,0.45,400,125,650,650,398,252,269,57,100,57,6448,5,169,169,169,169,138,138,138,138,138,0,20
LIRCMOP8_BC,3,ref_y,370,129,1,0.43,129,0,0.0012062567490588,0.00525833339800784,129,20,4,0.00670791950496594,24.8062015503876,0.200726213439632,0.468500851683866,0,20,0,20,7,0.155038759689922,0.0236753387831822,0.241460612739964,0,0.241572601826071,NaN,0.85,0.0239204935751099,0.232558139534884,0.024385209058995,0.241872446267653,0.241872446267653,NaN,0.35,400,138,676,676,425,251,272,53,100,53,7079,25,154,154,154,154,129,129,129,129,129,0,20
LIRCMOP8_BC,3,ref_y,371,129,1,0.43,129,0,0.00124534201459504,0.00323869191832806,129,20,4,0.00670791950496594,24.8062015503876,0.224646257759893,0.561772519654945,0,20,0,20,15,0.155038759689922,0.149788346946367,0.33661114309441,0,0.337075509615512,NaN,0.6,0.00809067291955573,0.186046511627907,0.150649116412254,0.337271639196749,0.337271639196749,NaN,0.75,400,129,658,658,406,252,269,54,100,54,6504,0,162,162,162,162,129,129,129,129,129,0,20
LIRCMOP8_BC,3,ref_y,372,138,1,0.46,138,0,0.00132262256060551,0.00492549257542213,138,20,4,0.00717591388903333,23.1884057971014,0.227436606786053,0.565581726600324,0,20,0,20,12,0.144927536231884,0.0666565802638519,0.402190783252164,0,0.402669428167047,NaN,0.8,0.0235720213738143,0.347826086956522,0.0693518250369743,0.402883547321791,0.402883547321791,NaN,0.6,400,129,658,658,401,257,291,57,100,57,6884,65,167,167,167,167,138,138,138,138,138,0,20
LIRCMOP8_BC,3,ref_y,373,141,1,0.47,141,0,0.00142296392749131,0.0057695364515207,141,20,4,0.0073319120170558,22.6950354609929,0.224646257759893,0.675670832597325,0,20,0,20,15,0.141843971631206,0.0832059423026286,0.370292491479178,0,0.370750197036413,NaN,0.9,0.0172495584257941,0.382978723404255,0.086394103671999,0.370886252051392,0.370886252051392,NaN,0.75,400,138,676,676,415,261,285,57,100,57,6937,39,170,170,170,170,141,141,141,141,141,0,20
LIRCMOP8_BC,3,ref_y,374,143,1,0.48,143,0,0.00123142560236615,0.00476152676957454,143,20,4,0.00743591076907077,22.3776223776224,0.273269407869701,0.788672503148975,0,20,0,20,17,0.13986013986014,0.0563155011960342,0.417065793269261,0,0.418011426618885,NaN,0.9,0.0304339243174003,0.395833333333333,0.0581112353075889,0.41817376801244,0.41817376801244,NaN,0.85,400,141,682,682,408,274,308,60,100,60,7687,76,177,177,177,177,143,143,143,143,143,0,20
LIRCMOP8_BC,3,ref_y,375,161,1,0.54,161,0,0.0016088590442006,0.00764713617763702,161,20,4,0.00837189953720555,19.8757763975155,0.242341888754139,0.675670832597325,0,20,0,20,12,0.124223602484472,0.0970603727090984,0.472785241395923,0,0.472785241395923,NaN,0.6,0.00553777223257168,0.296296296296296,0.101925881409634,0.475387221531106,0.475387221531106,NaN,0.6,400,143,686,686,410,276,306,62,100,62,7996,47,185,185,185,185,161,161,161,161,161,0,20
LIRCMOP8_BC,3,ref_y,376,157,1,0.53,157,0,0.00157096053934001,0.00608268843796311,157,20,4,0.0081639020331756,20.3821656050955,0.255202734225611,0.788672503148975,0,20,0,20,18,0.127388535031847,0.385000038371254,0.465375634004008,0,0.465375634004008,NaN,0.95,0.0205776942080181,0.264150943396226,0.421898792372542,0.475330325564909,0.475330325564909,NaN,0.9,400,161,722,722,430,292,311,61,100,61,8302,17,183,183,183,183,157,157,157,157,157,0,20
LIRCMOP8_BC,3,ref_y,377,147,1,0.49,147,0,0.00152935693156123,0.00591593360675207,147,20,4,0.00764390827310072,21.7687074829932,0.250262407978702,0.742306276338851,0,20,0,20,9,0.136054421768707,0.0299824074193466,0.386370869349386,0,0.387709028925936,NaN,0.8,0.0426640819778417,0.26530612244898,0.0307506385873441,0.387784472282521,0.387784472282521,NaN,0.45,400,157,714,714,409,305,307,60,100,60,8838,61,179,179,179,179,147,147,147,147,147,0,20
LIRCMOP8_BC,3,ref_y,378,160,1,0.54,160,0,0.00129672976677766,0.00517998053224548,160,20,4,0.00831990016119807,20,0.255202734225611,0.47785963731921,0,20,0,20,9,0.125,0.0387056197844626,0.388955213771652,0,0.390947620090286,NaN,0.85,0.0435797638993722,0.203703703703704,0.0400119508737741,0.391004470382987,0.391004470382987,NaN,0.45,400,147,694,694,407,287,294,63,100,63,7907,29,189,189,189,189,160,160,160,160,160,0,20
LIRCMOP8_BC,3,ref_y,379,159,1,0.53,159,0,0.00170996278137545,0.00769532759734961,159,20,4,0.00826790078519058,20.125786163522,0.250262407978702,0.47785963731921,0,20,0,20,8,0.125786163522013,0.0273448148700662,0.386219735899164,0,0.388251562416008,NaN,0.85,0.0368936852872764,0.226415094339623,0.0287380863524188,0.388321700303526,0.388321700303526,NaN,0.4,400,160,720,720,418,302,322,61,100,61,9453,29,183,183,183,183,159,159,159,159,159,0,20
LIRCMOP8_BC,3,ref_y,380,159,1,0.53,159,0,0.00172535497447931,0.00754070359705647,159,20,4,0.00826790078519058,20.125786163522,0.2568053912469,0.78648741377348,0,20,0,20,7,0.125786163522013,0.0151521954504317,0.359312546514441,0,0.361155761952054,NaN,0.75,0.0197126162519014,0.207547169811321,0.0190049903806569,0.361208601073924,0.361208601073924,NaN,0.35,400,159,718,718,423,295,330,62,100,62,9310,73,180,180,180,180,159,159,159,159,159,0,20
LIRCMOP8_BC,3,ref_y,381,177,1,0.59,177,0,0.00212927419469266,0.00660342315996438,177,20,4,0.00920388955332536,18.0790960451977,0.250262407978702,0.781169002049817,0,20,0,20,12,0.112994350282486,0.0869992503707893,0.444819461502895,0,0.445814240641743,NaN,0.85,0.0221720194537397,0.322033898305085,0.104816270968106,0.445973957777066,0.445973957777066,NaN,0.6,400,159,718,718,422,296,324,65,100,65,9196,21,193,193,193,193,177,177,177,177,177,0,20
LIRCMOP8_BC,3,ref_y,382,163,1,0.55,163,0,0.00162269063548616,0.00649977891054765,163,20,4,0.00847589828922053,19.6319018404908,0.237896851524677,0.75382459484112,0,20,0,20,9,0.122699386503067,0.0220225177064055,0.395120581649243,0,0.396693062027651,NaN,0.85,0.0355374618910103,0.290909090909091,0.0280757732069675,0.396699405627227,0.396699405627227,NaN,0.45,400,177,754,754,443,311,321,62,100,62,10269,22,181,181,181,181,163,163,163,163,163,0,20
LIRCMOP8_BC,3,ref_y,383,177,1,0.59,177,0,0.00186049215320521,0.00650584025230496,177,20,4,0.00920388955332536,18.0790960451977,0.250262407978702,0.758681203092352,0,20,0,20,9,0.112994350282486,0.0382658850644872,0.387685631776746,0,0.389357494831276,NaN,0.8,0.0493135944368158,0.220338983050847,0.0440376459599929,0.38938141538879,0.38938141538879,NaN,0.45,400,163,726,726,421,305,308,67,100,67,8968,26,198,198,198,198,177,177,177,177,177,0,20
LIRCMOP8_BC,3,ref_y,384,156,1,0.52,156,0,0.00179802100106774,0.006559284869105,156,20,4,0.00811190265716811,20.5128205128205,0.253533899612801,0.78648741377348,0,20,0,20,5,0.128205128205128,0.015662682867972,0.168910332740515,0,0.195002677280794,NaN,0.95,0.0288838254505775,0.192307692307692,0.0229642048335166,0.195080036383271,0.195080036383271,NaN,0.25,400,177,754,754,435,319,337,61,100,61,11345,33,180,180,180,180,156,156,156,156,156,0,20
LIRCMOP8_BC,3,ref_y,385,178,1,0.6,178,0,0.0016799293749933,0.00704152670030973,178,20,4,0.00925588892933285,17.9775280898876,0.2568053912469,0.828112259408681,0,20,0,20,9,0.112359550561798,0.038614178719049,0.412675178631449,0,0.414274577378329,NaN,0.85,0.0219911867591903,0.283333333333333,0.0463540349213114,0.414421838672409,0.414421838672409,NaN,0.45,400,156,712,712,416,296,308,66,100,66,8696,33,198,198,198,198,178,178,178,178,178,0,20
LIRCMOP8_BC,3,ref_y,386,186,1,0.62,186,0,0.00170262144607998,0.005824804189124,186,20,4,0.00967188393739275,17.2043010752688,0.271028934557534,0.78648741377348,0,20,0,20,10,0.10752688172043,0.0238753688422618,0.318656121749356,0,0.331253632626498,NaN,0.9,0.0405545621268341,0.258064516129032,0.0247018207843103,0.33131887643056,0.33131887643056,NaN,0.5,400,178,756,756,426,330,328,70,100,70,10525,42,210,210,210,210,186,186,186,186,186,0,20
LIRCMOP8_BC,3,ref_y,387,186,1,0.62,186,0,0.002144185679545,0.00727115813360818,186,20,4,0.00967188393739275,17.2043010752688,0.234061903668445,0.78648741377348,0,20,0,20,7,0.10752688172043,0.0281422376232167,0.302577128633974,0,0.31468755597204,NaN,0.9,0.0284806944340198,0.225806451612903,0.0303543085012058,0.314757003833938,0.314757003833938,NaN,0.35,400,186,772,772,431,341,335,68,100,68,10983,51,204,204,204,204,186,186,186,186,186,0,20
LIRCMOP8_BC,3,ref_y,388,185,1,0.62,185,0,0.00166199547654236,0.0061167545776179,185,20,4,0.00961988456138526,17.2972972972973,0.224646257759893,0.78648741377348,0,20,0,20,12,0.108108108108108,0.0591209845032495,0.43137586864303,0,0.433452546127317,NaN,0.9,0.0269567745908382,0.32258064516129,0.070739321714874,0.433788067233204,0.433788067233204,NaN,0.6,400,186,772,772,433,339,341,68,100,68,10731,56,204,204,204,204,185,185,185,185,185,0,20
LIRCMOP8_BC,3,ref_y,389,198,1,0.67,198,0,0.00171925103337371,0.00598622538046921,198,20,4,0.0102958764494826,16.1616161616162,0.205242334455731,0.47785963731921,0,20,0,20,9,0.101010101010101,0.0384064962475986,0.30640069497437,0,0.321727878890919,NaN,0.9,0.026796166660313,0.238805970149254,0.0393319165895178,0.321924542488181,0.321924542488181,NaN,0.45,400,185,770,770,429,341,341,73,100,73,11224,54,219,219,219,219,198,198,198,198,198,0,20
LIRCMOP8_BC,3,ref_y,390,184,1,0.62,184,0,0.00166490467086199,0.00592198487812882,184,20,4,0.00956788518537778,17.3913043478261,0.224646257759893,0.754431670872524,0,20,0,20,11,0.108695652173913,0.0417602292243529,0.424548666579717,0,0.426974515198242,NaN,0.85,0.0237443874380268,0.306451612903226,0.0507412776756869,0.428723975695565,0.428723975695565,NaN,0.55,400,198,796,796,441,355,332,68,100,68,11711,60,204,204,204,204,184,184,184,184,184,0,20
LIRCMOP8_BC,3,ref_y,391,189,1,0.65,189,0,0.00208398522568241,0.00596309360114153,189,20,4,0.00982788206541521,16.9312169312169,0.227083057384447,0.78648741377348,0,20,0,20,20,0.105820105820106,0.291459677839838,0.425894978496185,0,0.431463716466369,NaN,0.85,0.0166660066843176,0.384615384615385,0.32793222582836,0.443799492790717,0.443799492790717,NaN,1,400,184,768,768,424,344,316,71,100,71,9782,30,213,213,213,213,189,189,189,189,189,0,20
LIRCMOP8_BC,3,ref_y,392,188,1,0.63,188,0,0.00165740070020155,0.00462076283241099,188,20,4,0.00977588268940773,17.0212765957447,0.230226955812214,0.78648741377348,0,20,0,20,16,0.106382978723404,0.251893957326432,0.39864626155199,0,0.411196951378911,NaN,0.85,0.02293406915012,0.349206349206349,0.283820653461711,0.4254761097473,0.4254761097473,NaN,0.8,400,189,778,778,414,364,336,68,100,68,11225,45,204,204,204,204,188,188,188,188,188,0,20
LIRCMOP8_BC,3,ref_y,393,198,1,0.66,198,0,0.00162276268309148,0.00442113971346335,198,20,4,0.0102958764494826,16.1616161616162,0.247573980841247,1.26634617764832,0,20,0,20,16,0.101010101010101,0.1756889725576,0.402656631780469,0,0.402656631780469,NaN,0.9,0.0313821628129514,0.363636363636364,0.199177080371467,0.423731928666518,0.423731928666518,NaN,0.8,400,188,776,776,410,366,319,70,100,70,10565,54,210,210,210,210,198,198,198,198,198,0,20
LIRCMOP8_BC,3,ref_y,394,183,1,0.61,183,0,0.00210743219831154,0.00516496109464353,183,20,4,0.00951588580937029,17.4863387978142,0.24624128850915,1.26849961978172,0,20,0,20,16,0.109289617486339,0.156324174757005,0.361848096739143,0,0.378651884634353,NaN,0.9,0.0233039018367593,0.377049180327869,0.176363847281125,0.389479612282034,0.389479612282034,NaN,0.8,400,198,796,796,422,374,316,68,100,68,11043,55,204,204,204,204,183,183,183,183,183,0,20
LIRCMOP8_BC,3,ref_y,395,189,1,0.63,189,0,0.00173941359736504,0.00486625536706865,189,20,4,0.00982788206541521,16.9312169312169,0.230226955812214,1.00509035781533,0,20,0,20,10,0.105820105820106,0.0450962321292567,0.329897654339035,0,0.357856726453567,NaN,0.95,0.0292299745996961,0.26984126984127,0.056250635672233,0.361965814072736,0.361965814072736,NaN,0.5,400,183,766,766,395,371,324,69,100,69,12560,29,207,207,207,207,189,189,189,189,189,0,20
LIRCMOP8_BC,3,ref_y,396,193,1,0.65,193,0,0.00208759274545816,0.00595898246151483,193,20,4,0.0100358795694452,16.580310880829,0.24624128850915,1.26634617764832,0,20,0,20,18,0.103626943005181,0.22969310902825,0.403155223305367,0,0.41755541416526,NaN,0.95,0.0322947876125319,0.415384615384615,0.256506789013341,0.430347142205575,0.430347142205575,NaN,0.9,400,189,778,778,396,382,323,69,100,69,11105,47,207,207,207,207,193,193,193,193,193,0,20
LIRCMOP8_BC,3,ref_y,397,195,1,0.65,195,0,0.00186257551522311,0.00639233903968306,195,20,4,0.0101398783214601,16.4102564102564,0.227083057384447,0.75989535515516,0,20,0,20,9,0.102564102564103,0.0381007767054279,0.340980425502718,0,0.362420706810659,NaN,0.95,0.031315745964571,0.246153846153846,0.0514892144660552,0.370756387660405,0.370756387660405,NaN,0.45,400,193,786,786,410,376,326,69,100,69,12695,39,207,207,207,207,195,195,195,195,195,0,20
LIRCMOP8_BC,3,ref_y,398,189,1,0.63,189,0,0.00227091950129601,0.00634278239885474,189,20,4,0.00982788206541521,16.9312169312169,0.236519086073064,1.26634617764832,0,20,0,20,18,0.105820105820106,0.279314391319109,0.365477538662744,0,0.376047400334007,NaN,0.95,0.0362643947093468,0.349206349206349,0.309322572313621,0.384698309344385,0.384698309344385,NaN,0.9,400,195,790,790,407,383,305,69,100,69,11059,25,207,207,207,207,189,189,189,189,189,0,20
LIRCMOP8_BC,3,ref_y,399,180,1,0.6,180,0,0.00148993345370412,0.00472014002466736,180,20,4,0.00935988768134782,17.7777777777778,0.247573980841247,1.20445528620436,0,20,0,20,16,0.111111111111111,0.028505671418097,0.375660512810061,0,0.39688499662417,NaN,0.85,0.0323690434160205,0.316666666666667,0.0347469694446095,0.397137115068838,0.397137115068838,NaN,0.8,400,189,778,778,404,374,325,66,100,66,13564,30,195,195,195,195,180,180,180,180,180,0,20
LIRCMOP8_BC,3,ref_y,400,180,1,0.6,180,0,0.00175308927863528,0.00494078511046465,180,20,4,0.00935988768134782,17.7777777777778,0.228655006598331,1.24271290855032,0,20,0,20,15,0.111111111111111,0.242900659644645,0.394708064534138,0,0.414651026339595,NaN,0.75,0.0161425679228603,0.366666666666667,0.266183983480941,0.419395821537069,0.419395821537069,NaN,0.75,400,180,760,760,397,363,311,67,100,67,11467,12,200,200,200,200,180,180,180,180,180,0,20
LIRCMOP8_BC,3,ref_y,401,186,1,0.62,186,0,0.0021459956817355,0.00584752338558928,186,20,4,0.00967188393739275,17.2043010752688,0.22515039317927,1.26634617764832,0,20,0,20,20,0.10752688172043,0.350199725399057,0.401660710648502,0,0.425750994961624,NaN,0.9,0.0184271103774396,0.403225806451613,0.379433211527939,0.434030375278642,0.434030375278642,NaN,1,400,180,760,760,389,371,322,67,100,67,11414,11,201,201,201,201,186,186,186,186,186,0,20
LIRCMOP8_BC,3,ref_y,402,198,1,0.66,198,0,0.00188580942793674,0.00631774595517116,198,20,4,0.0102958764494826,16.1616161616162,0.205598320649883,1.21907963945231,0,20,0,20,16,0.101010101010101,0.203842895999703,0.44612687987373,0,0.481092585291831,NaN,0.7,0.0179648209938548,0.378787878787879,0.22640937803232,0.481286753401813,0.481286753401813,NaN,0.8,400,186,772,772,395,377,323,73,100,73,12782,8,219,219,219,219,198,198,198,198,198,0,20
LIRCMOP8_BC,3,ref_y,403,183,1,0.61,183,0,0.00175407093573569,0.00676110012393574,183,20,4,0.00951588580937029,17.4863387978142,0.220073830546327,1.22853294709151,0,20,0,20,15,0.109289617486339,0.294827593849988,0.416237970146862,0,0.440400049117113,NaN,0.7,0.00982557252981864,0.377049180327869,0.323848646238914,0.448562138362968,0.448562138362968,NaN,0.75,400,198,796,796,401,395,317,68,100,68,12591,4,204,204,204,201,183,183,183,183,183,0,20
LIRCMOP8_BC,3,ref_y,404,183,1,0.61,183,0,0.00167616596928284,0.00584271399322246,183,20,4,0.00951588580937029,17.4863387978142,0.220073830546327,1.22853294709151,0,20,0,20,13,0.109289617486339,0.116874305840487,0.393644605217565,0,0.426284305577745,NaN,0.7,0.0100064462619414,0.295081967213115,0.139667598289752,0.426438200165264,0.426438200165264,NaN,0.65,400,183,766,766,388,378,298,67,100,67,11175,22,200,200,200,200,183,183,183,183,183,0,20
LIRCMOP8_BC,3,ref_y,405,192,1,0.64,192,0,0.00181284868079138,0.00645725495599734,192,20,4,0.00998388019343768,16.6666666666667,0.226222935360394,1.26634617764832,0,20,0,20,18,0.104166666666667,0.248779606673798,0.41493013305446,0,0.445954922853102,NaN,0.75,0.017691852658395,0.40625,0.274695219412225,0.448138654116498,0.448138654116498,NaN,0.9,400,183,766,766,401,365,321,69,100,69,10975,0,207,207,207,207,192,192,192,192,192,0,20
LIRCMOP8_BC,3,ref_y,406,186,1,0.62,186,0,0.00179926077630069,0.00655201800718877,186,20,4,0.00967188393739275,17.2043010752688,0.231299497993337,1.26634617764832,0,20,0,20,12,0.10752688172043,0.0333941398337883,0.404439812104034,0,0.432255286940901,NaN,0.75,0.010147984997193,0.306451612903226,0.0384426295946588,0.432501985069054,0.432501985069054,NaN,0.6,400,192,784,784,400,384,325,67,100,67,13346,14,200,200,200,200,186,186,186,186,186,0,20
LIRCMOP8_BC,3,ref_y,407,192,1,0.64,192,0,0.00194455405593696,0.00655192894665742,192,20,4,0.00998388019343768,16.6666666666667,0.231299497993337,1.00509035781533,0,20,0,20,11,0.104166666666667,0.0340500970315072,0.414128857493488,0,0.442174012962512,NaN,0.75,0.0162014012893515,0.265625,0.041769133307861,0.442491286492962,0.442491286492962,NaN,0.55,400,186,772,772,396,376,323,70,100,70,12194,43,206,206,206,206,192,192,192,192,192,0,20
LIRCMOP8_BC,3,ref_y,408,195,1,0.65,195,0,0.00220204712880029,0.00652618847006033,195,20,4,0.0101398783214601,16.4102564102564,0.252769064844582,1.44957107679171,0,20,0,20,15,0.102564102564103,0.0900057778613786,0.405056434866722,0,0.436579220337297,NaN,0.75,0.0113193373147842,0.323076923076923,0.105626246763924,0.436676877126541,0.436676877126541,NaN,0.75,400,192,784,784,406,378,320,72,100,72,11323,5,216,216,216,216,195,195,195,195,195,0,20
LIRCMOP8_BC,3,ref_y,409,201,1,0.67,201,0,0.00174087240885288,0.00520707277287082,201,20,4,0.0104518745775051,15.9203980099502,0.236519086073064,1.26634617764832,0,20,0,20,15,0.0995024875621891,0.137357145547018,0.44461863738492,0,0.472140375290058,NaN,0.75,0.0241813675544816,0.313432835820896,0.155915049834889,0.478575184696367,0.478575184696367,NaN,0.75,400,195,790,790,399,391,322,73,100,73,12052,0,219,219,219,219,201,201,201,201,201,0,20
LIRCMOP8_BC,3,ref_y,410,189,1,0.63,189,0,0.00162394536558716,0.00604710305408465,189,20,4,0.00982788206541521,16.9312169312169,0.230226955812214,0.7983121605591,0,20,0,20,11,0.105820105820106,0.038247686435268,0.425455199474254,0,0.452615477211647,NaN,0.8,0.0211585138806631,0.26984126984127,0.0440791293524885,0.452919102316801,0.452919102316801,NaN,0.55,400,201,802,802,416,386,327,68,100,68,13026,0,204,204,204,204,189,189,189,189,189,0,20
LIRCMOP8_BC,3,ref_y,411,183,1,0.61,183,0,0.00163753299982538,0.0058000552006929,183,20,4,0.00951588580937029,17.4863387978142,0.210662666809222,0.767578716235949,0,20,0,20,11,0.109289617486339,0.0353897688131202,0.384902515161223,0,0.410894756885868,NaN,0.8,0.018297554033007,0.278688524590164,0.040258884544884,0.411103753234202,0.411103753234202,NaN,0.55,400,189,778,778,425,353,305,66,100,66,11245,40,195,195,195,195,183,183,183,183,183,0,20
LIRCMOP8_BC,3,ref_y,412,186,1,0.62,186,0,0.00167453720523223,0.0049049518866615,186,20,4,0.00967188393739275,17.2043010752688,0.245350478014643,0.7983121605591,0,20,0,20,9,0.10752688172043,0.0381906039511869,0.385421442980818,0,0.41832052119584,NaN,0.9,0.0147747931407995,0.225806451612903,0.0416692453137537,0.418328307581327,0.418328307581327,NaN,0.45,400,183,766,766,412,354,323,67,100,67,11144,13,201,201,201,201,186,186,186,186,186,0,20
LIRCMOP8_BC,3,ref_y,413,175,1,0.59,175,0,0.00192353347468679,0.00591250378754378,175,20,4,0.00909989080131038,18.2857142857143,0.236519086073064,0.7983121605591,0,20,0,20,10,0.114285714285714,0.0312340438708677,0.261001512144441,0,0.283631234144312,NaN,0.9,0.0222931322224388,0.254237288135593,0.0404388621777716,0.28364970957057,0.28364970957057,NaN,0.5,400,186,772,772,419,353,319,65,100,65,11884,43,193,193,193,193,175,175,175,175,175,0,20
LIRCMOP8_BC,3,ref_y,414,182,1,0.61,182,0,0.00155899646020806,0.00535518267987344,182,20,4,0.0094638864333628,17.5824175824176,0.268097908068338,1.17969892962677,0,20,0,20,10,0.10989010989011,0.0493509460160043,0.265888565445294,0,0.287472938496711,NaN,0.75,0.0183580928766304,0.180327868852459,0.0557366404712969,0.287593393100331,0.287593393100331,NaN,0.5,400,175,750,750,397,353,291,65,100,65,10293,39,193,193,193,193,182,182,182,182,182,0,20
LIRCMOP8_BC,3,ref_y,415,159,1,0.53,159,0,0.00179451006713652,0.00589574405886142,159,20,4,0.00826790078519058,20.125786163522,0.252769064844582,0.75989535515516,0,20,0,20,7,0.125786163522013,0.0331860720766734,0.25907258702675,0,0.281227238478594,NaN,0.7,0.00419677530084417,0.226415094339623,0.0393967720760302,0.281254353459886,0.281254353459886,NaN,0.35,400,182,764,764,408,356,315,58,100,58,13383,5,170,170,170,170,159,159,159,159,159,0,20
LIRCMOP8_BC,3,ref_y,416,177,1,0.59,177,0,0.00157283932371353,0.00512294813587936,177,20,4,0.00920388955332536,18.0790960451977,0.237931891184704,1.42210091440843,0,20,0,20,11,0.112994350282486,0.053651845288846,0.33030567476098,0,0.35676135855708,NaN,0.9,0.0275996589390436,0.271186440677966,0.0614938650674016,0.356935248333366,0.356935248333366,NaN,0.55,400,159,718,718,392,326,279,63,100,63,9368,2,189,189,189,189,177,177,177,177,177,0,20
LIRCMOP8_BC,3,ref_y,417,171,1,0.57,171,0,0.00139810849281868,0.00496751259264651,171,20,4,0.00889189329728043,18.7134502923977,0.283301574509108,1.2771133883153,0,20,0,20,10,0.116959064327485,0.0516467752626747,0.406792917360752,0,0.437124613203979,NaN,0.85,0.0253712935398622,0.280701754385965,0.0580812451327175,0.437221631758033,0.437221631758033,NaN,0.5,400,177,754,754,403,351,285,62,100,62,10933,8,186,186,186,186,171,171,171,171,171,0,20
LIRCMOP8_BC,3,ref_y,418,168,1,0.56,168,0,0.00154925335369165,0.00547851666250114,168,20,4,0.00873589516925797,19.047619047619,0.234445563123762,0.75382459484112,0,20,0,20,10,0.119047619047619,0.0473557086250761,0.27514419374983,0,0.296488775195028,NaN,0.85,0.0306620589904116,0.303571428571429,0.0584549704118148,0.296618460888871,0.296618460888871,NaN,0.5,400,171,742,742,393,349,281,61,100,61,11399,16,178,178,178,178,168,168,168,168,168,0,20
LIRCMOP8_BC,3,ref_y,419,171,1,0.57,171,0,0.00132050992192829,0.00469652641595793,171,20,4,0.00889189329728043,18.7134502923977,0.237931891184704,1.21907963945231,0,20,0,20,11,0.116959064327485,0.0481842160372025,0.404948858016632,0,0.433596345298197,NaN,0.85,0.0304674171103728,0.280701754385965,0.0588322599306969,0.433747899951228,0.433747899951228,NaN,0.55,400,168,736,736,383,353,287,62,100,62,10649,29,183,183,183,183,171,171,171,171,171,0,20
LIRCMOP8_BC,3,ref_y,420,189,1,0.63,189,0,0.00161990464040919,0.00473662398407816,189,20,4,0.00982788206541521,16.9312169312169,0.236587755479315,1.26634617764832,0,20,0,20,12,0.105820105820106,0.053207655490774,0.393297570811353,0,0.419248083006829,NaN,0.6,0.0127180266841683,0.238095238095238,0.0697459513343831,0.419398998905825,0.419398998905825,NaN,0.6,400,171,742,742,385,357,295,68,100,68,10746,18,201,201,201,201,189,189,189,189,189,0,20
LIRCMOP8_BC,3,ref_y,421,177,1,0.59,177,0,0.0013821133333491,0.00455276797081415,177,20,4,0.00920388955332536,18.0790960451977,0.236587755479315,0.789414647415505,0,20,0,20,12,0.112994350282486,0.0464328388216881,0.317201452597066,0,0.340756491988872,NaN,0.9,0.0156710165202688,0.220338983050847,0.0649581672515366,0.340882005443932,0.340882005443932,NaN,0.6,400,189,778,778,398,380,318,64,100,64,14189,17,186,186,186,186,177,177,177,177,177,0,20
LIRCMOP8_BC,3,ref_y,422,189,1,0.63,189,0,0.00179203239063879,0.00598545837831893,189,20,4,0.00982788206541521,16.9312169312169,0.298207373099836,1.26634617764832,0,20,0,20,16,0.105820105820106,0.0935325411936313,0.405762962334911,0,0.438905880152967,NaN,0.85,0.0191279119602298,0.253968253968254,0.109308849783196,0.439040409148162,0.439040409148162,NaN,0.8,400,177,754,754,407,347,286,69,100,69,9518,3,205,205,205,205,189,189,189,189,189,0,20
LIRCMOP8_BC,3,ref_y,423,192,1,0.64,192,0,0.00107001087810056,0.00312343398432997,192,20,4,0.00998388019343768,16.6666666666667,0.23725982333201,0.7983121605591,0,20,0,20,14,0.104166666666667,0.247055049467886,0.415964423677184,0,0.447243040059076,NaN,0.85,0.017091395646713,0.296875,0.268478080616941,0.447244321908904,0.447244321908904,NaN,0.7,400,189,778,778,422,356,316,71,100,71,10408,8,212,212,212,212,192,192,192,192,192,0,20
LIRCMOP8_BC,3,ref_y,424,168,1,0.56,168,0,0.00135196485603795,0.00379214480805924,168,20,4,0.00873589516925797,19.047619047619,0.239933200189585,1.26634617764832,0,20,0,20,8,0.119047619047619,0.0480989941222416,0.399032182611175,0,0.427033300713167,NaN,0.85,0.0219320079281352,0.232142857142857,0.0517779730408655,0.427114121923635,0.427114121923635,NaN,0.4,400,192,784,784,412,372,309,64,100,64,13482,4,192,192,192,192,168,168,168,168,168,0,20
LIRCMOP8_BC,3,ref_y,425,184,1,0.62,184,0,0.00142257534138938,0.00447312929699336,184,20,4,0.00956788518537778,17.3913043478261,0.237931891184704,1.28554633947666,0,18,2,20,13,0.108695652173913,0.064218304008934,0.411075468458532,0,0.439933499146468,NaN,0.85,0.0267029939608057,0.258064516129032,0.0658504284398933,0.439996042186779,0.44014972654344,0.0674901699862811,0.65,400,168,736,736,400,336,277,69,100,69,9224,17,202,202,202,202,184,184,184,184,184,0,20
LIRCMOP8_BC,3,ref_y,426,194,1,0.65,194,0,0.00146330204119139,0.00518411336172968,194,20,4,0.0100878789454527,16.4948453608247,0.283301574509108,1.26634617764832,0,20,0,20,14,0.103092783505155,0.0703079760968446,0.412766322330568,0,0.436738788653232,NaN,0.75,0.017237890503029,0.246153846153846,0.0717130722621961,0.436783499383873,0.436783499383873,NaN,0.7,400,184,768,768,411,357,323,70,100,70,11408,8,209,209,209,209,194,194,194,194,194,0,20
LIRCMOP8_BC,3,ref_y,427,194,1,0.65,194,0,0.00162827197462761,0.0055777963698998,194,20,4,0.0100878789454527,16.4948453608247,0.241934509194466,1.26634617764832,0,20,0,20,13,0.103092783505155,0.0758999387541184,0.410640157295956,0,0.434505271378077,NaN,0.55,0.00581975498297727,0.215384615384615,0.0784625635489726,0.434571510228452,0.434571510228452,NaN,0.65,400,194,788,788,431,357,333,70,100,70,11511,16,207,207,207,207,194,194,194,194,194,0,20
LIRCMOP8_BC,3,ref_y,428,150,1,0.5,150,0,0.00162526537238141,0.00490358343656975,150,20,4,0.00779990640112319,21.3333333333333,0.29843750704706,0.844863894707667,0,20,0,20,12,0.133333333333333,0.0532092373051095,0.205383757043343,0,0.223770105324183,NaN,0.55,0.00223185077469018,0.24,0.0682285823309507,0.223782168338945,0.223782168338945,NaN,0.6,400,194,788,788,415,373,322,56,100,56,15847,34,163,163,163,163,150,150,150,150,150,0,20
LIRCMOP8_BC,3,ref_y,429,186,1,0.62,186,0,0.00167414751465838,0.00495947468750459,186,20,4,0.00967188393739275,17.2043010752688,0.29843750704706,1.26634617764832,0,20,0,20,15,0.10752688172043,0.0825840736120659,0.218471909339645,0,0.238457508493312,NaN,0.4,-0.00541780373910505,0.225806451612903,0.0871463089127497,0.238574483435718,0.238574483435718,NaN,0.75,400,150,700,700,386,314,273,69,100,69,8274,2,207,207,207,207,186,186,186,186,186,0,20
LIRCMOP8_BC,3,ref_y,430,174,1,0.58,174,0,0.00198022847758701,0.00548360646794934,174,20,4,0.0090478914253029,18.3908045977011,0.328891701944744,0.933235738453772,0,20,0,20,12,0.114942528735632,0.0625727672267074,0.263184444974509,0,0.263530177875947,NaN,0.75,0.00866552074612392,0.258620689655172,0.0638131118089698,0.263611440635679,0.263611440635679,NaN,0.6,400,186,772,772,407,365,326,67,100,67,12775,9,196,196,196,196,174,174,174,174,174,0,20
LIRCMOP8_BC,3,ref_y,431,159,1,0.53,159,0,0.00146718447494922,0.00505700182187735,159,20,4,0.00826790078519058,20.125786163522,0.313573439585011,1.2771133883153,0,20,0,20,12,0.125786163522013,0.0551933935786679,0.292375631928314,0,0.292589891338001,NaN,0.9,0.0233023940078081,0.320754716981132,0.0559716143399762,0.292673948861095,0.292673948861095,NaN,0.6,400,174,748,748,393,355,306,63,100,63,12090,29,181,181,181,181,159,159,159,159,159,0,20
LIRCMOP8_BC,3,ref_y,432,177,1,0.6,177,0,0.00160779867152666,0.00461072660274344,177,20,4,0.00920388955332536,18.0790960451977,0.298207373099836,1.1294906956396,0,20,0,20,12,0.112994350282486,0.0613798398146971,0.354850413977481,0,0.355461977132882,NaN,0.85,0.0198317547244988,0.25,0.0629408149826725,0.355562353005255,0.355562353005255,NaN,0.6,400,159,718,718,403,315,294,68,100,68,9375,8,199,199,199,199,177,177,177,177,177,0,20
LIRCMOP8_BC,3,ref_y,433,192,1,0.64,192,0,0.00161868623147393,0.00477427714887678,192,20,4,0.00998388019343768,16.6666666666667,0.316001305037774,0.933235738453772,0,20,0,20,12,0.104166666666667,0.0680693634529413,0.311352594543136,0,0.312276277299897,NaN,0.75,0.0241406363160636,0.140625,0.0697059952675306,0.312305645589879,0.312305645589879,NaN,0.6,400,177,754,754,416,338,327,72,100,72,10536,18,214,214,214,214,192,192,192,192,192,0,20
LIRCMOP8_BC,3,ref_y,434,153,1,0.51,153,0,0.00178846162657575,0.00536365065455168,153,20,4,0.00795590452914565,20.9150326797386,0.276182519011689,0.674096470824746,0,20,0,20,10,0.130718954248366,0.0372776022799542,0.235264104664175,0,0.235548747975309,NaN,0.75,0.0248294865368426,0.313725490196078,0.0454228670701091,0.235561738016288,0.235561738016288,NaN,0.5,400,192,784,784,418,366,339,59,100,59,16138,7,173,173,173,173,153,153,153,153,153,0,20
LIRCMOP8_BC,3,ref_y,435,193,1,0.65,193,0,0.00158684109040074,0.00427700917230614,193,20,4,0.0100358795694452,16.580310880829,0.289707964774215,1.07719589915646,0,20,0,20,11,0.103626943005181,0.0577963106148379,0.14520843914786,0,0.145464574640734,NaN,0.7,0.0307194951289343,0.169230769230769,0.0622423328410112,0.145518258949092,0.145518258949092,NaN,0.55,400,153,706,706,391,315,295,70,100,70,8379,1,210,210,210,210,193,193,193,193,193,0,20
LIRCMOP8_BC,3,ref_y,436,159,1,0.53,159,0,0.00174327941862837,0.00469326394166089,159,20,4,0.00826790078519058,20.125786163522,0.276182519011689,0.65349757579054,0,20,0,20,8,0.125786163522013,0.0436399320874945,0.316781059767547,0,0.317721523894357,NaN,0.85,0.0248884780257942,0.245283018867925,0.0479743291839633,0.317828343433887,0.317828343433887,NaN,0.4,400,193,786,786,421,365,327,58,100,58,14286,1,173,173,173,173,159,159,159,159,159,0,20
LIRCMOP8_BC,3,ref_y,437,147,1,0.49,147,0,0.0016107556728768,0.00444396201837817,147,20,4,0.00764390827310072,21.7687074829932,0.283301574509108,0.634267531939793,0,20,0,20,10,0.136054421768707,0.0419389794935533,0.441060610079009,0,0.44127775066333,NaN,0.9,0.031692162643297,0.326530612244898,0.0457742723532425,0.441415931040358,0.441415931040358,NaN,0.5,400,159,718,718,403,315,295,57,100,57,10221,0,171,171,171,171,147,147,147,147,147,0,20
LIRCMOP8_BC,3,ref_y,438,152,1,0.51,152,0,0.00174761081823663,0.00514173571128774,152,20,4,0.00790390515313816,21.0526315789474,0.276662473145461,0.521398651243956,0,20,0,20,11,0.131578947368421,0.0371709010948301,0.158674468307367,0,0.158924559174042,NaN,0.95,0.0365367039478899,0.254901960784314,0.0435900178307739,0.159040380141586,0.159040380141586,NaN,0.55,400,147,694,694,378,316,286,55,100,55,10533,0,165,165,165,165,152,152,152,152,152,0,20
LIRCMOP8_BC,3,ref_y,439,180,1,0.6,180,0,0.00181820382457591,0.00548734976647213,180,20,4,0.00935988768134782,17.7777777777778,0.279982023827285,0.523451460584351,0,20,0,20,11,0.111111111111111,0.0590627676949829,0.381617247736678,0,0.381909507836989,NaN,0.9,0.0633931207285409,0.183333333333333,0.0622686232898135,0.381926419165137,0.381926419165137,NaN,0.55,400,152,704,704,378,326,254,64,100,64,8341,0,192,192,192,192,180,180,180,180,180,0,20
LIRCMOP8_BC,3,ref_y,440,174,1,0.58,174,0,0.00197859594637476,0.00612311429980397,174,20,4,0.0090478914253029,18.3908045977011,0.284735726516339,0.570030774873953,0,20,0,20,7,0.114942528735632,0.0492718659202004,0.281077870177528,0,0.28166396154921,NaN,0.85,0.0620921211971579,0.172413793103448,0.0545388034550157,0.281685487377318,0.281685487377318,NaN,0.35,400,180,760,760,408,352,297,62,100,62,11316,0,186,186,186,186,174,174,174,174,174,0,20
LIRCMOP8_BC,3,ref_y,441,159,1,0.53,159,0,0.00171223595127886,0.00529335809153887,159,20,4,0.00826790078519058,20.125786163522,0.283301574509108,0.834624649696053,0,20,0,20,9,0.125786163522013,0.0504657516144749,0.386212853057088,0,0.386747517956676,NaN,0.85,0.0444087589361967,0.226415094339623,0.0556301414306288,0.386838811072739,0.386838811072739,NaN,0.45,400,174,748,748,401,347,307,60,100,60,11391,0,180,180,180,180,159,159,159,159,159,0,20
LIRCMOP8_BC,3,ref_y,442,164,1,0.56,164,0,0.00173608701477552,0.00559985573617158,164,20,4,0.00852789766522802,19.5121951219512,0.286504769641661,0.578445172207078,0,20,0,20,12,0.121951219512195,0.0623283082747288,0.257020519041873,0,0.258498261297434,NaN,0.7,0.0112102527353646,0.267857142857143,0.0673740927305511,0.258693715559589,0.258693715559589,NaN,0.6,400,159,718,718,380,338,282,60,100,60,10270,1,180,180,180,180,164,164,164,164,164,0,20
LIRCMOP8_BC,3,ref_y,443,174,1,0.59,174,0,0.00189488835034926,0.00613385453125472,174,20,4,0.0090478914253029,18.3908045977011,0.283301574509108,0.523451460584351,0,20,0,20,7,0.114942528735632,0.0449828221756284,0.36289471331138,0,0.368103514501364,NaN,0.9,0.0209878362073163,0.186440677966102,0.0587108328370689,0.36822699918445,0.36822699918445,NaN,0.35,400,164,728,728,376,352,301,62,100,62,10823,1,186,186,186,186,174,174,174,174,174,0,20
LIRCMOP8_BC,3,ref_y,444,171,1,0.57,171,0,0.00168681818340192,0.00529109645079624,171,20,4,0.00889189329728043,18.7134502923977,0.273964109545562,0.661971549778652,0,20,0,20,6,0.116959064327485,0.0425192535433038,0.227753207773653,0,0.246799868286596,NaN,1,0.0210487075409456,0.210526315789474,0.0541560748381859,0.247070246234647,0.247070246234647,NaN,0.3,400,174,748,748,389,359,314,61,100,61,12185,0,183,183,183,183,171,171,171,171,171,0,20
LIRCMOP8_BC,3,ref_y,445,197,1,0.66,197,0,0.00174918847989985,0.00490037124086456,197,20,4,0.0102438770734751,16.243654822335,0.289707964774215,0.9202623244072,0,20,0,20,11,0.101522842639594,0.0565559531042819,0.201609671199903,0,0.203837406116508,NaN,0.95,0.0388491114716843,0.196969696969697,0.0628012568085161,0.204092868395075,0.204092868395075,NaN,0.55,400,171,742,742,394,348,303,70,100,70,9920,0,210,210,210,210,197,197,197,197,197,0,20
LIRCMOP8_BC,3,ref_y,446,190,1,0.64,190,0,0.00170772489121602,0.00519026104690733,190,20,4,0.0098798814414227,16.8421052631579,0.289707964774215,0.887685301790716,0,20,0,20,12,0.105263157894737,0.0570995548681341,0.230771724341827,0,0.249507211629477,NaN,0.9,0.0311076034576485,0.1875,0.0635907605188468,0.249767125033001,0.249767125033001,NaN,0.6,400,197,794,794,415,379,336,65,100,65,12841,0,195,195,195,195,190,190,190,190,190,0,20
LIRCMOP8_BC,3,ref_y,447,192,1,0.64,192,0,0.00214067989568898,0.00651934082488391,192,20,4,0.00998388019343768,16.6666666666667,0.293085851338568,0.887685301790716,0,20,0,20,15,0.104166666666667,0.0547666716360175,0.113891474995872,0,0.14956738910756,NaN,0.95,0.0438485650564945,0.25,0.0659596045171456,0.149791345721079,0.149791345721079,NaN,0.75,400,190,780,780,413,367,331,65,100,65,12316,0,195,195,195,195,192,192,192,192,192,0,20
LIRCMOP8_BC,3,ref_y,448,188,1,0.63,188,0,0.00168336133673609,0.00485636530720103,188,20,4,0.00977588268940773,17.0212765957447,0.289707964774215,0.887685301790716,0,20,0,20,10,0.106382978723404,0.0577457651263201,0.16816059241777,0,0.172968376899484,NaN,1,0.0426196741481029,0.19047619047619,0.0596652168060925,0.173097859069316,0.173097859069316,NaN,0.5,400,192,784,784,425,359,345,65,100,65,11843,0,195,195,195,195,188,188,188,188,188,0,20
LIRCMOP8_BC,3,ref_y,449,222,1,0.74,222,0,0.00165400171964139,0.00389765205861264,222,20,4,0.0115438614736623,14.4144144144144,0.28472145958083,1.26634617764832,0,20,0,20,11,0.0900900900900901,0.0595378551826284,0.343519705267538,0,0.345000405699234,NaN,0.9,0.0308853178744779,0.22972972972973,0.0643398486035882,0.345091301704667,0.345091301704667,NaN,0.55,400,188,776,776,429,347,305,76,100,76,9675,0,228,228,228,228,222,222,222,222,222,0,20
LIRCMOP8_BC,3,ref_y,450,204,1,0.68,204,0,0.00197222613128836,0.00522383405271553,204,20,4,0.0106078727055275,15.6862745098039,0.283301574509108,0.887685301790716,0,20,0,20,10,0.0980392156862745,0.0572487786370172,0.143569914473184,0,0.14891893946461,NaN,0.9,0.0332936751582974,0.161764705882353,0.0600567819327546,0.149201639457071,0.149201639457071,NaN,0.5,400,222,844,844,452,392,345,71,100,71,13321,0,213,213,213,213,204,204,204,204,204,0,20
LIRCMOP8_BC,3,ref_y,451,159,1,0.53,159,0,0.00149736308681122,0.00427512024113396,159,20,4,0.00826790078519058,20.125786163522,0.296463737902921,0.834624649696053,0,20,0,20,7,0.125786163522013,0.0436749945582451,0.185497098577791,0,0.187234565770087,NaN,0.95,0.0404839011283714,0.188679245283019,0.0469936693347868,0.18754862469541,0.18754862469541,NaN,0.35,400,204,808,808,433,375,334,60,100,60,14738,0,180,180,180,180,159,159,159,159,159,0,20
LIRCMOP8_BC,3,ref_y,452,195,1,0.66,195,0,0.00230386667860054,0.00684346286541619,195,20,4,0.0101398783214601,16.4102564102564,0.283301574509108,0.91173050536658,0,20,0,20,5,0.102564102564103,0.0498790926652544,0.116323513206895,0,0.121112718277938,NaN,0.95,0.024816880247618,0.121212121212121,0.0545342620144766,0.121409712636152,0.121409712636152,NaN,0.25,400,159,718,718,397,321,290,68,100,68,8824,0,204,204,204,204,195,195,195,195,195,0,20
LIRCMOP8_BC,3,ref_y,453,189,1,0.63,189,0,0.00219199984791902,0.00619531366798784,189,20,4,0.00982788206541521,16.9312169312169,0.318396377323321,0.811826923131407,0,20,0,20,6,0.105820105820106,0.0435694725156042,0.241561038757254,0,0.244578441422027,NaN,0.9,0.0484130976826743,0.158730158730159,0.0485734114958344,0.244761309526154,0.244761309526154,NaN,0.3,400,195,790,790,417,373,314,67,100,67,11712,0,201,201,201,201,189,189,189,189,189,0,20
LIRCMOP8_BC,3,ref_y,454,206,1,0.69,206,0,0.00207180641366921,0.00607038001000306,206,20,4,0.0107118714575425,15.5339805825243,0.286504769641661,0.649759681020201,0,20,0,20,6,0.0970873786407767,0.0426597595332892,0.218453929194565,0,0.222186710271526,NaN,0.8,0.0363958428997612,0.130434782608696,0.054277330459385,0.222323698570699,0.222323698570699,NaN,0.3,400,189,778,778,402,376,305,72,100,72,10845,0,216,216,216,216,206,206,206,206,206,0,20
LIRCMOP8_BC,3,ref_y,455,210,1,0.7,210,0,0.00147150823315558,0.00367215856702226,210,20,4,0.0109198689615725,15.2380952380952,0.293085851338568,0.786851027572616,0,20,0,20,11,0.0952380952380952,0.0730214998169383,0.308048717011902,0,0.310127071616131,NaN,0.9,0.0685058049809465,0.271428571428571,0.0750977840114004,0.310279413457494,0.310279413457494,NaN,0.55,400,206,812,812,436,376,334,74,100,74,11504,3,222,222,222,222,210,210,210,210,210,0,20
LIRCMOP8_BC,3,ref_y,456,162,1,0.54,162,0,0.00181637568829368,0.00588888997050268,162,20,4,0.00842389891321304,19.7530864197531,0.271038871746461,0.649759681020201,0,20,0,20,8,0.123456790123457,0.0481922139166083,0.29102984049351,0,0.293142077731847,NaN,0.8,0.0230654585768623,0.222222222222222,0.0526164306002879,0.293350379982368,0.293350379982368,NaN,0.4,400,210,820,820,432,388,346,61,100,61,16228,0,183,183,183,183,162,162,162,162,162,0,20
