problem,run,condition_mode,gen,bmem_count,boundary_count,bmem_ref_coverage,finite_gap_count,inf_gap_count,median_gap,max_gap,train_count,query_count,condition_dim,train_param_ratio,gan_sample_reuse,train_pair_dec_dist50,train_pair_dec_dist90,train_tau_iqr,missing_ref_query_count,large_gap_query_count,raw_generated_count,feasible_generated_count,generated_per_train,boundary_dist50,boundary_dist90,query_width90,segment_width90,segment_width90_ratio,side_rate,pair_margin50,ref_cover,query_obj_dist50,query_obj_dist90,missing_ref_query_obj_dist90,large_gap_query_obj_dist90,feasible_rate,boundary_sample_current_count,boundary_sample_prev_pair_count,boundary_sample_merged_count,boundary_sample_finite_count,boundary_feasible_count,boundary_infeasible_count,boundary_main_feasible_count,boundary_ref_with_main_feasible_count,boundary_ref_with_neighbor_infeasible_count,boundary_ref_pairable_count,boundary_pair_distance_count,boundary_pair_dominated_skip_count,boundary_pair_appended_count,boundary_candidate_raw_count,boundary_candidate_finite_count,boundary_candidate_pareto_count,boundary_candidate_gap_count,boundary_candidate_dedup_count,boundary_candidate_final_count,dataset_bmem_input_count,dataset_valid_train_count,dataset_invalid_train_count,dataset_query_count
LIRCMOP8_BC,2,ref_y,1,0,0,NaN,0,0,NaN,NaN,0,0,4,0,NaN,NaN,NaN,NaN,0,0,0,0,NaN,NaN,NaN,NaN,NaN,NaN,NaN,NaN,NaN,NaN,NaN,NaN,NaN,NaN,400,0,400,400,400,0,9,8,0,0,0,0,0,0,0,0,0,0,0,0,0,0,0
LIRCMOP8_BC,2,ref_y,2,0,0,NaN,0,0,NaN,NaN,0,0,4,0,NaN,NaN,NaN,NaN,0,0,0,0,NaN,NaN,NaN,NaN,NaN,NaN,NaN,NaN,NaN,NaN,NaN,NaN,NaN,NaN,400,0,400,400,400,0,14,10,0,0,0,0,0,0,0,0,0,0,0,0,0,0,0
LIRCMOP8_BC,2,ref_y,3,0,0,NaN,0,0,NaN,NaN,0,0,4,0,NaN,NaN,NaN,NaN,0,0,0,0,NaN,NaN,NaN,NaN,NaN,NaN,NaN,NaN,NaN,NaN,NaN,NaN,NaN,NaN,400,0,400,400,400,0,13,9,0,0,0,0,0,0,0,0,0,0,0,0,0,0,0
LIRCMOP8_BC,2,ref_y,4,0,0,NaN,0,0,NaN,NaN,0,0,4,0,NaN,NaN,NaN,NaN,0,0,0,0,NaN,NaN,NaN,NaN,NaN,NaN,NaN,NaN,NaN,NaN,NaN,NaN,NaN,NaN,400,0,400,400,400,0,14,10,0,0,0,0,0,0,0,0,0,0,0,0,0,0,0
LIRCMOP8_BC,2,ref_y,5,0,0,NaN,0,0,NaN,NaN,0,0,4,0,NaN,NaN,NaN,NaN,0,0,0,0,NaN,NaN,NaN,NaN,NaN,NaN,NaN,NaN,NaN,NaN,NaN,NaN,NaN,NaN,400,0,400,400,400,0,25,14,0,0,0,0,0,0,0,0,0,0,0,0,0,0,0
LIRCMOP8_BC,2,ref_y,6,0,0,NaN,0,0,NaN,NaN,0,0,4,0,NaN,NaN,NaN,NaN,0,0,0,0,NaN,NaN,NaN,NaN,NaN,NaN,NaN,NaN,NaN,NaN,NaN,NaN,NaN,NaN,400,0,400,400,400,0,23,16,0,0,0,0,0,0,0,0,0,0,0,0,0,0,0
LIRCMOP8_BC,2,ref_y,7,0,0,NaN,0,0,NaN,NaN,0,0,4,0,NaN,NaN,NaN,NaN,0,0,0,0,NaN,NaN,NaN,NaN,NaN,NaN,NaN,NaN,NaN,NaN,NaN,NaN,NaN,NaN,400,0,400,400,400,0,21,17,0,0,0,0,0,0,0,0,0,0,0,0,0,0,0
LIRCMOP8_BC,2,ref_y,8,0,0,NaN,0,0,NaN,NaN,0,0,4,0,NaN,NaN,NaN,NaN,0,0,0,0,NaN,NaN,NaN,NaN,NaN,NaN,NaN,NaN,NaN,NaN,NaN,NaN,NaN,NaN,400,0,400,400,400,0,41,22,0,0,0,0,0,0,0,0,0,0,0,0,0,0,0
LIRCMOP8_BC,2,ref_y,9,0,0,NaN,0,0,NaN,NaN,0,0,4,0,NaN,NaN,NaN,NaN,0,0,0,0,NaN,NaN,NaN,NaN,NaN,NaN,NaN,NaN,NaN,NaN,NaN,NaN,NaN,NaN,400,0,400,400,400,0,20,16,0,0,0,0,0,0,0,0,0,0,0,0,0,0,0
LIRCMOP8_BC,2,ref_y,10,0,0,NaN,0,0,NaN,NaN,0,0,4,0,NaN,NaN,NaN,NaN,0,0,0,0,NaN,NaN,NaN,NaN,NaN,NaN,NaN,NaN,NaN,NaN,NaN,NaN,NaN,NaN,400,0,400,400,400,0,32,23,0,0,0,0,0,0,0,0,0,0,0,0,0,0,0
LIRCMOP8_BC,2,ref_y,11,0,0,NaN,0,0,NaN,NaN,0,0,4,0,NaN,NaN,NaN,NaN,0,0,0,0,NaN,NaN,NaN,NaN,NaN,NaN,NaN,NaN,NaN,NaN,NaN,NaN,NaN,NaN,400,0,400,400,400,0,49,26,0,0,0,0,0,0,0,0,0,0,0,0,0,0,0
LIRCMOP8_BC,2,ref_y,12,0,0,NaN,0,0,NaN,NaN,0,0,4,0,NaN,NaN,NaN,NaN,0,0,0,0,NaN,NaN,NaN,NaN,NaN,NaN,NaN,NaN,NaN,NaN,NaN,NaN,NaN,NaN,400,0,400,400,400,0,69,28,0,0,0,0,0,0,0,0,0,0,0,0,0,0,0
LIRCMOP8_BC,2,ref_y,13,0,0,NaN,0,0,NaN,NaN,0,0,4,0,NaN,NaN,NaN,NaN,0,0,0,0,NaN,NaN,NaN,NaN,NaN,NaN,NaN,NaN,NaN,NaN,NaN,NaN,NaN,NaN,400,0,400,400,400,0,90,36,0,0,0,0,0,0,0,0,0,0,0,0,0,0,0
LIRCMOP8_BC,2,ref_y,14,0,0,NaN,0,0,NaN,NaN,0,0,4,0,NaN,NaN,NaN,NaN,0,0,0,0,NaN,NaN,NaN,NaN,NaN,NaN,NaN,NaN,NaN,NaN,NaN,NaN,NaN,NaN,400,0,400,400,400,0,116,38,0,0,0,0,0,0,0,0,0,0,0,0,0,0,0
LIRCMOP8_BC,2,ref_y,15,0,0,NaN,0,0,NaN,NaN,0,0,4,0,NaN,NaN,NaN,NaN,0,0,0,0,NaN,NaN,NaN,NaN,NaN,NaN,NaN,NaN,NaN,NaN,NaN,NaN,NaN,NaN,400,0,400,400,400,0,74,44,0,0,0,0,0,0,0,0,0,0,0,0,0,0,0
LIRCMOP8_BC,2,ref_y,16,0,0,NaN,0,0,NaN,NaN,0,0,4,0,NaN,NaN,NaN,NaN,0,0,0,0,NaN,NaN,NaN,NaN,NaN,NaN,NaN,NaN,NaN,NaN,NaN,NaN,NaN,NaN,400,0,400,400,400,0,106,50,0,0,0,0,0,0,0,0,0,0,0,0,0,0,0
LIRCMOP8_BC,2,ref_y,17,0,0,NaN,0,0,NaN,NaN,0,0,4,0,NaN,NaN,NaN,NaN,0,0,0,0,NaN,NaN,NaN,NaN,NaN,NaN,NaN,NaN,NaN,NaN,NaN,NaN,NaN,NaN,400,0,400,400,400,0,147,49,0,0,0,0,0,0,0,0,0,0,0,0,0,0,0
LIRCMOP8_BC,2,ref_y,18,0,0,NaN,0,0,NaN,NaN,0,0,4,0,NaN,NaN,NaN,NaN,0,0,0,0,NaN,NaN,NaN,NaN,NaN,NaN,NaN,NaN,NaN,NaN,NaN,NaN,NaN,NaN,400,0,400,400,400,0,126,46,0,0,0,0,0,0,0,0,0,0,0,0,0,0,0
LIRCMOP8_BC,2,ref_y,19,0,0,NaN,0,0,NaN,NaN,0,0,4,0,NaN,NaN,NaN,NaN,0,0,0,0,NaN,NaN,NaN,NaN,NaN,NaN,NaN,NaN,NaN,NaN,NaN,NaN,NaN,NaN,400,0,400,400,400,0,114,34,0,0,0,0,0,0,0,0,0,0,0,0,0,0,0
LIRCMOP8_BC,2,ref_y,20,0,0,NaN,0,0,NaN,NaN,0,0,4,0,NaN,NaN,NaN,NaN,0,0,0,0,NaN,NaN,NaN,NaN,NaN,NaN,NaN,NaN,NaN,NaN,NaN,NaN,NaN,NaN,400,0,400,400,400,0,159,42,0,0,0,0,0,0,0,0,0,0,0,0,0,0,0
LIRCMOP8_BC,2,ref_y,21,0,0,NaN,0,0,NaN,NaN,0,0,4,0,NaN,NaN,NaN,NaN,0,0,0,0,NaN,NaN,NaN,NaN,NaN,NaN,NaN,NaN,NaN,NaN,NaN,NaN,NaN,NaN,400,0,400,400,400,0,110,40,0,0,0,0,0,0,0,0,0,0,0,0,0,0,0
LIRCMOP8_BC,2,ref_y,22,0,0,NaN,0,0,NaN,NaN,0,0,4,0,NaN,NaN,NaN,NaN,0,0,0,0,NaN,NaN,NaN,NaN,NaN,NaN,NaN,NaN,NaN,NaN,NaN,NaN,NaN,NaN,400,0,400,400,400,0,122,40,0,0,0,0,0,0,0,0,0,0,0,0,0,0,0
LIRCMOP8_BC,2,ref_y,23,0,0,NaN,0,0,NaN,NaN,0,0,4,0,NaN,NaN,NaN,NaN,0,0,0,0,NaN,NaN,NaN,NaN,NaN,NaN,NaN,NaN,NaN,NaN,NaN,NaN,NaN,NaN,400,0,400,400,400,0,177,41,0,0,0,0,0,0,0,0,0,0,0,0,0,0,0
LIRCMOP8_BC,2,ref_y,24,0,0,NaN,0,0,NaN,NaN,0,0,4,0,NaN,NaN,NaN,NaN,0,0,0,0,NaN,NaN,NaN,NaN,NaN,NaN,NaN,NaN,NaN,NaN,NaN,NaN,NaN,NaN,400,0,400,400,400,0,111,37,0,0,0,0,0,0,0,0,0,0,0,0,0,0,0
LIRCMOP8_BC,2,ref_y,25,0,0,NaN,0,0,NaN,NaN,0,0,4,0,NaN,NaN,NaN,NaN,0,0,0,0,NaN,NaN,NaN,NaN,NaN,NaN,NaN,NaN,NaN,NaN,NaN,NaN,NaN,NaN,400,0,400,400,400,0,119,38,0,0,0,0,0,0,0,0,0,0,0,0,0,0,0
LIRCMOP8_BC,2,ref_y,26,0,0,NaN,0,0,NaN,NaN,0,0,4,0,NaN,NaN,NaN,NaN,0,0,0,0,NaN,NaN,NaN,NaN,NaN,NaN,NaN,NaN,NaN,NaN,NaN,NaN,NaN,NaN,400,0,400,400,400,0,138,40,0,0,0,0,0,0,0,0,0,0,0,0,0,0,0
LIRCMOP8_BC,2,ref_y,27,0,0,NaN,0,0,NaN,NaN,0,0,4,0,NaN,NaN,NaN,NaN,0,0,0,0,NaN,NaN,NaN,NaN,NaN,NaN,NaN,NaN,NaN,NaN,NaN,NaN,NaN,NaN,400,0,400,400,400,0,157,43,0,0,0,0,0,0,0,0,0,0,0,0,0,0,0
LIRCMOP8_BC,2,ref_y,28,0,0,NaN,0,0,NaN,NaN,0,0,4,0,NaN,NaN,NaN,NaN,0,0,0,0,NaN,NaN,NaN,NaN,NaN,NaN,NaN,NaN,NaN,NaN,NaN,NaN,NaN,NaN,400,0,400,400,400,0,133,51,0,0,0,0,0,0,0,0,0,0,0,0,0,0,0
LIRCMOP8_BC,2,ref_y,29,0,0,NaN,0,0,NaN,NaN,0,0,4,0,NaN,NaN,NaN,NaN,0,0,0,0,NaN,NaN,NaN,NaN,NaN,NaN,NaN,NaN,NaN,NaN,NaN,NaN,NaN,NaN,400,0,400,400,400,0,136,45,0,0,0,0,0,0,0,0,0,0,0,0,0,0,0
LIRCMOP8_BC,2,ref_y,30,0,0,NaN,0,0,NaN,NaN,0,0,4,0,NaN,NaN,NaN,NaN,0,0,0,0,NaN,NaN,NaN,NaN,NaN,NaN,NaN,NaN,NaN,NaN,NaN,NaN,NaN,NaN,400,0,400,400,400,0,118,43,0,0,0,0,0,0,0,0,0,0,0,0,0,0,0
LIRCMOP8_BC,2,ref_y,31,0,0,NaN,0,0,NaN,NaN,0,0,4,0,NaN,NaN,NaN,NaN,0,0,0,0,NaN,NaN,NaN,NaN,NaN,NaN,NaN,NaN,NaN,NaN,NaN,NaN,NaN,NaN,400,0,400,400,400,0,151,44,0,0,0,0,0,0,0,0,0,0,0,0,0,0,0
LIRCMOP8_BC,2,ref_y,32,0,0,NaN,0,0,NaN,NaN,0,0,4,0,NaN,NaN,NaN,NaN,0,0,0,0,NaN,NaN,NaN,NaN,NaN,NaN,NaN,NaN,NaN,NaN,NaN,NaN,NaN,NaN,400,0,400,400,400,0,170,45,0,0,0,0,0,0,0,0,0,0,0,0,0,0,0
LIRCMOP8_BC,2,ref_y,33,0,0,NaN,0,0,NaN,NaN,0,0,4,0,NaN,NaN,NaN,NaN,0,0,0,0,NaN,NaN,NaN,NaN,NaN,NaN,NaN,NaN,NaN,NaN,NaN,NaN,NaN,NaN,400,0,400,400,400,0,190,47,0,0,0,0,0,0,0,0,0,0,0,0,0,0,0
LIRCMOP8_BC,2,ref_y,34,0,0,NaN,0,0,NaN,NaN,0,0,4,0,NaN,NaN,NaN,NaN,0,0,0,0,NaN,NaN,NaN,NaN,NaN,NaN,NaN,NaN,NaN,NaN,NaN,NaN,NaN,NaN,400,0,400,400,400,0,115,43,0,0,0,0,0,0,0,0,0,0,0,0,0,0,0
LIRCMOP8_BC,2,ref_y,35,0,0,NaN,0,0,NaN,NaN,0,0,4,0,NaN,NaN,NaN,NaN,0,0,0,0,NaN,NaN,NaN,NaN,NaN,NaN,NaN,NaN,NaN,NaN,NaN,NaN,NaN,NaN,400,0,400,400,400,0,174,44,0,0,0,0,0,0,0,0,0,0,0,0,0,0,0
LIRCMOP8_BC,2,ref_y,36,0,0,NaN,0,0,NaN,NaN,0,0,4,0,NaN,NaN,NaN,NaN,0,0,0,0,NaN,NaN,NaN,NaN,NaN,NaN,NaN,NaN,NaN,NaN,NaN,NaN,NaN,NaN,400,0,400,400,400,0,118,41,0,0,0,0,0,0,0,0,0,0,0,0,0,0,0
LIRCMOP8_BC,2,ref_y,37,0,0,NaN,0,0,NaN,NaN,0,0,4,0,NaN,NaN,NaN,NaN,0,0,0,0,NaN,NaN,NaN,NaN,NaN,NaN,NaN,NaN,NaN,NaN,NaN,NaN,NaN,NaN,400,0,400,400,400,0,170,43,0,0,0,0,0,0,0,0,0,0,0,0,0,0,0
LIRCMOP8_BC,2,ref_y,38,0,0,NaN,0,0,NaN,NaN,0,0,4,0,NaN,NaN,NaN,NaN,0,0,0,0,NaN,NaN,NaN,NaN,NaN,NaN,NaN,NaN,NaN,NaN,NaN,NaN,NaN,NaN,400,0,400,400,400,0,148,44,0,0,0,0,0,0,0,0,0,0,0,0,0,0,0
LIRCMOP8_BC,2,ref_y,39,0,0,NaN,0,0,NaN,NaN,0,0,4,0,NaN,NaN,NaN,NaN,0,0,0,0,NaN,NaN,NaN,NaN,NaN,NaN,NaN,NaN,NaN,NaN,NaN,NaN,NaN,NaN,400,0,400,400,400,0,156,42,0,0,0,0,0,0,0,0,0,0,0,0,0,0,0
LIRCMOP8_BC,2,ref_y,40,0,0,NaN,0,0,NaN,NaN,0,0,4,0,NaN,NaN,NaN,NaN,0,0,0,0,NaN,NaN,NaN,NaN,NaN,NaN,NaN,NaN,NaN,NaN,NaN,NaN,NaN,NaN,400,0,400,400,400,0,150,41,0,0,0,0,0,0,0,0,0,0,0,0,0,0,0
LIRCMOP8_BC,2,ref_y,41,0,0,NaN,0,0,NaN,NaN,0,0,4,0,NaN,NaN,NaN,NaN,0,0,0,0,NaN,NaN,NaN,NaN,NaN,NaN,NaN,NaN,NaN,NaN,NaN,NaN,NaN,NaN,400,0,400,400,400,0,147,39,0,0,0,0,0,0,0,0,0,0,0,0,0,0,0
LIRCMOP8_BC,2,ref_y,42,0,0,NaN,0,0,NaN,NaN,0,0,4,0,NaN,NaN,NaN,NaN,0,0,0,0,NaN,NaN,NaN,NaN,NaN,NaN,NaN,NaN,NaN,NaN,NaN,NaN,NaN,NaN,400,0,400,400,400,0,167,42,0,0,0,0,0,0,0,0,0,0,0,0,0,0,0
LIRCMOP8_BC,2,ref_y,43,0,0,NaN,0,0,NaN,NaN,0,0,4,0,NaN,NaN,NaN,NaN,0,0,0,0,NaN,NaN,NaN,NaN,NaN,NaN,NaN,NaN,NaN,NaN,NaN,NaN,NaN,NaN,400,0,400,400,400,0,176,44,0,0,0,0,0,0,0,0,0,0,0,0,0,0,0
LIRCMOP8_BC,2,ref_y,44,0,0,NaN,0,0,NaN,NaN,0,0,4,0,NaN,NaN,NaN,NaN,0,0,0,0,NaN,NaN,NaN,NaN,NaN,NaN,NaN,NaN,NaN,NaN,NaN,NaN,NaN,NaN,400,0,400,400,400,0,165,46,0,0,0,0,0,0,0,0,0,0,0,0,0,0,0
LIRCMOP8_BC,2,ref_y,45,0,0,NaN,0,0,NaN,NaN,0,0,4,0,NaN,NaN,NaN,NaN,0,0,0,0,NaN,NaN,NaN,NaN,NaN,NaN,NaN,NaN,NaN,NaN,NaN,NaN,NaN,NaN,400,0,400,400,400,0,184,51,0,0,0,0,0,0,0,0,0,0,0,0,0,0,0
LIRCMOP8_BC,2,ref_y,46,0,0,NaN,0,0,NaN,NaN,0,0,4,0,NaN,NaN,NaN,NaN,0,0,0,0,NaN,NaN,NaN,NaN,NaN,NaN,NaN,NaN,NaN,NaN,NaN,NaN,NaN,NaN,400,0,400,400,400,0,110,45,0,0,0,0,0,0,0,0,0,0,0,0,0,0,0
LIRCMOP8_BC,2,ref_y,47,0,0,NaN,0,0,NaN,NaN,0,0,4,0,NaN,NaN,NaN,NaN,0,0,0,0,NaN,NaN,NaN,NaN,NaN,NaN,NaN,NaN,NaN,NaN,NaN,NaN,NaN,NaN,400,0,400,400,400,0,180,51,0,0,0,0,0,0,0,0,0,0,0,0,0,0,0
LIRCMOP8_BC,2,ref_y,48,0,0,NaN,0,0,NaN,NaN,0,0,4,0,NaN,NaN,NaN,NaN,0,0,0,0,NaN,NaN,NaN,NaN,NaN,NaN,NaN,NaN,NaN,NaN,NaN,NaN,NaN,NaN,400,0,400,400,400,0,130,38,0,0,0,0,0,0,0,0,0,0,0,0,0,0,0
LIRCMOP8_BC,2,ref_y,49,0,0,NaN,0,0,NaN,NaN,0,0,4,0,NaN,NaN,NaN,NaN,0,0,0,0,NaN,NaN,NaN,NaN,NaN,NaN,NaN,NaN,NaN,NaN,NaN,NaN,NaN,NaN,400,0,400,400,400,0,163,35,0,0,0,0,0,0,0,0,0,0,0,0,0,0,0
LIRCMOP8_BC,2,ref_y,50,12,1,0.07,12,0,0.025829329162549,0.0400219637776845,12,20,4,0.000623992512089855,100,0.352130616033032,0.390991862792958,0,20,0,20,20,1.66666666666667,0.266662561068974,0.271653137402113,0,0.275256847316029,204.764597874079,0.45,-0.00586685715354718,0.714285714285714,0.275221756881229,0.287905844167061,0.287905844167061,NaN,1,400,0,400,400,398,2,181,41,18,7,13,0,12,12,12,12,12,12,12,12,12,0,20
LIRCMOP8_BC,2,ref_y,51,19,1,0.08,19,0,0.0233425088743867,0.0358267008178017,19,20,4,0.00098798814414227,100,0.372633452050428,0.531885545971034,0,20,0,20,20,1.05263157894737,0.263014199904954,0.270789424964752,0,0.281197100659268,NaN,1,0.169585404790327,0.75,0.27257457403795,0.284056014191927,0.284056014191927,NaN,1,400,12,424,424,408,16,168,37,36,8,74,0,19,19,19,19,19,19,19,19,19,0,20
LIRCMOP8_BC,2,ref_y,52,25,1,0.09,25,0,0.0132758824250902,0.0330983183221286,25,20,4,0.0012999844001872,100,0.350827711047456,0.672705937940022,0,20,0,20,20,0.8,0.258403592777228,0.258960526895909,0,0.260305315896417,NaN,0.9,0.083802206726907,0.222222222222222,0.259923449266324,0.260388620007776,0.260388620007776,NaN,1,400,19,438,438,412,26,117,38,43,9,207,0,25,25,25,25,25,25,25,25,25,0,20
LIRCMOP8_BC,2,ref_y,53,26,1,0.1,26,0,0.00860652430788007,0.0153233944142198,26,20,4,0.00135198377619469,100,0.472599332655849,0.670635189650091,0,20,0,20,20,0.769230769230769,0.217174643423824,0.221838335666914,0,0.223903989312118,NaN,0.7,0.032609238369521,0.3,0.219593514595113,0.224484166750828,0.224484166750828,NaN,1,400,25,450,450,411,39,164,35,56,11,307,0,30,30,30,30,26,26,26,26,26,0,20
LIRCMOP8_BC,2,ref_y,54,27,1,0.09,27,0,0.00893325930182872,0.0123404686970295,27,20,4,0.00140398315220217,100,0.496187298374099,0.668564441360161,0,20,0,20,20,0.740740740740741,0.413732278401441,0.419093324585621,0,0.421737864612377,NaN,0.95,0.198874109167242,0.333333333333333,0.41729048786525,0.42335675201401,0.42335675201401,NaN,1,400,26,452,452,413,39,169,37,56,11,285,0,33,33,33,33,27,27,27,27,27,0,20
LIRCMOP8_BC,2,ref_y,55,45,1,0.15,45,0,0.00750544988610543,0.0151124720658216,45,20,4,0.00233997192033696,71.1111111111111,0.405685836979685,0.51986940860371,0,20,0,20,20,0.444444444444444,0.0855682135785346,0.0865586304206062,0,0.101189828244874,NaN,0.3,-0.0108528919663164,0.2,0.105502281555652,0.111820557090513,0.111820557090513,NaN,1,400,27,454,454,408,46,165,34,64,15,331,0,45,45,45,45,45,45,45,45,45,0,20
LIRCMOP8_BC,2,ref_y,56,46,1,0.16,46,0,0.00505452748119452,0.0165369294622894,46,20,4,0.00239197129634444,69.5652173913043,0.441361674828301,0.650844715512647,0,20,0,20,20,0.434782608695652,0.0918750727649422,0.0962392523238988,0,0.11728988995438,NaN,0.95,0.0316937093290111,0.25,0.118078697044553,0.120719783215384,0.120719783215384,NaN,1,400,45,490,490,425,65,209,42,58,17,686,0,49,49,49,49,46,46,46,46,46,0,20
LIRCMOP8_BC,2,ref_y,57,54,1,0.18,54,0,0.00521440788088979,0.00958040022206455,54,20,4,0.00280796630440435,59.2592592592593,0.415129045960347,0.564846410628017,0,20,0,20,0,0.37037037037037,0.0127523199485935,0.0127900494880022,0,0.0453323269041066,NaN,0.8,0.0285809323703137,0,0.0406960410399662,0.0476366864802196,0.0476366864802196,NaN,0,400,46,492,492,426,66,215,42,64,20,767,0,60,60,60,60,54,54,54,54,54,0,20
LIRCMOP8_BC,2,ref_y,58,65,1,0.22,65,0,0.00436233381325961,0.011148627666149,65,20,4,0.00337995944048671,49.2307692307692,0.385078554244715,0.544382528610712,0,20,0,20,20,0.307692307692308,0.0477284843464435,0.0481299900955212,0,0.0728701218833562,NaN,0.75,0.0289391907941067,0.181818181818182,0.0695751724042712,0.0747846801655934,0.0747846801655934,NaN,1,400,54,508,508,432,76,249,45,67,23,908,0,68,68,68,68,65,65,65,65,65,0,20
LIRCMOP8_BC,2,ref_y,59,69,1,0.23,69,0,0.00511471461162321,0.0166020210694792,69,20,4,0.00358795694451667,46.3768115942029,0.353835434526398,0.512878958360082,0,20,0,20,20,0.289855072463768,0.0725715067835214,0.0734294042964987,0,0.117189127757921,NaN,0.95,0.0461880093402056,0.260869565217391,0.113333832041512,0.119848693322113,0.119848693322113,NaN,1,400,65,530,530,441,89,243,48,66,24,1142,0,70,70,70,70,69,69,69,69,69,0,20
LIRCMOP8_BC,2,ref_y,60,71,1,0.24,71,0,0.0048633591881301,0.0146823999498508,71,20,4,0.00369195569653164,45.0704225352113,0.401482448037808,0.564925345824255,0,20,0,20,20,0.28169014084507,0.0101214537043461,0.0135477957084871,0,0.057828143767664,NaN,0.95,0.0629875557230781,0.25,0.0525603708356787,0.0609553248191807,0.0609553248191807,NaN,1,400,69,538,538,441,97,219,45,70,25,1547,0,72,72,72,72,71,71,71,71,71,0,20
LIRCMOP8_BC,2,ref_y,61,74,1,0.25,74,0,0.00541717298945208,0.0133528363300996,74,20,4,0.00384795382455411,43.2432432432432,0.449470961543705,0.544382528610712,0,20,0,20,3,0.27027027027027,0.00397851015778528,0.00750680423315333,0,0.0456589870389424,NaN,0.75,0.0171585684911732,0.12,0.0387662231146838,0.0465182898629645,0.0465182898629645,NaN,0.15,400,71,542,542,440,102,216,48,68,25,1667,0,74,74,74,74,74,74,74,74,74,0,20
LIRCMOP8_BC,2,ref_y,62,26,1,0.09,26,0,0.00680942193021933,0.00747218155300216,26,20,4,0.00135198377619469,100,0.251614410189789,0.515469149215419,0,20,0,20,20,0.769230769230769,0.0167905066711755,0.0183377156664088,0,0.0238229506031112,NaN,1,0.0431794402717403,0.777777777777778,0.020415006902187,0.0248848508260171,0.0248848508260171,NaN,1,400,74,548,548,448,100,187,34,71,11,598,14,29,29,29,29,26,26,26,26,26,0,20
LIRCMOP8_BC,2,ref_y,63,24,1,0.08,24,0,0.00259442782201751,0.0265772524310396,24,20,4,0.00124798502417971,100,0.226855684800971,0.504461982080948,0,20,0,20,20,0.833333333333333,0.0107087031848919,0.0144692337784846,0,0.0205111770307802,NaN,0.6,0.0343582616554049,0.625,0.015472611746686,0.022078103850801,0.022078103850801,NaN,1,400,26,452,452,403,49,160,31,73,14,304,3,36,36,36,36,24,24,24,24,24,0,20
LIRCMOP8_BC,2,ref_y,64,24,1,0.08,24,0,0.00231111356051662,0.00533502127226234,24,20,4,0.00124798502417971,100,0.21616373179371,0.504461982080948,0,20,0,20,11,0.833333333333333,0.00434390420024178,0.00828683624564966,0,0.00905480948656252,NaN,0.85,0.0167040274972792,0.75,0.0060826687518171,0.011451095649978,0.011451095649978,NaN,0.55,400,24,448,448,403,45,138,31,70,15,349,5,34,34,34,34,24,24,24,24,24,0,20
LIRCMOP8_BC,2,ref_y,65,25,1,0.09,25,0,0.00327419145960213,0.0144795440493444,25,20,4,0.0012999844001872,100,0.263854080151866,0.684103892807283,0,20,0,20,3,0.8,0.00101334807129981,0.00151436537111409,0,0.00755964008803271,NaN,1,0.0457934826764548,0.222222222222222,0.00699932017419627,0.00969530093053619,0.00969530093053619,NaN,0.15,400,24,448,448,393,55,150,30,70,14,384,8,34,34,34,34,25,25,25,25,25,0,20
LIRCMOP8_BC,2,ref_y,66,36,1,0.12,36,0,0.00291020367761063,0.0136379422961646,36,20,4,0.00187197753626956,88.8888888888889,0.248894704968499,0.466186804686305,0,20,0,20,3,0.555555555555556,0.00304602314396983,0.00423943719209624,0,0.00892459318750904,NaN,1,0.0537486409456581,0.166666666666667,0.00806505511150178,0.0103625758712398,0.0103625758712398,NaN,0.15,400,25,450,450,399,51,161,34,77,20,411,29,47,47,47,47,36,36,36,36,36,0,20
LIRCMOP8_BC,2,ref_y,67,42,1,0.14,42,0,0.00167325558940982,0.0085521058003856,42,20,4,0.00218397379231449,76.1904761904762,0.275182596056329,0.379743217318889,0,20,0,20,7,0.476190476190476,0.00103371985008227,0.0066259374653185,0,0.0108972951223259,NaN,0.7,0.0246355036693162,0.285714285714286,0.00448980873134865,0.011987468636649,0.011987468636649,NaN,0.35,400,36,472,472,406,66,201,35,79,20,722,33,53,53,53,53,42,42,42,42,42,0,20
LIRCMOP8_BC,2,ref_y,68,33,1,0.12,33,0,0.00345750655401727,0.0118208473493353,33,20,4,0.0017159794082471,96.969696969697,0.227785856196231,0.379703405806139,0,20,0,20,6,0.606060606060606,0.00191247243400245,0.00609076271686945,0,0.00781003538486731,NaN,0.95,0.0297806568583772,0.5,0.00382317470907756,0.00828026739709234,0.00828026739709234,NaN,0.3,400,42,484,484,417,67,170,29,76,16,563,46,40,40,40,40,33,33,33,33,33,0,20
LIRCMOP8_BC,2,ref_y,69,48,1,0.17,48,0,0.00386909870610089,0.0147354251536084,48,20,4,0.00249597004835942,66.6666666666667,0.204977238859813,0.379743217318889,0,20,0,20,3,0.416666666666667,0.0019275645800863,0.00390120590210181,0,0.00429892777123681,NaN,1,0.0646134739418478,0.352941176470588,0.00326406642774469,0.00467339639846016,0.00467339639846016,NaN,0.15,400,33,466,466,403,63,128,35,76,21,616,19,57,57,57,57,48,48,48,48,48,0,20
LIRCMOP8_BC,2,ref_y,70,51,1,0.17,51,0,0.00361503222788093,0.00885335582000235,51,20,4,0.00265196817638188,62.7450980392157,0.198856141156543,0.503265040370017,0,20,0,20,8,0.392156862745098,0.00278982245859554,0.00353921958197952,0,0.0187313667220245,NaN,0.95,0.0349056989880192,0.117647058823529,0.0165937037607869,0.0203000739593317,0.0203000739593317,NaN,0.4,400,48,496,496,426,70,168,37,71,22,1005,9,63,63,63,63,51,51,51,51,51,0,20
LIRCMOP8_BC,2,ref_y,71,68,1,0.24,68,0,0.00403197285089648,0.0173740408966035,68,20,4,0.00353595756850918,47.0588235294118,0.189912519952383,0.355163398987283,0,20,0,20,7,0.294117647058824,0.00770342983935178,0.0105934292290793,0,0.0113988598218598,NaN,1,0.016709652770878,0.25,0.00978671227618733,0.0119992353383018,0.0119992353383018,NaN,0.35,400,51,502,502,404,98,192,45,72,27,1468,29,77,77,77,77,68,68,68,68,68,0,20
LIRCMOP8_BC,2,ref_y,72,53,1,0.18,53,0,0.00326258883711334,0.0139489436440544,53,20,4,0.00275596692839686,60.377358490566,0.198856141156543,0.346065039731013,0,20,0,20,10,0.377358490566038,0.00751176162306561,0.0210266582613928,0,0.0216382119878564,NaN,1,0.0437788696908585,0.222222222222222,0.00900731812189084,0.023489244355128,0.023489244355128,NaN,0.5,400,68,536,536,430,106,207,40,70,22,1877,66,65,65,65,65,53,53,53,53,53,0,20
LIRCMOP8_BC,2,ref_y,73,66,1,0.22,66,0,0.00313473813542968,0.0117161781486474,66,20,4,0.0034319588164942,48.4848484848485,0.207637964155964,0.388038981772879,0,20,0,20,9,0.303030303030303,0.00153718791350243,0.00986556488641293,0,0.0109802109614593,NaN,1,0.041688992995659,0.181818181818182,0.0100943838846965,0.0133975030246383,0.0133975030246383,NaN,0.45,400,53,506,506,402,104,213,44,75,26,1395,65,78,78,78,78,66,66,66,66,66,0,20
LIRCMOP8_BC,2,ref_y,74,78,1,0.26,78,0,0.00270816030420795,0.0106530018945659,78,20,4,0.00405595132858406,41.025641025641,0.207637964155964,0.408491363032617,0,20,0,20,12,0.256410256410256,0.00738836247730473,0.0295703812085369,0,0.0329727978184147,NaN,1,0.0342341908508455,0.307692307692308,0.00774581267573457,0.0336943963442456,0.0336943963442456,NaN,0.6,400,66,532,532,416,116,202,47,76,30,1640,4,90,90,90,90,78,78,78,78,78,0,20
LIRCMOP8_BC,2,ref_y,75,72,1,0.24,72,0,0.00281781405991606,0.00649440390258853,72,20,4,0.00374395507253913,44.4444444444444,0.20421564259659,0.362008249476392,0,20,0,20,10,0.277777777777778,0.0021262017549191,0.026991299197466,0,0.0273841757136754,NaN,1,0.0151803725770575,0.208333333333333,0.00392874553874415,0.0276151169047515,0.0276151169047515,NaN,0.5,400,78,556,556,428,128,237,49,68,28,2251,2,84,84,84,84,72,72,72,72,72,0,20
LIRCMOP8_BC,2,ref_y,76,68,1,0.23,68,0,0.00226647637095199,0.00689692018081786,68,20,4,0.00353595756850918,47.0588235294118,0.204524219720606,0.362008249476392,0,20,0,20,18,0.294117647058824,0.0207269502334914,0.0396305302372641,0,0.0418669664843139,NaN,0.95,0.0178270587250287,0.347826086956522,0.0216106702521575,0.043751951304975,0.043751951304975,NaN,0.9,400,72,544,544,412,132,221,50,76,30,1974,16,88,88,88,88,68,68,68,68,68,0,20
LIRCMOP8_BC,2,ref_y,77,72,1,0.24,72,0,0.00239182434383619,0.00626886752012148,72,20,4,0.00374395507253913,44.4444444444444,0.202936481902412,0.362008249476392,0,20,0,20,11,0.277777777777778,0.00416469835455825,0.0296821538756531,0,0.0311486000072692,NaN,1,0.0229316595347802,0.375,0.00742354122274859,0.0318719139914606,0.0318719139914606,NaN,0.55,400,68,536,536,417,119,219,49,66,29,2277,0,87,87,87,87,72,72,72,72,72,0,20
LIRCMOP8_BC,2,ref_y,78,81,1,0.27,81,0,0.00280099627036388,0.00845234723743941,81,20,4,0.00421194945660652,39.5061728395062,0.217820253488017,0.393960664236077,0,20,0,20,6,0.246913580246914,0.00847792342180603,0.0163583495351844,0,0.0174116309920884,NaN,0.9,0.0392597998924339,0.148148148148148,0.00992302937339617,0.0180608310222604,0.0180608310222604,NaN,0.3,400,72,544,544,416,128,236,53,75,35,2135,16,105,105,105,105,81,81,81,81,81,0,20
LIRCMOP8_BC,2,ref_y,79,84,1,0.28,84,0,0.00279002760149932,0.00976529373015665,84,20,4,0.00436794758462898,38.0952380952381,0.252320262409166,0.393960664236077,0,20,0,20,12,0.238095238095238,0.0020679355087784,0.0179350654970543,0,0.0219953022399583,NaN,0.95,0.0496555506460657,0.321428571428571,0.00935842317423255,0.0236474902756551,0.0236474902756551,NaN,0.6,400,81,562,562,417,145,243,56,68,33,3133,15,99,99,99,99,84,84,84,84,84,0,20
LIRCMOP8_BC,2,ref_y,80,81,1,0.27,81,0,0.00229378632502482,0.00710776082845913,81,20,4,0.00421194945660652,39.5061728395062,0.217820253488017,0.403416398414444,0,20,0,20,13,0.246913580246914,0.00646557438085269,0.0289993531851291,0,0.0316946546431685,NaN,0.9,0.0557611859478493,0.296296296296296,0.00997491017130854,0.0319855785025104,0.0319855785025104,NaN,0.65,400,84,568,568,435,133,255,51,79,34,2432,15,102,102,102,102,81,81,81,81,81,0,20
LIRCMOP8_BC,2,ref_y,81,82,1,0.28,82,0,0.00223611052928436,0.00827731825096496,82,20,4,0.00426394883261401,39.0243902439024,0.217820253488017,0.393960664236077,0,20,0,20,12,0.24390243902439,0.00145313768643116,0.013225650732448,0,0.0180708626406499,NaN,0.85,0.0618638361964453,0.285714285714286,0.0119254268979555,0.0181339608031961,0.0181339608031961,NaN,0.6,400,81,562,562,433,129,241,54,76,34,2420,21,102,102,102,102,82,82,82,82,82,0,20
LIRCMOP8_BC,2,ref_y,82,80,1,0.27,80,0,0.00227604561456482,0.00760860060945867,80,20,4,0.00415995008059903,40,0.222956811086011,0.39868853132526,0,20,0,20,16,0.25,0.0232015320454409,0.0454718857256231,0,0.0466600767932041,NaN,0.85,0.0414258924994003,0.37037037037037,0.0242992158662813,0.0476785942778842,0.0476785942778842,NaN,0.8,400,82,564,564,433,131,236,52,77,33,2103,31,98,98,98,98,80,80,80,80,80,0,20
LIRCMOP8_BC,2,ref_y,83,84,1,0.28,84,0,0.00236740195539703,0.00535170916435104,84,20,4,0.00436794758462898,38.0952380952381,0.283439182129304,0.393960664236077,0,20,0,20,7,0.238095238095238,0.00336318036762072,0.014333266336739,0,0.0155925462124832,NaN,0.9,0.0552835899254002,0.214285714285714,0.010717919557505,0.0168670449608296,0.0168670449608296,NaN,0.35,400,80,560,560,432,128,256,57,68,33,2589,21,99,99,99,99,84,84,84,84,84,0,20
LIRCMOP8_BC,2,ref_y,84,81,1,0.27,81,0,0.00233791648377037,0.00560779958019457,81,20,4,0.00421194945660652,39.5061728395062,0.286450795534016,0.393960664236077,0,20,0,20,9,0.246913580246914,0.00251139270298459,0.00545355262350269,0,0.0136260122822715,NaN,0.65,0.0220699304098282,0.222222222222222,0.0134582964735254,0.0189086833418708,0.0189086833418708,NaN,0.45,400,84,568,568,446,122,259,54,74,32,2348,15,96,96,96,96,81,81,81,81,81,0,20
LIRCMOP8_BC,2,ref_y,85,79,1,0.27,79,0,0.00243737146164141,0.00547121256792165,79,20,4,0.00410795070459154,40.5063291139241,0.286450795534016,0.403416398414444,0,20,0,20,8,0.253164556962025,0.0031959576501075,0.012956324356981,0,0.0138079418272425,NaN,0.8,0.0387572148433632,0.296296296296296,0.0105836177339597,0.0141597291098885,0.0141597291098885,NaN,0.4,400,81,562,562,446,116,222,54,73,33,1871,16,97,97,97,94,79,79,79,79,79,0,20
LIRCMOP8_BC,2,ref_y,86,78,1,0.26,78,0,0.00236692555892218,0.0076477834726633,78,20,4,0.00405595132858406,41.025641025641,0.284743277992213,0.393960664236077,0,20,0,20,9,0.256410256410256,0.00260938042509393,0.0110239928402432,0,0.0119348021542695,NaN,0.4,-0.0223450972768449,0.269230769230769,0.00386436743854865,0.0129768664161975,0.0129768664161975,NaN,0.45,400,79,558,558,437,121,243,50,76,31,2270,0,93,93,93,93,78,78,78,78,78,0,20
LIRCMOP8_BC,2,ref_y,87,84,1,0.28,84,0,0.00222457563269568,0.00539121106779067,84,20,4,0.00436794758462898,38.0952380952381,0.284743277992213,0.398350330534653,0,20,0,20,10,0.238095238095238,0.00115521668663182,0.0175311679098063,0,0.0203835988893766,NaN,0.85,0.0356928228160283,0.321428571428571,0.00379258676530009,0.0207921281659652,0.0207921281659652,NaN,0.5,400,78,556,556,444,112,245,55,75,34,1967,0,102,102,102,102,84,84,84,84,84,0,20
LIRCMOP8_BC,2,ref_y,88,90,1,0.3,90,0,0.00235384575199583,0.0057172100725169,90,20,4,0.00467994384067391,35.5555555555556,0.299950847596558,0.396155497385365,0,20,0,20,9,0.222222222222222,0.00293089327589223,0.0119169574168653,0,0.0139369172229129,NaN,0.6,0.00300586863947497,0.233333333333333,0.00301859044440874,0.0142211079772482,0.0142211079772482,NaN,0.45,400,84,568,568,441,127,260,57,75,36,2611,6,108,108,108,108,90,90,90,90,90,0,20
LIRCMOP8_BC,2,ref_y,89,90,1,0.3,90,0,0.00190725857065266,0.00542846014691425,90,20,4,0.00467994384067391,35.5555555555556,0.303018949931824,0.39121253943477,0,20,0,20,9,0.222222222222222,0.00422163888343136,0.0138487566635754,0,0.0149488451829387,NaN,0.75,0.00654037504875518,0.3,0.00526677141440477,0.0153995017172076,0.0153995017172076,NaN,0.45,400,90,580,580,441,139,255,57,76,37,2625,0,111,111,111,111,90,90,90,90,90,0,20
LIRCMOP8_BC,2,ref_y,90,78,1,0.26,78,0,0.00179724044155108,0.00520512503535547,78,20,4,0.00405595132858406,41.025641025641,0.303018949931824,0.393960664236077,0,20,0,20,10,0.256410256410256,0.00154697760495657,0.00728934912853841,0,0.00832240509028905,NaN,1,0.0306004194210453,0.269230769230769,0.00200609228990465,0.00934310845439176,0.00934310845439176,NaN,0.5,400,90,580,580,450,130,264,54,72,34,2937,9,99,99,99,99,78,78,78,78,78,0,20
LIRCMOP8_BC,2,ref_y,91,89,1,0.32,89,0,0.00189921961580242,0.00680777190728624,89,20,4,0.00462794446466642,35.9550561797753,0.298351528612329,0.381701341367364,0,20,0,20,6,0.224719101123595,0.00271593980193635,0.00509468408012443,0,0.00538132206518096,NaN,1,0.0523794327016724,0.25,0.00295912673216982,0.00618898324686607,0.00618898324686607,NaN,0.3,400,78,556,556,433,123,248,58,74,37,2368,7,104,104,104,104,89,89,89,89,89,0,20
LIRCMOP8_BC,2,ref_y,92,89,1,0.3,89,0,0.00173484009466149,0.00569326769115777,89,20,4,0.00462794446466642,35.9550561797753,0.299623706043993,0.381739186088472,0,20,0,20,9,0.224719101123595,0.0103491279220465,0.0158361453241803,0,0.0163019666162839,NaN,1,0.0329316459946508,0.2,0.0103834309919806,0.0164843503567245,0.0164843503567245,NaN,0.45,400,89,578,578,445,133,260,59,68,34,3161,2,99,99,99,99,89,89,89,89,89,0,20
LIRCMOP8_BC,2,ref_y,93,102,1,0.34,102,0,0.00193396680115243,0.00531485331330702,102,20,4,0.00530393635276377,31.3725490196078,0.283953553757539,0.376221673875591,0,20,0,20,6,0.196078431372549,0.000216928693757896,0.0015820737517598,0,0.00300948692977032,NaN,0.95,0.0197986510331507,0.205882352941176,0.0025473050380057,0.00371053545930886,0.00371053545930886,NaN,0.3,400,89,578,578,451,127,257,64,69,38,2704,14,111,111,111,111,102,102,102,102,102,0,20
LIRCMOP8_BC,2,ref_y,94,105,1,0.35,105,0,0.00206458213644368,0.00558341745227889,105,20,4,0.00545993448078623,30.4761904761905,0.28200701719394,0.396786212211184,0,20,0,20,7,0.19047619047619,0.00914290416019075,0.0119819023048508,0,0.0124989588768965,NaN,1,0.0655936328275722,0.2,0.0096879115297882,0.012663651285214,0.012663651285214,NaN,0.35,400,102,604,604,459,145,280,64,69,38,3475,5,114,114,114,114,105,105,105,105,105,0,20
LIRCMOP8_BC,2,ref_y,95,102,1,0.34,102,0,0.00172597848540429,0.00504436257368431,102,20,4,0.00530393635276377,31.3725490196078,0.280421414065697,0.396786212211184,0,20,0,20,8,0.196078431372549,0.00109816973123186,0.00407513245035763,0,0.00481148305560248,NaN,1,0.0363345392988769,0.235294117647059,0.00132371932407436,0.00509467554251487,0.00509467554251487,NaN,0.4,400,105,610,610,469,141,260,62,71,38,2861,6,114,114,114,114,102,102,102,102,102,0,20
LIRCMOP8_BC,2,ref_y,96,90,1,0.3,90,0,0.00171149844519801,0.0051605427820801,90,20,4,0.00467994384067391,35.5555555555556,0.26510280497362,0.386503943043388,0,20,0,20,9,0.222222222222222,0.000914542672678934,0.00414849777305326,0,0.00583777577905035,NaN,1,0.0588268600123334,0.2,0.00348881287901408,0.00687114485647284,0.00687114485647284,NaN,0.45,400,102,604,604,467,137,249,64,66,37,2879,12,111,111,111,102,90,90,90,90,90,0,20
LIRCMOP8_BC,2,ref_y,97,81,1,0.27,81,0,0.00173507995216645,0.00573857039364112,81,20,4,0.00421194945660652,39.5061728395062,0.274620539646436,0.396786212211184,0,20,0,20,8,0.246913580246914,0.000827852343082966,0.00439672073335181,0,0.00627579841323466,NaN,0.75,0.0182422526410535,0.185185185185185,0.0017766369074267,0.00722423711440636,0.00722423711440636,NaN,0.4,400,90,580,580,447,133,254,55,68,32,2569,30,93,93,93,90,81,81,81,81,81,0,20
LIRCMOP8_BC,2,ref_y,98,78,1,0.26,78,0,0.00166040020936144,0.00517086860655097,78,20,4,0.00405595132858406,41.025641025641,0.28200701719394,0.434398568901326,0,20,0,20,8,0.256410256410256,0.00190385576287192,0.00708746134239514,0,0.0077809532646439,NaN,0.5,-7.96335959413613e-05,0.192307692307692,0.00380713984695335,0.00894335973498827,0.00894335973498827,NaN,0.4,400,81,562,562,440,122,248,59,63,31,2535,6,87,87,87,87,78,78,78,78,78,0,20
LIRCMOP8_BC,2,ref_y,99,78,1,0.26,78,0,0.00142911258936095,0.00461628405875083,78,20,4,0.00405595132858406,41.025641025641,0.301550166580787,0.434398568901326,0,20,0,20,8,0.256410256410256,0.00104195320388591,0.00318651841093798,0,0.00365511530998952,NaN,1,0.0336947512738865,0.192307692307692,0.00336246254514762,0.00499599368720272,0.00499599368720272,NaN,0.4,400,78,556,556,440,116,243,56,67,31,2054,10,90,90,90,90,78,78,78,78,78,0,20
LIRCMOP8_BC,2,ref_y,100,77,1,0.26,77,0,0.00152355386393305,0.00565202787876122,77,20,4,0.00400395195257657,41.5584415584416,0.308521805025232,0.434398568901326,0,20,0,20,6,0.25974025974026,0.00207981461457026,0.00768605062866428,0,0.00913808519950162,NaN,1,0.058258552456653,0.153846153846154,0.00372334461275021,0.00997850668356726,0.00997850668356726,NaN,0.3,400,78,556,556,432,124,214,55,70,32,1895,10,93,93,93,93,77,77,77,77,77,0,20
LIRCMOP8_BC,2,ref_y,101,72,1,0.24,72,0,0.00126021615703074,0.00488896943873025,72,20,4,0.00374395507253913,44.4444444444444,0.294149337948108,0.434398568901326,0,20,0,20,8,0.277777777777778,0.00234881392937431,0.00830073466295013,0,0.00994405447953462,NaN,0.95,0.050813444945302,0.25,0.00253097636943862,0.0115629583273915,0.0115629583273915,NaN,0.4,400,77,554,554,435,119,239,57,62,29,2445,2,84,84,84,84,72,72,72,72,72,0,20
LIRCMOP8_BC,2,ref_y,102,81,1,0.27,81,0,0.00155527701949458,0.00519023399086931,81,20,4,0.00421194945660652,39.5061728395062,0.238487614655265,0.434398568901326,0,20,0,20,7,0.246913580246914,0.00518048877975632,0.0100905103049859,0,0.0110286385598332,NaN,0.85,0.0354443764506631,0.222222222222222,0.00583308040076017,0.0119443751936933,0.0119443751936933,NaN,0.35,400,72,544,544,440,104,218,62,54,31,2678,0,93,93,93,93,81,81,81,81,81,0,20
LIRCMOP8_BC,2,ref_y,103,75,1,0.25,75,0,0.00105352949143893,0.0041910126260478,75,20,4,0.00389995320056159,42.6666666666667,0.301550166580787,0.434398568901326,0,20,0,20,4,0.266666666666667,0.00073173162824654,0.00209596357439707,0,0.00829143856044905,NaN,0.95,0.0667756524772405,0.12,0.00752765936306889,0.0107829599427336,0.0107829599427336,NaN,0.2,400,81,562,562,447,115,215,59,63,30,2170,0,90,90,90,90,75,75,75,75,75,0,20
LIRCMOP8_BC,2,ref_y,104,81,1,0.27,81,0,0.0012250136645535,0.00466859183520604,81,20,4,0.00421194945660652,39.5061728395062,0.301550166580787,0.434574508909661,0,20,0,20,8,0.246913580246914,0.00109675725903397,0.00554650026409145,0,0.00569789824371733,NaN,0.95,0.057077904372501,0.259259259259259,0.00251615321696764,0.00704187235126624,0.00704187235126624,NaN,0.4,400,75,550,550,441,109,225,60,60,32,2468,12,93,93,93,93,81,81,81,81,81,0,20
LIRCMOP8_BC,2,ref_y,105,84,1,0.28,84,0,0.00151168584906249,0.00545397579423085,84,20,4,0.00436794758462898,38.0952380952381,0.262618061985348,0.434398568901326,0,18,2,20,4,0.238095238095238,0.0015356180821347,0.00256897499502678,0,0.00812174563318031,NaN,0.85,0.0244101916419868,0.142857142857143,0.00854490166744352,0.011512854559396,0.011603953490034,0.00987426902184379,0.2,400,81,562,562,444,118,251,67,50,32,3777,9,96,96,96,96,84,84,84,84,84,0,20
LIRCMOP8_BC,2,ref_y,106,75,1,0.25,75,0,0.00132732786887105,0.0041330799119105,75,20,4,0.00389995320056159,42.6666666666667,0.288842522867488,0.434398568901326,0,17,3,20,8,0.266666666666667,0.00029459988472514,0.00496209398211507,0,0.00534417224591621,NaN,0.85,0.0546095885488102,0.24,0.0027739142092532,0.00557907440730875,0.00598464528476269,0.00427099624220746,0.4,400,84,568,568,451,117,228,64,47,28,3582,0,84,84,84,84,75,75,75,75,75,0,20
LIRCMOP8_BC,2,ref_y,107,78,1,0.26,78,0,0.00141825007234377,0.00513286816579862,78,20,4,0.00405595132858406,41.025641025641,0.272139885917087,0.434398568901326,0,16,4,20,5,0.256410256410256,0.000731926945120652,0.00220314621926631,0,0.00532216093119827,NaN,0.55,0.0221398800735195,0.230769230769231,0.00443695261572196,0.00883042552941076,0.0076266195980458,0.00998926966654599,0.25,400,75,550,550,435,115,251,69,47,29,3142,0,87,87,87,87,78,78,78,78,78,0,20
LIRCMOP8_BC,2,ref_y,108,75,1,0.25,75,0,0.0015644716521605,0.0069391877946325,75,20,4,0.00389995320056159,42.6666666666667,0.288842522867488,0.408411379105765,0,18,2,20,6,0.266666666666667,0.00293564308999525,0.00598630640447286,0,0.00709299350829853,NaN,0.95,0.0365509890086756,0.24,0.00319638112447791,0.00826268819753104,0.00863209400390321,0.0053505186369503,0.3,400,78,556,556,429,127,222,62,45,28,3552,8,84,84,84,84,75,75,75,75,75,0,20
LIRCMOP8_BC,2,ref_y,109,75,1,0.25,75,0,0.00155159620945915,0.00692636608822727,75,20,4,0.00389995320056159,42.6666666666667,0.298687932056943,0.434398568901326,0,18,2,20,7,0.266666666666667,0.00616322662989508,0.00959057332203779,0,0.00959057332203779,NaN,0.6,0.0108245856940525,0.24,0.00626148103716867,0.0104319460680843,0.0110055323459449,0.00769140854097875,0.35,400,75,550,550,433,117,226,62,45,28,3332,0,84,84,84,84,75,75,75,75,75,0,20
LIRCMOP8_BC,2,ref_y,110,75,1,0.25,75,0,0.00153868288054976,0.00497429671986031,75,20,4,0.00389995320056159,42.6666666666667,0.298687932056943,0.434574508909661,0,16,4,20,12,0.266666666666667,0.0110544461912856,0.0182719395526708,0,0.0194528643713255,NaN,0.6,0.00486531999559547,0.16,0.0153994117227884,0.0198385198171154,0.0196400456149454,0.0198385198171154,0.6,400,75,550,550,433,117,241,67,46,28,3051,5,84,84,84,84,75,75,75,75,75,0,20
LIRCMOP8_BC,2,ref_y,111,72,1,0.24,72,0,0.00141082760630726,0.00359706444689014,72,20,4,0.00374395507253913,44.4444444444444,0.313059361598179,0.444744861125724,0,17,3,20,5,0.277777777777778,0.00309513774182809,0.00647664692882858,0,0.00712218967151094,NaN,0.45,-0.0070169216103107,0.166666666666667,0.00516049080675111,0.0102852183974978,0.00975710640169023,0.0104871250547685,0.25,400,75,550,550,432,118,246,64,46,28,3452,0,84,84,84,84,72,72,72,72,72,0,20
LIRCMOP8_BC,2,ref_y,112,73,1,0.25,73,0,0.00119072629135766,0.00465722172171547,73,20,4,0.00379595444854662,43.8356164383562,0.301550166580787,0.434574508909661,0,16,4,20,4,0.273972602739726,0.00456830862681647,0.0058595274563701,0,0.00971143786720102,NaN,1,0.0481001339633052,0.08,0.0095914770704197,0.011433438773487,0.0114898848661054,0.0109175031173779,0.2,400,72,544,544,427,117,238,62,45,28,3298,0,84,84,84,84,73,73,73,73,73,0,20
LIRCMOP8_BC,2,ref_y,113,82,1,0.28,82,0,0.00153786752858632,0.00561361450367619,82,20,4,0.00426394883261401,39.0243902439024,0.301550166580787,0.444744861125724,0,16,4,20,6,0.24390243902439,0.00274888520676297,0.00621084718893658,0,0.00815360980652022,NaN,0.55,0.0151724703089003,0.214285714285714,0.00636573220842897,0.00829579386789997,0.00838564978871951,0.00818013847205719,0.3,400,73,546,546,436,110,242,66,45,29,3021,0,87,87,87,87,82,82,82,82,82,0,20
LIRCMOP8_BC,2,ref_y,114,71,1,0.24,71,0,0.00120436024473219,0.00467540460580899,71,20,4,0.00369195569653164,45.0704225352113,0.312844828126896,0.458348536396245,0,17,3,20,8,0.28169014084507,0.00177807403301634,0.00399796378731073,0,0.00399796378731073,NaN,0.55,0.00333168897696834,0.25,0.00236377723924278,0.0044482269065595,0.00499369496859339,0.00347469894673333,0.4,400,82,564,564,441,123,246,67,45,26,3528,0,78,78,78,78,71,71,71,71,71,0,20
LIRCMOP8_BC,2,ref_y,115,69,1,0.23,69,0,0.00207853216834392,0.00758793970293624,69,20,4,0.00358795694451667,46.3768115942029,0.238487614655265,0.437854543949981,0,20,0,20,8,0.289855072463768,0.00606382044397328,0.0142704936352741,0,0.0142704936352741,NaN,1,0.0287446780054505,0.217391304347826,0.00613044094992542,0.0143757373146315,0.0143757373146315,NaN,0.4,400,71,542,542,423,119,242,66,46,25,2977,1,75,75,75,72,69,69,69,69,69,0,20
LIRCMOP8_BC,2,ref_y,116,66,1,0.22,66,0,0.0023033621388091,0.00656246058160188,66,20,4,0.0034319588164942,48.4848484848485,0.278669806516918,0.413549201484713,0,20,0,20,5,0.303030303030303,0.00302948050798733,0.00652683969416014,0,0.00784205343745499,NaN,0.55,0.00177202149077085,0.0909090909090909,0.00720584745275392,0.00883528530564265,0.00883528530564265,NaN,0.25,400,69,538,538,435,103,236,63,47,25,2432,0,75,75,75,69,66,66,66,66,66,0,20
LIRCMOP8_BC,2,ref_y,117,69,1,0.23,69,0,0.00237929790908291,0.00694436181840251,69,20,4,0.00358795694451667,46.3768115942029,0.257021197810208,0.413549201484713,0,20,0,20,9,0.289855072463768,0.0104274945376254,0.0184776267926164,0,0.0184776267926164,NaN,0.95,0.0399626050356708,0.260869565217391,0.0105802056482319,0.0185413074576865,0.0185413074576865,NaN,0.45,400,66,532,532,427,105,221,64,47,24,2667,0,72,72,72,72,69,69,69,69,69,0,20
LIRCMOP8_BC,2,ref_y,118,69,1,0.23,69,0,0.00233611867154083,0.00698194538379048,69,20,4,0.00358795694451667,46.3768115942029,0.257021197810208,0.414935264343397,0,20,0,20,6,0.289855072463768,0.00427216767511532,0.0104028438123573,0,0.0114476067071311,NaN,0.6,0.0184632796915685,0.304347826086957,0.00604910424212073,0.0121034341475019,0.0121034341475019,NaN,0.3,400,69,538,538,426,112,232,62,46,24,2803,0,72,72,72,72,69,69,69,69,69,0,20
LIRCMOP8_BC,2,ref_y,119,69,1,0.23,69,0,0.00252715548654021,0.00482749769042959,69,20,4,0.00358795694451667,46.3768115942029,0.301550166580787,0.414935264343397,0,18,2,20,4,0.289855072463768,0.00226353458191714,0.00320625649828021,0,0.00431402531895247,NaN,0.9,0.0502350241476869,0.217391304347826,0.00463920334694861,0.00592415305067334,0.00596172124884984,0.00460600615604853,0.2,400,69,538,538,434,104,233,66,45,25,2459,0,75,75,75,72,69,69,69,69,69,0,20
LIRCMOP8_BC,2,ref_y,120,78,1,0.26,78,0,0.00213692476824047,0.00561376520277349,78,20,4,0.00405595132858406,41.025641025641,0.287249862446585,0.444457594524072,0,20,0,20,6,0.256410256410256,0.000893621098064897,0.00247304087427685,0,0.00275021171786489,NaN,0.15,-0.0391004955351851,0.153846153846154,0.00297519579095597,0.00628012481334893,0.00628012481334893,NaN,0.3,400,69,538,538,430,108,226,61,55,28,2075,0,84,84,84,84,78,78,78,78,78,0,20
LIRCMOP8_BC,2,ref_y,121,84,1,0.28,84,0,0.00245503090379466,0.00695007293659497,84,20,4,0.00436794758462898,38.0952380952381,0.313609997955026,0.444457594524072,0,18,2,20,6,0.238095238095238,0.000708483070626157,0.0085433752924354,0,0.00914479569872941,NaN,0.8,0.0512478627264806,0.0714285714285714,0.00938495889091628,0.0105437289465294,0.0105748677622632,0.00893872215321511,0.3,400,78,556,556,440,116,243,61,48,30,3021,1,90,90,90,90,84,84,84,84,84,0,20
LIRCMOP8_BC,2,ref_y,122,78,1,0.26,78,0,0.00241723807312895,0.00765310790586293,78,20,4,0.00405595132858406,41.025641025641,0.259638968406963,0.43293651425486,0,19,1,20,7,0.256410256410256,0.00222050103042794,0.00719638273887133,0,0.00719638273887133,NaN,0.8,0.00733510685325683,0.307692307692308,0.00310406987720189,0.00820166973216056,0.00835391634644182,0.00263336225121814,0.35,400,84,568,568,442,126,222,57,46,28,3500,31,84,84,84,84,78,78,78,78,78,0,20
LIRCMOP8_BC,2,ref_y,123,90,1,0.3,90,0,0.00244892360496129,0.00769614454945985,90,20,4,0.00467994384067391,35.5555555555556,0.297799490449445,0.414242232914055,0,16,4,20,10,0.222222222222222,0.0032491739754235,0.0138421859037457,0,0.0138421859037457,NaN,0.9,0.0278057427696073,0.266666666666667,0.00566342047843344,0.0154238096446393,0.0151431654089554,0.0155162471770286,0.5,400,78,556,556,430,126,211,59,47,32,3093,0,96,96,96,96,90,90,90,90,90,0,20
LIRCMOP8_BC,2,ref_y,124,91,1,0.31,91,0,0.00229680894937671,0.00571195424782596,91,20,4,0.0047319432166814,35.1648351648352,0.294048814318104,0.413549201484713,0,20,0,20,8,0.21978021978022,0.01087525711957,0.0138276088827722,0,0.0138276088827722,NaN,0.95,0.00754226576130654,0.193548387096774,0.0115420953413144,0.0148583247775369,0.0148583247775369,NaN,0.4,400,90,580,580,439,141,213,57,54,32,3088,1,96,96,96,96,91,91,91,91,91,0,20
LIRCMOP8_BC,2,ref_y,125,78,1,0.26,78,0,0.00234400497952765,0.00715904400069611,78,20,4,0.00405595132858406,41.025641025641,0.271665645195197,0.403749588734544,0,20,0,20,9,0.256410256410256,0.000740668307975075,0.00957139257428562,0,0.00957139257428562,NaN,0.75,0.0161051294462433,0.269230769230769,0.00335578767501693,0.0106493586586298,0.0106493586586298,NaN,0.45,400,91,582,582,444,138,217,57,48,29,3950,11,87,87,87,87,78,78,78,78,78,0,20
LIRCMOP8_BC,2,ref_y,126,87,1,0.29,87,0,0.00225798620557117,0.00772696971251757,87,20,4,0.00452394571265145,36.7816091954023,0.271665645195197,0.429158959010515,0,16,4,20,6,0.229885057471264,0.00664444965780929,0.00924107028023882,0,0.00931669532660404,NaN,0.5,0.00396530779618509,0.206896551724138,0.00689795864252903,0.0102832931011918,0.0103921080902353,0.010141808442218,0.3,400,78,556,556,434,122,227,59,47,31,3373,16,93,93,93,93,87,87,87,87,87,0,20
LIRCMOP8_BC,2,ref_y,127,93,1,0.31,93,0,0.00239380345553454,0.00793929560059653,93,20,4,0.00483594196869638,34.4086021505376,0.3123981153595,0.429158959010515,0,18,2,20,10,0.21505376344086,0.00656316104216257,0.0169806908907712,0,0.0176607275608013,NaN,0.7,0.0224888770580782,0.225806451612903,0.0087299170340183,0.0178284337701784,0.0166759838034578,0.0178058665350177,0.5,400,87,574,574,436,138,234,59,50,32,3543,30,96,96,96,96,93,93,93,93,93,0,20
LIRCMOP8_BC,2,ref_y,128,96,1,0.32,96,0,0.00227805553796353,0.00729513407745744,96,20,4,0.00499194009671884,33.3333333333333,0.330376312728612,0.429158959010515,0,15,5,20,8,0.208333333333333,0.00272692829529489,0.0116827866243756,0,0.0117646671095938,NaN,0.6,0.0236377194892282,0.25,0.0044599574714114,0.0120337187175296,0.0120337187175296,0.0120337187175296,0.4,400,93,586,586,448,138,262,63,49,34,4256,48,102,102,102,102,96,96,96,96,96,0,20
LIRCMOP8_BC,2,ref_y,129,96,1,0.32,96,0,0.00232554783394252,0.00671082812140456,96,20,4,0.00499194009671884,33.3333333333333,0.330814261131756,0.458222179832845,0,20,0,20,3,0.208333333333333,0.00478383386197267,0.0110814226145696,0,0.0115365241039049,NaN,0.7,0.0218152073644486,0.125,0.00784308108909777,0.012012519319813,0.012012519319813,NaN,0.15,400,96,592,592,452,140,232,58,55,33,3402,60,99,99,99,99,96,96,96,96,96,0,20
LIRCMOP8_BC,2,ref_y,130,99,1,0.33,99,0,0.00237364607438653,0.0065842539001024,99,20,4,0.0051479382247413,32.3232323232323,0.337576644072874,0.501596094181639,0,20,0,20,8,0.202020202020202,0.00787564783048518,0.0119266894881315,0,0.0129077838455043,NaN,0.9,0.0792302057635966,0.272727272727273,0.00828154266844052,0.0137428697674064,0.0137428697674064,NaN,0.4,400,96,592,592,454,138,231,58,55,34,3594,60,102,102,102,102,99,99,99,99,99,0,20
LIRCMOP8_BC,2,ref_y,131,97,1,0.33,97,0,0.00240722907273246,0.00772584113395876,97,20,4,0.00504393947272633,32.9896907216495,0.334339057935552,0.480085454131872,0,15,5,20,7,0.206185567010309,0.00718143796030051,0.00997456622569967,0,0.0116843751007934,NaN,0.95,0.0684226599356293,0.181818181818182,0.00927497349058408,0.0126629550963254,0.0118580422736719,0.0134678679189789,0.35,400,99,598,598,452,146,250,61,50,34,4194,33,100,100,100,100,97,97,97,97,97,0,20
LIRCMOP8_BC,2,ref_y,132,96,1,0.32,96,0,0.00252124320204107,0.00719624438284105,96,20,4,0.00499194009671884,33.3333333333333,0.353399361892012,0.496382945875551,0,20,0,20,5,0.208333333333333,0.005461431228292,0.014823408306585,0,0.0169365849118113,NaN,0.85,0.103933054872938,0.0625,0.0138063627443265,0.0192743223356911,0.0192743223356911,NaN,0.25,400,97,594,594,461,133,245,56,53,33,3776,4,99,99,99,99,96,96,96,96,96,0,20
LIRCMOP8_BC,2,ref_y,133,96,1,0.32,96,0,0.00218506573924159,0.00525109760919602,96,20,4,0.00499194009671884,33.3333333333333,0.349522106354047,0.482206099837759,0,20,0,20,4,0.208333333333333,0.00391453420098051,0.00570680690073211,0,0.00570680690073211,NaN,0.9,0.112331276115592,0.15625,0.00392224426046352,0.00938054580044777,0.00938054580044777,NaN,0.2,400,96,592,592,454,138,241,57,58,33,3429,0,99,99,99,99,96,96,96,96,96,0,20
LIRCMOP8_BC,2,ref_y,134,93,1,0.31,93,0,0.0025362725966352,0.00540599855281009,93,20,4,0.00483594196869638,34.4086021505376,0.345644850816083,0.473723517014213,0,20,0,20,4,0.21505376344086,0.00578303556824494,0.0087851717989572,0,0.0115270012337995,NaN,0.95,0.0701208343046421,0.129032258064516,0.00658644333005953,0.0129083139315952,0.0129083139315952,NaN,0.2,400,96,592,592,459,133,264,60,53,33,3755,23,97,97,97,97,93,93,93,93,93,0,20
LIRCMOP8_BC,2,ref_y,135,102,1,0.34,102,0,0.00257394688586046,0.00547018524490478,102,20,4,0.00530393635276377,31.3725490196078,0.349522106354047,0.482206099837759,0,17,3,20,6,0.196078431372549,0.00569244759050054,0.00770492460713975,0,0.00961397336535442,NaN,0.85,0.0748463754659603,0.117647058823529,0.0118421559781864,0.0165648461373092,0.0167745329858751,0.0134616202590487,0.3,400,93,586,586,461,125,250,61,54,37,3966,22,106,106,106,106,102,102,102,102,102,0,20
LIRCMOP8_BC,2,ref_y,136,102,1,0.34,102,0,0.00233221112978265,0.00561760693721436,102,20,4,0.00530393635276377,31.3725490196078,0.350675477545576,0.482206099837759,0,20,0,20,2,0.196078431372549,0.0105989262903596,0.0136378385262414,0,0.0136378385262414,NaN,0.9,0.0571559067985537,0.117647058823529,0.010607277671238,0.0140145362822173,0.0140145362822173,NaN,0.1,400,102,604,604,464,140,254,62,59,36,3593,14,105,105,105,105,102,102,102,102,102,0,20
LIRCMOP8_BC,2,ref_y,137,105,1,0.35,105,0,0.00258949127429462,0.00800262509031685,105,20,4,0.00545993448078623,30.4761904761905,0.337576644072874,0.47115271209323,0,18,2,20,7,0.19047619047619,0.0007789577702324,0.0028040122859706,0,0.00353081900866841,NaN,0.8,0.0272510660057091,0.2,0.00136873916417768,0.00420951359593075,0.00423965266649828,0.00146754412390764,0.35,400,102,604,604,464,140,258,63,54,37,4004,18,108,108,108,108,105,105,105,105,105,0,20
LIRCMOP8_BC,2,ref_y,138,90,1,0.3,90,0,0.00216885175597463,0.00644295192052495,90,20,4,0.00467994384067391,35.5555555555556,0.340784673936457,0.473447976995022,0,20,0,20,6,0.222222222222222,0.00390266267875946,0.00825326155056668,0,0.00934155296763031,NaN,0.8,0.0842107683832841,0.0666666666666667,0.0134425597002413,0.019179352938532,0.019179352938532,NaN,0.3,400,105,610,610,457,153,229,60,54,32,4307,22,93,93,93,93,90,90,90,90,90,0,20
LIRCMOP8_BC,2,ref_y,139,99,1,0.33,99,0,0.00195383021095767,0.00642183339978079,99,20,4,0.0051479382247413,32.3232323232323,0.349545307221224,0.506426357379609,0,20,0,20,6,0.202020202020202,0.00431458807411689,0.00513256872183613,0,0.00534086380670666,NaN,0.45,-0.00157908186551792,0.212121212121212,0.00489916521378558,0.0059465982927892,0.0059465982927892,NaN,0.3,400,90,580,580,453,127,242,64,61,34,3067,0,102,102,102,102,99,99,99,99,99,0,20
LIRCMOP8_BC,2,ref_y,140,96,1,0.32,96,0,0.00209359399623279,0.00483021332069626,96,20,4,0.00499194009671884,33.3333333333333,0.359521745441815,0.506426357379609,0,20,0,20,5,0.208333333333333,0.005505225688184,0.00739741818974072,0,0.00828039589720673,NaN,0.55,0.0300747699144104,0.09375,0.00836807098681579,0.0118348588805935,0.0118348588805935,NaN,0.25,400,99,598,598,457,141,269,62,57,34,3896,0,102,102,102,99,96,96,96,96,96,0,20
LIRCMOP8_BC,2,ref_y,141,87,1,0.29,87,0,0.00214674721813291,0.00493871897943165,87,20,4,0.00452394571265145,36.7816091954023,0.362450293399054,0.507930022069578,0,20,0,20,5,0.229885057471264,0.00403064531674325,0.00987396131995957,0,0.0125104790439814,NaN,0.9,0.0632914176114531,0.103448275862069,0.0134446295688967,0.0162416907770411,0.0162416907770411,NaN,0.25,400,96,592,592,450,142,260,56,54,30,3956,0,90,90,90,90,87,87,87,87,87,0,20
LIRCMOP8_BC,2,ref_y,142,86,1,0.29,86,0,0.00182327056904764,0.00475701138544678,86,20,4,0.00447194633664396,37.2093023255814,0.337576644072874,0.462110036024155,0,20,0,20,5,0.232558139534884,0.00537494561906891,0.0087209966841624,0,0.00915496905220758,NaN,0.55,0.0494517914789488,0.103448275862069,0.00907072216540022,0.0159455766547741,0.0159455766547741,NaN,0.25,400,87,574,574,445,129,245,57,61,30,2679,5,90,90,90,90,86,86,86,86,86,0,20
LIRCMOP8_BC,2,ref_y,143,88,1,0.3,88,0,0.00171359895709354,0.00596809698873475,88,20,4,0.00457594508865894,36.3636363636364,0.332251565830236,0.462110036024155,0,20,0,20,6,0.227272727272727,0.00406444697590814,0.00858179810573578,0,0.0108735866997548,NaN,1,0.0525606245921072,0.1,0.0130223684609521,0.0194257263543547,0.0194257263543547,NaN,0.3,400,86,572,572,445,127,233,57,66,32,2395,5,93,93,93,93,88,88,88,88,88,0,20
LIRCMOP8_BC,2,ref_y,144,93,1,0.31,93,0,0.00167694179398106,0.00554578768601922,93,20,4,0.00483594196869638,34.4086021505376,0.360676936488868,0.50830593824207,0,20,0,20,6,0.21505376344086,0.00450693203108919,0.00837742075485428,0,0.0124949040383743,NaN,0.65,0.0163466122928071,0.0645161290322581,0.0149756777881747,0.0230518805556955,0.0230518805556955,NaN,0.3,400,88,576,576,451,125,254,57,67,34,2706,17,99,99,99,99,93,93,93,93,93,0,20
LIRCMOP8_BC,2,ref_y,145,84,1,0.28,84,0,0.0018952068808476,0.00528397659250862,84,20,4,0.00436794758462898,38.0952380952381,0.361375742235153,0.508116807846667,0,20,0,20,6,0.238095238095238,0.00389161449916385,0.00898878152493031,0,0.0124931483395977,NaN,0.7,0.0281358609085549,0.107142857142857,0.0154273653803208,0.0232400547512281,0.0232400547512281,NaN,0.3,400,93,586,586,447,139,235,57,59,31,3706,19,90,90,90,90,84,84,84,84,84,0,20
LIRCMOP8_BC,2,ref_y,146,87,1,0.3,87,0,0.00213731181134993,0.00623585040435985,87,20,4,0.00452394571265145,36.7816091954023,0.360676936488868,0.534531963671873,0,20,0,20,3,0.229885057471264,0.00887289695296346,0.0201351946641925,0,0.0263482623289287,NaN,1,0.0233917415595573,0.1,0.0215862042673981,0.0301879192757856,0.0301879192757856,NaN,0.15,400,84,568,568,445,123,230,58,57,32,3181,32,91,91,91,91,87,87,87,87,87,0,20
LIRCMOP8_BC,2,ref_y,147,98,1,0.34,98,0,0.00176773894296538,0.0068193843207061,98,20,4,0.00509593884873382,32.6530612244898,0.362608762459682,0.515342190580415,0,20,0,20,4,0.204081632653061,0.00604911707561571,0.0105560129999506,0,0.0216586376162778,NaN,0.9,0.0299663255588683,0.0882352941176471,0.0176241180953885,0.0290163951422889,0.0290163951422889,NaN,0.2,400,87,574,574,443,131,232,57,70,36,2589,34,103,103,103,103,98,98,98,98,98,0,20
LIRCMOP8_BC,2,ref_y,148,99,1,0.33,99,0,0.00246890699652585,0.00588444200901104,99,20,4,0.0051479382247413,32.3232323232323,0.358366554394762,0.544761943883857,0,20,0,20,11,0.202020202020202,0.0257724382729867,0.0346193625170528,0,0.0354326142336897,NaN,0.7,0.0666764835173451,0.121212121212121,0.0274502952813622,0.0369891662381432,0.0369891662381432,NaN,0.55,400,98,596,596,456,140,251,62,58,34,4008,15,102,102,102,102,99,99,99,99,99,0,20
LIRCMOP8_BC,2,ref_y,149,108,1,0.36,108,0,0.00234886881566085,0.00558257887958142,108,20,4,0.00561593260880869,29.6296296296296,0.361563614943961,0.56070284642523,0,20,0,20,11,0.185185185185185,0.0272397873272229,0.0425273692348544,0,0.0434187511217387,NaN,0.85,0.0338270465986911,0.111111111111111,0.0299312438183955,0.0450172107369048,0.0450172107369048,NaN,0.55,400,99,598,598,453,145,263,66,61,37,3683,11,111,111,111,111,108,108,108,108,108,0,20
LIRCMOP8_BC,2,ref_y,150,108,1,0.36,108,0,0.00255842997191588,0.0051035175025502,108,20,4,0.00561593260880869,29.6296296296296,0.359285565181393,0.544761943883857,0,20,0,20,1,0.185185185185185,0.00585730278993919,0.0181146587381976,0,0.0346521652118329,NaN,0.55,0.00421483028124109,0.0555555555555556,0.0265658138341455,0.0382736386772242,0.0382736386772242,NaN,0.05,400,108,616,616,458,158,245,63,60,38,4186,11,114,114,114,114,108,108,108,108,108,0,20
LIRCMOP8_BC,2,ref_y,151,105,1,0.35,105,0,0.00176193757098765,0.00525873033267715,105,20,4,0.00545993448078623,30.4761904761905,0.360676936488868,0.602487986715846,0,20,0,20,12,0.19047619047619,0.0313686185051317,0.0513762286209776,0,0.0520258100738566,NaN,0.55,0.0196296022714359,0.2,0.0352223894688249,0.0533022604004732,0.0533022604004732,NaN,0.6,400,108,616,616,452,164,229,58,66,38,3744,18,114,114,114,114,105,105,105,105,105,0,20
LIRCMOP8_BC,2,ref_y,152,120,1,0.4,120,0,0.00187263799342987,0.00602366026119674,120,20,4,0.00623992512089855,26.6666666666667,0.361563614943961,0.582220739891552,0,17,3,20,12,0.166666666666667,0.0270633832185731,0.0534637209801121,0,0.0537953383560286,NaN,0.5,-0.00100216372433834,0.15,0.0341838076616342,0.0544202210443417,0.0550919122447921,0.0511401956677631,0.6,400,105,610,610,445,165,227,66,59,41,4422,34,123,123,123,123,120,120,120,120,120,0,20
LIRCMOP8_BC,2,ref_y,153,96,1,0.32,96,0,0.00211820370844305,0.00773135772698963,96,20,4,0.00499194009671884,33.3333333333333,0.345745598810312,0.575127120200623,0,14,6,20,8,0.208333333333333,0.0051827582121068,0.00968657445727335,0,0.0102813694361861,NaN,0.85,0.0237201961318248,0.21875,0.0107571628812731,0.0147662513824665,0.0152879587271113,0.0133907630172646,0.4,400,120,640,640,460,180,245,58,50,35,6392,16,105,105,105,105,96,96,96,96,96,0,20
LIRCMOP8_BC,2,ref_y,154,87,1,0.29,87,0,0.00141850994896164,0.00601321959830287,87,20,4,0.00452394571265145,36.7816091954023,0.362450293399054,0.599853261289173,0,17,3,20,18,0.229885057471264,0.0386487979048729,0.0575747943966786,0,0.0575747943966786,NaN,0.9,0.0410995742988328,0.275862068965517,0.0458873821547503,0.0595687803248494,0.0600938375054314,0.0571261853899924,0.9,400,96,592,592,438,154,228,57,50,35,4627,2,105,105,105,105,87,87,87,87,87,0,20
LIRCMOP8_BC,2,ref_y,155,85,1,0.29,85,0,0.00159721050745422,0.00675711871156195,85,20,4,0.00441994696063647,37.6470588235294,0.362450293399054,0.602487986715846,0,18,2,20,3,0.235294117647059,0.00803376015198191,0.0207202679290287,0,0.0271578056505214,NaN,0.9,0.0333529337973278,0.103448275862069,0.0200280415461826,0.0294445670556649,0.029673302947084,0.0285056247614854,0.15,400,87,574,574,429,145,235,59,51,34,4298,16,102,102,102,102,85,85,85,85,85,0,20
LIRCMOP8_BC,2,ref_y,156,84,1,0.28,84,0,0.00163560987696343,0.00584185476325288,84,20,4,0.00436794758462898,38.0952380952381,0.37418174217617,0.612361466528281,0,13,7,20,10,0.238095238095238,0.0255298638377229,0.0350133209512461,0,0.0355582336980775,NaN,1,0.0422099217893163,0.178571428571429,0.02938434405968,0.0362121852576693,0.0354087742893191,0.0365630564911102,0.5,400,85,570,570,425,145,203,64,52,33,3907,19,99,99,99,99,84,84,84,84,84,0,20
LIRCMOP8_BC,2,ref_y,157,85,1,0.29,85,0,0.00174053636211823,0.0073447934659945,85,20,4,0.00441994696063647,37.6470588235294,0.374983906293542,0.612361466528281,0,20,0,20,18,0.235294117647059,0.0547514405284956,0.0958678188625348,0,0.0958678188625348,NaN,0.8,0.0210326561859372,0.241379310344828,0.0621646803370002,0.0976099133646256,0.0976099133646256,NaN,0.9,400,84,568,568,418,150,224,64,54,34,4365,20,102,102,102,102,85,85,85,85,85,0,20
LIRCMOP8_BC,2,ref_y,158,84,1,0.28,84,0,0.00195016342391304,0.0084828454792935,84,20,4,0.00436794758462898,38.0952380952381,0.373379578058798,0.602487986715846,0,20,0,20,14,0.238095238095238,0.0452884373689575,0.07648561169001,0,0.07648561169001,NaN,0.2,-0.0432104267498031,0.107142857142857,0.0510246064735196,0.0777508357544145,0.0777508357544145,NaN,0.7,400,85,570,570,414,156,211,60,58,34,4121,5,99,99,99,99,84,84,84,84,84,0,20
LIRCMOP8_BC,2,ref_y,159,85,1,0.29,85,0,0.002018540080169,0.00981745864591477,85,20,4,0.00441994696063647,37.6470588235294,0.387107116438145,0.664550144211621,0,20,0,20,10,0.235294117647059,0.0209950563196454,0.0452599627282356,0,0.0452599627282356,NaN,0.7,0.016810987278382,0.172413793103448,0.0269678078765038,0.0462832991366821,0.0462832991366821,NaN,0.5,400,84,568,568,411,157,256,65,56,36,4713,53,101,101,101,101,85,85,85,85,85,0,20
LIRCMOP8_BC,2,ref_y,160,88,1,0.3,88,0,0.00206609331299655,0.0082529917391082,88,20,4,0.00457594508865894,36.3636363636364,0.373379578058798,0.598535898575836,0,20,0,20,12,0.227272727272727,0.0232513285750154,0.0504291469720622,0,0.0504291469720622,NaN,0.8,0.0396043824650353,0.166666666666667,0.0281018597434369,0.0532530600028232,0.0532530600028232,NaN,0.6,400,85,570,570,426,144,237,68,57,38,4528,11,105,105,105,105,88,88,88,88,88,0,20
LIRCMOP8_BC,2,ref_y,161,96,1,0.32,96,0,0.00196555120655721,0.00811376094220154,96,20,4,0.00499194009671884,33.3333333333333,0.394658211210855,0.595267154844383,0,19,1,20,13,0.208333333333333,0.0166573676752003,0.0368121329956257,0,0.0368121329956257,NaN,1,0.0840200323675976,0.15625,0.0248608361661083,0.0403488050322677,0.0405251774137121,0.0304138357276263,0.65,400,88,576,576,426,150,273,69,56,38,4435,19,108,108,108,108,96,96,96,96,96,0,20
LIRCMOP8_BC,2,ref_y,162,93,1,0.31,93,0,0.00210123159723653,0.00715169877594229,93,20,4,0.00483594196869638,34.4086021505376,0.400965417387735,0.603665052988793,0,9,11,20,4,0.21505376344086,0.005441613947019,0.0120352940998319,0,0.0144933803373004,NaN,0.85,0.0299712975007227,0.129032258064516,0.012566101198384,0.0150023612705595,0.0151767989915336,0.0148279235495854,0.2,400,96,592,592,433,159,252,71,55,39,4699,17,108,108,108,108,93,93,93,93,93,0,20
LIRCMOP8_BC,2,ref_y,163,99,1,0.33,99,0,0.00187735068933524,0.00652784184045251,99,20,4,0.0051479382247413,32.3232323232323,0.436351952492863,0.602487986715846,0,16,4,20,1,0.202020202020202,0.00589379456482998,0.0147728498837079,0,0.0259745426194254,NaN,0.6,0.0156736789847654,0.0606060606060606,0.0195204504433069,0.0264312564084848,0.0258119596521493,0.0268562732891008,0.05,400,93,586,586,432,154,243,67,67,42,3397,22,114,114,114,114,99,99,99,99,99,0,20
LIRCMOP8_BC,2,ref_y,164,95,1,0.33,95,0,0.00212028101519108,0.00995886789843298,95,20,4,0.00493994072071135,33.6842105263158,0.418592299136678,0.595267154844383,0,20,0,20,2,0.210526315789474,0.00506628877922862,0.0189264698430858,0,0.0398882927665485,NaN,0.85,0.0333803844379984,0.121212121212121,0.0328100262361168,0.0433896034590419,0.0433896034590419,NaN,0.1,400,99,598,598,441,157,241,66,59,39,4812,6,107,107,107,107,95,95,95,95,95,0,20
LIRCMOP8_BC,2,ref_y,165,102,1,0.34,102,0,0.00223179714499505,0.0100183451219122,102,20,4,0.00530393635276377,31.3725490196078,0.39405374247136,0.602487986715846,0,19,1,20,6,0.196078431372549,0.00825379484079249,0.028356840698023,0,0.0387147863928711,NaN,0.9,0.0445078151237354,0.176470588235294,0.0260357056217316,0.0402208884937461,0.0403930884164993,0.0391181661372067,0.3,400,95,590,590,426,164,252,69,56,38,5053,7,114,114,114,114,102,102,102,102,102,0,20
LIRCMOP8_BC,2,ref_y,166,96,1,0.32,96,0,0.00191148080327756,0.00724900627692834,96,20,4,0.00499194009671884,33.3333333333333,0.38768597225611,0.58931435958248,0,20,0,20,4,0.208333333333333,0.00856390911336036,0.0281543993786688,0,0.042064305999918,NaN,0.8,0.0364284983616395,0.125,0.0273793137890605,0.0439347139803342,0.0439347139803342,NaN,0.2,400,102,604,604,444,160,241,65,57,37,4746,49,111,111,111,111,96,96,96,96,96,0,20
LIRCMOP8_BC,2,ref_y,167,107,1,0.36,107,0,0.00268658228367551,0.0106589883895215,107,20,4,0.00556393323280121,29.9065420560748,0.387107116438145,0.633725293225318,0,20,0,20,5,0.186915887850467,0.00931066947900782,0.0276877351108651,0,0.0464117745336499,NaN,0.85,0.0417078317740647,0.166666666666667,0.0280735452911266,0.0484006299186989,0.0484006299186989,NaN,0.25,400,96,592,592,419,173,240,67,62,41,4334,46,122,122,122,122,107,107,107,107,107,0,20
LIRCMOP8_BC,2,ref_y,168,120,1,0.4,120,0,0.00214317159790167,0.00793395507918735,120,20,4,0.00623992512089855,26.6666666666667,0.475678648509185,0.64825351582938,0,20,0,20,2,0.166666666666667,0.0062986187117198,0.0198426954387934,0,0.0412179127274902,NaN,0.95,0.0576200368872265,0.075,0.0301778259107269,0.0433861587453069,0.0433861587453069,NaN,0.1,400,107,614,614,444,170,255,67,73,46,3709,81,135,135,135,135,120,120,120,120,120,0,20
LIRCMOP8_BC,2,ref_y,169,105,1,0.35,105,0,0.00192853202650208,0.00723500131001366,105,20,4,0.00545993448078623,30.4761904761905,0.471371663922942,0.633725293225318,0,20,0,20,2,0.19047619047619,0.0113456641898294,0.0230135294754207,0,0.033853043906754,NaN,0.95,0.0441976208888316,0.114285714285714,0.0248957520847888,0.0355354785790728,0.0355354785790728,NaN,0.1,400,120,640,640,445,195,268,65,67,41,5719,13,120,120,120,120,105,105,105,105,105,0,20
LIRCMOP8_BC,2,ref_y,170,114,1,0.38,114,0,0.00201709363583061,0.00748085417038486,114,20,4,0.00592792886485362,28.0701754385965,0.442074825271323,0.633725293225318,0,20,0,20,1,0.175438596491228,0.00343612745290768,0.015887275725112,0,0.0411790480721303,NaN,1,0.0577838096263344,0.0526315789473684,0.0345347566504111,0.0450909632473692,0.0450909632473692,NaN,0.05,400,105,610,610,434,176,270,66,70,44,4495,6,129,129,129,129,114,114,114,114,114,0,20
LIRCMOP8_BC,2,ref_y,171,94,1,0.32,94,0,0.00188504879169218,0.00779360182994266,94,20,4,0.00488794134470386,34.0425531914894,0.387107116438145,0.636806628689562,0,20,0,20,9,0.212765957446809,0.0182775666930974,0.0403612070875805,0,0.0459569670014881,NaN,0.95,0.0424446131926235,0.21875,0.0298751527693812,0.0459574974493606,0.0459574974493606,NaN,0.45,400,114,628,628,443,185,247,65,57,37,6271,5,108,108,108,108,94,94,94,94,94,0,20
LIRCMOP8_BC,2,ref_y,172,113,1,0.38,113,0,0.00265114185403206,0.0100558435822301,113,20,4,0.00587592948884613,28.3185840707965,0.424197471307882,0.633603376802639,0,20,0,20,16,0.176991150442478,0.0639413169652188,0.112428824099036,0,0.112428824099036,NaN,0.9,0.0463872450115828,0.236842105263158,0.0748902943698151,0.114476596629957,0.114476596629957,NaN,0.8,400,94,588,588,423,165,260,69,63,43,4345,9,126,126,126,126,113,113,113,113,113,0,20
LIRCMOP8_BC,2,ref_y,173,99,1,0.33,99,0,0.00216348734997701,0.00727639382487001,99,20,4,0.0051479382247413,32.3232323232323,0.468367064224971,0.633725293225318,0,20,0,20,9,0.202020202020202,0.0245852587198988,0.0512156732887901,0,0.0750619929430185,NaN,0.6,0.0118990767892085,0.121212121212121,0.0544724047251066,0.0756404384511242,0.0756404384511242,NaN,0.45,400,113,626,626,440,186,267,67,59,39,6459,8,114,114,114,114,99,99,99,99,99,0,20
LIRCMOP8_BC,2,ref_y,174,108,1,0.36,108,0,0.00207080640519067,0.00832958579940884,108,20,4,0.00561593260880869,29.6296296296296,0.447784567615412,0.665783707043245,0,20,0,20,7,0.185185185185185,0.0167567120882535,0.0414354663307293,0,0.0414354663307293,NaN,0.6,0.0278539371620768,0.111111111111111,0.026049424567482,0.044262792797063,0.044262792797063,NaN,0.35,400,99,598,598,427,171,242,68,64,42,4598,1,126,126,126,126,108,108,108,108,108,0,20
LIRCMOP8_BC,2,ref_y,175,117,1,0.39,117,0,0.00280570820675838,0.0102684051681043,117,20,4,0.00608392699287609,27.3504273504273,0.468367064224971,0.665635895671867,0,20,0,20,12,0.170940170940171,0.0320656468659794,0.0751013618438362,0,0.0754271900144694,NaN,0.6,0.027003698762349,0.179487179487179,0.0372095019036933,0.0769603689340202,0.0769603689340202,NaN,0.6,400,108,616,616,442,174,277,71,63,44,4715,0,132,132,132,132,117,117,117,117,117,0,20
LIRCMOP8_BC,2,ref_y,176,108,1,0.36,108,0,0.00230282531056635,0.00982564479445171,108,20,4,0.00561593260880869,29.6296296296296,0.420940466179511,0.660728597704872,0,20,0,20,14,0.185185185185185,0.0408318308402714,0.0994720124351429,0,0.100974613111262,NaN,0.75,0.0233688131949537,0.277777777777778,0.0545378961697705,0.102854753402496,0.102854753402496,NaN,0.7,400,117,634,634,449,185,253,71,64,42,5311,3,126,126,126,126,108,108,108,108,108,0,20
LIRCMOP8_BC,2,ref_y,177,106,1,0.36,106,0,0.00251994265005302,0.0102261987220143,106,20,4,0.00551193385679372,30.188679245283,0.486691824178072,0.649278235781884,0,20,0,20,7,0.188679245283019,0.0139576768173092,0.0324177812245298,0,0.0325610510749202,NaN,0.85,0.039907585721154,0.194444444444444,0.0223236526655289,0.0339005169514799,0.0339005169514799,NaN,0.35,400,108,616,616,432,184,261,72,61,41,5185,25,118,118,118,118,106,106,106,106,106,0,20
LIRCMOP8_BC,2,ref_y,178,123,1,0.41,123,0,0.00244601020435404,0.00988894136682561,123,20,4,0.00639592324892101,26.0162601626016,0.417683461051139,0.663352569881128,0,19,1,20,1,0.16260162601626,0.0108282700256326,0.0155234030991581,0,0.0259637584689695,NaN,0.85,0.0439400805007544,0.0487804878048781,0.0257834589209524,0.0267475138468692,0.0267718491844006,0.0260795566587635,0.05,400,106,612,612,431,181,264,77,64,47,4877,17,140,140,140,140,123,123,123,123,123,0,20
LIRCMOP8_BC,2,ref_y,179,138,1,0.46,138,0,0.00242228762768634,0.0103856997801631,138,20,4,0.00717591388903333,23.1884057971014,0.430116648107606,0.649278235781884,0,20,0,20,9,0.144927536231884,0.0162602441224334,0.0693535076181304,0,0.0702803324781016,NaN,0.7,0.014131570109704,0.130434782608696,0.0213334529933179,0.0717185224160388,0.0717185224160388,NaN,0.45,400,123,646,646,454,192,295,74,75,52,4588,23,156,156,156,156,138,138,138,138,138,0,20
LIRCMOP8_BC,2,ref_y,180,120,1,0.4,120,0,0.00263385542537494,0.00998185757495111,120,20,4,0.00623992512089855,26.6666666666667,0.420940466179511,0.657457065726875,0,20,0,20,3,0.166666666666667,0.00901481953416979,0.0198704359458913,0,0.0256632643594048,NaN,0.85,0.0577899112739889,0.1,0.0188525210276652,0.0266760217466955,0.0266760217466955,NaN,0.15,400,138,676,676,477,199,293,73,67,47,6140,26,141,141,141,138,120,120,120,120,120,0,20
LIRCMOP8_BC,2,ref_y,181,120,1,0.41,120,0,0.00252798515593684,0.0111692635640119,120,20,4,0.00623992512089855,26.6666666666667,0.385695240525275,0.641501764503601,0,20,0,20,5,0.166666666666667,0.00538753677654083,0.00798589224259735,0,0.0135738020904834,NaN,0.65,0.018889931821555,0.146341463414634,0.0114515959307141,0.0145408531209597,0.0145408531209597,NaN,0.25,400,120,640,640,461,179,267,68,67,47,4790,22,139,139,139,139,120,120,120,120,120,0,20
LIRCMOP8_BC,2,ref_y,182,123,1,0.41,123,0,0.00253131255974157,0.00995302889188466,123,20,4,0.00639592324892101,26.0162601626016,0.387107116438145,0.651978936312196,0,20,0,20,4,0.16260162601626,0.00709558690399333,0.0165243449529884,0,0.0208403380161815,NaN,0.7,0.0310347237946526,0.146341463414634,0.0173341039682543,0.0223693006328279,0.0223693006328279,NaN,0.2,400,120,640,640,460,180,271,70,67,45,4747,16,135,135,135,135,123,123,123,123,123,0,20
LIRCMOP8_BC,2,ref_y,183,116,1,0.4,116,0,0.00346717251422829,0.0128918320119203,116,20,4,0.0060319276168686,27.5862068965517,0.385695240525275,0.647722941526227,0,20,0,20,6,0.172413793103448,0.00366055884083995,0.0132588663457635,0,0.0181368790789267,NaN,0.4,-0.024175795964069,0.125,0.0183462429344654,0.0221337895135388,0.0221337895135388,NaN,0.3,400,123,646,646,449,197,265,71,62,43,5371,27,126,126,126,126,116,116,116,116,116,0,20
LIRCMOP8_BC,2,ref_y,184,44,1,0.16,44,0,0.00575558319273791,0.0168799619542561,44,20,4,0.00228797254432947,72.7272727272727,0.301053262257749,0.509431790260506,0,20,0,20,4,0.454545454545455,0.00574378100194998,0.0115665841341552,0,0.0143458911496872,NaN,0.75,0.0470908027121066,0.375,0.0118320035986661,0.0155929133414634,0.0155929133414634,NaN,0.2,400,116,632,632,443,189,164,37,81,19,1148,47,54,54,54,51,44,44,44,44,44,0,20
LIRCMOP8_BC,2,ref_y,185,45,1,0.15,45,0,0.00421194294830946,0.0138377575053079,45,20,4,0.00233997192033696,71.1111111111111,0.301053262257749,0.509431790260506,0,20,0,20,8,0.444444444444444,0.0187809376124231,0.0967159983736174,0,0.0993455853848991,NaN,0.8,0.0422536314748712,0.4,0.0212728584459534,0.101512002055768,0.101512002055768,NaN,0.4,400,44,488,488,395,93,196,38,77,17,1344,47,51,51,51,51,45,45,45,45,45,0,20
LIRCMOP8_BC,2,ref_y,186,51,1,0.17,51,0,0.0057643291873765,0.0223445645805486,51,20,4,0.00265196817638188,62.7450980392157,0.343309581896453,0.509431790260506,0,20,0,20,7,0.392156862745098,0.00495435559087329,0.014064631618993,0,0.0183272818949025,NaN,0.7,0.0372427173500496,0.352941176470588,0.0143204366389593,0.0191297651749031,0.0191297651749031,NaN,0.35,400,45,490,490,396,94,186,44,69,18,1532,15,54,54,54,54,51,51,51,51,51,0,20
LIRCMOP8_BC,2,ref_y,187,44,1,0.15,44,0,0.00700319598279418,0.0218674441252153,44,20,4,0.00228797254432947,72.7272727272727,0.300360753004284,0.37494767921692,0,20,0,20,2,0.454545454545455,0.0131100689803304,0.0164151442920757,0,0.016632268145922,NaN,0.95,0.0467945569703017,0.266666666666667,0.0161922031544201,0.0173546569145423,0.0173546569145423,NaN,0.1,400,51,502,502,373,129,157,40,75,18,1254,55,50,50,50,47,44,44,44,44,44,0,20
LIRCMOP8_BC,2,ref_y,188,50,1,0.17,50,0,0.00780393633914586,0.0207272037782794,50,20,4,0.0025999688003744,64,0.253987753136357,0.381447269801807,0,20,0,20,5,0.4,0.0123541453978019,0.0236801190020881,0,0.0252864426660474,NaN,0.95,0.0213868431553287,0.294117647058824,0.0163876933158743,0.0278142725202401,0.0278142725202401,NaN,0.25,400,44,488,488,396,92,177,41,75,19,1248,73,53,53,53,53,50,50,50,50,50,0,20
LIRCMOP8_BC,2,ref_y,189,47,1,0.16,47,0,0.00506660814312254,0.0234437204354832,47,20,4,0.00244397067235193,68.0851063829787,0.253987753136357,0.406875110256696,0,20,0,20,6,0.425531914893617,0.00845242705358415,0.0246196291611555,0,0.028589346430425,NaN,0.65,0.00889793219928545,0.4375,0.012315520997825,0.0310073573020448,0.0310073573020448,NaN,0.3,400,50,500,500,394,106,166,37,76,17,1362,67,50,50,50,50,47,47,47,47,47,0,20
LIRCMOP8_BC,2,ref_y,190,52,1,0.18,52,0,0.00769132199666293,0.0297802151819947,52,20,4,0.00270396755238937,61.5384615384615,0.252704642021336,0.381447269801807,0,20,0,20,1,0.384615384615385,0.0108399589512363,0.013297091873251,0,0.0202731472382236,NaN,0.35,-0.0073432383580917,0.111111111111111,0.0204018200154704,0.0234932896948873,0.0234932896948873,NaN,0.05,400,47,494,494,396,98,167,38,80,21,1290,66,58,58,58,58,52,52,52,52,52,0,20
LIRCMOP8_BC,2,ref_y,191,60,1,0.2,60,0,0.00599448343364813,0.021893674752141,60,20,4,0.00311996256044927,53.3333333333333,0.269687531646766,0.41848125998654,0,20,0,20,2,0.333333333333333,0.00720165590812241,0.0208359486571561,0,0.0257870493721468,NaN,0.1,-0.014434925643933,0.1,0.0217229449279913,0.0317103054211645,0.0317103054211645,NaN,0.1,400,52,504,504,390,114,191,45,71,23,1766,39,63,63,63,63,60,60,60,60,60,0,20
LIRCMOP8_BC,2,ref_y,192,63,1,0.21,63,0,0.00621176372628223,0.0204137487576433,63,20,4,0.00327596068847174,50.7936507936508,0.253987753136357,0.411321189881696,0,20,0,20,8,0.317460317460317,0.0214720787776306,0.0236337737438999,0,0.0435808120637475,NaN,0.1,-0.0285720872264378,0.285714285714286,0.0264805429317431,0.0509820930820602,0.0509820930820602,NaN,0.4,400,60,520,520,399,121,174,45,73,23,2179,62,66,66,66,66,63,63,63,63,63,0,20
LIRCMOP8_BC,2,ref_y,193,64,1,0.22,64,0,0.00437113099655323,0.0197140182681122,64,20,4,0.00332796006447923,50,0.266988453113291,0.408934499846748,0,20,0,20,6,0.3125,0.00873687017325281,0.0238627356320595,0,0.0247760371249011,NaN,0.25,-0.0144487568715159,0.227272727272727,0.0106233905726721,0.0259488435361795,0.0259488435361795,NaN,0.3,400,63,526,526,400,126,194,47,73,24,1881,103,67,67,67,67,64,64,64,64,64,0,20
LIRCMOP8_BC,2,ref_y,194,57,1,0.19,57,0,0.00389248507186886,0.01667280741498,57,20,4,0.00296396443242681,56.140350877193,0.266083572150512,0.42469165256695,0,20,0,20,11,0.350877192982456,0.0222518236686109,0.0493850989439346,0,0.0493850989439346,NaN,0.5,-0.00629987899938553,0.421052631578947,0.0229634052342557,0.0516443876599773,0.0516443876599773,NaN,0.55,400,64,528,528,401,127,167,42,82,26,2088,77,75,75,75,75,57,57,57,57,57,0,20
LIRCMOP8_BC,2,ref_y,195,54,1,0.18,54,0,0.00325878669106072,0.00807306522718667,54,20,4,0.00280796630440435,59.2592592592593,0.298535470899511,0.43041471016128,0,20,0,20,3,0.37037037037037,0.00826569458137422,0.011839145166947,0,0.011839145166947,NaN,1,0.0187207012708905,0.166666666666667,0.0134338731625861,0.016175634958313,0.016175634958313,NaN,0.15,400,57,514,514,397,117,156,39,83,24,1891,65,71,71,71,71,54,54,54,54,54,0,20
LIRCMOP8_BC,2,ref_y,196,47,1,0.16,47,0,0.00432399515746153,0.0148044042893427,47,20,4,0.00244397067235193,68.0851063829787,0.274391804924299,0.423605346437225,0,20,0,20,10,0.425531914893617,0.0110756646590964,0.0347737604800107,0,0.037191450587226,NaN,0.7,0.0222463732753204,0.375,0.0166802127326993,0.0397103626549146,0.0397103626549146,NaN,0.5,400,54,508,508,374,134,183,38,80,22,2458,92,64,64,64,64,47,47,47,47,47,0,20
LIRCMOP8_BC,2,ref_y,197,56,1,0.19,56,0,0.00420190113997015,0.0167435268989721,56,20,4,0.00291196505641932,57.1428571428571,0.263626998147001,0.400292534181004,0,20,0,20,13,0.357142857142857,0.0158470389887963,0.0774102551862483,0,0.0840247692583727,NaN,0.95,0.0599480939351984,0.526315789473684,0.0338270304385026,0.0870491048631099,0.0870491048631099,NaN,0.65,400,47,494,494,361,133,188,40,80,24,2096,38,71,71,71,71,56,56,56,56,56,0,20
LIRCMOP8_BC,2,ref_y,198,57,1,0.19,57,0,0.00269950788036913,0.0115336052671777,57,20,4,0.00296396443242681,56.140350877193,0.250941192837539,0.389807595036501,0,20,0,20,1,0.350877192982456,0.00685591793605791,0.0083101039900233,0,0.0103872204236449,NaN,0.9,0.0196361776079423,0.105263157894737,0.01626778312303,0.0189107443675402,0.0189107443675402,NaN,0.05,400,56,512,512,371,141,156,36,91,27,1885,52,75,75,75,75,57,57,57,57,57,0,20
LIRCMOP8_BC,2,ref_y,199,63,1,0.21,63,0,0.00315270978990026,0.0161241389377485,63,20,4,0.00327596068847174,50.7936507936508,0.250941192837539,0.390040132538493,0,20,0,20,9,0.317460317460317,0.00981424606805625,0.0171119343349316,0,0.0199167019698336,NaN,0.3,-0.0149312945330628,0.19047619047619,0.0102179470036429,0.0247072505827722,0.0247072505827722,NaN,0.45,400,57,514,514,383,131,157,39,89,30,2133,17,86,86,86,86,63,63,63,63,63,0,20
LIRCMOP8_BC,2,ref_y,200,46,1,0.16,46,0,0.00268325953703405,0.00725154165387197,46,20,4,0.00239197129634444,69.5652173913043,0.284167817083063,0.401757162987077,0,20,0,20,7,0.434782608695652,0.00482143454698994,0.0163299605815294,0,0.0163299605815294,NaN,0.3,-0.016156890498019,0.25,0.0109287674176,0.0194591376383485,0.0194591376383485,NaN,0.35,400,63,526,526,364,162,141,37,81,22,2709,76,57,57,57,57,46,46,46,46,46,0,20
LIRCMOP8_BC,2,ref_y,201,57,1,0.19,57,0,0.00294187037878211,0.00956191953204159,57,20,4,0.00296396443242681,56.140350877193,0.226809762579107,0.447034810938003,0,20,0,20,5,0.350877192982456,0.00564333154528842,0.0160858197976747,0,0.0160858197976747,NaN,0.9,0.0265984783194618,0.210526315789474,0.00893106499633743,0.0199229649592467,0.0199229649592467,NaN,0.25,400,46,492,492,360,132,183,41,86,27,1676,63,72,72,72,72,57,57,57,57,57,0,20
LIRCMOP8_BC,2,ref_y,202,63,1,0.21,63,0,0.00256470210838681,0.00687436700197434,63,20,4,0.00327596068847174,50.7936507936508,0.224290101328345,0.401135183294091,0,20,0,20,2,0.317460317460317,0.00322076952898941,0.00682992022869117,0,0.00682992022869117,NaN,0.55,0.00388931804718876,0.142857142857143,0.00662631354019989,0.00774595505319021,0.00774595505319021,NaN,0.1,400,57,514,514,363,151,184,38,91,29,2121,37,81,81,81,81,63,63,63,63,63,0,20
LIRCMOP8_BC,2,ref_y,203,60,1,0.2,60,0,0.00215833000682638,0.00590441450036619,60,20,4,0.00311996256044927,53.3333333333333,0.223735400826565,0.355656300721317,0,20,0,20,3,0.333333333333333,0.00805329375994603,0.0104688775438868,0,0.0124621674380815,NaN,0.55,0.0044798836898558,0.15,0.0131549732695951,0.0148863225336383,0.0148863225336383,NaN,0.15,400,63,526,526,380,146,201,36,90,27,2352,77,75,75,75,75,60,60,60,60,60,0,20
LIRCMOP8_BC,2,ref_y,204,65,1,0.22,65,0,0.00298158558103395,0.0115079892413781,65,20,4,0.00337995944048671,49.2307692307692,0.226379222218799,0.356071653042739,0,20,0,20,2,0.307692307692308,0.00768440547658243,0.0171199301100875,0,0.0171199301100875,NaN,0.85,0.0347090551775211,0.181818181818182,0.0127541252198942,0.0171364670843874,0.0171364670843874,NaN,0.1,400,60,520,520,365,155,180,38,89,28,2377,29,78,78,78,78,65,65,65,65,65,0,20
LIRCMOP8_BC,2,ref_y,205,69,1,0.23,69,0,0.00313969170830534,0.00826155902091122,69,20,4,0.00358795694451667,46.3768115942029,0.223735400826565,0.381404228496215,0,20,0,20,3,0.289855072463768,0.00140723053536708,0.00536094266733708,0,0.00558850372628315,NaN,0.95,0.0411040174822778,0.260869565217391,0.00605679337744627,0.00846070972050757,0.00846070972050757,NaN,0.15,400,65,530,530,374,156,193,39,91,30,2272,0,90,90,90,90,69,69,69,69,69,0,20
LIRCMOP8_BC,2,ref_y,206,81,1,0.27,81,0,0.00318976105599755,0.00807132405870217,81,20,4,0.00421194945660652,39.5061728395062,0.226809762579107,0.458354222925734,0,20,0,20,1,0.246913580246914,0.00248933722916629,0.0053881230770058,0,0.00564087167380545,NaN,0.45,-0.00480395711379855,0.0740740740740741,0.00777084193245962,0.0111995524461325,0.0111995524461325,NaN,0.05,400,69,538,538,373,165,180,41,91,32,2531,2,96,96,96,96,81,81,81,81,81,0,20
LIRCMOP8_BC,2,ref_y,207,80,1,0.27,80,0,0.00385043330582983,0.0130443109324733,80,20,4,0.00415995008059903,40,0.219619147004613,0.355412324284811,0,20,0,20,8,0.25,0.00297955413494203,0.0179897206856205,0,0.0195969609552544,NaN,0.8,0.011926722862031,0.148148148148148,0.00658987598795931,0.0265543830298071,0.0265543830298071,NaN,0.4,400,81,562,562,375,187,204,43,90,34,3371,26,96,96,96,96,80,80,80,80,80,0,20
LIRCMOP8_BC,2,ref_y,208,81,1,0.27,81,0,0.00251015745858368,0.00684005954900972,81,20,4,0.00421194945660652,39.5061728395062,0.225347584676376,0.351008835153335,0,20,0,20,7,0.246913580246914,0.00410303719299183,0.0267128738339645,0,0.0280835998206472,NaN,0.95,0.0299971765541225,0.148148148148148,0.00726861225211086,0.0361464226836382,0.0361464226836382,NaN,0.35,400,80,560,560,370,190,177,41,94,35,3625,41,105,105,105,105,81,81,81,81,81,0,20
LIRCMOP8_BC,2,ref_y,209,75,1,0.25,75,0,0.00321832030770968,0.00872109765582892,75,20,4,0.00389995320056159,42.6666666666667,0.22238558043656,0.34617440413389,0,20,0,20,3,0.266666666666667,0.00153140874976124,0.00448042631544136,0,0.00448042631544136,NaN,0.75,0.0241638473410052,0.08,0.00697289508305459,0.00841776371140936,0.00841776371140936,NaN,0.15,400,81,562,562,383,179,145,40,95,35,2391,53,105,105,105,105,75,75,75,75,75,0,20
LIRCMOP8_BC,2,ref_y,210,78,1,0.26,78,0,0.00261861023807378,0.00703713780019375,78,20,4,0.00405595132858406,41.025641025641,0.22238558043656,0.34617440413389,0,20,0,20,0,0.256410256410256,0.00366204266158522,0.0039155622967901,0,0.0039155622967901,NaN,1,0.0294444126491103,0,0.0149981620851487,0.0167423295265857,0.0167423295265857,NaN,0,400,75,550,550,373,177,168,41,94,35,2848,58,102,102,102,102,78,78,78,78,78,0,20
LIRCMOP8_BC,2,ref_y,211,83,1,0.28,83,0,0.00330654253081496,0.0113322404000181,83,20,4,0.0043159482086215,38.5542168674699,0.222124405363806,0.331937402535208,0,20,0,20,0,0.240963855421687,0.00607359440423955,0.00731613813893521,0,0.00731613813893521,NaN,0.85,0.0389803322594706,0,0.0139986198810924,0.0184503939325139,0.0184503939325139,NaN,0,400,78,556,556,372,184,181,42,92,38,3253,37,106,106,106,106,83,83,83,83,83,0,20
LIRCMOP8_BC,2,ref_y,212,84,1,0.28,84,0,0.00369503346760773,0.00936897274801678,84,20,4,0.00436794758462898,38.0952380952381,0.222266313210275,0.329321318900269,0,20,0,20,0,0.238095238095238,0.00443525444973715,0.00520750977114759,0,0.00520750977114759,NaN,1,0.0529071780590761,0,0.0144348705055697,0.0163354158275801,0.0163354158275801,NaN,0,400,83,566,566,370,196,191,40,94,35,3905,22,105,105,105,105,84,84,84,84,84,0,20
LIRCMOP8_BC,2,ref_y,213,84,1,0.28,84,0,0.0027309544193275,0.00784883919836342,84,20,4,0.00436794758462898,38.0952380952381,0.234659646985315,0.322386638644748,0,20,0,20,4,0.238095238095238,0.00122515309987946,0.00177964002067013,0,0.0027686185010119,NaN,1,0.0202677429550343,0.0714285714285714,0.0164690530943318,0.0206973732549821,0.0206973732549821,NaN,0.2,400,84,568,568,355,213,194,37,100,37,5118,14,109,109,109,109,84,84,84,84,84,0,20
LIRCMOP8_BC,2,ref_y,214,87,1,0.29,87,0,0.00227302464369747,0.00591025484449314,87,20,4,0.00452394571265145,36.7816091954023,0.231243216402932,0.32717984943738,0,20,0,20,0,0.229885057471264,0.00681577033318332,0.00737559478758903,0,0.00737559478758903,NaN,1,0.0429118094130723,0,0.0148467447478037,0.0186903693552369,0.0186903693552369,NaN,0,400,84,568,568,373,195,246,42,95,37,5092,10,109,109,109,109,87,87,87,87,87,0,20
LIRCMOP8_BC,2,ref_y,215,84,1,0.29,84,0,0.00178051760314494,0.00663231234185207,84,20,4,0.00436794758462898,38.0952380952381,0.235886223173776,0.322386638644748,0,20,0,20,0,0.238095238095238,0.00606857537262865,0.00659454157016032,0,0.00673143005250286,NaN,0.8,0.025401484853277,0,0.0106222769679104,0.013771767042628,0.013771767042628,NaN,0,400,87,574,574,361,213,163,39,90,35,3953,26,100,100,100,100,84,84,84,84,84,0,20
LIRCMOP8_BC,2,ref_y,216,89,1,0.3,89,0,0.00246043645002761,0.0111113855563209,89,20,4,0.00462794446466642,35.9550561797753,0.231243216402932,0.328378152135538,0,20,0,20,0,0.224719101123595,0.00638899921271981,0.00979473674733638,0,0.00979473674733638,NaN,1,0.0295502757489606,0,0.0118615307210061,0.01709120597274,0.01709120597274,NaN,0,400,84,568,568,353,215,161,39,100,39,3558,5,117,117,117,117,89,89,89,89,89,0,20
LIRCMOP8_BC,2,ref_y,217,81,1,0.27,81,0,0.00221542339878155,0.00524718269853493,81,20,4,0.00421194945660652,39.5061728395062,0.232031209518134,0.328378152135538,0,20,0,20,4,0.246913580246914,0.0103810057341861,0.0124247345712766,0,0.0124247345712766,NaN,1,0.0325996945619743,0.0740740740740741,0.0110157245864231,0.0129266815320917,0.0129266815320917,NaN,0.2,400,89,578,578,364,214,176,35,100,35,3914,26,102,102,102,102,81,81,81,81,81,0,20
LIRCMOP8_BC,2,ref_y,218,96,1,0.32,96,0,0.00239618703930382,0.00651782963268977,96,20,4,0.00499194009671884,33.3333333333333,0.228793168779902,0.362326888334791,0,20,0,20,0,0.208333333333333,0.00414585863133444,0.0052084546225725,0,0.0052084546225725,NaN,1,0.0531260678495261,0,0.00503657427530649,0.00634519970406618,0.00634519970406618,NaN,0,400,81,562,562,357,205,153,40,100,40,3437,2,117,117,117,117,96,96,96,96,96,0,20
LIRCMOP8_BC,2,ref_y,219,87,1,0.29,87,0,0.00287859235505577,0.00621689086604095,87,20,4,0.00452394571265145,36.7816091954023,0.227520194118675,0.362363961579703,0,20,0,20,4,0.229885057471264,0.0124444764341689,0.0155018322273567,0,0.0155018322273567,NaN,0.95,0.0193700992420152,0.0689655172413793,0.0125694138010618,0.0159727584420737,0.0159727584420737,NaN,0.2,400,96,592,592,341,251,161,38,100,38,4193,1,111,111,111,111,87,87,87,87,87,0,20
LIRCMOP8_BC,2,ref_y,220,97,1,0.33,97,0,0.00217256605317603,0.00554916856474205,97,20,4,0.00504393947272633,32.9896907216495,0.249467397320189,0.362363961579703,0,20,0,20,6,0.206185567010309,0.0158256557003623,0.0310789991162275,0,0.0319584082120523,NaN,0.05,-0.0974726800533175,0.121212121212121,0.0188100313693137,0.0324998816017034,0.0324998816017034,NaN,0.3,400,87,574,574,328,246,165,40,100,40,4299,0,119,119,119,119,97,97,97,97,97,0,20
LIRCMOP8_BC,2,ref_y,221,98,1,0.34,98,0,0.00230312309531699,0.00788963217080155,98,20,4,0.00509593884873382,32.6530612244898,0.251641206864007,0.358361030391707,0,20,0,20,2,0.204081632653061,0.0175617697284333,0.0284345301803108,0,0.0284345301803108,NaN,0.1,-0.0339047746201117,0.117647058823529,0.0193807848670848,0.0286161249167968,0.0286161249167968,NaN,0.1,400,97,594,594,333,261,191,40,100,40,6755,12,115,115,115,115,98,98,98,98,98,0,20
LIRCMOP8_BC,2,ref_y,222,103,1,0.35,103,0,0.0025935286879022,0.00726245137714332,103,20,4,0.00535593572877125,31.0679611650485,0.258607034240917,0.361690771390148,0,20,0,20,9,0.194174757281553,0.0117312303158926,0.0265479330163108,0,0.028979315559678,NaN,0,-0.0568237644088836,0.114285714285714,0.0198031103405349,0.0311383202991218,0.0311383202991218,NaN,0.45,400,98,596,596,313,283,214,40,100,40,7129,0,120,120,120,120,103,103,103,103,103,0,20
LIRCMOP8_BC,2,ref_y,223,101,1,0.34,101,0,0.00241823612945678,0.00661218136407014,101,20,4,0.00525193697675628,31.6831683168317,0.230438801643932,0.374085607638612,0,20,0,20,8,0.198019801980198,0.0468886952139451,0.0987914371931648,0,0.107525747046776,NaN,0.8,0.0225770910106406,0.0588235294117647,0.0569425717348992,0.108184644798719,0.108184644798719,NaN,0.4,400,103,606,606,300,306,206,40,100,40,8593,16,120,120,120,120,101,101,101,101,101,0,20
LIRCMOP8_BC,2,ref_y,224,137,1,0.47,137,0,0.00366284256486947,0.0117234821904908,137,20,4,0.00712391451302584,23.3576642335766,0.249467397320189,0.37056740537706,0,20,0,20,7,0.145985401459854,0.0299601582349657,0.044949013759856,0,0.044949013759856,NaN,0.8,0.0134833740470026,0.0851063829787234,0.0342264042364246,0.0459026369873684,0.0459026369873684,NaN,0.35,400,101,602,602,289,313,197,50,100,50,7239,0,150,150,150,150,137,137,137,137,137,0,20
LIRCMOP8_BC,2,ref_y,225,137,1,0.46,137,0,0.00397708416563541,0.0115592925573484,137,20,4,0.00712391451302584,23.3576642335766,0.26515747950567,0.411219556174661,0,20,0,20,8,0.145985401459854,0.0505582018335977,0.0782861286301135,0,0.0852675377688452,NaN,1,0.0336341431194484,0.0434782608695652,0.0605426957902436,0.0853181803192485,0.0853181803192485,NaN,0.4,400,137,674,674,314,360,230,51,100,51,9651,24,152,152,152,152,137,137,137,137,137,0,20
LIRCMOP8_BC,2,ref_y,226,111,1,0.37,111,0,0.0024185426176464,0.00518866831766799,111,20,4,0.00577193073683116,28.8288288288288,0.26192759409579,0.394615678447916,0,20,0,20,3,0.18018018018018,0.0147949175515936,0.0316202405424301,0,0.0316202405424301,NaN,0.2,-0.0643347260724558,0.162162162162162,0.0149291718179662,0.0316220788917831,0.0316220788917831,NaN,0.15,400,137,674,674,312,362,247,47,100,47,12717,6,141,141,141,141,111,111,111,111,111,0,20
LIRCMOP8_BC,2,ref_y,227,113,1,0.39,113,0,0.00235093067567272,0.00620197053173034,113,20,4,0.00587592948884613,28.3185840707965,0.265132852492699,0.374085607638612,0,20,0,20,3,0.176991150442478,0.00348345838436769,0.00648389056124118,0,0.00648389056124118,NaN,0.4,-0.0140308720289968,0.0512820512820513,0.00366864377134484,0.00713905738391619,0.00713905738391619,NaN,0.15,400,111,622,622,272,350,209,50,100,50,9094,16,150,150,150,150,113,113,113,113,113,0,20
LIRCMOP8_BC,2,ref_y,228,122,1,0.41,122,0,0.00249139244807926,0.00619825640979921,122,20,4,0.00634392387291352,26.2295081967213,0.249467397320189,0.388552123266339,0,20,0,20,5,0.163934426229508,0.00278940691601374,0.0145949097597278,0,0.0156314492291023,NaN,0.4,-0.00797561357419996,0.0975609756097561,0.0121961969242726,0.0185655864493348,0.0185655864493348,NaN,0.25,400,113,626,626,277,349,238,51,100,51,9376,16,153,153,153,153,122,122,122,122,122,0,20
LIRCMOP8_BC,2,ref_y,229,141,1,0.47,141,0,0.00352109311562073,0.0113780952301516,141,20,4,0.0073319120170558,22.6950354609929,0.251641206864007,0.422717296036277,0,20,0,20,5,0.141843971631206,0.00821681452626865,0.0195138696984509,0,0.0195138696984509,NaN,0.35,-0.0197081691690826,0.0851063829787234,0.0172843677073573,0.0216858477125746,0.0216858477125746,NaN,0.25,400,122,644,644,289,355,249,55,100,55,9268,48,165,165,165,165,141,141,141,141,141,0,20
LIRCMOP8_BC,2,ref_y,230,138,1,0.46,138,0,0.00360000270076101,0.0114112925835404,138,20,4,0.00717591388903333,23.1884057971014,0.258403993247792,0.490564900773811,0,20,0,20,4,0.144927536231884,0.00775363662725435,0.0202944742563655,0,0.0202944742563655,NaN,0.4,-0.0209467786911996,0.0869565217391304,0.0146072948724277,0.0218880455318977,0.0218880455318977,NaN,0.2,400,141,682,682,319,363,282,53,100,53,10931,32,159,159,159,159,138,138,138,138,138,0,20
LIRCMOP8_BC,2,ref_y,231,128,1,0.44,128,0,0.00250066486193082,0.00691755123908088,128,20,4,0.00665592012895845,25,0.249518313127116,0.422717296036277,0,20,0,20,5,0.15625,0.00673981800989603,0.00916274284911882,0,0.010504464649915,NaN,0.45,-0.00135519823394958,0.0909090909090909,0.00916607338284779,0.01427513281252,0.01427513281252,NaN,0.25,400,138,676,676,343,333,300,51,100,51,12752,5,153,153,153,153,128,128,128,128,128,0,20
LIRCMOP8_BC,2,ref_y,232,152,1,0.51,152,0,0.00304763808831449,0.00868527599376573,152,20,4,0.00790390515313816,21.0526315789474,0.263530223294245,0.490564900773811,0,20,0,20,4,0.131578947368421,0.00608215429354837,0.0176261000296303,0,0.0178434528046818,NaN,0.35,-0.109868768913618,0.0784313725490196,0.0219863936149711,0.0236793014228784,0.0236793014228784,NaN,0.2,400,128,656,656,302,354,262,57,100,57,10323,2,171,171,171,171,152,152,152,152,152,0,20
LIRCMOP8_BC,2,ref_y,233,139,1,0.47,139,0,0.00314786878231678,0.00847025442724504,139,20,4,0.00722791326504082,23.0215827338129,0.265132852492699,0.410129225527115,0,20,0,20,10,0.143884892086331,0.0139374737055266,0.0374537627437392,0,0.0381417777217285,NaN,0.35,-0.00427744705080654,0.0851063829787234,0.0290845854466489,0.0408061903566903,0.0408061903566903,NaN,0.5,400,152,704,704,334,370,278,54,100,54,11613,3,162,162,162,162,139,139,139,139,139,0,20
LIRCMOP8_BC,2,ref_y,234,132,1,0.44,132,0,0.0023660095096742,0.00616027681481508,132,20,4,0.0068639176329884,24.2424242424242,0.258776662597301,0.422717296036277,0,20,0,20,2,0.151515151515152,0.00598576573196737,0.0112702380828532,0,0.0127147002586188,NaN,0.9,0.0572055908466046,0.0454545454545455,0.00982007797629333,0.0189618844029054,0.0189618844029054,NaN,0.1,400,139,678,678,328,350,276,53,100,53,14680,1,159,159,159,159,132,132,132,132,132,0,20
LIRCMOP8_BC,2,ref_y,235,135,1,0.45,135,0,0.00276593884246746,0.00687999070421737,135,20,4,0.00701991576101087,23.7037037037037,0.258776662597301,0.480856326748622,0,20,0,20,8,0.148148148148148,0.0174667668000466,0.0262571969566148,0,0.0298774361639087,NaN,0.75,0.0340569008417798,0.244444444444444,0.023585493510914,0.0340787318326358,0.0340787318326358,NaN,0.4,400,132,664,664,307,357,242,52,100,52,10884,7,156,156,156,156,135,135,135,135,135,0,20
LIRCMOP8_BC,2,ref_y,236,153,1,0.51,153,0,0.00350583331972315,0.00955391700565672,153,20,4,0.00795590452914565,20.9150326797386,0.265928988853168,0.397142477072157,0,20,0,20,3,0.130718954248366,0.0055939067407864,0.0113367767331611,0,0.0118206617375584,NaN,0.6,0.009916304135378,0.0392156862745098,0.00893384655348994,0.0132426285357936,0.0132426285357936,NaN,0.15,400,135,670,670,292,378,241,57,100,57,10701,17,171,171,171,171,153,153,153,153,153,0,20
LIRCMOP8_BC,2,ref_y,237,145,1,0.49,145,0,0.00320671083364032,0.00825895793613554,145,20,4,0.00753990952108575,22.0689655172414,0.258776662597301,0.359853799776551,0,19,1,20,5,0.137931034482759,0.00988991689594563,0.0192790164844336,0,0.0201119381287218,NaN,0.95,0.181308063305874,0.0408163265306122,0.021653522997005,0.0262283948346855,0.0263070355413734,0.022803018222318,0.25,400,153,706,706,314,392,259,54,95,52,13467,11,156,156,156,156,145,145,145,145,145,0,20
LIRCMOP8_BC,2,ref_y,238,138,1,0.46,138,0,0.0025982461269304,0.00645404645417689,138,20,4,0.00717591388903333,23.1884057971014,0.254880392399795,0.388552123266339,0,20,0,20,5,0.144927536231884,0.0126310073017793,0.0189970620325888,0,0.0189970620325888,NaN,0.65,0.0244651116504098,0.108695652173913,0.0133291231669065,0.0190119141048581,0.0190119141048581,NaN,0.25,400,145,690,690,318,372,238,54,100,54,10509,22,161,161,161,161,138,138,138,138,138,0,20
LIRCMOP8_BC,2,ref_y,239,126,1,0.42,126,0,0.0028195487649952,0.00930755267843023,126,20,4,0.00655192137694348,25.3968253968254,0.260197139775413,0.388552123266339,0,20,0,20,7,0.158730158730159,0.0140332642227497,0.0206101400099787,0,0.0206706636269398,NaN,0.2,-0.077910191561864,0.0952380952380952,0.0216840023575793,0.0225653718088275,0.0225653718088275,NaN,0.35,400,138,676,676,314,362,220,53,100,53,9819,36,158,158,158,158,126,126,126,126,126,0,20
LIRCMOP8_BC,2,ref_y,240,120,1,0.4,120,0,0.00178216387554531,0.00551598467695326,120,20,4,0.00623992512089855,26.6666666666667,0.263507002683869,0.37253691225829,0,5,15,20,0,0.166666666666667,0.00566770422940367,0.0121130593653446,0,0.014074587119623,NaN,0.75,0.0330454630147769,0,0.00964682700494898,0.0141901196777356,0.0141901196777356,0.0141901196777356,0,400,126,652,652,311,341,210,50,100,50,9801,71,142,142,142,142,120,120,120,120,120,0,20
LIRCMOP8_BC,2,ref_y,241,123,1,0.41,123,0,0.00288151155337061,0.00805564356259775,123,20,4,0.00639592324892101,26.0162601626016,0.26192759409579,0.3757399544599,0,6,14,20,2,0.16260162601626,0.00162334807038139,0.00833130863578106,0,0.00853594625769014,NaN,0.7,0.0186716046360168,0.0975609756097561,0.00316070471364323,0.00876849065774989,0.0090801075185137,0.00845687379698608,0.1,400,120,640,640,319,321,242,50,100,50,11301,116,145,145,145,145,123,123,123,123,123,0,20
LIRCMOP8_BC,2,ref_y,242,102,1,0.34,102,0,0.00304634950454818,0.00750207223987822,102,20,4,0.00530393635276377,31.3725490196078,0.268844698482822,0.391247119763373,0,6,14,20,1,0.196078431372549,0.00936617102636275,0.0339736159502581,0,0.0341503561123505,NaN,0.6,0.0185490681000469,0.0588235294117647,0.0100363963701496,0.0342254060192337,0.0373406884817178,0.0293657609969441,0.05,400,123,646,646,326,320,249,46,100,46,14464,21,135,135,135,135,102,102,102,102,102,0,20
LIRCMOP8_BC,2,ref_y,243,121,1,0.42,121,0,0.00263695330525516,0.010103102912076,121,20,4,0.00629192449690604,26.4462809917355,0.271760408112476,0.394813755203738,0,17,3,20,2,0.165289256198347,0.033820802511745,0.0492809603526395,0,0.0492809603526395,NaN,0.35,-0.021146947148655,0.0476190476190476,0.0345109098242161,0.0509428792534423,0.0513340207734334,0.0487200796702627,0.1,400,102,604,604,322,282,224,53,100,53,8758,57,150,150,150,150,121,121,121,121,121,0,20
LIRCMOP8_BC,2,ref_y,244,133,1,0.45,133,0,0.00312464308122296,0.00993635069083797,133,20,4,0.00691591700899589,24.0601503759398,0.271760408112476,0.422717296036277,0,15,5,20,1,0.150375939849624,0.0193347808079476,0.0330243613938606,0,0.0330243613938606,NaN,0.25,-0.0239876284830025,0.0444444444444444,0.0197524556709309,0.0349688901072009,0.0355499724621974,0.0332684255679468,0.05,400,121,642,642,327,315,264,56,100,56,11493,61,165,165,165,165,133,133,133,133,133,0,20
LIRCMOP8_BC,2,ref_y,245,125,1,0.42,125,0,0.00275350889357216,0.00770827324454229,125,20,4,0.00649992200093599,25.6,0.265928988853168,0.37253691225829,0,12,8,20,3,0.16,0.00529715354710083,0.0245807824989907,0,0.0245807824989907,NaN,0.3,-0.0324646915651189,0.0476190476190476,0.00531160348651686,0.0265036638837034,0.0271307953144562,0.0246471740264995,0.15,400,133,666,666,340,326,288,52,100,52,13524,78,153,153,153,153,125,125,125,125,125,0,20
LIRCMOP8_BC,2,ref_y,246,152,1,0.51,152,0,0.00307456338408839,0.00848950055741457,152,20,4,0.00790390515313816,21.0526315789474,0.267055339260348,0.407635618138516,0,20,0,20,0,0.131578947368421,0.0118520248180468,0.019302356632763,0,0.019362749679028,NaN,0.3,-0.0301103864458135,0,0.0134429557815064,0.0201218171360194,0.0201218171360194,NaN,0,400,125,650,650,337,313,259,60,100,60,9534,69,176,176,176,176,152,152,152,152,152,0,20
LIRCMOP8_BC,2,ref_y,247,150,1,0.5,150,0,0.00314143527108276,0.0104785352828912,150,20,4,0.00779990640112319,21.3333333333333,0.265928988853168,0.417160763157992,0,20,0,20,2,0.133333333333333,0.0190378928900615,0.0254907568435204,0,0.0261628960687799,NaN,0.3,-0.0136241103909369,0.06,0.0192178251394485,0.0262397839079995,0.0262397839079995,NaN,0.1,400,152,704,704,349,355,279,59,100,59,12348,56,173,173,173,173,150,150,150,150,150,0,20
LIRCMOP8_BC,2,ref_y,248,141,1,0.47,141,0,0.00286405611089772,0.00959209429362943,141,20,4,0.0073319120170558,22.6950354609929,0.280132670561531,0.422717296036277,0,20,0,20,0,0.141843971631206,0.0148188109044106,0.0204757959567925,0,0.0210308482056563,NaN,0.3,-0.0254824980762052,0,0.0181380530096967,0.0227707631715342,0.0227707631715342,NaN,0,400,150,700,700,341,359,284,57,100,57,13190,34,169,169,169,169,141,141,141,141,141,0,20
LIRCMOP8_BC,2,ref_y,249,126,1,0.42,126,0,0.00348602045726753,0.0117363930033466,126,20,4,0.00655192137694348,25.3968253968254,0.265928988853168,0.352097781622601,0,20,0,20,0,0.158730158730159,0.0128584899599199,0.0231709650700479,0,0.0231709650700479,NaN,0.55,0.0134668600673741,0,0.0129429933459131,0.0233779953513461,0.0233779953513461,NaN,0,400,141,682,682,334,348,272,54,100,54,15028,17,160,160,160,160,126,126,126,126,126,0,20
LIRCMOP8_BC,2,ref_y,250,130,1,0.44,130,0,0.00275574814273141,0.0092472488608837,130,20,4,0.00675991888097343,24.6153846153846,0.268181689667528,0.343911977994859,0,20,0,20,9,0.153846153846154,0.00951855770555291,0.0287325533778137,0,0.0287325533778137,NaN,0.35,-0.0273992012214959,0.0909090909090909,0.00983865116587453,0.0290434633944816,0.0290434633944816,NaN,0.45,400,126,652,652,317,335,260,55,100,55,12189,31,163,163,163,163,130,130,130,130,130,0,20
LIRCMOP8_BC,2,ref_y,251,143,1,0.48,143,0,0.00289060932361285,0.00948594390382519,143,20,4,0.00743591076907077,22.3776223776224,0.272155881668409,0.344602618259037,0,20,0,20,3,0.13986013986014,0.00189229503664132,0.0181583195159516,0,0.0181583195159516,NaN,0.25,-0.0113706797642051,0.0625,0.00544089886359192,0.018253047541126,0.018253047541126,NaN,0.15,400,130,660,660,310,350,249,59,100,59,11081,31,176,176,176,176,143,143,143,143,143,0,20
LIRCMOP8_BC,2,ref_y,252,139,1,0.48,139,0,0.00300395490043656,0.0108909499047756,139,20,4,0.00722791326504082,23.0215827338129,0.254880392399795,0.344602618259037,0,20,0,20,0,0.143884892086331,0.00754321076854976,0.0101222971146106,0,0.010756436654481,NaN,0.55,0.00163791599587851,0,0.00889292820271554,0.0108276134800971,0.0108276134800971,NaN,0,400,143,686,686,309,377,264,60,100,60,11336,35,180,180,180,180,139,139,139,139,139,0,20
LIRCMOP8_BC,2,ref_y,253,143,1,0.49,143,0,0.00318138875398312,0.0113513753227944,143,20,4,0.00743591076907077,22.3776223776224,0.262262088582316,0.3757399544599,0,20,0,20,0,0.13986013986014,0.00640071091555773,0.00776023133173434,0,0.0103670048366213,NaN,0.45,-0.00536137776519499,0,0.00760664672683597,0.0107999206860306,0.0107999206860306,NaN,0,400,139,678,678,312,366,263,60,100,60,11884,50,174,174,174,174,143,143,143,143,143,0,20
LIRCMOP8_BC,2,ref_y,254,151,1,0.52,151,0,0.00251103713181924,0.00956132433478055,151,20,4,0.00785190577713068,21.1920529801325,0.262262088582316,0.389630121865153,0,20,0,20,14,0.132450331125828,0.0497472581328251,0.0553773651375868,0,0.0804787898894117,NaN,0.8,0.0250884115303804,0.153846153846154,0.0744351012330382,0.080510952401757,0.080510952401757,NaN,0.7,400,143,686,686,314,372,260,63,100,63,11310,52,183,183,183,183,151,151,151,151,151,0,20
LIRCMOP8_BC,2,ref_y,255,164,1,0.56,164,0,0.00350863658602353,0.0125923037223953,164,20,4,0.00852789766522802,19.5121951219512,0.265928988853168,0.455401991044302,0,20,0,20,0,0.121951219512195,0.0074318468333625,0.0227892051783836,0,0.0659820797275265,NaN,0.65,0.0206254280018276,0,0.0150325570619485,0.0671492641087973,0.0671492641087973,NaN,0,400,151,702,702,321,381,278,64,100,64,12217,70,186,186,186,186,164,164,164,164,164,0,20
LIRCMOP8_BC,2,ref_y,256,158,1,0.53,158,0,0.00266581949785219,0.00877499471211153,158,20,4,0.00821590140918309,20.253164556962,0.265725881914902,0.388552123266339,0,20,0,20,0,0.126582278481013,0.00821612627721331,0.00960502673243565,0,0.0146209969672325,NaN,0.7,0.0116838487203947,0,0.0102968121549506,0.014786368483589,0.014786368483589,NaN,0,400,164,728,728,338,390,282,62,100,62,13022,77,180,180,180,180,158,158,158,158,158,0,20
LIRCMOP8_BC,2,ref_y,257,180,1,0.6,180,0,0.00344936527551088,0.0120889964471612,180,20,4,0.00935988768134782,17.7777777777778,0.265928988853168,0.422988167011247,0,20,0,20,0,0.111111111111111,0.00427671730377785,0.00839620824151039,0,0.0118073788687501,NaN,0.55,0.00535244984300184,0,0.00814677837428095,0.012079920265749,0.012079920265749,NaN,0,400,158,716,716,310,406,271,72,100,72,11547,15,216,216,216,216,180,180,180,180,180,0,20
LIRCMOP8_BC,2,ref_y,258,162,1,0.54,162,0,0.00305244866454495,0.00846305923435237,162,20,4,0.00842389891321304,19.7530864197531,0.271760408112476,0.489662465624799,0,20,0,20,1,0.123456790123457,0.00512555001031049,0.00902321559861574,0,0.00902321559861574,NaN,0.85,0.0618059196853902,0.037037037037037,0.00599085947126639,0.00986244382955129,0.00986244382955129,NaN,0.05,400,180,760,760,343,417,277,67,100,67,12015,14,201,201,201,201,162,162,162,162,162,0,20
LIRCMOP8_BC,2,ref_y,259,141,1,0.47,141,0,0.00288315105876291,0.00869090498484428,141,20,4,0.0073319120170558,22.6950354609929,0.26108501651457,0.479207636318825,0,20,0,20,0,0.141843971631206,0.00818772916022908,0.0127000787961168,0,0.013222064126163,NaN,0.65,0.0147306957101655,0,0.00911420109360046,0.0132756393296274,0.0132756393296274,NaN,0,400,162,724,724,333,391,285,58,100,58,15460,51,168,168,168,168,141,141,141,141,141,0,20
LIRCMOP8_BC,2,ref_y,260,171,1,0.57,171,0,0.00304861954868645,0.0116475459737044,171,20,4,0.00889189329728043,18.7134502923977,0.254880392399795,0.46913414134384,0,20,0,20,1,0.116959064327485,0.00726230935361556,0.0248353529664395,0,0.0267965511549914,NaN,0.75,0.0648087132335622,0.0350877192982456,0.0124864119177919,0.0275521714664514,0.0275521714664514,NaN,0.05,400,141,682,682,319,363,272,67,100,67,10223,20,197,197,197,197,171,171,171,171,171,0,20
LIRCMOP8_BC,2,ref_y,261,150,1,0.5,150,0,0.00263238789232238,0.00822500446494114,150,20,4,0.00779990640112319,21.3333333333333,0.275270450998182,0.57110998205012,0,20,0,20,0,0.133333333333333,0.00584261323773803,0.0110853327509266,0,0.0116368446554876,NaN,0.5,0.00172848562523764,0,0.00775411014908145,0.0116829918379148,0.0116829918379148,NaN,0,400,171,742,742,354,388,275,61,100,61,12650,7,180,180,180,180,150,150,150,150,150,0,20
LIRCMOP8_BC,2,ref_y,262,171,1,0.58,171,0,0.00278450437349123,0.00803678184876873,171,20,4,0.00889189329728043,18.7134502923977,0.276712213808931,0.656405802479767,0,20,0,20,3,0.116959064327485,0.00569153619483929,0.0149296620277107,0,0.016280644938452,NaN,0.55,0.00280823563358865,0.0689655172413793,0.00630634736059389,0.0170126590005492,0.0170126590005492,NaN,0.15,400,150,700,700,336,364,253,68,100,68,9218,12,204,204,204,204,171,171,171,171,171,0,20
LIRCMOP8_BC,2,ref_y,263,173,1,0.58,173,0,0.00279115672383952,0.00805255534486635,173,20,4,0.00899589204929541,18.4971098265896,0.276712213808931,0.632369950952093,0,20,0,20,0,0.115606936416185,0.00735905451501085,0.0132711770503807,0,0.0200296231724903,NaN,0.3,-0.0103108359682832,0,0.012787333204336,0.0203000142001113,0.0203000142001113,NaN,0,400,171,742,742,354,388,285,68,100,68,12219,12,204,204,204,204,173,173,173,173,173,0,20
LIRCMOP8_BC,2,ref_y,264,177,1,0.6,177,0,0.00231130629683,0.00732320029007951,177,20,4,0.00920388955332536,18.0790960451977,0.271760408112476,0.666978408494416,0,20,0,20,1,0.112994350282486,0.00343766606645776,0.0111696891518609,0,0.0183114537320993,NaN,0.55,0.00682291386919406,0.0333333333333333,0.00987124084435201,0.0185337232960086,0.0185337232960086,NaN,0.05,400,173,746,746,355,391,289,72,100,72,11903,24,212,212,212,212,177,177,177,177,177,0,20
LIRCMOP8_BC,2,ref_y,265,183,1,0.61,183,0,0.00272612236806606,0.0077976114548951,183,20,4,0.00951588580937029,17.4863387978142,0.26108501651457,0.608152531993264,0,20,0,20,2,0.109289617486339,0.0059690983765279,0.011021644428513,0,0.0130635551364731,NaN,0.55,0.0136761404398988,0.0327868852459016,0.00663509793029543,0.0132805730674807,0.0132805730674807,NaN,0.1,400,177,754,754,353,401,297,71,100,71,12205,18,213,213,213,213,183,183,183,183,183,0,20
LIRCMOP8_BC,2,ref_y,266,180,1,0.6,180,0,0.00260429700517524,0.00732258019124893,180,20,4,0.00935988768134782,17.7777777777778,0.260197139775413,0.648198827157513,0,20,0,20,1,0.111111111111111,0.00280810394103082,0.012153575360307,0,0.0145680953819326,NaN,0.45,-0.00152038887529833,0.0333333333333333,0.00353897768389875,0.0154618498018819,0.0154618498018819,NaN,0.05,400,183,766,766,368,398,288,70,100,70,11342,31,208,208,208,208,180,180,180,180,180,0,20
LIRCMOP8_BC,2,ref_y,267,171,1,0.57,171,0,0.00266779423027414,0.00752832544063268,171,20,4,0.00889189329728043,18.7134502923977,0.252676642036668,0.596089214371637,0,20,0,20,1,0.116959064327485,0.00767828064880781,0.00847733678063038,0,0.0141706656734514,NaN,0.8,0.014161202075646,0.0350877192982456,0.00822125131755545,0.0178208704127858,0.0178208704127858,NaN,0.05,400,180,760,760,366,394,291,67,100,67,13143,4,201,201,201,201,171,171,171,171,171,0,20
LIRCMOP8_BC,2,ref_y,268,176,1,0.59,176,0,0.00274645818573239,0.00695783117267954,176,20,4,0.00915189017731787,18.1818181818182,0.231271619054154,0.689856383896057,0,20,0,20,2,0.113636363636364,0.00325369466327593,0.00510126976394288,0,0.016639875458952,NaN,0.65,0.0191189282371986,0.0338983050847458,0.00359192141447832,0.0166603445183644,0.0166603445183644,NaN,0.1,400,171,742,742,355,387,282,67,100,67,11425,17,201,201,201,201,176,176,176,176,176,0,20
LIRCMOP8_BC,2,ref_y,269,177,1,0.59,177,0,0.00296113505000893,0.00856630199596112,177,20,4,0.00920388955332536,18.0790960451977,0.252676642036668,0.644342484858141,0,20,0,20,3,0.112994350282486,0.00607469366467672,0.00720244365647845,0,0.0146182980975919,NaN,0.3,-0.0108152862827322,0.0338983050847458,0.00611145715709867,0.0148172124080799,0.0148172124080799,NaN,0.15,400,176,752,752,344,408,291,67,100,67,12274,6,201,201,201,201,177,177,177,177,177,0,20
LIRCMOP8_BC,2,ref_y,270,198,1,0.66,198,0,0.00267848002666495,0.00826801877619404,198,20,4,0.0102958764494826,16.1616161616162,0.254252878103175,0.692104697662499,0,20,0,20,5,0.101010101010101,0.00267647867593448,0.00391015238152258,0,0.00596550553331059,NaN,0.45,-0.0201987351611865,0.0606060606060606,0.00341496316909632,0.00620165419850636,0.00620165419850636,NaN,0.25,400,177,754,754,352,402,291,77,100,77,11867,18,230,230,230,230,198,198,198,198,198,0,20
LIRCMOP8_BC,2,ref_y,271,171,1,0.57,171,0,0.00231907469266865,0.00762529154660265,171,20,4,0.00889189329728043,18.7134502923977,0.252676642036668,0.596089214371637,0,20,0,20,4,0.116959064327485,0.00145324598516794,0.00319133889442154,0,0.00831854477181292,NaN,0.4,-0.00681755338320655,0.0701754385964912,0.00228183472067677,0.00846942937465334,0.00846942937465334,NaN,0.2,400,198,796,796,382,414,307,67,100,67,14629,19,201,201,201,201,171,171,171,171,171,0,20
LIRCMOP8_BC,2,ref_y,272,158,1,0.54,158,0,0.0021772341672497,0.00790011455243167,158,20,4,0.00821590140918309,20.253164556962,0.254252878103175,0.596089214371637,0,20,0,20,11,0.126582278481013,0.00135255554769188,0.00789418398026786,0,0.0106824386481469,NaN,0.4,-0.00578599827480526,0.166666666666667,0.00142741914083416,0.0121333978843409,0.0121333978843409,NaN,0.55,400,171,742,742,355,387,289,63,100,63,12916,37,187,187,187,187,158,158,158,158,158,0,20
LIRCMOP8_BC,2,ref_y,273,194,1,0.65,194,0,0.00225829380940087,0.00569707048263332,194,20,4,0.0100878789454527,16.4948453608247,0.26108501651457,0.674145413416988,0,20,0,20,2,0.103092783505155,0.00702651523821471,0.0121269814327031,0,0.0129847825293565,NaN,0.75,0.021195693338753,0.0307692307692308,0.0112145929345051,0.0138105187483303,0.0138105187483303,NaN,0.1,400,158,716,716,329,387,280,74,100,74,10932,15,222,222,222,222,194,194,194,194,194,0,20
LIRCMOP8_BC,2,ref_y,274,171,1,0.57,171,0,0.00287734060005027,0.00895390916652771,171,20,4,0.00889189329728043,18.7134502923977,0.272155881668409,0.741931071273775,0,19,1,20,0,0.116959064327485,0.00809481919762008,0.0192147371447328,0,0.0200974255929214,NaN,0.4,-0.00934002988108307,0,0.0108360637198779,0.0202081859879102,0.0203464614898295,0.0109205098347437,0,400,194,788,788,378,410,298,66,100,66,14161,37,198,198,198,198,171,171,171,171,171,0,20
LIRCMOP8_BC,2,ref_y,275,162,1,0.54,162,0,0.0020121791925354,0.00715560805624108,162,20,4,0.00842389891321304,19.7530864197531,0.25643689090604,0.656405802479767,0,18,2,20,1,0.123456790123457,0.00800644283068514,0.0157123613828632,0,0.0164065822863974,NaN,0.6,0.00825210329531961,0.037037037037037,0.00828900532838333,0.0164622046200319,0.0166338684271156,0.0083856507294977,0.05,400,171,742,742,341,401,282,65,100,65,14673,13,195,195,195,195,162,162,162,162,162,0,20
LIRCMOP8_BC,2,ref_y,276,165,1,0.55,165,0,0.0022601125415924,0.00851469800940352,165,20,4,0.00857989704123551,19.3939393939394,0.26108501651457,0.669621559998078,0,18,2,20,4,0.121212121212121,0.0025702192035984,0.0125204005864163,0,0.0128126094730164,NaN,0.8,0.0143776715162183,0.0363636363636364,0.00515826371276471,0.0130371920207374,0.0134068330263214,0.00492122401579713,0.2,400,162,724,724,343,381,270,64,100,64,12164,13,192,192,192,192,165,165,165,165,165,0,20
LIRCMOP8_BC,2,ref_y,277,186,1,0.62,186,0,0.00245135193553782,0.00879810318394827,186,20,4,0.00967188393739275,17.2043010752688,0.271733870129954,0.741931071273775,0,17,3,20,2,0.10752688172043,0.0350173346386252,0.0524974048512282,0,0.0529251872855656,NaN,0.7,0.053342314427256,0.0645161290322581,0.035314395758332,0.0530038654713011,0.0527301703435858,0.0529902050575059,0.1,400,165,730,730,346,384,277,72,100,72,11446,1,216,216,216,216,186,186,186,186,186,0,20
LIRCMOP8_BC,2,ref_y,278,185,1,0.63,185,0,0.00204091525716548,0.00760340952401571,185,20,4,0.00961988456138526,17.2972972972973,0.271760408112476,0.728936514898702,0,12,8,20,5,0.108108108108108,0.00258765976509036,0.012585356492861,0,0.0126918570527553,NaN,0.75,0.0179360789553184,0.0634920634920635,0.00279179769982969,0.0127606219284068,0.0121276877198651,0.0133765001113528,0.25,400,186,772,772,367,405,304,70,100,70,13663,10,210,210,210,210,185,185,185,185,185,0,20
LIRCMOP8_BC,2,ref_y,279,183,1,0.61,183,0,0.00225903364768333,0.00752396773882391,183,20,4,0.00951588580937029,17.4863387978142,0.263972082853673,0.731535426173717,0,16,4,20,1,0.109289617486339,0.00713645764466529,0.0133788684435425,0,0.0141212963602659,NaN,0.85,0.0154058843589939,0.0327868852459016,0.00765507673384103,0.0141314057098839,0.0139844546558718,0.0141314057098839,0.05,400,185,770,770,348,422,307,71,100,71,13858,0,213,213,213,213,183,183,183,183,183,0,20
LIRCMOP8_BC,2,ref_y,280,198,1,0.66,198,0,0.00255979552533396,0.0100206972720547,198,20,4,0.0102958764494826,16.1616161616162,0.272465965442722,0.777158538232028,0,13,7,20,1,0.101010101010101,0.00266498362209809,0.00956243000936181,0,0.00987168337435448,NaN,0.7,0.0272965500155587,0.0303030303030303,0.00459271728422592,0.0100182302914671,0.00841651040096603,0.0113349759398646,0.05,400,183,766,766,344,422,302,72,100,72,13900,0,216,216,216,216,198,198,198,198,198,0,20
LIRCMOP8_BC,2,ref_y,281,180,1,0.6,180,0,0.00206886862917322,0.00782198044171852,180,20,4,0.00935988768134782,17.7777777777778,0.271760408112476,0.741931071273775,0,13,7,20,5,0.111111111111111,0.00330242241335891,0.0112047426518698,0,0.0113431507779964,NaN,0.5,-0.00325840798102525,0.05,0.0040675234219379,0.0116114908643699,0.0107535368354375,0.0123672194232661,0.25,400,198,796,796,357,439,321,68,100,68,16198,0,204,204,204,204,180,180,180,180,180,0,20
LIRCMOP8_BC,2,ref_y,282,205,1,0.69,205,0,0.00304760759128107,0.0100268811626284,205,20,4,0.010659872081535,15.609756097561,0.273171522772968,0.792973928062863,0,14,6,20,2,0.0975609756097561,0.00438368365166488,0.0183084106867142,0,0.0183084106867142,NaN,0.95,0.0444524806692377,0.0289855072463768,0.00538518575698904,0.0184623630026653,0.0186047603390473,0.0177075339291112,0.1,400,180,760,760,352,408,294,78,100,78,12222,0,234,234,234,234,205,205,205,205,205,0,20
LIRCMOP8_BC,2,ref_y,283,203,1,0.68,203,0,0.00247832259876149,0.00873202801188723,203,20,4,0.01055587332952,15.7635467980296,0.271760408112476,0.687570410283194,0,14,6,20,3,0.0985221674876847,0.00175296805157401,0.013985257921252,0,0.0144704611428691,NaN,0.8,0.042436807817927,0.0441176470588235,0.00354661598878018,0.0145509257147819,0.0147043145251081,0.0137797353916197,0.15,400,205,810,810,385,425,324,76,100,76,14127,0,228,228,228,228,203,203,203,203,203,0,20
LIRCMOP8_BC,2,ref_y,284,199,1,0.67,199,0,0.00266581881693982,0.00766174105820885,199,20,4,0.0103478758254901,16.0804020100502,0.275270450998182,0.677228884129316,0,20,0,20,1,0.100502512562814,0.0240244917691398,0.0412063884721432,0,0.0412063884721432,NaN,0.8,0.0191284414021741,0.0298507462686567,0.0244139600240493,0.0412955813899585,0.0412955813899585,NaN,0.05,400,203,806,806,364,442,318,76,100,76,14438,0,228,228,228,228,199,199,199,199,199,0,20
LIRCMOP8_BC,2,ref_y,285,211,1,0.71,211,0,0.00278853617260594,0.00824575032833184,211,20,4,0.0109718683375799,15.1658767772512,0.271760408112476,0.674171073008247,0,19,1,20,5,0.0947867298578199,0.00893456158571479,0.0173473375047007,0,0.0173473375047007,NaN,0.5,0.00325844720744366,0.0985915492957746,0.00957047157339732,0.0174904890554189,0.0175670246577527,0.013197399506299,0.25,400,199,798,798,344,454,314,80,100,80,14474,1,240,240,240,240,211,211,211,211,211,0,20
LIRCMOP8_BC,2,ref_y,286,206,1,0.69,206,0,0.00264088605525032,0.00867397847616632,206,20,4,0.0107118714575425,15.5339805825243,0.271760408112476,0.721213679609778,0,20,0,20,4,0.0970873786407767,0.00517379501540958,0.0170827440672258,0,0.0177638246005089,NaN,0.9,0.0369164052986862,0.115942028985507,0.00787194218578161,0.0178718725944835,0.0178718725944835,NaN,0.2,400,211,822,822,380,442,333,78,100,78,14778,1,234,234,234,234,206,206,206,206,206,0,20
LIRCMOP8_BC,2,ref_y,287,210,1,0.7,210,0,0.002679233702871,0.00797885767684787,210,20,4,0.0109198689615725,15.2380952380952,0.287174281422438,0.728936514898702,0,20,0,20,2,0.0952380952380952,0.00749860430669266,0.0205176783766221,0,0.0205176783766221,NaN,0.55,0.0010682320649007,0.0571428571428571,0.00826782311455902,0.0206581063213253,0.0206581063213253,NaN,0.1,400,206,812,812,373,439,310,80,100,80,13605,6,240,240,240,240,210,210,210,210,210,0,20
LIRCMOP8_BC,2,ref_y,288,209,1,0.71,209,0,0.00247250153079298,0.00806985741052412,209,20,4,0.010867869585565,15.311004784689,0.275270450998182,0.737024759209504,0,20,0,20,3,0.0956937799043062,0.00722391056392627,0.0147365527547657,0,0.0153878622827358,NaN,0.6,0.00781572765889839,0.0563380281690141,0.00848162752693234,0.0154635676078341,0.0154635676078341,NaN,0.15,400,210,820,820,366,454,319,78,100,78,14871,9,234,234,234,234,209,209,209,209,209,0,20
LIRCMOP8_BC,2,ref_y,289,200,1,0.67,200,0,0.00215934183398395,0.00695577331066941,200,20,4,0.0103998752014976,16,0.273171522772968,0.662215323238745,0,20,0,20,5,0.1,0.0197729535179866,0.030098069751985,0,0.030758128243556,NaN,0.5,0.00300381601707678,0.0597014925373134,0.0211953477471223,0.0308977639807147,0.0308977639807147,NaN,0.25,400,209,818,818,362,456,320,75,100,75,15177,4,225,225,225,225,200,200,200,200,200,0,20
LIRCMOP8_BC,2,ref_y,290,195,1,0.65,195,0,0.00248781464677141,0.00711862245593295,195,20,4,0.0101398783214601,16.4102564102564,0.275270450998182,0.747024536207797,0,17,3,20,2,0.102564102564103,0.00353998646714463,0.0130338191900975,0,0.0130338191900975,NaN,0.8,0.0225370498502808,0.0461538461538462,0.0039369342003898,0.0130678314306316,0.0133757201142288,0.0115551498421545,0.1,400,200,800,800,352,448,316,74,100,74,15049,0,222,222,222,222,195,195,195,195,195,0,20
LIRCMOP8_BC,2,ref_y,291,212,1,0.72,212,0,0.00246122456801896,0.00776134571383361,212,20,4,0.0110238677135874,15.0943396226415,0.282006688040553,0.707762500039041,0,12,8,20,2,0.0943396226415094,0.00800520739699478,0.0217805250198753,0,0.0217805250198753,NaN,0.75,0.022099780909657,0.0277777777777778,0.00891117777179915,0.0218436728063308,0.0221393160009018,0.0210599751212046,0.1,400,195,790,790,352,438,306,79,100,79,13813,0,237,237,237,237,212,212,212,212,212,0,20
LIRCMOP8_BC,2,ref_y,292,190,1,0.64,190,0,0.00187329078035293,0.00556012398092332,190,20,4,0.0098798814414227,16.8421052631579,0.267766481220542,0.741931071273775,0,20,0,20,2,0.105263157894737,0.00600432081530891,0.0161948872617672,0,0.0161948872617672,NaN,0.75,0.0242423685196009,0.0625,0.00692968311091614,0.0164070659335239,0.0164070659335239,NaN,0.1,400,212,824,824,358,466,317,71,100,71,16656,0,213,213,213,213,190,190,190,190,190,0,20
LIRCMOP8_BC,2,ref_y,293,218,1,0.73,218,0,0.0027782927576307,0.00789505070018787,218,20,4,0.0113358639696324,14.6788990825688,0.267766481220542,0.741931071273775,0,16,4,20,4,0.0917431192660551,0.0101110865517558,0.0195910092330606,0,0.0195910092330606,NaN,0.8,0.0382865313149277,0.0547945205479452,0.0108840224823719,0.0196635844450817,0.0195757275903637,0.0196635844450817,0.2,400,190,780,780,336,444,299,80,100,80,13288,0,240,240,240,240,218,218,218,218,218,0,20
LIRCMOP8_BC,2,ref_y,294,219,1,0.73,219,0,0.00275883084797131,0.00799092766373205,219,20,4,0.0113878633456399,14.6118721461187,0.282006688040553,0.741931071273775,0,17,3,20,2,0.091324200913242,0.00693923658633533,0.017933193898654,0,0.017933193898654,NaN,0.6,0.0051582913369333,0.0547945205479452,0.00805658610554854,0.0180325135098407,0.0178662789872792,0.0180325135098407,0.1,400,218,836,836,376,460,335,80,100,80,15132,0,240,240,240,240,219,219,219,219,219,0,20
LIRCMOP8_BC,2,ref_y,295,231,1,0.77,231,0,0.00338086810705686,0.00790532211380022,231,20,4,0.0120118558577297,13.8528138528139,0.293952927790993,0.747024536207797,0,15,5,20,2,0.0865800865800866,0.00373759265912996,0.0178144306511348,0,0.0178144306511348,NaN,0.7,0.0251141470189003,0.051948051948052,0.00436908166627413,0.0179316372874452,0.0179480925536108,0.0179151820212797,0.1,400,219,838,838,363,475,331,83,100,83,14735,0,249,249,249,249,231,231,231,231,231,0,20
LIRCMOP8_BC,2,ref_y,296,225,1,0.75,225,0,0.00291551000459228,0.00789697085596091,225,20,4,0.0116998596016848,14.2222222222222,0.282897121034791,0.684907119952542,0,15,5,20,1,0.0888888888888889,0.0047195341103715,0.013864436717269,0,0.0138742384779863,NaN,0.6,0.0248814511129928,0.0266666666666667,0.00524856202274765,0.0138811024472039,0.0134186058513974,0.0143461349315359,0.05,400,231,862,862,376,486,349,81,100,81,16535,7,243,243,243,243,225,225,225,225,225,0,20
LIRCMOP8_BC,2,ref_y,297,216,1,0.72,216,0,0.00298430554139301,0.00874638731356366,216,20,4,0.0112318652176174,14.8148148148148,0.295747290130835,0.844615763782091,0,19,1,20,3,0.0925925925925926,0.0114643218663421,0.0264198923257255,0,0.0264630188151161,NaN,0.6,0.0105599846157988,0.0694444444444444,0.0121520832622113,0.0265116550130084,0.0267180771665792,0.00242473277405318,0.15,400,225,850,850,373,477,343,78,100,78,15426,0,234,234,234,234,216,216,216,216,216,0,20
LIRCMOP8_BC,2,ref_y,298,210,1,0.7,210,0,0.00256306285871518,0.00704073795301574,210,20,4,0.0109198689615725,15.2380952380952,0.269736906683987,0.671453683107007,0,18,2,20,0,0.0952380952380952,0.0161555002194648,0.0231188388970063,0,0.0231188388970063,NaN,0.65,0.00790452575078793,0,0.0162505017444222,0.0231360105965234,0.0228692640331631,0.0231373061027093,0,400,216,832,832,386,446,338,77,100,77,15698,11,231,231,231,231,210,210,210,210,210,0,20
LIRCMOP8_BC,2,ref_y,299,219,1,0.73,219,0,0.00290671894525353,0.00801838307236666,219,20,4,0.0113878633456399,14.6118721461187,0.275270450998182,0.736733248723746,0,18,2,20,2,0.091324200913242,0.00646126612367067,0.0160790144585131,0,0.0161308736725788,NaN,0.9,0.0229697445406799,0.0547945205479452,0.00671048406710547,0.0162705009598601,0.0160221119354629,0.01627050095986,0.1,400,210,820,820,377,443,321,79,100,79,13682,40,237,237,237,237,219,219,219,219,219,0,20
LIRCMOP8_BC,2,ref_y,300,208,1,0.7,208,0,0.0023152516524868,0.00553346031083388,208,20,4,0.0108158702095575,15.3846153846154,0.292042849901872,0.74549649672759,0,19,1,20,1,0.0961538461538462,0.0100165959650834,0.019129339767517,0,0.019129339767517,NaN,0.8,0.0398551238981406,0.0285714285714286,0.0110816562995169,0.0192695211317018,0.0194355884233293,0.0108603828875461,0.05,400,219,838,838,394,444,334,76,100,76,15222,11,228,228,228,228,208,208,208,208,208,0,20
LIRCMOP8_BC,2,ref_y,301,208,1,0.7,208,0,0.00229132902189809,0.00636400394089285,208,20,4,0.0108158702095575,15.3846153846154,0.300833940902399,0.74549649672759,0,19,1,20,3,0.0961538461538462,0.00321418578959016,0.0122617067801048,0,0.0122617067801048,NaN,0.75,0.0357501170118117,0.0571428571428571,0.00457364865466354,0.0124174589483783,0.0125662113738617,0.00705284317350216,0.15,400,208,816,816,366,450,325,74,100,74,14646,13,222,222,222,222,208,208,208,208,208,0,20
LIRCMOP8_BC,2,ref_y,302,208,1,0.7,208,0,0.00238464780476009,0.00717885423658298,208,20,4,0.0108158702095575,15.3846153846154,0.318146171137869,0.74549649672759,0,19,1,20,5,0.0961538461538462,0.00406564507501174,0.00984201963535042,0,0.00984201963535042,NaN,0.9,0.0146632342307269,0.142857142857143,0.00492133643172092,0.00997523932739395,0.010102025571952,0.00622570620338459,0.25,400,208,816,816,366,450,326,74,100,74,14247,15,222,222,222,222,208,208,208,208,208,0,20
LIRCMOP8_BC,2,ref_y,303,225,1,0.75,225,0,0.00250128651771298,0.00787333173537448,225,20,4,0.0116998596016848,14.2222222222222,0.297541652470678,0.792973928062863,0,17,3,20,0,0.0888888888888889,0.00758007126193013,0.0156350886481939,0,0.0158101891979758,NaN,0.65,0.0125518977437907,0,0.00775218821019177,0.0159444318579576,0.0163844019855913,0.0137989498011516,0,400,208,816,816,365,451,330,81,100,81,14022,42,243,243,243,243,225,225,225,225,225,0,20
LIRCMOP8_BC,2,ref_y,304,225,1,0.75,225,0,0.00273197054296526,0.00755250388633279,225,20,4,0.0116998596016848,14.2222222222222,0.292042849901872,0.728936514898702,0,16,4,20,5,0.0888888888888889,0.00272985023863563,0.00767499395923005,0,0.00767499395923005,NaN,0.5,0.000679196266337334,0.08,0.00363162561818568,0.00774353550843166,0.00718547478035413,0.00813543787455751,0.25,400,225,850,850,396,454,351,80,100,80,15523,45,240,240,240,237,225,225,225,225,225,0,20
LIRCMOP8_BC,2,ref_y,305,229,1,0.77,229,0,0.00281974198125977,0.00833417198737434,229,20,4,0.0119078571057147,13.9737991266376,0.280471040574831,0.728936514898702,0,20,0,20,1,0.0873362445414847,0.00881949854994812,0.0188047561097162,0,0.0194734393461881,NaN,0.3,-0.0132146129787491,0.025974025974026,0.0104274812459782,0.0196588947516469,0.0196588947516469,NaN,0.05,400,225,850,850,393,457,354,80,100,80,15293,16,240,240,240,237,229,229,229,229,229,0,20
LIRCMOP8_BC,2,ref_y,306,225,1,0.75,225,0,0.00302767683439727,0.00823727146833452,225,20,4,0.0116998596016848,14.2222222222222,0.301951628246134,0.747024536207797,0,20,0,20,2,0.0888888888888889,0.0087751578182832,0.0189867639273391,0,0.0190916844708436,NaN,0.35,-0.0127693105380846,0.0533333333333333,0.00935897212905462,0.0191314520147825,0.0191314520147825,NaN,0.1,400,229,858,858,386,472,352,79,100,79,15734,42,237,237,237,237,225,225,225,225,225,0,20
LIRCMOP8_BC,2,ref_y,307,240,1,0.8,240,0,0.00283378918650084,0.00754828591159665,240,20,4,0.0124798502417971,13.3333333333333,0.291747145855979,0.806013020883582,0,17,3,20,0,0.0833333333333333,0.0149117258756764,0.0244923798109433,0,0.0244923798109433,NaN,0.7,0.019833214433118,0,0.0163189215921716,0.0247443334408831,0.0249745908908475,0.024312162538878,0,400,225,850,850,392,458,354,83,100,83,15272,0,249,249,249,249,240,240,240,240,240,0,20
LIRCMOP8_BC,2,ref_y,308,228,1,0.76,228,0,0.00272848177901728,0.00788584408246087,228,20,4,0.0118558577297072,14.0350877192982,0.282901771014311,0.8190521137043,0,20,0,20,2,0.087719298245614,0.0124733802337457,0.0245103464052806,0,0.0245103464052806,NaN,0.6,0.00510411939129859,0.0526315789473684,0.0141338296241822,0.0249187744970393,0.0249187744970393,NaN,0.1,400,240,880,880,419,461,371,79,100,79,15905,69,237,237,237,237,228,228,228,228,228,0,20
LIRCMOP8_BC,2,ref_y,309,240,1,0.8,240,0,0.00273081439283115,0.00765087068387466,240,20,4,0.0124798502417971,13.3333333333333,0.282901771014311,0.780491592489038,0,17,3,20,5,0.0833333333333333,0.00436447707691999,0.011864008799859,0,0.011864008799859,NaN,0.6,0.00554434224509087,0.05,0.00524188861715181,0.0120885300509646,0.0122756499181906,0.0117320909758618,0.25,400,228,856,856,395,461,358,83,100,83,15549,0,249,249,249,249,240,240,240,240,240,0,20
LIRCMOP8_BC,2,ref_y,310,225,1,0.75,225,0,0.00246510987864866,0.00637572087854037,225,20,4,0.0116998596016848,14.2222222222222,0.293952927790993,0.8190521137043,0,20,0,20,4,0.0888888888888889,0.00274603935521722,0.0112123550488458,0,0.0117849516918253,NaN,0.7,0.0187605055875859,0.04,0.00422333863038593,0.0118545824682234,0.0118545824682234,NaN,0.2,400,240,880,880,408,472,334,79,100,79,15108,0,237,237,237,234,225,225,225,225,225,0,20
LIRCMOP8_BC,2,ref_y,311,246,1,0.82,246,0,0.00265405208109437,0.00765681252985564,246,20,4,0.012791846497842,13.0081300813008,0.299583197911945,0.728936514898702,0,17,3,20,4,0.0813008130081301,0.00463347289536744,0.0122912819190328,0,0.012524166369278,NaN,0.65,0.0114068358577825,0.0487804878048781,0.00578547687229632,0.0126555598845827,0.0128268815402663,0.0117620375233253,0.2,400,225,850,850,392,458,323,82,100,82,14472,0,246,246,246,246,246,246,246,246,246,0,20
LIRCMOP8_BC,2,ref_y,312,237,1,0.79,237,0,0.00211734178646873,0.00538731295410312,237,20,4,0.0123238521137746,13.5021097046414,0.283796853988068,0.689819929220165,0,20,0,20,5,0.0843881856540084,0.00324991922756162,0.00768843217103983,0,0.00786051706596261,NaN,0.55,0.00726371313355384,0.0506329113924051,0.00377747165115618,0.00807231926919301,0.00807231926919301,NaN,0.25,400,246,892,892,380,512,352,80,100,80,16996,0,240,240,240,240,237,237,237,237,237,0,20
LIRCMOP8_BC,2,ref_y,313,231,1,0.77,231,0,0.00263829607042304,0.00777158585888098,231,20,4,0.0120118558577297,13.8528138528139,0.294658545587187,0.743968457247384,0,20,0,20,2,0.0865800865800866,0.00923808669880715,0.0188306127303717,0,0.0188752474935698,NaN,0.8,0.0220331721915777,0.051948051948052,0.0111085711300077,0.0192646163725207,0.0192646163725207,NaN,0.1,400,237,874,874,376,498,343,79,100,79,16586,4,237,237,237,237,231,231,231,231,231,0,20
LIRCMOP8_BC,2,ref_y,314,243,1,0.81,243,0,0.00274591942093123,0.00697650094017824,243,20,4,0.0126358483698196,13.1687242798354,0.291451441810086,0.74294976426058,0,18,2,20,3,0.0823045267489712,0.00804324026445172,0.0153315481367636,0,0.015645418293029,NaN,0.7,0.0120039762057993,0.0493827160493827,0.0097342887031426,0.0159482761441393,0.0157708466793772,0.0159482761441393,0.15,400,231,862,862,380,482,341,83,100,83,15289,10,249,249,249,249,243,243,243,243,243,0,20
LIRCMOP8_BC,2,ref_y,315,243,1,0.81,243,0,0.00240170163864895,0.00661326282979676,243,20,4,0.0126358483698196,13.1687242798354,0.306112463563379,0.800906032600042,0,18,2,20,1,0.0823045267489712,0.0086684884345118,0.0172899331548969,0,0.0175899834897963,NaN,0.85,0.0155421533619062,0.0246913580246914,0.0106220669665437,0.0178776161141461,0.0177130816516787,0.0178776161141461,0.05,400,243,886,886,382,504,355,83,100,83,16851,6,249,249,249,249,243,243,243,243,243,0,20
LIRCMOP8_BC,2,ref_y,316,240,1,0.8,240,0,0.00274957295271986,0.00734772483373566,240,20,4,0.0124798502417971,13.3333333333333,0.29830508691666,0.789829493478275,0,19,1,20,2,0.0833333333333333,0.00563522776932275,0.0141198595806689,0,0.0144275320104979,NaN,0.9,0.0128053874354051,0.025,0.00700503693595421,0.0147234497789356,0.0147822927368157,0.0143710867837227,0.1,400,243,886,886,399,487,363,82,100,82,16603,4,246,246,246,246,240,240,240,240,240,0,20
LIRCMOP8_BC,2,ref_y,317,255,1,0.85,255,0,0.00277010135300685,0.00760107424943755,255,20,4,0.0132598408819094,12.5490196078431,0.301951628246134,0.792973928062863,0,15,5,20,0,0.0784313725490196,0.00758712572158843,0.0146986018182012,0,0.0146986018182012,NaN,0.7,0.0189875879395976,0,0.00804266145843088,0.0147570059112965,0.0147455926232353,0.0147684191993576,0,400,240,880,880,388,492,338,87,100,87,15322,0,261,261,261,261,255,255,255,255,255,0,20
LIRCMOP8_BC,2,ref_y,318,225,1,0.75,225,0,0.00258640510018763,0.00662952755416251,225,20,4,0.0116998596016848,14.2222222222222,0.306112463563379,0.747024536207797,0,20,0,20,3,0.0888888888888889,0.00580445469919777,0.0144323761293646,0,0.0148218486341054,NaN,0.85,0.0151965074348317,0.08,0.00606316884887387,0.0148357505790105,0.0148357505790105,NaN,0.15,400,255,910,910,404,506,360,78,100,78,17928,0,234,234,234,234,225,225,225,225,225,0,20
LIRCMOP8_BC,2,ref_y,319,231,1,0.77,231,0,0.00236985274409306,0.00643316156266229,231,20,4,0.0120118558577297,13.8528138528139,0.309904272299419,0.832634450748754,0,20,0,20,0,0.0865800865800866,0.00400176913535926,0.00975657312193239,0,0.0117784840020304,NaN,0.8,0.036739148910702,0,0.00727415026855093,0.0120689880898731,0.0120689880898731,NaN,0,400,225,850,850,372,478,334,81,100,81,14726,0,243,243,243,243,231,231,231,231,231,0,20
LIRCMOP8_BC,2,ref_y,320,234,1,0.78,234,0,0.00297262823802104,0.00811747930900973,234,20,4,0.0121678539857522,13.6752136752137,0.309904272299419,0.747024536207797,0,20,0,20,0,0.0854700854700855,0.00694302301618781,0.0175736773949766,0,0.0175736773949766,NaN,0.8,0.0337024649358285,0,0.00773858172607011,0.0176460219048054,0.0176460219048054,NaN,0,400,231,862,862,370,492,341,80,100,80,16127,0,240,240,240,240,234,234,234,234,234,0,20
LIRCMOP8_BC,2,ref_y,321,237,1,0.79,237,0,0.0034558142017665,0.00985350052247063,237,20,4,0.0123238521137746,13.5021097046414,0.305798441084401,0.724376558454448,0,20,0,20,5,0.0843881856540084,0.0062174102584304,0.0154795018599957,0,0.0154795018599957,NaN,0.75,0.0308051421151305,0.10126582278481,0.00777200841460991,0.0157733324282655,0.0157733324282655,NaN,0.25,400,234,868,868,371,497,346,81,100,81,16196,0,243,243,243,243,237,237,237,237,237,0,20
LIRCMOP8_BC,2,ref_y,322,225,1,0.75,225,0,0.00332004967736922,0.00922089341844516,225,20,4,0.0116998596016848,14.2222222222222,0.306112463563379,0.841396732845369,0,20,0,20,3,0.0888888888888889,0.00352326627340193,0.00859571410276316,0,0.00931059411910038,NaN,0.7,0.0281409153734721,0.0533333333333333,0.00470603733371741,0.00981677947882299,0.00981677947882299,NaN,0.15,400,237,874,874,392,482,352,77,100,77,16527,0,231,231,231,231,225,225,225,225,225,0,20
LIRCMOP8_BC,2,ref_y,323,234,1,0.78,234,0,0.00293546672445032,0.00833124274477499,234,20,4,0.0121678539857522,13.6752136752137,0.297716894502745,0.747024536207797,0,20,0,20,1,0.0854700854700855,0.00652664108438489,0.0169975468600162,0,0.0169975468600162,NaN,0.85,0.0327450125041576,0.0256410256410256,0.00763092406625806,0.0172330293377295,0.0172330293377295,NaN,0.05,400,225,850,850,368,482,331,79,100,79,15589,0,237,237,237,237,234,234,234,234,234,0,20
LIRCMOP8_BC,2,ref_y,324,246,1,0.82,246,0,0.00223019100774413,0.00676462657385099,246,20,4,0.012791846497842,13.0081300813008,0.310237991084664,0.832634450748754,0,17,3,20,0,0.0813008130081301,0.00553546166273439,0.0135546945186655,0,0.0135546945186655,NaN,0.8,0.0297024541892759,0,0.00806259252205232,0.0136336190586885,0.0138524311143075,0.00988023477623511,0,400,234,868,868,390,478,344,85,100,85,15394,0,255,255,255,255,246,246,246,246,246,0,20
LIRCMOP8_BC,2,ref_y,325,234,1,0.78,234,0,0.00298293542990856,0.00890279524376633,234,20,4,0.0121678539857522,13.6752136752137,0.316264339823096,0.792973928062863,0,20,0,20,3,0.0854700854700855,0.00513413074343678,0.0159225248069453,0,0.0159225248069453,NaN,0.9,0.0303534231122862,0.0512820512820513,0.00532804321019274,0.0161259196254506,0.0161259196254506,NaN,0.15,400,246,892,892,394,498,360,79,100,79,17234,4,237,237,237,237,234,234,234,234,234,0,20
LIRCMOP8_BC,2,ref_y,326,229,1,0.77,229,0,0.0028889633711549,0.00797140668344777,229,20,4,0.0119078571057147,13.9737991266376,0.310237991084664,0.832634450748754,0,20,0,20,0,0.0873362445414847,0.0109120097351859,0.0190682962369176,0,0.0190682962369176,NaN,0.85,0.0164558394927875,0,0.0116555038509231,0.019242934510269,0.019242934510269,NaN,0,400,234,868,868,377,491,345,78,100,78,17011,4,234,234,234,234,229,229,229,229,229,0,20
LIRCMOP8_BC,2,ref_y,327,247,1,0.83,247,0,0.00243236758748387,0.00648896402196751,247,20,4,0.0128438458738495,12.9554655870445,0.310237991084664,0.854878948048952,0,16,4,20,7,0.0809716599190283,0.00257745016351411,0.00827792048747561,0,0.00837923930809415,NaN,0.55,0.00491682409811176,0.0843373493975904,0.00435042189582649,0.00855410359929153,0.00836539595258647,0.00858979101520886,0.35,400,229,858,858,391,467,347,85,100,85,14882,0,255,255,255,255,247,247,247,247,247,0,20
LIRCMOP8_BC,2,ref_y,328,235,1,0.79,235,0,0.00263193723121261,0.0074851681060454,235,20,4,0.0122198533617597,13.6170212765957,0.310237991084664,1.06806661421612,0,20,0,20,5,0.0851063829787234,0.00456527455251014,0.0134336579726164,0,0.0134336579726164,NaN,0.7,0.0171014201680389,0.113924050632911,0.00545172268157325,0.0135351447569714,0.0135351447569714,NaN,0.25,400,247,894,894,412,482,368,81,100,81,16388,4,243,243,243,243,235,235,235,235,235,0,20
LIRCMOP8_BC,2,ref_y,329,258,1,0.86,258,0,0.00223112325279896,0.00656138360326688,258,20,4,0.0134158390099319,12.4031007751938,0.314912812481654,0.854878948048952,0,14,6,20,0,0.0775193798449612,0.00622600815604602,0.0125627846644528,0,0.0180609310232375,NaN,0.9,0.0232712030539336,0,0.0103492351665873,0.0181333654015823,0.0182067499481317,0.0177845371917289,0,400,235,870,870,406,464,364,86,100,86,15443,0,258,258,258,258,258,258,258,258,258,0,20
LIRCMOP8_BC,2,ref_y,330,258,1,0.86,258,0,0.00142068756236484,0.00413818749964469,258,20,4,0.0134158390099319,12.4031007751938,0.316956412093845,1.23390207706568,0,13,7,20,0,0.0775193798449612,0.00541600777802453,0.0102334914689663,0,0.0103585472363805,NaN,0.7,0.0227708837246346,0,0.00572755113339186,0.0104061989340279,0.0100728975442552,0.0107395003238006,0,400,258,916,916,436,480,389,89,100,89,17203,0,267,267,267,267,258,258,258,258,258,0,20
LIRCMOP8_BC,2,ref_y,331,246,1,0.82,246,0,0.00263769333963928,0.00678195674423622,246,20,4,0.012791846497842,13.0081300813008,0.308008367931399,0.854878948048952,0,17,3,20,3,0.0813008130081301,0.0046205857831103,0.0116986347596001,0,0.0116986347596001,NaN,0.8,0.0254026075941767,0.0731707317073171,0.00480722435547971,0.0119075302152638,0.0121514855896917,0.0114326882189306,0.15,400,258,916,916,429,487,374,84,100,84,16918,4,252,252,252,252,246,246,246,246,246,0,20
LIRCMOP8_BC,2,ref_y,332,234,1,0.78,234,0,0.00292815381541379,0.00768464480560766,234,20,4,0.0121678539857522,13.6752136752137,0.308008367931399,0.854878948048952,0,20,0,20,1,0.0854700854700855,0.00851777736775595,0.0136115777391381,0,0.0136115777391381,NaN,0.75,0.0238115904223186,0.0256410256410256,0.00886416803828433,0.0138052313042324,0.0138052313042324,NaN,0.05,400,246,892,892,418,474,372,80,100,80,16352,2,240,240,240,240,234,234,234,234,234,0,20
LIRCMOP8_BC,2,ref_y,333,243,1,0.81,243,0,0.00261528277599112,0.00646530434453373,243,20,4,0.0126358483698196,13.1687242798354,0.309904272299419,0.897516481282388,0,18,2,20,3,0.0823045267489712,0.00157684548634208,0.00637677120142747,0,0.00637677120142747,NaN,0.55,0.0144893713300702,0.0493827160493827,0.00379990336334699,0.00649296297253205,0.00664733062332563,0.00607917268064695,0.15,400,234,868,868,406,462,364,84,100,84,15601,3,252,252,252,252,243,243,243,243,243,0,20
LIRCMOP8_BC,2,ref_y,334,237,1,0.79,237,0,0.00241661368381258,0.00595675674526158,237,20,4,0.0123238521137746,13.5021097046414,0.309904272299419,0.850430048588912,0,20,0,20,6,0.0843881856540084,0.00189029158641324,0.0088842540958267,0,0.0088842540958267,NaN,0.6,0.00419539258127702,0.10126582278481,0.00255819062301838,0.00901155437525525,0.00901155437525525,NaN,0.3,400,243,886,886,418,468,377,82,100,82,16344,4,246,246,246,246,237,237,237,237,237,0,20
LIRCMOP8_BC,2,ref_y,335,246,1,0.82,246,0,0.00245319711478139,0.00611220255959533,246,20,4,0.012791846497842,13.0081300813008,0.311732778719816,0.832634450748754,0,17,3,20,10,0.0813008130081301,0.00319816763342291,0.00861027248771208,0,0.0087524822609969,NaN,0.75,0.0263171048180267,0.0975609756097561,0.0034485454358127,0.00880068010862768,0.00902307476784839,0.00769752798626398,0.5,400,237,874,874,404,470,364,83,100,83,16146,0,249,249,249,249,246,246,246,246,246,0,20
LIRCMOP8_BC,2,ref_y,336,246,1,0.82,246,0,0.00199003515124179,0.0058036118992196,246,20,4,0.012791846497842,13.0081300813008,0.318317888221654,1.06914123002408,0,17,3,20,3,0.0813008130081301,0.00195932364367653,0.00713195656345132,0,0.0073359595229647,NaN,0.7,0.0217909850917354,0.024390243902439,0.0048034543512731,0.00750092293746719,0.00776694716506071,0.00705754922481131,0.15,400,246,892,892,423,469,378,84,100,84,16085,0,252,252,252,252,246,246,246,246,246,0,20
LIRCMOP8_BC,2,ref_y,337,233,1,0.78,233,0,0.00244520976083262,0.00676560102373747,233,20,4,0.0121158546097447,13.7339055793991,0.316284237395829,1.06806661421612,0,20,0,20,5,0.0858369098712446,0.00145334855375086,0.00811833484310648,0,0.00821759581517065,NaN,0.75,0.0121702008636089,0.0641025641025641,0.00308364559617677,0.00828940486939954,0.00828940486939954,NaN,0.25,400,246,892,892,421,471,377,80,100,80,16925,21,240,240,240,240,233,233,233,233,233,0,20
LIRCMOP8_BC,2,ref_y,338,254,1,0.85,254,0,0.00184920436700522,0.00470395148297094,254,20,4,0.0132078415059019,12.5984251968504,0.345779776147959,1.06926063178052,0,14,6,20,4,0.078740157480315,0.00360361486528645,0.00940733063144399,0,0.00963589445199202,NaN,0.75,0.0241994589050948,0.0352941176470588,0.00480644473800615,0.00974891194437525,0.010894565298073,0.00858191153247707,0.2,400,233,866,866,403,463,363,89,100,89,15720,14,267,267,267,267,254,254,254,254,254,0,20
LIRCMOP8_BC,2,ref_y,339,243,1,0.81,243,0,0.00269929268495109,0.00740360527521199,243,20,4,0.0126358483698196,13.1687242798354,0.320351539047478,0.835497326621176,0,18,2,20,0,0.0823045267489712,0.0095109924980132,0.0206584767585243,0,0.0219411116681703,NaN,0.75,0.00868949537955072,0,0.0130294063296662,0.0221916501903486,0.0224118944853951,0.0206346398027361,0,400,254,908,908,419,489,387,82,100,82,18029,7,246,246,246,246,243,243,243,243,243,0,20
LIRCMOP8_BC,2,ref_y,340,246,1,0.82,246,0,0.00261321121400054,0.00760925682734844,246,20,4,0.012791846497842,13.0081300813008,0.33007791239127,1.06806661421612,0,17,3,20,1,0.0813008130081301,0.00717554596213039,0.0139879389478887,0,0.0142030288556376,NaN,0.75,0.00423523442527698,0.024390243902439,0.00807445623466402,0.0143226116016654,0.0145263211580849,0.0139830956742997,0.05,400,243,886,886,409,477,378,83,100,83,16273,0,249,249,249,249,246,246,246,246,246,0,20
LIRCMOP8_BC,2,ref_y,341,231,1,0.77,231,0,0.00233424670774491,0.00646282825495504,231,20,4,0.0120118558577297,13.8528138528139,0.320351539047478,0.854878948048952,0,20,0,20,3,0.0865800865800866,0.00451216372962402,0.0141833917413971,0,0.0142520103648543,NaN,0.55,0.00181530202276742,0.0779220779220779,0.00472246501325407,0.0142607573133907,0.0142607573133907,NaN,0.15,400,246,892,892,412,480,369,79,100,79,16817,0,237,237,237,237,231,231,231,231,231,0,20
LIRCMOP8_BC,2,ref_y,342,249,1,0.83,249,0,0.00233987266684767,0.00686796856636598,249,20,4,0.0129478446258645,12.85140562249,0.327259258499458,1.06806661421612,0,16,4,20,1,0.0803212851405622,0.0101311203425226,0.0176270266005199,0,0.0176899196639813,NaN,0.75,0.02180580500551,0.0240963855421687,0.0103193564445415,0.0176904299191965,0.018023601561171,0.0164546644960266,0.05,400,231,862,862,400,462,358,84,100,84,15298,0,252,252,252,252,249,249,249,249,249,0,20
LIRCMOP8_BC,2,ref_y,343,225,1,0.75,225,0,0.00230970653043526,0.00606045015277165,225,20,4,0.0116998596016848,14.2222222222222,0.311369233798268,1.06806661421612,0,20,0,20,3,0.0888888888888889,0.0015424890165699,0.00845232094029072,0,0.00852425267487895,NaN,0.8,0.0190540294459752,0.04,0.00188675163890977,0.00861969138785453,0.00861969138785453,NaN,0.15,400,249,898,898,425,473,376,77,100,77,16480,16,231,231,231,231,225,225,225,225,225,0,20
LIRCMOP8_BC,2,ref_y,344,255,1,0.85,255,0,0.00224386405818451,0.00545687913100722,255,20,4,0.0132598408819094,12.5490196078431,0.324920203638223,1.06806661421612,0,14,6,20,2,0.0784313725490196,0.0107777018536146,0.0192236741164969,0,0.0193142518783018,NaN,0.85,0.0207711198900044,0.0235294117647059,0.0111394103949537,0.0193334830102784,0.0199222560371286,0.0186647394271752,0.1,400,225,850,850,385,465,353,86,100,86,14766,7,258,258,258,258,255,255,255,255,255,0,20
LIRCMOP8_BC,2,ref_y,345,237,1,0.79,237,0,0.0024489787302018,0.00603977734391495,237,20,4,0.0123238521137746,13.5021097046414,0.311369233798268,1.06902182826764,0,20,0,20,1,0.0843881856540084,0.00920346019698453,0.0189789133810322,0,0.0193314674538839,NaN,0.75,0.0144315078839297,0.0253164556962025,0.0108948055701452,0.0194706650018893,0.0194706650018893,NaN,0.05,400,255,910,910,425,485,385,81,100,81,16871,0,243,243,243,243,237,237,237,237,237,0,20
LIRCMOP8_BC,2,ref_y,346,258,1,0.86,258,0,0.00205288116378629,0.00596022639195252,258,20,4,0.0134158390099319,12.4031007751938,0.314869682097997,0.741931071273775,0,13,7,20,5,0.0775193798449612,0.00740026873664938,0.015020359604112,0,0.015020359604112,NaN,0.7,0.00892864770095492,0.0697674418604651,0.00756957598349355,0.0150754260108135,0.0145179259452446,0.0156293338145406,0.25,400,237,874,874,400,474,359,87,100,87,15351,0,261,261,261,261,258,258,258,258,258,0,20
LIRCMOP8_BC,2,ref_y,347,243,1,0.81,243,0,0.00214187996935921,0.00683206676621529,243,20,4,0.0126358483698196,13.1687242798354,0.324920203638223,1.06806661421612,0,18,2,20,3,0.0823045267489712,0.00906906162889123,0.0167773071337184,0,0.0167935753006154,NaN,0.75,0.0101824109702867,0.0740740740740741,0.00926118693319248,0.0168463992281521,0.0170302502860295,0.0154945551969629,0.15,400,258,916,916,415,501,374,82,100,82,17907,0,246,246,246,246,243,243,243,243,243,0,20
LIRCMOP8_BC,2,ref_y,348,237,1,0.79,237,0,0.00256178470645065,0.00662069025777035,237,20,4,0.0123238521137746,13.5021097046414,0.324920203638223,1.13938858328125,0,20,0,20,1,0.0843881856540084,0.00515453427392991,0.0134478159675501,0,0.0135587253654172,NaN,0.7,0.0217335851526239,0.0253164556962025,0.00545934642498042,0.0136436844170714,0.0136436844170714,NaN,0.05,400,243,886,886,396,490,363,80,100,80,16275,0,240,240,240,240,237,237,237,237,237,0,20
LIRCMOP8_BC,2,ref_y,349,243,1,0.81,243,0,0.00231809584630866,0.00601697470400577,243,20,4,0.0126358483698196,13.1687242798354,0.331308291869163,1.068305417729,0,18,2,20,2,0.0823045267489712,0.00722793582780322,0.0144021975387738,0,0.0145070726218783,NaN,0.8,0.0353326740535581,0.0493827160493827,0.00757966387598881,0.0145743822609561,0.0147592830488486,0.0141121302912248,0.1,400,237,874,874,394,480,355,83,100,83,15542,2,249,249,249,249,243,243,243,243,243,0,20
LIRCMOP8_BC,2,ref_y,350,243,1,0.81,243,0,0.00253974319172968,0.00664977059591197,243,20,4,0.0126358483698196,13.1687242798354,0.3370685245822,1.068305417729,0,18,2,20,5,0.0823045267489712,0.00155406818860867,0.00894426612341457,0,0.00927157566534267,NaN,0.75,0.017461138969417,0.0987654320987654,0.00517093535103513,0.00945990450862056,0.00963526673795488,0.00823062665079262,0.25,400,243,886,886,400,486,350,83,100,83,16044,18,249,249,249,249,243,243,243,243,243,0,20
LIRCMOP8_BC,2,ref_y,351,234,1,0.78,234,0,0.00218719037889473,0.0056519902318123,234,20,4,0.0121678539857522,13.6752136752137,0.330074596883934,0.869093022504799,0,20,0,20,2,0.0854700854700855,0.00335981784969113,0.0106564930868485,0,0.0108964959100349,NaN,0.8,0.028056866658871,0.0512820512820513,0.00506967724145427,0.0110329982949191,0.0110329982949191,NaN,0.1,400,243,886,886,396,490,356,79,100,79,16431,0,237,237,237,237,234,234,234,234,234,0,20
LIRCMOP8_BC,2,ref_y,352,258,1,0.86,258,0,0.00197730401248353,0.00589444291638531,258,20,4,0.0134158390099319,12.4031007751938,0.3370685245822,0.869093022504799,0,14,6,20,3,0.0775193798449612,0.00379077097663592,0.0116090493693154,0,0.0117448194977391,NaN,0.75,0.0202296476605848,0.0348837209302326,0.00387282514677517,0.0117488286431147,0.0118400609999533,0.0114925391263428,0.15,400,234,868,868,382,486,348,86,100,86,15512,0,258,258,258,258,258,258,258,258,258,0,20
LIRCMOP8_BC,2,ref_y,353,240,1,0.8,240,0,0.00210361483612896,0.00501685432538631,240,20,4,0.0124798502417971,13.3333333333333,0.326089731068841,0.910143735522318,0,19,1,20,1,0.0833333333333333,0.00477433880233506,0.0108383315977539,0,0.0109461842511442,NaN,0.75,0.0191381589335886,0.025,0.0066711409946299,0.011031352135021,0.0111162060998678,0.00983401703345436,0.05,400,258,916,916,407,509,371,81,100,81,17894,0,243,243,243,243,240,240,240,240,240,0,20
LIRCMOP8_BC,2,ref_y,354,255,1,0.85,255,0,0.00204340112191933,0.00620111153042069,255,20,4,0.0132598408819094,12.5490196078431,0.3370685245822,1.06806661421612,0,14,6,20,6,0.0784313725490196,0.00135160779329522,0.00709312190251924,0,0.0071140045981749,NaN,0.55,0.0109408908457975,0.0823529411764706,0.00325532644226155,0.00712853272344471,0.00673585603154302,0.00738149768161325,0.3,400,240,880,880,388,492,349,86,100,86,15597,0,258,258,258,258,255,255,255,255,255,0,20
LIRCMOP8_BC,2,ref_y,355,243,1,0.81,243,0,0.00276151408034414,0.0068289894337879,243,20,4,0.0126358483698196,13.1687242798354,0.316178079055781,0.949799129364434,0,18,2,20,9,0.0823045267489712,0.0026926040164188,0.00861106840587228,0,0.00881638090709195,NaN,0.7,0.0137510272560594,0.123456790123457,0.00270730803833296,0.00885723428762094,0.00903939996766032,0.00840182008752248,0.45,400,255,910,910,396,514,362,82,100,82,17233,9,246,246,246,246,243,243,243,243,243,0,20
LIRCMOP8_BC,2,ref_y,356,234,1,0.78,234,0,0.00228607722578098,0.00606073903835529,234,20,4,0.0121678539857522,13.6752136752137,0.322272406404732,0.752220856828519,0,20,0,20,1,0.0854700854700855,0.00603977029817298,0.0149463573793789,0,0.0151322389426872,NaN,0.65,0.0108217323974377,0.0256410256410256,0.00606255842781122,0.0151673379286262,0.0151673379286262,NaN,0.05,400,243,886,886,389,497,351,79,100,79,16565,3,237,237,237,237,234,234,234,234,234,0,20
LIRCMOP8_BC,2,ref_y,357,255,1,0.85,255,0,0.00258547258366064,0.00658210494697422,255,20,4,0.0132598408819094,12.5490196078431,0.316178079055781,0.861864131066493,0,14,6,20,0,0.0784313725490196,0.014056365928583,0.020844764916548,0,0.0210938531806585,NaN,0.65,0.0108909538299542,0,0.0149674104359244,0.0211515758307899,0.0217606299777707,0.0204666174199289,0,400,234,868,868,377,491,341,86,100,86,15328,0,258,258,258,258,255,255,255,255,255,0,20
LIRCMOP8_BC,2,ref_y,358,249,1,0.83,249,0,0.00252589322988525,0.00598225218086818,249,20,4,0.0129478446258645,12.85140562249,0.320351539047478,0.741931071273775,0,16,4,20,0,0.0803212851405622,0.00908271777006967,0.0171298972376321,0,0.0171298972376321,NaN,0.65,0.0104874614251456,0,0.00968670520991549,0.0173332330992057,0.0171685520234474,0.0173052787797901,0,400,255,910,910,396,514,358,84,100,84,17766,0,252,252,252,252,249,249,249,249,249,0,20
LIRCMOP8_BC,2,ref_y,359,237,1,0.79,237,0,0.00255618681009824,0.00659920273977534,237,20,4,0.0123238521137746,13.5021097046414,0.33110109687201,0.850597380973043,0,20,0,20,0,0.0843881856540084,0.014707047430364,0.0252001803051698,0,0.0253472512005536,NaN,0.6,0.0133981910550375,0,0.0157432175984742,0.0254712880928563,0.0254712880928563,NaN,0,400,249,898,898,384,514,354,80,100,80,17128,2,240,240,240,240,237,237,237,237,237,0,20
LIRCMOP8_BC,2,ref_y,360,243,1,0.81,243,0,0.00229233233329648,0.00636004626105711,243,20,4,0.0126358483698196,13.1687242798354,0.316178079055781,0.725714825941533,0,18,2,20,1,0.0823045267489712,0.010117370963264,0.0159824052660964,0,0.0162441043563586,NaN,0.75,0.0274076879157398,0.0246913580246914,0.0108485151674873,0.0163103965003995,0.0164308007536986,0.0160093858671516,0.05,400,237,874,874,370,504,341,82,100,82,15923,2,246,246,246,246,243,243,243,243,243,0,20
LIRCMOP8_BC,2,ref_y,361,240,1,0.8,240,0,0.00224904328906786,0.00607931073446107,240,20,4,0.0124798502417971,13.3333333333333,0.327283651190548,0.854878948048952,0,19,1,20,1,0.0833333333333333,0.0108955149343756,0.0250219354699429,0,0.0250999980900752,NaN,0.7,0.0253970788919103,0.025,0.0120621805547625,0.0251321339608553,0.025259163306029,0.024496987234987,0.05,400,243,886,886,379,507,353,81,100,81,16478,4,243,243,243,243,240,240,240,240,240,0,20
LIRCMOP8_BC,2,ref_y,362,237,1,0.79,237,0,0.00231666303978119,0.0065540454730658,237,20,4,0.0123238521137746,13.5021097046414,0.327283651190548,0.895898271526148,0,20,0,20,2,0.0843881856540084,0.00544903610550317,0.0181911321055493,0,0.0184643107586393,NaN,0.75,0.0140332177948939,0.0506329113924051,0.00589433847469195,0.0185607728839684,0.0185607728839684,NaN,0.1,400,240,880,880,391,489,349,80,100,80,15805,0,240,240,240,240,237,237,237,237,237,0,20
LIRCMOP8_BC,2,ref_y,363,234,1,0.78,234,0,0.00192570149617242,0.00535557591498564,234,20,4,0.0121678539857522,13.6752136752137,0.344300760268912,0.861864131066493,0,20,0,20,1,0.0854700854700855,0.00339634491061701,0.00997066266804551,0,0.0101316255231883,NaN,0.8,0.0289220745932673,0.0256410256410256,0.00465997533575468,0.0101922865411333,0.0101922865411333,NaN,0.05,400,237,874,874,379,495,344,79,100,79,15769,0,237,237,237,237,234,234,234,234,234,0,20
LIRCMOP8_BC,2,ref_y,364,240,1,0.8,240,0,0.00208984897679235,0.0056175314506786,240,20,4,0.0124798502417971,13.3333333333333,0.334084810727105,0.815405759659211,0,19,1,20,7,0.0833333333333333,0.00336854750876524,0.00988993741775739,0,0.0100161320757714,NaN,0.8,0.0310471185072847,0.1375,0.00376437553585946,0.010016931371798,0.0101192396319933,0.00950539007082194,0.35,400,234,868,868,377,491,341,81,100,81,15717,4,243,243,243,243,240,240,240,240,240,0,20
LIRCMOP8_BC,2,ref_y,365,252,1,0.84,252,0,0.00203763312621988,0.00575020469730225,252,20,4,0.013103842753887,12.6984126984127,0.346468997669494,0.861864131066493,0,15,5,20,2,0.0793650793650794,0.00300245701881398,0.00684716501124143,0,0.0073534204138061,NaN,0.7,0.0184705557673688,0.0238095238095238,0.00443490507546017,0.00757602873536929,0.00810327197706364,0.00704878549367494,0.1,400,240,880,880,371,509,346,86,100,86,16377,0,258,258,258,258,252,252,252,252,252,0,20
LIRCMOP8_BC,2,ref_y,366,243,1,0.81,243,0,0.00229526621314298,0.00641100185362826,243,20,4,0.0126358483698196,13.1687242798354,0.347158219191028,0.870721925332285,0,18,2,20,5,0.0823045267489712,0.00253216767883496,0.0102639228783575,0,0.0103588966397304,NaN,0.75,0.0166647694926887,0.0740740740740741,0.00400594914174955,0.0104558769530492,0.0106637705874478,0.00993614286705275,0.25,400,252,904,904,390,514,350,83,100,83,16647,0,249,249,249,249,243,243,243,243,243,0,20
LIRCMOP8_BC,2,ref_y,367,237,1,0.79,237,0,0.00206459693516079,0.00609320774591398,237,20,4,0.0123238521137746,13.5021097046414,0.342821744389864,0.884390563246161,0,20,0,20,0,0.0843881856540084,0.0045995027654941,0.0122891955582404,0,0.0155558292475179,NaN,0.8,0.0199305578401099,0,0.00644616018962885,0.0159435911942953,0.0159435911942953,NaN,0,400,243,886,886,377,509,345,81,100,81,16948,0,243,243,243,243,237,237,237,237,237,0,20
LIRCMOP8_BC,2,ref_y,368,240,1,0.8,240,0,0.00224528269272725,0.00632844316951065,240,20,4,0.0124798502417971,13.3333333333333,0.344300760268912,0.869812107532428,0,19,1,20,1,0.0833333333333333,0.00472933898277002,0.0130707306397787,0,0.0150534808945079,NaN,0.75,0.018816777024073,0.025,0.00741537816615038,0.015357814415665,0.0154763252512067,0.0147652602379564,0.05,400,237,874,874,375,499,341,82,100,82,15977,0,246,246,246,246,240,240,240,240,240,0,20
LIRCMOP8_BC,2,ref_y,369,243,1,0.81,243,0,0.00232064874700793,0.00665767660486225,243,20,4,0.0126358483698196,13.1687242798354,0.345779776147959,0.839149716348826,0,18,2,20,5,0.0823045267489712,0.00499360157938161,0.0165141077297866,0,0.0167292254233333,NaN,0.75,0.0179614957981074,0.0864197530864197,0.00560364240575591,0.01680609957571,0.0172759532887707,0.0144782647816467,0.25,400,240,880,880,377,503,343,83,100,83,16895,0,249,249,249,249,243,243,243,243,243,0,20
LIRCMOP8_BC,2,ref_y,370,238,1,0.8,238,0,0.0021338980899156,0.0066767519713832,238,20,4,0.0123758514897821,13.4453781512605,0.347158219191028,0.896926413112903,0,19,1,20,4,0.0840336134453782,0.00276370904381577,0.0119272373628623,0,0.013079697844728,NaN,0.8,0.0195400323127218,0.0875,0.0047082370032844,0.0133422826837518,0.0134534294616334,0.00587626980655584,0.2,400,243,886,886,387,499,350,82,100,82,16322,0,246,246,246,243,238,238,238,238,238,0,20
LIRCMOP8_BC,2,ref_y,371,258,1,0.86,258,0,0.00214813357105206,0.00549887588683194,258,20,4,0.0134158390099319,12.4031007751938,0.346468997669494,0.896937563832229,0,14,6,20,3,0.0775193798449612,0.00300004540000357,0.00963775088829213,0,0.0101284507858822,NaN,0.7,0.0239568305968469,0.0232558139534884,0.00372997575020111,0.0102199312303804,0.00973420282187515,0.0103792626757421,0.15,400,238,876,876,368,508,340,86,100,86,15946,0,258,258,258,258,258,258,258,258,258,0,20
LIRCMOP8_BC,2,ref_y,372,240,1,0.8,240,0,0.00221936852063213,0.00611802072335093,240,20,4,0.0124798502417971,13.3333333333333,0.344300760268912,0.886167517642931,0,19,1,20,2,0.0833333333333333,0.007299022906271,0.0195263998970552,0,0.0204133203046762,NaN,0.95,0.0237061460999292,0.025,0.0086370388580132,0.0206556880468413,0.0208060461404762,0.0183413621891357,0.1,400,258,916,916,387,529,361,81,100,81,18639,0,243,243,243,243,240,240,240,240,240,0,20
LIRCMOP8_BC,2,ref_y,373,249,1,0.83,249,0,0.00249362969638882,0.00650691268213275,249,20,4,0.0129478446258645,12.85140562249,0.345779776147959,0.896937563832229,0,16,4,20,3,0.0803212851405622,0.00165354838298035,0.00737901821928288,0,0.0106517893578241,NaN,0.85,0.0321207182855971,0.036144578313253,0.0060451196964793,0.0109745639727216,0.0115836200740994,0.00953392804657734,0.15,400,240,880,880,375,505,346,84,100,84,16611,0,252,252,252,252,249,249,249,249,249,0,20
LIRCMOP8_BC,2,ref_y,374,249,1,0.83,249,0,0.00217858682890785,0.00521807582947424,249,20,4,0.0129478446258645,12.85140562249,0.345779776147959,0.875397471453632,0,16,4,20,2,0.0803212851405622,0.00221943407812623,0.0113669763795797,0,0.0125718810054131,NaN,0.8,0.0365920108507326,0.0481927710843374,0.00386390502076558,0.012842036646702,0.0133238673410192,0.0122397482788054,0.1,400,249,898,898,388,510,350,84,100,84,16930,0,252,252,252,252,249,249,249,249,249,0,20
LIRCMOP8_BC,2,ref_y,375,261,1,0.87,261,0,0.0020306566282606,0.00522978013454427,261,20,4,0.0135718371379543,12.2605363984674,0.34154796877583,0.896937563832229,0,13,7,20,7,0.0766283524904215,0.00238530430463337,0.0058920191279662,0,0.00623357888576468,NaN,0.8,0.0324421689265096,0.0689655172413793,0.00261542846063147,0.00625348725655313,0.00644146996201905,0.00576133446918294,0.35,400,249,898,898,391,507,352,87,100,87,16571,0,261,261,261,261,261,261,261,261,261,0,20
LIRCMOP8_BC,2,ref_y,376,231,1,0.77,231,0,0.00200769993753084,0.00529157078989425,231,20,4,0.0120118558577297,13.8528138528139,0.3370685245822,0.896937563832229,0,20,0,20,4,0.0865800865800866,0.00284292927988999,0.0122921554413898,0,0.0127990560751862,NaN,0.8,0.0299970995643105,0.0649350649350649,0.00414997660784956,0.0129198855551881,0.0129198855551881,NaN,0.2,400,261,922,922,398,524,364,78,100,78,18657,0,234,234,234,234,231,231,231,231,231,0,20
LIRCMOP8_BC,2,ref_y,377,228,1,0.76,228,0,0.00235913107249379,0.00636306311970403,228,20,4,0.0118558577297072,14.0350877192982,0.334084810727105,0.875397471453632,0,20,0,20,11,0.087719298245614,0.0019368341712351,0.00547006294248231,0,0.00669311299774523,NaN,0.85,0.0413977715726854,0.131578947368421,0.00293188208937989,0.00684515045788054,0.00684515045788054,NaN,0.55,400,231,862,862,369,493,339,77,100,77,15976,0,231,231,231,231,228,228,228,228,228,0,20
LIRCMOP8_BC,2,ref_y,378,234,1,0.78,234,0,0.00215859432267248,0.00579675842509609,234,20,4,0.0121678539857522,13.6752136752137,0.343663872461894,0.896937563832229,0,20,0,20,3,0.0854700854700855,0.00302722184071329,0.011956431601153,0,0.0123459080549536,NaN,0.85,0.024395620053179,0.0641025641025641,0.00392717387604122,0.0123858200669527,0.0123858200669527,NaN,0.15,400,228,856,856,368,488,337,79,100,79,15338,0,237,237,237,237,234,234,234,234,234,0,20
LIRCMOP8_BC,2,ref_y,379,246,1,0.82,246,0,0.00265799155132022,0.00656247516636071,246,20,4,0.012791846497842,13.0081300813008,0.329192374031279,0.896937563832229,0,18,2,20,6,0.0813008130081301,0.00323022523462521,0.0099876750140555,0,0.0103341407858385,NaN,0.85,0.0169435827951146,0.0853658536585366,0.00346400086246522,0.0103694033646996,0.01058388984303,0.00983318716887371,0.3,400,234,868,868,369,499,344,82,100,82,16034,0,246,246,246,246,246,246,246,246,246,0,20
LIRCMOP8_BC,2,ref_y,380,240,1,0.8,240,0,0.00227450494756651,0.00550906211321191,240,20,4,0.0124798502417971,13.3333333333333,0.329192374031279,0.886167517642931,0,20,0,20,4,0.0833333333333333,0.00247028524660224,0.0125871084014135,0,0.0132321015577502,NaN,0.8,0.0340455209849748,0.075,0.00395567168972323,0.0132835619870875,0.0132835619870875,NaN,0.2,400,246,892,892,391,501,354,81,100,81,16628,0,243,243,243,240,240,240,240,240,240,0,20
LIRCMOP8_BC,2,ref_y,381,243,1,0.81,243,0,0.00220275849651946,0.00558815764250666,243,20,4,0.0126358483698196,13.1687242798354,0.327283651190548,0.898780671544873,0,19,1,20,7,0.0823045267489712,0.00385340468377794,0.0121170483977596,0,0.0125802191840485,NaN,0.75,0.0135585541621313,0.160493827160494,0.00530674798273735,0.012588276949606,0.0126885131739592,0.0120870958278399,0.35,400,240,880,880,384,496,347,81,100,81,16232,0,243,243,243,243,243,243,243,243,243,0,20
LIRCMOP8_BC,2,ref_y,382,258,1,0.86,258,0,0.00204738462775288,0.00494631297238258,258,20,4,0.0134158390099319,12.4031007751938,0.327283651190548,0.906153102395446,0,14,6,20,3,0.0775193798449612,0.00311982940905019,0.00960254057120455,0,0.00974205064610966,NaN,0.8,0.0396120954640216,0.0465116279069767,0.00334193386353325,0.0098764082629039,0.00926483935098101,0.0104836744123171,0.15,400,243,886,886,390,496,352,87,100,87,16100,0,261,261,261,261,258,258,258,258,258,0,20
LIRCMOP8_BC,2,ref_y,383,258,1,0.86,258,0,0.00251354780197099,0.00599368365623313,258,20,4,0.0134158390099319,12.4031007751938,0.329192374031279,0.906153102395446,0,14,6,20,5,0.0775193798449612,0.00139895854597113,0.00827523286059508,0,0.00876895861160785,NaN,0.85,0.0296344412825226,0.0465116279069767,0.00367758525231372,0.00899329420013638,0.00968867064344994,0.00824270011437294,0.25,400,258,916,916,398,518,365,86,100,86,17581,0,258,258,258,258,258,258,258,258,258,0,20
LIRCMOP8_BC,2,ref_y,384,228,1,0.76,228,0,0.00194131426094479,0.00551786887734383,228,20,4,0.0118558577297072,14.0350877192982,0.3370685245822,0.896937563832229,0,20,0,20,1,0.087719298245614,0.00334500113919734,0.0104114679849434,0,0.0108823476846217,NaN,0.8,0.0201490491591218,0.0263157894736842,0.00360378617421376,0.0109161951813128,0.0109161951813128,NaN,0.05,400,258,916,916,403,513,364,77,100,77,18242,0,231,231,231,231,228,228,228,228,228,0,20
LIRCMOP8_BC,2,ref_y,385,252,1,0.84,252,0,0.00217163469482749,0.00576962940957288,252,20,4,0.013103842753887,12.6984126984127,0.3370685245822,0.906153102395446,0,16,4,20,0,0.0793650793650794,0.00525255653260448,0.0117940108091589,0,0.0122962449441784,NaN,0.85,0.0255339441120987,0,0.00564883694794208,0.0122968348900208,0.0126754796262491,0.0118235289697354,0,400,228,856,856,368,488,330,84,100,84,14899,0,252,252,252,252,252,252,252,252,252,0,20
LIRCMOP8_BC,2,ref_y,386,249,1,0.83,249,0,0.00226362072187837,0.00718824855022444,249,20,4,0.0129478446258645,12.85140562249,0.3370685245822,0.896937563832229,0,17,3,20,4,0.0803212851405622,0.00376182818281171,0.00970353643694408,0,0.0104218394842121,NaN,1,0.0194631917969308,0.0602409638554217,0.00657987630133929,0.0106280887399618,0.0107613959897279,0.00987647700971415,0.2,400,252,904,904,389,515,356,83,100,83,17231,0,249,249,249,249,249,249,249,249,249,0,20
LIRCMOP8_BC,2,ref_y,387,249,1,0.83,249,0,0.00216588379656316,0.00561872764208259,249,20,4,0.0129478446258645,12.85140562249,0.3370685245822,0.902466886970159,0,17,3,20,0,0.0803212851405622,0.00387077681932532,0.0120567245074833,0,0.0123467057959966,NaN,0.75,0.0199767481805432,0,0.00402204612314025,0.0125242803630103,0.012850431209574,0.0119806956187374,0,400,249,898,898,385,513,355,83,100,83,16987,0,249,249,249,249,249,249,249,249,249,0,20
LIRCMOP8_BC,2,ref_y,388,240,1,0.8,240,0,0.0019316876732802,0.00557139151566719,240,20,4,0.0124798502417971,13.3333333333333,0.345779776147959,0.906153102395446,0,20,0,20,0,0.0833333333333333,0.00607098532411432,0.0123055088935546,0,0.0124694918813213,NaN,0.75,0.0175897353412168,0,0.0064997249524765,0.0126163253110063,0.0126163253110063,NaN,0,400,249,898,898,385,513,353,81,100,81,16947,0,243,243,243,243,240,240,240,240,240,0,20
LIRCMOP8_BC,2,ref_y,389,255,1,0.85,255,0,0.0021267677391563,0.00542153665900488,255,20,4,0.0132598408819094,12.5490196078431,0.33591868972091,0.896937563832229,0,15,5,20,6,0.0784313725490196,0.00345073423948206,0.0135773493646979,0,0.0141395369593059,NaN,0.6,0.0101155686453011,0.0705882352941176,0.00469805846180443,0.0141496037415323,0.0147989207069777,0.0135002867760868,0.3,400,240,880,880,366,514,338,85,100,85,16360,0,255,255,255,255,255,255,255,255,255,0,20
LIRCMOP8_BC,2,ref_y,390,225,1,0.75,225,0,0.00198349818285491,0.00567908702443019,225,20,4,0.0116998596016848,14.2222222222222,0.33110109687201,0.875397471453632,0,20,0,20,5,0.0888888888888889,0.00313593652900293,0.00878849536634322,0,0.00987434277617001,NaN,0.5,-0.00153725377980005,0.133333333333333,0.00357762718195851,0.00994981792609331,0.00994981792609331,NaN,0.25,400,255,910,910,398,512,355,76,100,76,17888,0,228,228,228,228,225,225,225,225,225,0,20
LIRCMOP8_BC,2,ref_y,391,255,1,0.85,255,0,0.00228627081436951,0.00711648661438865,255,20,4,0.0132598408819094,12.5490196078431,0.327259258499458,0.896937563832229,0,15,5,20,0,0.0784313725490196,0.0418689870370586,0.0477542833077169,0,0.0482148961768016,NaN,0.65,0.0131190194592094,0,0.0423584550190396,0.0482536259505982,0.0452256781404664,0.05128157376073,0,400,225,850,850,348,502,324,86,100,86,15058,0,258,258,258,258,255,255,255,255,255,0,20
LIRCMOP8_BC,2,ref_y,392,246,1,0.82,246,0,0.00223235810966799,0.00706868781105019,246,20,4,0.012791846497842,13.0081300813008,0.327271454845003,0.875397471453632,0,18,2,20,6,0.0813008130081301,0.00525987606028358,0.0141512086254229,0,0.0144513872364622,NaN,0.5,-0.00299464954014564,0.134146341463415,0.00574656303311926,0.0146625279372928,0.0150924975489029,0.0124747791140676,0.3,400,255,910,910,386,524,356,82,100,82,18436,0,246,246,246,246,246,246,246,246,246,0,20
LIRCMOP8_BC,2,ref_y,393,237,1,0.79,237,0,0.00196113775640371,0.00570276483561521,237,20,4,0.0123238521137746,13.5021097046414,0.33110109687201,0.89262954535651,0,20,0,20,0,0.0843881856540084,0.00340436592774444,0.00889117075415205,0,0.00941518182240614,NaN,0.8,0.0437314172076615,0,0.00425637162062876,0.00942262407824792,0.00942262407824792,NaN,0,400,246,892,892,381,511,343,80,100,80,16559,0,240,240,240,240,237,237,237,237,237,0,20
LIRCMOP8_BC,2,ref_y,394,237,1,0.79,237,0,0.00174455571290298,0.00532128869118163,237,20,4,0.0123238521137746,13.5021097046414,0.326428142686809,1.02494356274502,0,20,0,20,1,0.0843881856540084,0.00480021305729398,0.00936193150312197,0,0.00994137327437648,NaN,0.6,0.0269668880291105,0.0253164556962025,0.00604352511957619,0.00997921212557587,0.00997921212557587,NaN,0.05,400,237,874,874,381,493,336,80,100,80,15866,0,240,240,240,240,237,237,237,237,237,0,20
LIRCMOP8_BC,2,ref_y,395,243,1,0.81,243,0,0.00180492567424558,0.00536415623767343,243,20,4,0.0126358483698196,13.1687242798354,0.326428142686809,0.898780671544873,0,19,1,20,3,0.0823045267489712,0.00234193513633045,0.0103889767645575,0,0.0106574001860509,NaN,0.7,0.00956722823123765,0.037037037037037,0.00311245406971273,0.0107132779428973,0.0108351001271113,0.0101041670218272,0.15,400,237,874,874,366,508,342,82,100,82,16314,0,246,246,246,246,243,243,243,243,243,0,20
LIRCMOP8_BC,2,ref_y,396,249,1,0.83,249,0,0.00174805016943894,0.00568453592329309,249,20,4,0.0129478446258645,12.85140562249,0.327283651190548,0.785780570176652,0,17,3,20,11,0.0803212851405622,0.0021635576949222,0.00929227350413566,0,0.00944511944485218,NaN,0.75,0.0246060524007413,0.156626506024096,0.0028537170808542,0.00954789676309159,0.0098620709100788,0.00902427318477958,0.55,400,243,886,886,377,509,343,83,100,83,16493,0,249,249,249,249,249,249,249,249,249,0,20
LIRCMOP8_BC,2,ref_y,397,246,1,0.82,246,0,0.00199425599127773,0.0064798648012598,246,20,4,0.012791846497842,13.0081300813008,0.341424150365079,0.906153102395446,0,18,2,20,0,0.0813008130081301,0.0111537669032425,0.0149739280820993,0,0.0157849236419219,NaN,0.8,0.019949037038746,0,0.0118886228305229,0.015912092022732,0.0159740640185203,0.0148339429506504,0,400,249,898,898,390,508,355,82,100,82,16631,0,246,246,246,246,246,246,246,246,246,0,20
LIRCMOP8_BC,2,ref_y,398,249,1,0.83,249,0,0.00198640773545212,0.00619173521290289,249,20,4,0.0129478446258645,12.85140562249,0.338498922715263,0.906153102395446,0,17,3,20,6,0.0803212851405622,0.00261621226244204,0.00739329621411755,0,0.00765654035106379,NaN,0.65,0.0100631776160804,0.0963855421686747,0.00416980282538084,0.00778285847282727,0.00759827092784208,0.00776191819933497,0.3,400,246,892,892,376,516,345,84,100,84,16593,0,252,252,252,252,249,249,249,249,249,0,20
LIRCMOP8_BC,2,ref_y,399,252,1,0.84,252,0,0.00181614509460295,0.00562852730786339,252,20,4,0.013103842753887,12.6984126984127,0.333178374918148,0.906153102395446,0,16,4,20,4,0.0793650793650794,0.00164797971561348,0.00589531658598725,0,0.00634365252353978,NaN,0.7,0.00934620903776368,0.0476190476190476,0.0042614823937753,0.00658613275833202,0.00654494841009311,0.00654982360425557,0.2,400,249,898,898,376,522,352,85,100,85,16752,0,255,255,255,255,252,252,252,252,252,0,20
LIRCMOP8_BC,2,ref_y,400,249,1,0.83,249,0,0.00182681127044502,0.00525554385998468,249,20,4,0.0129478446258645,12.85140562249,0.338498922715263,0.906153102395446,0,17,3,20,1,0.0803212851405622,0.00642254534256505,0.0127317937366929,0,0.0133023354608596,NaN,0.55,0.000647435320628303,0.0240963855421687,0.00708880931514042,0.013315313923133,0.0135965062059478,0.0128466601184417,0.05,400,252,904,904,388,516,353,84,100,84,17025,0,252,252,252,252,249,249,249,249,249,0,20
LIRCMOP8_BC,2,ref_y,401,246,1,0.82,246,0,0.00178719264612634,0.0058485632748514,246,20,4,0.012791846497842,13.0081300813008,0.337783723648731,0.906153102395446,0,18,2,20,6,0.0813008130081301,0.00527485932480465,0.0157831532943509,0,0.0163504568760959,NaN,0.6,0.00557645625611292,0.121951219512195,0.0070319243619255,0.01655003983207,0.0168170663893112,0.0158824734389668,0.3,400,249,898,898,382,516,348,83,100,83,17177,0,249,249,249,249,246,246,246,246,246,0,20
LIRCMOP8_BC,2,ref_y,402,237,1,0.79,237,0,0.00182766732760625,0.00534055618178459,237,20,4,0.0123238521137746,13.5021097046414,0.347158219191028,0.904309994682803,0,20,0,20,6,0.0843881856540084,0.00266872534446803,0.0105772518946358,0,0.0107337774934395,NaN,0.6,0.00609047826358672,0.113924050632911,0.00378608459559319,0.0108084626027536,0.0108084626027536,NaN,0.3,400,246,892,892,382,510,346,81,100,81,16929,0,243,243,243,243,237,237,237,237,237,0,20
LIRCMOP8_BC,2,ref_y,403,249,1,0.83,249,0,0.00217307964182387,0.00652762167868593,249,20,4,0.0129478446258645,12.85140562249,0.345779776147959,0.906153102395446,0,17,3,20,7,0.0803212851405622,0.000951762554447744,0.00445710026698321,0,0.00764830579276336,NaN,0.75,0.0106801736593404,0.108433734939759,0.00488919502466824,0.00805871699638427,0.00820466361043406,0.00781547263963463,0.35,400,237,874,874,367,507,335,84,100,84,16160,0,252,252,252,252,249,249,249,249,249,0,20
LIRCMOP8_BC,2,ref_y,404,255,1,0.85,255,0,0.00168911600842474,0.00483099827258652,255,20,4,0.0132598408819094,12.5490196078431,0.3370685245822,0.896937563832229,0,15,5,20,5,0.0784313725490196,0.0014629530920221,0.00840159007778067,0,0.00856805140617162,NaN,0.9,0.0266029257431082,0.0588235294117647,0.00241192444123107,0.00864886476159959,0.00915714431818459,0.00814058520501458,0.25,400,249,898,898,382,516,350,85,100,85,16736,0,255,255,255,255,255,255,255,255,255,0,20
LIRCMOP8_BC,2,ref_y,405,249,1,0.83,249,0,0.00208071008720789,0.00591414447883306,249,20,4,0.0129478446258645,12.85140562249,0.345779776147959,1.05694506247322,0,17,3,20,4,0.0803212851405622,0.00281623527884269,0.00371146833828704,0,0.0045535398596641,NaN,0.75,0.0150930593326636,0.036144578313253,0.00383771973857477,0.0046707837424702,0.00467808200659726,0.00407227151092775,0.2,400,255,910,910,396,514,358,84,100,84,17275,0,252,252,252,252,249,249,249,249,249,0,20
LIRCMOP8_BC,2,ref_y,406,246,1,0.82,246,0,0.00178085984936768,0.00513499563096955,246,20,4,0.012791846497842,13.0081300813008,0.3370685245822,0.906153102395446,0,18,2,20,8,0.0813008130081301,0.00226982682350908,0.00804314340284994,0,0.00858034230680893,NaN,0.75,0.0135186356356854,0.134146341463415,0.00239502813984713,0.00859014929594831,0.00877154434253118,0.00813666167949113,0.4,400,249,898,898,381,517,344,83,100,83,16652,0,249,249,249,249,246,246,246,246,246,0,20
LIRCMOP8_BC,2,ref_y,407,246,1,0.82,246,0,0.0020863804287228,0.00614996216941823,246,20,4,0.012791846497842,13.0081300813008,0.332463175851616,0.896937563832229,0,18,2,20,3,0.0813008130081301,0.00321054041334456,0.00906251424261829,0,0.0130060140295643,NaN,0.65,0.00403027826036306,0.0487804878048781,0.00658937664422424,0.0133902182764636,0.0136006225327584,0.0128642076357265,0.15,400,246,892,892,375,517,346,82,100,82,17089,0,246,246,246,246,246,246,246,246,246,0,20
LIRCMOP8_BC,2,ref_y,408,261,1,0.87,261,0,0.00185105647666522,0.00604862905047336,261,20,4,0.0135718371379543,12.2605363984674,0.327857827121033,0.95044432254192,0,13,7,20,0,0.0766283524904215,0.0081401033327959,0.0140352433485444,0,0.0161665491743335,NaN,0.7,0.0182415860241201,0,0.010545757224792,0.0164623857192883,0.0168713390058711,0.0160549479927085,0,400,246,892,892,373,519,346,88,100,88,16555,0,264,264,264,264,261,261,261,261,261,0,20
LIRCMOP8_BC,2,ref_y,409,234,1,0.78,234,0,0.00193814003873419,0.00572659944278305,234,20,4,0.0121678539857522,13.6752136752137,0.338498922715263,0.896937563832229,0,20,0,20,1,0.0854700854700855,0.0131405302694452,0.0264659267149777,0,0.0269335890469769,NaN,0.35,-0.0127876498463097,0.0256410256410256,0.0139178542224096,0.0269430804751204,0.0269430804751204,NaN,0.05,400,261,922,922,386,536,358,79,100,79,19491,0,237,237,237,237,234,234,234,234,234,0,20
LIRCMOP8_BC,2,ref_y,410,255,1,0.85,255,0,0.00188399895815835,0.00610228027106013,255,20,4,0.0132598408819094,12.5490196078431,0.345779776147959,0.906153102395446,0,15,5,20,1,0.0784313725490196,0.0153280638334261,0.018335843002626,0,0.0185596293776656,NaN,0.65,0.0126639668270856,0.0235294117647059,0.0157104775945921,0.0186553442100636,0.0182220393389911,0.0190886490811361,0.05,400,234,868,868,368,500,331,86,100,86,15520,0,258,258,258,258,255,255,255,255,255,0,20
LIRCMOP8_BC,2,ref_y,411,246,1,0.82,246,0,0.00194450716297715,0.00593914391849255,246,20,4,0.012791846497842,13.0081300813008,0.332463175851616,0.896937563832229,0,18,2,20,7,0.0813008130081301,0.00314311767425846,0.00990435559073773,0,0.00995472933826548,NaN,0.35,-0.0129219516470802,0.0975609756097561,0.00353578265992524,0.0100662512185014,0.0102729483536507,0.00954950838062824,0.35,400,255,910,910,385,525,357,83,100,83,18046,0,249,249,249,249,246,246,246,246,246,0,20
LIRCMOP8_BC,2,ref_y,412,246,1,0.82,246,0,0.0017396435216835,0.00530021811852431,246,20,4,0.012791846497842,13.0081300813008,0.341424150365079,0.906153102395446,0,18,2,20,0,0.0813008130081301,0.00671843275211179,0.0101906807294095,0,0.0103046483332625,NaN,0.6,0.0149028940665106,0,0.00751199366462619,0.0104464023017552,0.0105813422839578,0.0101090523462488,0,400,246,892,892,381,511,345,84,100,84,16455,0,252,252,252,252,246,246,246,246,246,0,20
LIRCMOP8_BC,2,ref_y,413,263,1,0.88,263,0,0.00166727208104899,0.00465462340246666,263,20,4,0.0136758358899693,12.1673003802281,0.327857827121033,1.06806661421612,0,12,8,20,7,0.0760456273764259,0.00162950748309802,0.00319015025902029,0,0.00838034502050343,NaN,0.7,0.0424902975596713,0.0795454545454545,0.00637208687884329,0.00877520135763263,0.00898856998863765,0.00843257283738601,0.35,400,246,892,892,390,502,348,89,100,89,16431,0,267,267,267,267,263,263,263,263,263,0,20
LIRCMOP8_BC,2,ref_y,414,264,1,0.88,264,0,0.00181020466651331,0.00504293087524777,264,20,4,0.0137278352659768,12.1212121212121,0.333369425220438,1.05694506247322,0,12,8,20,10,0.0757575757575758,0.00155357149637178,0.00760095757298287,0,0.00787932059006386,NaN,0.7,0.028252219974819,0.113636363636364,0.00333916854472599,0.00798396138980565,0.00878902690365589,0.00651917929354693,0.5,400,263,926,926,393,533,368,89,100,89,17989,0,267,267,267,267,264,264,264,264,264,0,20
LIRCMOP8_BC,2,ref_y,415,231,1,0.77,231,0,0.00192726384194021,0.00652419507124979,231,20,4,0.0120118558577297,13.8528138528139,0.3370685245822,0.896937563832229,0,20,0,20,1,0.0865800865800866,0.00534564441705216,0.00683959128743669,0,0.0070249530528444,NaN,0.8,0.0235222378032456,0.025974025974026,0.00543998582770924,0.00708060947980664,0.00708060947980664,NaN,0.05,400,264,928,928,394,534,366,79,100,79,19490,0,237,237,237,237,231,231,231,231,231,0,20
LIRCMOP8_BC,2,ref_y,416,270,1,0.9,270,0,0.00187556390485847,0.00610121113035126,270,20,4,0.0140398315220217,11.8518518518519,0.32757073915579,1.06250583834467,0,10,10,20,3,0.0740740740740741,0.0205257836330248,0.0299817233724352,0,0.0315559626800399,NaN,0.75,0.0357279797852995,0.0333333333333333,0.0231469649997409,0.0317122597164638,0.0317438998768979,0.0301131198564722,0.15,400,231,862,862,362,500,332,91,100,91,15512,0,273,273,273,273,270,270,270,270,270,0,20
LIRCMOP8_BC,2,ref_y,417,267,1,0.89,267,0,0.00214073860410224,0.00656047086841437,267,20,4,0.0138838333939993,11.9850187265918,0.326428142686809,1.05694506247322,0,11,9,20,5,0.0749063670411985,0.0147779409440197,0.0228511592837783,0,0.024290979647162,NaN,0.65,0.0131954997124902,0.0561797752808989,0.0175239649761203,0.0244994253245539,0.0236019954381253,0.0251577632359,0.25,400,270,940,940,397,543,371,89,100,89,18519,0,267,267,267,267,267,267,267,267,267,0,20
LIRCMOP8_BC,2,ref_y,418,249,1,0.83,249,0,0.00175234205340245,0.00503746779442766,249,20,4,0.0129478446258645,12.85140562249,0.327857827121033,0.906153102395446,0,17,3,20,3,0.0803212851405622,0.0104098427153402,0.0187624306517554,0,0.0190964903058037,NaN,0.65,0.0195350321318604,0.0481927710843374,0.0132688152725907,0.0190974934129938,0.0189457401904993,0.0190956010036265,0.15,400,267,934,934,400,534,369,84,100,84,18051,0,252,252,252,252,249,249,249,249,249,0,20
LIRCMOP8_BC,2,ref_y,419,240,1,0.8,240,0,0.00194728153635531,0.00669575415367411,240,20,4,0.0124798502417971,13.3333333333333,0.326428142686809,0.901545333113838,0,20,0,20,1,0.0833333333333333,0.0192658307545583,0.0259826579114095,0,0.0266589580937052,NaN,0.65,0.0147032872802725,0.025,0.0211613815842415,0.0266928977247094,0.0266928977247094,NaN,0.05,400,249,898,898,384,514,345,82,100,82,17367,0,246,246,246,246,240,240,240,240,240,0,20
LIRCMOP8_BC,2,ref_y,420,264,1,0.88,264,0,0.00191823496159435,0.00554546346276452,264,20,4,0.0137278352659768,12.1212121212121,0.344319501712368,1.05694506247322,0,12,8,20,2,0.0757575757575758,0.00627962693708395,0.0126811061248517,0,0.0127950301532253,NaN,0.8,0.0245083019421145,0.0227272727272727,0.00638775721045773,0.0128601165009634,0.0127175462664832,0.0122485981546271,0.1,400,240,880,880,375,505,337,90,100,90,15802,0,270,270,270,270,264,264,264,264,264,0,20
LIRCMOP8_BC,2,ref_y,421,255,1,0.85,255,0,0.00181393064592594,0.00559783544156942,255,20,4,0.0132598408819094,12.5490196078431,0.345779776147959,1.05694506247322,0,15,5,20,5,0.0784313725490196,0.00859528723330876,0.0123459948954498,0,0.0126589257198873,NaN,0.6,0.0121169223039743,0.0705882352941176,0.0101001205830198,0.0128072301904438,0.0128072301904438,0.0128072301904438,0.25,400,264,928,928,393,535,365,87,100,87,18296,0,261,261,261,261,255,255,255,255,255,0,20
LIRCMOP8_BC,2,ref_y,422,252,1,0.84,252,0,0.00149127863981526,0.00431946645623241,252,20,4,0.013103842753887,12.6984126984127,0.344319501712368,1.05694506247322,0,16,4,20,3,0.0793650793650794,0.00622973458360626,0.0195484009087314,0,0.0199136234146781,NaN,0.75,0.0391029585542583,0.0476190476190476,0.00640199269404299,0.0199378171662978,0.0137911012418969,0.0259987508108705,0.15,400,255,910,910,389,521,355,86,100,86,17557,0,258,258,258,258,252,252,252,252,252,0,20
LIRCMOP8_BC,2,ref_y,423,237,1,0.79,237,0,0.0015281064286255,0.00476827339122576,237,20,4,0.0123238521137746,13.5021097046414,0.327857827121033,1.02678667045766,0,20,0,20,1,0.0843881856540084,0.0144562390148014,0.0227701826966086,0,0.0234492226817946,NaN,0.8,0.0381088314641031,0.0253164556962025,0.0164439361476133,0.023524524289305,0.023524524289305,NaN,0.05,400,252,904,904,387,517,350,82,100,82,17306,0,246,246,246,246,237,237,237,237,237,0,20
LIRCMOP8_BC,2,ref_y,424,264,1,0.88,264,0,0.00159987517355198,0.00514462505376187,264,20,4,0.0137278352659768,12.1212121212121,0.325109530870537,0.896937563832229,0,12,8,20,0,0.0757575757575758,0.00431599088972362,0.014831282605585,0,0.0161240542927057,NaN,0.8,0.0272556278782566,0,0.00627566298327384,0.0162845190545351,0.0158072719442944,0.0164523128931966,0,400,237,874,874,371,503,337,90,100,90,15774,0,270,270,270,267,264,264,264,264,264,0,20
LIRCMOP8_BC,2,ref_y,425,267,1,0.89,267,0,0.00174902638242536,0.00571859382627239,267,20,4,0.0138838333939993,11.9850187265918,0.327283651190548,0.904309994682803,0,11,9,20,9,0.0749063670411985,0.00207444786618078,0.00829089055955686,0,0.0107402812484394,NaN,0.65,0.00631906668119681,0.112359550561798,0.00388110673800137,0.0109338057018424,0.010531208574478,0.0113364028292068,0.45,400,264,928,928,394,534,365,90,100,90,17662,0,270,270,270,270,267,267,267,267,267,0,20
LIRCMOP8_BC,2,ref_y,426,261,1,0.87,261,0,0.00173649883428391,0.00564645548125623,261,20,4,0.0135718371379543,12.2605363984674,0.327857827121033,0.863664873038551,0,13,7,20,2,0.0766283524904215,0.00323523072404126,0.00930660342268194,0,0.0100486358500448,NaN,0.65,0.0127907988947711,0.0459770114942529,0.00361003123683539,0.0102488471767022,0.00909701575789482,0.0113957573268119,0.1,400,267,934,934,399,535,365,88,100,88,17924,0,264,264,264,264,261,261,261,261,261,0,20
LIRCMOP8_BC,2,ref_y,427,261,1,0.87,261,0,0.00172474097869077,0.00556487792550331,261,20,4,0.0135718371379543,12.2605363984674,0.327283651190548,0.896937563832229,0,13,7,20,0,0.0766283524904215,0.0136864269711097,0.0214739418299565,0,0.0216448116892638,NaN,0.35,-0.00865426257226373,0,0.0141686498864227,0.021732954557563,0.0211216953629332,0.0221425571859509,0,400,261,922,922,405,517,361,88,100,88,17647,0,264,264,264,264,261,261,261,261,261,0,20
LIRCMOP8_BC,2,ref_y,428,279,1,0.93,279,0,0.0016794713889757,0.00541536555105708,279,20,4,0.0145078259060891,11.4695340501792,0.323790919054266,0.861864131066493,0,7,13,20,10,0.0716845878136201,0.00211970888501099,0.00467600492235732,0,0.00608177658475521,NaN,0.5,0.0127786267617661,0.129032258064516,0.00382182394581443,0.00626208344355543,0.00660254680253981,0.00581714162443309,0.5,400,261,922,922,398,524,364,94,100,94,17388,0,282,282,282,282,279,279,279,279,279,0,20
LIRCMOP8_BC,2,ref_y,429,267,1,0.89,267,0,0.00154476246894734,0.00481757856219978,267,20,4,0.0138838333939993,11.9850187265918,0.327857827121033,0.904309994682803,0,11,9,20,0,0.0749063670411985,0.00692594930042022,0.0162063730117677,0,0.0242328421533811,NaN,0.6,0.00996821215765498,0,0.0123275426354763,0.0244608109554203,0.0243295714743598,0.023301647835823,0,400,279,958,958,415,543,377,90,100,90,18395,0,270,270,270,270,267,267,267,267,267,0,20
LIRCMOP8_BC,2,ref_y,430,261,1,0.87,261,0,0.00166672846332669,0.00559395188859457,261,20,4,0.0135718371379543,12.2605363984674,0.326428142686809,0.785780570176652,0,13,7,20,7,0.0766283524904215,0.00113389227024083,0.00163688918709401,0,0.00275217708076282,NaN,0.4,-0.0063033720200619,0.0574712643678161,0.00202039166885254,0.00330775444698948,0.00512092534581092,0.00310008571855104,0.35,400,267,934,934,403,531,363,87,100,87,17861,0,261,261,261,261,261,261,261,261,261,0,20
LIRCMOP8_BC,2,ref_y,431,258,1,0.86,258,0,0.00161854405762292,0.0051923680288511,258,20,4,0.0134158390099319,12.4031007751938,0.332463175851616,0.785780570176652,0,13,7,20,0,0.0775193798449612,0.00300076084835569,0.00761934887029321,0,0.011835454053973,NaN,0.65,0.024017577727162,0,0.00525651039922006,0.0120604896735431,0.011894800090275,0.0117810112228318,0,400,261,922,922,388,534,360,88,100,88,17592,0,264,264,264,264,258,258,258,258,258,0,20
LIRCMOP8_BC,2,ref_y,432,252,1,0.84,252,0,0.00157086043523175,0.00520836620990369,252,20,4,0.013103842753887,12.6984126984127,0.332176087886374,0.951390690418779,0,16,4,20,2,0.0793650793650794,0.00294408396237645,0.0173195235093228,0,0.0177386267365593,NaN,0.55,0.00575573870881173,0.0476190476190476,0.00459709294900679,0.0177398571545363,0.0166148365633952,0.0185551844474837,0.1,400,258,916,916,384,532,358,87,100,87,17444,0,261,261,261,261,252,252,252,252,252,0,20
LIRCMOP8_BC,2,ref_y,433,261,1,0.87,261,0,0.00148655089837159,0.00504483691350585,261,20,4,0.0135718371379543,12.2605363984674,0.3370685245822,0.906153102395446,0,13,7,20,3,0.0766283524904215,0.00338734627821744,0.0141552991680112,0,0.0146128433690693,NaN,0.5,-0.00324768735602651,0.0459770114942529,0.00377799922496236,0.0146249054458198,0.012963036809218,0.0162856603637943,0.15,400,252,904,904,387,517,353,89,100,89,16996,0,267,267,267,267,261,261,261,261,261,0,20
LIRCMOP8_BC,2,ref_y,434,258,1,0.86,258,0,0.00140687755653808,0.00481426452896263,258,20,4,0.0134158390099319,12.4031007751938,0.325109530870537,0.906153102395446,0,14,6,20,2,0.0775193798449612,0.00475048938181048,0.0197158693177109,0,0.0199967882265314,NaN,0.5,-0.00043574404941657,0.0232558139534884,0.00828443152900826,0.020018497415567,0.019266180491364,0.0204272104487376,0.1,400,261,922,922,392,530,363,87,100,87,17715,0,261,261,261,261,258,258,258,258,258,0,20
LIRCMOP8_BC,2,ref_y,435,249,1,0.83,249,0,0.00149700413429879,0.00477790028478194,249,20,4,0.0129478446258645,12.85140562249,0.345779776147959,0.906153102395446,0,17,3,20,2,0.0803212851405622,0.0114551857743086,0.0178654887731962,0,0.0186197095478806,NaN,0.4,-0.00383511051206722,0.0481927710843374,0.0115947201088054,0.0187612822729386,0.0190226151046069,0.0183257275534916,0.1,400,258,916,916,390,526,360,85,100,85,18106,0,255,255,255,255,249,249,249,249,249,0,20
LIRCMOP8_BC,2,ref_y,436,261,1,0.87,261,0,0.00155956895885194,0.00510595805513679,261,20,4,0.0135718371379543,12.2605363984674,0.327283651190548,0.906153102395446,0,13,7,20,2,0.0766283524904215,0.0168300636388292,0.0289090046602352,0,0.0308477005125788,NaN,0.55,0.00802407598984572,0.0229885057471264,0.0186858836881278,0.0308787406154321,0.0336803093100133,0.028745352799341,0.1,400,249,898,898,379,519,347,89,100,89,16631,0,267,267,267,267,261,261,261,261,261,0,20
LIRCMOP8_BC,2,ref_y,437,267,1,0.89,267,0,0.00167336865223494,0.005406279847239,267,20,4,0.0138838333939993,11.9850187265918,0.326428142686809,0.777850215715101,0,10,10,20,5,0.0749063670411985,0.00657758817677225,0.0156390917602903,0,0.0173534253985698,NaN,0.55,0.000338728723680487,0.0561797752808989,0.00896465476411338,0.017438986412023,0.017438986412023,0.0174374105056818,0.25,400,261,922,922,387,535,360,92,100,92,17620,0,276,276,276,276,267,267,267,267,267,0,20
LIRCMOP8_BC,2,ref_y,438,249,1,0.83,249,0,0.00141649090278026,0.00458163155681212,249,20,4,0.0129478446258645,12.85140562249,0.338498922715263,0.906153102395446,0,17,3,20,1,0.0803212851405622,0.00785959595431605,0.0142724169447046,0,0.0146446280693106,NaN,0.65,0.0102212483073291,0.0240963855421687,0.0080661991063758,0.014649732242127,0.0144369236204422,0.0146469312929671,0.05,400,267,934,934,394,540,366,85,100,85,18255,0,255,255,255,255,249,249,249,249,249,0,20
LIRCMOP8_BC,2,ref_y,439,261,1,0.87,261,0,0.00172456856491251,0.00626038352720019,261,20,4,0.0135718371379543,12.2605363984674,0.327283651190548,0.785780570176652,0,13,7,20,4,0.0766283524904215,0.00345187079943919,0.0179861344736883,0,0.0185047174741427,NaN,0.7,0.0175062365194936,0.0689655172413793,0.00402967090726608,0.0185400432503189,0.0181138224936161,0.0182044220827794,0.2,400,249,898,898,373,525,349,88,100,88,17065,0,264,264,264,264,261,261,261,261,261,0,20
LIRCMOP8_BC,2,ref_y,440,243,1,0.81,243,0,0.00137224873141639,0.00477712137706682,243,20,4,0.0126358483698196,13.1687242798354,0.338498922715263,0.73120755292732,0,19,1,20,1,0.0823045267489712,0.00853846634332141,0.0167155512739803,0,0.0169431106260465,NaN,0.5,-0.00253199943674207,0.0246913580246914,0.00873381940873373,0.0169784294183922,0.0170699034797618,0.0116308318971665,0.05,400,261,922,922,399,523,360,84,100,84,18549,0,252,252,252,252,243,243,243,243,243,0,20
LIRCMOP8_BC,2,ref_y,441,259,1,0.87,259,0,0.00158994441174436,0.00526876540273694,259,20,4,0.0134678383859394,12.3552123552124,0.3370685245822,0.763951363276919,0,13,7,20,2,0.0772200772200772,0.00233767848467582,0.00739455161973709,0,0.00881788296896675,NaN,0.65,0.0121783406062155,0.0229885057471264,0.00423321168074575,0.00908014212184908,0.0145401643296307,0.00512185247213431,0.1,400,243,886,886,376,510,338,88,100,88,15937,0,264,264,264,264,259,259,259,259,259,0,20
LIRCMOP8_BC,2,ref_y,442,231,1,0.77,231,0,0.0013366113217941,0.00471598887907459,231,20,4,0.0120118558577297,13.8528138528139,0.3370685245822,0.746128797868895,0,20,0,20,7,0.0865800865800866,0.00276588934363271,0.00669368490994951,0,0.00778397302573637,NaN,0.25,-0.0282028286421207,0.116883116883117,0.00476109760913884,0.00818812058003452,0.00818812058003452,NaN,0.35,400,259,918,918,398,520,360,82,100,82,17906,0,246,246,246,246,231,231,231,231,231,0,20
LIRCMOP8_BC,2,ref_y,443,237,1,0.79,237,0,0.00171931094156896,0.00601900098822395,237,20,4,0.0123238521137746,13.5021097046414,0.3370685245822,0.738883641464738,0,20,0,20,2,0.0843881856540084,0.00460256485590198,0.0063554157481656,0,0.00790846393723234,NaN,0.65,0.00928808446442345,0.0506329113924051,0.00528472495153408,0.00819860874111712,0.00819860874111712,NaN,0.1,400,231,862,862,361,501,329,82,100,82,15992,0,246,246,246,246,237,237,237,237,237,0,20
LIRCMOP8_BC,2,ref_y,444,240,1,0.8,240,0,0.00124573990280695,0.00436906222728642,240,20,4,0.0124798502417971,13.3333333333333,0.342139349431611,0.728015906858501,0,20,0,20,0,0.0833333333333333,0.00645165732052239,0.0150326192537818,0,0.0175094889798862,NaN,0.7,0.012256732934295,0,0.00759244132459497,0.0178320604715718,0.0178320604715718,NaN,0,400,237,874,874,363,511,335,84,100,84,16256,0,252,252,252,252,240,240,240,240,240,0,20
LIRCMOP8_BC,2,ref_y,445,231,1,0.77,231,0,0.00145510231336375,0.00546444642722716,231,20,4,0.0120118558577297,13.8528138528139,0.367542273514949,0.785780570176652,0,20,0,20,6,0.0865800865800866,0.00348021814169049,0.00519386461440346,0,0.00561496604524541,NaN,0.45,-0.000491060440554428,0.142857142857143,0.0035623517806434,0.00564479848454426,0.00564479848454426,NaN,0.3,400,240,880,880,372,508,336,82,100,82,16956,0,246,246,246,246,231,231,231,231,231,0,20
LIRCMOP8_BC,2,ref_y,446,246,1,0.82,246,0,0.00151204885912081,0.00512455022835553,246,20,4,0.012791846497842,13.0081300813008,0.3576431156278,0.785780570176652,0,18,2,20,0,0.0813008130081301,0.00580060661789799,0.0112458214730239,0,0.0164808075938762,NaN,0.4,-0.0182404349671356,0,0.00925455341267878,0.0169043925331553,0.0178530588824968,0.0113216368182228,0,400,231,862,862,353,509,332,86,100,86,15598,0,258,258,258,258,246,246,246,246,246,0,20
LIRCMOP8_BC,2,ref_y,447,243,1,0.81,243,0,0.00155146497044025,0.00557978237080805,243,20,4,0.0126358483698196,13.1687242798354,0.338498922715263,0.681491754633126,0,19,1,20,0,0.0823045267489712,0.0052639845520339,0.00841218356581404,0,0.00857203671576883,NaN,0.45,-0.000190684453063583,0,0.00582390343798069,0.00864125430852865,0.0086970299663272,0.00836237601953593,0,400,246,892,892,376,516,345,85,100,85,17141,0,255,255,255,255,243,243,243,243,243,0,20
LIRCMOP8_BC,2,ref_y,448,252,1,0.84,252,0,0.00150696689607538,0.00542108509953105,252,20,4,0.013103842753887,12.6984126984127,0.346761866944305,0.785780570176652,0,16,4,20,6,0.0793650793650794,0.0051668114086679,0.00859824265453445,0,0.00896663145305283,NaN,0.35,-0.00753116308327934,0.0714285714285714,0.00574818493346698,0.00896697860961661,0.00869549528751036,0.00916997652605401,0.3,400,243,886,886,382,504,343,87,100,87,15973,0,261,261,261,261,252,252,252,252,252,0,20
LIRCMOP8_BC,2,ref_y,449,246,1,0.82,246,0,0.00138096078574848,0.00482239322168245,246,20,4,0.012791846497842,13.0081300813008,0.346761866944305,0.709903015848108,0,18,2,20,1,0.0813008130081301,0.00644269752265616,0.0187764663759371,0,0.0197319996304908,NaN,0.55,0.00176196534877895,0.024390243902439,0.0077284170130246,0.019964569850456,0.0200115035068262,0.011908370818797,0.05,400,252,904,904,381,523,354,86,100,86,17565,0,258,258,258,258,246,246,246,246,246,0,20
LIRCMOP8_BC,2,ref_y,450,267,1,0.89,267,0,0.00150477813637027,0.00566474535308791,267,20,4,0.0138838333939993,11.9850187265918,0.327283651190548,0.7193092148564,0,11,9,20,0,0.0749063670411985,0.0130043067767928,0.0181311109820373,0,0.0183201810833686,NaN,0.4,-0.00749761006191979,0,0.0142840721059945,0.0183605620846507,0.0183014053615339,0.0173386830213551,0,400,246,892,892,374,518,344,91,100,91,16537,0,273,273,273,273,267,267,267,267,267,0,20
LIRCMOP8_BC,2,ref_y,451,255,1,0.85,255,0,0.00127365759898063,0.0044106170610744,255,20,4,0.0132598408819094,12.5490196078431,0.327283651190548,0.721660764608473,0,14,6,20,7,0.0784313725490196,0.00154245264346285,0.00783218356483979,0,0.00997685891989451,NaN,0.3,-0.0223606946276604,0.0941176470588235,0.00431444817509338,0.0102532384998295,0.0114165032175343,0.00511360733822356,0.35,400,267,934,934,408,526,367,90,100,90,17520,0,270,270,270,270,255,255,255,255,255,0,20
LIRCMOP8_BC,2,ref_y,452,255,1,0.85,255,0,0.00158161333266175,0.0053106111045617,255,20,4,0.0132598408819094,12.5490196078431,0.345779776147959,0.721660764608473,0,15,5,20,4,0.0784313725490196,0.00249926545486252,0.0109550165278951,0,0.0131492629119896,NaN,0.5,-0.00929293819466528,0.0235294117647059,0.00692592218468331,0.013318604431322,0.012903347678112,0.013733861184532,0.2,400,255,910,910,377,533,353,88,100,88,17145,0,264,264,264,264,255,255,255,255,255,0,20
LIRCMOP8_BC,2,ref_y,453,240,1,0.8,240,0,0.00138374955302898,0.00467571801606807,240,20,4,0.0124798502417971,13.3333333333333,0.346761866944305,0.717481815714322,0,20,0,20,4,0.0833333333333333,0.00328768784877868,0.0142393452186886,0,0.0145230595671287,NaN,0.45,-0.000336916332862272,0.075,0.00424505502731558,0.0146197165394169,0.0146197165394169,NaN,0.2,400,255,910,910,386,524,357,85,100,85,17747,0,255,255,255,255,240,240,240,240,240,0,20
LIRCMOP8_BC,2,ref_y,454,243,1,0.81,243,0,0.0012738229136684,0.00455217532902436,243,20,4,0.0126358483698196,13.1687242798354,0.345779776147959,0.714974446377831,0,19,1,20,2,0.0823045267489712,0.00698346133210996,0.0110864414070573,0,0.0124041202488537,NaN,0.65,0.00955641073869942,0.0493827160493827,0.00894462804729475,0.0125450145535988,0.0126308111325504,0.0116531670015928,0.1,400,240,880,880,367,513,340,85,100,85,16367,0,255,255,255,255,243,243,243,243,243,0,20
LIRCMOP8_BC,2,ref_y,455,261,1,0.87,261,0,0.00117498408150491,0.0042866746264519,261,20,4,0.0135718371379543,12.2605363984674,0.365533790836793,0.785780570176652,0,12,8,20,12,0.0766283524904215,0.000992640290569969,0.00840880644897205,0,0.00872221573447304,NaN,0.85,0.0500081684584393,0.137931034482759,0.00474118044131278,0.00880192969380198,0.00861767004749985,0.00859385027519573,0.6,400,243,886,886,374,512,342,92,100,92,16463,0,276,276,276,276,261,261,261,261,261,0,20
LIRCMOP8_BC,2,ref_y,456,240,1,0.8,240,0,0.00150769478717616,0.00465913733509414,240,20,4,0.0124798502417971,13.3333333333333,0.356638874288722,0.717481815714322,0,20,0,20,1,0.0833333333333333,0.00824275752381938,0.0146073718119955,0,0.0153354942343002,NaN,0.6,0.00819030723766079,0.025,0.0092788222508631,0.0154231156152135,0.0154231156152135,NaN,0.05,400,261,922,922,392,530,360,86,100,86,18387,0,258,258,258,255,240,240,240,240,240,0,20
LIRCMOP8_BC,2,ref_y,457,259,1,0.87,259,0,0.00138619691848634,0.00509136399275758,259,20,4,0.0134678383859394,12.3552123552124,0.345779776147959,0.709903015848108,0,13,7,20,3,0.0772200772200772,0.0133062055403247,0.0250901588521477,0,0.0253043410243843,NaN,0.45,-0.0116017232630033,0.0229885057471264,0.013654383704783,0.0253475525445515,0.0250276492158747,0.0247509870940452,0.15,400,240,880,880,374,506,340,89,100,89,15698,0,267,267,267,267,259,259,259,259,259,0,20
LIRCMOP8_BC,2,ref_y,458,258,1,0.87,258,0,0.00160301847259472,0.0057251788489174,258,20,4,0.0134158390099319,12.4031007751938,0.345779776147959,0.791068021762883,0,13,7,20,3,0.0775193798449612,0.00763260499726981,0.0177701912796551,0,0.0181534532891044,NaN,0.8,0.00548105221825163,0.0459770114942529,0.00779140564712598,0.0181562903064425,0.017823624743143,0.0180712712203906,0.15,400,259,918,918,391,527,358,87,100,87,17197,0,261,261,261,261,258,258,258,258,258,0,20
LIRCMOP8_BC,2,ref_y,459,269,1,0.9,269,0,0.0016504904364872,0.00559985855008379,269,20,4,0.0139878321460142,11.8959107806691,0.367542273514949,0.782224343907367,0,10,10,20,10,0.0743494423791822,0.00165602583650175,0.00733809553690675,0,0.00756174430335912,NaN,0.2,-0.0224546332537481,0.122222222222222,0.00347754195556844,0.00765225431232715,0.00753678093378271,0.0243350094659348,0.5,400,258,916,916,389,527,357,90,100,90,17436,0,270,270,270,270,269,269,269,269,269,0,20
