problem,run,target_FE,actual_FE,gen,pair_index,pair_side,archive_role,intended_feasible,ref,score,obj1,obj2,dec1,dec2,dec3,dec4,dec5,dec6,dec7,dec8,dec9,dec10,dec11,dec12,dec13,dec14,dec15,dec16,dec17,dec18,dec19,dec20,dec21,dec22,dec23,dec24,dec25,dec26,dec27,dec28,dec29,dec30
"LIRCMOP8_BC",1,90000,90020,441,1,"feasible_endpoint","AF_train",1,40,0.01631231782522034,1.8144434484530587,1.4797901630390247,0.72689762307914185,1,0.1145383944920681,0.89705202787434013,0.1544058494564412,1,0.30126882384528519,0.90648211947902224,0.30617765670376629,0.86864911512628706,0.46540159399038628,0.89391246537916746,0.5373644427611729,0.87620240293073848,0.50427175803414526,0.91034553566170706,0.57678333419601657,0.73846485655627092,0.68671684853763737,0.7167122376192101,0.82755763333331034,0.64782753328018572,0.75401227478673505,0.60200222275139514,0.79728474672767735,0.52376732676072646,0.75473537815082903,0.54600506950264827,0.85209485974467847,0.39061385111084035
"LIRCMOP8_BC",1,90000,90020,441,1,"infeasible_endpoint","AI_train",0,40,0.01631231782522034,1.8087788822537318,1.4742522044567845,0.70348906844763626,0.93096536743442782,0.075058709651000421,0.91338617427327207,0.25140835788592086,0.93722785170775458,0.31164161017053849,0.92168627135882197,0.38409341991454393,0.89924696572083762,0.45067240738735137,0.91846652127062423,0.48368127457666948,0.85681813337018675,0.54026157099409478,0.84825921730639231,0.62728922946026522,0.81396145550915922,0.64826310093511719,0.75348746101020125,0.73159156355703758,0.63812406887474349,0.78918063660956062,0.67246945685805182,0.77950736931076658,0.51229092461503922,0.76670574318095874,0.52391928898091911,0.75952743448003179,0.50077480907479233
"LIRCMOP8_BC",1,90000,90020,441,2,"feasible_endpoint","AF_train",1,37,0.045870680547026803,1.7615978760885016,1.5380420500464071,0.69921835195775084,0.98527139674083419,0.091906637481827883,0.91001575831363435,0.13885397455828513,0.98427778840044122,0.32757043055300622,0.89578952643770127,0.32493090509139938,0.91582110128133165,0.42032788040753699,0.8891873188285746,0.47864851589171009,0.86449025214457287,0.52281593442652052,0.89970578660026335,0.57357153472296418,0.73496350931850563,0.66252535694750758,0.79350742352187986,0.82594659957248262,0.64436160981078172,0.75283603817857248,0.69307843331697505,0.77884206265426315,0.50468488878887596,0.74482606486186387,0.52782248966771883,0.84604048479099014,0.46432567060960472
"LIRCMOP8_BC",1,90000,90020,441,2,"infeasible_endpoint","AI_train",0,37,0.045870680547026803,1.7480639929518158,1.5229200005781434,0.70129063255820956,0.97246810730734601,0.084559524610417935,0.88144402299330304,0.21932403712544685,0.97513929346724293,0.28572686150754817,0.90810980070486402,0.34932994432476322,0.8938336129526443,0.44924106892805971,0.98523989260923084,0.49804237781531979,0.84899031078567133,0.49813116775165767,0.87759181433585365,0.62600552505604157,0.82113362895684727,0.68489995079924149,0.71753311790505714,0.74252175070385718,0.69113062692198901,0.78337473688743786,0.65094897058303403,0.81162910946315381,0.55666730344180593,0.72751803963640549,0.57444024127616933,0.79667860025779469,0.45018556176430474
"LIRCMOP8_BC",1,90000,90020,441,3,"feasible_endpoint","AF_train",1,40,0.0058529377596343518,1.8233245136498968,1.4650426197454078,0.73839902877807617,0.97380492091178894,0.13833174109458923,0.89837187528610229,0.24327802658081055,0.95910924673080444,0.29149338603019714,0.91949501633644104,0.36816589534282684,0.9019739031791687,0.47744996845722198,0.91207405924797058,0.49000092037022114,0.86247092485427856,0.46638984233140945,0.88488030433654785,0.59190653264522552,0.76974740624427795,0.70997083187103271,0.69745175540447235,0.7189515084028244,0.63943225145339966,0.79885044693946838,0.66406932473182678,0.78089141845703125,0.46108649298548698,0.76479583978652954,0.48147779889404774,0.80908659100532532,0.46321723610162735
"LIRCMOP8_BC",1,90000,90020,441,3,"infeasible_endpoint","AI_train",0,40,0.0058529377596343518,1.8233245136498968,1.4615598801962386,0.73839902877807617,0.97380492091178894,0.13833174109458923,0.89837187528610229,0.24327802658081055,0.95910924673080444,0.29149338603019714,0.91949501633644104,0.36816589534282684,0.91075975330421444,0.47744996845722198,0.91207405924797058,0.49000092037022114,0.86247092485427856,0.46638984233140945,0.88488030433654785,0.59190653264522552,0.76974740624427795,0.70997083187103271,0.69745175540447235,0.7189515084028244,0.63943225145339966,0.79885044693946838,0.66406932473182678,0.78089141845703125,0.46108649298548698,0.76479583978652954,0.48147779889404774,0.80908659100532532,0.46321723610162735
"LIRCMOP8_BC",1,90000,90020,441,4,"feasible_endpoint","AF_train",1,40,0.0058529377596343518,1.8233245136498968,1.4650426197454078,0.73839902877807617,0.97380492091178894,0.13833174109458923,0.89837187528610229,0.24327802658081055,0.95910924673080444,0.29149338603019714,0.91949501633644104,0.36816589534282684,0.9019739031791687,0.47744996845722198,0.91207405924797058,0.49000092037022114,0.86247092485427856,0.46638984233140945,0.88488030433654785,0.59190653264522552,0.76974740624427795,0.70997083187103271,0.69745175540447235,0.7189515084028244,0.63943225145339966,0.79885044693946838,0.66406932473182678,0.78089141845703125,0.46108649298548698,0.76479583978652954,0.48147779889404774,0.80908659100532532,0.46321723610162735
"LIRCMOP8_BC",1,90000,90020,441,4,"infeasible_endpoint","AI_train",0,40,0.0058529377596343518,1.8233245136498968,1.4615598801962386,0.73839902877807617,0.97380492091178894,0.13833174109458923,0.89837187528610229,0.24327802658081055,0.95910924673080444,0.29149338603019714,0.91949501633644104,0.36816589534282684,0.91075975330421444,0.47744996845722198,0.91207405924797058,0.49000092037022114,0.86247092485427856,0.46638984233140945,0.88488030433654785,0.59190653264522552,0.76974740624427795,0.70997083187103271,0.69745175540447235,0.7189515084028244,0.63943225145339966,0.79885044693946838,0.66406932473182678,0.78089141845703125,0.46108649298548698,0.76479583978652954,0.48147779889404774,0.80908659100532532,0.46321723610162735
"LIRCMOP8_BC",1,90000,90020,441,5,"feasible_endpoint","AF_train",1,45,0.023336596256190639,1.9042222986419544,1.3728355459288544,0.75451100971142571,0.95857978763111451,0.14309246153825042,0.93887990579165348,0.20955983964967098,0.93828901043497392,0.33449684841446337,0.90705670856605347,0.32194550434042063,0.89768170803356462,0.49845237427412059,0.86396716219689096,0.53038174485465706,0.87472179099796432,0.52706926073669003,0.81685702245047609,0.62942947561656715,0.66345930604375991,0.75976188283580615,0.65981218863958091,0.80450904670562173,0.62350679522250552,0.76691224354684673,0.63715057324248559,0.77853304492981246,0.51615038276623837,0.75085833803020652,0.45591240195678839,0.88116504117176842,0.39967113138170685
"LIRCMOP8_BC",1,90000,90020,441,5,"infeasible_endpoint","AI_train",0,45,0.023336596256190639,1.8935831684890274,1.3756250933432392,0.73854744483959855,0.99688310971680572,0.035948738583741036,0.9217315538448454,0.2240123647153541,0.96971015845847774,0.31395618553279259,0.91249091129086146,0.27753755342612813,0.93940596578081059,0.49968838070253169,0.90243025195075544,0.49809037286810287,0.90742768370815363,0.55348935316778147,0.84988108433555276,0.58602571732333364,0.75329578545871234,0.70738147703991938,0.6565637131905,0.81970783711892214,0.63883887758375391,0.76006129015250856,0.67098220996121893,0.82013924610616096,0.57617306511991651,0.7536865613888577,0.46622569339225184,0.89111856128151312,0.4241946664603537
"LIRCMOP8_BC",1,90000,90020,441,6,"feasible_endpoint","AF_train",1,37,0.021144013217487417,1.7615978760885016,1.5380420500464071,0.69921835195775084,0.98527139674083419,0.091906637481827883,0.91001575831363435,0.13885397455828513,0.98427778840044122,0.32757043055300622,0.89578952643770127,0.32493090509139938,0.91582110128133165,0.42032788040753699,0.8891873188285746,0.47864851589171009,0.86449025214457287,0.52281593442652052,0.89970578660026335,0.57357153472296418,0.73496350931850563,0.66252535694750758,0.79350742352187986,0.82594659957248262,0.64436160981078172,0.75283603817857248,0.69307843331697505,0.77884206265426315,0.50468488878887596,0.74482606486186387,0.52782248966771883,0.84604048479099014,0.46432567060960472
"LIRCMOP8_BC",1,90000,90020,441,6,"infeasible_endpoint","AI_train",0,37,0.021144013217487417,1.7519733729033431,1.5351085032410954,0.68428250480372343,1,0.057713910849891206,0.97308980362368891,0.14795830627967388,0.98363758461611728,0.24259313916062952,0.99897878539165563,0.25115891869105855,0.98429993329672061,0.49414903579780634,0.95172723847002993,0.49879128127156447,0.89503760812935007,0.53432673676624942,0.89213259078709406,0.52612082769473245,0.81442443798123132,0.66617882015605279,0.71895865604096187,0.73699518923327445,0.73468514293473342,0.69503194789919709,0.75871074057400933,0.80694539294009382,0.56339272271527885,0.77979044772058803,0.59235818158694054,0.91599342036450715,0.53051479624566145
"LIRCMOP8_BC",1,90000,90020,441,7,"feasible_endpoint","AF_train",1,40,0.034616759049546732,1.8144434484530587,1.4797901630390247,0.72689762307914185,1,0.1145383944920681,0.89705202787434013,0.1544058494564412,1,0.30126882384528519,0.90648211947902224,0.30617765670376629,0.86864911512628706,0.46540159399038628,0.89391246537916746,0.5373644427611729,0.87620240293073848,0.50427175803414526,0.91034553566170706,0.57678333419601657,0.73846485655627092,0.68671684853763737,0.7167122376192101,0.82755763333331034,0.64782753328018572,0.75401227478673505,0.60200222275139514,0.79728474672767735,0.52376732676072646,0.75473537815082903,0.54600506950264827,0.85209485974467847,0.39061385111084035
"LIRCMOP8_BC",1,90000,90020,441,7,"infeasible_endpoint","AI_train",0,40,0.034616759049546732,1.7989584106794512,1.4829339242460668,0.71609597172848116,1,0.10838061705783762,0.92845413887821215,0.1906681510834588,0.94004538089681811,0.26304622662117289,0.89624389611778765,0.29236208953523057,0.90906657872083185,0.53853188947648234,0.97886761660444987,0.51891582836500105,0.85326632747365683,0.56148377757828571,0.87610668075831821,0.57509445721556396,0.77461946252938163,0.64546022802105396,0.74373721660826297,0.79877102403682765,0.66180607447352835,0.75452360250023709,0.62521357864269111,0.87107804509392672,0.5722046594068152,0.82958011528048303,0.55417814464041859,0.86001601794681992,0.5181748901659583
"LIRCMOP8_BC",1,90000,90020,441,8,"feasible_endpoint","AF_train",1,35,0.042992913842725154,1.7133728969798192,1.5836598918936557,0.72636282325161561,0.99335096552213598,0.11499232499658117,0.89979772911320677,0.24791507059851303,0.95762481446458447,0.27289233769713728,0.93390472686711823,0.35677726941590127,0.90243128998761524,0.48282467507212834,0.91547987730913616,0.4939009556902928,0.83651738848333923,0.46782382523774935,0.90760153377569774,0.58633019154025912,0.77173843808750486,0.70060079325121982,0.7146073279468903,0.66462660927943051,0.6335579985058335,0.76575772918737695,0.67112977325386725,0.78818335574363996,0.48411217017405483,0.8057013032169229,0.53470302073711773,0.82168830384896441,0.52163357813724809
"LIRCMOP8_BC",1,90000,90020,441,8,"infeasible_endpoint","AI_train",0,35,0.042992913842725154,1.7170734835941832,1.5651454315272935,0.6630144598405977,0.97295474177909114,0.042037562626077316,0.92577120385144085,0.1860891246911143,0.91700998481919815,0.25956164700293416,0.91000875265115044,0.28589464035381013,0.931004886410986,0.50292057783077981,0.93223786513523399,0.46993022336981649,0.85594218400551514,0.52085526004976601,0.81392044894313675,0.53243865157058412,0.80167440013527047,0.59985989110798865,0.78460070917582514,0.75415867045688656,0.67695104913199255,0.69236160219156728,0.7148589852169227,0.80981671119794774,0.63951445361778436,0.80102435375351189,0.59731802047021931,0.83724809816181289,0.60734612088985773
"LIRCMOP8_BC",1,90000,90020,441,9,"feasible_endpoint","AF_train",1,36,0.039570443681459802,1.7345591563485689,1.5689894378991232,0.66330347120373534,0.98056337017359174,0.09069120169419663,0.93524609311033835,0.20770516163647981,1,0.28216980875966485,0.95496502652049053,0.30046365969051869,0.88252448644697878,0.43137012114975515,0.96426234593886972,0.5060242017970995,0.91020014206990019,0.41570778641507244,0.88521382276567429,0.53012728738158876,0.824106553431184,0.64125408422802777,0.7205316671949018,0.71199931095505908,0.68112930201126221,0.71549010263244384,0.71294369532751412,0.70743682103732786,0.52229383440875288,0.70058108451024004,0.58125502542355656,0.82245290968329621,0.56111479358063243
"LIRCMOP8_BC",1,90000,90020,441,9,"infeasible_endpoint","AI_train",0,36,0.039570443681459802,1.7170734835941832,1.5651454315272935,0.6630144598405977,0.97295474177909114,0.042037562626077316,0.92577120385144085,0.1860891246911143,0.91700998481919815,0.25956164700293416,0.91000875265115044,0.28589464035381013,0.931004886410986,0.50292057783077981,0.93223786513523399,0.46993022336981649,0.85594218400551514,0.52085526004976601,0.81392044894313675,0.53243865157058412,0.80167440013527047,0.59985989110798865,0.78460070917582514,0.75415867045688656,0.67695104913199255,0.69236160219156728,0.7148589852169227,0.80981671119794774,0.63951445361778436,0.80102435375351189,0.59731802047021931,0.83724809816181289,0.60734612088985773
"LIRCMOP8_BC",1,90000,90020,441,10,"feasible_endpoint","AF_train",1,35,0.030076761147045668,1.7133728969798192,1.5836598918936557,0.72636282325161561,0.99335096552213598,0.11499232499658117,0.89979772911320677,0.24791507059851303,0.95762481446458447,0.27289233769713728,0.93390472686711823,0.35677726941590127,0.90243128998761524,0.48282467507212834,0.91547987730913616,0.4939009556902928,0.83651738848333923,0.46782382523774935,0.90760153377569774,0.58633019154025912,0.77173843808750486,0.70060079325121982,0.7146073279468903,0.66462660927943051,0.6335579985058335,0.76575772918737695,0.67112977325386725,0.78818335574363996,0.48411217017405483,0.8057013032169229,0.53470302073711773,0.82168830384896441,0.52163357813724809
"LIRCMOP8_BC",1,90000,90020,441,10,"infeasible_endpoint","AI_train",0,35,0.030076761147045668,1.7065072622775486,1.5719138221145703,0.69746414719258754,0.97654855708080257,0.12993235009065132,0.91768334137410179,0.22636337514256744,0.95123720448598537,0.17548881987944853,1,0.34629341312721712,0.90994205545380191,0.47772261122329485,0.89284844976760924,0.52740418230845609,0.88399423851048109,0.4820769982847975,0.88335273020072491,0.60413894107395327,0.77089455914876703,0.69772904476539388,0.65772813438207955,0.72815037201883426,0.65445095412290577,0.74563318300624282,0.73411988550264717,0.79517076024130384,0.53916024670247942,0.83248069299448124,0.50582046996615715,0.82370992309402169,0.51584246738581663
"LIRCMOP8_BC",1,90000,90020,441,11,"feasible_endpoint","AF_train",1,35,0.040571452593793918,1.7133728969798192,1.5836598918936557,0.72636282325161561,0.99335096552213598,0.11499232499658117,0.89979772911320677,0.24791507059851303,0.95762481446458447,0.27289233769713728,0.93390472686711823,0.35677726941590127,0.90243128998761524,0.48282467507212834,0.91547987730913616,0.4939009556902928,0.83651738848333923,0.46782382523774935,0.90760153377569774,0.58633019154025912,0.77173843808750486,0.70060079325121982,0.7146073279468903,0.66462660927943051,0.6335579985058335,0.76575772918737695,0.67112977325386725,0.78818335574363996,0.48411217017405483,0.8057013032169229,0.53470302073711773,0.82168830384896441,0.52163357813724809
"LIRCMOP8_BC",1,90000,90020,441,11,"infeasible_endpoint","AI_train",0,35,0.040571452593793918,1.722711847098952,1.5682863210152695,0.6128340058290731,0.9988684630105249,0.081188288015596466,0.90976625412311529,0.12767397814227188,0.94979263958221483,0.16089820279177017,0.97657917624113622,0.22630903153467857,0.9800877870645589,0.42897499644187848,0.94985189830077377,0.47757452225239971,0.92751332494331229,0.46816545004950999,0.91612462508921533,0.47475469346474891,0.85106075720962437,0.58953917725389826,0.81310667538778603,0.73392837724694715,0.78597318034785235,0.6614910575224604,0.74431895490294075,0.74133089870384028,0.59681178605879492,0.77086269427913856,0.61227733995568867,0.87039791021033708,0.63755817614456478
"LIRCMOP8_BC",1,90000,90020,441,12,"feasible_endpoint","AF_train",1,28,0.046370993289706258,1.5617062589209418,1.7344757215933824,0.60998427827610957,0.96280257318877038,0.10823506972107935,0.89732773530331822,0.25888726220062219,0.96481944379980833,0.17101372345831911,0.85934287662114972,0.31717504883863773,0.94232761594921355,0.37745305461292539,0.90320755510092054,0.45157876907405198,0.95990731138882368,0.46133032115373995,0.87339834139969597,0.50341921752406971,0.82000454688757607,0.58992726094988068,0.74484230876741686,0.68766190654252379,0.73262885641485243,0.68649667565115191,0.73224664984650434,0.71092452074747725,0.62153470576079517,0.72342296285219843,0.66581977110797474,0.82791023954865861,0.5064850756428767
"LIRCMOP8_BC",1,90000,90020,441,12,"infeasible_endpoint","AI_train",0,28,0.046370993289706258,1.563162987186095,1.7142651862699523,0.67688114908151853,0.95221923609996906,0.075218547425193752,0.8650323193798295,0.1817488376242308,0.98586515888307202,0.27845935781440234,0.88022444602257766,0.32226284218679546,0.94883021325848227,0.41928098462899066,0.98004232923626067,0.48531735028958189,0.87816675893018337,0.45827196287180749,0.83474374516193406,0.57003782469847675,0.78076527984613886,0.67858994615311996,0.72921506003863434,0.73393497145280961,0.76867301338255101,0.761763546272616,0.68650161701617418,0.77451674570159279,0.54297551070178551,0.78470340162087893,0.63801671539493876,0.81250132654496077,0.48916024879188769
"LIRCMOP8_BC",1,90000,90020,441,13,"feasible_endpoint","AF_train",1,51,0.090616234298252038,1.9817429007922231,1.2830785541547562,0.79696842351691499,0.94770797829735764,0.12073624160536886,0.96263533831272863,0.2685329297798375,0.93781834012319742,0.38145813178991861,0.86099770620663452,0.37260964735883734,0.869964002109748,0.54741070477599441,0.8753452034285123,0.56657988530323578,0.84553685355298513,0.54143582892871756,0.76768146238191326,0.67866750588362623,0.67905880519158202,0.75953912918112132,0.65195813598161423,0.7943663889114454,0.59548195205093934,0.80428500853020324,0.51686729472196025,0.85905879236878913,0.51213424024293785,0.81217840099379046,0.40726612482839514,0.84724798723760897,0.35768179088880869
"LIRCMOP8_BC",1,90000,90020,441,13,"infeasible_endpoint","AI_train",0,51,0.090616234298252038,1.9530930161089699,1.3097473937857051,0.79788649075748586,0.94837168977723563,0.12359495146946453,0.95964627038616268,0.26517253342548985,0.9409674678778126,0.38712121958999568,0.85429355190247325,0.37114177636079992,0.86708975615712724,0.54315257495559843,0.87824547507635375,0.56833538619299595,0.84324866448201108,0.53779944088391085,0.76904101692372884,0.67683771499380363,0.68056653270667244,0.76062231075549736,0.65055425841479109,0.79325578223143212,0.59658376237271704,0.80817429415876663,0.51591871474951501,0.85757508464470367,0.51098675439135144,0.82833051401929536,0.40800308386999451,0.8491660135737169,0.37340128426242897
"LIRCMOP8_BC",1,90000,90020,441,14,"feasible_endpoint","AF_train",1,29,0.016814410819288729,1.5887200104561836,1.7057994827552505,0.67242716942276837,1,0.1017818458719186,0.90383191823995224,0.13211411128564521,0.98533077320340556,0.28559585652431635,0.90894023321380546,0.30281533906289099,0.87315823212935062,0.41031344152203697,0.92094312472022677,0.47368562113170437,0.87631292808567463,0.48588881155777508,0.93484263499795739,0.54227856841936584,0.75323750374316534,0.6389463658309561,0.79745981375934916,0.7705972703498104,0.65698172660774179,0.71779742575925098,0.7493518280032494,0.76801487202082774,0.53610708660332751,0.74475301971119734,0.59358009378270249,0.85527504112658281,0.52224661915090942
"LIRCMOP8_BC",1,90000,90020,441,14,"infeasible_endpoint","AI_train",0,29,0.016814410819288729,1.5855133732656967,1.6984096905096997,0.63285856414574915,0.93337166525969328,0.12158780672889549,0.89859960482849988,0.18443532410799357,0.9630667001207972,0.22914016727819406,0.8852850128835632,0.34586978892131631,0.9877632017888992,0.40310802507428245,0.87999643649898507,0.48223978793506905,0.88705820464304508,0.43699392835901901,0.83838789724576601,0.52886080590739004,0.79432216015615809,0.60280736160605541,0.83559233858421356,0.64936529652442232,0.70848125197906109,0.65749924535107274,0.73177747121341841,0.69885028206098876,0.57260042278728018,0.70484651813278498,0.59795683397034671,0.75124509021282093,0.60713427638286088
"LIRCMOP8_BC",1,90000,90020,441,15,"feasible_endpoint","AF_train",1,28,0.042687852263465026,1.5617062589209418,1.7344757215933824,0.60998427827610957,0.96280257318877038,0.10823506972107935,0.89732773530331822,0.25888726220062219,0.96481944379980833,0.17101372345831911,0.85934287662114972,0.31717504883863773,0.94232761594921355,0.37745305461292539,0.90320755510092054,0.45157876907405198,0.95990731138882368,0.46133032115373995,0.87339834139969597,0.50341921752406971,0.82000454688757607,0.58992726094988068,0.74484230876741686,0.68766190654252379,0.73262885641485243,0.68649667565115191,0.73224664984650434,0.71092452074747725,0.62153470576079517,0.72342296285219843,0.66581977110797474,0.82791023954865861,0.5064850756428767
"LIRCMOP8_BC",1,90000,90020,441,15,"infeasible_endpoint","AI_train",0,28,0.042687852263465026,1.5643255544423731,1.7159148171478635,0.66563260547686531,0.95221945387917106,0.076994464560028009,0.93464738158257155,0.19295107859302948,0.92362320511839713,0.28134581091983857,0.87528050785069444,0.28737170058789052,0.88000844268878198,0.37110134032622932,0.95198490220471554,0.43906198070792457,0.88615080776675526,0.52099995468265592,0.91180512639375855,0.55133691919502925,0.87114777583702707,0.64159508564728651,0.7247946366712148,0.75698151450429663,0.69949329742176047,0.74255855826228079,0.6645965643418299,0.71085862838154024,0.56851157641455485,0.76039920564019958,0.58459862935906293,0.88199905013108482,0.61006019457005944
"LIRCMOP8_BC",1,90000,90020,441,16,"feasible_endpoint","AF_train",1,28,0.047575332788253974,1.5807943492767331,1.7291095305076112,0.70559008874859819,0.94575223605575864,0.15921041140447575,0.87806456830363344,0.17070676750199221,0.94841058460546823,0.23157417834423311,0.92031896010213488,0.30082655742831788,0.85093524916318386,0.45241335496735396,0.89548318601634791,0.50988135685456093,0.86035141496854173,0.51377532540492621,0.89749048578759238,0.57872006831198308,0.81086069086052648,0.65555684003952286,0.77481180795020288,0.78053279984487467,0.60056002019277799,0.76790351030986792,0.71103746208970553,0.8156734307660124,0.52854150288898794,0.82396107619918912,0.55720837950511504,0.87796444336315682,0.50954601177791659
"LIRCMOP8_BC",1,90000,90020,441,16,"infeasible_endpoint","AI_train",0,28,0.047575332788253974,1.5643255544423731,1.7159148171478635,0.66563260547686531,0.95221945387917106,0.076994464560028009,0.93464738158257155,0.19295107859302948,0.92362320511839713,0.28134581091983857,0.87528050785069444,0.28737170058789052,0.88000844268878198,0.37110134032622932,0.95198490220471554,0.43906198070792457,0.88615080776675526,0.52099995468265592,0.91180512639375855,0.55133691919502925,0.87114777583702707,0.64159508564728651,0.7247946366712148,0.75698151450429663,0.69949329742176047,0.74255855826228079,0.6645965643418299,0.71085862838154024,0.56851157641455485,0.76039920564019958,0.58459862935906293,0.88199905013108482,0.61006019457005944
"LIRCMOP8_BC",1,90000,90020,441,17,"feasible_endpoint","AF_train",1,49,0.034203043468669647,1.9566246898170885,1.3183985381298526,0.82570150277390231,1,0.075993915823721891,0.95623861166926538,0.2269806919472126,0.98667340248526769,0.38437313742602497,0.88401171533318645,0.37108046834116193,0.97245777767157793,0.52213924393044908,0.9260756122952194,0.56146457495148294,0.78976384458623206,0.61293484974333379,0.81835949694314414,0.67719522289683121,0.69108336668006976,0.80364865335226843,0.65186260931612305,0.89015009337349604,0.65003505439860021,0.8603904188882856,0.48473770584776132,0.85243351085211128,0.46613403598319186,0.8404821185800454,0.34650704053301812,0.88879563221597579,0.35462881819097081
"LIRCMOP8_BC",1,90000,90020,441,17,"infeasible_endpoint","AI_train",0,49,0.034203043468669647,1.9598870296580067,1.3035114991854868,0.83211393376909493,1,0.080970712082930635,0.96220324137292768,0.26623807288313772,0.99559687332460289,0.36517433094389806,0.8819185766060087,0.37363197298297657,0.97440261976196807,0.53161282831388668,0.92865734154235879,0.5657175048589026,0.80894038008078673,0.61622626637392974,0.82742418388781847,0.68652895002431369,0.69394576695984922,0.80544088516221723,0.6146037561436335,0.89289095042438782,0.65649987251404984,0.86526675134909525,0.47002169146270179,0.84809069444438323,0.47714319166191071,0.84044131353988261,0.35562038610350349,0.89571124996261664,0.27853467762441758
"LIRCMOP8_BC",1,90000,90020,441,18,"feasible_endpoint","AF_train",1,29,0.027532124229666517,1.5887200104561836,1.7057994827552505,0.67242716942276837,1,0.1017818458719186,0.90383191823995224,0.13211411128564521,0.98533077320340556,0.28559585652431635,0.90894023321380546,0.30281533906289099,0.87315823212935062,0.41031344152203697,0.92094312472022677,0.47368562113170437,0.87631292808567463,0.48588881155777508,0.93484263499795739,0.54227856841936584,0.75323750374316534,0.6389463658309561,0.79745981375934916,0.7705972703498104,0.65698172660774179,0.71779742575925098,0.7493518280032494,0.76801487202082774,0.53610708660332751,0.74475301971119734,0.59358009378270249,0.85527504112658281,0.52224661915090942
"LIRCMOP8_BC",1,90000,90020,441,18,"infeasible_endpoint","AI_train",0,29,0.027532124229666517,1.5763459191903459,1.7025985888647885,0.70117100175154967,0.97295896418844219,0.08795517870501382,0.91705996231081055,0.20704325840922511,0.91877642750677868,0.28902478838308376,0.88278326233383897,0.33161963890712465,0.89593973908601443,0.44028716317146049,0.92662149502308666,0.49186091370050966,0.8819907465562915,0.51525409964939684,0.8914797160429313,0.61289537427276042,0.94356161424495921,0.64023044823406838,0.74009362540712165,0.74254646927149714,0.66008551977491314,0.72402478638694245,0.65223000540800602,0.78901010865296595,0.5275646291258993,0.76806662872319387,0.54750768287153218,0.81953779478450095,0.46929700870923524
"LIRCMOP8_BC",1,90000,90020,441,19,"feasible_endpoint","AF_train",1,22,0.017955943195016623,1.4153334919402865,1.8686832683400627,0.62216887296719703,0.92135887474820155,0.089921274545895907,0.86829272651958944,0.16832334509917868,0.93336813797155616,0.21202641538315747,0.87846786044499492,0.28928661300631586,0.92321698460412716,0.39082744792723628,0.86620375414435824,0.45738679955531975,0.91664647712022007,0.468255269550371,0.84668007887692553,0.51533227741409171,0.77649454109584615,0.59226735072995507,0.80438749115533226,0.68174751397361788,0.68816702518599249,0.69032544224239434,0.75718430623570943,0.7263785062919389,0.59518463363436691,0.72840692880732893,0.6287648126489731,0.80047339826755204,0.62700815257657927
"LIRCMOP8_BC",1,90000,90020,441,19,"infeasible_endpoint","AI_train",0,22,0.017955943195016623,1.4070817703850089,1.8714535786762132,0.61506228120840722,0.93166220579394221,0.081204266007553969,0.8879007504560732,0.16022713934072585,0.926855913235482,0.25610634750179928,0.86352249777745593,0.29367348441844776,0.98169478464022553,0.39351194812199686,0.8605367998991289,0.44025018660284676,0.88698658858865431,0.46335687738254216,0.84397959430086456,0.50876315961103058,0.81151251313337669,0.56830270903369762,0.83936245750306837,0.67253828895027845,0.71113056911077543,0.66496855646363073,0.77315258030132961,0.71712350973293093,0.59310679429629687,0.73344628231086317,0.63566388924738393,0.78013891404896929,0.64201199671292508
"LIRCMOP8_BC",1,90000,90020,441,20,"feasible_endpoint","AF_train",1,22,0.017955943195016623,1.4153334919402865,1.8686832683400627,0.62216887296719703,0.92135887474820155,0.089921274545895907,0.86829272651958944,0.16832334509917868,0.93336813797155616,0.21202641538315747,0.87846786044499492,0.28928661300631586,0.92321698460412716,0.39082744792723628,0.86620375414435824,0.45738679955531975,0.91664647712022007,0.468255269550371,0.84668007887692553,0.51533227741409171,0.77649454109584615,0.59226735072995507,0.80438749115533226,0.68174751397361788,0.68816702518599249,0.69032544224239434,0.75718430623570943,0.7263785062919389,0.59518463363436691,0.72840692880732893,0.6287648126489731,0.80047339826755204,0.62700815257657927
"LIRCMOP8_BC",1,90000,90020,441,20,"infeasible_endpoint","AI_train",0,22,0.017955943195016623,1.4070817703850089,1.8714535786762132,0.61506228120840722,0.93166220579394221,0.081204266007553969,0.8879007504560732,0.16022713934072585,0.926855913235482,0.25610634750179928,0.86352249777745593,0.29367348441844776,0.98169478464022553,0.39351194812199686,0.8605367998991289,0.44025018660284676,0.88698658858865431,0.46335687738254216,0.84397959430086456,0.50876315961103058,0.81151251313337669,0.56830270903369762,0.83936245750306837,0.67253828895027845,0.71113056911077543,0.66496855646363073,0.77315258030132961,0.71712350973293093,0.59310679429629687,0.73344628231086317,0.63566388924738393,0.78013891404896929,0.64201199671292508
"LIRCMOP8_BC",1,90000,90020,441,21,"feasible_endpoint","AF_train",1,23,0.027189260059800258,1.4394734852820339,1.8460230984117025,0.60691474489059416,0.90404465980830251,0.091343271061265732,0.89501048259180038,0.18785250093968661,0.96843726149184117,0.27377070910878432,0.86915475410804977,0.31041146554054161,0.93344825796475339,0.34476669787455927,0.89032995271142656,0.38722193443654157,0.88704071549325947,0.44986480635812054,0.82822137568307452,0.44986106767664608,0.81316367460451122,0.57980697688787763,0.78166561241559285,0.61183209384646031,0.70144896871651796,0.7174379387569586,0.72300245201243318,0.69350590838462889,0.6136591478081046,0.76685345791338078,0.70241404565723231,0.77347793431936929,0.64173050566780931
"LIRCMOP8_BC",1,90000,90020,441,21,"infeasible_endpoint","AI_train",0,23,0.027189260059800258,1.4277935844298852,1.8507707462186738,0.63162376340160942,0.98987592916744283,0.084335896713635228,0.91766631626912143,0.170329505413922,0.96707379306332775,0.22292574804538443,0.93833282299503773,0.28853760285352636,0.81881217239465243,0.39298452173679288,0.94688023451744052,0.46072594547125856,0.93943881272034535,0.44685981115103979,0.9606165238855735,0.52844505865951796,0.88561915854109385,0.58497560545489435,0.79025340237598729,0.68076315391420761,0.68809609219417533,0.71048336680210178,0.77036177581658194,0.71230817908761468,0.5722557654896403,0.7511947729743842,0.63210982504235469,0.85214316062622208,0.51783785805046212
"LIRCMOP8_BC",1,90000,90020,441,22,"feasible_endpoint","AF_train",1,27,0.056657378466430555,1.5322310117470384,1.7692932940436255,0.59984672671966599,0.97812214987312907,0.10752626269422776,0.91760565758809698,0.13466146861999873,0.96135781406708198,0.23031797463304435,0.94968490629603752,0.25435974257322236,0.97599030225826167,0.41425099189750447,0.9546462721279132,0.41539477445193795,0.91125417553834032,0.4383706659092525,0.90253567076375329,0.4778531830656827,0.87689516264108724,0.52174720430559574,0.79593537151332971,0.6582775428041816,0.72644551583073247,0.64334279395241967,0.75334303942172465,0.79888671695296698,0.5991391388325642,0.72988891090556918,0.72990402105606211,0.82388187831054549,0.70640232959276072
"LIRCMOP8_BC",1,90000,90020,441,22,"infeasible_endpoint","AI_train",0,27,0.056657378466430555,1.5171520268703698,1.7496490878267601,0.70467009313679552,1,0.078062202464373204,0.94521015682728893,0.2121209786349578,1,0.25614441712509589,1,0.31848432552824257,0.86096720707875007,0.44090159376294796,0.95277973978031438,0.44718351548003565,0.89564157076650297,0.50136359802736929,1,0.59569458414366305,0.87154724076160495,0.65135959097114282,0.75738462928020323,0.75837104188704241,0.69922242519882638,0.76650204280647372,0.66820777083626459,0.77938950182235689,0.51196719774731192,0.81831744724830768,0.50877077787985348,0.9124314426175778,0.45913549015380006
"LIRCMOP8_BC",1,90000,90020,441,23,"feasible_endpoint","AF_train",1,28,0.019112149570986298,1.5617062589209418,1.7344757215933824,0.60998427827610957,0.96280257318877038,0.10823506972107935,0.89732773530331822,0.25888726220062219,0.96481944379980833,0.17101372345831911,0.85934287662114972,0.31717504883863773,0.94232761594921355,0.37745305461292539,0.90320755510092054,0.45157876907405198,0.95990731138882368,0.46133032115373995,0.87339834139969597,0.50341921752406971,0.82000454688757607,0.58992726094988068,0.74484230876741686,0.68766190654252379,0.73262885641485243,0.68649667565115191,0.73224664984650434,0.71092452074747725,0.62153470576079517,0.72342296285219843,0.66581977110797474,0.82791023954865861,0.5064850756428767
"LIRCMOP8_BC",1,90000,90020,441,23,"infeasible_endpoint","AI_train",0,28,0.019112149570986298,1.5537827342020607,1.7298861516544881,0.62023544406465314,0.9445303579677925,0.024177339721983271,0.90176229184040735,0.13172421909392523,0.93051051863766809,0.29991734816540228,0.93390776047236645,0.26149664097640318,0.99983387664089518,0.35726085761868331,0.88433259756183258,0.42339999566632519,0.86565057108996768,0.47283191293247062,0.84642791429001485,0.47981784293567215,0.84236005416248494,0.58452035018073634,0.81238147129319327,0.70792197780603239,0.71466399266298464,0.67239205339132124,0.7670996504610379,0.70682832826558895,0.5772409025851416,0.73181483940080216,0.65710111745615862,0.79438000047843915,0.63892939236120061
"LIRCMOP8_BC",1,90000,90020,441,24,"feasible_endpoint","AF_train",1,29,0.044963314951757115,1.5887200104561836,1.7057994827552505,0.67242716942276837,1,0.1017818458719186,0.90383191823995224,0.13211411128564521,0.98533077320340556,0.28559585652431635,0.90894023321380546,0.30281533906289099,0.87315823212935062,0.41031344152203697,0.92094312472022677,0.47368562113170437,0.87631292808567463,0.48588881155777508,0.93484263499795739,0.54227856841936584,0.75323750374316534,0.6389463658309561,0.79745981375934916,0.7705972703498104,0.65698172660774179,0.71779742575925098,0.7493518280032494,0.76801487202082774,0.53610708660332751,0.74475301971119734,0.59358009378270249,0.85527504112658281,0.52224661915090942
"LIRCMOP8_BC",1,90000,90020,441,24,"infeasible_endpoint","AI_train",0,29,0.044963314951757115,1.5702177707210763,1.6978604963379116,0.62178345399311108,0.94371682995154682,0.046722341726739898,0.90213402061096937,0.15549971229248283,0.93193032445161461,0.22462254274999915,0.92906826694098987,0.23624044038652747,0.89630682807562656,0.42999375017571606,0.95181790380050679,0.43388348131517129,0.91365533753643335,0.48391985256300363,0.88895916306202172,0.5055692835367398,0.84259056980458591,0.57107080193520288,0.76469963804544594,0.71915028524166247,0.67850647782491147,0.6644010691970097,0.77970184898323469,0.75075182445597677,0.61084352570191325,0.74901966329940162,0.65338593238895104,0.85896215005355736,0.61544893792467681
"LIRCMOP8_BC",1,90000,90020,441,25,"feasible_endpoint","AF_train",1,24,0.033002786563179502,1.4669558799275921,1.8209552283924695,0.63402482390528636,0.93813189214724924,0.10420235388378707,0.92267273737028654,0.17991505897178792,0.92116836810274494,0.25070198235630514,0.91355777057293208,0.30028180668712512,1,0.42936116166324878,0.95735793202505381,0.45396502050026094,0.83495325689221134,0.48639265002122345,0.86834321852549734,0.5213842217214355,0.83587630567595594,0.59268960788158553,0.79210486532827717,0.70743573977119434,0.73443195208336975,0.67289983520707597,0.80108514921939933,0.75937239698483916,0.59679637348373871,0.76817897793143985,0.64608842674366906,0.82557124882862865,0.66126633702666526
"LIRCMOP8_BC",1,90000,90020,441,25,"infeasible_endpoint","AI_train",0,24,0.033002786563179502,1.4693579686519282,1.8064171766166524,0.64171350629547663,0.88932392472233435,0.088428906947227701,0.89428878627308661,0.17945291592800633,0.93415682436902159,0.22933206933214889,0.87965263927719306,0.31407739894834463,0.90813960089362777,0.39560348263154477,0.90972211303380335,0.42609769751651899,0.92000680804875234,0.51623213442692184,0.79784147727602506,0.52133414219945462,0.75021176768422726,0.58595150368156146,0.76562823034029193,0.73348456397346951,0.7003470518920234,0.69417723402142184,0.66365875983804323,0.70545862853520347,0.71614329738063398,0.77983116714926926,0.59127096735944862,0.83024545314550113,0.57440249377945685
"LIRCMOP8_BC",1,90000,90020,441,26,"feasible_endpoint","AF_train",1,51,0.12700804860109546,1.9817429007922231,1.2830785541547562,0.79696842351691499,0.94770797829735764,0.12073624160536886,0.96263533831272863,0.2685329297798375,0.93781834012319742,0.38145813178991861,0.86099770620663452,0.37260964735883734,0.869964002109748,0.54741070477599441,0.8753452034285123,0.56657988530323578,0.84553685355298513,0.54143582892871756,0.76768146238191326,0.67866750588362623,0.67905880519158202,0.75953912918112132,0.65195813598161423,0.7943663889114454,0.59548195205093934,0.80428500853020324,0.51686729472196025,0.85905879236878913,0.51213424024293785,0.81217840099379046,0.40726612482839514,0.84724798723760897,0.35768179088880869
"LIRCMOP8_BC",1,90000,90020,441,26,"infeasible_endpoint","AI_train",0,51,0.12700804860109546,1.9509725029740161,1.2385619704801485,0.80402116753015562,0.92361328456083847,0.10948610812217528,0.99138563217171005,0.26206446739380818,0.95129800539088538,0.37761971713295972,0.91035473304144598,0.37235650386425423,0.83458064437731383,0.56018829000393444,0.8623116947435272,0.57448385522432988,0.79552964566594619,0.54982299027646897,0.78130977674882984,0.68474240908862793,0.69766883362190302,0.78087235172016212,0.66709037263086868,0.82231394773546496,0.58935672905144953,0.81142368384423558,0.52368599458819309,0.89362437965873776,0.47637554395778131,0.82356415768279645,0.36022307600256892,0.9088469201312156,0.34571838455992593
"LIRCMOP8_BC",1,90000,90020,441,27,"feasible_endpoint","AF_train",1,27,0.030336984068423556,1.5406273320549739,1.7545355487908825,0.6702395421844054,1,0.082923139434013304,0.9173814947686465,0.19208962571396679,0.99324651857101898,0.26457781733151359,0.94792923473388124,0.31988514294765868,0.9597433828674431,0.44180024042103611,1,0.48611482395235972,0.95454343971255007,0.47307240879706369,0.92984625693377454,0.54723897644380826,0.81896885428171062,0.62159152450569555,0.76800910240274001,0.69126176110721649,0.73358061873644631,0.69527535037620503,0.71757309633137989,0.72257544638411475,0.54215903018455203,0.76188121922480656,0.59738443933038043,0.80691487794584815,0.61337942241857879
"LIRCMOP8_BC",1,90000,90020,441,27,"infeasible_endpoint","AI_train",0,27,0.030336984068423556,1.534652090191498,1.7422180545107895,0.66261247814610402,0.99134289253005048,0.083634137691698224,0.91329900666903108,0.20185420363422074,1,0.29544996419432701,0.94327268156540867,0.33044756921477159,0.96485901954775621,0.41876986539469763,1,0.45103239139297063,0.93974055889906971,0.46387717720093846,0.92061690533684903,0.51450337157508541,0.83730342103604316,0.61536133758465683,0.7566481630328703,0.65630405104363776,0.7402215905017091,0.70883159863348721,0.70048216921974182,0.70613914743045969,0.55139628727142087,0.78110448377783248,0.63420905583451004,0.79341714597175672,0.62074059896419387
"LIRCMOP8_BC",1,90000,90020,441,28,"feasible_endpoint","AF_train",1,27,0.063076636406326589,1.5322310117470384,1.7692932940436255,0.59984672671966599,0.97812214987312907,0.10752626269422776,0.91760565758809698,0.13466146861999873,0.96135781406708198,0.23031797463304435,0.94968490629603752,0.25435974257322236,0.97599030225826167,0.41425099189750447,0.9546462721279132,0.41539477445193795,0.91125417553834032,0.4383706659092525,0.90253567076375329,0.4778531830656827,0.87689516264108724,0.52174720430559574,0.79593537151332971,0.6582775428041816,0.72644551583073247,0.64334279395241967,0.75334303942172465,0.79888671695296698,0.5991391388325642,0.72988891090556918,0.72990402105606211,0.82388187831054549,0.70640232959276072
"LIRCMOP8_BC",1,90000,90020,441,28,"infeasible_endpoint","AI_train",0,27,0.063076636406326589,1.534652090191498,1.7422180545107895,0.66261247814610402,0.99134289253005048,0.083634137691698224,0.91329900666903108,0.20185420363422074,1,0.29544996419432701,0.94327268156540867,0.33044756921477159,0.96485901954775621,0.41876986539469763,1,0.45103239139297063,0.93974055889906971,0.46387717720093846,0.92061690533684903,0.51450337157508541,0.83730342103604316,0.61536133758465683,0.7566481630328703,0.65630405104363776,0.7402215905017091,0.70883159863348721,0.70048216921974182,0.70613914743045969,0.55139628727142087,0.78110448377783248,0.63420905583451004,0.79341714597175672,0.62074059896419387
"LIRCMOP8_BC",1,90000,90020,441,29,"feasible_endpoint","AF_train",1,27,0.022888613139765757,1.5406273320549739,1.7545355487908825,0.6702395421844054,1,0.082923139434013304,0.9173814947686465,0.19208962571396679,0.99324651857101898,0.26457781733151359,0.94792923473388124,0.31988514294765868,0.9597433828674431,0.44180024042103611,1,0.48611482395235972,0.95454343971255007,0.47307240879706369,0.92984625693377454,0.54723897644380826,0.81896885428171062,0.62159152450569555,0.76800910240274001,0.69126176110721649,0.73358061873644631,0.69527535037620503,0.71757309633137989,0.72257544638411475,0.54215903018455203,0.76188121922480656,0.59738443933038043,0.80691487794584815,0.61337942241857879
"LIRCMOP8_BC",1,90000,90020,441,29,"infeasible_endpoint","AI_train",0,27,0.022888613139765757,1.5431336403125804,1.7442849385520993,0.54818955308421857,0.96907359905984725,0.075102354004455557,0.90759785434416329,0.1324734273811661,0.95107685438817668,0.18363928432491014,0.94752009115868052,0.175908788628168,0.93013681789151459,0.33043298432649337,0.92134753196244634,0.39520036028009953,0.90886496317878862,0.47217400079028993,0.95995651611807487,0.43342781026555355,0.90776761347927137,0.51034080669684934,0.85886084993194622,0.62732753494071725,0.79646665374026082,0.63738367829489573,0.83746663215102823,0.65307850988356209,0.67812250517473749,0.76018780394834828,0.74639080637043498,0.83194853970534743,0.73099550737977803
"LIRCMOP8_BC",1,90000,90020,441,30,"feasible_endpoint","AF_train",1,34,0.047831028709546627,1.6922263591749394,1.6025795161737915,0.71318715321625725,0.98747751773120584,0.096036872200965517,0.91017343636075332,0.19995235906039141,0.9174739146067078,0.25388054780031155,0.94692690034514182,0.29080745370675243,0.89315842442898341,0.52245663003417508,0.89176430623153546,0.52726553986661517,0.88412545994659486,0.52364155149150893,0.89879920053297391,0.60670214089860752,0.6531606374675949,0.66089241524599374,0.75962868067606171,0.76507808486308826,0.65234505270942433,0.72576761654529709,0.55855331726179747,0.79877841805184058,0.56033101463777624,0.81532886898763224,0.50586965903263192,0.85576934536759874,0.47057797625825531
"LIRCMOP8_BC",1,90000,90020,441,30,"infeasible_endpoint","AI_train",0,34,0.047831028709546627,1.6712286044326365,1.5983573930839701,0.73109686198526802,1,0.09197742640471071,0.9087061336819906,0.16278903389407701,0.93264986934048966,0.28836142555397637,0.99555145760472485,0.28343318573289078,0.89978460396587723,0.49786376550852807,0.8977644954510009,0.50276985438877531,0.8728577456520531,0.55330731690512769,0.9291915827017968,0.59602709842710022,0.64987014208707916,0.68931376889410245,0.75537893724560901,0.79870984995454009,0.65321696798043538,0.76191518400985614,0.56617373445689467,0.78378159942120496,0.52403900957540084,0.81920766498209185,0.50294660329637986,0.87869670695056823,0.43765382765431005
"LIRCMOP8_BC",1,90000,90020,441,31,"feasible_endpoint","AF_train",1,47,0.044394175788574394,1.9279987883473646,1.3462443987294674,0.72892627358770989,0.97392990610953056,0.062861217861285706,0.98938611443623747,0.2871677691162029,0.95970196925858708,0.32783924627214345,0.94868640605132692,0.40816358933032604,1,0.51273818676210281,0.95501605946078072,0.5167190175666927,0.8804913432575614,0.56713443377636641,0.82637804699621409,0.59845032171420942,0.80317154476390495,0.627600396000209,0.7250610273020236,0.82335303076968336,0.71004111485110999,0.75039088719558733,0.59781222032152748,0.78355629168241547,0.53573771489846878,0.82719954823518527,0.44033763692843969,0.88914305837246554,0.46600650311190295
"LIRCMOP8_BC",1,90000,90020,441,31,"infeasible_endpoint","AI_train",0,47,0.044394175788574394,1.9088129717416422,1.3408210420739217,0.71892572790061826,0.97905788339959843,0.11811785136995054,0.97520324019572924,0.28892412774679471,0.95928342559975377,0.33714801057104604,0.93475899990637967,0.44025237338027035,0.99323320123757797,0.4727889890213029,0.94527002427094131,0.51945406183224641,0.89022345226499899,0.54698340735535589,0.85398570112743188,0.59872329533946556,0.78207349555240135,0.63928538598855322,0.75180118972276366,0.8031619437243398,0.72389524679908224,0.73772430548938361,0.60034030896610724,0.7670933993870015,0.56590553867192506,0.80789223287309009,0.45025413265068759,0.89639865991145062,0.39119380180801189
"LIRCMOP8_BC",1,90000,90020,441,32,"feasible_endpoint","AF_train",1,49,0.059185992523088045,1.9615647370794165,1.3120158083097284,0.79575195908546448,0.9850185215473175,0.1294725239276886,0.9544776976108551,0.26396588981151581,0.97639265656471252,0.35317404568195343,0.92796450853347778,0.35650134086608887,0.85636043548583984,0.55847360193729401,0.90332221984863281,0.55350237339735031,0.84956860542297363,0.56872370094060898,0.86170083284378052,0.64310520887374878,0.74725224077701569,0.71501348912715912,0.71181614696979523,0.75944626331329346,0.6293499618768692,0.79398515820503235,0.55291854217648506,0.82742172479629517,0.496589713729918,0.77807450294494629,0.48940953426063061,0.85934573411941528,0.30894449353218079
"LIRCMOP8_BC",1,90000,90020,441,32,"infeasible_endpoint","AI_train",0,49,0.059185992523088045,1.937200251923296,1.3215822785043989,0.7995106693501457,0.97937090593164466,0.13759545819896624,0.96522933199775807,0.23437120697912575,0.98262236944768988,0.37671095612116634,0.93100862433544629,0.36518317607385176,0.87251210113129485,0.54276167047961499,0.90820867162114416,0.55049006685555557,0.8497780887783597,0.59301979178821629,0.86505432848993924,0.63776032789374915,0.76007394990028643,0.73027426961945108,0.70946212306894108,0.7936359285190222,0.64117894424410482,0.8002510958032254,0.53370220804679969,0.82143236324653712,0.49493747522978832,0.77511531790245103,0.48587112583029868,0.87656349908257458,0.28768091681363839
"LIRCMOP8_BC",1,90000,90020,441,33,"feasible_endpoint","AF_train",1,39,0.10378127328382195,1.7907477991506553,1.5030424404943215,0.70346384817696794,0.91492204164625113,0.038238662952991755,0.96220494363803821,0.26256907741231639,0.93166268352419901,0.22111397369469246,0.92544671814375734,0.31110206848574434,0.92538172188775303,0.4509459129712356,0.97190539150025512,0.48681330845722504,0.88045072930868262,0.5560102654661343,0.85350091412416895,0.60004446025788494,0.83755536154039412,0.65741257868798542,0.64718253198516362,0.81321559770111218,0.71438953356509716,0.76247099362987392,0.61694883610293472,0.71419545115568184,0.57882198593049039,0.84461152166800102,0.52394788409471837,0.87305237744691722,0.48474614537786087
"LIRCMOP8_BC",1,90000,90020,441,33,"infeasible_endpoint","AI_train",0,39,0.10378127328382195,1.7712913547620326,1.4632885450337256,0.72765475427099502,0.91552481203990266,0.084507221027535925,0.97488829486202688,0.28181438257266339,0.93186960332236712,0.26877000403363088,0.91560762356919012,0.36132985842606036,0.93356661615190206,0.44303221437808876,0.94604765966003102,0.49819922802912697,0.8623766589566082,0.56475477676406971,0.81679172650669218,0.60894375255488908,0.79795149916681862,0.71560045141944184,0.60601295787375464,0.82228688457622223,0.69182977326076034,0.77137418678436254,0.58404725387176348,0.73163444192338578,0.56368280123978898,0.84135891249898087,0.47788869913335169,0.91013976755772241,0.43381754302615688
"LIRCMOP8_BC",1,90000,90020,441,34,"feasible_endpoint","AF_train",1,23,0.0011315376074832702,1.4394734852820339,1.8460230984117025,0.60691474489059416,0.90404465980830251,0.091343271061265732,0.89501048259180038,0.18785250093968661,0.96843726149184117,0.27377070910878432,0.86915475410804977,0.31041146554054161,0.93344825796475339,0.34476669787455927,0.89032995271142656,0.38722193443654157,0.88704071549325947,0.44986480635812054,0.82822137568307452,0.44986106767664608,0.81316367460451122,0.57980697688787763,0.78166561241559285,0.61183209384646031,0.70144896871651796,0.7174379387569586,0.72300245201243318,0.69350590838462889,0.6136591478081046,0.76685345791338078,0.70241404565723231,0.77347793431936929,0.64173050566780931
"LIRCMOP8_BC",1,90000,90020,441,34,"infeasible_endpoint","AI_train",0,23,0.0011315376074832702,1.438077810117951,1.8453235160082311,0.57352036621824432,1,0.035051789953826504,1,0.1812839041805927,1,0.24088282656186313,0.95059053699133833,0.27598105888634072,0.95046145185250475,0.36972025908950024,0.99452169480254704,0.40619358210314654,0.9587980782823774,0.47769120773614926,0.96617512079093326,0.44416800922306943,0.95806685504827693,0.49870558108220031,0.81000468562918981,0.55949771663378989,0.8519474866406288,0.64687668188839731,0.85738645437770289,0.65802083977010384,0.73840742534742254,0.75382385900391591,0.71571260840154016,0.77581944487323384,0.69553296967904166
"LIRCMOP8_BC",1,90000,90020,441,35,"feasible_endpoint","AF_train",1,45,0.010828203725486376,1.9042222986419544,1.3728355459288544,0.75451100971142571,0.95857978763111451,0.14309246153825042,0.93887990579165348,0.20955983964967098,0.93828901043497392,0.33449684841446337,0.90705670856605347,0.32194550434042063,0.89768170803356462,0.49845237427412059,0.86396716219689096,0.53038174485465706,0.87472179099796432,0.52706926073669003,0.81685702245047609,0.62942947561656715,0.66345930604375991,0.75976188283580615,0.65981218863958091,0.80450904670562173,0.62350679522250552,0.76691224354684673,0.63715057324248559,0.77853304492981246,0.51615038276623837,0.75085833803020652,0.45591240195678839,0.88116504117176842,0.39967113138170685
"LIRCMOP8_BC",1,90000,90020,441,35,"infeasible_endpoint","AI_train",0,45,0.010828203725486376,1.9042222986419544,1.3672926812088393,0.75451100971142571,0.95857978763111451,0.14309246153825042,0.93887990579165348,0.20955983964967098,0.93828901043497392,0.33449684841446337,0.90705670856605347,0.32194550434042063,0.89768170803356462,0.49845237427412059,0.86396716219689096,0.53038174485465706,0.87472179099796432,0.52706926073669003,0.81685702245047609,0.62942947561656715,0.66345930604375991,0.75976188283580615,0.65981218863958091,0.80450904670562173,0.62350679522250552,0.76691224354684673,0.63715057324248559,0.77853304492981246,0.51615038276623837,0.75085833803020652,0.45591240195678839,0.88116504117176842,0.37598032864762299
"LIRCMOP8_BC",1,90000,90020,441,36,"feasible_endpoint","AF_train",1,32,0.051981821311843118,1.6593044976566316,1.635754126043669,0.74420018949885414,0.95245569025395616,0.055060157400266659,0.88547731819765119,0.18778301236268702,0.93718782449953975,0.23804678995659123,0.93832339657156671,0.30790538550403257,0.93535575627143386,0.49376080952378443,0.87024793465932337,0.48525017898596973,0.85782890142716794,0.5816191246077338,0.87084720124273063,0.60897387106031065,0.66690318947626281,0.71038732246757075,0.74234943030171019,0.76329634990584205,0.66923714368829057,0.76485781712504819,0.64182232431198027,0.79972231364681767,0.58922346730985187,0.81644150898812695,0.54779046116118368,0.86303213202704454,0.47124658295710214
"LIRCMOP8_BC",1,90000,90020,441,36,"infeasible_endpoint","AI_train",0,32,0.051981821311843118,1.6476477328858057,1.616226114410023,0.74420018949885414,0.95099631489272363,0.060654875518210596,0.90856080408665418,0.18928961266128574,0.93610838045856248,0.23687217502112376,0.93230982419530462,0.31720351400646951,0.92863789034128397,0.48393720619533998,0.86622742990258361,0.48409709518477917,0.86204177216611488,0.56775026681430441,0.87125521829511621,0.61362010282611235,0.66665412844673888,0.7054436604756964,0.74680011032309213,0.74808481054364551,0.66465267541518469,0.76233596137926274,0.64722601946703162,0.79027625889345821,0.58942802569628516,0.80478282359443809,0.55066194554384329,0.85060605947025747,0.47329103595447986
"LIRCMOP8_BC",1,90000,90020,441,37,"feasible_endpoint","AF_train",1,21,0.041344276832367542,1.39129531745423,1.8905015513454244,0.57405400592813882,0.98075091417190441,0.097840312880399793,0.88393747280529245,0.1603142655391096,0.97356437882512492,0.23230275272431083,0.93820139676103154,0.26871314479685815,0.85959204994318983,0.29501482465036089,0.87317412054740107,0.42382250653170417,0.92355785526072731,0.40132237953452504,0.92528941424425382,0.51777147010232683,0.86836884689120208,0.5287496722418441,0.87647241580974289,0.59274921086022225,0.67024824029009111,0.65110344909918283,0.78976437220879403,0.61719056048387289,0.64285907523124275,0.71092837769861517,0.68800192693916562,0.73592666777436455,0.62070004607184859
"LIRCMOP8_BC",1,90000,90020,441,37,"infeasible_endpoint","AI_train",0,21,0.041344276832367542,1.4028072216787113,1.876184604422394,0.62216767244170657,0.92037184987148946,0.092501782834438523,0.86762464737600531,0.16957281179600048,0.93522726799129052,0.21512675899837927,0.86636946863688391,0.28576306811488594,0.9209268470296561,0.36350288483728654,0.86243824563329519,0.45505336841150479,0.91976056392572636,0.47933202260074492,0.83037702439282612,0.52139548141944425,0.77424165837216341,0.59495999423205781,0.82946304045960939,0.68951678165808605,0.68926147892951528,0.69088039512199417,0.75696720996244027,0.72955331860955885,0.64688893687793758,0.73326301305776065,0.62471479552280895,0.80375974928102378,0.62623825960243573
"LIRCMOP8_BC",1,90000,90020,441,38,"feasible_endpoint","AF_train",1,24,0.041357258922330026,1.4669558799275921,1.8209552283924695,0.63402482390528636,0.93813189214724924,0.10420235388378707,0.92267273737028654,0.17991505897178792,0.92116836810274494,0.25070198235630514,0.91355777057293208,0.30028180668712512,1,0.42936116166324878,0.95735793202505381,0.45396502050026094,0.83495325689221134,0.48639265002122345,0.86834321852549734,0.5213842217214355,0.83587630567595594,0.59268960788158553,0.79210486532827717,0.70743573977119434,0.73443195208336975,0.67289983520707597,0.80108514921939933,0.75937239698483916,0.59679637348373871,0.76817897793143985,0.64608842674366906,0.82557124882862865,0.66126633702666526
"LIRCMOP8_BC",1,90000,90020,441,38,"infeasible_endpoint","AI_train",0,24,0.041357258922330026,1.4602490684915999,1.8039826597657098,0.63926509392058817,1,0.086937771714597795,0.97609868889811335,0.1945297016845767,1,0.2643782627815347,1,0.28457210401533239,0.96558366681591168,0.35739440724192667,0.97762463801423682,0.47358598992473294,0.90504076070825434,0.46347656213733723,0.95119610508518204,0.53685460056623202,0.82853660322711487,0.62248046304216831,0.85048485897202286,0.63775626880053582,0.59852789131381179,0.69426661396366107,0.75423030687901615,0.68518261573813888,0.5927700766796733,0.75606574088603062,0.55286951080807079,0.86128119191575903,0.60074065743667926
"LIRCMOP8_BC",1,90000,90020,441,39,"feasible_endpoint","AF_train",1,25,0.051481018145717462,1.4788037935827405,1.81719930949487,0.51846359966744349,0.99820152622398339,0.080051788520808326,0.90087567224422505,0.093534242419018976,1,0.19484976304920837,0.95122436866582649,0.22777726540919782,0.97821835047543937,0.21066417293735609,0.98266655680384618,0.3277575486283093,0.92044086939853509,0.44593474887921059,1,0.44006998330504121,0.98616713686286839,0.51657890548714425,0.92723576225884796,0.57238522056788632,0.81333333011053055,0.62160369765830492,0.80186292920183067,0.60201009745250766,0.73610108702743671,0.72414040958326642,0.76264298985013679,0.79201683024622804,0.70596265950587511
"LIRCMOP8_BC",1,90000,90020,441,39,"infeasible_endpoint","AI_train",0,25,0.051481018145717462,1.4602490684915999,1.8039826597657098,0.63926509392058817,1,0.086937771714597795,0.97609868889811335,0.1945297016845767,1,0.2643782627815347,1,0.28457210401533239,0.96558366681591168,0.35739440724192667,0.97762463801423682,0.47358598992473294,0.90504076070825434,0.46347656213733723,0.95119610508518204,0.53685460056623202,0.82853660322711487,0.62248046304216831,0.85048485897202286,0.63775626880053582,0.59852789131381179,0.69426661396366107,0.75423030687901615,0.68518261573813888,0.5927700766796733,0.75606574088603062,0.55286951080807079,0.86128119191575903,0.60074065743667926
"LIRCMOP8_BC",1,90000,90020,441,40,"feasible_endpoint","AF_train",1,25,0.06585857471326774,1.4788037935827405,1.81719930949487,0.51846359966744349,0.99820152622398339,0.080051788520808326,0.90087567224422505,0.093534242419018976,1,0.19484976304920837,0.95122436866582649,0.22777726540919782,0.97821835047543937,0.21066417293735609,0.98266655680384618,0.3277575486283093,0.92044086939853509,0.44593474887921059,1,0.44006998330504121,0.98616713686286839,0.51657890548714425,0.92723576225884796,0.57238522056788632,0.81333333011053055,0.62160369765830492,0.80186292920183067,0.60201009745250766,0.73610108702743671,0.72414040958326642,0.76264298985013679,0.79201683024622804,0.70596265950587511
"LIRCMOP8_BC",1,90000,90020,441,40,"infeasible_endpoint","AI_train",0,25,0.06585857471326774,1.4517986675944328,1.8066173674588266,0.41997743229431295,0.99194062801045091,0.079733048429531508,0.93279571353773072,0.099173849498741889,1,0.15424529601339737,0.94261366371709543,0.19960105017788907,1,0.1336721213836248,1,0.27731605925877983,0.95078580127670298,0.38678321958212936,0.9985552351518564,0.36076249969561169,1,0.38316671263446439,0.96683648319041193,0.4371687480406658,0.86501096694891588,0.53659701420104233,0.85258683495868082,0.50792688269955832,0.82060383849589624,0.61789591631895568,0.78420931594124632,0.69621983812098742,0.7218889767099701
"LIRCMOP8_BC",1,90000,90020,441,41,"feasible_endpoint","AF_train",1,24,0.047119228164416112,1.4669558799275921,1.8209552283924695,0.63402482390528636,0.93813189214724924,0.10420235388378707,0.92267273737028654,0.17991505897178792,0.92116836810274494,0.25070198235630514,0.91355777057293208,0.30028180668712512,1,0.42936116166324878,0.95735793202505381,0.45396502050026094,0.83495325689221134,0.48639265002122345,0.86834321852549734,0.5213842217214355,0.83587630567595594,0.59268960788158553,0.79210486532827717,0.70743573977119434,0.73443195208336975,0.67289983520707597,0.80108514921939933,0.75937239698483916,0.59679637348373871,0.76817897793143985,0.64608842674366906,0.82557124882862865,0.66126633702666526
"LIRCMOP8_BC",1,90000,90020,441,41,"infeasible_endpoint","AI_train",0,24,0.047119228164416112,1.4517986675944328,1.8066173674588266,0.41997743229431295,0.99194062801045091,0.079733048429531508,0.93279571353773072,0.099173849498741889,1,0.15424529601339737,0.94261366371709543,0.19960105017788907,1,0.1336721213836248,1,0.27731605925877983,0.95078580127670298,0.38678321958212936,0.9985552351518564,0.36076249969561169,1,0.38316671263446439,0.96683648319041193,0.4371687480406658,0.86501096694891588,0.53659701420104233,0.85258683495868082,0.50792688269955832,0.82060383849589624,0.61789591631895568,0.78420931594124632,0.69621983812098742,0.7218889767099701
"LIRCMOP8_BC",1,90000,90020,441,42,"feasible_endpoint","AF_train",1,34,0.037912574997641273,1.6922263591749394,1.6025795161737915,0.71318715321625725,0.98747751773120584,0.096036872200965517,0.91017343636075332,0.19995235906039141,0.9174739146067078,0.25388054780031155,0.94692690034514182,0.29080745370675243,0.89315842442898341,0.52245663003417508,0.89176430623153546,0.52726553986661517,0.88412545994659486,0.52364155149150893,0.89879920053297391,0.60670214089860752,0.6531606374675949,0.66089241524599374,0.75962868067606171,0.76507808486308826,0.65234505270942433,0.72576761654529709,0.55855331726179747,0.79877841805184058,0.56033101463777624,0.81532886898763224,0.50586965903263192,0.85576934536759874,0.47057797625825531
"LIRCMOP8_BC",1,90000,90020,441,42,"infeasible_endpoint","AI_train",0,34,0.037912574997641273,1.6757930682952635,1.6075894159283388,0.71245674953572569,0.97497780566403203,0.10624763870458695,0.91844581324736496,0.2057464030413293,0.91729999104742688,0.25774370850130357,0.94583825133333943,0.30104055280254932,0.91463094283197044,0.51769750644338119,0.88942823191001996,0.51788317653981863,0.88115744121620643,0.52405173477931255,0.88270389708891406,0.61068611624451141,0.64044598202865988,0.67095376339604695,0.76911726952964266,0.76240380977591804,0.65479142124370604,0.72131923227048711,0.55814002258208806,0.79716655071496589,0.55501068006578391,0.8091356297571366,0.49268024057413151,0.84890153716617767,0.473871363027001
"LIRCMOP8_BC",1,90000,90020,441,43,"feasible_endpoint","AF_train",1,32,0.081839982643533149,1.6593044976566316,1.635754126043669,0.74420018949885414,0.95245569025395616,0.055060157400266659,0.88547731819765119,0.18778301236268702,0.93718782449953975,0.23804678995659123,0.93832339657156671,0.30790538550403257,0.93535575627143386,0.49376080952378443,0.87024793465932337,0.48525017898596973,0.85782890142716794,0.5816191246077338,0.87084720124273063,0.60897387106031065,0.66690318947626281,0.71038732246757075,0.74234943030171019,0.76329634990584205,0.66923714368829057,0.76485781712504819,0.64182232431198027,0.79972231364681767,0.58922346730985187,0.81644150898812695,0.54779046116118368,0.86303213202704454,0.47124658295710214
"LIRCMOP8_BC",1,90000,90020,441,43,"infeasible_endpoint","AI_train",0,32,0.081839982643533149,1.683098498446753,1.6095782809652146,0.75658435756461617,0.9492950743777504,0.077501335587374209,0.87421033135066617,0.18494269433171359,0.93851602423259728,0.25854846557830413,0.92805546569319386,0.31072275892349333,0.93562859437416601,0.49685329885265317,0.84111782330679929,0.48006565048062921,0.84526284386420425,0.60851202532212889,0.87173527515451932,0.62907138033169963,0.66579389030310554,0.73030394182070391,0.73208182255896048,0.79534800705474784,0.64758038791991934,0.76683516181138534,0.61526439321888349,0.81221065720120689,0.5690243451532333,0.8231222352245946,0.51771809869209706,0.87974161772146275,0.44816776646992368
"LIRCMOP8_BC",1,90000,90020,441,44,"feasible_endpoint","AF_train",1,45,0.02010657864475332,1.9042222986419544,1.3728355459288544,0.75451100971142571,0.95857978763111451,0.14309246153825042,0.93887990579165348,0.20955983964967098,0.93828901043497392,0.33449684841446337,0.90705670856605347,0.32194550434042063,0.89768170803356462,0.49845237427412059,0.86396716219689096,0.53038174485465706,0.87472179099796432,0.52706926073669003,0.81685702245047609,0.62942947561656715,0.66345930604375991,0.75976188283580615,0.65981218863958091,0.80450904670562173,0.62350679522250552,0.76691224354684673,0.63715057324248559,0.77853304492981246,0.51615038276623837,0.75085833803020652,0.45591240195678839,0.88116504117176842,0.39967113138170685
"LIRCMOP8_BC",1,90000,90020,441,44,"infeasible_endpoint","AI_train",0,45,0.02010657864475332,1.9041141590436936,1.3634513431887449,0.75451100971142571,0.95905606849103509,0.14309246153825042,0.95030587986954052,0.20955983964967098,0.93854263298904861,0.33449684841446337,0.90387924406608278,0.32194550434042063,0.90900390268883235,0.49845237427412059,0.86396716219689096,0.53038174485465706,0.87472179099796432,0.52598896068292134,0.78791689585157698,0.62942947561656715,0.66345930604375991,0.75976188283580615,0.65981218863958091,0.79585325391233863,0.62350679522250552,0.76691224354684673,0.63715057324248559,0.77853304492981246,0.51615038276623837,0.75085833803020652,0.45591240195678839,0.86749734887795504,0.39967113138170685
"LIRCMOP8_BC",1,90000,90020,441,45,"feasible_endpoint","AF_train",1,63,0.054719353921197415,2.1322910838245726,1.0943171716407367,0.89492387449598554,0.99792438501997038,0.08315601355404463,0.98150279505819804,0.23889274745463435,0.99280737428668053,0.41106900998358298,0.92538848210372138,0.33953647371737256,0.86097758595482299,0.56526301028553305,0.89461164393898496,0.64022475436305837,0.82010403859300318,0.65541576897149634,0.77288524127849545,0.7091398617557344,0.60892583952099777,0.88266277758220535,0.53505250883763533,0.95234153048884285,0.54819384752326616,0.89658617334208435,0.47521292526184633,0.9215751535338732,0.37936873746986743,0.92271265899627086,0.29042248101112444,1,0.1813954426239035
"LIRCMOP8_BC",1,90000,90020,441,45,"infeasible_endpoint","AI_train",0,63,0.054719353921197415,2.1155790853004057,1.1115805798226419,0.90569067882459664,1,0.13356239996773339,0.98653143602266813,0.26354376694526427,0.94680982130806401,0.42843390851370228,0.95901752914972649,0.43527940798850562,0.87004130118222633,0.58170615082636656,0.82975358881842243,0.58306902806832772,0.78555730348966601,0.60271528031011701,0.8334540356846053,0.80621868829555166,0.62011774304649792,0.84348798656864177,0.62642618978677855,0.93947713668656019,0.5294685779753876,0.89415622562596431,0.45641085868764886,0.87284801344203067,0.30822187499377574,0.90080371871209786,0.19431528897511358,0.93530782019024961,0.1840620044436232
"LIRCMOP8_BC",1,90000,90020,441,46,"feasible_endpoint","AF_train",1,59,0.09087121987055391,2.0969607026306978,1.1457624097828898,0.83278784105493642,0.99069994753875656,0.11261735001285925,0.95970073295520331,0.19420627944720867,0.96817024959076114,0.45041988729724824,0.95824682072580059,0.3578611114111141,0.88321636118353575,0.49822497572470043,0.88734558186744306,0.51758851434755593,0.82300142496390161,0.60076735975595508,0.82846622671955905,0.65731742094061163,0.67247781443055066,0.81638183647733875,0.64345864912070871,0.86162991909434905,0.59722578259296144,0.87658014345932123,0.53210812911215477,0.82906515510751777,0.43955023011818717,0.81993599298270969,0.401420013355891,0.89310271040354783,0.29183349368091815
"LIRCMOP8_BC",1,90000,90020,441,46,"infeasible_endpoint","AI_train",0,59,0.09087121987055391,2.1155790853004057,1.1115805798226419,0.90569067882459664,1,0.13356239996773339,0.98653143602266813,0.26354376694526427,0.94680982130806401,0.42843390851370228,0.95901752914972649,0.43527940798850562,0.87004130118222633,0.58170615082636656,0.82975358881842243,0.58306902806832772,0.78555730348966601,0.60271528031011701,0.8334540356846053,0.80621868829555166,0.62011774304649792,0.84348798656864177,0.62642618978677855,0.93947713668656019,0.5294685779753876,0.89415622562596431,0.45641085868764886,0.87284801344203067,0.30822187499377574,0.90080371871209786,0.19431528897511358,0.93530782019024961,0.1840620044436232
"LIRCMOP8_BC",1,90000,90020,441,47,"feasible_endpoint","AF_train",1,42,0.090104036997492643,1.8529424003215371,1.4334950198091279,0.75240608375326445,0.97593350281760038,0.080874253830006987,0.90151124184231124,0.14757811425835668,0.92322219817755169,0.26303396905269588,0.89848727580118815,0.31444934980896777,0.87606526921460981,0.5619224831235422,0.88961885757734083,0.50734331711649772,0.83854575516367058,0.54749911962685283,0.83241000886815764,0.64461858717302256,0.72082518649807581,0.77420912861098401,0.7224413195855508,0.77047707329919102,0.64515231696158426,0.79880024846034769,0.61011396554579034,0.82825962560105137,0.53076882327150332,0.81868265439204535,0.49393909085277143,0.89170400952656703,0.47430903753451381
"LIRCMOP8_BC",1,90000,90020,441,47,"infeasible_endpoint","AI_train",0,42,0.090104036997492643,1.8144185412782612,1.4253201795623851,0.75305305318276572,0.97302450341176616,0.096374968986348897,0.90808769926258415,0.16906484514237263,0.92411620504119973,0.27764717883519496,0.89662428205061784,0.3252702290388727,0.8752191011934225,0.54969026296296308,0.88961885757734083,0.5128877621318515,0.85869966941273113,0.54433844848560253,0.82577272641427701,0.64452368378905489,0.71970300375358232,0.77795267408769897,0.6767573584816331,0.76316396791696373,0.64018587790917092,0.79885222866461369,0.60436190746189777,0.82795679741616968,0.53043841985711015,0.81791915146559502,0.49586108130927542,0.8609493397720831,0.47257068797706409
"LIRCMOP8_BC",1,90000,90020,441,48,"feasible_endpoint","AF_train",1,63,0.092182527805743014,2.1322910838245726,1.0943171716407367,0.89492387449598554,0.99792438501997038,0.08315601355404463,0.98150279505819804,0.23889274745463435,0.99280737428668053,0.41106900998358298,0.92538848210372138,0.33953647371737256,0.86097758595482299,0.56526301028553305,0.89461164393898496,0.64022475436305837,0.82010403859300318,0.65541576897149634,0.77288524127849545,0.7091398617557344,0.60892583952099777,0.88266277758220535,0.53505250883763533,0.95234153048884285,0.54819384752326616,0.89658617334208435,0.47521292526184633,0.9215751535338732,0.37936873746986743,0.92271265899627086,0.29042248101112444,1,0.1813954426239035
"LIRCMOP8_BC",1,90000,90020,441,48,"infeasible_endpoint","AI_train",0,63,0.092182527805743014,2.1067292734383463,1.063982062168221,0.93211866389863129,0.98086834465689332,0.21209680938311171,0.9502426276979743,0.27321060387916918,0.9309709841613778,0.34829689808260794,0.94356559679526431,0.36554884797173537,0.92824504142025477,0.63440446745049328,0.83238050978683553,0.58426346690423436,0.76691535030400182,0.6297048057955652,0.78264155058036255,0.79441240307384009,0.6670414883247533,0.89283655411366847,0.55150260468610868,0.92075112983418783,0.56500475151705309,0.91560827965420044,0.37630255305140436,0.91084543661419293,0.33587210962168551,0.90611283068288917,0.2220401375794995,0.99268607986255619,0.15623130311164937
"LIRCMOP8_BC",1,90000,90020,441,49,"feasible_endpoint","AF_train",1,52,0.19134958460513016,2.0175924215097822,1.2550798051464063,0.79384297971306261,0.92272928478605731,0.070622189429842858,0.95002904343303785,0.28080285558317875,0.94932252262696304,0.34491836198302611,0.93557978385522622,0.41782232409454112,0.86784404425799799,0.44908745113725379,0.87399362771961253,0.52901571614447274,0.82488736466541723,0.57297684268149873,0.79847973732300659,0.69916207164100963,0.75641028783576869,0.7749285354732256,0.60349365000506516,0.80580021654057288,0.60693646911359977,0.82589921305019365,0.54731749793890505,0.74227291674657359,0.43803579299611883,0.81493133477969604,0.35833481322952332,0.85162727668771887,0.33322749927296469
"LIRCMOP8_BC",1,90000,90020,441,49,"infeasible_endpoint","AI_train",0,52,0.19134958460513016,2.0497179450534055,1.1811236694444449,0.87762112257689218,0.92501562925602332,0.067298892270892946,0.95507675344813081,0.31286841892701667,0.93197531321337646,0.39835084532943288,0.97585009905714881,0.420283744039671,0.85216117978134043,0.48350477035001999,0.84831568446952355,0.5853649108856136,0.8159974416235023,0.62706324771155253,0.77523846702422439,0.78285128060067577,0.63644113444910111,0.84218202926247243,0.6224182294775038,0.89979324313048537,0.57505281537308051,0.91246796903590699,0.4986484611304649,0.83774993984236534,0.38710912029301575,0.90775722924351654,0.31726989542862599,0.96652930450389762,0.26063182532439133
"LIRCMOP8_BC",1,90000,90020,441,50,"feasible_endpoint","AF_train",1,43,0.019322991638132905,1.862307243679743,1.4219098457856361,0.71519142561399374,0.97643645453014172,0.07048770822433667,0.89018515955530908,0.21306186936946958,0.97038392348396829,0.34311216175855602,0.9079254296587429,0.35195748749227623,0.93742065407780006,0.44833728785049454,0.94273777550601712,0.49721207167741716,0.84997023678737471,0.5036828870651473,0.81971714121805084,0.62144336385955246,0.76517167633798833,0.70993959561832665,0.69005693228210219,0.7620601863343397,0.68709194083689096,0.78715145990843971,0.63377799114668498,0.79766593014489007,0.49640290440282464,0.71516367443003293,0.53742540316931797,0.81472143928654495,0.41949712520355681
"LIRCMOP8_BC",1,90000,90020,441,50,"infeasible_endpoint","AI_train",0,43,0.019322991638132905,1.8567862627797513,1.4146142529888248,0.72027405956366519,0.97974182540450361,0.065290372326035989,0.90284974522301009,0.21236137959869256,0.99775239590921538,0.31301028590011259,0.91630805267166004,0.34384214971026306,0.94483348012880497,0.47519049896923471,0.95646242487405864,0.49940501747762356,0.85554912287135965,0.48122654875888204,0.79099756192601645,0.62560579790438098,0.74692966077882406,0.71205495239456218,0.68742705486975852,0.75368899759120667,0.69476847277955556,0.79747550538897682,0.62072703756326708,0.80237731946094981,0.49743387503791736,0.70986914392430966,0.53168521942527003,0.84906603132069525,0.40695056482827652
"LIRCMOP8_BC",1,90000,90020,441,51,"feasible_endpoint","AF_train",1,68,0.011441224040269799,2.1784031304970153,1.0372205844929343,0.92780653853614048,1,0.16226613993917266,1,0.25934216263368959,0.93939731578205266,0.38117448664275277,0.95374339596856639,0.3180049278609573,0.93867110363734674,0.61261219016920809,0.80061288106178452,0.6157067468555022,0.77606433659645535,0.6869447808124316,0.779534804261374,0.76283962978034192,0.60005630698752543,0.90249062527753243,0.5596046581179861,0.97079519629003252,0.5411190941031756,0.88719072658462905,0.37662418032301781,0.98427945365676894,0.3279027145858987,0.9842068053864701,0.21060314149274445,1,0.16692530643564302
"LIRCMOP8_BC",1,90000,90020,441,51,"infeasible_endpoint","AI_train",0,68,0.011441224040269799,2.1727952068774714,1.0352656971075951,0.90402640424788916,1,0.19445348713669325,0.97811203537838332,0.29528121616320535,0.93601364029798917,0.36844041758759621,0.89391315882583511,0.36342716336831427,0.91473584006291553,0.65676052766316095,0.85435547556774705,0.59967475679770388,0.79181176998781799,0.64648159943054417,0.73375380229338039,0.75433097761397649,0.61585579789629785,0.88572478994043891,0.52754647735569926,0.88644292168275174,0.54673517821685425,0.86691137630479453,0.37056521488476335,0.91832695736616077,0.34295509040926314,0.90592821634530152,0.19387994361075372,0.93088564096997306,0.13648839263366103
"LIRCMOP8_BC",1,90000,90020,441,52,"feasible_endpoint","AF_train",1,31,0.17220099383828102,1.6342147398586515,1.6617491785360845,0.71680356422105185,1,0.082752048056451144,0.96969669662762636,0.19778570824244437,1,0.30612546573589594,0.98547682479146226,0.27760087995088056,0.91847851784555001,0.43061867143432675,1,0.48967940993436365,0.89329215856157973,0.6096458595299542,0.9765029753168698,0.58942708383648323,0.85081310885178385,0.68232541657023527,0.74546704313384893,0.7577284168302526,0.73910925874805977,0.78227604190556765,0.63562401969475535,0.75797891589717037,0.55033511432526239,0.85410813673477093,0.47073766359604208,0.93022815149999249,0.46710736578810641
"LIRCMOP8_BC",1,90000,90020,441,52,"infeasible_endpoint","AI_train",0,31,0.17220099383828102,1.5692286652927345,1.6969244588688928,0.66955268254403288,1,0.052505605386395919,0.94868488087996317,0.20572573323108415,0.95834432794897739,0.29400967866623251,1,0.3290360426890756,0.91253014740757799,0.41842286220880642,1,0.46705069613958372,0.92804558620533051,0.5561096133141934,0.9981454629990606,0.55933136642626247,0.86304619632395418,0.61715474160363382,0.75701261298712397,0.67792581924148942,0.76475077322338902,0.74967798871538105,0.69442344693925939,0.6932356078651728,0.59352552893790023,0.79168037798783519,0.56011772923757486,0.83072185737071624,0.51533748116213218
"LIRCMOP8_BC",1,90000,90020,441,53,"feasible_endpoint","AF_train",1,56,0.037291190545863426,2.0552010386265334,1.196498079745997,0.77441688300893297,0.9986530275704748,0.14012868714925683,0.97671315320582686,0.26285809071341548,0.95767675710133404,0.35394810433057788,0.93251173729041192,0.36499120635638266,0.8693910972548371,0.51966605967438462,0.8973742476953257,0.58565068695899614,0.85239800530861709,0.47909495874014862,0.80229673216942654,0.65664652265448209,0.71983811039119572,0.74532781302455664,0.62723095694635189,0.73814325680647597,0.59425113350030501,0.77538298290145113,0.56839800528684981,0.86047041611916075,0.48515426185973093,0.76742924897304288,0.4296777739045079,0.84530254736495869,0.35488636396489964
"LIRCMOP8_BC",1,90000,90020,441,53,"infeasible_endpoint","AI_train",0,56,0.037291190545863426,2.0396074558362951,1.2029794428450558,0.8137426600584674,0.97179944269843266,0.14019592775200992,1,0.29672858382027006,0.94714605667283136,0.35485120444281293,0.94633891438865358,0.39792362465751507,0.83460279234493606,0.52004114131776424,0.86300217380212341,0.6015525091925239,0.8398565692476383,0.51374193654832434,0.79167803022190442,0.69550587654521068,0.71545741614008596,0.77782228295200606,0.58394931580783338,0.76001327190959256,0.55417339763865936,0.7947568594723281,0.52516775868295984,0.83277390942000251,0.45597070615637803,0.81731307914787443,0.34013247893461057,0.86375546606554565,0.31175155099960361
"LIRCMOP8_BC",1,90000,90020,441,54,"feasible_endpoint","AF_train",1,49,0.086758309595719563,1.9704116774542164,1.3056030961830223,0.75392643574043139,0.96676517041208998,0.091849827435644127,0.94276276188164698,0.2410214680912906,0.92603455607731233,0.30690671018557258,0.98208725118202311,0.35859050866018272,0.92016236346164337,0.51405027926345848,0.9106417924987773,0.56297635681735181,0.85933910841167305,0.52207105786806163,0.83675566049197392,0.64293883084924164,0.75227076355873945,0.70060406715241186,0.64136639737370027,0.78147401487254053,0.60594928426711436,0.76679676137708086,0.59880126268190725,0.73342540380153776,0.47571484553035565,0.77867388234766954,0.45250579561287507,0.8148246976105058,0.41950838472104579
"LIRCMOP8_BC",1,90000,90020,441,54,"infeasible_endpoint","AI_train",0,49,0.086758309595719563,1.9324061577204514,1.3056030961830223,0.75392643574043139,0.96676517041208998,0.091849827435644127,0.94276276188164698,0.2410214680912906,0.92603455607731233,0.30690671018557258,0.98208725118202311,0.35859050866018272,0.92016236346164337,0.51405027926345848,0.9106417924987773,0.56297635681735181,0.85933910841167305,0.52207105786806163,0.83675566049197392,0.64293883084924164,0.75227076355873945,0.70060406715241186,0.64136639737370027,0.78147401487254053,0.60594928426711436,0.76679676137708086,0.59880126268190725,0.75445186796523223,0.47571484553035565,0.77867388234766954,0.45250579561287507,0.8148246976105058,0.41950838472104579
"LIRCMOP8_BC",1,90000,90020,441,55,"feasible_endpoint","AF_train",1,72,0.051676899474523058,2.2183042287852128,0.97719345318531992,0.87047852692432248,0.99201708870948258,0.14440827006457463,0.96876813606125511,0.29033705493965484,0.95409621308349979,0.45299397851773143,0.9342452967836532,0.41128378750228473,0.89665841318463002,0.52764142354212729,0.85468597538208491,0.5948683299120221,0.79583830982622461,0.56776910593736352,0.76824676040543394,0.74771989898247226,0.65226828261657244,0.82830846977628725,0.59711135831906581,0.81197464733458424,0.54483899492127974,0.88159097414268972,0.48009909311539084,0.85339515692643841,0.3760900076795306,0.85512600746065237,0.26997400037710295,0.84622094231495626,0.20736582884278074
"LIRCMOP8_BC",1,90000,90020,441,55,"infeasible_endpoint","AI_train",0,72,0.051676899474523058,2.2003966876976806,0.99135897240302362,0.90276418563052974,0.98716262571297042,0.15180202112124985,0.98882180583500612,0.29331402775102267,0.93534352440704338,0.46232855038081733,0.96758848710630618,0.4445522122645299,0.86552076210879525,0.53539869627684267,0.8245942346520907,0.60935338095732972,0.78654640603160653,0.5952968039194827,0.73903784003866502,0.80070319835428627,0.59496329152040417,0.86194220176800707,0.57636765411722379,0.86104329737983432,0.51078571224645464,0.90825576761533677,0.46508816387961388,0.89949119091441976,0.33380776604226531,0.85659290958083301,0.24578714115415012,0.90741839111022893,0.17882339508970363
"LIRCMOP8_BC",1,90000,90020,441,56,"feasible_endpoint","AF_train",1,31,0.18144480592568737,1.6342147398586515,1.6617491785360845,0.71680356422105185,1,0.082752048056451144,0.96969669662762636,0.19778570824244437,1,0.30612546573589594,0.98547682479146226,0.27760087995088056,0.91847851784555001,0.43061867143432675,1,0.48967940993436365,0.89329215856157973,0.6096458595299542,0.9765029753168698,0.58942708383648323,0.85081310885178385,0.68232541657023527,0.74546704313384893,0.7577284168302526,0.73910925874805977,0.78227604190556765,0.63562401969475535,0.75797891589717037,0.55033511432526239,0.85410813673477093,0.47073766359604208,0.93022815149999249,0.46710736578810641
"LIRCMOP8_BC",1,90000,90020,441,56,"infeasible_endpoint","AI_train",0,31,0.18144480592568737,1.6630281463191781,1.5909053041825085,0.73653446195557182,1,0.098327580641060813,0.97367035916344424,0.19499538675633957,1,0.31213774099609581,1,0.27912734457228366,0.94794367709725236,0.50018523172478357,0.91289308518856349,0.5103962114950984,0.90363407217084957,0.61309358237965983,0.98867299646824436,0.59117014549592861,0.78486920589983256,0.68093578650578723,0.73506811704358443,0.76042330911621925,0.73184208571817688,0.78032374548259875,0.60907678813131572,0.81423887632027048,0.53845898973279027,0.87631811329122222,0.4862518933691854,0.9275697449371052,0.43218638474347132
"LIRCMOP8_BC",1,90000,90020,441,57,"feasible_endpoint","AF_train",1,47,0.063267763133292437,1.938033660628228,1.3350902352764724,0.71419017557286302,0.96936097268422383,0.034286435945744112,0.97077173650305026,0.23449514260796189,1,0.37759277177336753,0.90155958854270102,0.33717076758762954,0.94007543140623018,0.42413928501792669,0.93687031759430628,0.42643568715312419,0.90990534592578953,0.54564141425154356,0.8178661409291339,0.62252582750093355,0.79149805148930275,0.60179956389667233,0.67400072947324774,0.6935787802386254,0.6945112969293652,0.74749990131629862,0.62459003514215383,0.73549695784231472,0.5191255118877639,0.83636365316908412,0.4871583704023712,0.74881652968733281,0.43081813855885637
"LIRCMOP8_BC",1,90000,90020,441,57,"infeasible_endpoint","AI_train",0,47,0.063267763133292437,1.9218198246280414,1.3128644074472315,0.75470732230337567,0.96709165391554741,0.048825408520972793,0.9774608551129893,0.26091839549024576,0.99195812383748194,0.40116833745819441,0.9013846394975269,0.38185578301235157,0.93671911583859446,0.45789562086163982,0.93687031759430628,0.47927215002332491,0.92262669471755177,0.61380226801805848,0.8178661409291339,0.68946003320122662,0.79149805148930275,0.67567375509917582,0.65242340773907559,0.78287300296957885,0.65480808925352396,0.82863517866498348,0.60814278626651719,0.81378888439236641,0.48181442467505398,0.9224352927051277,0.43808948464287811,0.84567705226655199,0.3945791726875143
"LIRCMOP8_BC",1,90000,90020,441,58,"feasible_endpoint","AF_train",1,72,0.036828262434857165,2.2183042287852128,0.97719345318531992,0.87047852692432248,0.99201708870948258,0.14440827006457463,0.96876813606125511,0.29033705493965484,0.95409621308349979,0.45299397851773143,0.9342452967836532,0.41128378750228473,0.89665841318463002,0.52764142354212729,0.85468597538208491,0.5948683299120221,0.79583830982622461,0.56776910593736352,0.76824676040543394,0.74771989898247226,0.65226828261657244,0.82830846977628725,0.59711135831906581,0.81197464733458424,0.54483899492127974,0.88159097414268972,0.48009909311539084,0.85339515692643841,0.3760900076795306,0.85512600746065237,0.26997400037710295,0.84622094231495626,0.20736582884278074
"LIRCMOP8_BC",1,90000,90020,441,58,"infeasible_endpoint","AI_train",0,72,0.036828262434857165,2.2029353419078217,0.98369783469841976,0.92417298778497226,1,0.1451490043077549,0.99038331373189836,0.21869589625490748,0.96397020717825499,0.35104623233196375,0.9681539669177488,0.3015701737511578,0.8758180549809973,0.44316553751416221,0.82400953451237036,0.62460972192836084,0.79463536635526388,0.70492351119002894,0.79751471256511997,0.77237846575157054,0.61972505508694142,0.87887428057371642,0.58661694355597693,1,0.5089295296716887,0.89045167617402987,0.43659634776933032,0.98488049922805243,0.32413451261846038,1,0.22604258462742069,1,0.14250019197982383
"LIRCMOP8_BC",1,90000,90020,441,59,"feasible_endpoint","AF_train",1,23,0,1.4394734852820339,1.8460230984117025,0.60691474489059416,0.90404465980830251,0.091343271061265732,0.89501048259180038,0.18785250093968661,0.96843726149184117,0.27377070910878432,0.86915475410804977,0.31041146554054161,0.93344825796475339,0.34476669787455927,0.89032995271142656,0.38722193443654157,0.88704071549325947,0.44986480635812054,0.82822137568307452,0.44986106767664608,0.81316367460451122,0.57980697688787763,0.78166561241559285,0.61183209384646031,0.70144896871651796,0.7174379387569586,0.72300245201243318,0.69350590838462889,0.6136591478081046,0.76685345791338078,0.70241404565723231,0.77347793431936929,0.64173050566780931
"LIRCMOP8_BC",1,90000,90020,441,59,"infeasible_endpoint","AI_train",0,23,0,1.4387351440014755,1.8452448509684236,0.62335607691067163,0.90508246729831732,0.13089833425382974,0.90425908506270136,0.19807720852921423,0.94173223223952718,0.25882344743836921,0.88333221104047221,0.29964569261233398,0.97229501680601527,0.36844128781639679,0.84333057127282629,0.37496293068276348,0.8650208644949855,0.46562931227858817,0.83154615717451374,0.47671095168894984,0.80872890833777511,0.58972090073554118,0.79394168705576829,0.62105892674705521,0.69791159200647268,0.71274021537823096,0.67370807954301892,0.72485805844607676,0.58792613636612023,0.79760053110848039,0.66250437589804234,0.77347793431936929,0.6344954375736791
"LIRCMOP8_BC",1,90000,90020,441,60,"feasible_endpoint","AF_train",1,38,0.028840658555590457,1.7749876296051645,1.5172250625159867,0.69647578803916788,0.99303000890508542,0.078657621382386661,0.8757760252360195,0.17743970959285596,0.98225267163219532,0.32604545541203017,0.89523532410185536,0.31641230125151742,0.93141377723688457,0.42599764567426923,0.943058617363843,0.49841961477926999,0.849664536057544,0.48342510850402032,0.84790283055702242,0.58335564137159102,0.75625930289534815,0.6860420444357852,0.7039151028569246,0.76624906009743388,0.71056467458310069,0.78083544974779406,0.63620354817200298,0.80350070671930163,0.53105369201372299,0.71143619307230543,0.588797221672136,0.82011933743201748,0.44211783306644409
"LIRCMOP8_BC",1,90000,90020,441,60,"infeasible_endpoint","AI_train",0,38,0.028840658555590457,1.7717512622780958,1.5046109201394746,0.69647578803916788,0.99117610077507257,0.084831847773371827,0.87382609391473887,0.18493499469978938,0.97874763797516895,0.32503582118862678,0.90544109009422535,0.32149786323680879,0.9269029299648992,0.43180071273994947,0.93808368772637363,0.49689919527134169,0.84901549580389069,0.48427854616256694,0.84724029392933731,0.54524291465850983,0.75583160709220065,0.68828513424515125,0.70278611589742834,0.7684367974275359,0.70390768206487264,0.77216480630587614,0.63229415214112461,0.80890248593161362,0.52875548518768534,0.71845853631123358,0.584928338942731,0.81836058283045843,0.44211783306644409
"LIRCMOP8_BC",1,90000,90020,441,61,"feasible_endpoint","AF_train",1,59,0.11096118447409158,2.0969607026306978,1.1457624097828898,0.83278784105493642,0.99069994753875656,0.11261735001285925,0.95970073295520331,0.19420627944720867,0.96817024959076114,0.45041988729724824,0.95824682072580059,0.3578611114111141,0.88321636118353575,0.49822497572470043,0.88734558186744306,0.51758851434755593,0.82300142496390161,0.60076735975595508,0.82846622671955905,0.65731742094061163,0.67247781443055066,0.81638183647733875,0.64345864912070871,0.86162991909434905,0.59722578259296144,0.87658014345932123,0.53210812911215477,0.82906515510751777,0.43955023011818717,0.81993599298270969,0.401420013355891,0.89310271040354783,0.29183349368091815
"LIRCMOP8_BC",1,90000,90020,441,61,"infeasible_endpoint","AI_train",0,59,0.11096118447409158,2.0615113883923528,1.1776923119802118,0.81349956450963534,0.97741129627371848,0.11430759517361277,0.95082148034330527,0.2315222629115557,0.97089301921229243,0.43320118801612179,0.95111748496148607,0.37863317908538713,0.85919156851333578,0.48269010529002199,0.86738560943767695,0.52481096843194153,0.8245795007393486,0.5789820581235362,0.80312403308963143,0.66622040864139931,0.69673503248969504,0.79176635523435923,0.64622968485622834,0.81610379458912785,0.60157499433537043,0.88714215380620198,0.57714297029051154,0.79723944935813917,0.44297131787714644,0.81053931796700507,0.43328670342560954,0.85886354251829289,0.30688307673678339
"LIRCMOP8_BC",1,90000,90020,441,62,"feasible_endpoint","AF_train",1,31,0.037489937450197221,1.6342147398586515,1.6617491785360845,0.71680356422105185,1,0.082752048056451144,0.96969669662762636,0.19778570824244437,1,0.30612546573589594,0.98547682479146226,0.27760087995088056,0.91847851784555001,0.43061867143432675,1,0.48967940993436365,0.89329215856157973,0.6096458595299542,0.9765029753168698,0.58942708383648323,0.85081310885178385,0.68232541657023527,0.74546704313384893,0.7577284168302526,0.73910925874805977,0.78227604190556765,0.63562401969475535,0.75797891589717037,0.55033511432526239,0.85410813673477093,0.47073766359604208,0.93022815149999249,0.46710736578810641
"LIRCMOP8_BC",1,90000,90020,441,62,"infeasible_endpoint","AI_train",0,31,0.037489937450197221,1.6171737045941237,1.6617491785360845,0.71680356422105185,1,0.082752048056451144,0.96969669662762636,0.19778570824244437,1,0.30612546573589594,0.98547682479146226,0.27760087995088056,0.91847851784555001,0.43061867143432675,1,0.48967940993436365,0.89329215856157973,0.6096458595299542,0.9765029753168698,0.58942708383648323,0.85081310885178385,0.68232541657023527,0.74546704313384893,0.7577284168302526,0.73910925874805977,0.78227604190556765,0.63562401969475535,0.75797891589717037,0.55033511432526239,0.85410813673477093,0.47073766359604208,0.86973090421833132,0.46710736578810641
"LIRCMOP8_BC",1,90000,90020,441,63,"feasible_endpoint","AF_train",1,1,0.030991501078024009,0.70569999999999999,2.3924849374327999,0,0.82880808151079921,0,0.86062245740076615,0,0.89469367826638679,0,0.90970567552744575,0,1,0,1,0,1,0,1,0,1,0,0.97348142203572352,0,1,0,1,0,1,0,1,0,1
"LIRCMOP8_BC",1,90000,90020,441,63,"infeasible_endpoint","AI_train",0,1,0.030991501078024009,0.70569999999999999,2.3785929881234749,0,0.83350487651530547,0,0.85554481164034513,0,0.90222678860349514,0,0.90454805651906534,0,1,0,1,0,1,0,1,0,1,0,0.99445952681919203,0,1,0,1,0,1,0,1,0,1
"LIRCMOP8_BC",1,90000,90020,441,64,"feasible_endpoint","AF_train",1,70,0.025890420212602544,2.2022575318341522,1.005119810046206,0.89642697697887863,0.98128592083601485,0.14666415244178249,0.95404463674029794,0.23368130302582196,0.94668003730228678,0.48442606257145149,0.92450631201747013,0.37329392045454091,0.86980488966506608,0.56639991248657195,0.83117610117067398,0.58018409684736838,0.77286972549723432,0.62492727764615486,0.75900907560353292,0.71748795825196809,0.60199785537954453,0.87985707930503709,0.58510689904331958,0.90616099461871213,0.53105219217427846,0.90679439269343631,0.43487945246290777,0.89382078619546224,0.37968637247015286,0.86317401934258819,0.2842045969053284,0.9420868265581761,0.18947720579681623
"LIRCMOP8_BC",1,90000,90020,441,64,"infeasible_endpoint","AI_train",0,70,0.025890420212602544,2.1903443614605926,1.0072099673643242,0.94854580056345439,0.96395706140447346,0.19537418016429903,0.95924059134493678,0.26568217568785057,0.93205508236132673,0.43684806251238212,0.90518808499188519,0.45323846972292148,0.87457302509509238,0.65793653691274789,0.80788680570885396,0.63312556946035303,0.77007253581978297,0.64151818756009482,0.70676271733868101,0.75055666083228978,0.57260973367589896,0.87121211158498268,0.56735090637397079,0.94876792999925985,0.49236417865216459,0.94426948053399795,0.38341828036376469,0.93823447685804606,0.3338082407455239,0.8933113936744157,0.22491621345509744,0.95777948598833851,0.16668261973161044
"LIRCMOP8_BC",1,90000,90020,441,65,"feasible_endpoint","AF_train",1,70,0.025890420212602544,2.2022575318341522,1.005119810046206,0.89642697697887863,0.98128592083601485,0.14666415244178249,0.95404463674029794,0.23368130302582196,0.94668003730228678,0.48442606257145149,0.92450631201747013,0.37329392045454091,0.86980488966506608,0.56639991248657195,0.83117610117067398,0.58018409684736838,0.77286972549723432,0.62492727764615486,0.75900907560353292,0.71748795825196809,0.60199785537954453,0.87985707930503709,0.58510689904331958,0.90616099461871213,0.53105219217427846,0.90679439269343631,0.43487945246290777,0.89382078619546224,0.37968637247015286,0.86317401934258819,0.2842045969053284,0.9420868265581761,0.18947720579681623
"LIRCMOP8_BC",1,90000,90020,441,65,"infeasible_endpoint","AI_train",0,70,0.025890420212602544,2.1903443614605926,1.0072099673643242,0.94854580056345439,0.96395706140447346,0.19537418016429903,0.95924059134493678,0.26568217568785057,0.93205508236132673,0.43684806251238212,0.90518808499188519,0.45323846972292148,0.87457302509509238,0.65793653691274789,0.80788680570885396,0.63312556946035303,0.77007253581978297,0.64151818756009482,0.70676271733868101,0.75055666083228978,0.57260973367589896,0.87121211158498268,0.56735090637397079,0.94876792999925985,0.49236417865216459,0.94426948053399795,0.38341828036376469,0.93823447685804606,0.3338082407455239,0.8933113936744157,0.22491621345509744,0.95777948598833851,0.16668261973161044
"LIRCMOP8_BC",1,90000,90020,441,66,"feasible_endpoint","AF_train",1,63,0.046680681980949539,2.1322910838245726,1.0943171716407367,0.89492387449598554,0.99792438501997038,0.08315601355404463,0.98150279505819804,0.23889274745463435,0.99280737428668053,0.41106900998358298,0.92538848210372138,0.33953647371737256,0.86097758595482299,0.56526301028553305,0.89461164393898496,0.64022475436305837,0.82010403859300318,0.65541576897149634,0.77288524127849545,0.7091398617557344,0.60892583952099777,0.88266277758220535,0.53505250883763533,0.95234153048884285,0.54819384752326616,0.89658617334208435,0.47521292526184633,0.9215751535338732,0.37936873746986743,0.92271265899627086,0.29042248101112444,1,0.1813954426239035
"LIRCMOP8_BC",1,90000,90020,441,66,"infeasible_endpoint","AI_train",0,63,0.046680681980949539,2.1124084051523759,1.1007469748307026,0.87750168953375796,1,0.11731823884184213,0.96739568373410889,0.22648267360543087,0.95034810821655102,0.39740341430598441,0.95153249488055525,0.32040450069935583,0.8521838821141049,0.56118376078522203,0.87499762832851302,0.61247449509374952,0.82686003493032412,0.63792966481787072,0.74843016345625679,0.70688125958451498,0.58660146415421011,0.86267684171773884,0.59324286757864908,0.95680545912515114,0.54575835384394689,0.86894335112786403,0.41355732663711781,0.90780185871802455,0.38070124176919723,0.89321129992785109,0.32668704194401793,0.9949709511663869,0.17649894998460686
"LIRCMOP8_BC",1,90000,90020,441,67,"feasible_endpoint","AF_train",1,58,0.088026795260607124,2.0857605598618507,1.1611115096520861,0.86844333780962779,0.98509342968463898,0.1213105188250794,0.90157703012792478,0.2306145492424598,0.9958474789374262,0.46708058395416985,0.94408207797923571,0.42497303129337982,0.86767648070213843,0.45312925386532621,0.89983034423227748,0.55051333641421429,0.82545426845766667,0.65784913159961111,0.83015346290992731,0.72833819007239564,0.71291673631917696,0.80874602125566364,0.6150364094194587,0.91093784895127383,0.55103988820699246,0.88917533641054569,0.48790451857205824,0.87041033257158795,0.38340017293823758,0.87080145659891306,0.31738165185022671,0.89241253664834919,0.22191123860574394
"LIRCMOP8_BC",1,90000,90020,441,67,"infeasible_endpoint","AI_train",0,58,0.088026795260607124,2.0491460184741799,1.1493891232520119,0.8697864654107188,0.98007392468654053,0.13187401534737547,0.8974887914125862,0.2338084750188501,0.9847573486036334,0.45871837552417971,0.9373390204244495,0.42716136138179761,0.85956555982993987,0.46676683123686447,0.8941664373616145,0.54362814671425597,0.82035363344850576,0.65859731846959613,0.82471540613819305,0.73489505757753282,0.70340600768307904,0.82010405422025001,0.61411806356805887,0.9122599019909774,0.54587814064639384,0.89559048267928076,0.48756283022649843,0.87196158016324077,0.37335621890017368,0.87984782741600531,0.31739897174059034,0.90298624895894142,0.22312887714464197
"LIRCMOP8_BC",1,90000,90020,441,68,"feasible_endpoint","AF_train",1,53,0.061665241803037882,2.0234145200599256,1.2417531163597251,0.79272004961967468,0.97018685936927795,0.11091318726539612,0.93116843700408936,0.22127124667167664,0.96970283985137939,0.35607065260410309,0.93684962391853333,0.37845127284526825,0.87962517142295837,0.50537436362355947,0.90889686346054077,0.52625859342515469,0.88671928644180298,0.57079842686653137,0.85064175724983215,0.63916026055812836,0.75557693839073181,0.75545856356620789,0.66083107888698578,0.84040644764900208,0.60137412697076797,0.80227220058441162,0.57361864298582077,0.78457444906234741,0.44442275539040565,0.75243261456489563,0.43481893092393875,0.8509158194065094,0.32597725093364716
"LIRCMOP8_BC",1,90000,90020,441,68,"infeasible_endpoint","AI_train",0,53,0.061665241803037882,1.9960941805692225,1.2411228409778421,0.79272004961967468,0.96925990530427153,0.1140003004608887,0.93019347134344899,0.22501888922514335,0.96795032302286621,0.35556583549240139,0.94195250691471832,0.3809940538379139,0.87736974778696575,0.50827589715639965,0.90640939864180603,0.52549838367119062,0.88639476631497627,0.57122514569580463,0.85031048893598959,0.62010389720158776,0.75536309048915806,0.72289017492774799,0.66026658540723759,0.84150031631405309,0.59804563071165395,0.79793687886345266,0.57166394497038164,0.78727533866850341,0.44327365197738688,0.75594378618435965,0.43288448955923625,0.8558955988585164,0.32597725093364716
"LIRCMOP8_BC",1,90000,90020,441,69,"feasible_endpoint","AF_train",1,18,0.085826895354204277,1.2963671202399476,1.9715210886721255,0.34478013870493873,0.8810119383586319,0.038675264013843066,0.93935222476031011,0.090460475856664821,0.94644938378820775,0.094964201819175684,0.89351987538098454,0.1778550467746135,0.95748496089078361,0.26225866287637933,0.96897258899275673,0.27344811419363046,0.96155976299578649,0.26256332122314263,0.95353272287605173,0.2591765514248322,0.94186813081956711,0.31845241237744881,0.89603154608606495,0.3006404731542533,0.86393535791561427,0.46593762425423807,0.90426825708457637,0.43568606107370966,0.83174428706262549,0.45038869020825717,0.86365632976612994,0.57729447000252732,0.85061864217728733
"LIRCMOP8_BC",1,90000,90020,441,69,"infeasible_endpoint","AI_train",0,18,0.085826895354204277,1.3056211351109615,1.936048452259393,0.34478013870493873,0.92319327846946897,0.038675264013843066,0.910746107835543,0.090460475856664821,0.98368366814411479,0.094964201819175684,0.88071553663656688,0.1778550467746135,0.95748496089078361,0.27301242753281607,0.96897258899275673,0.27344811419363046,0.96155976299578649,0.27875088055090369,0.95353272287605173,0.25983677046126263,0.94186813081956711,0.31845241237744881,0.89535376652847998,0.31938701456441632,0.86393535791561427,0.46593762425423807,0.90364993171343777,0.44327287904095591,0.83174428706262549,0.46834598292516716,0.86365632976612994,0.58867609194566062,0.85061864217728733
"LIRCMOP8_BC",1,90000,90020,441,70,"feasible_endpoint","AF_train",1,29,0.040233813612581423,1.5887180617239569,1.716935777812882,0.69381633363488759,1,0.14441656295466893,0.93848249857508503,0.21787281613497023,0.99910084120292786,0.24641853057550034,0.97288314956069488,0.32477186335550234,0.88380187480607797,0.46422574986486376,0.94397140428012216,0.49018825434612356,0.89406740815853647,0.48392378051152474,0.92802275176308313,0.57989230725702035,0.81627011370455782,0.65782433888999359,0.75103050215586065,0.70638492552290288,0.62586519074098035,0.74086835983461841,0.75425339577097772,0.79698468400681954,0.51712273837157452,0.77863391698434514,0.60562962519761721,0.8009972773623858,0.5253349276039575
"LIRCMOP8_BC",1,90000,90020,441,70,"infeasible_endpoint","AI_train",0,29,0.040233813612581423,1.5753371326712975,1.7049186226047091,0.69381633363488759,1,0.14441656295466893,0.9258222618905374,0.21787281613497023,1,0.24641853057550034,0.96974261138105777,0.32477186335550234,0.88380187480607797,0.46422574986486376,0.94397140428012216,0.49018825434612356,0.89406740815853647,0.48392378051152474,0.92802275176308313,0.57989230725702035,0.81627011370455782,0.65782433888999359,0.75103050215586065,0.70638492552290288,0.62586519074098035,0.74086835983461841,0.75425339577097772,0.79698468400681954,0.51712273837157452,0.77863391698434514,0.60562962519761721,0.81164287374429045,0.49897457898045017
"LIRCMOP8_BC",1,90000,90020,441,71,"feasible_endpoint","AF_train",1,76,0.052062059327229702,2.2472305935458268,0.93686543371323339,0.95669926985979303,0.98642134631634171,0.2275845455214644,0.99924681648474634,0.29308199402468449,0.94655397652008921,0.48395674669285227,0.93367867889924838,0.47818756812915708,0.8980281872197905,0.5301980440706634,0.82914109429595029,0.54041240481147534,0.74032966470375006,0.67158912138466276,0.69823778836864392,0.7546920991532472,0.57560402606433614,0.91174077121254582,0.52080590561076012,0.88088521152569976,0.48935842744524866,0.92749163038438009,0.26790408389380699,0.94789746597453595,0.27260625950092698,0.91180597903390914,0.14553647368207323,0.89117099777939257,0.05630392700592432
"LIRCMOP8_BC",1,90000,90020,441,71,"infeasible_endpoint","AI_train",0,76,0.052062059327229702,2.2309579675439686,0.95301371965876736,0.90993323027553319,0.97370013186587467,0.22219808599288304,0.97765774696191921,0.3009996908949274,0.93498842538440663,0.46915315146820447,0.94267667925540044,0.46377910623154622,0.85707321372126499,0.52803409544600799,0.84018632531552417,0.61320018867068671,0.75645607539965909,0.6171676935116156,0.72546838320254059,0.78375168529773465,0.60360624130606855,0.86789013327153497,0.57698446538531989,0.8262806329048884,0.50358308623981862,0.92878284800294164,0.40611201496563915,0.89982319067433292,0.34772396387559656,0.88405158150136365,0.24981510731764331,0.90023628887487495,0.17280555596911426
"LIRCMOP8_BC",1,90000,90020,441,72,"feasible_endpoint","AF_train",1,65,0.039479788597675945,2.1519710134445362,1.0663252812694721,0.89263531492029213,1,0.16248992937402618,0.9743412105778374,0.21095028019682008,0.93931303850576298,0.40781857841844071,0.94242162868581114,0.3536550269131572,0.87158709589114358,0.6345439371395214,0.89288337726085332,0.6508712417069793,0.7855290585549467,0.59502284397562533,0.79638884753460126,0.70710879737275345,0.61828284839028014,0.85966692336665318,0.59280243986506975,0.89430414976031969,0.50775538961455702,0.86945100831359445,0.41165369245141598,0.93366807633875037,0.36718662734837954,0.89534343655822068,0.21902502283989422,0.98495654210975325,0.22742232762567854
"LIRCMOP8_BC",1,90000,90020,441,72,"infeasible_endpoint","AI_train",0,65,0.039479788597675945,2.1460715349702202,1.0498924835149572,0.89438618560072902,0.99648331770597065,0.06040412472220151,0.93483297268579546,0.22563259333716695,0.95307602467744124,0.42063360326255828,0.88709596201473728,0.36109055959897085,0.89106411077224135,0.62766193733447873,0.79935510559798872,0.50457292403708409,0.79263897280142626,0.70851014362084408,0.7119819898927563,0.73033096517603524,0.62322361497108436,0.78521748661929136,0.55843536451433928,0.91975613208512563,0.5624396432520733,0.88692000173747543,0.44491455544947939,0.90546965688320047,0.33505767998271996,0.98353327399956625,0.25666195065285968,0.95773893435956292,0.21071610529876827
"LIRCMOP8_BC",1,90000,90020,441,73,"feasible_endpoint","AF_train",1,1,0.017210129344894867,0.70569999999999999,2.3924849374327999,0,0.82880808151079921,0,0.86062245740076615,0,0.89469367826638679,0,0.90970567552744575,0,1,0,1,0,1,0,1,0,1,0,0.97348142203572352,0,1,0,1,0,1,0,1,0,1
"LIRCMOP8_BC",1,90000,90020,441,73,"infeasible_endpoint","AI_train",0,1,0.017210129344894867,0.70569999999999999,2.384299487231476,0,0.89313302317425958,0,0.83314716557380208,0,0.921982216172472,0,0.84995748923102099,0,1,0,1,0,1,0,1,0,1,0,1,0,1,0,1,0,1,0,1,0,1
"LIRCMOP8_BC",1,90000,90020,441,74,"feasible_endpoint","AF_train",1,70,0.025070112789689486,2.2022575318341522,1.005119810046206,0.89642697697887863,0.98128592083601485,0.14666415244178249,0.95404463674029794,0.23368130302582196,0.94668003730228678,0.48442606257145149,0.92450631201747013,0.37329392045454091,0.86980488966506608,0.56639991248657195,0.83117610117067398,0.58018409684736838,0.77286972549723432,0.62492727764615486,0.75900907560353292,0.71748795825196809,0.60199785537954453,0.87985707930503709,0.58510689904331958,0.90616099461871213,0.53105219217427846,0.90679439269343631,0.43487945246290777,0.89382078619546224,0.37968637247015286,0.86317401934258819,0.2842045969053284,0.9420868265581761,0.18947720579681623
"LIRCMOP8_BC",1,90000,90020,441,74,"infeasible_endpoint","AI_train",0,70,0.025070112789689486,2.1941540813888798,0.99683166975055348,0.91088820446245156,0.97186897070096645,0.07530794542719807,0.94450366820626785,0.22391144677185038,0.989686814788304,0.37124019177829004,0.88903835704651457,0.33167464854463996,0.85374318873081478,0.58218798525883986,0.80621917081609573,0.58562843807584997,0.77016577491835414,0.74066194613828884,0.76570441284133572,0.7146735852163375,0.64474942834275195,0.84589652213703381,0.57645510212599682,0.99447847995153726,0.51419020761526057,0.87014217587215503,0.39634385389442034,0.96452088307413775,0.36479743839395923,1,0.23610961979700817,1,0.17089855544955901
"LIRCMOP8_BC",1,90000,90020,441,75,"feasible_endpoint","AF_train",1,76,0.039286512058323952,2.2472305935458268,0.93686543371323339,0.95669926985979303,0.98642134631634171,0.2275845455214644,0.99924681648474634,0.29308199402468449,0.94655397652008921,0.48395674669285227,0.93367867889924838,0.47818756812915708,0.8980281872197905,0.5301980440706634,0.82914109429595029,0.54041240481147534,0.74032966470375006,0.67158912138466276,0.69823778836864392,0.7546920991532472,0.57560402606433614,0.91174077121254582,0.52080590561076012,0.88088521152569976,0.48935842744524866,0.92749163038438009,0.26790408389380699,0.94789746597453595,0.27260625950092698,0.91180597903390914,0.14553647368207323,0.89117099777939257,0.05630392700592432
"LIRCMOP8_BC",1,90000,90020,441,75,"infeasible_endpoint","AI_train",0,76,0.039286512058323952,2.2339033301746491,0.9253753271865448,0.94938998877569092,1,0.1425759597999004,0.96793183935426463,0.26124169505739436,0.99140434164081004,0.39625483721380295,0.93457372647414083,0.37936198667572774,0.88061929558528251,0.65124000916537006,0.83646523042391308,0.58523922454269728,0.7682743953294181,0.76030923326089228,0.75015723860844041,0.77851831109946312,0.58497471560463321,0.89870378519134575,0.51796758423605538,0.99405664008669814,0.52030679089903376,0.92358387493530003,0.34268164870163909,0.98453322072155625,0.30216568778283187,0.98199391787242529,0.16516379270801149,0.97619482225198528,0.092777023040293144
"LIRCMOP8_BC",1,90000,90020,441,76,"feasible_endpoint","AF_train",1,52,0.16733342577331642,2.0019744127587327,1.2641695125310553,0.83330477518210255,1,0.10177325459906221,0.9579763685046736,0.27522221261096913,0.96636407259211587,0.35694291250342591,1,0.42087525333734732,0.92677436276140268,0.58822057171816744,0.9245618987541081,0.57044931926594233,0.84557119188395702,0.57987228838090998,0.82281977962575559,0.70264819495990027,0.62452248193186621,0.77214927534432964,0.58269579782453607,0.81119000111250616,0.59240212305383411,0.82199462020425584,0.49422303481202584,0.8547928375927738,0.41428354381117449,0.85935128789259863,0.38936327277581001,0.84631046356194439,0.26338553718369451
"LIRCMOP8_BC",1,90000,90020,441,76,"infeasible_endpoint","AI_train",0,52,0.16733342577331642,1.9418130312473232,1.3031749442711864,0.83330477518210255,1,0.10177325459906221,0.92895843894590246,0.27522221261096913,1,0.35694291250342591,0.87329303971251593,0.42087525333734732,0.92677436276140268,0.59897433637460418,0.9245618987541081,0.57044931926594233,0.84557119188395702,0.59605984770867104,0.82281977962575559,0.70330841399633071,0.62452248193186621,0.77214927534432964,0.59527730724908934,0.82641461189045329,0.59240212305383411,0.82199462020425584,0.49360470944088725,0.86237965556002005,0.39127734768782363,0.87730858060950867,0.38936327277581001,0.88322207028052457,0.26338553718369451
"LIRCMOP8_BC",1,90000,90020,441,77,"feasible_endpoint","AF_train",1,49,0.15957038313732094,1.9704116774542164,1.3056030961830223,0.75392643574043139,0.96676517041208998,0.091849827435644127,0.94276276188164698,0.2410214680912906,0.92603455607731233,0.30690671018557258,0.98208725118202311,0.35859050866018272,0.92016236346164337,0.51405027926345848,0.9106417924987773,0.56297635681735181,0.85933910841167305,0.52207105786806163,0.83675566049197392,0.64293883084924164,0.75227076355873945,0.70060406715241186,0.64136639737370027,0.78147401487254053,0.60594928426711436,0.76679676137708086,0.59880126268190725,0.73342540380153776,0.47571484553035565,0.77867388234766954,0.45250579561287507,0.8148246976105058,0.41950838472104579
"LIRCMOP8_BC",1,90000,90020,441,77,"infeasible_endpoint","AI_train",0,49,0.15957038313732094,1.9066009806816846,1.2800866633206796,0.7551286266601005,0.97690354655892264,0.064709720939959678,0.94403051571375851,0.23153105088613277,0.93698654632052247,0.23230879281039812,0.9859648888947109,0.32390244568479376,0.91158511864025904,0.54204550978721122,0.91791383744063826,0.5848806694245372,0.86793566858681626,0.58379408977616398,0.8263792014346143,0.61532354593223915,0.7514052926901954,0.70014882537801637,0.65044696414333525,0.83793905027196502,0.61530861617665922,0.79000898556125998,0.60336673909600524,0.77887189070385787,0.4704158534687114,0.86492644084206693,0.46095000818952792,0.93774833880339514,0.41524099980150847
"LIRCMOP8_BC",1,90000,90020,441,78,"feasible_endpoint","AF_train",1,33,0.21052934392051473,1.6845001061823692,1.611070096766011,0.61949112917344396,0.97706207545639101,0.080635189134339369,0.90493351595861271,0.16377918777445544,0.93391032952395325,0.15828501627722696,0.95775111350773323,0.18334915699166954,0.89617299248152404,0.43568252857564732,0.91272270548901191,0.42240600352618213,0.90561320693395242,0.45818076790987239,0.92555297301240746,0.55299616309034672,0.8563358711839395,0.57394078847231467,0.79081618046538371,0.70648614726905801,0.72257378852964849,0.67918863842289801,0.75610326026717289,0.69025159168865935,0.59578990757436068,0.81003450969153123,0.62691113896092543,0.86111504767278868,0.6260345067096047
"LIRCMOP8_BC",1,90000,90020,441,78,"infeasible_endpoint","AI_train",0,33,0.21052934392051473,1.6489948721320506,1.5298822401786887,0.64543510637857315,0.974998617634666,0.070533442399409396,0.88240304918109813,0.16645754164095034,0.91910229126593745,0.18875619277667255,0.93423131507685941,0.20909607089254831,0.92362107629693468,0.44416611192601702,0.90196042027258561,0.41799993846634098,0.87549825429268968,0.50216831823490982,0.89280463223859574,0.59865420132932856,0.82686843263734167,0.60828354416746411,0.7755788130089839,0.73151658495869831,0.72555510794246292,0.71501931706089594,0.71652040817675833,0.73536614624244045,0.58284444257139656,0.81732580465142768,0.60499632783380619,0.86442917243333017,0.55522567252106692
"LIRCMOP8_BC",1,90000,90020,441,79,"feasible_endpoint","AF_train",1,54,0.035011422696113924,2.0343839607180056,1.219589221816455,0.81714609805694383,0.96104344175186174,0.12309903188795238,0.94417206571656687,0.23977622532293921,0.93064513774205526,0.39742877439567581,0.90794099273108408,0.36072037060252771,0.93515083372344665,0.55606295164318986,0.81025296095909161,0.5079136946009587,0.80736348596719942,0.6109233467677605,0.74655573593326008,0.76171879270100662,0.66877674300578405,0.76278127054545419,0.63242893944408984,0.81933391080744722,0.53681761723063448,0.77016350510556486,0.52769752699205363,0.85057742359071864,0.41416136718831131,0.85652465405228173,0.35856255479805577,0.85386730345400363,0.30909592501638034
"LIRCMOP8_BC",1,90000,90020,441,79,"infeasible_endpoint","AI_train",0,54,0.035011422696113924,2.0295219424307467,1.2047696569561523,0.81344662434748327,0.96442048770656297,0.11490160923439048,0.97451597990392957,0.25507659110083347,0.94301761775612158,0.35230639699518879,0.89642514211472024,0.35314419075169479,0.86954380329641645,0.57145317704074783,0.82846459313858267,0.51408356662484489,0.81891118375124572,0.59462008138321254,0.75583911954241545,0.76221185133958436,0.67950939662896481,0.76967806506069558,0.62078837236013196,0.81678795201535392,0.56627550636122281,0.76154758016358903,0.55208505350783987,0.8715481192293254,0.40467622490404109,0.85903049289184108,0.35103746067727543,0.84652881404735159,0.3246557068847149
"LIRCMOP8_BC",1,90000,90020,441,80,"feasible_endpoint","AF_train",1,16,0.023653609476487446,1.239105798668279,2.0224605636486137,0.15689142598262776,0.94139631364032883,0,0.90875271045589567,0,0.99940941412382522,0.026664630514161958,0.87253970835965289,0.061833143956582723,1,0.11265760935905048,1,0.099387095221243282,0.93321886147646793,0.19068483348990939,1,0.08583770146282127,1,0.13471382639669602,0.97306604341044345,0.12493176330158184,0.96240558508480478,0.23642268714103951,1,0.19599476425938994,0.99413477749331924,0.2837840529433534,0.94658873088351403,0.3669803316844954,1
"LIRCMOP8_BC",1,90000,90020,441,80,"infeasible_endpoint","AI_train",0,16,0.023653609476487446,1.2420920944047351,2.0120033078383814,0.15689142598262776,0.93939909822078882,0.025076164696626879,0.90598724512355688,0.0061240069470154535,1,0.071525973344251953,0.88237245114628737,0.15596369082627848,0.99068930173994385,0.066039511177518023,0.98689701717209655,0.1521029103856999,0.93497080507348262,0.17590881292354932,1,0.10348228590873698,1,0.11914484118718047,0.97879198239673859,0.11609703310463865,0.94502553840259051,0.24469617411712732,1,0.18228908950780109,0.99869196259995952,0.27962414477838626,0.95314414507756096,0.34268381801400805,0.99880911677568596
"LIRCMOP8_BC",1,90000,90020,441,81,"feasible_endpoint","AF_train",1,1,0.023822444585202631,0.70569999999999999,2.3924849374327999,0,0.82880808151079921,0,0.86062245740076615,0,0.89469367826638679,0,0.90970567552744575,0,1,0,1,0,1,0,1,0,1,0,0.97348142203572352,0,1,0,1,0,1,0,1,0,1
"LIRCMOP8_BC",1,90000,90020,441,81,"infeasible_endpoint","AI_train",0,1,0.023822444585202631,0.70845774667414851,2.3818962751928163,0,0.84343152711341052,0,0.85140009526572602,0,0.92144906521000913,0,0.90727027084281531,0,1,0.016389629337774797,1,0.0026748303843799615,1,0,0.99406095383704263,0,1,0,0.94793868554901484,0,1,0,0.96886026959534721,0,0.94960534192102486,0,1,0,1
"LIRCMOP8_BC",1,90000,90020,441,82,"feasible_endpoint","AF_train",1,25,0.074908160902510193,1.4906005357097429,1.7994579214550674,0.58479502761698687,0.92614502563340795,0.050009186449474621,0.9035064807371459,0.16258907469779527,0.9366254285036173,0.18992840363835137,0.90326243109399629,0.24631350431678195,0.91496992178156733,0.42015124533016179,0.95085642880559051,0.39348010164657848,0.92311952599157299,0.43052515826266247,0.91397225871933774,0.47469226796919695,0.88373626163913421,0.55175696930463447,0.79206309217212989,0.61246115593635486,0.74020885798945302,0.71944557071849968,0.80853651416915284,0.6728859981210098,0.66348857412525086,0.73236407426105632,0.72731265953225988,0.82550034856663479,0.68694161804333842
"LIRCMOP8_BC",1,90000,90020,441,82,"infeasible_endpoint","AI_train",0,25,0.074908160902510193,1.5063329363846074,1.7712703897636446,0.59040089287443509,0.9281365209490311,0.067797803292915751,0.90515116509726734,0.17983151996800462,0.94025669834990622,0.14211096521034847,0.9214592939422247,0.33567688945173813,0.91508079574767953,0.36916653682839651,0.94684843749826686,0.35150134523289839,0.92147906670474966,0.40027091307719487,0.91765909979597016,0.47735668541760173,0.88366042168349757,0.56415637071846814,0.79571898855492518,0.62726696116539826,0.73350124220788981,0.71164106013682282,0.81162148187413141,0.67695942337388049,0.64715982829511054,0.72277115695787075,0.71435914603480433,0.76648609124178724,0.67706994928832309
"LIRCMOP8_BC",1,90000,90020,441,83,"feasible_endpoint","AF_train",1,1,0.023822444585202631,0.70569999999999999,2.3924849374327999,0,0.82880808151079921,0,0.86062245740076615,0,0.89469367826638679,0,0.90970567552744575,0,1,0,1,0,1,0,1,0,1,0,0.97348142203572352,0,1,0,1,0,1,0,1,0,1
"LIRCMOP8_BC",1,90000,90020,441,83,"infeasible_endpoint","AI_train",0,1,0.023822444585202631,0.70845774667414851,2.3818962751928163,0,0.84343152711341052,0,0.85140009526572602,0,0.92144906521000913,0,0.90727027084281531,0,1,0.016389629337774797,1,0.0026748303843799615,1,0,0.99406095383704263,0,1,0,0.94793868554901484,0,1,0,0.96886026959534721,0,0.94960534192102486,0,1,0,1
"LIRCMOP8_BC",1,90000,90020,441,84,"feasible_endpoint","AF_train",1,25,0.1544800519393143,1.4906005357097429,1.7994579214550674,0.58479502761698687,0.92614502563340795,0.050009186449474621,0.9035064807371459,0.16258907469779527,0.9366254285036173,0.18992840363835137,0.90326243109399629,0.24631350431678195,0.91496992178156733,0.42015124533016179,0.95085642880559051,0.39348010164657848,0.92311952599157299,0.43052515826266247,0.91397225871933774,0.47469226796919695,0.88373626163913421,0.55175696930463447,0.79206309217212989,0.61246115593635486,0.74020885798945302,0.71944557071849968,0.80853651416915284,0.6728859981210098,0.66348857412525086,0.73236407426105632,0.72731265953225988,0.82550034856663479,0.68694161804333842
"LIRCMOP8_BC",1,90000,90020,441,84,"infeasible_endpoint","AI_train",0,25,0.1544800519393143,1.4395383467755134,1.7575141098133986,0.58319861811280727,0.93275466796131612,0.065809032181188581,0.9144300801994828,0.1669425896458846,0.94533514819723929,0.15409735031299518,0.91983432351727645,0.27129307042090234,0.92049743633941283,0.38234845495986969,0.96006445521900163,0.35384698863084729,0.93507297538513046,0.43016281964754755,0.90913216489195936,0.45884447869413453,0.88891615458816664,0.5509739852219504,0.80333185045469291,0.60766879260474527,0.73935528031068465,0.71416019327770841,0.81331447876903906,0.67302809606027902,0.66276943927676135,0.71630374462682345,0.73522782525218944,0.77952692848139526,0.68412205723215247
"LIRCMOP8_BC",1,90000,90020,441,85,"feasible_endpoint","AF_train",1,87,0.030436278386941101,2.3229476997082479,0.82284833489364961,0.99607604309754205,0.98753428717510428,0.22253725105865987,0.98389528388219971,0.30473441124146983,0.97365371382771315,0.45020511209463282,0.89691728761345668,0.4234293383397234,0.86238663054445808,0.66291679138923232,0.83431679911753398,0.65888828694334256,0.74948644592201608,0.7219833275374784,0.67891521458607329,0.85301050372826415,0.54539506919011216,0.93852107804732121,0.47438952061636486,1,0.45000417794342856,0.96027067839491309,0.27585833065506182,0.98073736027314107,0.26918498834056959,0.96847140038218216,0.09098180844908027,1,0.0088272099807850009
"LIRCMOP8_BC",1,90000,90020,441,85,"infeasible_endpoint","AI_train",0,87,0.030436278386941101,2.3089081097816369,0.82284833489364961,0.99607604309754205,0.98753428717510428,0.22253725105865987,0.98389528388219971,0.30473441124146983,0.97365371382771315,0.45020511209463282,0.89691728761345668,0.4234293383397234,0.86238663054445808,0.66291679138923232,0.83431679911753398,0.65888828694334256,0.74948644592201608,0.7219833275374784,0.67891521458607329,0.85301050372826415,0.54539506919011216,0.93852107804732121,0.47438952061636486,0.99348218438432223,0.45000417794342856,0.96027067839491309,0.27585833065506182,0.98073736027314107,0.26918498834056959,0.96847140038218216,0.09098180844908027,1,0.0088272099807850009
"LIRCMOP8_BC",1,90000,90020,441,86,"feasible_endpoint","AF_train",1,59,0.07718829746844294,2.0969607026306978,1.1457624097828898,0.83278784105493642,0.99069994753875656,0.11261735001285925,0.95970073295520331,0.19420627944720867,0.96817024959076114,0.45041988729724824,0.95824682072580059,0.3578611114111141,0.88321636118353575,0.49822497572470043,0.88734558186744306,0.51758851434755593,0.82300142496390161,0.60076735975595508,0.82846622671955905,0.65731742094061163,0.67247781443055066,0.81638183647733875,0.64345864912070871,0.86162991909434905,0.59722578259296144,0.87658014345932123,0.53210812911215477,0.82906515510751777,0.43955023011818717,0.81993599298270969,0.401420013355891,0.89310271040354783,0.29183349368091815
"LIRCMOP8_BC",1,90000,90020,441,86,"infeasible_endpoint","AI_train",0,59,0.07718829746844294,2.0675535563703624,1.1292857997095167,0.8329062506269439,0.99392468645179144,0.13222674743972757,0.97224126897610563,0.19442203013137463,0.9712513680651077,0.45041988729724824,0.95390219528276676,0.3578611114111141,0.88321636118353575,0.51678533455403475,0.87982437869887131,0.54508602603452294,0.82050028592874646,0.60533128982494744,0.8269045937223507,0.67409524210437388,0.67196778404053847,0.81640891689708261,0.64345864912070871,0.88178342236019058,0.59722578259296144,0.88158643522107738,0.52967407022845214,0.84558660792248008,0.43923582218537222,0.85293209013360149,0.40120803318052378,0.89136702185773065,0.28390406370209598
"LIRCMOP8_BC",1,90000,90020,441,87,"feasible_endpoint","AF_train",1,87,0.030436278386941101,2.3229476997082479,0.82284833489364961,0.99607604309754205,0.98753428717510428,0.22253725105865987,0.98389528388219971,0.30473441124146983,0.97365371382771315,0.45020511209463282,0.89691728761345668,0.4234293383397234,0.86238663054445808,0.66291679138923232,0.83431679911753398,0.65888828694334256,0.74948644592201608,0.7219833275374784,0.67891521458607329,0.85301050372826415,0.54539506919011216,0.93852107804732121,0.47438952061636486,1,0.45000417794342856,0.96027067839491309,0.27585833065506182,0.98073736027314107,0.26918498834056959,0.96847140038218216,0.09098180844908027,1,0.0088272099807850009
"LIRCMOP8_BC",1,90000,90020,441,87,"infeasible_endpoint","AI_train",0,87,0.030436278386941101,2.3089081097816369,0.82284833489364961,0.99607604309754205,0.98753428717510428,0.22253725105865987,0.98389528388219971,0.30473441124146983,0.97365371382771315,0.45020511209463282,0.89691728761345668,0.4234293383397234,0.86238663054445808,0.66291679138923232,0.83431679911753398,0.65888828694334256,0.74948644592201608,0.7219833275374784,0.67891521458607329,0.85301050372826415,0.54539506919011216,0.93852107804732121,0.47438952061636486,0.99348218438432223,0.45000417794342856,0.96027067839491309,0.27585833065506182,0.98073736027314107,0.26918498834056959,0.96847140038218216,0.09098180844908027,1,0.0088272099807850009
"LIRCMOP8_BC",1,90000,90020,441,88,"feasible_endpoint","AF_train",1,46,0.02122016069443285,1.9181321457733091,1.3570614715877867,0.77707851824009067,0.97881783253664478,0.086870621571940976,0.89028036870305305,0.24746474827206941,1,0.38818117545493502,0.93732423611778171,0.3999194422026614,0.94945140884847368,0.43880211243286565,0.94411974260304143,0.52221564361932515,0.82276775742684627,0.5314551119539046,0.80844229187473748,0.67058087790466836,0.68699580089878265,0.75769624489674459,0.64142009306920877,0.77998068528122133,0.65517794226797199,0.81347384280028179,0.56037908300356154,0.85827864600782711,0.45368622095756544,0.78323791096112017,0.4647868774305659,0.83502433944761645,0.3433619300454519
"LIRCMOP8_BC",1,90000,90020,441,88,"infeasible_endpoint","AI_train",0,46,0.02122016069443285,1.9103811973139539,1.3633901494708365,0.77707851824009067,0.98120578501196354,0.09014576450521801,0.88680206573238696,0.24746474827206941,1,0.38818117545493502,0.9731004793673762,0.3999194422026614,0.93941244827014281,0.46122271593154485,0.94411974260304143,0.52221564361932515,0.82276775742684627,0.5314551119539046,0.80844229187473748,0.67058087790466836,0.68699580089878265,0.75769624489674459,0.64142009306920877,0.77998068528122133,0.65517794226797199,0.81347384280028179,0.56037908300356154,0.85827864600782711,0.45368622095756544,0.79863016718307156,0.4647868774305659,0.82580447333091245,0.3433619300454519
"LIRCMOP8_BC",1,90000,90020,441,89,"feasible_endpoint","AF_train",1,21,0.1971445523942561,1.3805431995649133,1.8985821369103559,0.3449354908639059,0.98666809244180009,0.036141754218618281,0.95085608741432148,0.097319357921162711,1,0.089856962504000187,0.94418139823267699,0.13303342888526712,1,0.18832771640906917,1,0.23796561548779538,1,0.24316009113151707,1,0.2222168629839649,0.99647563657273552,0.36542316329976998,0.97071967235183254,0.3890333063927387,0.96758198648378035,0.46060832391174594,0.98018804252108183,0.49055861703347231,0.84989824873824282,0.51288956441488842,0.92854246508237925,0.61850151629503536,0.94398338068211929
"LIRCMOP8_BC",1,90000,90020,441,89,"infeasible_endpoint","AI_train",0,21,0.1971445523942561,1.3141738619425372,1.9502224054301123,0.29502483539841223,0.97577827650105675,0.016224027229131965,0.95910441678839287,0.091150391273018966,1,0.059915046403101246,0.9342945350096008,0.14617129649920133,1,0.1704689758532649,1,0.18270667092024256,1,0.19580074575521481,1,0.18971444196838125,1,0.24279221641512333,0.98922717970060003,0.29744555941459072,1,0.42304041390488617,1,0.42073510298860811,0.89070358609204703,0.47554613004264856,0.99763272918864287,0.51310557861812112,0.97292301519773705
"LIRCMOP8_BC",1,90000,90020,441,90,"feasible_endpoint","AF_train",1,13,0.13546921366475487,1.1398163152246616,2.1037193552080882,0.25686473077772737,0.96729997261492973,0.077283735091302888,0.88005936258533679,0.069058865464285552,0.94490362343760781,0.087655652726432193,0.88471077067931914,0.099586900583694321,0.92539164754286241,0.15552711224990862,0.98396097794946424,0.17541086301959946,0.97048019696318444,0.21190409786049499,0.9724824098045719,0.20560513313536874,0.96450410423042165,0.28246898974986467,0.92279211909691328,0.30951079409893795,0.9130262749943987,0.30041683400043617,0.92441193537498534,0.34922038093926305,0.87960455237426582,0.40679916018563433,0.88782931628446149,0.48191855326977828,0.86872638406293645
"LIRCMOP8_BC",1,90000,90020,441,90,"infeasible_endpoint","AI_train",0,13,0.13546921366475487,1.1297410998054267,2.0474131751502274,0.10136035038598057,0.89322354929855186,0.01900597690075894,0.98300019791742788,0,0.95904800466722151,0.014805439096832185,0.9208856880767351,0.038161707795490135,0.99550679192253755,0.083062525858553948,0.99515808381992987,0.11353049790025255,0.98728359252000897,0.11309249191119897,0.99914848296467396,0.037066595376287814,0.96493351716470788,0.10413575192567359,0.9415471864280105,0.095952386098686393,0.9689755480133837,0.15236542130092878,0.97917281526994304,0.14553291634198906,0.93361724861346485,0.17543715692345391,0.94157817809136468,0.30163708656700028,0.91185682586754746
"LIRCMOP8_BC",1,90000,90020,441,91,"feasible_endpoint","AF_train",1,14,0.13670760806755039,1.1705401170087861,2.0892360001382047,0.37998174136297308,0.96022133007804822,0.12795504351649084,0.89222131471595101,0.094352009217525595,0.8881496728008762,0.13457306641554176,0.92277065731154972,0.16653608593590899,0.88668711730653926,0.20313419970914143,0.96077196877905613,0.23157304329617698,0.96368505467739396,0.32842820325129674,0.93117799699388082,0.31861812971186171,0.97724586937708513,0.35470699725150168,0.9036608339435952,0.40815587779011619,0.80664257848297249,0.44648842192821314,0.9097167548088434,0.4435531601994307,0.8161637499232457,0.5234231766899522,0.85343127000295893,0.54798308976530175,0.85643176926278308
"LIRCMOP8_BC",1,90000,90020,441,91,"infeasible_endpoint","AI_train",0,14,0.13670760806755039,1.1297410998054267,2.0474131751502274,0.10136035038598057,0.89322354929855186,0.01900597690075894,0.98300019791742788,0,0.95904800466722151,0.014805439096832185,0.9208856880767351,0.038161707795490135,0.99550679192253755,0.083062525858553948,0.99515808381992987,0.11353049790025255,0.98728359252000897,0.11309249191119897,0.99914848296467396,0.037066595376287814,0.96493351716470788,0.10413575192567359,0.9415471864280105,0.095952386098686393,0.9689755480133837,0.15236542130092878,0.97917281526994304,0.14553291634198906,0.93361724861346485,0.17543715692345391,0.94157817809136468,0.30163708656700028,0.91185682586754746
"LIRCMOP8_BC",1,90000,90020,441,92,"feasible_endpoint","AF_train",1,47,0.14844749302575955,1.938033660628228,1.3350902352764724,0.71419017557286302,0.96936097268422383,0.034286435945744112,0.97077173650305026,0.23449514260796189,1,0.37759277177336753,0.90155958854270102,0.33717076758762954,0.94007543140623018,0.42413928501792669,0.93687031759430628,0.42643568715312419,0.90990534592578953,0.54564141425154356,0.8178661409291339,0.62252582750093355,0.79149805148930275,0.60179956389667233,0.67400072947324774,0.6935787802386254,0.6945112969293652,0.74749990131629862,0.62459003514215383,0.73549695784231472,0.5191255118877639,0.83636365316908412,0.4871583704023712,0.74881652968733281,0.43081813855885637
"LIRCMOP8_BC",1,90000,90020,441,92,"infeasible_endpoint","AI_train",0,47,0.14844749302575955,1.977443675655175,1.2857047169515718,0.83528374137497496,0.9499297450193005,0.015269551460446645,0.95880744240486948,0.27148081054878842,1,0.41631944625717537,0.87940819010942362,0.39854603112283299,0.95834036505502418,0.51798590912697406,0.88958621027695739,0.53934256528269553,0.88638605714720264,0.61555494740108063,0.77561718187065631,0.72088290135204858,0.69112238734868325,0.72057974063589902,0.62436405807911632,0.8303745983303763,0.63527352028087525,0.86941841147338916,0.54832381085558679,0.87690963088856888,0.40863595374332451,0.93885552922777249,0.37482514172537829,0.87506168393845796,0.31610633021575446
"LIRCMOP8_BC",1,90000,90020,441,93,"feasible_endpoint","AF_train",1,92,0.065738118403588522,2.3692866276488429,0.78048891745851345,0.99901511269566767,0.9816449466528876,0.17880484609374364,0.96388621327289781,0.32959994710059237,0.94630578669035281,0.51135846295686282,0.90845283548423894,0.45008521675311491,0.86260556478962336,0.60588229883386568,0.80345816280703541,0.67666491486674185,0.71824408326419764,0.65919138419103107,0.69367337518954231,0.87910205382754247,0.56087265787977081,0.93511420321017047,0.47635358333407873,0.9127372934171073,0.43142789304084639,0.94910744801517199,0.29948297500247251,0.95143947133738282,0.25979079727161569,0.9284763672923082,0.075605508456008108,0.93001141903976536,0.010155002554886317
"LIRCMOP8_BC",1,90000,90020,441,93,"infeasible_endpoint","AI_train",0,92,0.065738118403588522,2.3515140025548971,0.75811417264560921,0.99273770113099813,0.99440880188358793,0.20624422708375523,0.98922141998927726,0.31190158823001385,0.9685629011527106,0.40982225394787081,0.95130017954390111,0.50543954886987075,0.8679373867829745,0.51952846317714374,0.82882565821816756,0.56766276353559164,0.745901065782545,0.66117545897384666,0.67809116499962352,0.82670846240878126,0.56687781339242505,0.92747377034358558,0.50597934008034084,0.89139449496547718,0.43279339487833962,0.91781520371075453,0.31100772075722954,0.93599162043871031,0.23428391936915993,0.88680855505091638,0.096110717575274396,0.83674802851698038,0.0064325030167770719
"LIRCMOP8_BC",1,90000,90020,441,94,"feasible_endpoint","AF_train",1,54,0.013704839500519532,2.0343839607180056,1.219589221816455,0.81714609805694383,0.96104344175186174,0.12309903188795238,0.94417206571656687,0.23977622532293921,0.93064513774205526,0.39742877439567581,0.90794099273108408,0.36072037060252771,0.93515083372344665,0.55606295164318986,0.81025296095909161,0.5079136946009587,0.80736348596719942,0.6109233467677605,0.74655573593326008,0.76171879270100662,0.66877674300578405,0.76278127054545419,0.63242893944408984,0.81933391080744722,0.53681761723063448,0.77016350510556486,0.52769752699205363,0.85057742359071864,0.41416136718831131,0.85652465405228173,0.35856255479805577,0.85386730345400363,0.30909592501638034
"LIRCMOP8_BC",1,90000,90020,441,94,"infeasible_endpoint","AI_train",0,54,0.013704839500519532,2.0343839607180056,1.2128552188119388,0.81714609805694383,0.96104344175186174,0.12309903188795238,0.94417206571656687,0.23977622532293921,0.93064513774205526,0.39742877439567581,0.90794099273108408,0.36072037060252771,0.93515083372344665,0.55606295164318986,0.81025296095909161,0.5079136946009587,0.80736348596719942,0.6109233467677605,0.74655573593326008,0.76171879270100662,0.66877674300578405,0.76278127054545419,0.63242893944408984,0.81933391080744722,0.53681761723063448,0.77016350510556486,0.52769752699205363,0.85057742359071864,0.43113329754466845,0.85652465405228173,0.35856255479805577,0.85386730345400363,0.30909592501638034
"LIRCMOP8_BC",1,90000,90020,441,95,"feasible_endpoint","AF_train",1,3,0.046979759840423581,0.78728879959218878,2.3427203215787014,0.0056866484126981698,0.89664646676759052,0.0057742440745471302,0.84204998390630514,0,0.96807277825408855,0.085546003930587075,0.86650271957068392,0.018444789165895065,1,0,0.98248246304702558,0,1,0,0.97886397217554211,0.01119323192954047,0.97641025360220746,0,0.99056711819208321,0,0.98757766215592735,0,1,0.010499339250875594,0.96998656127144023,0,0.98256623838207835,0,0.91944612456475827
"LIRCMOP8_BC",1,90000,90020,441,95,"infeasible_endpoint","AI_train",0,3,0.046979759840423581,0.79290788915452259,2.3229502932799191,0.0056866484126981698,0.89611087478979135,0.025095177847372852,0.84371524425338573,0,0.9542986841134905,0.085546003930587075,0.87719007896579881,0.018444789165895065,0.9897365257406705,0,0.98248246304702558,0,1,0,0.97886397217554211,0.01119323192954047,0.97641025360220746,0,0.99056711819208321,0,0.98757766215592735,0,1,0.010499339250875594,0.96998656127144023,0,0.98256623838207835,0,0.91944612456475827
"LIRCMOP8_BC",1,90000,90020,441,96,"feasible_endpoint","AF_train",1,3,0.046979759840423581,0.78728879959218878,2.3427203215787014,0.0056866484126981698,0.89664646676759052,0.0057742440745471302,0.84204998390630514,0,0.96807277825408855,0.085546003930587075,0.86650271957068392,0.018444789165895065,1,0,0.98248246304702558,0,1,0,0.97886397217554211,0.01119323192954047,0.97641025360220746,0,0.99056711819208321,0,0.98757766215592735,0,1,0.010499339250875594,0.96998656127144023,0,0.98256623838207835,0,0.91944612456475827
"LIRCMOP8_BC",1,90000,90020,441,96,"infeasible_endpoint","AI_train",0,3,0.046979759840423581,0.79290788915452259,2.3229502932799191,0.0056866484126981698,0.89611087478979135,0.025095177847372852,0.84371524425338573,0,0.9542986841134905,0.085546003930587075,0.87719007896579881,0.018444789165895065,0.9897365257406705,0,0.98248246304702558,0,1,0,0.97886397217554211,0.01119323192954047,0.97641025360220746,0,0.99056711819208321,0,0.98757766215592735,0,1,0.010499339250875594,0.96998656127144023,0,0.98256623838207835,0,0.91944612456475827
"LIRCMOP8_BC",1,90000,90020,441,97,"feasible_endpoint","AF_train",1,4,0.046996463670666594,0.81029282998859942,2.3345622278064413,0,0.89851794280983621,0.054076054623648138,0.82716032970062503,0,0.87801629419166027,0,0.91777045981398309,0,0.96725337486151453,0,1,0,1,0,1,0,1,0,1,0,1,0,1,0,1,0,1,0.086804742469522772,1
"LIRCMOP8_BC",1,90000,90020,441,97,"infeasible_endpoint","AI_train",0,4,0.046996463670666594,0.79290788915452259,2.3229502932799191,0.0056866484126981698,0.89611087478979135,0.025095177847372852,0.84371524425338573,0,0.9542986841134905,0.085546003930587075,0.87719007896579881,0.018444789165895065,0.9897365257406705,0,0.98248246304702558,0,1,0,0.97886397217554211,0.01119323192954047,0.97641025360220746,0,0.99056711819208321,0,0.98757766215592735,0,1,0.010499339250875594,0.96998656127144023,0,0.98256623838207835,0,0.91944612456475827
"LIRCMOP8_BC",1,90000,90020,441,98,"feasible_endpoint","AF_train",1,21,0.08728616709010692,1.3805431995649133,1.8985821369103559,0.3449354908639059,0.98666809244180009,0.036141754218618281,0.95085608741432148,0.097319357921162711,1,0.089856962504000187,0.94418139823267699,0.13303342888526712,1,0.18832771640906917,1,0.23796561548779538,1,0.24316009113151707,1,0.2222168629839649,0.99647563657273552,0.36542316329976998,0.97071967235183254,0.3890333063927387,0.96758198648378035,0.46060832391174594,0.98018804252108183,0.49055861703347231,0.84989824873824282,0.51288956441488842,0.92854246508237925,0.61850151629503536,0.94398338068211929
"LIRCMOP8_BC",1,90000,90020,441,98,"infeasible_endpoint","AI_train",0,21,0.08728616709010692,1.3424856285900986,1.90211282565738,0.35599534950070955,0.88723336463987745,0.056808796524513837,0.94660808834164878,0.10995107104210838,1,0.13177811523921668,0.93834213214117623,0.16508240949714695,1,0.15063544268126791,0.96973676195291802,0.23483653188277692,0.98196059475084319,0.25282991517924613,0.95712455848186839,0.20980126283768946,0.96118934305542403,0.37944816709139156,0.93765501983667499,0.38871877534779142,0.94820204184731283,0.4596045079309754,0.93742101144272194,0.50086857216528191,0.82498353557966975,0.53013425624105071,0.91609315814486547,0.59249030917140266,0.92137782449435468
"LIRCMOP8_BC",1,90000,90020,441,99,"feasible_endpoint","AF_train",1,61,0.39112011856290063,2.1155963862083005,1.1322092437125106,0.91157419740075318,0.95814818488805176,0.15460053679267666,0.96539992692402821,0.3055711673083385,0.9433312982221963,0.34232060385702667,0.88681536612266576,0.47078413089652221,0.91187567878892639,0.63580746170372215,0.81761323472518377,0.64283652151419901,0.83257086663738877,0.66537842115299806,0.71616976790730946,0.75232560830104944,0.63917060306723794,0.82871083997943595,0.60200291329362765,0.96831400918790411,0.51507691444286186,0.89758589701114133,0.45287350247171843,0.96284869416919161,0.35496590932801153,0.97241609108717664,0.23471474581476037,0.99955051541810125,0.2612274812399849
"LIRCMOP8_BC",1,90000,90020,441,99,"infeasible_endpoint","AI_train",0,61,0.39112011856290063,1.9505905662661205,1.1603253690445139,0.88992383233064976,0.95217697517068323,0.19834087250893329,0.97978322214619462,0.2631527888579358,0.93656484581698995,0.3250053985221566,0.90246958401782729,0.47464340713227665,0.93009463189744013,0.58554041836880866,0.8327853504026711,0.57351509770157016,0.82868888794611717,0.65310456118927096,0.73184711573392924,0.69179800342309838,0.64022094733147838,0.80861393612057297,0.61813734567480683,0.95087006908512739,0.56874577636151358,0.86133171220333138,0.42503911336622435,0.94261170480845258,0.38201417769792284,0.94094600193889633,0.26288980827668451,0.97655976891305951,0.28937944474294708
"LIRCMOP8_BC",1,90000,90020,441,100,"feasible_endpoint","AF_train",1,2,0.028988720760572406,0.73177120490538206,2.3798806654620011,0,0.84276736491858739,0,0.8597988321327581,0,0.90017164382701842,0,0.88565885760577145,0,1,0,1,0,1,0,1,0,1,0,1,0,1,0,1,0,1,0,1,0.051059969550893813,1
"LIRCMOP8_BC",1,90000,90020,441,100,"infeasible_endpoint","AI_train",0,2,0.028988720760572406,0.71834993450532414,2.379635706862115,0,0.90378854250123819,0,0.78537567084666615,0,0.91829990774872494,0,0.92652606997179177,0,1,0,1,0,1,0,1,0,1,0,1,0,1,0,1,0,1,0,1,0.035566746414768063,1
"LIRCMOP8_BC",1,90000,90020,441,101,"feasible_endpoint","AF_train",1,5,0.055370894158824215,0.84635771175078722,2.3066741688512931,0,0.89812939398385838,0.0046892928400026623,0.8308368171908499,0,0.88625452556240403,0,0.91361317989309854,0,0.97348776784773683,0,1,0,1,0,1,0,1,0,1,0.018418767243955803,1,0,1,0,1,0,1,0.1170663517880027,1
"LIRCMOP8_BC",1,90000,90020,441,101,"infeasible_endpoint","AI_train",0,5,0.055370894158824215,0.83068902655407417,2.2881569946925673,0,0.89744903010281241,0,0.82494680282330779,0,0.89831194855084084,0,0.91787256004784945,0,1,0,1,0,1,0,1,0,1,0,1,0,1,0,1,0,1,0,1,0.11179849129307345,1
"LIRCMOP8_BC",1,90000,90020,441,102,"feasible_endpoint","AF_train",1,13,0.12027077985723818,1.1398163152246616,2.1037193552080882,0.25686473077772737,0.96729997261492973,0.077283735091302888,0.88005936258533679,0.069058865464285552,0.94490362343760781,0.087655652726432193,0.88471077067931914,0.099586900583694321,0.92539164754286241,0.15552711224990862,0.98396097794946424,0.17541086301959946,0.97048019696318444,0.21190409786049499,0.9724824098045719,0.20560513313536874,0.96450410423042165,0.28246898974986467,0.92279211909691328,0.30951079409893795,0.9130262749943987,0.30041683400043617,0.92441193537498534,0.34922038093926305,0.87960455237426582,0.40679916018563433,0.88782931628446149,0.48191855326977828,0.86872638406293645
"LIRCMOP8_BC",1,90000,90020,441,102,"infeasible_endpoint","AI_train",0,13,0.12027077985723818,1.1454080665519775,2.0531511504116047,0.17930992011817329,0.91939342428033344,0,0.906728426786367,0.036710811438373812,0.97603286534229694,0.017862279936756265,0.86337823823565207,0.070855176225401259,1,0.16799419206542357,1,0.15016809764830416,0.96913054860959003,0.14446335644959235,1,0.084495377026090682,1,0.16826284214607684,0.97883716208439608,0.17840186649751477,0.96665226580202712,0.25171370909864066,1,0.26687585575168216,0.93921000885239825,0.2582922122863292,0.94792903403971196,0.36415566030536917,1
"LIRCMOP8_BC",1,90000,90020,441,103,"feasible_endpoint","AF_train",1,78,0.045671412796852898,2.2623901321113031,0.91408134818190656,1,1,0.18722009462407585,0.98927891553786318,0.27957964856813633,0.95157580976436873,0.40223335630782303,0.99450711659026469,0.49548635825758519,0.82305577923873319,0.61660271526170729,0.84525126279435048,0.6601671595723444,0.73343380965266114,0.79112792507275287,0.63008630804425603,0.87569592340825375,0.52309738751031665,0.95675312653932565,0.51879923060926725,0.98767989918156718,0.40337450446445056,0.98960271523039389,0.26407390811062437,1,0.20825430039263532,1,0.051785179802492809,1,0
"LIRCMOP8_BC",1,90000,90020,441,103,"infeasible_endpoint","AI_train",0,78,0.045671412796852898,2.2676193511189258,0.89477001902788089,1,0.99868814883613544,0.19070127044272991,1,0.27061947183316437,0.9846510022196403,0.42988274645102809,0.92929487621923945,0.46964571818720469,0.83537594401870607,0.48185002325757542,0.79321675016765381,0.66650753076479297,0.72810291618681267,0.82103142892077796,0.6396967769269255,0.84190913689751956,0.53530898965544293,0.95147532094048803,0.43061630134303785,0.98357868493959111,0.40654025648146475,1,0.26274296244523593,1,0.21028035383770752,1,0.033542226452810409,1,0
"LIRCMOP8_BC",1,90000,90020,441,104,"feasible_endpoint","AF_train",1,10,0.051178419667491329,1.0270956482481755,2.1805215484757534,0.028349947615020854,0.91185378337254441,0.055554012578739882,0.88971548689041091,0.014310233537781783,0.88819247465739015,0,0.92625392482270152,0.01047790556734296,0.98866147695646456,0.11182994730131951,0.97517867173838968,0.079111861197242506,1,0.033336448351487358,1,0.049589300855140461,0.9677432797365173,0.0072806760632802558,0.97063785237766365,0.055911664447325593,0.96861209039293106,0.014272972225499336,0.96205385813682676,0.031300001422398027,0.97966984556117465,0.10404888276752272,0.96186423732188764,0.12988757797971492,0.94415294361147695
"LIRCMOP8_BC",1,90000,90020,441,104,"infeasible_endpoint","AI_train",0,10,0.051178419667491329,1.0079885564771405,2.1927440211709763,0.22470996822020356,0.94261902135506359,0.053137310988603137,0.933858235542813,0.063834966509774854,0.8396043738555834,0.069174081163568324,0.93736306436817307,0.085613058402002992,0.99433073847823228,0.16899333548127046,0.98154106132046248,0.19331549590491481,0.97947136014002145,0.17579666736076638,1,0.17353152132578872,0.94662906544471714,0.22163441015760318,0.92585330161062651,0.25484184821314881,0.94257864009909342,0.25668507026750775,0.91161212829091454,0.27220327030791991,0.88520083136870253,0.33212405143486357,0.88135329387128081,0.37947428278714224,0.88805793670060806
"LIRCMOP8_BC",1,90000,90020,441,105,"feasible_endpoint","AF_train",1,25,0.084078859829957581,1.4906005357097429,1.7994579214550674,0.58479502761698687,0.92614502563340795,0.050009186449474621,0.9035064807371459,0.16258907469779527,0.9366254285036173,0.18992840363835137,0.90326243109399629,0.24631350431678195,0.91496992178156733,0.42015124533016179,0.95085642880559051,0.39348010164657848,0.92311952599157299,0.43052515826266247,0.91397225871933774,0.47469226796919695,0.88373626163913421,0.55175696930463447,0.79206309217212989,0.61246115593635486,0.74020885798945302,0.71944557071849968,0.80853651416915284,0.6728859981210098,0.66348857412525086,0.73236407426105632,0.72731265953225988,0.82550034856663479,0.68694161804333842
"LIRCMOP8_BC",1,90000,90020,441,105,"infeasible_endpoint","AI_train",0,25,0.084078859829957581,1.4935345853027311,1.7636977089514156,0.58479502761698687,0.92545981624055251,0.050009186449474621,0.8959494542775216,0.16258907469779527,0.93363860064722082,0.18992840363835137,0.91884275426405115,0.24631350431678195,0.91496992178156733,0.42015124533016179,0.95085642880559051,0.39348010164657848,0.92311952599157299,0.43052515826266247,0.91397225871933774,0.47469226796919695,0.88373626163913421,0.54468719569408286,0.79206309217212989,0.60458468089804984,0.74020885798945302,0.71931061321720602,0.80853651416915284,0.67023118804953308,0.66348857412525086,0.71313143311311522,0.72731265953225988,0.82368257666871036,0.66058126941983109
"LIRCMOP8_BC",1,90000,90020,441,106,"feasible_endpoint","AF_train",1,42,0.065921731784082047,1.8622386901691583,1.4301950076084027,0.75452672310075941,1,0.13475145182619072,0.96986572844355368,0.22865415917318663,0.95657334352591805,0.25206404905083174,1,0.36745181366326712,0.88998135270726753,0.5293931143303432,0.98271451476114957,0.57068689234169501,0.89263577584604603,0.53402946722635103,0.89170457782354462,0.6205436188202933,0.77033057708686326,0.70581234314193153,0.70021254023114721,0.76005494022581732,0.66288496851999668,0.79084689417113285,0.60272344874504746,0.7184826230659036,0.46980363009539827,0.81232206765015369,0.45168951436310889,0.88221441419896318,0.44357832871369207
"LIRCMOP8_BC",1,90000,90020,441,106,"infeasible_endpoint","AI_train",0,42,0.065921731784082047,1.8572433162425732,1.4022591542174929,0.75452672310075941,1,0.13475145182619072,0.95720549175900604,0.22865415917318663,0.9732160799045908,0.25206404905083174,0.99685946182036289,0.36745181366326712,0.88998135270726753,0.5293931143303432,0.98271451476114957,0.57068689234169501,0.89263577584604603,0.53402946722635103,0.89170457782354462,0.6205436188202933,0.77033057708686326,0.70581234314193153,0.70021254023114721,0.76005494022581732,0.66288496851999668,0.79084689417113285,0.60272344874504746,0.7184826230659036,0.46980363009539827,0.81232206765015369,0.45168951436310889,0.89286001058086784,0.41721798009018474
"LIRCMOP8_BC",1,90000,90020,441,107,"feasible_endpoint","AF_train",1,52,0.092049497460297905,2.0019744127587327,1.2641695125310553,0.83330477518210255,1,0.10177325459906221,0.9579763685046736,0.27522221261096913,0.96636407259211587,0.35694291250342591,1,0.42087525333734732,0.92677436276140268,0.58822057171816744,0.9245618987541081,0.57044931926594233,0.84557119188395702,0.57987228838090998,0.82281977962575559,0.70264819495990027,0.62452248193186621,0.77214927534432964,0.58269579782453607,0.81119000111250616,0.59240212305383411,0.82199462020425584,0.49422303481202584,0.8547928375927738,0.41428354381117449,0.85935128789259863,0.38936327277581001,0.84631046356194439,0.26338553718369451
"LIRCMOP8_BC",1,90000,90020,441,107,"infeasible_endpoint","AI_train",0,52,0.092049497460297905,1.9916907008487277,1.2262948070632453,0.90288511650411751,1,0.10756641230446297,0.9552736910271804,0.27128093666405673,0.99745490253051716,0.4200998728142637,1,0.43919045159338377,0.92977316534408372,0.56300444939557193,0.92713330371934366,0.54370694223253824,0.78912350737295633,0.65855984151389513,0.82115250155261132,0.7707627348967574,0.60163455482330197,0.797787053383056,0.52627101609327109,0.88171547059742905,0.54269193934964022,0.86978724968541132,0.41979068366164385,0.88098793180860024,0.31447135943838156,0.92183827464451307,0.25530269180713328,0.86917705272124568,0.1326829395877826
"LIRCMOP8_BC",1,90000,90020,441,108,"feasible_endpoint","AF_train",1,14,0.041765351470202439,1.1705401170087861,2.0892360001382047,0.37998174136297308,0.96022133007804822,0.12795504351649084,0.89222131471595101,0.094352009217525595,0.8881496728008762,0.13457306641554176,0.92277065731154972,0.16653608593590899,0.88668711730653926,0.20313419970914143,0.96077196877905613,0.23157304329617698,0.96368505467739396,0.32842820325129674,0.93117799699388082,0.31861812971186171,0.97724586937708513,0.35470699725150168,0.9036608339435952,0.40815587779011619,0.80664257848297249,0.44648842192821314,0.9097167548088434,0.4435531601994307,0.8161637499232457,0.5234231766899522,0.85343127000295893,0.54798308976530175,0.85643176926278308
"LIRCMOP8_BC",1,90000,90020,441,108,"infeasible_endpoint","AI_train",0,14,0.041765351470202439,1.171610104354865,2.0709124452556731,0.37998174136297308,0.95578053708096411,0.12696640937314121,0.92186178319736267,0.094352009217525595,0.8678374643780371,0.13457306641554176,0.93736746341422894,0.16653608593590899,0.88408675679431803,0.23501344474784408,0.95036452661278792,0.25951746653616431,0.96368505467739396,0.3196264234532985,0.93117799699388082,0.31861812971186171,0.96349636713012132,0.35470699725150168,0.9036608339435952,0.40433248362025309,0.80785390712663996,0.44648842192821314,0.9097167548088434,0.42852148645318844,0.8161637499232457,0.50513151580322979,0.85343127000295893,0.55462362316176195,0.86357960241840126
"LIRCMOP8_BC",1,90000,90020,441,109,"feasible_endpoint","AF_train",1,8,0.033185982665192369,0.95497333198505407,2.2352263188106516,0.13190628033381796,0.91818548653280263,0.080393552187657577,0.87902027982642994,0.046073668576915618,0.88086616456744316,0.066703629640695705,0.96694822625842292,0.069369345445938757,0.98001659630738291,0.12262080076935605,0.94452649107820574,0.1237704624156464,0.97596422091190094,0.096352599667361871,0.97034241934260013,0.13219788851533679,0.9807944602738774,0.10761486684519531,0.97735495870373668,0.13906913410275354,0.91116861017747552,0.14006972689888486,0.96431961697710955,0.1632574049694317,0.92729564212954463,0.23785213937462546,0.94392016826560055,0.21648127652162813,0.92232707653721513
"LIRCMOP8_BC",1,90000,90020,441,109,"infeasible_endpoint","AI_train",0,8,0.033185982665192369,0.95982273406749308,2.2211981469229545,0.082895657671853445,0.89590391252787283,0.09127189393788751,0.88469276692537613,0.042103133109450325,0.91723844248051423,0.033351814820347853,0.90263473694667273,0.035129259586777428,0.9884489495252029,0.061310400384678027,0.93409359579867512,0.061885231207823202,0.98326703194795573,0.090266239203878829,0.973593734542892,0.094124583006796617,0.97922931890285081,0.073300770857660305,0.97545402823846949,0.12346576646026274,0.95558430508873782,0.076750007756437311,0.96377988897001976,0.11024145166309088,0.94762274006544578,0.19894032440088949,0.97196008413280022,0.15557349215913782,0.95856677422946113
"LIRCMOP8_BC",1,90000,90020,441,110,"feasible_endpoint","AF_train",1,14,0.11193086886497189,1.1705401170087861,2.0892360001382047,0.37998174136297308,0.96022133007804822,0.12795504351649084,0.89222131471595101,0.094352009217525595,0.8881496728008762,0.13457306641554176,0.92277065731154972,0.16653608593590899,0.88668711730653926,0.20313419970914143,0.96077196877905613,0.23157304329617698,0.96368505467739396,0.32842820325129674,0.93117799699388082,0.31861812971186171,0.97724586937708513,0.35470699725150168,0.9036608339435952,0.40815587779011619,0.80664257848297249,0.44648842192821314,0.9097167548088434,0.4435531601994307,0.8161637499232457,0.5234231766899522,0.85343127000295893,0.54798308976530175,0.85643176926278308
"LIRCMOP8_BC",1,90000,90020,441,110,"infeasible_endpoint","AI_train",0,14,0.11193086886497189,1.1954169497149549,2.0484759354795767,0.39126549562730556,0.97034035253081341,0.099844123533336118,0.85994066536691338,0.11330446352872481,0.91900516758338924,0.16141522993577759,0.9379044210874139,0.20552305486702938,0.91257196771399385,0.17330906878851396,1,0.22748999267851103,0.93770803789183499,0.33062112885990402,0.92697063170601157,0.33919383085591231,0.9890141168045965,0.3536741782819709,0.89446478615840919,0.39589169707791599,0.82247815200570573,0.46976922155493067,0.87133100968938137,0.48342596073843802,0.78493166901890921,0.53961296315540896,0.85786850773984769,0.52491273890322576,0.82827716859465561
"LIRCMOP8_BC",1,90000,90020,441,111,"feasible_endpoint","AF_train",1,10,0.049102337739748141,1.0270956482481755,2.1805215484757534,0.028349947615020854,0.91185378337254441,0.055554012578739882,0.88971548689041091,0.014310233537781783,0.88819247465739015,0,0.92625392482270152,0.01047790556734296,0.98866147695646456,0.11182994730131951,0.97517867173838968,0.079111861197242506,1,0.033336448351487358,1,0.049589300855140461,0.9677432797365173,0.0072806760632802558,0.97063785237766365,0.055911664447325593,0.96861209039293106,0.014272972225499336,0.96205385813682676,0.031300001422398027,0.97966984556117465,0.10404888276752272,0.96186423732188764,0.12988757797971492,0.94415294361147695
"LIRCMOP8_BC",1,90000,90020,441,111,"infeasible_endpoint","AI_train",0,10,0.049102337739748141,1.0445299492003892,2.1674925507292642,0.20371330141314381,0.85695379403118099,0,0.87187006621039187,0.029814847318526072,0.93280934175569941,0.031857008174395678,0.93759840587353116,0.093554069529282288,0.97646377129574202,0.17472372597085528,0.98704781921828078,0.153114335718641,0.98776631808273008,0.17478244060946518,0.98596429738838298,0.16182029790403746,0.98599985217810948,0.16109093028694083,1,0.21094132341237717,0.92036580713801086,0.25745475914263816,0.95179871973885855,0.27178781606914038,0.91801681332484486,0.3289082735614457,0.95350974675919753,0.34846259602865626,0.93245147111968596
"LIRCMOP8_BC",1,90000,90020,441,112,"feasible_endpoint","AF_train",1,36,0.033683109999531613,1.7345591563485689,1.5689894378991232,0.66330347120373534,0.98056337017359174,0.09069120169419663,0.93524609311033835,0.20770516163647981,1,0.28216980875966485,0.95496502652049053,0.30046365969051869,0.88252448644697878,0.43137012114975515,0.96426234593886972,0.5060242017970995,0.91020014206990019,0.41570778641507244,0.88521382276567429,0.53012728738158876,0.824106553431184,0.64125408422802777,0.7205316671949018,0.71199931095505908,0.68112930201126221,0.71549010263244384,0.71294369532751412,0.70743682103732786,0.52229383440875288,0.70058108451024004,0.58125502542355656,0.82245290968329621,0.56111479358063243
"LIRCMOP8_BC",1,90000,90020,441,112,"infeasible_endpoint","AI_train",0,36,0.033683109999531613,1.7198168101103846,1.5645861153430363,0.66330347120373534,0.96743035863728966,0.063653174382372557,0.9464621341014815,0.20770516163647981,1,0.28216980875966485,0.92018836406669269,0.30046365969051869,0.89889779901622147,0.43137012114975515,0.96426234593886972,0.5060242017970995,0.91020014206990019,0.41570778641507244,0.88521382276567429,0.53012728738158876,0.824106553431184,0.64125408422802777,0.7205316671949018,0.7198757859933641,0.68112930201126221,0.7156250601337375,0.71294369532751412,0.71009163110880458,0.52229383440875288,0.71981372565818114,0.58125502542355656,0.81704389150381074,0.56111479358063243
"LIRCMOP8_BC",1,90000,90020,441,113,"feasible_endpoint","AF_train",1,15,0.13277570097549582,1.1881587224372037,2.0642932915636969,0.41011253735665804,0.9528094127056721,0.10371943528935165,0.87530719209948948,0.10664291664801825,0.93323336287722947,0.15227833057173612,0.92683157913289271,0.18515902585400057,0.91537241567816297,0.22077715282907387,0.9169730446632286,0.28723747112117759,0.95336432987117381,0.30293975713410615,0.93155234684600763,0.35324319808929083,0.9233684495063903,0.3700528023530526,0.92929020906091941,0.42856434047673642,0.77248615622101413,0.46406658052559713,0.86636255183938782,0.45581995522180596,0.76358735249905552,0.52532602854062405,0.81467716307077565,0.55763627393956794,0.76708456463596841
"LIRCMOP8_BC",1,90000,90020,441,113,"infeasible_endpoint","AI_train",0,15,0.13277570097549582,1.1605558568412759,2.0151122497736962,0.34535180081881928,0.95735348303349888,0.11293324626909788,0.8706279360468816,0.082438226215909155,0.93514462062580439,0.10711867693125574,0.92726748466855669,0.1503622931786277,0.93599191757308453,0.18755044379256566,0.94433940051258092,0.26028317394697592,0.98542831105866324,0.23306841374079923,0.97949055595406109,0.28049941813587131,0.96037267650075075,0.32117463643317756,0.97597551985734499,0.37265013456568902,0.84091653542473088,0.41111752211729491,0.95085824447329381,0.37326630087403534,0.83920781744492512,0.46249046465289417,0.89471546108200128,0.50277990076683343,0.87076747905735874
"LIRCMOP8_BC",1,90000,90020,441,114,"feasible_endpoint","AF_train",1,12,0.10171881457663445,1.1168505188771467,2.1234945502209923,0.26478778591398267,0.92452364769673945,0,0.8751601284123145,0.066817873406327291,0.9877749865194505,0.081691322794683427,0.86915514389737469,0.16148421952547709,0.98209635811371787,0.16095592873651987,1,0.1801959325158132,0.93762184353159217,0.20423099576086162,0.99256784991877944,0.19677451990788761,1,0.236394269605322,0.95628131468183653,0.23260074925046514,0.89554893031132177,0.36274327159041531,0.9806695283531488,0.31278219906203142,0.88665535690848341,0.34552528954289263,0.88561155010061554,0.44390885340851066,0.92932156345830885
"LIRCMOP8_BC",1,90000,90020,441,114,"infeasible_endpoint","AI_train",0,12,0.10171881457663445,1.0743135944544209,2.11120730143739,0.27175533042594791,0.98812500468956199,0.026996969237050181,0.85145703308618015,0.057823160824048037,0.97376144921573982,0.073848751436554283,0.96923302851439397,0.13358031926824002,1,0.1680948880330389,1,0.20282488130074183,1,0.20235449433270492,1,0.20790522350199514,0.97943945168591962,0.24182195991513489,0.94203003441193289,0.29407856665149379,0.93583964271097664,0.29313284611110341,0.95913944897039971,0.29304605019972019,0.7860919100630831,0.35579201872791133,0.89375137691618289,0.44714883083413626,0.93453852697417439
"LIRCMOP8_BC",1,90000,90020,441,115,"feasible_endpoint","AF_train",1,83,0.037193176253896246,2.2950459328791748,0.86846834418836938,0.93106155714946981,0.98970875040118611,0.18401122194289352,0.975500827080236,0.31223194744262472,0.96218024350137599,0.48420029827562105,0.92227604331389768,0.42396553408526466,0.88185367195766629,0.55571917937556004,0.82702115061085779,0.61897465865482504,0.76630003861887563,0.62488873133323974,0.73854905930910952,0.82818941901554155,0.61187625055796735,0.89419158742809368,0.5411952067354876,0.87325125860611652,0.48874143600040648,0.91283950395644453,0.39160301401484876,0.91640826981981538,0.31244328311439967,0.90293679949353167,0.18223910191023673,0.88817605016480095,0.11382913199021932
"LIRCMOP8_BC",1,90000,90020,441,115,"infeasible_endpoint","AI_train",0,83,0.037193176253896246,2.2877751388163299,0.85360669030522007,0.96666467297969771,0.99785467669922245,0.17682591830588296,0.99867343693573796,0.35589932615127201,0.92125127480458113,0.49270818903001989,0.93499583349713178,0.4783004355621161,0.87873766502696427,0.57119330483595188,0.80500275262859922,0.65648087564344004,0.76226528635144775,0.71288400130326912,0.70941251332697397,0.80186624241424731,0.59763838511808798,0.92928120486852994,0.54144245806728553,0.9338767917315155,0.46123350338319558,0.98250690706341826,0.35455877221116899,0.97784908444757757,0.29326562903364606,1,0.1749735024380942,1,0.10592896603247084
"LIRCMOP8_BC",1,90000,90020,441,116,"feasible_endpoint","AF_train",1,28,0.018063812656201009,1.5617062589209418,1.7344757215933824,0.60998427827610957,0.96280257318877038,0.10823506972107935,0.89732773530331822,0.25888726220062219,0.96481944379980833,0.17101372345831911,0.85934287662114972,0.31717504883863773,0.94232761594921355,0.37745305461292539,0.90320755510092054,0.45157876907405198,0.95990731138882368,0.46133032115373995,0.87339834139969597,0.50341921752406971,0.82000454688757607,0.58992726094988068,0.74484230876741686,0.68766190654252379,0.73262885641485243,0.68649667565115191,0.73224664984650434,0.71092452074747725,0.62153470576079517,0.72342296285219843,0.66581977110797474,0.82791023954865861,0.5064850756428767
"LIRCMOP8_BC",1,90000,90020,441,116,"infeasible_endpoint","AI_train",0,28,0.018063812656201009,1.5617062589209418,1.7259367838620201,0.60998427827610957,0.96280257318877038,0.10823506972107935,0.89732773530331822,0.25888726220062219,0.96481944379980833,0.17101372345831911,0.85934287662114972,0.31717504883863773,0.94232761594921355,0.37745305461292539,0.90320755510092054,0.45157876907405198,0.85133035589545802,0.46133032115373995,0.87339834139969597,0.50341921752406971,0.82000454688757607,0.58992726094988068,0.74484230876741686,0.68766190654252379,0.73262885641485243,0.68649667565115191,0.73224664984650434,0.71092452074747725,0.62153470576079517,0.72342296285219843,0.66581977110797474,0.82791023954865861,0.5064850756428767
"LIRCMOP8_BC",1,90000,90020,441,117,"feasible_endpoint","AF_train",1,33,0.30814174850024306,1.6845001061823692,1.611070096766011,0.61949112917344396,0.97706207545639101,0.080635189134339369,0.90493351595861271,0.16377918777445544,0.93391032952395325,0.15828501627722696,0.95775111350773323,0.18334915699166954,0.89617299248152404,0.43568252857564732,0.91272270548901191,0.42240600352618213,0.90561320693395242,0.45818076790987239,0.92555297301240746,0.55299616309034672,0.8563358711839395,0.57394078847231467,0.79081618046538371,0.70648614726905801,0.72257378852964849,0.67918863842289801,0.75610326026717289,0.69025159168865935,0.59578990757436068,0.81003450969153123,0.62691113896092543,0.86111504767278868,0.6260345067096047
"LIRCMOP8_BC",1,90000,90020,441,117,"infeasible_endpoint","AI_train",0,33,0.30814174850024306,1.6152094756198807,1.5015026736607426,0.64312109533040673,0.98867754659462781,0.088177199069468512,0.93574073304994254,0.18459239679819073,0.95011023676088913,0.19156646730715091,0.98848188241075219,0.21261760224997484,0.88848211634197316,0.45393784696450096,0.89902137744056576,0.44040376273035559,0.89247472795193783,0.46799339038393606,0.90383598107205743,0.57624009794297004,0.84059188212889757,0.59526110465399129,0.7622607323107905,0.71739763841645654,0.69550174962907985,0.69104845854667363,0.72135351439470707,0.71251680609471124,0.56921622658971627,0.81003450969153123,0.58594745978005458,0.80257989935664842,0.57885057310539523
"LIRCMOP8_BC",1,90000,90020,441,118,"feasible_endpoint","AF_train",1,87,0.02906570425059345,2.3229476997082479,0.82284833489364961,0.99607604309754205,0.98753428717510428,0.22253725105865987,0.98389528388219971,0.30473441124146983,0.97365371382771315,0.45020511209463282,0.89691728761345668,0.4234293383397234,0.86238663054445808,0.66291679138923232,0.83431679911753398,0.65888828694334256,0.74948644592201608,0.7219833275374784,0.67891521458607329,0.85301050372826415,0.54539506919011216,0.93852107804732121,0.47438952061636486,1,0.45000417794342856,0.96027067839491309,0.27585833065506182,0.98073736027314107,0.26918498834056959,0.96847140038218216,0.09098180844908027,1,0.0088272099807850009
"LIRCMOP8_BC",1,90000,90020,441,118,"infeasible_endpoint","AI_train",0,87,0.02906570425059345,2.3105104907687366,0.82784733219283912,0.94840218987223845,0.99024525462162638,0.18254844999876901,0.98655930461906993,0.31041523043130537,0.96680663472877615,0.54506296537178212,0.93604225251221773,0.49271656654620444,0.8621522669141557,0.50933496730295302,0.81592019095229618,0.61974496376072219,0.75587979372425385,0.63651210321912388,0.69321611688884499,0.81177348929793125,0.61306465316372782,0.86487151477191038,0.56365950108260232,0.87003738182153778,0.47364032912051945,0.93633067362589228,0.37058115768490207,0.92661545852674077,0.27412011204247039,0.95566136272213265,0.19799837015346125,0.92786392208271218,0.092870184837366504
"LIRCMOP8_BC",1,90000,90020,441,119,"feasible_endpoint","AF_train",1,20,0.20659810052610075,1.3383813354926724,1.9337884558925451,0.38681277234958888,0.93820452093401596,0.0024474043887723063,0.89839971945135533,0.10095999056578286,0.94676915599186118,0.092073140104482892,0.96243840538859105,0.2142900100463638,0.97990776012369063,0.29158709421478557,1,0.3147418656418875,0.96902798854537031,0.29459086365297693,0.98620289785659243,0.30177506388941422,0.9718344346188541,0.35124410034998765,0.88133026304757922,0.44140574278921946,0.83800980290235205,0.47361467316470252,0.93939453935724537,0.41409676766386205,0.7891471253487895,0.48719834347296176,0.85750881643517873,0.57177341479487842,0.87909166517275705
"LIRCMOP8_BC",1,90000,90020,441,119,"infeasible_endpoint","AI_train",0,20,0.20659810052610075,1.2707606721090117,1.9900970435632719,0.37263779854207846,0.93245354964306126,0,0.87976379946908001,0.09380487379689198,0.95608973671224695,0.092073140104482892,0.97508507134553413,0.20905105726269232,0.98557702164545835,0.25762545345661197,0.96559224623960027,0.27518593504326627,0.96902798854537031,0.28672441927523146,0.98620289785659243,0.27698041346184399,0.98796279475059545,0.34760376231834755,0.89601133685874745,0.43600483068946849,0.85249242906221911,0.46647818705195288,0.95836761028883199,0.41347844069890533,0.79931220256820223,0.47113727693368512,0.87657669777423486,0.5675464102716159,0.89986736021140046
"LIRCMOP8_BC",1,90000,90020,441,120,"feasible_endpoint","AF_train",1,59,0.14424301670150019,2.0969607026306978,1.1457624097828898,0.83278784105493642,0.99069994753875656,0.11261735001285925,0.95970073295520331,0.19420627944720867,0.96817024959076114,0.45041988729724824,0.95824682072580059,0.3578611114111141,0.88321636118353575,0.49822497572470043,0.88734558186744306,0.51758851434755593,0.82300142496390161,0.60076735975595508,0.82846622671955905,0.65731742094061163,0.67247781443055066,0.81638183647733875,0.64345864912070871,0.86162991909434905,0.59722578259296144,0.87658014345932123,0.53210812911215477,0.82906515510751777,0.43955023011818717,0.81993599298270969,0.401420013355891,0.89310271040354783,0.29183349368091815
"LIRCMOP8_BC",1,90000,90020,441,120,"infeasible_endpoint","AI_train",0,59,0.14424301670150019,2.0349529011015264,1.1384119251268985,0.8329062506269439,1,0.13666869804544887,0.95773506038362455,0.19442203013137463,0.97058964685791804,0.45041988729724824,0.96287541336371107,0.3578611114111141,0.88321636118353575,0.51678533455403475,0.87982437869887131,0.54508602603452294,0.82050028592874646,0.60533128982494744,0.8269045937223507,0.67409524210437388,0.67196778404053847,0.81640891689708261,0.64345864912070871,0.88178342236019058,0.59722578259296144,0.88158643522107738,0.52967407022845214,0.84558660792248008,0.43923582218537222,0.85293209013360149,0.40120803318052378,0.92969498358937641,0.28390406370209598
"LIRCMOP8_BC",1,90000,90020,441,121,"feasible_endpoint","AF_train",1,30,0.13240334211590915,1.6151740990758967,1.6811223766303462,0.64063943672727741,0.98310977459919535,0.060608898952784672,0.90996723759852549,0.14735428654334784,0.94290828555349548,0.29171610086825306,0.92597690861394777,0.2245990462108533,0.92410727129119441,0.42167689393856755,0.9508465923217635,0.47659047932466148,0.90515453347220398,0.4685489887851344,0.94729919225987147,0.50272162567385892,0.82880851120999544,0.57499491957513782,0.81452419150901667,0.72557190746748468,0.64378295594496926,0.6714031089635577,0.7295142944868831,0.73882020842189677,0.64513987386416416,0.76834389425730387,0.63366093667207724,0.84627934520465997,0.61423306804484556
"LIRCMOP8_BC",1,90000,90020,441,121,"infeasible_endpoint","AI_train",0,30,0.13240334211590915,1.6102540583332092,1.6254439512349346,0.58669125676159994,0.98526367717904062,0.05027732699285882,0.91894551474126707,0.11793936237049787,0.95698872491893394,0.26420275472799232,0.93130266588371957,0.17477350842640613,0.93435927249044615,0.37185858190528626,0.95311944871183307,0.42721096691319471,0.90295304244464192,0.46984539892078275,0.95101526730048169,0.44725321645132576,0.83568326233347734,0.52415469797082481,0.82231960537376381,0.67863535702485678,0.67721128333171077,0.60824281673886982,0.7391795303103087,0.68042649102057606,0.69887958415658202,0.75619184975119735,0.66414952706352648,0.81307445436079617,0.64957228631569119
"LIRCMOP8_BC",1,90000,90020,441,122,"feasible_endpoint","AF_train",1,87,0.011796831876415188,2.3229476997082479,0.82284833489364961,0.99607604309754205,0.98753428717510428,0.22253725105865987,0.98389528388219971,0.30473441124146983,0.97365371382771315,0.45020511209463282,0.89691728761345668,0.4234293383397234,0.86238663054445808,0.66291679138923232,0.83431679911753398,0.65888828694334256,0.74948644592201608,0.7219833275374784,0.67891521458607329,0.85301050372826415,0.54539506919011216,0.93852107804732121,0.47438952061636486,1,0.45000417794342856,0.96027067839491309,0.27585833065506182,0.98073736027314107,0.26918498834056959,0.96847140038218216,0.09098180844908027,1,0.0088272099807850009
"LIRCMOP8_BC",1,90000,90020,441,122,"infeasible_endpoint","AI_train",0,87,0.011796831876415188,2.3217918332230503,0.81701177959914473,0.99393100895078723,0.99909119638310162,0.19664691419092054,0.99522970405397726,0.22117144475661207,0.96587483643567218,0.46164206645562506,0.94276241298135022,0.41473386439827875,0.85241207262479413,0.6026118198659226,0.82903390882131656,0.71183040512993001,0.74696990796125706,0.77376658830949929,0.69662475802599033,0.78231069621203964,0.53066906073454767,0.96574749774510882,0.49340613209088507,1,0.45173395850629849,0.93809834454700014,0.32742302515775445,0.99493211228285861,0.25871460837965593,0.99835925064015552,0.10794172222533693,0.99380821510509199,0.018568502314542268
"LIRCMOP8_BC",1,90000,90020,441,123,"feasible_endpoint","AF_train",1,44,0.073176621883226156,1.8890619577713961,1.3921880841044323,0.77667344131632565,1,0.088376851428138475,0.95833676500586751,0.2462957434657399,0.96310508775497006,0.31020894323709713,1,0.36010151759306469,0.88098350807809533,0.54120556572634659,0.9610099489326428,0.56135815332271877,0.87475117428852545,0.52878322266482558,0.88838496877149109,0.66317367406369709,0.76202689570565196,0.72167859135104739,0.67102333966489625,0.80101667847052016,0.63276240208162848,0.8055498665517995,0.58456470099984159,0.76168970919172374,0.43340486605887046,0.82641775040594667,0.41910640956597789,0.85836856303157782,0.40435539362343798
"LIRCMOP8_BC",1,90000,90020,441,123,"infeasible_endpoint","AI_train",0,44,0.073176621883226156,1.8963090218814223,1.3616316352156081,0.77667344131632565,1,0.10806032095973246,0.96916538099489968,0.2462957434657399,0.96709780509773136,0.31020894323709713,0.99499899341037512,0.36010151759306469,0.88098350807809533,0.56315889861883273,0.95299043790737492,0.56135815332271877,0.87475117428852545,0.53758500246282381,0.88838496877149109,0.66317367406369709,0.76202689570565196,0.72167859135104739,0.67102333966489625,0.82357159859443196,0.63155107343796102,0.8055498665517995,0.58456470099984159,0.776721382937966,0.43340486605887046,0.91391003259758419,0.41910640956597789,0.85522740099108008,0.39720756046781985
"LIRCMOP8_BC",1,90000,90020,441,124,"feasible_endpoint","AF_train",1,69,0.0041725652916738401,2.1878343428292779,1.0195014251721812,0.93612910616094491,1,0.13232255701617038,0.91151041002340549,0.26065037788601275,1,0.50777205241159418,0.93711990114342214,0.40924004387091018,0.87596160727511019,0.49697846013080343,0.88048801335898341,0.57503282425485569,0.73264148453098388,0.69881093519468773,0.76434690623562485,0.81489658575734047,0.63328295097445342,0.81081468525857392,0.53910857251908428,0.93541732788129106,0.49606158464255162,0.89987026749251431,0.36800259242119621,0.91144898080044201,0.31250987149735199,0.93715237449761934,0.13914496289104172,0.89298116555621143,0.096276595696984851
"LIRCMOP8_BC",1,90000,90020,441,124,"infeasible_endpoint","AI_train",0,69,0.0041725652916738401,2.184970385084382,1.0195014251721812,0.93612910616094491,1,0.13232255701617038,0.91151041002340549,0.26065037788601275,1,0.50777205241159418,0.93711990114342214,0.42168032040144654,0.87596160727511019,0.49697846013080343,0.88048801335898341,0.57503282425485569,0.73264148453098388,0.69881093519468773,0.76434690623562485,0.81489658575734047,0.63328295097445342,0.81081468525857392,0.53910857251908428,0.93541732788129106,0.49606158464255162,0.89987026749251431,0.36800259242119621,0.91144898080044201,0.31250987149735199,0.93715237449761934,0.13914496289104172,0.89298116555621143,0.096276595696984851
"LIRCMOP8_BC",1,90000,90020,441,125,"feasible_endpoint","AF_train",1,69,0.0041725652916738401,2.1878343428292779,1.0195014251721812,0.93612910616094491,1,0.13232255701617038,0.91151041002340549,0.26065037788601275,1,0.50777205241159418,0.93711990114342214,0.40924004387091018,0.87596160727511019,0.49697846013080343,0.88048801335898341,0.57503282425485569,0.73264148453098388,0.69881093519468773,0.76434690623562485,0.81489658575734047,0.63328295097445342,0.81081468525857392,0.53910857251908428,0.93541732788129106,0.49606158464255162,0.89987026749251431,0.36800259242119621,0.91144898080044201,0.31250987149735199,0.93715237449761934,0.13914496289104172,0.89298116555621143,0.096276595696984851
"LIRCMOP8_BC",1,90000,90020,441,125,"infeasible_endpoint","AI_train",0,69,0.0041725652916738401,2.184970385084382,1.0195014251721812,0.93612910616094491,1,0.13232255701617038,0.91151041002340549,0.26065037788601275,1,0.50777205241159418,0.93711990114342214,0.42168032040144654,0.87596160727511019,0.49697846013080343,0.88048801335898341,0.57503282425485569,0.73264148453098388,0.69881093519468773,0.76434690623562485,0.81489658575734047,0.63328295097445342,0.81081468525857392,0.53910857251908428,0.93541732788129106,0.49606158464255162,0.89987026749251431,0.36800259242119621,0.91144898080044201,0.31250987149735199,0.93715237449761934,0.13914496289104172,0.89298116555621143,0.096276595696984851
"LIRCMOP8_BC",1,90000,90020,441,126,"feasible_endpoint","AF_train",1,68,0.036644695023095038,2.184615271987945,1.0357305329820625,0.92652034993018106,1,0.26464016506214361,1,0.24908287783880512,0.94751933088939821,0.37851911481759193,0.96368638775445614,0.3545442006407733,0.86846839863416625,0.58310322603083486,0.81654407777999793,0.61085305252292843,0.776098901538957,0.67920272271602111,0.77323389727778502,0.7631600748710099,0.59594702592210447,0.89865359823677848,0.56635553763827218,0.97066064842487154,0.56115461485328932,0.88234146692240978,0.374893853414346,0.98027433440959344,0.33513646534972658,0.9784413813936097,0.22048660483640625,1,0.16950810230037094
"LIRCMOP8_BC",1,90000,90020,441,126,"infeasible_endpoint","AI_train",0,68,0.036644695023095038,2.184970385084382,1.0195014251721812,0.93612910616094491,1,0.13232255701617038,0.91151041002340549,0.26065037788601275,1,0.50777205241159418,0.93711990114342214,0.42168032040144654,0.87596160727511019,0.49697846013080343,0.88048801335898341,0.57503282425485569,0.73264148453098388,0.69881093519468773,0.76434690623562485,0.81489658575734047,0.63328295097445342,0.81081468525857392,0.53910857251908428,0.93541732788129106,0.49606158464255162,0.89987026749251431,0.36800259242119621,0.91144898080044201,0.31250987149735199,0.93715237449761934,0.13914496289104172,0.89298116555621143,0.096276595696984851
"LIRCMOP8_BC",1,90000,90020,441,127,"feasible_endpoint","AF_train",1,20,0.2270984033056018,1.3383813354926724,1.9337884558925451,0.38681277234958888,0.93820452093401596,0.0024474043887723063,0.89839971945135533,0.10095999056578286,0.94676915599186118,0.092073140104482892,0.96243840538859105,0.2142900100463638,0.97990776012369063,0.29158709421478557,1,0.3147418656418875,0.96902798854537031,0.29459086365297693,0.98620289785659243,0.30177506388941422,0.9718344346188541,0.35124410034998765,0.88133026304757922,0.44140574278921946,0.83800980290235205,0.47361467316470252,0.93939453935724537,0.41409676766386205,0.7891471253487895,0.48719834347296176,0.85750881643517873,0.57177341479487842,0.87909166517275705
"LIRCMOP8_BC",1,90000,90020,441,127,"infeasible_endpoint","AI_train",0,20,0.2270984033056018,1.354981353458238,1.840075902009525,0.44370029586776655,0.93733175211554243,0.00053711432764447925,0.87591685724771273,0.12083978388357766,0.94676915599186118,0.14507882345211798,0.95361801018723669,0.26401790130243519,1,0.29530308985634079,0.98992869833208585,0.32283758655300032,0.9253117962238433,0.35246452642239301,0.94781713241112397,0.37200185915095402,0.90327905835265343,0.40946518068434606,0.84177447598473276,0.47539642995230058,0.825034123030707,0.52260654324862155,0.86311223319526909,0.48951768014911168,0.75484331862319576,0.52852675669840177,0.79927474243868346,0.57805912967703854,0.77021523340516684
"LIRCMOP8_BC",1,90000,90020,441,128,"feasible_endpoint","AF_train",1,54,0.019397412626272328,2.0343839607180056,1.219589221816455,0.81714609805694383,0.96104344175186174,0.12309903188795238,0.94417206571656687,0.23977622532293921,0.93064513774205526,0.39742877439567581,0.90794099273108408,0.36072037060252771,0.93515083372344665,0.55606295164318986,0.81025296095909161,0.5079136946009587,0.80736348596719942,0.6109233467677605,0.74655573593326008,0.76171879270100662,0.66877674300578405,0.76278127054545419,0.63242893944408984,0.81933391080744722,0.53681761723063448,0.77016350510556486,0.52769752699205363,0.85057742359071864,0.41416136718831131,0.85652465405228173,0.35856255479805577,0.85386730345400363,0.30909592501638034
"LIRCMOP8_BC",1,90000,90020,441,128,"infeasible_endpoint","AI_train",0,54,0.019397412626272328,2.0334261293141971,1.2105459827340082,0.81886295405365828,0.9607301231992853,0.12214572059257101,0.95657218507668285,0.24903946279128086,0.9293098934638826,0.39742877439567581,0.91303611478015712,0.3677461333322839,0.93515083372344665,0.5641130640071409,0.8117877464534371,0.51035206283711809,0.80986462500235445,0.61885479010666289,0.74738834915553043,0.75884466243283877,0.66190073715073527,0.76275419012571033,0.63242893944408984,0.82699551636186519,0.53681761723063448,0.76556843351645831,0.52320180563890895,0.84881371878290934,0.41447577512112627,0.87052913827792577,0.34642658401794596,0.86317000583974368,0.31490959725492357
"LIRCMOP8_BC",1,90000,90020,441,129,"feasible_endpoint","AF_train",1,18,0.10226988293107919,1.3025917603053345,1.9692182618605227,0.30041495048257205,0.9658108618545036,0.022411113155638714,0.92624220014799397,0.11049384206832058,1,0.095083923012831653,0.90363768570274616,0.13675700209540023,1,0.12854286519207125,1,0.2426781219377509,1,0.2219365485570538,1,0.22849299232976295,1,0.28712100056189871,0.930455615886428,0.33285127726507507,0.96323732828984321,0.43539948667687217,0.98978852135090833,0.43145953453681241,0.89317809757180977,0.46185947349776635,0.96256491878073269,0.54688051162775864,0.98615179253684615
"LIRCMOP8_BC",1,90000,90020,441,129,"infeasible_endpoint","AI_train",0,18,0.10226988293107919,1.2660471283113162,1.9443291162575003,0.31879009589368146,0.96335109678040709,0,0.93283433035399099,0.13046004548003692,1,0.12603811696299086,0.87474965582746234,0.16321718071155383,1,0.16849306938159447,0.9965498143446796,0.27062856215180231,0.99430853314184364,0.22353757139868308,0.98522667849919454,0.23565763438430254,0.97081298226867552,0.29006875701241974,0.89052165481412038,0.32824404056746098,0.98102382163239255,0.45653754367435873,0.95825884511909165,0.42829786697338834,0.8903436036079494,0.45760099086721256,0.86298718579633038,0.53543152647646575,0.95171500009847076
"LIRCMOP8_BC",1,90000,90020,441,130,"feasible_endpoint","AF_train",1,72,0.017527798452474232,2.2183042287852128,0.97719345318531992,0.87047852692432248,0.99201708870948258,0.14440827006457463,0.96876813606125511,0.29033705493965484,0.95409621308349979,0.45299397851773143,0.9342452967836532,0.41128378750228473,0.89665841318463002,0.52764142354212729,0.85468597538208491,0.5948683299120221,0.79583830982622461,0.56776910593736352,0.76824676040543394,0.74771989898247226,0.65226828261657244,0.82830846977628725,0.59711135831906581,0.81197464733458424,0.54483899492127974,0.88159097414268972,0.48009909311539084,0.85339515692643841,0.3760900076795306,0.85512600746065237,0.26997400037710295,0.84622094231495626,0.20736582884278074
"LIRCMOP8_BC",1,90000,90020,441,130,"infeasible_endpoint","AI_train",0,72,0.017527798452474232,2.2097723369515379,0.97670203309199799,1,0.99474338099674708,0.18369944959672688,1,0.30811378065217909,0.97097276604112714,0.47393621172232747,0.95234390200385566,0.48348895212302151,0.82568502841852531,0.60116347761441058,0.79500577771880598,0.66768996045697215,0.72484948222907641,0.79802449269317255,0.62899923416071746,0.8132365028372921,0.52559241473303864,0.93934992661660188,0.45663093192131687,0.94785118564952553,0.37021042295324647,0.99753161325636985,0.26116463500836362,1,0.16141248160480814,1,0.0074886297229971033,1,0
"LIRCMOP8_BC",1,90000,90020,441,131,"feasible_endpoint","AF_train",1,39,0.092986605137342054,1.7907477991506553,1.5030424404943215,0.70346384817696794,0.91492204164625113,0.038238662952991755,0.96220494363803821,0.26256907741231639,0.93166268352419901,0.22111397369469246,0.92544671814375734,0.31110206848574434,0.92538172188775303,0.4509459129712356,0.97190539150025512,0.48681330845722504,0.88045072930868262,0.5560102654661343,0.85350091412416895,0.60004446025788494,0.83755536154039412,0.65741257868798542,0.64718253198516362,0.81321559770111218,0.71438953356509716,0.76247099362987392,0.61694883610293472,0.71419545115568184,0.57882198593049039,0.84461152166800102,0.52394788409471837,0.87305237744691722,0.48474614537786087
"LIRCMOP8_BC",1,90000,90020,441,131,"infeasible_endpoint","AI_train",0,39,0.092986605137342054,1.751373739446876,1.512897980586954,0.71193510692944018,0.90952589138702655,0.057799331226021697,0.95557597059587573,0.26469609811615991,0.96907282275083584,0.22111397369469246,0.88377753314584462,0.31132436191764834,0.92460204757350872,0.4266120171716043,0.95282056663004133,0.48611105896645218,0.87809319005468522,0.5664391813267351,0.84771217655996489,0.61379583870740018,0.83197140592335017,0.6671592474055168,0.6405708064284642,0.81559120730683388,0.71438953356509716,0.76582856578337133,0.60775887634366721,0.72850182574486932,0.57080944543082712,0.84484767246138048,0.52394788409471837,0.84390029134772404,0.47026758904653398
"LIRCMOP8_BC",1,90000,90020,441,132,"feasible_endpoint","AF_train",1,40,0.039156326200278098,1.8144434484530587,1.4797901630390247,0.72689762307914185,1,0.1145383944920681,0.89705202787434013,0.1544058494564412,1,0.30126882384528519,0.90648211947902224,0.30617765670376629,0.86864911512628706,0.46540159399038628,0.89391246537916746,0.5373644427611729,0.87620240293073848,0.50427175803414526,0.91034553566170706,0.57678333419601657,0.73846485655627092,0.68671684853763737,0.7167122376192101,0.82755763333331034,0.64782753328018572,0.75401227478673505,0.60200222275139514,0.79728474672767735,0.52376732676072646,0.75473537815082903,0.54600506950264827,0.85209485974467847,0.39061385111084035
"LIRCMOP8_BC",1,90000,90020,441,132,"infeasible_endpoint","AI_train",0,40,0.039156326200278098,1.7986079147481953,1.4875933958701952,0.70720923646026734,0.99944352957061877,0.11706204172347036,0.90472779417561344,0.14857964084804853,0.98645013134618798,0.31814464114439489,0.92486281512191804,0.33355677159848313,0.88646989346395322,0.35586939390613281,0.89132461296837562,0.47812650169523929,0.87162401232160547,0.47907465495773743,0.92000682255299238,0.5276241319085081,0.75356933499338297,0.67332669512024967,0.73992043011640773,0.76800023909616022,0.66750465803109571,0.73762275078146855,0.59802509937076775,0.78086479957837485,0.52547796234090516,0.72640266747669258,0.57328240211914472,0.79768035863437481,0.41435220962341002
"LIRCMOP8_BC",1,90000,90020,441,133,"feasible_endpoint","AF_train",1,15,0.033865645843553768,1.1881587224372037,2.0642932915636969,0.41011253735665804,0.9528094127056721,0.10371943528935165,0.87530719209948948,0.10664291664801825,0.93323336287722947,0.15227833057173612,0.92683157913289271,0.18515902585400057,0.91537241567816297,0.22077715282907387,0.9169730446632286,0.28723747112117759,0.95336432987117381,0.30293975713410615,0.93155234684600763,0.35324319808929083,0.9233684495063903,0.3700528023530526,0.92929020906091941,0.42856434047673642,0.77248615622101413,0.46406658052559713,0.86636255183938782,0.45581995522180596,0.76358735249905552,0.52532602854062405,0.81467716307077565,0.55763627393956794,0.76708456463596841
"LIRCMOP8_BC",1,90000,90020,441,133,"infeasible_endpoint","AI_train",0,15,0.033865645843553768,1.1768365979962456,2.0539937941584512,0.34267009207546384,0.95022944706747003,0.081720608492807142,0.86547527556010406,0.030535887372240403,0.94025964315804411,0.10974767872270352,0.94810796459949076,0.12384104785190392,0.91761176375644871,0.19759822387009079,0.95953063468378086,0.23275923043479874,0.98373239917740074,0.2531291230643965,0.99599870061094564,0.28512232481788508,0.96299258263953924,0.31360311815745701,0.98265652503961021,0.40634845856828294,0.84358788028691523,0.41130880880987342,0.95167234017145708,0.38618202974263366,0.84423301272346607,0.44947718938092901,0.92608488345641593,0.54240670468050989,0.87911741844886304
"LIRCMOP8_BC",1,90000,90020,441,134,"feasible_endpoint","AF_train",1,37,0.03777373190077931,1.7495266869524702,1.5423180194901789,0.72903971596074779,1,0.077005596855611202,0.93143749619815097,0.23443646462015091,0.94935163156422009,0.27655868242222043,0.96365556194141355,0.3229125723248828,0.90063038987469524,0.50365558740539351,0.95189055257499333,0.49521039224542429,0.90704756530766628,0.50206368768300957,0.8977018760464095,0.62076408356595913,0.8456912796185283,0.71272106940450275,0.66587205442408703,0.76717485397667451,0.67175151689293855,0.75962478738210781,0.67903844859846607,0.72806637135451813,0.47134987524631805,0.81843451557354074,0.49868638273548943,0.84797692863092178,0.45009565111571476
"LIRCMOP8_BC",1,90000,90020,441,134,"infeasible_endpoint","AI_train",0,37,0.03777373190077931,1.7495266869524702,1.5256177289728976,0.72903971596074779,1,0.077005596855611202,0.94873255332168549,0.23443646462015091,0.94935163156422009,0.27655868242222043,0.96365556194141355,0.3229125723248828,0.90063038987469524,0.50365558740539351,0.95189055257499333,0.49521039224542429,0.90704756530766628,0.50206368768300957,0.8977018760464095,0.62076408356595913,0.8456912796185283,0.71272106940450275,0.66587205442408703,0.76717485397667451,0.67175151689293855,0.75962478738210781,0.67903844859846607,0.72806637135451813,0.47134987524631805,0.81843451557354074,0.49868638273548943,0.84797692863092178,0.45009565111571476
"LIRCMOP8_BC",1,90000,90020,441,135,"feasible_endpoint","AF_train",1,19,0.13064472725581869,1.3221482304883709,1.9547470360058889,0.41667282739918809,0.9550776389621799,0.032740866698360294,0.89750668795899902,0.13417654069887533,0.97454262384114099,0.19648145431586017,0.85174960147736223,0.21945644316821619,0.9495163473875925,0.27375442867352073,0.95763219905270125,0.27372516788079637,0.95355269047865887,0.3293482839000591,0.90241217049087408,0.32455850323905977,0.91860960461149133,0.36058896994267187,0.82379291179897984,0.3928028902811197,0.84221556516807106,0.48632886879295495,0.84787443178706146,0.48666574555297054,0.81065196596193245,0.50802448342736928,0.80832474258597986,0.51834346520066843,0.78512306414366728
"LIRCMOP8_BC",1,90000,90020,441,135,"infeasible_endpoint","AI_train",0,19,0.13064472725581869,1.2654687365127368,1.9549547845187656,0.41382950319283901,0.92813808803767839,0.029853744661086729,0.90638111207222549,0.13417654069887533,0.94059205662760592,0.15370845235056663,0.86132767049490599,0.21023404858526867,0.9495163473875925,0.27375442867352073,0.9663909675291884,0.27372516788079637,0.95355269047865887,0.3293482839000591,0.91298018440310302,0.31896188727428954,0.9304044778103876,0.36058896994267187,0.82850935270293824,0.3928028902811197,0.84842673409010738,0.49743231816340444,0.84787443178706146,0.48141607592753277,0.82565868532621234,0.50802448342736928,0.81704162339494069,0.54387344997611531,0.82540000186128815
"LIRCMOP8_BC",1,90000,90020,441,136,"feasible_endpoint","AF_train",1,11,0.033495962536454621,1.0540957335834062,2.1639675390004749,0.27596925073185186,0.97310350848401139,0.061194097954875737,0.87620362819155473,0.074914568975288379,0.96061053814581054,0.098442554821252054,0.89960722835555906,0.12783978483611813,0.91636337923755928,0.15898810692462806,1,0.17334928730484828,0.97647894468510377,0.23376868092541567,0.98937477720424993,0.21047052560614934,1,0.28031733011506554,0.92330156422061571,0.32745949457062812,0.90195994086852993,0.31809681251921862,0.89264597024665293,0.35224108300553053,0.84374073868634947,0.40758629845297889,0.87728258076803667,0.46679394238714877,0.83187944383890655
"LIRCMOP8_BC",1,90000,90020,441,136,"infeasible_endpoint","AI_train",0,11,0.033495962536454621,1.0604079452343165,2.1503607562304543,0.16439000957331784,0.96114498783451296,0.080112330037046986,0.90736265207794187,0.099785868657028765,0.91616065920893397,0.059474201434110668,0.95141731305053634,0.1055595735187832,0.96740272672381211,0.083534308534215479,0.98893611624914612,0.14943819540766701,0.942527389309054,0.098236029071633979,0.97582379014068843,0.18855047954316112,0.92642984805961293,0.18721967404944695,0.96884051542391547,0.20080808360861491,0.92509304961326266,0.19152934714356551,0.89500968928317215,0.23412851850284455,0.94545185463148984,0.1730547201224808,0.93727714129157835,0.3017475124715831,0.87572219937568019
"LIRCMOP8_BC",1,90000,90020,441,137,"feasible_endpoint","AF_train",1,43,0.037482599359953669,1.8726522675156578,1.4097569824420488,0.7535879194450622,0.97446865421187923,0.065917741891169723,0.9035891253056012,0.24003735233911583,0.9937590406867276,0.34354829170821743,0.93950061769947624,0.37316947773831577,0.96099524974702222,0.48976039189779852,0.95057029315280084,0.50768492881014859,0.82939618950845173,0.50821981782233661,0.8058061524060125,0.65318733106043836,0.69964444810855553,0.71828495150738747,0.65098929175087727,0.74745196306609174,0.68260593887842402,0.79701266971836182,0.59408018705978749,0.83277512441010326,0.48133329861320906,0.76862301109388442,0.51469757409525363,0.81241876136426239,0.38820126832858048
"LIRCMOP8_BC",1,90000,90020,441,137,"infeasible_endpoint","AI_train",0,43,0.037482599359953669,1.8556685836906359,1.4084352171851731,0.76205917819753444,0.96133564267557725,0.064417273501375008,0.92121986365228503,0.24957050174961209,1,0.34354829170821743,0.9100401450128397,0.37339177117021982,0.97658888800202059,0.48976039189779852,0.93148546828258705,0.50768492881014859,0.82703865025445433,0.52926478750743555,0.80001741484180844,0.687831232933929,0.69406049249151158,0.72803162022491885,0.64437756619417785,0.77441756277053475,0.68260593887842402,0.80037024187185923,0.58489022730051998,0.84708149899929075,0.48318680598408104,0.80863013845067278,0.51469757409525363,0.81077060765733866,0.3737227119972536
"LIRCMOP8_BC",1,90000,90020,441,138,"feasible_endpoint","AF_train",1,32,0.026989627747243564,1.6593044976566316,1.635754126043669,0.74420018949885414,0.95245569025395616,0.055060157400266659,0.88547731819765119,0.18778301236268702,0.93718782449953975,0.23804678995659123,0.93832339657156671,0.30790538550403257,0.93535575627143386,0.49376080952378443,0.87024793465932337,0.48525017898596973,0.85782890142716794,0.5816191246077338,0.87084720124273063,0.60897387106031065,0.66690318947626281,0.71038732246757075,0.74234943030171019,0.76329634990584205,0.66923714368829057,0.76485781712504819,0.64182232431198027,0.79972231364681767,0.58922346730985187,0.81644150898812695,0.54779046116118368,0.86303213202704454,0.47124658295710214
"LIRCMOP8_BC",1,90000,90020,441,138,"infeasible_endpoint","AI_train",0,32,0.026989627747243564,1.6472755128381511,1.6393140904737808,0.74420018949885414,0.95079760416942549,0.057157461585986641,0.88545211707612426,0.18849217860882994,0.94348466242465734,0.23804678995659123,0.93331945350884749,0.30790538550403257,0.94861187234756539,0.49376080952378443,0.87024793465932337,0.48525017898596973,0.85782890142716794,0.5816191246077338,0.87084720124273063,0.60897387106031065,0.66690318947626281,0.71038732246757075,0.74234943030171019,0.75408696628386418,0.66923714368829057,0.76485781712504819,0.64182232431198027,0.79972231364681767,0.58922346730985187,0.81644150898812695,0.54779046116118368,0.86835690264013576,0.47124658295710214
"LIRCMOP8_BC",1,90000,90020,441,139,"feasible_endpoint","AF_train",1,85,0.035404215178104381,2.3107218132933056,0.84735453497921398,0.95446696904978756,0.99861736242241972,0.25549153967835864,1,0.31995163105197461,0.95185389289625033,0.43727619030833165,0.95291921940849766,0.51417629185505787,0.87960416036824363,0.55963883996765951,0.84895391796917152,0.65891831918852617,0.77058157785208492,0.67417239506956217,0.67828709281260235,0.82450966955326743,0.58423958194576975,0.90462252482637506,0.5457920406787915,0.83283935870514048,0.46913271824350711,0.94271196281940206,0.36279881783688522,0.87629807856839381,0.30131342659015992,0.91092703675138809,0.16808974718579489,0.93240522051500374,0.08223614046611244
"LIRCMOP8_BC",1,90000,90020,441,139,"infeasible_endpoint","AI_train",0,85,0.035404215178104381,2.2948959431941489,0.84420456754715034,0.95446696904978756,1,0.27961695981567392,0.99632240739655109,0.31995163105197461,0.95518488903182197,0.43727619030833165,0.9568914308998171,0.51417629185505787,0.87960416036824363,0.58159217286014564,0.84093440694390365,0.65891831918852617,0.77058157785208492,0.6829741748675604,0.67828709281260235,0.82450966955326743,0.58423958194576975,0.90462252482637506,0.5457920406787915,0.85539427882905228,0.46792138959983964,0.94271196281940206,0.36279881783688522,0.89132975231463607,0.30131342659015992,0.94689041159587273,0.16808974718579489,0.96759202020615176,0.075088307310494318
"LIRCMOP8_BC",1,90000,90020,441,140,"feasible_endpoint","AF_train",1,11,0.043203730836462971,1.0830878673915603,2.1446761982264508,0.13043674553475515,0.92113015679391097,0.10225975467011569,0.88902481513108089,0.033640900647354345,0.89454012813612338,0.03612695420958071,0.98340825670653242,0.056041406239242995,0.97990712918480027,0.15113804704703937,0.95995580923345503,0.11488214845394676,0.99158540224081015,0.12774857134058554,0.96296333904086562,0.11915211346569762,0.97305566592904802,0.10931830426377068,0.97637292734487979,0.18270048739419989,0.92045675262876658,0.14565134208875541,0.95250729480340424,0.17790634943731082,0.93199273766402158,0.25784965591956244,0.95160831826213665,0.25147556700174545,0.92166318025016447
"LIRCMOP8_BC",1,90000,90020,441,140,"infeasible_endpoint","AI_train",0,11,0.043203730836462971,1.089862667897199,2.1269113183915525,0.13239872398598412,0.92736301320635883,0.085192260648173326,0.88563561177549022,0.021511640153919633,0.8927713769498189,0.0052348537194080794,0.99686519096304238,0.089877520382983828,0.97593212354617298,0.11481807761881085,0.98312854504290004,0.11791270211086222,1,0.16610353207714473,0.9624801164854121,0.12307308459606944,0.98804258786690291,0.12830818079986314,1,0.18270048739419989,0.92529894330514062,0.16551600289129886,0.97858457649346153,0.18753766930074028,0.90189171301885573,0.27361395572847136,0.97220521668850135,0.25147556700174545,0.93709612344641513
"LIRCMOP8_BC",1,90000,90020,441,141,"feasible_endpoint","AF_train",1,84,0.031670162138063646,2.2969128713922338,0.85824097654990505,1,1,0.18840226301477514,0.97711687717101825,0.2804758902546004,0.97011621145510429,0.38842091111428756,0.92383115612647648,0.49110156662720506,0.85443661926720349,0.59027685253277529,0.880662270736424,0.66494939425717348,0.76826548541777695,0.7986932490105968,0.67794876947516625,0.86085244598900779,0.57536891306582194,0.97650083111950614,0.55583758503338687,1,0.45968855929617658,1,0.32801289403517653,1,0.20898293905023796,1,0.13217560530180972,1,0.039693096373286385
"LIRCMOP8_BC",1,90000,90020,441,141,"infeasible_endpoint","AI_train",0,84,0.031670162138063646,2.2948959431941489,0.84420456754715034,0.95446696904978756,1,0.27961695981567392,0.99632240739655109,0.31995163105197461,0.95518488903182197,0.43727619030833165,0.9568914308998171,0.51417629185505787,0.87960416036824363,0.58159217286014564,0.84093440694390365,0.65891831918852617,0.77058157785208492,0.6829741748675604,0.67828709281260235,0.82450966955326743,0.58423958194576975,0.90462252482637506,0.5457920406787915,0.85539427882905228,0.46792138959983964,0.94271196281940206,0.36279881783688522,0.89132975231463607,0.30131342659015992,0.94689041159587273,0.16808974718579489,0.96759202020615176,0.075088307310494318
"LIRCMOP8_BC",1,90000,90020,441,142,"feasible_endpoint","AF_train",1,85,0.035404215178104381,2.3107218132933056,0.84735453497921398,0.95446696904978756,0.99861736242241972,0.25549153967835864,1,0.31995163105197461,0.95185389289625033,0.43727619030833165,0.95291921940849766,0.51417629185505787,0.87960416036824363,0.55963883996765951,0.84895391796917152,0.65891831918852617,0.77058157785208492,0.67417239506956217,0.67828709281260235,0.82450966955326743,0.58423958194576975,0.90462252482637506,0.5457920406787915,0.83283935870514048,0.46913271824350711,0.94271196281940206,0.36279881783688522,0.87629807856839381,0.30131342659015992,0.91092703675138809,0.16808974718579489,0.93240522051500374,0.08223614046611244
"LIRCMOP8_BC",1,90000,90020,441,142,"infeasible_endpoint","AI_train",0,85,0.035404215178104381,2.2948959431941489,0.84420456754715034,0.95446696904978756,1,0.27961695981567392,0.99632240739655109,0.31995163105197461,0.95518488903182197,0.43727619030833165,0.9568914308998171,0.51417629185505787,0.87960416036824363,0.58159217286014564,0.84093440694390365,0.65891831918852617,0.77058157785208492,0.6829741748675604,0.67828709281260235,0.82450966955326743,0.58423958194576975,0.90462252482637506,0.5457920406787915,0.85539427882905228,0.46792138959983964,0.94271196281940206,0.36279881783688522,0.89132975231463607,0.30131342659015992,0.94689041159587273,0.16808974718579489,0.96759202020615176,0.075088307310494318
"LIRCMOP8_BC",1,90000,90020,441,143,"feasible_endpoint","AF_train",1,18,0.12212305153887874,1.3025917603053345,1.9692182618605227,0.30041495048257205,0.9658108618545036,0.022411113155638714,0.92624220014799397,0.11049384206832058,1,0.095083923012831653,0.90363768570274616,0.13675700209540023,1,0.12854286519207125,1,0.2426781219377509,1,0.2219365485570538,1,0.22849299232976295,1,0.28712100056189871,0.930455615886428,0.33285127726507507,0.96323732828984321,0.43539948667687217,0.98978852135090833,0.43145953453681241,0.89317809757180977,0.46185947349776635,0.96256491878073269,0.54688051162775864,0.98615179253684615
"LIRCMOP8_BC",1,90000,90020,441,143,"infeasible_endpoint","AI_train",0,18,0.12212305153887874,1.2539205502044635,1.9486716651358142,0.35285191869554799,0.95316530196476856,0.051982290295459165,0.88511240956810966,0.13377107135353927,0.99739240649828431,0.17204167803390477,0.88936730755947724,0.20038323209069431,0.98873476885598865,0.20112330470537876,0.979113909563326,0.29272126928430764,0.97564690831081791,0.28758631212959479,0.99271106441453472,0.2903247120033432,0.99770813329221286,0.32471531355860078,0.89249311029069589,0.35832591966876881,0.89083823286006458,0.46608558044400739,0.90733627625216062,0.4604473291103357,0.82482059228565796,0.54630475744363494,0.90300276289617332,0.56232486882121901,0.87312166602034635
"LIRCMOP8_BC",1,90000,90020,441,144,"feasible_endpoint","AF_train",1,20,0.15544223263892484,1.3569185115314464,1.9209657000098572,0.49340648984030033,0.98612493644771537,0.05209090661265213,0.93876689349683362,0.13450072113667039,0.99292540058814238,0.16156263516945565,0.92154045438868593,0.20423741265932371,0.97270089844664498,0.29171619068083443,0.98348412193911661,0.36307417260122798,0.96501900913801075,0.35765911202176781,0.99831587785601317,0.3759434983297657,0.94193145517728083,0.45552047719694805,0.93156770865381222,0.53242725825873127,0.88396758163579647,0.59500603390503959,0.87323272585427525,0.61419239896929967,0.81367506354331109,0.6708991429990625,0.83495770305575379,0.76640346177443064,0.8190603297443626
"LIRCMOP8_BC",1,90000,90020,441,144,"infeasible_endpoint","AI_train",0,20,0.15544223263892484,1.2911451097930104,1.9074135370534806,0.49340648984030033,0.95312236629571645,0.047648956006930823,0.95368491472331862,0.13450072113667039,0.99084813901501623,0.16156263516945565,0.92459064526857881,0.20423741265932371,0.97270089844664498,0.29171619068083443,0.98348412193911661,0.36307417260122798,0.96501900913801075,0.35765911202176781,0.99831587785601317,0.3759434983297657,0.94193145517728083,0.45552047719694805,0.91830841967167398,0.53242725825873127,0.88396758163579647,0.59500603390503959,0.87323272585427525,0.61419239896929967,0.81367506354331109,0.6708991429990625,0.83495770305575379,0.70254551526733799,0.8190603297443626
"LIRCMOP8_BC",1,90000,90020,441,145,"feasible_endpoint","AF_train",1,31,0.18053776552667938,1.631014439575164,1.6669180349278248,0.6428084671497345,0.96462911367416382,0.069727391004562378,0.9147992730140686,0.20228895545005798,0.93076804280281067,0.28565689921379089,0.85312721133232117,0.32433086633682251,0.9346880316734314,0.4167921394109726,0.90260878205299377,0.43663867563009262,0.89972734451293945,0.5470958910882473,0.89835605025291443,0.58786845952272415,0.80119884014129639,0.64338399469852448,0.76104184985160828,0.71613720059394836,0.68461735546588898,0.74010910093784332,0.71832771599292755,0.67567010223865509,0.55884207412600517,0.78008049726486206,0.53922675177454948,0.82238882780075073,0.54805595427751541
"LIRCMOP8_BC",1,90000,90020,441,145,"infeasible_endpoint","AI_train",0,31,0.18053776552667938,1.6680462109938796,1.600214684509278,0.68591883861746972,0.96183124247759344,0.11131552873300726,0.93003861322581427,0.20366142499257281,0.92699692452110538,0.30113828330135128,0.85284390239011876,0.35778275665025872,0.93537291869101158,0.41807044967524065,0.88983634150992641,0.40941071307981924,0.87197302195170212,0.59900589881189692,0.86335156423451942,0.59135455960811156,0.76286671186517818,0.68510014541665376,0.72288912349745549,0.75059248268950607,0.65687707172787346,0.76305942905868851,0.61223021138213563,0.72292125676270391,0.50710020003670331,0.8084204830514905,0.47700798842703462,0.84486385553296883,0.4725250033590872
"LIRCMOP8_BC",1,90000,90020,441,146,"feasible_endpoint","AF_train",1,6,0.020784017928053629,0.91061467364641024,2.2647768839940534,0.042035552039625862,0.9107110577646722,0.087000106918634731,0.87654233250418356,0.025808867930065909,0.8754848414397578,0.036896438441910012,0.98688517838133683,0.0082058599396761939,0.9812353920437944,0.081552626606073736,0.94539048613160725,0.062809712379630955,0.99611001372148811,0.027476005270177656,0.95911302444849822,0.062256016925209726,0.96961415994618849,0.025623349384366514,1,0.068476707970524894,0.94379608192163733,0.024103438410549738,0.95766057128459314,0.063423273684317466,0.96164951624770723,0.10581595640884411,0.97928648328122825,0.078487964088509998,0.92692181856023759
"LIRCMOP8_BC",1,90000,90020,441,146,"infeasible_endpoint","AI_train",0,6,0.020784017928053629,0.91050664034937645,2.2551121534335152,0.042811161316394258,0.93113542223004853,0.080658120264692781,0.8682708309270627,0.024267178891789237,0.91482964705258851,0.078061247486518742,0.97521534265962928,0.013066639937700936,0.9847255271174562,0.074080498930063604,0.9383164578408576,0.054311967580970677,0.99618709742834388,0.023579962565595441,0.95373256668384465,0.064403490910762431,0.95783321933300847,0.023572666482030394,0.99803785992879002,0.056561501061345207,0.95210277162405932,0.022752379927425959,0.95871949250251154,0.06554700751683229,0.95071051586612387,0.0962770674775697,0.97487532280155209,0.054912538940499744,0.89362459964697616
"LIRCMOP8_BC",1,90000,90020,441,147,"feasible_endpoint","AF_train",1,6,0.020784017928053629,0.91061467364641024,2.2647768839940534,0.042035552039625862,0.9107110577646722,0.087000106918634731,0.87654233250418356,0.025808867930065909,0.8754848414397578,0.036896438441910012,0.98688517838133683,0.0082058599396761939,0.9812353920437944,0.081552626606073736,0.94539048613160725,0.062809712379630955,0.99611001372148811,0.027476005270177656,0.95911302444849822,0.062256016925209726,0.96961415994618849,0.025623349384366514,1,0.068476707970524894,0.94379608192163733,0.024103438410549738,0.95766057128459314,0.063423273684317466,0.96164951624770723,0.10581595640884411,0.97928648328122825,0.078487964088509998,0.92692181856023759
"LIRCMOP8_BC",1,90000,90020,441,147,"infeasible_endpoint","AI_train",0,6,0.020784017928053629,0.91050664034937645,2.2551121534335152,0.042811161316394258,0.93113542223004853,0.080658120264692781,0.8682708309270627,0.024267178891789237,0.91482964705258851,0.078061247486518742,0.97521534265962928,0.013066639937700936,0.9847255271174562,0.074080498930063604,0.9383164578408576,0.054311967580970677,0.99618709742834388,0.023579962565595441,0.95373256668384465,0.064403490910762431,0.95783321933300847,0.023572666482030394,0.99803785992879002,0.056561501061345207,0.95210277162405932,0.022752379927425959,0.95871949250251154,0.06554700751683229,0.95071051586612387,0.0962770674775697,0.97487532280155209,0.054912538940499744,0.89362459964697616
"LIRCMOP8_BC",1,90000,90020,441,148,"feasible_endpoint","AF_train",1,84,0.038615104554251843,2.2969128713922338,0.85824097654990505,1,1,0.18840226301477514,0.97711687717101825,0.2804758902546004,0.97011621145510429,0.38842091111428756,0.92383115612647648,0.49110156662720506,0.85443661926720349,0.59027685253277529,0.880662270736424,0.66494939425717348,0.76826548541777695,0.7986932490105968,0.67794876947516625,0.86085244598900779,0.57536891306582194,0.97650083111950614,0.55583758503338687,1,0.45968855929617658,1,0.32801289403517653,1,0.20898293905023796,1,0.13217560530180972,1,0.039693096373286385
"LIRCMOP8_BC",1,90000,90020,441,148,"infeasible_endpoint","AI_train",0,84,0.038615104554251843,2.2870479305947073,0.87233012311828473,0.95495941270195372,1,0.27019252167808738,1,0.29443026754485702,0.95512433414651687,0.42690252310071253,0.97694229559086287,0.53376545859243063,0.88089194498785006,0.55134932667043635,0.84677423252694572,0.67012792534369592,0.77727005198289989,0.72652275509627207,0.66602319467316495,0.81980015946347995,0.57664972037325457,0.91664212928011379,0.55944854131230626,0.87169978433167583,0.45844365158125078,0.94555255734128452,0.36289515756108037,0.9005783428997024,0.28356271118724397,0.94668885310523399,0.16413137700354025,0.94414236554909592,0.077158639188669276
"LIRCMOP8_BC",1,90000,90020,441,149,"feasible_endpoint","AF_train",1,9,0.059664820411347783,0.99345973644466701,2.2176381661892446,0.19776281763397829,0.90650947725897646,0.0074589676913784722,0.86802147074670188,0.096685820383012405,0.96736950137322031,0.084732897267147084,0.86042956013201066,0.11119904346481026,1,0.08448610701857677,1,0.17431944502131883,1,0.15483543206211781,1,0.1608067836803673,1,0.18806464396588668,0.930455615886428,0.19638324983944025,0.96323732828984321,0.27729362091129456,0.98978852135090833,0.27166002310656612,0.89317809757180977,0.28534374651807237,0.96256491878073269,0.32412375766267498,0.98615179253684615
"LIRCMOP8_BC",1,90000,90020,441,149,"infeasible_endpoint","AI_train",0,9,0.059664820411347783,0.99262446418797889,2.1918861829572691,0.19776281763397829,0.92032769818813387,0.034496995003202538,0.86436245621518304,0.096685820383012405,0.93964909017686837,0.084732897267147084,0.87962589941575353,0.11119904346481026,0.98362668743075732,0.08448610701857677,1,0.17431944502131883,1,0.15483543206211781,1,0.1608067836803673,1,0.18806464396588668,0.930455615886428,0.19638324983944025,0.96323732828984321,0.27729362091129456,0.98978852135090833,0.27166002310656612,0.89317809757180977,0.28534374651807237,0.96256491878073269,0.33135054774008482,1
"LIRCMOP8_BC",1,90000,90020,441,150,"feasible_endpoint","AF_train",1,20,0.12632886836144269,1.365846939186911,1.9185526746956889,0.3892586237347187,1,0.087615307051228733,0.89514621197015998,0.098473789637135517,0.98318105200088857,0.12850131412377391,0.86080202982565091,0.18032901034643287,0.91513964634361078,0.26167422896271514,0.97474750135369614,0.27448392304168789,0.93929111872898052,0.30595010446980136,0.96876633476396168,0.30399239308931253,0.95762935310693975,0.4006661245525257,0.91478901591952611,0.41891322619235677,0.86080074015005958,0.48178846979564383,0.91474669955155974,0.50561148047027871,0.82293223082850753,0.5608432311634175,0.83063509133476932,0.69861360995588984,0.83338716579209082
"LIRCMOP8_BC",1,90000,90020,441,150,"infeasible_endpoint","AI_train",0,20,0.12632886836144269,1.3936439548254165,1.8725468847491145,0.5336011820489196,0.99998723481064866,0.14753028638376006,0.90963083029510461,0.10233625753886832,0.97805184271884649,0.21870240677603764,0.83905152375013559,0.22879490712043016,0.90723845931898117,0.28572308221925147,0.91885902043928902,0.34334690996886919,0.86772604734763159,0.42350454525961395,0.85914663983354989,0.40724707288144774,0.84946237262148394,0.51940353493582592,0.83111063838763211,0.51363395929218569,0.74944441896741221,0.55640785504921253,0.77230217627707032,0.62476662587441689,0.71837448103196422,0.64763435596044416,0.65492627059752984,0.74617218299407584,0.63120946898037178
"LIRCMOP8_BC",1,90000,90020,441,151,"feasible_endpoint","AF_train",1,5,0.038976744257660387,0.84635771175078722,2.3066741688512931,0,0.89812939398385838,0.0046892928400026623,0.8308368171908499,0,0.88625452556240403,0,0.91361317989309854,0,0.97348776784773683,0,1,0,1,0,1,0,1,0,1,0.018418767243955803,1,0,1,0,1,0,1,0.1170663517880027,1
"LIRCMOP8_BC",1,90000,90020,441,151,"infeasible_endpoint","AI_train",0,5,0.038976744257660387,0.83838798980635199,2.2913236137646926,0.036802154918460173,0.89443276757631129,0,0.85090529245886759,0,0.96794314680516158,0.053429362843347164,0.87543398220504165,0.019703074261661513,1,0,0.98955008917577847,0,1,0.028901562509612067,0.95252746443822101,0,0.97538380789637491,0,0.99869373996140154,0,0.99389935663109064,0,0.99192962834821552,0.028398589962529142,0.97036410472218437,0.032919839847196264,0.9794505408605747,0.051592132756152764,0.9298583185218271
"LIRCMOP8_BC",1,90000,90020,441,152,"feasible_endpoint","AF_train",1,5,0.038976744257660387,0.84635771175078722,2.3066741688512931,0,0.89812939398385838,0.0046892928400026623,0.8308368171908499,0,0.88625452556240403,0,0.91361317989309854,0,0.97348776784773683,0,1,0,1,0,1,0,1,0,1,0.018418767243955803,1,0,1,0,1,0,1,0.1170663517880027,1
"LIRCMOP8_BC",1,90000,90020,441,152,"infeasible_endpoint","AI_train",0,5,0.038976744257660387,0.83838798980635199,2.2913236137646926,0.036802154918460173,0.89443276757631129,0,0.85090529245886759,0,0.96794314680516158,0.053429362843347164,0.87543398220504165,0.019703074261661513,1,0,0.98955008917577847,0,1,0.028901562509612067,0.95252746443822101,0,0.97538380789637491,0,0.99869373996140154,0,0.99389935663109064,0,0.99192962834821552,0.028398589962529142,0.97036410472218437,0.032919839847196264,0.9794505408605747,0.051592132756152764,0.9298583185218271
"LIRCMOP8_BC",1,90000,90020,441,153,"feasible_endpoint","AF_train",1,9,0.035051875436336692,1.0007511469668811,2.2053021104834931,0,0.89546745957320617,0.061234328428000126,0.8759632144994246,0,0.87393182233881206,0,0.91233395404371964,0.058240011030289307,1,0.13962271238760995,0.99166250334136563,0,1,0,1,0,1,0,1,0,1,0,1,0,1,0,1,0.053563709910521146,1
"LIRCMOP8_BC",1,90000,90020,441,153,"infeasible_endpoint","AI_train",0,9,0.035051875436336692,0.99262446418797889,2.1918861829572691,0.19776281763397829,0.92032769818813387,0.034496995003202538,0.86436245621518304,0.096685820383012405,0.93964909017686837,0.084732897267147084,0.87962589941575353,0.11119904346481026,0.98362668743075732,0.08448610701857677,1,0.17431944502131883,1,0.15483543206211781,1,0.1608067836803673,1,0.18806464396588668,0.930455615886428,0.19638324983944025,0.96323732828984321,0.27729362091129456,0.98978852135090833,0.27166002310656612,0.89317809757180977,0.28534374651807237,0.96256491878073269,0.33135054774008482,1
"LIRCMOP8_BC",1,90000,90020,441,154,"feasible_endpoint","AF_train",1,9,0.059664820411347783,0.99345973644466701,2.2176381661892446,0.19776281763397829,0.90650947725897646,0.0074589676913784722,0.86802147074670188,0.096685820383012405,0.96736950137322031,0.084732897267147084,0.86042956013201066,0.11119904346481026,1,0.08448610701857677,1,0.17431944502131883,1,0.15483543206211781,1,0.1608067836803673,1,0.18806464396588668,0.930455615886428,0.19638324983944025,0.96323732828984321,0.27729362091129456,0.98978852135090833,0.27166002310656612,0.89317809757180977,0.28534374651807237,0.96256491878073269,0.32412375766267498,0.98615179253684615
"LIRCMOP8_BC",1,90000,90020,441,154,"infeasible_endpoint","AI_train",0,9,0.059664820411347783,0.99262446418797889,2.1918861829572691,0.19776281763397829,0.92032769818813387,0.034496995003202538,0.86436245621518304,0.096685820383012405,0.93964909017686837,0.084732897267147084,0.87962589941575353,0.11119904346481026,0.98362668743075732,0.08448610701857677,1,0.17431944502131883,1,0.15483543206211781,1,0.1608067836803673,1,0.18806464396588668,0.930455615886428,0.19638324983944025,0.96323732828984321,0.27729362091129456,0.98978852135090833,0.27166002310656612,0.89317809757180977,0.28534374651807237,0.96256491878073269,0.33135054774008482,1
"LIRCMOP8_BC",1,90000,90020,441,155,"feasible_endpoint","AF_train",1,10,0.069636452641415422,1.022890474249559,2.1867664344637294,0,0.88099338219825052,0.064669220658271048,0.90017126351327459,0,0.86329062421826919,0,0.93055504725860883,0.033778120242753562,0.98986830437372908,0.13042395460938977,0.98583131264470836,0.050541355048437098,1,0,1,0,1,0,1,0.019289138635137759,1,0,1,0,1,0,1,0.080368342908784224,0.98723936162626269
"LIRCMOP8_BC",1,90000,90020,441,155,"infeasible_endpoint","AI_train",0,10,0.069636452641415422,0.99262446418797889,2.1918861829572691,0.19776281763397829,0.92032769818813387,0.034496995003202538,0.86436245621518304,0.096685820383012405,0.93964909017686837,0.084732897267147084,0.87962589941575353,0.11119904346481026,0.98362668743075732,0.08448610701857677,1,0.17431944502131883,1,0.15483543206211781,1,0.1608067836803673,1,0.18806464396588668,0.930455615886428,0.19638324983944025,0.96323732828984321,0.27729362091129456,0.98978852135090833,0.27166002310656612,0.89317809757180977,0.28534374651807237,0.96256491878073269,0.33135054774008482,1
"LIRCMOP8_BC",1,90000,90020,441,156,"feasible_endpoint","AF_train",1,32,0.072843669043496304,1.6593044976566316,1.635754126043669,0.74420018949885414,0.95245569025395616,0.055060157400266659,0.88547731819765119,0.18778301236268702,0.93718782449953975,0.23804678995659123,0.93832339657156671,0.30790538550403257,0.93535575627143386,0.49376080952378443,0.87024793465932337,0.48525017898596973,0.85782890142716794,0.5816191246077338,0.87084720124273063,0.60897387106031065,0.66690318947626281,0.71038732246757075,0.74234943030171019,0.76329634990584205,0.66923714368829057,0.76485781712504819,0.64182232431198027,0.79972231364681767,0.58922346730985187,0.81644150898812695,0.54779046116118368,0.86303213202704454,0.47124658295710214
"LIRCMOP8_BC",1,90000,90020,441,156,"infeasible_endpoint","AI_train",0,32,0.072843669043496304,1.6310972788714047,1.6506326811246348,0.73391882751997795,0.94012494678340253,0.069153519997507101,0.87593411473453997,0.18393492201613504,0.91736268200304272,0.22839588945265166,0.95725386463888296,0.2990051280056934,0.93933837724982849,0.47359569030544091,0.8724436980488659,0.48311679017056025,0.8706738327442145,0.59623584814906394,0.87456327628334085,0.60705506730050851,0.67377794059974472,0.70193714054632506,0.73131057718956938,0.78106930411606346,0.67127143055848226,0.73726070913783215,0.64332034898534707,0.79130416887721367,0.5957143730370722,0.8638954140922499,0.55944248815991648,0.87403564272319256,0.46906070588395005
"LIRCMOP8_BC",1,90000,90020,441,157,"feasible_endpoint","AF_train",1,21,0.099208444059406597,1.376107517128317,1.9104905777514207,0.31604043616063449,0.98170843132977814,0.031173304997726581,0.9591610623839486,0.072252120250832691,0.98766264378137791,0.086346111233712081,0.95701984230024784,0.12660468200790662,0.99973299402602711,0.2040605725840843,0.92062366674313945,0.23735910620422063,0.9876594476094811,0.22528446416283432,1,0.29746829564239718,0.99134301417412607,0.34418862172796849,0.9680626279670963,0.39134402022751819,0.96281471702745502,0.42226101333631622,0.99172384333920338,0.46106880330283145,0.9769266681130937,0.50361200485259761,0.94732144059919654,0.59114714277295088,0.96563828294872911
"LIRCMOP8_BC",1,90000,90020,441,157,"infeasible_endpoint","AI_train",0,21,0.099208444059406597,1.3439876311250893,1.8822287722853233,0.18364654320364315,0.93385064823680808,0.031173304997726581,0.95189222687817443,0.038843183547669045,0.94112198965484606,0.045500449836370367,0.97729510811528342,0.045862572245168071,1,0.12358260821582437,0.92062366674313945,0.14726113994631401,1,0.12316896628240351,1,0.29035660986949596,0.99134301417412607,0.15093460567745479,0.9766626816440398,0.27504364560228561,1,0.24088937754110856,1,0.30467770377181574,1,0.33084936008115129,1,0.36919271606869553,1
"LIRCMOP8_BC",1,90000,90020,441,158,"feasible_endpoint","AF_train",1,11,0.030330115819431111,1.0830878673915603,2.1446761982264508,0.13043674553475515,0.92113015679391097,0.10225975467011569,0.88902481513108089,0.033640900647354345,0.89454012813612338,0.03612695420958071,0.98340825670653242,0.056041406239242995,0.97990712918480027,0.15113804704703937,0.95995580923345503,0.11488214845394676,0.99158540224081015,0.12774857134058554,0.96296333904086562,0.11915211346569762,0.97305566592904802,0.10931830426377068,0.97637292734487979,0.18270048739419989,0.92045675262876658,0.14565134208875541,0.95250729480340424,0.17790634943731082,0.93199273766402158,0.25784965591956244,0.95160831826213665,0.25147556700174545,0.92166318025016447
"LIRCMOP8_BC",1,90000,90020,441,158,"infeasible_endpoint","AI_train",0,11,0.030330115819431111,1.0696103659955694,2.1483432347838605,0.29747237459425474,0.92192633385553513,0.020696979859432051,0.87347273833590278,0.081136687031506741,0.96621817512477792,0.11275958064115829,0.85385675446307063,0.1642277374870228,0.97348464439609339,0.19220401163888434,0.9856667635505737,0.19337917699556378,0.96444114309419682,0.2492487221838256,0.95849502083090221,0.22569823568483738,0.9615966690135328,0.2631377211414524,0.88525647095188953,0.28880954791851166,0.89312438206551925,0.36192153047974784,0.92469010049919453,0.35049147629553901,0.87332065663004221,0.39604718295193447,0.87264013127563034,0.45083777143086251,0.86127449328177852
"LIRCMOP8_BC",1,90000,90020,441,159,"feasible_endpoint","AF_train",1,12,0.12364164336351467,1.1168505188771467,2.1234945502209923,0.26478778591398267,0.92452364769673945,0,0.8751601284123145,0.066817873406327291,0.9877749865194505,0.081691322794683427,0.86915514389737469,0.16148421952547709,0.98209635811371787,0.16095592873651987,1,0.1801959325158132,0.93762184353159217,0.20423099576086162,0.99256784991877944,0.19677451990788761,1,0.236394269605322,0.95628131468183653,0.23260074925046514,0.89554893031132177,0.36274327159041531,0.9806695283531488,0.31278219906203142,0.88665535690848341,0.34552528954289263,0.88561155010061554,0.44390885340851066,0.92932156345830885
"LIRCMOP8_BC",1,90000,90020,441,159,"infeasible_endpoint","AI_train",0,12,0.12364164336351467,1.0696103659955694,2.1483432347838605,0.29747237459425474,0.92192633385553513,0.020696979859432051,0.87347273833590278,0.081136687031506741,0.96621817512477792,0.11275958064115829,0.85385675446307063,0.1642277374870228,0.97348464439609339,0.19220401163888434,0.9856667635505737,0.19337917699556378,0.96444114309419682,0.2492487221838256,0.95849502083090221,0.22569823568483738,0.9615966690135328,0.2631377211414524,0.88525647095188953,0.28880954791851166,0.89312438206551925,0.36192153047974784,0.92469010049919453,0.35049147629553901,0.87332065663004221,0.39604718295193447,0.87264013127563034,0.45083777143086251,0.86127449328177852
"LIRCMOP8_BC",1,90000,90020,441,160,"feasible_endpoint","AF_train",1,2,0.014650623298616881,0.7396667249520561,2.3710735066483037,0.004135429859161377,0.85579773783683777,0.01845821738243103,0.85859298706054688,0.0030833780765533447,0.88938316702842712,0.0032163858413696289,0.88984239101409912,0.0087232291698455811,0.99301972985267639,0.014944255352020264,0.99663051962852478,0.016995489597320557,0.99984583258628845,0.0077920854091644287,0.98962488770484924,0.0068982839584350586,0.9999721348285675,0.0041013658046722412,0.99449139833450317,0.023830413818359375,0.97096428275108337,0.0027021169662475586,0.99788215756416321,0.0062518715858459473,0.99186456203460693,0.019077777862548828,0.99138855934143066,0.047150850296020508,0.98604056239128113
"LIRCMOP8_BC",1,90000,90020,441,160,"infeasible_endpoint","AI_train",0,2,0.014650623298616881,0.7323513956669544,2.3713896514936774,0,0.86066667988152745,0,0.85091452401311429,0,0.89898332210400778,0.045022898491630207,0.89353041277998335,0.015631684126431081,0.99512256767628959,0.011365532875061035,1,0.01626509428024292,1,0,0.98452055742654176,0,0.99377734030312692,0,0.99757657051089532,0,0.96229525669708904,0,1,0,0.98617629113469674,0,0.98523998307119665,0,0.9646450569052557
"LIRCMOP8_BC",1,90000,90020,441,161,"feasible_endpoint","AF_train",1,3,0.041900013469095596,0.78728879959218878,2.3427203215787014,0.0056866484126981698,0.89664646676759052,0.0057742440745471302,0.84204998390630514,0,0.96807277825408855,0.085546003930587075,0.86650271957068392,0.018444789165895065,1,0,0.98248246304702558,0,1,0,0.97886397217554211,0.01119323192954047,0.97641025360220746,0,0.99056711819208321,0,0.98757766215592735,0,1,0.010499339250875594,0.96998656127144023,0,0.98256623838207835,0,0.91944612456475827
"LIRCMOP8_BC",1,90000,90020,441,161,"infeasible_endpoint","AI_train",0,3,0.041900013469095596,0.78159699277657513,2.3251644415251693,0,0.85308301464815095,0.027215757225193093,0.87423799118756507,0,0.85638764420235758,0,0.9373800992546788,0.0017233616716946787,1,0.076948797946545688,1,0,1,0,1,0,1,0,1,0,1,0,1,0,1,0,1,0.030412404631121909,1
"LIRCMOP8_BC",1,90000,90020,441,162,"feasible_endpoint","AF_train",1,5,0.03418268291409033,0.84635771175078722,2.3066741688512931,0,0.89812939398385838,0.0046892928400026623,0.8308368171908499,0,0.88625452556240403,0,0.91361317989309854,0,0.97348776784773683,0,1,0,1,0,1,0,1,0,1,0.018418767243955803,1,0,1,0,1,0,1,0.1170663517880027,1
"LIRCMOP8_BC",1,90000,90020,441,162,"infeasible_endpoint","AI_train",0,5,0.03418268291409033,0.83280397931020789,2.2990920144498821,0.0084712587524722327,0.88187448469148411,0.032076813713470646,0.84657890954936743,0.0095331494104962597,0.92748789787592445,0,0.87622346104146576,0.00022229343190402484,1,0,0.98091517512978621,0,0.97866986737298012,0.021044969685098946,0.99421126243579594,0.014012819374564112,0.99441604438295605,0.009746668717531326,0.99338827444330058,0.017756216082465082,1,0.0033575721534974401,0.99081004024073249,0.014306374589187515,0.99198745950033673,0.04000712735678838,1,0.11093693464802153,0.98552144366867311
"LIRCMOP8_BC",1,90000,90020,441,163,"feasible_endpoint","AF_train",1,26,0.018787773345553021,1.526320421336806,1.7747580415825337,0.57714606711085259,0.99127580758568312,0.076277980173620294,0.97735726508277243,0.11947416395849926,0.99312830031068966,0.20817062865469965,0.95919101434484677,0.27481165576994748,0.91753096069372353,0.32602464495314193,0.89454773008160093,0.37463175406335192,0.88869594876282931,0.43901916799232366,0.86402951186590693,0.43449648545748276,0.81109981677683574,0.52524524394522343,0.77340564775926801,0.56036607635265545,0.73150718386057278,0.61086580420220438,0.66344709042023842,0.60915994973979259,0.63065590683560202,0.66111471604877559,0.58780986439727889,0.68350660577273992,0.51880009826484608
"LIRCMOP8_BC",1,90000,90020,441,163,"infeasible_endpoint","AI_train",0,26,0.018787773345553021,1.5184429844587164,1.7703578880189843,0.55872633500347302,0.98812995714124674,0.08432878091639244,0.9769866356544934,0.11461168474559645,0.99141589678777253,0.19021968662996708,0.96116821032861788,0.26328396496970674,0.91485312538820573,0.31857947256349117,0.90936772722776316,0.35012985794504059,0.88781476198318487,0.41795982408786808,0.86402951186590693,0.42667631076519508,0.81079396963120964,0.48176748855313412,0.78679878704781203,0.55827929831344947,0.74390328793778004,0.58464862237316018,0.67453495997639035,0.59967367944331729,0.68162225976949964,0.65325437366690697,0.60770632529992086,0.6534033738794619,0.54329122282284881
"LIRCMOP8_BC",1,90000,90020,441,164,"feasible_endpoint","AF_train",1,20,0.18052245808897302,1.365846939186911,1.9185526746956889,0.3892586237347187,1,0.087615307051228733,0.89514621197015998,0.098473789637135517,0.98318105200088857,0.12850131412377391,0.86080202982565091,0.18032901034643287,0.91513964634361078,0.26167422896271514,0.97474750135369614,0.27448392304168789,0.93929111872898052,0.30595010446980136,0.96876633476396168,0.30399239308931253,0.95762935310693975,0.4006661245525257,0.91478901591952611,0.41891322619235677,0.86080074015005958,0.48178846979564383,0.91474669955155974,0.50561148047027871,0.82293223082850753,0.5608432311634175,0.83063509133476932,0.69861360995588984,0.83338716579209082
"LIRCMOP8_BC",1,90000,90020,441,164,"infeasible_endpoint","AI_train",0,20,0.18052245808897302,1.2917426294846592,1.8951669997911036,0.42462286077293238,1,0.094797265669890607,0.90313841855192001,0.11008587950622362,1,0.13921047097067762,0.91110725754716571,0.18979662625285779,0.89528098778085208,0.27775507157833007,0.97094522948787021,0.29575033564856357,0.91527245777123434,0.31899085885961137,0.98032451440398916,0.34959189947197783,0.94591748138714193,0.42024960925425081,0.8918700612474928,0.43164869770323816,0.82742014742879055,0.52779273125121384,0.89362351206342161,0.50022865357744228,0.76077346077974783,0.58919161470898651,0.78025082003678292,0.70061714658067142,0.74716577861038969
"LIRCMOP8_BC",1,90000,90020,441,165,"feasible_endpoint","AF_train",1,2,0.028009342139809625,0.7396667249520561,2.3710735066483037,0.004135429859161377,0.85579773783683777,0.01845821738243103,0.85859298706054688,0.0030833780765533447,0.88938316702842712,0.0032163858413696289,0.88984239101409912,0.0087232291698455811,0.99301972985267639,0.014944255352020264,0.99663051962852478,0.016995489597320557,0.99984583258628845,0.0077920854091644287,0.98962488770484924,0.0068982839584350586,0.9999721348285675,0.0041013658046722412,0.99449139833450317,0.023830413818359375,0.97096428275108337,0.0027021169662475586,0.99788215756416321,0.0062518715858459473,0.99186456203460693,0.019077777862548828,0.99138855934143066,0.047150850296020508,0.98604056239128113
"LIRCMOP8_BC",1,90000,90020,441,165,"infeasible_endpoint","AI_train",0,2,0.028009342139809625,0.75037506446419744,2.3638889169086852,0,0.84768443459696852,0.066839407885017521,0.87396111523334363,0,0.85765256768102038,0,0.91956202224201322,0,1,0,1,0,1,0,1,0,1,0,1,0,1,0,1,0,1,0,1,0,1
"LIRCMOP8_BC",1,90000,90020,441,166,"feasible_endpoint","AF_train",1,2,0.015472366291557457,0.75804690688288512,2.3639614742259889,0,0.87088150095152128,0,0.83447835876366272,0,0.93345711658436403,0,0.87937778124649724,0,1,0,1,0,1,0,1,0,1,0,1,0,1,0,1,0,1,0,1,0.072351162314703066,0.94727930275298533
"LIRCMOP8_BC",1,90000,90020,441,166,"infeasible_endpoint","AI_train",0,2,0.015472366291557457,0.75037506446419744,2.3638889169086852,0,0.84768443459696852,0.066839407885017521,0.87396111523334363,0,0.85765256768102038,0,0.91956202224201322,0,1,0,1,0,1,0,1,0,1,0,1,0,1,0,1,0,1,0,1,0,1
"LIRCMOP8_BC",1,90000,90020,441,167,"feasible_endpoint","AF_train",1,3,0.049148084523716259,0.76976741982259389,2.3537754110819131,0,0.82913520039000366,0.026175213608278753,0.88321085717658043,0,0.88223548872947322,0,0.91407000566547558,0.029120005515144654,1,0.069811356193804977,0.99583125167068287,0,1,0,1,0,1,0,0.97348142203572352,0,1,0,1,0,1,0,1,0,1
"LIRCMOP8_BC",1,90000,90020,441,167,"infeasible_endpoint","AI_train",0,3,0.049148084523716259,0.75037506446419744,2.3638889169086852,0,0.84768443459696852,0.066839407885017521,0.87396111523334363,0,0.85765256768102038,0,0.91956202224201322,0,1,0,1,0,1,0,1,0,1,0,1,0,1,0,1,0,1,0,1,0,1
"LIRCMOP8_BC",1,90000,90020,441,168,"feasible_endpoint","AF_train",1,22,0.083753665436785529,1.4153334919402865,1.8686832683400627,0.62216887296719703,0.92135887474820155,0.089921274545895907,0.86829272651958944,0.16832334509917868,0.93336813797155616,0.21202641538315747,0.87846786044499492,0.28928661300631586,0.92321698460412716,0.39082744792723628,0.86620375414435824,0.45738679955531975,0.91664647712022007,0.468255269550371,0.84668007887692553,0.51533227741409171,0.77649454109584615,0.59226735072995507,0.80438749115533226,0.68174751397361788,0.68816702518599249,0.69032544224239434,0.75718430623570943,0.7263785062919389,0.59518463363436691,0.72840692880732893,0.6287648126489731,0.80047339826755204,0.62700815257657927
"LIRCMOP8_BC",1,90000,90020,441,168,"infeasible_endpoint","AI_train",0,22,0.083753665436785529,1.4039083566833517,1.8347171974865668,0.62216887296719703,0.92388650845791653,0.085670596261216328,0.87828736877385316,0.15362505025450396,0.942539080041354,0.19499798539618565,0.89939066941370838,0.28689675689730321,0.90978312283990193,0.3813166920999605,0.86694973959913346,0.44689511125845277,0.92088119664197232,0.4643247889200251,0.84111689441507753,0.5442481931761155,0.77265125660674794,0.59360825131854222,0.81169210432985461,0.67318611154955477,0.68682836460267915,0.69032544224239434,0.76846536050685943,0.7263785062919389,0.59441244666608761,0.72840692880732893,0.63075082045371034,0.80047339826755204,0.62700815257657927
"LIRCMOP8_BC",1,90000,90020,441,169,"feasible_endpoint","AF_train",1,67,0.022110070900278396,2.1667278240616232,1.0482468242581322,0.86769689759334234,0.99935572808548667,0.13510015884269261,0.97861975147624858,0.2917571095180137,0.97643470615141492,0.40287644548372603,0.96160816164966412,0.39154487917168718,0.83024668498423071,0.57957239000722427,0.86774065969686043,0.60911271051698712,0.79749953163749265,0.56751733770833757,0.79079782166196821,0.76986651864895683,0.65563506175198638,0.79870609858457153,0.60612022663754761,0.81983733193320818,0.52872076660840139,0.89629353144134316,0.47462091974568393,0.84829313858311628,0.38781670014541852,0.86887516808492848,0.30649758223242241,0.85125506048717203,0.18523901652540639
"LIRCMOP8_BC",1,90000,90020,441,169,"infeasible_endpoint","AI_train",0,67,0.022110070900278396,2.1679905584214092,1.0381066182816487,0.88240774888623341,0.99935572808548667,0.13510015884269261,0.97861975147624858,0.2917571095180137,0.96827663103796846,0.40287644548372603,0.96160816164966412,0.39154487917168718,0.83024668498423071,0.57957239000722427,0.86774065969686043,0.60911271051698712,0.79749953163749265,0.56751733770833757,0.79079782166196821,0.76986651864895683,0.65563506175198638,0.79870609858457153,0.60612022663754761,0.81983733193320818,0.52872076660840139,0.89629353144134316,0.47462091974568393,0.84829313858311628,0.38781670014541852,0.86887516808492848,0.30649758223242241,0.85125506048717203,0.18523901652540639
"LIRCMOP8_BC",1,90000,90020,441,170,"feasible_endpoint","AF_train",1,36,0.033170095689653449,1.7481404991547242,1.549090682893034,0.72920614745796475,1,0.11787944703385474,0.89051149236597626,0.24791507059851303,0.99431436445843535,0.31566533966243082,0.91230324888873726,0.36599966399884881,0.90243128998761524,0.48282467507212834,0.906721108832649,0.4939009556902928,0.83651738848333923,0.46782382523774935,0.8970335198634688,0.59192680750502935,0.75994356488860859,0.70060079325121982,0.72315017602507015,0.66462660927943051,0.62734682958379717,0.76575772918737695,0.67112977325386725,0.79343302536907778,0.46910545080977495,0.8057013032169229,0.5259861399281569,0.82168830384896441,0.48135664041962722
"LIRCMOP8_BC",1,90000,90020,441,170,"infeasible_endpoint","AI_train",0,36,0.033170095689653449,1.754114480207857,1.5354866761206458,0.76167304434689431,1,0.14798814820572562,0.90937210960174908,0.27699945671614662,0.97606306396975162,0.32714015782401978,0.91914515035758138,0.39582841293385707,0.89776031185022087,0.47936901267852405,0.91783511635009485,0.5014130758977392,0.82930516839666546,0.62900744405640197,0.8531750760053779,0.64795655918337336,0.73356206573986649,0.74974755731969078,0.69605196576966999,0.69586772065860214,0.59691712360428517,0.79708475930993261,0.62012712066571651,0.80911976363339733,0.4356584901218914,0.85880449558655725,0.45235848640120058,0.87473448299142098,0.50694217203802705
"LIRCMOP8_BC",1,90000,90020,441,171,"feasible_endpoint","AF_train",1,22,0.045998317379594131,1.4153334919402865,1.8686832683400627,0.62216887296719703,0.92135887474820155,0.089921274545895907,0.86829272651958944,0.16832334509917868,0.93336813797155616,0.21202641538315747,0.87846786044499492,0.28928661300631586,0.92321698460412716,0.39082744792723628,0.86620375414435824,0.45738679955531975,0.91664647712022007,0.468255269550371,0.84668007887692553,0.51533227741409171,0.77649454109584615,0.59226735072995507,0.80438749115533226,0.68174751397361788,0.68816702518599249,0.69032544224239434,0.75718430623570943,0.7263785062919389,0.59518463363436691,0.72840692880732893,0.6287648126489731,0.80047339826755204,0.62700815257657927
"LIRCMOP8_BC",1,90000,90020,441,171,"infeasible_endpoint","AI_train",0,22,0.045998317379594131,1.4025847339449291,1.8528611607653489,0.62010115803761634,0.92890075630554336,0.080692165854680392,0.85130848427012273,0.16678165606090201,0.95540511274952467,0.21041822246247266,0.87323555556119392,0.28492499842139307,0.92670711967778896,0.38335532025122615,0.86788849433009585,0.44888905475665947,0.91672356082707585,0.46435922684578879,0.85186763502450091,0.51188313543487418,0.77650847368156239,0.59021666782761895,0.80714179198808067,0.66983230706443819,0.7026848838104508,0.68897438375927056,0.75824322745362782,0.72325257049901592,0.59925235261706344,0.71886803987605452,0.63307053297825777,0.81307355427689332,0.60762752275743137
"LIRCMOP8_BC",1,90000,90020,441,172,"feasible_endpoint","AF_train",1,44,0.15853213265457347,1.8890619577713961,1.3921880841044323,0.77667344131632565,1,0.088376851428138475,0.95833676500586751,0.2462957434657399,0.96310508775497006,0.31020894323709713,1,0.36010151759306469,0.88098350807809533,0.54120556572634659,0.9610099489326428,0.56135815332271877,0.87475117428852545,0.52878322266482558,0.88838496877149109,0.66317367406369709,0.76202689570565196,0.72167859135104739,0.67102333966489625,0.80101667847052016,0.63276240208162848,0.8055498665517995,0.58456470099984159,0.76168970919172374,0.43340486605887046,0.82641775040594667,0.41910640956597789,0.85836856303157782,0.40435539362343798
"LIRCMOP8_BC",1,90000,90020,441,172,"infeasible_endpoint","AI_train",0,44,0.15853213265457347,1.8407790603677687,1.4395353513834468,0.77383011710997662,0.98711751709196538,0.08548972939086491,0.95455095243454635,0.2462957434657399,0.94579725692010785,0.26743594127180359,1,0.35087912301011714,0.88098350807809533,0.54120556572634659,0.96976871740913007,0.56135815332271877,0.87475117428852545,0.55111210627704821,0.89895298268372004,0.65757705809892686,0.77382176890454824,0.72167859135104739,0.67573978056885464,0.80101667847052016,0.63897357100366481,0.8055498665517995,0.58456470099984159,0.75644003956628592,0.44841158542315035,0.82641775040594667,0.42782329037493871,0.89454414418892936,0.4182719827175515
"LIRCMOP8_BC",1,90000,90020,441,173,"feasible_endpoint","AF_train",1,21,0.19713991272043557,1.3899101844267925,1.8916431492072219,0.36895571200074539,0.9762462457092318,0.051361242579507957,0.94171515364699743,0.086837812815666812,0.99264726185150809,0.10960381918673964,0.95945339990840606,0.16762289267044095,0.99041993110808768,0.22856312672558116,1,0.27734207872339317,0.98105634396173258,0.26956501618043816,1,0.3211211558764408,0.97668123756189174,0.36814016173750091,0.94606393236173969,0.4455758330833321,0.95632271271541225,0.48348515030452699,0.94375545877297706,0.52128265752193181,0.91112216822390857,0.57518803799965468,0.92627850339319262,0.65226041127683687,0.94751043210233199
"LIRCMOP8_BC",1,90000,90020,441,173,"infeasible_endpoint","AI_train",0,21,0.19713991272043557,1.3698085162506501,1.8113005689219426,0.37179903620709448,1,0.054248364616781522,0.93242891689976692,0.086837812815666812,1,0.15237682115203319,0.9378519219300252,0.17684528725338849,0.9933149536161332,0.22856312672558116,0.99124123152351284,0.27734207872339317,0.98105634396173258,0.26956501618043816,0.98943198608777105,0.32671777184121104,0.96488636436299546,0.36814016173750091,0.95460678043991953,0.4455758330833321,0.95011154379337592,0.48348515030452699,0.94375545877297706,0.52653232714736964,0.89611544885962868,0.57518803799965468,0.9175616225842318,0.65226041127683687,0.90723349438471113
"LIRCMOP8_BC",1,90000,90020,441,174,"feasible_endpoint","AF_train",1,98,0.087607473949842848,2.3796570910878332,0.7361148151481991,1,0.99027309660835461,0.16339200559589701,0.97287086943724366,0.15948576941240367,0.94335078028893804,0.47454842297110089,0.93575302787462478,0.46931640881745118,0.85915052387203661,0.59938685655561019,0.81470483417092043,0.66478857627445476,0.74202272843453077,0.75029582773326364,0.67331187097339229,0.89275877658657188,0.56946291885612221,0.95572855401687429,0.51167661321405955,0.9605180124490853,0.44024496664525981,1,0.32245772798124578,1,0.23023429300589099,1,0.096349467166994163,1,0.0019915833273972394
"LIRCMOP8_BC",1,90000,90020,441,174,"infeasible_endpoint","AI_train",0,98,0.087607473949842848,2.3440323383328163,0.72225382651455872,1,0.99145170883756317,0.16709372909914166,0.98271632491111394,0.30865182794511509,0.95156018338861792,0.51696220717015839,0.92555943575136723,0.46895528199704484,0.86030027171181156,0.60111101363249086,0.79952602780298199,0.67393052571875334,0.73166568948853661,0.735701948484214,0.67075796054999726,0.8814452462686394,0.56197638168129593,0.94260910686684263,0.50370366066366157,0.95713060191342858,0.40901399811508998,0.97113886400911553,0.30539168114922088,0.98743174311613147,0.22456922212678765,0.990398567618056,0.088793086223075232,0.95470969888418766,0
"LIRCMOP8_BC",1,90000,90020,441,175,"feasible_endpoint","AF_train",1,1,0.033528941159414252,0.70569999999999999,2.3924849374327999,0,0.82880808151079921,0,0.86062245740076615,0,0.89469367826638679,0,0.90970567552744575,0,1,0,1,0,1,0,1,0,1,0,0.97348142203572352,0,1,0,1,0,1,0,1,0,1
"LIRCMOP8_BC",1,90000,90020,441,175,"infeasible_endpoint","AI_train",0,1,0.033528941159414252,0.70569999999999999,2.3775423017446835,0,0.87963743360167634,0,0.82065181463622949,0,0.87436492183982839,0,0.93110052012614575,0,1,0,1,0,1,0,1,0,1,0,1,0,1,0,1,0,1,0,1,0,1
"LIRCMOP8_BC",1,90000,90020,441,176,"feasible_endpoint","AF_train",1,42,0.061499589010764751,1.8622386901691583,1.4301950076084027,0.75452672310075941,1,0.13475145182619072,0.96986572844355368,0.22865415917318663,0.95657334352591805,0.25206404905083174,1,0.36745181366326712,0.88998135270726753,0.5293931143303432,0.98271451476114957,0.57068689234169501,0.89263577584604603,0.53402946722635103,0.89170457782354462,0.6205436188202933,0.77033057708686326,0.70581234314193153,0.70021254023114721,0.76005494022581732,0.66288496851999668,0.79084689417113285,0.60272344874504746,0.7184826230659036,0.46980363009539827,0.81232206765015369,0.45168951436310889,0.88221441419896318,0.44357832871369207
"LIRCMOP8_BC",1,90000,90020,441,176,"infeasible_endpoint","AI_train",0,42,0.061499589010764751,1.8383853210144168,1.4173592060451066,0.75245900817117872,1,0.12552234313497521,0.95780841429511154,0.22711247013490996,0.97861031830388656,0.25045585613014693,0.994767695116199,0.36309019907834433,0.89347148778092933,0.52192098665433306,0.98439925494688718,0.56218914754303473,0.89271285955290181,0.53013342452176881,0.89689213397112,0.61709447684107577,0.7703445096725795,0.70376166023959541,0.70296684106389562,0.74813973331663763,0.67740282714445499,0.78949583568800907,0.60378236996296586,0.71535668727298063,0.47387134907809481,0.80278317871887928,0.45599523469239356,0.89481457020830446,0.42419769889454417
"LIRCMOP8_BC",1,90000,90020,441,177,"feasible_endpoint","AF_train",1,98,0.087607473949842848,2.3796570910878332,0.7361148151481991,1,0.99027309660835461,0.16339200559589701,0.97287086943724366,0.15948576941240367,0.94335078028893804,0.47454842297110089,0.93575302787462478,0.46931640881745118,0.85915052387203661,0.59938685655561019,0.81470483417092043,0.66478857627445476,0.74202272843453077,0.75029582773326364,0.67331187097339229,0.89275877658657188,0.56946291885612221,0.95572855401687429,0.51167661321405955,0.9605180124490853,0.44024496664525981,1,0.32245772798124578,1,0.23023429300589099,1,0.096349467166994163,1,0.0019915833273972394
"LIRCMOP8_BC",1,90000,90020,441,177,"infeasible_endpoint","AI_train",0,98,0.087607473949842848,2.3440323383328163,0.72225382651455872,1,0.99145170883756317,0.16709372909914166,0.98271632491111394,0.30865182794511509,0.95156018338861792,0.51696220717015839,0.92555943575136723,0.46895528199704484,0.86030027171181156,0.60111101363249086,0.79952602780298199,0.67393052571875334,0.73166568948853661,0.735701948484214,0.67075796054999726,0.8814452462686394,0.56197638168129593,0.94260910686684263,0.50370366066366157,0.95713060191342858,0.40901399811508998,0.97113886400911553,0.30539168114922088,0.98743174311613147,0.22456922212678765,0.990398567618056,0.088793086223075232,0.95470969888418766,0
"LIRCMOP8_BC",1,90000,90020,441,178,"feasible_endpoint","AF_train",1,98,0.087607473949842848,2.3796570910878332,0.7361148151481991,1,0.99027309660835461,0.16339200559589701,0.97287086943724366,0.15948576941240367,0.94335078028893804,0.47454842297110089,0.93575302787462478,0.46931640881745118,0.85915052387203661,0.59938685655561019,0.81470483417092043,0.66478857627445476,0.74202272843453077,0.75029582773326364,0.67331187097339229,0.89275877658657188,0.56946291885612221,0.95572855401687429,0.51167661321405955,0.9605180124490853,0.44024496664525981,1,0.32245772798124578,1,0.23023429300589099,1,0.096349467166994163,1,0.0019915833273972394
"LIRCMOP8_BC",1,90000,90020,441,178,"infeasible_endpoint","AI_train",0,98,0.087607473949842848,2.3440323383328163,0.72225382651455872,1,0.99145170883756317,0.16709372909914166,0.98271632491111394,0.30865182794511509,0.95156018338861792,0.51696220717015839,0.92555943575136723,0.46895528199704484,0.86030027171181156,0.60111101363249086,0.79952602780298199,0.67393052571875334,0.73166568948853661,0.735701948484214,0.67075796054999726,0.8814452462686394,0.56197638168129593,0.94260910686684263,0.50370366066366157,0.95713060191342858,0.40901399811508998,0.97113886400911553,0.30539168114922088,0.98743174311613147,0.22456922212678765,0.990398567618056,0.088793086223075232,0.95470969888418766,0
"LIRCMOP8_BC",1,90000,90020,441,179,"feasible_endpoint","AF_train",1,42,0.082098789269354572,1.8622386901691583,1.4301950076084027,0.75452672310075941,1,0.13475145182619072,0.96986572844355368,0.22865415917318663,0.95657334352591805,0.25206404905083174,1,0.36745181366326712,0.88998135270726753,0.5293931143303432,0.98271451476114957,0.57068689234169501,0.89263577584604603,0.53402946722635103,0.89170457782354462,0.6205436188202933,0.77033057708686326,0.70581234314193153,0.70021254023114721,0.76005494022581732,0.66288496851999668,0.79084689417113285,0.60272344874504746,0.7184826230659036,0.46980363009539827,0.81232206765015369,0.45168951436310889,0.88221441419896318,0.44357832871369207
"LIRCMOP8_BC",1,90000,90020,441,179,"infeasible_endpoint","AI_train",0,42,0.082098789269354572,1.826215871248557,1.4301950076084027,0.75452672310075941,1,0.13475145182619072,0.96986572844355368,0.22865415917318663,0.95657334352591805,0.25206404905083174,1,0.3112721861759809,0.88998135270726753,0.5293931143303432,0.98271451476114957,0.57068689234169501,0.89263577584604603,0.53402946722635103,0.89170457782354462,0.60937650549610067,0.77033057708686326,0.70581234314193153,0.70021254023114721,0.76005494022581732,0.66288496851999668,0.79084689417113285,0.60272344874504746,0.74110691352303959,0.46980363009539827,0.81232206765015369,0.45168951436310889,0.88221441419896318,0.44357832871369207
"LIRCMOP8_BC",1,90000,90020,441,180,"feasible_endpoint","AF_train",1,98,0.087607473949842848,2.3796570910878332,0.7361148151481991,1,0.99027309660835461,0.16339200559589701,0.97287086943724366,0.15948576941240367,0.94335078028893804,0.47454842297110089,0.93575302787462478,0.46931640881745118,0.85915052387203661,0.59938685655561019,0.81470483417092043,0.66478857627445476,0.74202272843453077,0.75029582773326364,0.67331187097339229,0.89275877658657188,0.56946291885612221,0.95572855401687429,0.51167661321405955,0.9605180124490853,0.44024496664525981,1,0.32245772798124578,1,0.23023429300589099,1,0.096349467166994163,1,0.0019915833273972394
"LIRCMOP8_BC",1,90000,90020,441,180,"infeasible_endpoint","AI_train",0,98,0.087607473949842848,2.3440323383328163,0.72225382651455872,1,0.99145170883756317,0.16709372909914166,0.98271632491111394,0.30865182794511509,0.95156018338861792,0.51696220717015839,0.92555943575136723,0.46895528199704484,0.86030027171181156,0.60111101363249086,0.79952602780298199,0.67393052571875334,0.73166568948853661,0.735701948484214,0.67075796054999726,0.8814452462686394,0.56197638168129593,0.94260910686684263,0.50370366066366157,0.95713060191342858,0.40901399811508998,0.97113886400911553,0.30539168114922088,0.98743174311613147,0.22456922212678765,0.990398567618056,0.088793086223075232,0.95470969888418766,0
"LIRCMOP8_BC",1,90000,90020,441,181,"feasible_endpoint","AF_train",1,6,0.10343029924823674,0.91061467364641024,2.2647768839940534,0.042035552039625862,0.9107110577646722,0.087000106918634731,0.87654233250418356,0.025808867930065909,0.8754848414397578,0.036896438441910012,0.98688517838133683,0.0082058599396761939,0.9812353920437944,0.081552626606073736,0.94539048613160725,0.062809712379630955,0.99611001372148811,0.027476005270177656,0.95911302444849822,0.062256016925209726,0.96961415994618849,0.025623349384366514,1,0.068476707970524894,0.94379608192163733,0.024103438410549738,0.95766057128459314,0.063423273684317466,0.96164951624770723,0.10581595640884411,0.97928648328122825,0.078487964088509998,0.92692181856023759
"LIRCMOP8_BC",1,90000,90020,441,181,"infeasible_endpoint","AI_train",0,6,0.10343029924823674,0.87153782823422765,2.2866877134785808,0.021661967820869682,0.89033272077074421,0.065723162367322535,0.86575884851938611,0.025808867930065909,0.86993445857755014,0.036896438441910012,0.97474567960186553,0.029463816474052121,0.98675083719407064,0.073242546457016389,0.9481790283907342,0.027214976276936059,0.99719203521088651,0.0083013842679132699,0.95911302444849822,0.054757903866837668,0.99227791265539955,0.025623349384366514,1,0.036363812974561885,0.95194220699907572,0.0068842553588356892,0.98250636427432436,0.057416487595534693,0.97323815759695687,0.074442494289799738,0.98618684841522941,0.053583362675023449,0.9490242785034303
"LIRCMOP8_BC",1,90000,90020,441,182,"feasible_endpoint","AF_train",1,15,0.16413955662330568,1.2103941340486082,2.0447242013842803,0.38181700693169507,0.96042691527047919,0.1441277760883713,0.89324393821798753,0.10383099737003322,0.89841989670816536,0.13457306641554176,0.93038902550439573,0.17356184866566521,0.88742275738908027,0.20111554589950889,0.9548974202524958,0.22958171308698522,0.96368505467739396,0.34092357665919149,0.93044897721894282,0.33252182060745605,0.96985983313202406,0.35470699725150168,0.9036608339435952,0.41982548350322763,0.80664257848297249,0.44689964210086275,0.90278697457199608,0.45592644401825666,0.8161637499232457,0.54589889208312004,0.8410833190474819,0.54189202996475705,0.85431601152250414
"LIRCMOP8_BC",1,90000,90020,441,182,"infeasible_endpoint","AI_train",0,15,0.16413955662330568,1.2501095950924705,1.9875330612513187,0.38181700693169507,0.9575920645773871,0.15000636907433976,0.91620121557046119,0.10383099737003322,0.89601283640246443,0.13457306641554176,0.928640541927369,0.20268185418080986,0.9031796981330944,0.27092690209331388,0.95356432430165117,0.22891327665804301,0.96368505467739396,0.34092357665919149,0.93044897721894282,0.32766499018628392,0.97329720869376501,0.35470699725150168,0.9036608339435952,0.41755374434410769,0.80664257848297249,0.44689964210086275,0.90278697457199608,0.45592644401825666,0.8161637499232457,0.52361717079232473,0.8410833190474819,0.51847822708309055,0.85431601152250414
"LIRCMOP8_BC",1,90000,90020,441,183,"feasible_endpoint","AF_train",1,98,0.087607473949842848,2.3796570910878332,0.7361148151481991,1,0.99027309660835461,0.16339200559589701,0.97287086943724366,0.15948576941240367,0.94335078028893804,0.47454842297110089,0.93575302787462478,0.46931640881745118,0.85915052387203661,0.59938685655561019,0.81470483417092043,0.66478857627445476,0.74202272843453077,0.75029582773326364,0.67331187097339229,0.89275877658657188,0.56946291885612221,0.95572855401687429,0.51167661321405955,0.9605180124490853,0.44024496664525981,1,0.32245772798124578,1,0.23023429300589099,1,0.096349467166994163,1,0.0019915833273972394
"LIRCMOP8_BC",1,90000,90020,441,183,"infeasible_endpoint","AI_train",0,98,0.087607473949842848,2.3440323383328163,0.72225382651455872,1,0.99145170883756317,0.16709372909914166,0.98271632491111394,0.30865182794511509,0.95156018338861792,0.51696220717015839,0.92555943575136723,0.46895528199704484,0.86030027171181156,0.60111101363249086,0.79952602780298199,0.67393052571875334,0.73166568948853661,0.735701948484214,0.67075796054999726,0.8814452462686394,0.56197638168129593,0.94260910686684263,0.50370366066366157,0.95713060191342858,0.40901399811508998,0.97113886400911553,0.30539168114922088,0.98743174311613147,0.22456922212678765,0.990398567618056,0.088793086223075232,0.95470969888418766,0
"LIRCMOP8_BC",1,90000,90020,441,184,"feasible_endpoint","AF_train",1,26,0.35978269904843102,1.5110908458319516,1.7874435440116343,0.5819609323841678,0.99999842202353373,0.076314973598288163,0.98679383729516434,0.12751402540440887,0.99479841098964916,0.23863509053911811,0.96789076276308683,0.26126301989617695,0.82956714273156185,0.33595500524672478,0.92070917294326282,0.37741053172086619,0.89477084228394599,0.42655236434136207,0.8532589974071112,0.44113289517373844,0.79074933027162664,0.49132619516847276,0.80376131299395293,0.55217718909382485,0.72859706619799303,0.59337156112399325,0.68302334832385558,0.63096387447125113,0.65647858534131664,0.73447706177511329,0.59003767420340714,0.69461050225372034,0.52411290673242072
"LIRCMOP8_BC",1,90000,90020,441,184,"infeasible_endpoint","AI_train",0,26,0.35978269904843102,1.4707119078890649,1.9322425190394974,0.56285641243004325,0.99419488615445206,0.092404610734715315,0.99064957168894641,0.055435174027335624,0.98875949032966659,0.22784818844429824,0.9529943050868469,0.29003187573158939,0.82880997055193484,0.33249401057200534,0.89824432231143791,0.37947210743561738,0.88877209456202666,0.40468778127644139,0.83636663000743316,0.43626750270295783,0.74469051409814069,0.49347785480327189,0.80325186787025049,0.53422848862213468,0.7396634003238618,0.62310997598611828,0.71478931345218799,0.62794317240498365,0.692342399029233,0.73368992350776874,0.60058440971983196,0.70973511313634985,0.56095984695645051
"LIRCMOP8_BC",1,90000,90020,441,185,"feasible_endpoint","AF_train",1,2,0.017817278700184826,0.7396667249520561,2.3710735066483037,0.004135429859161377,0.85579773783683777,0.01845821738243103,0.85859298706054688,0.0030833780765533447,0.88938316702842712,0.0032163858413696289,0.88984239101409912,0.0087232291698455811,0.99301972985267639,0.014944255352020264,0.99663051962852478,0.016995489597320557,0.99984583258628845,0.0077920854091644287,0.98962488770484924,0.0068982839584350586,0.9999721348285675,0.0041013658046722412,0.99449139833450317,0.023830413818359375,0.97096428275108337,0.0027021169662475586,0.99788215756416321,0.0062518715858459473,0.99186456203460693,0.019077777862548828,0.99138855934143066,0.047150850296020508,0.98604056239128113
"LIRCMOP8_BC",1,90000,90020,441,185,"infeasible_endpoint","AI_train",0,2,0.017817278700184826,0.73483720045300971,2.3640668108638283,0,0.84643663572731498,0.053978885180234776,0.87141874980316192,0,0.85198906367253913,0,0.95711569755176684,0,1,0,0.95567621123877511,0,1,0,0.99669282321266439,0,1,0,1,0,1,0,1,0,1,0,1,0,1
"LIRCMOP8_BC",1,90000,90020,441,186,"feasible_endpoint","AF_train",1,6,0.10682325407172602,0.91061467364641024,2.2647768839940534,0.042035552039625862,0.9107110577646722,0.087000106918634731,0.87654233250418356,0.025808867930065909,0.8754848414397578,0.036896438441910012,0.98688517838133683,0.0082058599396761939,0.9812353920437944,0.081552626606073736,0.94539048613160725,0.062809712379630955,0.99611001372148811,0.027476005270177656,0.95911302444849822,0.062256016925209726,0.96961415994618849,0.025623349384366514,1,0.068476707970524894,0.94379608192163733,0.024103438410549738,0.95766057128459314,0.063423273684317466,0.96164951624770723,0.10581595640884411,0.97928648328122825,0.078487964088509998,0.92692181856023759
"LIRCMOP8_BC",1,90000,90020,441,186,"infeasible_endpoint","AI_train",0,6,0.10682325407172602,0.86716270398990558,2.2810083102952246,0,0.90081190018497304,0.090548996859799266,0.8429340426895735,0,0.85130892033714745,0,0.9923001930145241,0,1,0,0.9707679501258013,0,1,0,1,0,1,0,1,0.08914678663123321,1,0,1,0,1,0,1,0,1
"LIRCMOP8_BC",1,90000,90020,441,187,"feasible_endpoint","AF_train",1,32,0.46492172413627675,1.6593044976566316,1.635754126043669,0.74420018949885414,0.95245569025395616,0.055060157400266659,0.88547731819765119,0.18778301236268702,0.93718782449953975,0.23804678995659123,0.93832339657156671,0.30790538550403257,0.93535575627143386,0.49376080952378443,0.87024793465932337,0.48525017898596973,0.85782890142716794,0.5816191246077338,0.87084720124273063,0.60897387106031065,0.66690318947626281,0.71038732246757075,0.74234943030171019,0.76329634990584205,0.66923714368829057,0.76485781712504819,0.64182232431198027,0.79972231364681767,0.58922346730985187,0.81644150898812695,0.54779046116118368,0.86303213202704454,0.47124658295710214
"LIRCMOP8_BC",1,90000,90020,441,187,"infeasible_endpoint","AI_train",0,32,0.46492172413627675,1.6764518889679989,1.4429037641385851,0.80280083704529581,0.97176913964232958,0.10739719412916587,0.9122181065292545,0.23971150086147286,0.94889494170497612,0.25473467708239844,0.95261375977228224,0.37289182636745943,0.91236318128016691,0.48417606296768667,0.88380997410970852,0.56559375676492196,0.84322890262670813,0.62601929562353353,0.8347619441117653,0.64758700503638966,0.63100186695725025,0.78871268434358266,0.69754504329696521,0.77541662868780359,0.63420148391825892,0.83764594044964102,0.56529489912385855,0.82382168056978178,0.52688583694882352,0.86669403769788311,0.29022441203484278,0.9210667120961018,0.36156248060433777
"LIRCMOP8_BC",1,90000,90020,441,188,"feasible_endpoint","AF_train",1,50,0.12907720955189614,1.9786157702701681,1.3001067639961912,0.92992791060486635,0.99492832970292833,0.1192016154320969,0.99633036858137358,0.22546791081058193,0.97617544325356098,0.33864316330924621,0.97947068691837946,0.39406144936322007,0.86819534000006171,0.45136225557090515,0.8818759119543661,0.49138637873299595,0.80806243902080566,0.6253204627275617,0.73812480618732601,0.67599298126483676,0.65358217034032129,0.76301567215800614,0.62237347017618438,0.79965918904627653,0.54136415555872797,0.83468654597135084,0.45848017644211497,0.88409164000642337,0.38857178704690676,0.93471484777932101,0.30026618718941506,0.95443932599947756,0.20606340443954413
"LIRCMOP8_BC",1,90000,90020,441,188,"infeasible_endpoint","AI_train",0,50,0.12907720955189614,1.9376915370733609,1.2628905902846124,0.99153093074360077,0.99991637188291183,0.16182512744259708,1,0.20785558400264234,0.97977605067271212,0.29734123013581104,0.97549735667923132,0.4215374777882942,0.83614983587351022,0.46628484734592945,0.86849457984439549,0.54372281222407037,0.79384859226226612,0.72643417773342023,0.70598607715721373,0.73911310241832262,0.6268150600819703,0.85485388558822017,0.60171144649359332,0.89708217966157078,0.44616512440235601,0.88342054999061259,0.38691259859718741,0.93608069390938919,0.3143633448040305,0.99987898391814256,0.20033287086275386,1,0.1146265479863802
"LIRCMOP8_BC",1,90000,90020,441,189,"feasible_endpoint","AF_train",1,18,0.14574869812864422,1.3025917603053345,1.9692182618605227,0.30041495048257205,0.9658108618545036,0.022411113155638714,0.92624220014799397,0.11049384206832058,1,0.095083923012831653,0.90363768570274616,0.13675700209540023,1,0.12854286519207125,1,0.2426781219377509,1,0.2219365485570538,1,0.22849299232976295,1,0.28712100056189871,0.930455615886428,0.33285127726507507,0.96323732828984321,0.43539948667687217,0.98978852135090833,0.43145953453681241,0.89317809757180977,0.46185947349776635,0.96256491878073269,0.54688051162775864,0.98615179253684615
"LIRCMOP8_BC",1,90000,90020,441,189,"infeasible_endpoint","AI_train",0,18,0.14574869812864422,1.2700330398436264,1.9166126902556202,0.095358681804243034,0.93713988528827064,0.0011685597249629504,0.92657021134796147,0.057172383744311453,0.9703492297307913,0.018944757726963593,0.89638887315815963,0.073297494683544601,1,0.087965644971339296,1,0.099059386377162106,1,0.07046666999000073,1,0.051871393285117529,1,0.10209459938537241,0.96581051135596829,0.11856910702670687,1,0.20336619641407361,1,0.20354955692590943,1,0.19919645922745433,1,0.29484422961323525,1
"LIRCMOP8_BC",1,90000,90020,441,190,"feasible_endpoint","AF_train",1,6,0.095963104057462292,0.91061467364641024,2.2647768839940534,0.042035552039625862,0.9107110577646722,0.087000106918634731,0.87654233250418356,0.025808867930065909,0.8754848414397578,0.036896438441910012,0.98688517838133683,0.0082058599396761939,0.9812353920437944,0.081552626606073736,0.94539048613160725,0.062809712379630955,0.99611001372148811,0.027476005270177656,0.95911302444849822,0.062256016925209726,0.96961415994618849,0.025623349384366514,1,0.068476707970524894,0.94379608192163733,0.024103438410549738,0.95766057128459314,0.063423273684317466,0.96164951624770723,0.10581595640884411,0.97928648328122825,0.078487964088509998,0.92692181856023759
"LIRCMOP8_BC",1,90000,90020,441,190,"infeasible_endpoint","AI_train",0,6,0.095963104057462292,0.86930724496032286,2.2578155022230044,0.12211253097811518,0.87061755152516507,0.024424934557166298,0.86616610332247812,0.025566833826297979,0.91314596433317063,0.031194760893402125,0.90472740274109376,0.071841852264399375,0.9937306197791429,0.085981997494462989,0.99298228679377454,0.08745920865907722,0.98165585308284264,0.10866273015063652,1,0.096468456194141683,1,0.10974695288141531,0.95443946574619543,0.1271753863036402,0.94980875202585258,0.15377452780799161,0.99183278884994119,0.1479729547614117,0.94981858418146214,0.2014979760819062,0.95445780204904052,0.22769856738225958,0.96247490465600238
"LIRCMOP8_BC",1,90000,90020,441,191,"feasible_endpoint","AF_train",1,47,0.047767977284894743,1.938033660628228,1.3350902352764724,0.71419017557286302,0.96936097268422383,0.034286435945744112,0.97077173650305026,0.23449514260796189,1,0.37759277177336753,0.90155958854270102,0.33717076758762954,0.94007543140623018,0.42413928501792669,0.93687031759430628,0.42643568715312419,0.90990534592578953,0.54564141425154356,0.8178661409291339,0.62252582750093355,0.79149805148930275,0.60179956389667233,0.67400072947324774,0.6935787802386254,0.6945112969293652,0.74749990131629862,0.62459003514215383,0.73549695784231472,0.5191255118877639,0.83636365316908412,0.4871583704023712,0.74881652968733281,0.43081813855885637
"LIRCMOP8_BC",1,90000,90020,441,191,"infeasible_endpoint","AI_train",0,47,0.047767977284894743,1.9176594475765434,1.3286741697940856,0.77579319571159744,0.98115615828899994,0.086095590063839933,0.99330784013125695,0.22465694789003893,0.9998083058570606,0.35885370736578048,0.89022721281557404,0.37007920608168743,0.90037575619489529,0.47073275466701353,0.89887036537946985,0.55140878173176699,0.8871893942866349,0.64814278440397,0.76234824715295224,0.65744515950635263,0.73827102096486263,0.67446671189320806,0.63140229282203952,0.8427600724850226,0.61371388916483549,0.7947940829185729,0.52167756394948617,0.78748601174528055,0.43075013344895263,0.90152778930790567,0.34588372160191172,0.80992642200630138,0.33376782147671125
"LIRCMOP8_BC",1,90000,90020,441,192,"feasible_endpoint","AF_train",1,17,0.15149733180350466,1.2649486869813815,1.9999960673740371,0.21419017557286302,0.90985766378334909,0,0.93229892967417838,0.094257197480661692,0.95301882829234874,0.18338231621622375,0.90492153410876719,0.10850904439540379,1,0.19421283605623393,0.99110070949679796,0.11923166754875603,1,0.14629478974624516,0.97889175619155078,0.19209960450642966,1,0.11354914833691926,0.89608193695655425,0.20322334955619425,0.96466701728127691,0.24749990131629862,0.96058358812456557,0.23549695784231472,0.91463404236264489,0.33636365316908412,0.92107056775146634,0.28900070114172494,0.90459127118534455
"LIRCMOP8_BC",1,90000,90020,441,192,"infeasible_endpoint","AI_train",0,17,0.15149733180350466,1.2302917825743935,1.9458497917154516,0.19665355885896318,0.90156413176409012,0.022170052580662396,0.98516955314244159,0.084995808109272791,0.93657883153347887,0.15883812290345647,0.90148944964364341,0.099312153027022371,0.95565619445197059,0.16611006684504528,0.97673912940062046,0.14523999563722573,1,0.11995611488695265,0.9815885145836214,0.16274775367606958,1,0.086638246324486801,0.94364325193791221,0.17575762761589447,0.94566382837211971,0.25436174425748975,0.96959003385340714,0.1978675676183394,0.95615606451028423,0.32382134483852676,0.94069569393130537,0.26942403972546486,0.92919569524625112
"LIRCMOP8_BC",1,90000,90020,441,193,"feasible_endpoint","AF_train",1,79,0.060121281277030328,2.2714876802930455,0.90306920588849549,0.93434739314982718,0.9996703405286087,0.22777310534575082,0.99765364237977361,0.34363320232051087,0.95405937215292802,0.43080454864729023,0.93652171913251514,0.49069325232938138,0.88916568374091265,0.53689345853099435,0.83737703985986189,0.66860085015886317,0.7781634883662798,0.68988701585414369,0.67438522167132953,0.83894506065316465,0.59697409796775891,0.91943199429747802,0.54282016543459988,0.84357446837137029,0.46674629769057119,0.91573975175475053,0.37464267661581013,0.89877615743664685,0.28948610646625456,0.95702971147179405,0.14402549686546054,0.96993646359211805,0.089727720310851605
"LIRCMOP8_BC",1,90000,90020,441,193,"infeasible_endpoint","AI_train",0,79,0.060121281277030328,2.2454965573035706,0.90889207882100376,0.93978533264746922,0.97237967987537588,0.12925097208426681,0.96066766486513067,0.26706785484816931,0.93956133721925394,0.46460829042847551,0.92209144249588482,0.4706452118662614,0.88740438859000992,0.54765901351459279,0.8374789081002687,0.56592109953965064,0.79787875242650064,0.69089010143302065,0.75899851012675057,0.75470411020636741,0.63326037329351526,0.89027604770382307,0.56121370593462916,0.91394155961146084,0.50316665407493844,0.90687756066291214,0.35405191781239354,0.9011425354139817,0.31840469405287347,0.85304568269049597,0.21503761755406306,0.87652629083452827,0.073737791718055778
"LIRCMOP8_BC",1,90000,90020,441,194,"feasible_endpoint","AF_train",1,3,0.044987439987815708,0.78728879959218878,2.3427203215787014,0.0056866484126981698,0.89664646676759052,0.0057742440745471302,0.84204998390630514,0,0.96807277825408855,0.085546003930587075,0.86650271957068392,0.018444789165895065,1,0,0.98248246304702558,0,1,0,0.97886397217554211,0.01119323192954047,0.97641025360220746,0,0.99056711819208321,0,0.98757766215592735,0,1,0.010499339250875594,0.96998656127144023,0,0.98256623838207835,0,0.91944612456475827
"LIRCMOP8_BC",1,90000,90020,441,194,"infeasible_endpoint","AI_train",0,3,0.044987439987815708,0.77056042204075892,2.3316478746375502,0,0.85152257437151224,0.0023812596654864959,0.85290283080712204,0,0.89377766208977716,0,0.91283183464760631,0,0.99450543578453066,0,1,0,1,0.010138737490538896,1,0,1,0,1,0.041431987425396222,1,0,1,0,1,0.011605959961350887,1,0.06727755881374331,1
"LIRCMOP8_BC",1,90000,90020,441,195,"feasible_endpoint","AF_train",1,41,0.99999999999595701,1.8294255437382831,1.4571075795025421,0.81298948727510967,0.98424030389085171,0.14219801381664693,0.96258957518650201,0.22276198432532307,0.96905978534201642,0.32894762437297526,0.92863780314471644,0.35407749391587517,0.91707744524778123,0.41464572022772178,0.89747549354592637,0.5192524233832746,0.83575683930691658,0.54450140072426056,0.82036575020378932,0.62517079317069213,0.72250593348431535,0.70017166887974935,0.69002247719399235,0.74991895422302368,0.63355404226572321,0.7826470352048267,0.56622278884447508,0.81986620443087654,0.57277026458868252,0.84999532217536411,0.44741622776341727,0.82935645432981464,0.39653089831815114
"LIRCMOP8_BC",1,90000,90020,441,195,"infeasible_endpoint","AI_train",0,41,0.99999999999595701,2.2511043740496879,1.3942053128898877,0.75102868553999258,1,0.13737876587896,0.96271029945415287,0.21051372550518521,0.99278220468486966,0.3320317786536473,0.90201215791769829,0.35260784991648397,0.96397752528559288,0.35884366700964265,0.90450470944494366,0.47239306551896248,0.84984226868029,0.51898110506056083,0.8155482847376494,0.56432793494074551,0.74080298146620882,0.62551140791861903,0.69998061884363727,0.66864576625132477,0.67872256353181459,0.69647566016160578,0.58460342853313219,0.75537684708510522,0.63893776586110196,0.77583395163620017,0.48100272803550437,0.7190249133751403,0.44430696179079732
"LIRCMOP8_BC",1,90000,90020,441,196,"feasible_endpoint","AF_train",1,86,0.0095286675046077924,2.3121253683471767,0.83830756613260748,1,0.99494473258057003,0.17405998906235096,0.9795035853561489,0.30516751817305998,0.96340857818515002,0.45418044150266751,0.91912278011916548,0.50743191085098982,0.83453786717360545,0.58974313637077969,0.80522273869333005,0.68432782101332901,0.73560587657579546,0.82542934015968006,0.63925022762550432,0.7978334142596365,0.55189786797325002,0.93700117880575629,0.47934560563687323,0.99713997577874003,0.39485960068458748,1,0.25376689184466095,1,0.15444406104185815,1,0.046626897764437347,1,0
"LIRCMOP8_BC",1,90000,90020,441,196,"infeasible_endpoint","AI_train",0,86,0.0095286675046077924,2.3092658413164759,0.8341476858492749,1,0.99309237208305046,0.1514639123562482,0.9813166279797344,0.30516751817305998,0.97382453179563944,0.45418044150266751,0.91204019709600392,0.50743191085098982,0.85091117974284813,0.58974313637077969,0.80522273869333005,0.68432782101332901,0.73560587657579546,0.82542934015968006,0.63925022762550432,0.7978334142596365,0.55189786797325002,0.93700117880575629,0.47934560563687323,0.99713997577874003,0.39485960068458748,1,0.25376689184466095,1,0.15444406104185815,1,0.046626897764437347,1,0
"LIRCMOP8_BC",1,90000,90020,441,197,"feasible_endpoint","AF_train",1,30,0.4405421173067976,1.6151740990758967,1.6811223766303462,0.64063943672727741,0.98310977459919535,0.060608898952784672,0.90996723759852549,0.14735428654334784,0.94290828555349548,0.29171610086825306,0.92597690861394777,0.2245990462108533,0.92410727129119441,0.42167689393856755,0.9508465923217635,0.47659047932466148,0.90515453347220398,0.4685489887851344,0.94729919225987147,0.50272162567385892,0.82880851120999544,0.57499491957513782,0.81452419150901667,0.72557190746748468,0.64378295594496926,0.6714031089635577,0.7295142944868831,0.73882020842189677,0.64513987386416416,0.76834389425730387,0.63366093667207724,0.84627934520465997,0.61423306804484556
"LIRCMOP8_BC",1,90000,90020,441,197,"infeasible_endpoint","AI_train",0,30,0.4405421173067976,1.5596430546543081,1.8564601901944058,0.56790469473987382,0.97836903458843349,0.023158091919667063,0.91287312168902313,0.12326087234763998,0.93978153129949482,0.28190751587569263,0.93956597478633164,0.18606889191629589,0.895728869823611,0.38251992242912358,0.99581626204591212,0.40236366281146124,0.92547231523298701,0.41061972218440823,1,0.44009648309585558,0.91362647840708211,0.50974734529267662,0.80631284725962737,0.63404305223154256,0.73418048661153856,0.63938708612690132,0.80022364894709686,0.65278332749914125,0.71848062595321094,0.71386138309077785,0.73561540307136142,0.79540589618973212,0.69991208498148438
"LIRCMOP8_BC",1,90000,90020,441,198,"feasible_endpoint","AF_train",1,15,0.10925324730644204,1.2103941340486082,2.0447242013842803,0.38181700693169507,0.96042691527047919,0.1441277760883713,0.89324393821798753,0.10383099737003322,0.89841989670816536,0.13457306641554176,0.93038902550439573,0.17356184866566521,0.88742275738908027,0.20111554589950889,0.9548974202524958,0.22958171308698522,0.96368505467739396,0.34092357665919149,0.93044897721894282,0.33252182060745605,0.96985983313202406,0.35470699725150168,0.9036608339435952,0.41982548350322763,0.80664257848297249,0.44689964210086275,0.90278697457199608,0.45592644401825666,0.8161637499232457,0.54589889208312004,0.8410833190474819,0.54189202996475705,0.85431601152250414
"LIRCMOP8_BC",1,90000,90020,441,198,"infeasible_endpoint","AI_train",0,15,0.10925324730644204,1.2177151764182947,1.9989775503873191,0.39051524593611153,0.96779123967803515,0.13948683489501257,0.87875592581054152,0.10878194338390638,0.91424234090765055,0.1559071268816295,0.92894157926125032,0.18091535466437667,0.89848020752462476,0.19281213290838681,0.9643526199674568,0.24222202610851978,0.95592952435514111,0.34849120822256635,0.91202542180033686,0.35133794685709646,0.94522418326850111,0.34876377843416051,0.87949168444445247,0.43813219625572886,0.81739023818913725,0.46157923748599972,0.88778752417264917,0.47960503763788559,0.79981786125598675,0.53845994661779417,0.83270126883021223,0.53739431665304016,0.81840822708414995
"LIRCMOP8_BC",1,90000,90020,441,199,"feasible_endpoint","AF_train",1,52,0.18525157099747708,2.0019744127587327,1.2641695125310553,0.83330477518210255,1,0.10177325459906221,0.9579763685046736,0.27522221261096913,0.96636407259211587,0.35694291250342591,1,0.42087525333734732,0.92677436276140268,0.58822057171816744,0.9245618987541081,0.57044931926594233,0.84557119188395702,0.57987228838090998,0.82281977962575559,0.70264819495990027,0.62452248193186621,0.77214927534432964,0.58269579782453607,0.81119000111250616,0.59240212305383411,0.82199462020425584,0.49422303481202584,0.8547928375927738,0.41428354381117449,0.85935128789259863,0.38936327277581001,0.84631046356194439,0.26338553718369451
"LIRCMOP8_BC",1,90000,90020,441,199,"infeasible_endpoint","AI_train",0,52,0.18525157099747708,1.9463822574782841,1.3200371122151224,0.85121448395111332,1,0.097713808802807403,0.956509065825911,0.2380588874446547,0.98154002732589773,0.39142379025709073,0.98161701859295325,0.41350098536348567,0.9334005422982965,0.56362770719252042,0.93056208797357343,0.54595363378810235,0.83430347758941525,0.60953805379452874,0.85321216179457848,0.69197315248839297,0.62123198655135048,0.80057062899243836,0.57844605439408325,0.84482176620395799,0.59327403832484515,0.85814218766881489,0.5018434520071231,0.83979601896213807,0.37799153874879915,0.86323008388705824,0.38644021703955794,0.86923782514491377,0.23046138857974924
"LIRCMOP8_BC",1,90000,90020,441,200,"feasible_endpoint","AF_train",1,26,0.22873508352239014,1.526320421336806,1.7747580415825337,0.57714606711085259,0.99127580758568312,0.076277980173620294,0.97735726508277243,0.11947416395849926,0.99312830031068966,0.20817062865469965,0.95919101434484677,0.27481165576994748,0.91753096069372353,0.32602464495314193,0.89454773008160093,0.37463175406335192,0.88869594876282931,0.43901916799232366,0.86402951186590693,0.43449648545748276,0.81109981677683574,0.52524524394522343,0.77340564775926801,0.56036607635265545,0.73150718386057278,0.61086580420220438,0.66344709042023842,0.60915994973979259,0.63065590683560202,0.66111471604877559,0.58780986439727889,0.68350660577273992,0.51880009826484608
"LIRCMOP8_BC",1,90000,90020,441,200,"infeasible_endpoint","AI_train",0,26,0.22873508352239014,1.4926833873193224,1.6847529417470812,0.50031544455411536,0.98891617046095792,0.035031423333004533,0.9648125209432391,0.069680532911241766,1,0.15916833514462564,0.96201064694297123,0.19001063824217435,0.92290568849354904,0.28366161119657629,0.92519574187092157,0.32983604434731001,0.92664592858325112,0.40900490654671051,0.91579257843780115,0.30862435928910387,0.86327814337731423,0.48413537034394127,0.81412677007340783,0.54571237199448808,0.78904800521054508,0.52301488823619147,0.75838428108404543,0.56256143967288297,0.71028387059099662,0.63082314135450757,0.67299649919989568,0.68615648485233538,0.67138564000109202
"LIRCMOP8_BC",1,90000,90020,441,201,"feasible_endpoint","AF_train",1,36,0.036297832433998957,1.7481404991547242,1.549090682893034,0.72920614745796475,1,0.11787944703385474,0.89051149236597626,0.24791507059851303,0.99431436445843535,0.31566533966243082,0.91230324888873726,0.36599966399884881,0.90243128998761524,0.48282467507212834,0.906721108832649,0.4939009556902928,0.83651738848333923,0.46782382523774935,0.8970335198634688,0.59192680750502935,0.75994356488860859,0.70060079325121982,0.72315017602507015,0.66462660927943051,0.62734682958379717,0.76575772918737695,0.67112977325386725,0.79343302536907778,0.46910545080977495,0.8057013032169229,0.5259861399281569,0.82168830384896441,0.48135664041962722
"LIRCMOP8_BC",1,90000,90020,441,201,"infeasible_endpoint","AI_train",0,36,0.036297832433998957,1.7354301133859125,1.5388009240494935,0.72920614745796475,0.99319285657520751,0.10707961670197615,0.89197907099928297,0.24868049281703708,0.9984695349356949,0.31337423853748264,0.91687017596673415,0.36428472904554693,0.89661789339292741,0.46996135052154231,0.89115583363897022,0.49647968515193569,0.82898672543865692,0.46680165561069686,0.8958247606819747,0.60903934699148077,0.76724574450992844,0.70772028626510575,0.71186549062661664,0.66462660927943051,0.62182554529412271,0.76575772918737695,0.66591627614284965,0.79343302536907778,0.46003119324646624,0.8057013032169229,0.51831946126569917,0.82168830384896441,0.46712355286196522
"LIRCMOP8_BC",1,90000,90020,441,202,"feasible_endpoint","AF_train",1,72,0.085018609890563285,2.2183042287852128,0.97719345318531992,0.87047852692432248,0.99201708870948258,0.14440827006457463,0.96876813606125511,0.29033705493965484,0.95409621308349979,0.45299397851773143,0.9342452967836532,0.41128378750228473,0.89665841318463002,0.52764142354212729,0.85468597538208491,0.5948683299120221,0.79583830982622461,0.56776910593736352,0.76824676040543394,0.74771989898247226,0.65226828261657244,0.82830846977628725,0.59711135831906581,0.81197464733458424,0.54483899492127974,0.88159097414268972,0.48009909311539084,0.85339515692643841,0.3760900076795306,0.85512600746065237,0.26997400037710295,0.84622094231495626,0.20736582884278074
"LIRCMOP8_BC",1,90000,90020,441,202,"infeasible_endpoint","AI_train",0,72,0.085018609890563285,2.1832241483810968,0.98942859793920435,0.87047852692432248,0.99385312584811392,0.15376110943727833,0.96745419137894828,0.29033705493965484,0.95236548375914687,0.45299397851773143,0.93484018232422805,0.41128378750228473,0.89665841318463002,0.52896442727724391,0.85468597538208491,0.5988712429155294,0.79583830982622461,0.57846511468968509,0.76824676040543394,0.74771989898247226,0.65006905517364011,0.83572440787649649,0.599095327441027,0.82115338565768581,0.54483899492127974,0.88471870140286613,0.48009909311539084,0.85967928536837268,0.3760900076795306,0.85992672365162437,0.26658701608018859,0.85723752014984989,0.17105275995142696
"LIRCMOP8_BC",1,90000,90020,441,203,"feasible_endpoint","AF_train",1,16,0.1633800163138856,1.2420216247288496,2.015124964295075,0.31017820212313935,0.93607901433017171,0.089046645208161385,0.89398070977557365,0.074170501941053762,0.90530277439149409,0.022157640640603979,0.94353435246070461,0.17836837725176813,0.97746953771197731,0.233274395373604,0.958227819126652,0.23680364852597766,0.95129381662163581,0.26550176013495397,0.98542212882906954,0.25903585664595175,0.99541626658442572,0.27330133918542826,0.92407498880853578,0.32388533965865718,0.85520180914044286,0.37758391906542565,0.96582538618843716,0.37757461200753928,0.86328498942769649,0.42509306215555398,0.88087568823088125,0.52746219186798171,0.91247369620411956
"LIRCMOP8_BC",1,90000,90020,441,203,"infeasible_endpoint","AI_train",0,16,0.1633800163138856,1.1751282372279754,2.0371212288937945,0.31017820212313935,0.9300711220668012,0.06500697472952699,0.89329224118073469,0.09095996075646029,0.89873533409209405,0.066724062788616326,0.95065970525728449,0.16509104825278845,0.98791030882256803,0.23545024799578601,0.95559308162167711,0.21902820014952587,0.94934605205936096,0.20654298641710261,1,0.30672287896078915,1,0.26783315059056878,0.93627255435320655,0.28721688134762668,0.86176112705507224,0.37132846454507273,0.9944957941898962,0.36500635512367074,0.89848749780066317,0.41549162977361004,0.91251094152598844,0.50542903619819435,0.91247369620411956
"LIRCMOP8_BC",1,90000,90020,441,204,"feasible_endpoint","AF_train",1,13,0.17519012808556256,1.1398163152246616,2.1037193552080882,0.25686473077772737,0.96729997261492973,0.077283735091302888,0.88005936258533679,0.069058865464285552,0.94490362343760781,0.087655652726432193,0.88471077067931914,0.099586900583694321,0.92539164754286241,0.15552711224990862,0.98396097794946424,0.17541086301959946,0.97048019696318444,0.21190409786049499,0.9724824098045719,0.20560513313536874,0.96450410423042165,0.28246898974986467,0.92279211909691328,0.30951079409893795,0.9130262749943987,0.30041683400043617,0.92441193537498534,0.34922038093926305,0.87960455237426582,0.40679916018563433,0.88782931628446149,0.48191855326977828,0.86872638406293645
"LIRCMOP8_BC",1,90000,90020,441,204,"infeasible_endpoint","AI_train",0,13,0.17519012808556256,1.136958329252673,2.0301711573859356,0.29800667839724992,0.9631360612402029,0.0370869589974741,0.90669868750921101,0.093150629916158592,0.98097995530006066,0.14599499601419622,0.85369742460449127,0.11915675005842684,0.935383349389171,0.19132312989334754,1,0.17314146558615429,0.98249808650723391,0.23687519289993664,0.97675707822904723,0.23555599113091519,0.97410687409348296,0.28543613049572664,0.88215560822332206,0.34158790182565829,0.93977547854629939,0.35413192120914305,0.9225439209487134,0.3853401573757046,0.87327375249081596,0.45605491708286366,0.87640451602739433,0.51817826557982671,0.85985848138700116
"LIRCMOP8_BC",1,90000,90020,441,205,"feasible_endpoint","AF_train",1,30,0.4381739395882136,1.6151740990758967,1.6811223766303462,0.64063943672727741,0.98310977459919535,0.060608898952784672,0.90996723759852549,0.14735428654334784,0.94290828555349548,0.29171610086825306,0.92597690861394777,0.2245990462108533,0.92410727129119441,0.42167689393856755,0.9508465923217635,0.47659047932466148,0.90515453347220398,0.4685489887851344,0.94729919225987147,0.50272162567385892,0.82880851120999544,0.57499491957513782,0.81452419150901667,0.72557190746748468,0.64378295594496926,0.6714031089635577,0.7295142944868831,0.73882020842189677,0.64513987386416416,0.76834389425730387,0.63366093667207724,0.84627934520465997,0.61423306804484556
"LIRCMOP8_BC",1,90000,90020,441,205,"infeasible_endpoint","AI_train",0,30,0.4381739395882136,1.8027084977291987,1.6799124705190511,0.64063943672727741,0.97457424862610997,0.029398091497938185,0.91047212309625181,0.17648955931798416,0.93298702861911831,0.36916228821045538,0.93074807340687216,0.219486889323766,0.92459866635498611,0.42358588847975176,0.91049208879524157,0.46850424432628746,0.88687696448893838,0.42295826064182468,0.94450997861695185,0.51889913212401062,0.83025396899101023,0.54977690482340336,0.78847576735543057,0.6874734370458242,0.61792779455380409,0.66514765444320478,0.72106170139308423,0.72625195153802824,0.65307294323294096,0.75874246187535999,0.62252183619849821,0.82424618953487272,0.59438651985820234
"LIRCMOP8_BC",1,90000,90020,441,206,"feasible_endpoint","AF_train",1,17,0.14086378490866328,1.2649486869813815,1.9999960673740371,0.21419017557286302,0.90985766378334909,0,0.93229892967417838,0.094257197480661692,0.95301882829234874,0.18338231621622375,0.90492153410876719,0.10850904439540379,1,0.19421283605623393,0.99110070949679796,0.11923166754875603,1,0.14629478974624516,0.97889175619155078,0.19209960450642966,1,0.11354914833691926,0.89608193695655425,0.20322334955619425,0.96466701728127691,0.24749990131629862,0.96058358812456557,0.23549695784231472,0.91463404236264489,0.33636365316908412,0.92107056775146634,0.28900070114172494,0.90459127118534455
"LIRCMOP8_BC",1,90000,90020,441,206,"infeasible_endpoint","AI_train",0,17,0.14086378490866328,1.306803449998555,1.9567761451300696,0.069557170016765146,0.90923169204936949,0,0.92126989736888287,0.014808019541360046,0.96610555557428524,0.12375801334900285,0.90237008586594181,0.014836627257417356,1,0.091430329187107001,1,0.026017335068201641,1,0,1,0.040606262915117874,1,0,0.97553089547408489,0.12834801284406527,1,0.12146978284934573,1,0.12913172154861552,1,0.21295322073740613,1,0.21933717003718772,1
"LIRCMOP8_BC",1,90000,90020,441,207,"feasible_endpoint","AF_train",1,15,0.20272507866143602,1.2103941340486082,2.0447242013842803,0.38181700693169507,0.96042691527047919,0.1441277760883713,0.89324393821798753,0.10383099737003322,0.89841989670816536,0.13457306641554176,0.93038902550439573,0.17356184866566521,0.88742275738908027,0.20111554589950889,0.9548974202524958,0.22958171308698522,0.96368505467739396,0.34092357665919149,0.93044897721894282,0.33252182060745605,0.96985983313202406,0.35470699725150168,0.9036608339435952,0.41982548350322763,0.80664257848297249,0.44689964210086275,0.90278697457199608,0.45592644401825666,0.8161637499232457,0.54589889208312004,0.8410833190474819,0.54189202996475705,0.85431601152250414
"LIRCMOP8_BC",1,90000,90020,441,207,"infeasible_endpoint","AI_train",0,15,0.20272507866143602,1.2597612729754162,1.9745987384365877,0.38181700693169507,0.95166463496468634,0.14942435910568275,0.92974940512431226,0.10383099737003322,0.89105706172146981,0.13457306641554176,0.9367813192267086,0.19045090878704199,0.89873022214518761,0.26632752320420378,0.95501178320740443,0.25485239061120379,0.96368505467739396,0.34092357665919149,0.93044897721894282,0.33252182060745605,0.96985983313202406,0.35470699725150168,0.9036608339435952,0.42947005282079653,0.80664257848297249,0.44689964210086275,0.90278697457199608,0.45592644401825666,0.8161637499232457,0.45675015117436257,0.8410833190474819,0.53867383018438775,0.84793569233563548
"LIRCMOP8_BC",1,90000,90020,441,208,"feasible_endpoint","AF_train",1,44,0.11461423142844718,1.8890619577713961,1.3921880841044323,0.77667344131632565,1,0.088376851428138475,0.95833676500586751,0.2462957434657399,0.96310508775497006,0.31020894323709713,1,0.36010151759306469,0.88098350807809533,0.54120556572634659,0.9610099489326428,0.56135815332271877,0.87475117428852545,0.52878322266482558,0.88838496877149109,0.66317367406369709,0.76202689570565196,0.72167859135104739,0.67102333966489625,0.80101667847052016,0.63276240208162848,0.8055498665517995,0.58456470099984159,0.76168970919172374,0.43340486605887046,0.82641775040594667,0.41910640956597789,0.85836856303157782,0.40435539362343798
"LIRCMOP8_BC",1,90000,90020,441,208,"infeasible_endpoint","AI_train",0,44,0.11461423142844718,1.8874450165113219,1.3436957093482174,0.81580815242565097,0.97907409244402588,0.11479049252494569,0.96204854421554487,0.26147022081442461,0.95158870057001033,0.30289778891389751,0.94340768306133294,0.38505595637265211,0.87353416609185719,0.56499901071912395,0.90753561691818063,0.59755175444684716,0.86825101166524132,0.57153628905086962,0.83505996291226803,0.68801238073427173,0.76935095627333783,0.74995937366860055,0.68067689739944204,0.87957868250821913,0.59409979777614241,0.8433455049552423,0.56388993482968786,0.81571763747993264,0.40374604881728898,0.88295015200323568,0.3417821460854531,0.94796430143402577,0.4032763656515832
"LIRCMOP8_BC",1,90000,90020,441,209,"feasible_endpoint","AF_train",1,64,0.096858799386567496,2.1437163203834908,1.0884763985857866,0.85308204891548955,0.97728843989437064,0.15369015245129211,0.99774416087614715,0.28043516291190851,0.92245132468452939,0.41032585758555595,0.93714018926994391,0.39657677550486181,0.87454351291354093,0.54424824952437145,0.83577557595216279,0.56958770386895297,0.81134937047073041,0.55263384281061378,0.80509387124264586,0.71008764648319145,0.70153958234361835,0.84019490741096958,0.64544965731735127,0.77536122182958178,0.56518203177734094,0.85223178337241579,0.51009799391408472,0.80603796968718056,0.40878178501404849,0.87000389839130421,0.28673810081164236,0.85521636893838993,0.27918139771948913
"LIRCMOP8_BC",1,90000,90020,441,209,"infeasible_endpoint","AI_train",0,64,0.096858799386567496,2.1023562818056707,1.0798311461609982,0.85308204891548955,0.98045897491992395,0.14060254564715274,0.98644996098824,0.28043516291190851,0.92868041945298618,0.41032585758555595,0.93495802420092899,0.38201677274728951,0.87454351291354093,0.50934257142746897,0.83785995011682135,0.56958770386895297,0.81134937047073041,0.55263384281061378,0.80509387124264586,0.71008764648319145,0.70153958234361835,0.84019490741096958,0.64544965731735127,0.77536122182958178,0.56518203177734094,0.85223178337241579,0.51009799391408472,0.80603796968718056,0.40878178501404849,0.87000389839130421,0.28673810081164236,0.85521636893838993,0.27918139771948913
"LIRCMOP8_BC",1,90000,90020,441,210,"feasible_endpoint","AF_train",1,12,0.18591279631065205,1.1168505188771467,2.1234945502209923,0.26478778591398267,0.92452364769673945,0,0.8751601284123145,0.066817873406327291,0.9877749865194505,0.081691322794683427,0.86915514389737469,0.16148421952547709,0.98209635811371787,0.16095592873651987,1,0.1801959325158132,0.93762184353159217,0.20423099576086162,0.99256784991877944,0.19677451990788761,1,0.236394269605322,0.95628131468183653,0.23260074925046514,0.89554893031132177,0.36274327159041531,0.9806695283531488,0.31278219906203142,0.88665535690848341,0.34552528954289263,0.88561155010061554,0.44390885340851066,0.92932156345830885
"LIRCMOP8_BC",1,90000,90020,441,210,"infeasible_endpoint","AI_train",0,12,0.18591279631065205,1.1344308607316624,2.0473520088419561,0.28580556193379558,0.96065570960875168,0.034147214086613656,0.86045592985137742,0.07972230737136024,0.97990129743048904,0.10013954201563843,0.90715000978374538,0.18964203305763341,0.97271405413561507,0.20040923830444013,0.97269524306580357,0.20759787570212135,0.93567685039233628,0.20727298964362889,0.97212436214302855,0.22790252837049246,0.98700630741602657,0.24179000619729601,0.96755663454201357,0.25766036491262601,0.86744697127214043,0.37166726353551371,0.95949981399544537,0.33820970746225587,0.86748011503233702,0.39363255155634269,0.87864177603814397,0.47213625761787203,0.8927824727384277
"LIRCMOP8_BC",1,90000,90020,441,211,"feasible_endpoint","AF_train",1,24,0.21909456903908134,1.4553785008333886,1.8312242667427179,0.40579517621550454,0.98253794659810467,0.035259641093963665,0.9424564125035555,0.096562771241472431,0.99607206889734234,0.14550570323620476,0.95549900794086395,0.19067827427092243,0.99577560171912327,0.24345347150488272,0.97036000570767555,0.32634587096001577,0.98281871752102146,0.3116837039893493,1,0.33676150526101617,0.97729293185314381,0.45509567252167954,0.91927765378465165,0.44974938916174417,0.93153050456099762,0.53591951396261539,0.92157971966067309,0.54025519811488243,0.80918946235611344,0.59090872276339179,0.8864855815879088,0.7124668750633929,0.89852818298632653
"LIRCMOP8_BC",1,90000,90020,441,211,"infeasible_endpoint","AI_train",0,24,0.21909456903908134,1.414875900345488,1.748337432748202,0.40786289114508523,0.95986823503682839,0.019750178557147571,0.95672857613659024,0.098104460279749103,1,0.14711389615688958,0.94250474284902697,0.19503988885584522,1,0.25092559918089286,0.97151091790041055,0.33417517932973384,0.98274163381416568,0.31557974669393152,0.99481244385242462,0.33535381681906157,0.98071637482916851,0.45714635542401566,0.91652335295190324,0.45939285691180393,0.91701264593653931,0.53727057244573917,0.9205207984427547,0.5433811339078054,0.80512174337341691,0.59602968320522565,0.88217986125862413,0.68584664237447601,0.82958817133662288
"LIRCMOP8_BC",1,90000,90020,441,212,"feasible_endpoint","AF_train",1,8,0.029370258771056361,0.95497333198505407,2.2352263188106516,0.13190628033381796,0.91818548653280263,0.080393552187657577,0.87902027982642994,0.046073668576915618,0.88086616456744316,0.066703629640695705,0.96694822625842292,0.069369345445938757,0.98001659630738291,0.12262080076935605,0.94452649107820574,0.1237704624156464,0.97596422091190094,0.096352599667361871,0.97034241934260013,0.13219788851533679,0.9807944602738774,0.10761486684519531,0.97735495870373668,0.13906913410275354,0.91116861017747552,0.14006972689888486,0.96431961697710955,0.1632574049694317,0.92729564212954463,0.23785213937462546,0.94392016826560055,0.21648127652162813,0.92232707653721513
"LIRCMOP8_BC",1,90000,90020,441,212,"infeasible_endpoint","AI_train",0,8,0.029370258771056361,0.96078797570890595,2.2232777170701477,0.17656460862548073,0.9319715652827083,0,0.84093466643473824,0.028455192662134456,0.98602536830000376,0.058088396469823195,0.85769928803224893,0.069583809140621886,0.99075482898784117,0.12661429696019216,1,0.12888841850337637,0.99071328883072352,0.13941315640228105,0.99971449616176011,0.11168223209879086,0.96932448983206898,0.16164433250665378,0.93780238105734903,0.18174583470616812,0.97246279687787474,0.21230385525192877,0.94997691368149528,0.2291849625438715,0.94805134071390784,0.22369450844142105,0.93574999624358524,0.31946214547516849,0.93247671816330013
"LIRCMOP8_BC",1,90000,90020,441,213,"feasible_endpoint","AF_train",1,8,0.033678539107703055,0.97620564851839342,2.2230648894330454,0.13190628033381796,0.92342392283191077,0.071195727852487734,0.88479694001413445,0.046073668576915618,0.88232546208455032,0.066703629640695705,0.96306914902600294,0.052480285324561976,0.98248208360829714,0.11124140139585,0.93318388156431542,0.12644420813141519,0.97596422091190094,0.096352599667361871,0.97034241934260013,0.13219788851533679,0.96704495802691359,0.10761486684519531,0.97735495870373668,0.14815609073923336,0.91116861017747552,0.14006972689888486,0.96431961697710955,0.1632574049694317,0.92729564212954463,0.2555238533323877,0.94392016826560055,0.2436544229302911,0.92870739572408378
"LIRCMOP8_BC",1,90000,90020,441,213,"infeasible_endpoint","AI_train",0,8,0.033678539107703055,0.96078797570890595,2.2232777170701477,0.17656460862548073,0.9319715652827083,0,0.84093466643473824,0.028455192662134456,0.98602536830000376,0.058088396469823195,0.85769928803224893,0.069583809140621886,0.99075482898784117,0.12661429696019216,1,0.12888841850337637,0.99071328883072352,0.13941315640228105,0.99971449616176011,0.11168223209879086,0.96932448983206898,0.16164433250665378,0.93780238105734903,0.18174583470616812,0.97246279687787474,0.21230385525192877,0.94997691368149528,0.2291849625438715,0.94805134071390784,0.22369450844142105,0.93574999624358524,0.31946214547516849,0.93247671816330013
"LIRCMOP8_BC",1,90000,90020,441,214,"feasible_endpoint","AF_train",1,9,0.099157220587419229,1.0007511469668811,2.2053021104834931,0,0.89546745957320617,0.061234328428000126,0.8759632144994246,0,0.87393182233881206,0,0.91233395404371964,0.058240011030289307,1,0.13962271238760995,0.99166250334136563,0,1,0,1,0,1,0,1,0,1,0,1,0,1,0,1,0.053563709910521146,1
"LIRCMOP8_BC",1,90000,90020,441,214,"infeasible_endpoint","AI_train",0,9,0.099157220587419229,0.97279653812515421,2.1731479110752074,0.17863232355506142,0.95468534373323566,0.058604462773299219,0.84856228161399483,0.029996881700411128,0.90927721988788512,0.084931770525627032,0.89938473286732579,0.073945423725544676,0.95575081242615101,0.13408642463620229,0.99432869524305478,0.13872303615992104,0.99063620512386774,0.14330919910686327,0.99452694001418473,0.12484503492035265,0.96243580612287083,0.1636950154089899,0.93504808022460062,0.19820451993358773,0.95794493825341642,0.21365491373505255,0.94891799246357689,0.23231089833679447,0.94398362173121131,0.24206925435157658,0.93144427591430057,0.33490214282497843,0.97577746260176057
"LIRCMOP8_BC",1,90000,90020,441,215,"feasible_endpoint","AF_train",1,10,0.1146616303600945,1.022890474249559,2.1867664344637294,0,0.88099338219825052,0.064669220658271048,0.90017126351327459,0,0.86329062421826919,0,0.93055504725860883,0.033778120242753562,0.98986830437372908,0.13042395460938977,0.98583131264470836,0.050541355048437098,1,0,1,0,1,0,1,0.019289138635137759,1,0,1,0,1,0,1,0.080368342908784224,0.98723936162626269
"LIRCMOP8_BC",1,90000,90020,441,215,"infeasible_endpoint","AI_train",0,10,0.1146616303600945,1.0576061015879277,2.1519144285498335,0,0.90016608153333322,0.093424878302927034,0.88835460097068952,0.0920737164540536,0.87928611827080705,0,0.91271829967266482,0.068928432786254407,1,0.10837601337530203,1,0.0019061369422042063,1,0,1,0,1,0,1,0,1,0,1,0,1,0,1,0.038531941706580169,1
"LIRCMOP8_BC",1,90000,90020,441,216,"feasible_endpoint","AF_train",1,11,0.027697090964499769,1.0540957335834062,2.1639675390004749,0.27596925073185186,0.97310350848401139,0.061194097954875737,0.87620362819155473,0.074914568975288379,0.96061053814581054,0.098442554821252054,0.89960722835555906,0.12783978483611813,0.91636337923755928,0.15898810692462806,1,0.17334928730484828,0.97647894468510377,0.23376868092541567,0.98937477720424993,0.21047052560614934,1,0.28031733011506554,0.92330156422061571,0.32745949457062812,0.90195994086852993,0.31809681251921862,0.89264597024665293,0.35224108300553053,0.84374073868634947,0.40758629845297889,0.87728258076803667,0.46679394238714877,0.83187944383890655
"LIRCMOP8_BC",1,90000,90020,441,216,"infeasible_endpoint","AI_train",0,11,0.027697090964499769,1.0576061015879277,2.1519144285498335,0,0.90016608153333322,0.093424878302927034,0.88835460097068952,0.0920737164540536,0.87928611827080705,0,0.91271829967266482,0.068928432786254407,1,0.10837601337530203,1,0.0019061369422042063,1,0,1,0,1,0,1,0,1,0,1,0,1,0,1,0.038531941706580169,1
"LIRCMOP8_BC",1,90000,90020,441,217,"feasible_endpoint","AF_train",1,54,0.066334479957464762,2.0343839607180056,1.219589221816455,0.81714609805694383,0.96104344175186174,0.12309903188795238,0.94417206571656687,0.23977622532293921,0.93064513774205526,0.39742877439567581,0.90794099273108408,0.36072037060252771,0.93515083372344665,0.55606295164318986,0.81025296095909161,0.5079136946009587,0.80736348596719942,0.6109233467677605,0.74655573593326008,0.76171879270100662,0.66877674300578405,0.76278127054545419,0.63242893944408984,0.81933391080744722,0.53681761723063448,0.77016350510556486,0.52769752699205363,0.85057742359071864,0.41416136718831131,0.85652465405228173,0.35856255479805577,0.85386730345400363,0.30909592501638034
"LIRCMOP8_BC",1,90000,90020,441,217,"infeasible_endpoint","AI_train",0,54,0.066334479957464762,2.0481314150477461,1.1943940118265224,0.83816387407675674,1,0.15351147854313035,0.94083780338036838,0.25268065928797218,0.92726981409719755,0.41587699361663083,0.94434857908901471,0.35026329781479348,0.92576852974534385,0.56193358684932426,0.78503257818955374,0.53931855079077418,0.80541849282794353,0.62466134940284934,0.72611224815750919,0.7928468011636115,0.65358382297887829,0.77559294523763744,0.64568822842622808,0.85357226479270965,0.50871565819145315,0.7905181494182496,0.50652781263435021,0.88228906043287736,0.39498612531216493,0.90943263225670379,0.34820579643866989,0.89311128549825858,0.27255683429649913
"LIRCMOP8_BC",1,90000,90020,441,218,"feasible_endpoint","AF_train",1,16,0.42147299352578915,1.2420216247288496,2.015124964295075,0.31017820212313935,0.93607901433017171,0.089046645208161385,0.89398070977557365,0.074170501941053762,0.90530277439149409,0.022157640640603979,0.94353435246070461,0.17836837725176813,0.97746953771197731,0.233274395373604,0.958227819126652,0.23680364852597766,0.95129381662163581,0.26550176013495397,0.98542212882906954,0.25903585664595175,0.99541626658442572,0.27330133918542826,0.92407498880853578,0.32388533965865718,0.85520180914044286,0.37758391906542565,0.96582538618843716,0.37757461200753928,0.86328498942769649,0.42509306215555398,0.88087568823088125,0.52746219186798171,0.91247369620411956
"LIRCMOP8_BC",1,90000,90020,441,218,"infeasible_endpoint","AI_train",0,16,0.42147299352578915,1.4210808047397814,1.9935071331948202,0.31017820212313935,0.9397510886074345,0.1077523239535688,0.89135282041095998,0,0.90184131574278814,0,0.94472412354185442,0.17258795523397849,0.97933509495060211,0.23592040284383725,0.96560360437042214,0.24480947453299232,0.95645000711327832,0.28689377763959711,0.98589289322110218,0.25881151549458203,0.99101781169856107,0.28813321538584674,0.92804292705245817,0.34224281630486031,0.8713351742061497,0.38383937358577858,0.97150039625527063,0.39014286889140781,0.86597759703674626,0.43469449453749792,0.87410171963705252,0.54949534753776907,0.91346948786781823
"LIRCMOP8_BC",1,90000,90020,441,219,"feasible_endpoint","AF_train",1,30,0.51992401751722983,1.6151740990758967,1.6811223766303462,0.64063943672727741,0.98310977459919535,0.060608898952784672,0.90996723759852549,0.14735428654334784,0.94290828555349548,0.29171610086825306,0.92597690861394777,0.2245990462108533,0.92410727129119441,0.42167689393856755,0.9508465923217635,0.47659047932466148,0.90515453347220398,0.4685489887851344,0.94729919225987147,0.50272162567385892,0.82880851120999544,0.57499491957513782,0.81452419150901667,0.72557190746748468,0.64378295594496926,0.6714031089635577,0.7295142944868831,0.73882020842189677,0.64513987386416416,0.76834389425730387,0.63366093667207724,0.84627934520465997,0.61423306804484556
"LIRCMOP8_BC",1,90000,90020,441,219,"infeasible_endpoint","AI_train",0,30,0.51992401751722983,1.8369330805269446,1.6657013146129351,0.63857172179769672,0.96961494643617607,0.051379790261569157,0.91098197276863513,0.14581259750507117,0.94556354117247532,0.29010790794756824,0.93590855087062108,0.22023743162593051,0.92759740636485621,0.41420476626255742,0.95253133250750111,0.4680927345260012,0.90523161717905976,0.46465294608055219,0.95248674840744685,0.38159799340151879,0.82882244379571168,0.5729442366728017,0.80401920335962684,0.71365670055830499,0.65830081456942757,0.67005205048043393,0.73057321570480149,0.77224004032747195,0.64920759284686069,0.75880500532602946,0.6379666570013619,0.82270392005664972,0.621212786849205
"LIRCMOP8_BC",1,90000,90020,441,220,"feasible_endpoint","AF_train",1,17,0.70530440888876178,1.2649486869813815,1.9999960673740371,0.21419017557286302,0.90985766378334909,0,0.93229892967417838,0.094257197480661692,0.95301882829234874,0.18338231621622375,0.90492153410876719,0.10850904439540379,1,0.19421283605623393,0.99110070949679796,0.11923166754875603,1,0.14629478974624516,0.97889175619155078,0.19209960450642966,1,0.11354914833691926,0.89608193695655425,0.20322334955619425,0.96466701728127691,0.24749990131629862,0.96058358812456557,0.23549695784231472,0.91463404236264489,0.33636365316908412,0.92107056775146634,0.28900070114172494,0.90459127118534455
"LIRCMOP8_BC",1,90000,90020,441,220,"infeasible_endpoint","AI_train",0,17,0.70530440888876178,1.4100850966982335,1.7431599402701659,0.41640312004484292,0.93793913675238993,0.048972595607402261,0.94892753377077055,0.14757865580467083,0.93559912060391914,0.21674847953679827,0.93508596388987164,0.19186616273945656,0.95768620783908154,0.30460141247077088,0.95834600030489947,0.26285040310934482,0.97668216493558691,0.29776466831329823,0.95523594352678354,0.36312458758630484,0.97347909795209142,0.29857554951344556,0.86544348239097235,0.41750551979456246,0.8571212643138203,0.47953319157909718,0.89376486404425948,0.45815726582777994,0.81143443797645254,0.59902666743939614,0.83712603009581499,0.56781883811150891,0.82841049122094956
"LIRCMOP8_BC",1,90000,90020,441,221,"feasible_endpoint","AF_train",1,65,0.044825077301005566,2.1519710134445362,1.0663252812694721,0.89263531492029213,1,0.16248992937402618,0.9743412105778374,0.21095028019682008,0.93931303850576298,0.40781857841844071,0.94242162868581114,0.3536550269131572,0.87158709589114358,0.6345439371395214,0.89288337726085332,0.6508712417069793,0.7855290585549467,0.59502284397562533,0.79638884753460126,0.70710879737275345,0.61828284839028014,0.85966692336665318,0.59280243986506975,0.89430414976031969,0.50775538961455702,0.86945100831359445,0.41165369245141598,0.93366807633875037,0.36718662734837954,0.89534343655822068,0.21902502283989422,0.98495654210975325,0.22742232762567854
"LIRCMOP8_BC",1,90000,90020,441,221,"infeasible_endpoint","AI_train",0,65,0.044825077301005566,2.1336304029202791,1.074474945095002,0.83088272089000692,0.97405549624990717,0.099300579286486501,0.96419368289437557,0.29052453472065076,0.95204496711946229,0.45311456514525916,0.93984596451723834,0.40006822553909871,0.89871208948935599,0.49931641363485324,0.84430571724936765,0.54997904969591038,0.79328600108962144,0.57931897988721537,0.76687861114953926,0.78481783907955605,0.68845713134320208,0.79644515620750633,0.61647156520612734,0.79668196342152486,0.54995958176236159,0.86546799883240921,0.47494740835069693,0.85875172541044487,0.42059194967899938,0.86159341614237328,0.32450488649795306,0.87607065948219287,0.24285803127128702
"LIRCMOP8_BC",1,90000,90020,441,222,"feasible_endpoint","AF_train",1,64,0.038736140883118962,2.1437163203834908,1.0884763985857866,0.85308204891548955,0.97728843989437064,0.15369015245129211,0.99774416087614715,0.28043516291190851,0.92245132468452939,0.41032585758555595,0.93714018926994391,0.39657677550486181,0.87454351291354093,0.54424824952437145,0.83577557595216279,0.56958770386895297,0.81134937047073041,0.55263384281061378,0.80509387124264586,0.71008764648319145,0.70153958234361835,0.84019490741096958,0.64544965731735127,0.77536122182958178,0.56518203177734094,0.85223178337241579,0.51009799391408472,0.80603796968718056,0.40878178501404849,0.87000389839130421,0.28673810081164236,0.85521636893838993,0.27918139771948913
"LIRCMOP8_BC",1,90000,90020,441,222,"infeasible_endpoint","AI_train",0,64,0.038736140883118962,2.1336304029202791,1.074474945095002,0.83088272089000692,0.97405549624990717,0.099300579286486501,0.96419368289437557,0.29052453472065076,0.95204496711946229,0.45311456514525916,0.93984596451723834,0.40006822553909871,0.89871208948935599,0.49931641363485324,0.84430571724936765,0.54997904969591038,0.79328600108962144,0.57931897988721537,0.76687861114953926,0.78481783907955605,0.68845713134320208,0.79644515620750633,0.61647156520612734,0.79668196342152486,0.54995958176236159,0.86546799883240921,0.47494740835069693,0.85875172541044487,0.42059194967899938,0.86159341614237328,0.32450488649795306,0.87607065948219287,0.24285803127128702
"LIRCMOP8_BC",1,90000,90020,441,223,"feasible_endpoint","AF_train",1,13,0.059811212672875161,1.1398163152246616,2.1037193552080882,0.25686473077772737,0.96729997261492973,0.077283735091302888,0.88005936258533679,0.069058865464285552,0.94490362343760781,0.087655652726432193,0.88471077067931914,0.099586900583694321,0.92539164754286241,0.15552711224990862,0.98396097794946424,0.17541086301959946,0.97048019696318444,0.21190409786049499,0.9724824098045719,0.20560513313536874,0.96450410423042165,0.28246898974986467,0.92279211909691328,0.30951079409893795,0.9130262749943987,0.30041683400043617,0.92441193537498534,0.34922038093926305,0.87960455237426582,0.40679916018563433,0.88782931628446149,0.48191855326977828,0.86872638406293645
"LIRCMOP8_BC",1,90000,90020,441,223,"infeasible_endpoint","AI_train",0,13,0.059811212672875161,1.1132772184784754,2.1037193552080882,0.25686473077772737,0.96729997261492973,0.077283735091302888,0.88005936258533679,0.069058865464285552,0.94490362343760781,0.087655652726432193,0.88471077067931914,0.099586900583694321,0.92539164754286241,0.15552711224990862,0.98396097794946424,0.17541086301959946,0.97048019696318444,0.21190409786049499,0.9724824098045719,0.20560513313536874,0.96450410423042165,0.28246898974986467,0.92279211909691328,0.30951079409893795,0.9130262749943987,0.30041683400043617,0.92441193537498534,0.34922038093926305,0.87960455237426582,0.40679916018563433,0.88782931628446149,0.4679053569632744,0.86872638406293645
"LIRCMOP8_BC",1,90000,90020,441,224,"feasible_endpoint","AF_train",1,94,0.11373329630034645,2.3710797746627206,0.76257721880024743,1,0.98099631189018466,0.17639795026852548,0.96555001309450184,0.30739265124917969,0.97450050578665592,0.42062146534822759,0.93286186188097009,0.48631695439378309,0.85161005582743798,0.59458207958316567,0.84952181796355375,0.68403311373800624,0.74349861754875124,0.79854065796606322,0.67809689312068056,0.85499812367900896,0.56834971209826657,0.98476983878190016,0.51979951268053948,1,0.43369275270673024,1,0.31827560678824207,1,0.1777355629201513,1,0.1032395438251692,1,0
"LIRCMOP8_BC",1,90000,90020,441,224,"infeasible_endpoint","AI_train",0,94,0.11373329630034645,2.3440323383328163,0.72225382651455872,1,0.99145170883756317,0.16709372909914166,0.98271632491111394,0.30865182794511509,0.95156018338861792,0.51696220717015839,0.92555943575136723,0.46895528199704484,0.86030027171181156,0.60111101363249086,0.79952602780298199,0.67393052571875334,0.73166568948853661,0.735701948484214,0.67075796054999726,0.8814452462686394,0.56197638168129593,0.94260910686684263,0.50370366066366157,0.95713060191342858,0.40901399811508998,0.97113886400911553,0.30539168114922088,0.98743174311613147,0.22456922212678765,0.990398567618056,0.088793086223075232,0.95470969888418766,0
"LIRCMOP8_BC",1,90000,90020,441,225,"feasible_endpoint","AF_train",1,76,0.010035084150485039,2.2472305935458268,0.93686543371323339,0.95669926985979303,0.98642134631634171,0.2275845455214644,0.99924681648474634,0.29308199402468449,0.94655397652008921,0.48395674669285227,0.93367867889924838,0.47818756812915708,0.8980281872197905,0.5301980440706634,0.82914109429595029,0.54041240481147534,0.74032966470375006,0.67158912138466276,0.69823778836864392,0.7546920991532472,0.57560402606433614,0.91174077121254582,0.52080590561076012,0.88088521152569976,0.48935842744524866,0.92749163038438009,0.26790408389380699,0.94789746597453595,0.27260625950092698,0.91180597903390914,0.14553647368207323,0.89117099777939257,0.05630392700592432
"LIRCMOP8_BC",1,90000,90020,441,225,"infeasible_endpoint","AI_train",0,76,0.010035084150485039,2.2470963593547895,0.93165261505005326,0.96308421399889133,0.97441569839244047,0.16421237596262236,1,0.3191651032945676,0.94694945496230565,0.48770811159767613,0.95010874132614631,0.46828721824259523,0.9013806075852856,0.60413281685792419,0.75962724674464721,0.6693361128239752,0.79386504890324938,0.66654640389498787,0.67253087747123974,0.79691063592902323,0.58598436510643892,0.89236349314039531,0.54080915099243443,0.9638183472888211,0.48559845288979392,0.94750505805457186,0.37097095772431643,0.94072782613921424,0.31151687725650895,0.93848340139577924,0.1929420041483188,0.93515204809952468,0.077162780394149144
"LIRCMOP8_BC",1,90000,90020,441,226,"feasible_endpoint","AF_train",1,75,0.050933665017744961,2.2371289770374228,0.95156546619288407,0.90706185659441108,0.99969093149636157,0.10627580535860581,0.96565539026175728,0.35366429811412448,0.96675103979710797,0.46900713415558204,0.87535442772183913,0.4241353672029336,0.88651570876290686,0.57629374185336413,0.83474141014151959,0.61473219845736105,0.789406285722144,0.63566680084139915,0.7179268830478498,0.79480751436233099,0.63897358752138322,0.86947460632728368,0.5555734138580819,0.84155112698084766,0.46482544994333663,0.92996675836595788,0.41971818384806314,0.93171092896815599,0.31051825364212321,0.92599415771595972,0.20991657274344822,0.91935498800571569,0.14425843799481897
"LIRCMOP8_BC",1,90000,90020,441,226,"infeasible_endpoint","AI_train",0,75,0.050933665017744961,2.2470963593547895,0.93165261505005326,0.96308421399889133,0.97441569839244047,0.16421237596262236,1,0.3191651032945676,0.94694945496230565,0.48770811159767613,0.95010874132614631,0.46828721824259523,0.9013806075852856,0.60413281685792419,0.75962724674464721,0.6693361128239752,0.79386504890324938,0.66654640389498787,0.67253087747123974,0.79691063592902323,0.58598436510643892,0.89236349314039531,0.54080915099243443,0.9638183472888211,0.48559845288979392,0.94750505805457186,0.37097095772431643,0.94072782613921424,0.31151687725650895,0.93848340139577924,0.1929420041483188,0.93515204809952468,0.077162780394149144
"LIRCMOP8_BC",1,90000,90020,441,227,"feasible_endpoint","AF_train",1,27,0.084085978918210708,1.5410757977367349,1.7538059288074765,0.51527818307725348,0.94089434205856048,0.074791708365304327,0.92710873812684658,0.15366691394616275,0.93176337645637375,0.13563682793189663,0.95473569587296203,0.25597478136920637,0.90687624018220214,0.35533114445522873,0.96610953614502515,0.34678556498411967,0.93341873274945053,0.32395749675201002,0.97199867953681029,0.37368502875601883,0.92548290081295037,0.54569359268055129,0.89609652455586297,0.4788403268907313,0.84112628208573625,0.58524582588782992,0.82341050108084235,0.54068201574713126,0.73162833122343052,0.63277948019935926,0.77628307910069239,0.68229409985391187,0.76082672589179123
"LIRCMOP8_BC",1,90000,90020,441,227,"infeasible_endpoint","AI_train",0,27,0.084085978918210708,1.5375218928174981,1.7180960408434962,0.51901472120961045,0.95135729583654749,0.094233070436059593,0.9357587563958395,0.15366691394616275,0.93281038462317423,0.14468645567203794,0.9739534512809096,0.25597478136920637,0.89602442014351213,0.35400814072011211,0.96584224690872866,0.34278265198061231,0.91930074147484264,0.32741357214276579,0.97199867953681029,0.37639364539850895,0.91467700652666695,0.56317928224488689,0.88718468064202405,0.47942698669997319,0.84112628208573625,0.5904818368179956,0.80391558881649927,0.54503842580723172,0.72667097022885929,0.67158273972206062,0.78958395510150314,0.71220590092591218,0.73789688115688779
"LIRCMOP8_BC",1,90000,90020,441,228,"feasible_endpoint","AF_train",1,41,0.11529223994054816,1.8294255437382831,1.4571075795025421,0.81298948727510967,0.98424030389085171,0.14219801381664693,0.96258957518650201,0.22276198432532307,0.96905978534201642,0.32894762437297526,0.92863780314471644,0.35407749391587517,0.91707744524778123,0.41464572022772178,0.89747549354592637,0.5192524233832746,0.83575683930691658,0.54450140072426056,0.82036575020378932,0.62517079317069213,0.72250593348431535,0.70017166887974935,0.69002247719399235,0.74991895422302368,0.63355404226572321,0.7826470352048267,0.56622278884447508,0.81986620443087654,0.57277026458868252,0.84999532217536411,0.44741622776341727,0.82935645432981464,0.39653089831815114
"LIRCMOP8_BC",1,90000,90020,441,228,"infeasible_endpoint","AI_train",0,41,0.11529223994054816,1.8264010841913925,1.4083977720607623,0.66859192886636243,0.99439793771991869,0.14751664830353348,0.94995002071545753,0.17295143448519326,0.95735110176313765,0.24934109805271143,0.94006890686769906,0.28708643969102765,0.91470246038519276,0.30770926730009768,0.9476013804834319,0.39211689486658152,0.87365272449305631,0.4865765234859778,0.87523739409584111,0.49776085936040548,0.82598692399923679,0.57269331656245992,0.74504364669508061,0.62882280215106501,0.72725175060110003,0.65251651698971336,0.67837966909195235,0.69321502148828729,0.68196008791163054,0.75913372831140924,0.5781234197366808,0.72637082112979412,0.55869603499894349
"LIRCMOP8_BC",1,90000,90020,441,229,"feasible_endpoint","AF_train",1,22,0.41418784077664356,1.4153334919402865,1.8686832683400627,0.62216887296719703,0.92135887474820155,0.089921274545895907,0.86829272651958944,0.16832334509917868,0.93336813797155616,0.21202641538315747,0.87846786044499492,0.28928661300631586,0.92321698460412716,0.39082744792723628,0.86620375414435824,0.45738679955531975,0.91664647712022007,0.468255269550371,0.84668007887692553,0.51533227741409171,0.77649454109584615,0.59226735072995507,0.80438749115533226,0.68174751397361788,0.68816702518599249,0.69032544224239434,0.75718430623570943,0.7263785062919389,0.59518463363436691,0.72840692880732893,0.6287648126489731,0.80047339826755204,0.62700815257657927
"LIRCMOP8_BC",1,90000,90020,441,229,"infeasible_endpoint","AI_train",0,22,0.41418784077664356,1.5401945031819353,1.7461473513486538,0.63840549887593279,0.94513102962122342,0.10657962155983182,0.90472244992369766,0.19757971065070512,0.94632676959927131,0.24810749202341043,0.90930616215921156,0.3153846790508319,0.89603086050745784,0.41454982602851737,0.91158476128101795,0.49544078672369429,0.92510761355089888,0.44183731857891689,0.85544896264130577,0.52919864495375613,0.82405639421054078,0.59791298517169333,0.76872444583692534,0.70060767825595693,0.66992965438266139,0.71067146695576999,0.72855549457964008,0.70736220406439188,0.51727533300887618,0.7333950495162388,0.56442278685137026,0.79814161376981874,0.59356255790974721
"LIRCMOP8_BC",1,90000,90020,441,230,"feasible_endpoint","AF_train",1,8,0.02139162025959479,0.95497333198505407,2.2352263188106516,0.13190628033381796,0.91818548653280263,0.080393552187657577,0.87902027982642994,0.046073668576915618,0.88086616456744316,0.066703629640695705,0.96694822625842292,0.069369345445938757,0.98001659630738291,0.12262080076935605,0.94452649107820574,0.1237704624156464,0.97596422091190094,0.096352599667361871,0.97034241934260013,0.13219788851533679,0.9807944602738774,0.10761486684519531,0.97735495870373668,0.13906913410275354,0.91116861017747552,0.14006972689888486,0.96431961697710955,0.1632574049694317,0.92729564212954463,0.23785213937462546,0.94392016826560055,0.21648127652162813,0.92232707653721513
"LIRCMOP8_BC",1,90000,90020,441,230,"infeasible_endpoint","AI_train",0,8,0.02139162025959479,0.94540498746010493,2.2318132046820143,0,0.88197263141018689,0.052005219736784611,0.87697794966953424,0,0.87658707795779189,0,0.92226559630039295,0.053878396445366517,1,0.13215058471159982,0.99334724352710324,0,1,0,1,0,1,0,0.98949501185061017,0,1,0,1,0,0.95397353941244145,0,1,0.029988284762510892,1
"LIRCMOP8_BC",1,90000,90020,441,231,"feasible_endpoint","AF_train",1,8,0.051197511783166089,0.95270598411948704,2.2529076209074579,0.13190628033381796,0.91818548653280263,0.080393552187657577,0.87902027982642994,0.048004979696397033,0.88086616456744316,0.040414112195503893,0.96694822625842292,0.069369345445938757,0.98001659630738291,0.12262080076935605,0.94452649107820574,0.1237704624156464,0.97596422091190094,0.096352599667361871,0.94570179968715085,0.13219788851533679,0.9807944602738774,0.10761486684519531,0.97735495870373668,0.13906913410275354,0.91116861017747552,0.14006972689888486,0.96431961697710955,0.1632574049694317,0.92729564212954463,0.23785213937462546,0.94392016826560055,0.21648127652162813,0.92232707653721513
"LIRCMOP8_BC",1,90000,90020,441,231,"infeasible_endpoint","AI_train",0,8,0.051197511783166089,0.94540498746010493,2.2318132046820143,0,0.88197263141018689,0.052005219736784611,0.87697794966953424,0,0.87658707795779189,0,0.92226559630039295,0.053878396445366517,1,0.13215058471159982,0.99334724352710324,0,1,0,1,0,1,0,0.98949501185061017,0,1,0,1,0,0.95397353941244145,0,1,0.029988284762510892,1
"LIRCMOP8_BC",1,90000,90020,441,232,"feasible_endpoint","AF_train",1,29,0.050141941650687263,1.5992098682081015,1.6985998997225862,0.68606391484422946,0.93041695614031228,0.11728097663996935,0.89145347124270202,0.20685988673056677,0.93335129366343583,0.20993031573963691,0.87782275958663081,0.2994560397561134,0.9124729902471358,0.46367247812856688,0.85363442780636956,0.51589751663582106,0.88474626821034597,0.49624740842891085,0.7953692408978178,0.57149450485495967,0.71237957425353104,0.6404046404298549,0.74525011963786403,0.73840697669640176,0.63726208167513487,0.72270366455270962,0.66969444348931972,0.78771822209002418,0.53163545923900013,0.76531224683874932,0.53724280924323731,0.84075344513987271,0.51821290332509728
"LIRCMOP8_BC",1,90000,90020,441,232,"infeasible_endpoint","AI_train",0,29,0.050141941650687263,1.5774835972856882,1.7040034852099337,0.66990028065289187,0.93688242152097811,0.1325981543904024,0.89207243017645355,0.21069683782801243,0.93527328938482679,0.20601426833794753,0.86898304162677042,0.29926594703725184,0.92413211806322448,0.43891647414232832,0.85477299687784869,0.50478155236576516,0.90002373766044697,0.49268582601460936,0.80897082939799581,0.52167035915201554,0.71986443402173161,0.64201284205610121,0.76174275985642015,0.72953628857369024,0.66078413064879138,0.72000696251844687,0.69488486578953845,0.7844569820068239,0.55834037517978752,0.76073051487174315,0.57159639335821666,0.83994092425064515,0.52792644952587287
"LIRCMOP8_BC",1,90000,90020,441,233,"feasible_endpoint","AF_train",1,53,0.10233441340566016,2.0234145200599256,1.2417531163597251,0.79272004961967468,0.97018685936927795,0.11091318726539612,0.93116843700408936,0.22127124667167664,0.96970283985137939,0.35607065260410309,0.93684962391853333,0.37845127284526825,0.87962517142295837,0.50537436362355947,0.90889686346054077,0.52625859342515469,0.88671928644180298,0.57079842686653137,0.85064175724983215,0.63916026055812836,0.75557693839073181,0.75545856356620789,0.66083107888698578,0.84040644764900208,0.60137412697076797,0.80227220058441162,0.57361864298582077,0.78457444906234741,0.44442275539040565,0.75243261456489563,0.43481893092393875,0.8509158194065094,0.32597725093364716
"LIRCMOP8_BC",1,90000,90020,441,233,"infeasible_endpoint","AI_train",0,53,0.10233441340566016,1.9798206027247003,1.232434058935103,0.79272004961967468,0.97185933706830707,0.10717841983396045,0.91856029243387538,0.22127124667167664,0.97420120529548315,0.35607065260410309,0.94653473016325096,0.36389127008769595,0.87962517142295837,0.47179168926177362,0.91098123762519934,0.53026150642866199,0.81366900513173968,0.58149443561885295,0.85064175724983215,0.63916026055812836,0.75337771094779948,0.76287450166641713,0.66281504800894697,0.84958518597210364,0.60137412697076797,0.84703317803243827,0.57361864298582077,0.79085857750428168,0.44442275539040565,0.75723333075586763,0.43143194662702439,0.86193239724140303,0.32597725093364716
"LIRCMOP8_BC",1,90000,90020,441,234,"feasible_endpoint","AF_train",1,16,0.4829487305766767,1.2420216247288496,2.015124964295075,0.31017820212313935,0.93607901433017171,0.089046645208161385,0.89398070977557365,0.074170501941053762,0.90530277439149409,0.022157640640603979,0.94353435246070461,0.17836837725176813,0.97746953771197731,0.233274395373604,0.958227819126652,0.23680364852597766,0.95129381662163581,0.26550176013495397,0.98542212882906954,0.25903585664595175,0.99541626658442572,0.27330133918542826,0.92407498880853578,0.32388533965865718,0.85520180914044286,0.37758391906542565,0.96582538618843716,0.37757461200753928,0.86328498942769649,0.42509306215555398,0.88087568823088125,0.52746219186798171,0.91247369620411956
"LIRCMOP8_BC",1,90000,90020,441,234,"infeasible_endpoint","AI_train",0,16,0.4829487305766767,1.3385119173138191,1.8373642772030161,0.22967704636854358,0.95880481249534499,0.059556383638941064,0.93448507029404215,0.030851541973927407,0.92274499491467799,0,0.99741659141362182,0.15315785255053321,0.95399713044224632,0.15819718186677356,1,0.14944250044289248,0.96855856724309408,0.22143261857935551,1,0.12741275924513806,1,0.17870288115356037,0.96261374138046374,0.21785905555578516,0.9302604083459437,0.2864728633975962,1,0.27115475802523098,0.95137185566204197,0.39793290447250834,0.94128443011034768,0.44777446233605861,0.97083675109529244
"LIRCMOP8_BC",1,90000,90020,441,235,"feasible_endpoint","AF_train",1,90,0.45951384530503947,2.3406086745071049,0.80037771835243621,0.96767273161732481,0.99585987881516069,0.15661500360594827,0.97936456603397415,0.34642033799876437,0.95411768902913197,0.53548119099531344,0.91569404979260449,0.4804970674153074,0.87873766502696427,0.54458283364266658,0.80223040182633842,0.62654499572031364,0.76226528635144775,0.70038862789537437,0.69957351918968302,0.79355916748342314,0.59322954816425277,0.92928120486852994,0.53672601716332713,0.90606168291125599,0.45502233446115925,0.98209568689076865,0.36148855244801636,0.96834100606586238,0.27825890966936617,0.97163367130209977,0.1786045725846104,0.95430864688197026,0.067767786055128926
"LIRCMOP8_BC",1,90000,90020,441,235,"infeasible_endpoint","AI_train",0,90,0.45951384530503947,2.2026197095582503,0.93667572896742524,0.92223334566992798,0.98613475380280424,0.11908529096798293,0.95890383073010121,0.33182586315314599,0.96267151330022649,0.50096188310328749,0.92830286027668552,0.45660835364288022,0.89281924967894755,0.53964392676211059,0.83926239319767315,0.59598949095931197,0.77194856959846958,0.64740505382007463,0.71969111418104281,0.78119822506918113,0.61836852049470825,0.86817229757768999,0.55565913938249456,0.85560785084033375,0.49857524584006513,0.94231383942612257,0.41110480397550653,0.93218144912996537,0.30875510903936959,0.92065269951222839,0.24765672660741356,0.91604443112201661,0.049071822114950814
"LIRCMOP8_BC",1,90000,90020,441,236,"feasible_endpoint","AF_train",1,26,0.72121013981623894,1.526320421336806,1.7747580415825337,0.57714606711085259,0.99127580758568312,0.076277980173620294,0.97735726508277243,0.11947416395849926,0.99312830031068966,0.20817062865469965,0.95919101434484677,0.27481165576994748,0.91753096069372353,0.32602464495314193,0.89454773008160093,0.37463175406335192,0.88869594876282931,0.43901916799232366,0.86402951186590693,0.43449648545748276,0.81109981677683574,0.52524524394522343,0.77340564775926801,0.56036607635265545,0.73150718386057278,0.61086580420220438,0.66344709042023842,0.60915994973979259,0.63065590683560202,0.66111471604877559,0.58780986439727889,0.68350660577273992,0.51880009826484608
"LIRCMOP8_BC",1,90000,90020,441,236,"infeasible_endpoint","AI_train",0,26,0.72121013981623894,1.4059970485503848,1.4988841072324732,0.59061052989293905,1,0.07947243538819318,1,0.142830687812873,0.99959281051447291,0.2041998985307299,0.98078948340773786,0.25877129405555332,0.92225423682520291,0.28830066733193205,0.89903360681988853,0.39057759849937168,0.91988502699703323,0.45215761987985675,0.86774558690651715,0.44094765854360024,0.81797456790031764,0.53085583723243712,0.77891219003396328,0.60823592651552361,0.77043714206384883,0.6398541140528643,0.67311232624366402,0.65665932066736865,0.64209022150089468,0.71804290239949853,0.63047757384597225,0.74250066155636607,0.5541393165356916
"LIRCMOP8_BC",1,90000,90020,441,237,"feasible_endpoint","AF_train",1,94,0.30976159239803525,2.3710797746627206,0.76257721880024743,1,0.98099631189018466,0.17639795026852548,0.96555001309450184,0.30739265124917969,0.97450050578665592,0.42062146534822759,0.93286186188097009,0.48631695439378309,0.85161005582743798,0.59458207958316567,0.84952181796355375,0.68403311373800624,0.74349861754875124,0.79854065796606322,0.67809689312068056,0.85499812367900896,0.56834971209826657,0.98476983878190016,0.51979951268053948,1,0.43369275270673024,1,0.31827560678824207,1,0.1777355629201513,1,0.1032395438251692,1,0
"LIRCMOP8_BC",1,90000,90020,441,237,"infeasible_endpoint","AI_train",0,94,0.30976159239803525,2.2521723166538834,0.82033291449857115,1,0.95960814943108952,0.13775608272287404,0.96310039600799069,0.30627215522020057,0.99593618732757727,0.4176393003823532,0.92508404848999781,0.51726561386467451,0.87996241111286566,0.59729648782647127,0.85754132898882163,0.68642564848611309,0.72706944083295511,0.79470410691624649,0.68813961317778438,0.85058281706526839,0.58609765998305574,0.96173247870962886,0.5365441104730011,0.96154497757576363,0.42495408036519178,1,0.3464044032773238,0.98178090906138415,0.18126096518726009,0.96936306467862909,0.10213066073324623,0.98099515006936622,0.0302975896976862
"LIRCMOP8_BC",1,90000,90020,441,238,"feasible_endpoint","AF_train",1,50,0.34116753449458442,1.9786157702701681,1.3001067639961912,0.92992791060486635,0.99492832970292833,0.1192016154320969,0.99633036858137358,0.22546791081058193,0.97617544325356098,0.33864316330924621,0.97947068691837946,0.39406144936322007,0.86819534000006171,0.45136225557090515,0.8818759119543661,0.49138637873299595,0.80806243902080566,0.6253204627275617,0.73812480618732601,0.67599298126483676,0.65358217034032129,0.76301567215800614,0.62237347017618438,0.79965918904627653,0.54136415555872797,0.83468654597135084,0.45848017644211497,0.88409164000642337,0.38857178704690676,0.93471484777932101,0.30026618718941506,0.95443932599947756,0.20606340443954413
"LIRCMOP8_BC",1,90000,90020,441,238,"infeasible_endpoint","AI_train",0,50,0.34116753449458442,1.9782233911254883,1.1577796898058414,0.94738243887406925,0.99925621997629333,0.13044301984701356,0.97654432506633893,0.27424332584598443,0.98030767153388787,0.3148714424024851,0.98115135738031123,0.41090333324350659,0.84171050190040919,0.4920359627121671,0.87207345086907484,0.5371484768177115,0.79531149235760124,0.60869545170375294,0.71929060365853059,0.73226753011900936,0.6451607940010391,0.75417780321162253,0.60370425893460378,0.7787628954657061,0.50711164756644789,0.8445432399623618,0.42973657175887958,0.89370563174422268,0.36270502206052246,0.95918443533043041,0.25280497162768079,0.93351550104128966,0.15276616586178826
"LIRCMOP8_BC",1,90000,90020,441,239,"feasible_endpoint","AF_train",1,44,0.52856876199037728,1.8890619577713961,1.3921880841044323,0.77667344131632565,1,0.088376851428138475,0.95833676500586751,0.2462957434657399,0.96310508775497006,0.31020894323709713,1,0.36010151759306469,0.88098350807809533,0.54120556572634659,0.9610099489326428,0.56135815332271877,0.87475117428852545,0.52878322266482558,0.88838496877149109,0.66317367406369709,0.76202689570565196,0.72167859135104739,0.67102333966489625,0.80101667847052016,0.63276240208162848,0.8055498665517995,0.58456470099984159,0.76168970919172374,0.43340486605887046,0.82641775040594667,0.41910640956597789,0.85836856303157782,0.40435539362343798
"LIRCMOP8_BC",1,90000,90020,441,239,"infeasible_endpoint","AI_train",0,44,0.52856876199037728,1.8029787717936934,1.5955352614929459,0.63731160865209824,1,0.064152799190833096,1,0.16475297933006169,0.96050429324979469,0.25093564482492886,1,0.25746319263579975,0.82823631049872248,0.46676904293125743,0.95097549188550823,0.45211537739608487,0.92443670160360647,0.42685037654489388,0.94842268584877609,0.49756592643613312,0.83818088573325611,0.54846381782636966,0.77409921564909878,0.65252241015040924,0.70385626987083527,0.66464376157848548,0.69691064242923317,0.60529861220031522,0.62369666897004827,0.75702132405862066,0.54904290996591887,0.76143732203551673,0.55776598129383026
"LIRCMOP8_BC",1,90000,90020,441,240,"feasible_endpoint","AF_train",1,94,0.11373329630034645,2.3710797746627206,0.76257721880024743,1,0.98099631189018466,0.17639795026852548,0.96555001309450184,0.30739265124917969,0.97450050578665592,0.42062146534822759,0.93286186188097009,0.48631695439378309,0.85161005582743798,0.59458207958316567,0.84952181796355375,0.68403311373800624,0.74349861754875124,0.79854065796606322,0.67809689312068056,0.85499812367900896,0.56834971209826657,0.98476983878190016,0.51979951268053948,1,0.43369275270673024,1,0.31827560678824207,1,0.1777355629201513,1,0.1032395438251692,1,0
"LIRCMOP8_BC",1,90000,90020,441,240,"infeasible_endpoint","AI_train",0,94,0.11373329630034645,2.3440323383328163,0.72225382651455872,1,0.99145170883756317,0.16709372909914166,0.98271632491111394,0.30865182794511509,0.95156018338861792,0.51696220717015839,0.92555943575136723,0.46895528199704484,0.86030027171181156,0.60111101363249086,0.79952602780298199,0.67393052571875334,0.73166568948853661,0.735701948484214,0.67075796054999726,0.8814452462686394,0.56197638168129593,0.94260910686684263,0.50370366066366157,0.95713060191342858,0.40901399811508998,0.97113886400911553,0.30539168114922088,0.98743174311613147,0.22456922212678765,0.990398567618056,0.088793086223075232,0.95470969888418766,0
"LIRCMOP8_BC",1,90000,90020,441,241,"feasible_endpoint","AF_train",1,100,0.19039786962034527,2.4260428112565977,0.71840446982118744,1,0.99626021677724619,0.1221221499921583,0.96581771310845421,0.34028812484214971,0.9538475367358269,0.54492147871937702,0.92125967838663703,0.47067886468038089,0.85192927432112509,0.56666129119425135,0.80035289766230111,0.65727466905908571,0.73163326374438997,0.71140783542855957,0.66718278604175163,0.89665660086852883,0.57824589604213539,0.92811548451837345,0.5142457248756046,0.93571826606585873,0.39346037788938787,0.98884014944241794,0.31004878662966051,0.97798942202518591,0.22078135880509495,0.99033602416738653,0.10559168402536698,0.97950911380843564,0
"LIRCMOP8_BC",1,90000,90020,441,241,"infeasible_endpoint","AI_train",0,100,0.19039786962034527,2.3440323383328163,0.72225382651455872,1,0.99145170883756317,0.16709372909914166,0.98271632491111394,0.30865182794511509,0.95156018338861792,0.51696220717015839,0.92555943575136723,0.46895528199704484,0.86030027171181156,0.60111101363249086,0.79952602780298199,0.67393052571875334,0.73166568948853661,0.735701948484214,0.67075796054999726,0.8814452462686394,0.56197638168129593,0.94260910686684263,0.50370366066366157,0.95713060191342858,0.40901399811508998,0.97113886400911553,0.30539168114922088,0.98743174311613147,0.22456922212678765,0.990398567618056,0.088793086223075232,0.95470969888418766,0
"LIRCMOP8_BC",1,90000,90020,441,242,"feasible_endpoint","AF_train",1,90,0.1236055887355324,2.3406086745071049,0.80037771835243621,0.96767273161732481,0.99585987881516069,0.15661500360594827,0.97936456603397415,0.34642033799876437,0.95411768902913197,0.53548119099531344,0.91569404979260449,0.4804970674153074,0.87873766502696427,0.54458283364266658,0.80223040182633842,0.62654499572031364,0.76226528635144775,0.70038862789537437,0.69957351918968302,0.79355916748342314,0.59322954816425277,0.92928120486852994,0.53672601716332713,0.90606168291125599,0.45502233446115925,0.98209568689076865,0.36148855244801636,0.96834100606586238,0.27825890966936617,0.97163367130209977,0.1786045725846104,0.95430864688197026,0.067767786055128926
"LIRCMOP8_BC",1,90000,90020,441,242,"infeasible_endpoint","AI_train",0,90,0.1236055887355324,2.3147554202576068,0.7545935130050313,1,0.98547405941936028,0.17376661295071291,0.97135197212805569,0.29744313891175211,0.97704444679191793,0.41756407553727753,0.94092654346590088,0.48182627629192193,0.84351822275857224,0.59280203103354179,0.83927932516523396,0.67486743884021849,0.74068020887224928,0.78798587089093131,0.65549563170077851,0.85338792074898273,0.57121995828148719,0.98177959298260653,0.51743296885126844,1,0.42784265614040995,1,0.31440439729964903,1,0.18433453638256742,1,0.093891038981483321,1,0
"LIRCMOP8_BC",1,90000,90020,441,243,"feasible_endpoint","AF_train",1,86,0.14487249898651755,2.3121253683471767,0.83830756613260748,1,0.99494473258057003,0.17405998906235096,0.9795035853561489,0.30516751817305998,0.96340857818515002,0.45418044150266751,0.91912278011916548,0.50743191085098982,0.83453786717360545,0.58974313637077969,0.80522273869333005,0.68432782101332901,0.73560587657579546,0.82542934015968006,0.63925022762550432,0.7978334142596365,0.55189786797325002,0.93700117880575629,0.47934560563687323,0.99713997577874003,0.39485960068458748,1,0.25376689184466095,1,0.15444406104185815,1,0.046626897764437347,1,0
"LIRCMOP8_BC",1,90000,90020,441,243,"infeasible_endpoint","AI_train",0,86,0.14487249898651755,2.2521723166538834,0.82033291449857115,1,0.95960814943108952,0.13775608272287404,0.96310039600799069,0.30627215522020057,0.99593618732757727,0.4176393003823532,0.92508404848999781,0.51726561386467451,0.87996241111286566,0.59729648782647127,0.85754132898882163,0.68642564848611309,0.72706944083295511,0.79470410691624649,0.68813961317778438,0.85058281706526839,0.58609765998305574,0.96173247870962886,0.5365441104730011,0.96154497757576363,0.42495408036519178,1,0.3464044032773238,0.98178090906138415,0.18126096518726009,0.96936306467862909,0.10213066073324623,0.98099515006936622,0.0302975896976862
"LIRCMOP8_BC",1,90000,90020,441,244,"feasible_endpoint","AF_train",1,84,0.13685704793217299,2.2969128713922338,0.85824097654990505,1,1,0.18840226301477514,0.97711687717101825,0.2804758902546004,0.97011621145510429,0.38842091111428756,0.92383115612647648,0.49110156662720506,0.85443661926720349,0.59027685253277529,0.880662270736424,0.66494939425717348,0.76826548541777695,0.7986932490105968,0.67794876947516625,0.86085244598900779,0.57536891306582194,0.97650083111950614,0.55583758503338687,1,0.45968855929617658,1,0.32801289403517653,1,0.20898293905023796,1,0.13217560530180972,1,0.039693096373286385
"LIRCMOP8_BC",1,90000,90020,441,244,"infeasible_endpoint","AI_train",0,84,0.13685704793217299,2.2521723166538834,0.82033291449857115,1,0.95960814943108952,0.13775608272287404,0.96310039600799069,0.30627215522020057,0.99593618732757727,0.4176393003823532,0.92508404848999781,0.51726561386467451,0.87996241111286566,0.59729648782647127,0.85754132898882163,0.68642564848611309,0.72706944083295511,0.79470410691624649,0.68813961317778438,0.85058281706526839,0.58609765998305574,0.96173247870962886,0.5365441104730011,0.96154497757576363,0.42495408036519178,1,0.3464044032773238,0.98178090906138415,0.18126096518726009,0.96936306467862909,0.10213066073324623,0.98099515006936622,0.0302975896976862
"LIRCMOP8_BC",1,90000,90020,441,245,"feasible_endpoint","AF_train",1,82,0.15480861432425577,2.2867692688204002,0.87612321853075503,1,1,0.1851738865662092,0.98491423765159369,0.29755499887168174,0.9708419492854421,0.4289644463960875,0.91824691930651259,0.49853651685856876,0.82750148390826106,0.62789195917972829,0.80029448013933491,0.69753797936407202,0.73619994956718204,0.79942422004962765,0.62877292162003928,0.83867594666577716,0.5370534317762834,0.95239768627992138,0.48939538829924545,0.97245260234756969,0.38053334168991149,0.99712035516602515,0.25489611311766142,1,0.16250055153175041,1,0.03415958302929778,1,0
"LIRCMOP8_BC",1,90000,90020,441,245,"infeasible_endpoint","AI_train",0,82,0.15480861432425577,2.2521723166538834,0.82033291449857115,1,0.95960814943108952,0.13775608272287404,0.96310039600799069,0.30627215522020057,0.99593618732757727,0.4176393003823532,0.92508404848999781,0.51726561386467451,0.87996241111286566,0.59729648782647127,0.85754132898882163,0.68642564848611309,0.72706944083295511,0.79470410691624649,0.68813961317778438,0.85058281706526839,0.58609765998305574,0.96173247870962886,0.5365441104730011,0.96154497757576363,0.42495408036519178,1,0.3464044032773238,0.98178090906138415,0.18126096518726009,0.96936306467862909,0.10213066073324623,0.98099515006936622,0.0302975896976862
"LIRCMOP8_BC",1,90000,90020,441,246,"feasible_endpoint","AF_train",1,79,0.20234399556156041,2.2714876802930455,0.90306920588849549,0.93434739314982718,0.9996703405286087,0.22777310534575082,0.99765364237977361,0.34363320232051087,0.95405937215292802,0.43080454864729023,0.93652171913251514,0.49069325232938138,0.88916568374091265,0.53689345853099435,0.83737703985986189,0.66860085015886317,0.7781634883662798,0.68988701585414369,0.67438522167132953,0.83894506065316465,0.59697409796775891,0.91943199429747802,0.54282016543459988,0.84357446837137029,0.46674629769057119,0.91573975175475053,0.37464267661581013,0.89877615743664685,0.28948610646625456,0.95702971147179405,0.14402549686546054,0.96993646359211805,0.089727720310851605
"LIRCMOP8_BC",1,90000,90020,441,246,"infeasible_endpoint","AI_train",0,79,0.20234399556156041,2.2521723166538834,0.82033291449857115,1,0.95960814943108952,0.13775608272287404,0.96310039600799069,0.30627215522020057,0.99593618732757727,0.4176393003823532,0.92508404848999781,0.51726561386467451,0.87996241111286566,0.59729648782647127,0.85754132898882163,0.68642564848611309,0.72706944083295511,0.79470410691624649,0.68813961317778438,0.85058281706526839,0.58609765998305574,0.96173247870962886,0.5365441104730011,0.96154497757576363,0.42495408036519178,1,0.3464044032773238,0.98178090906138415,0.18126096518726009,0.96936306467862909,0.10213066073324623,0.98099515006936622,0.0302975896976862
"LIRCMOP8_BC",1,90000,90020,441,247,"feasible_endpoint","AF_train",1,75,0.25239336753657926,2.2371289770374228,0.95156546619288407,0.90706185659441108,0.99969093149636157,0.10627580535860581,0.96565539026175728,0.35366429811412448,0.96675103979710797,0.46900713415558204,0.87535442772183913,0.4241353672029336,0.88651570876290686,0.57629374185336413,0.83474141014151959,0.61473219845736105,0.789406285722144,0.63566680084139915,0.7179268830478498,0.79480751436233099,0.63897358752138322,0.86947460632728368,0.5555734138580819,0.84155112698084766,0.46482544994333663,0.92996675836595788,0.41971818384806314,0.93171092896815599,0.31051825364212321,0.92599415771595972,0.20991657274344822,0.91935498800571569,0.14425843799481897
"LIRCMOP8_BC",1,90000,90020,441,247,"infeasible_endpoint","AI_train",0,75,0.25239336753657926,2.1365324060033046,0.99108758093245342,1,1,0.17543519765783291,0.97203461100327759,0.27054306198174694,0.97886617554736421,0.36408541527285071,0.93551445424771384,0.46336731202584369,0.85614412201153678,0.60064525127733059,0.87750352410937227,0.65448526651105832,0.76462931566927295,0.75600842496027321,0.69661837482662792,0.84257833089440637,0.59414753733355707,0.95873626352249852,0.575487114029405,1,0.47293061541911735,1,0.36730841165715306,1,0.25461660691791727,1,0.16106437146332825,1,0.04810600980107127
"LIRCMOP8_BC",1,90000,90020,441,248,"feasible_endpoint","AF_train",1,70,0.16668264178655753,2.2075840202879737,1.0025095671411473,0.86941359937196805,0.9862796735398025,0.16755570300200906,0.95993240790822809,0.28546443008524369,0.99056197313029548,0.40785491232411231,0.92283791619482691,0.43103575445936493,0.89850764001570138,0.54380478331820292,0.81514902482497009,0.65357660974397036,0.79258792853962734,0.53814813799462735,0.76210210938751133,0.72688555729647653,0.64973709626524312,0.82113846616053598,0.59701658594540019,0.78109224561302693,0.52760570964959508,0.85308569150963909,0.47664798179211165,0.86740268090800765,0.37179331929546822,0.85082332673252548,0.29128080391937317,0.86384410530720501,0.19932419439140822
"LIRCMOP8_BC",1,90000,90020,441,248,"infeasible_endpoint","AI_train",0,70,0.16668264178655753,2.1365324060033046,0.99108758093245342,1,1,0.17543519765783291,0.97203461100327759,0.27054306198174694,0.97886617554736421,0.36408541527285071,0.93551445424771384,0.46336731202584369,0.85614412201153678,0.60064525127733059,0.87750352410937227,0.65448526651105832,0.76462931566927295,0.75600842496027321,0.69661837482662792,0.84257833089440637,0.59414753733355707,0.95873626352249852,0.575487114029405,1,0.47293061541911735,1,0.36730841165715306,1,0.25461660691791727,1,0.16106437146332825,1,0.04810600980107127
"LIRCMOP8_BC",1,90000,90020,441,249,"feasible_endpoint","AF_train",1,69,0.14567000009777503,2.1940046584174038,1.0163732971453274,0.87679395972253116,0.97640962879044779,0.081555578330017572,0.93984203039518022,0.31723138830752767,0.97122533757132101,0.46644257521126153,0.94091167076076654,0.43271963987045298,0.90690083433093072,0.53470501988155461,0.87629438456900788,0.56543398619831042,0.7816318528454913,0.59442147974477488,0.7398087091724026,0.76883728265493911,0.64350749282516362,0.80706339028684992,0.57459226160166199,0.80515401876941151,0.54212815721897101,0.90253199196147649,0.46072105550299663,0.89602189219406836,0.33925130840937301,0.8696717277223569,0.31670888063021674,0.87778021536206285,0.19410063416429024
"LIRCMOP8_BC",1,90000,90020,441,249,"infeasible_endpoint","AI_train",0,69,0.14567000009777503,2.1365324060033046,0.99108758093245342,1,1,0.17543519765783291,0.97203461100327759,0.27054306198174694,0.97886617554736421,0.36408541527285071,0.93551445424771384,0.46336731202584369,0.85614412201153678,0.60064525127733059,0.87750352410937227,0.65448526651105832,0.76462931566927295,0.75600842496027321,0.69661837482662792,0.84257833089440637,0.59414753733355707,0.95873626352249852,0.575487114029405,1,0.47293061541911735,1,0.36730841165715306,1,0.25461660691791727,1,0.16106437146332825,1,0.04810600980107127
"LIRCMOP8_BC",1,90000,90020,441,250,"feasible_endpoint","AF_train",1,67,0.15265476767359526,2.1667278240616232,1.0482468242581322,0.86769689759334234,0.99935572808548667,0.13510015884269261,0.97861975147624858,0.2917571095180137,0.97643470615141492,0.40287644548372603,0.96160816164966412,0.39154487917168718,0.83024668498423071,0.57957239000722427,0.86774065969686043,0.60911271051698712,0.79749953163749265,0.56751733770833757,0.79079782166196821,0.76986651864895683,0.65563506175198638,0.79870609858457153,0.60612022663754761,0.81983733193320818,0.52872076660840139,0.89629353144134316,0.47462091974568393,0.84829313858311628,0.38781670014541852,0.86887516808492848,0.30649758223242241,0.85125506048717203,0.18523901652540639
"LIRCMOP8_BC",1,90000,90020,441,250,"infeasible_endpoint","AI_train",0,67,0.15265476767359526,2.1365324060033046,0.99108758093245342,1,1,0.17543519765783291,0.97203461100327759,0.27054306198174694,0.97886617554736421,0.36408541527285071,0.93551445424771384,0.46336731202584369,0.85614412201153678,0.60064525127733059,0.87750352410937227,0.65448526651105832,0.76462931566927295,0.75600842496027321,0.69661837482662792,0.84257833089440637,0.59414753733355707,0.95873626352249852,0.575487114029405,1,0.47293061541911735,1,0.36730841165715306,1,0.25461660691791727,1,0.16106437146332825,1,0.04810600980107127
"LIRCMOP8_BC",1,90000,90020,441,251,"feasible_endpoint","AF_train",1,68,0.15362345569213706,2.184615271987945,1.0357305329820625,0.92652034993018106,1,0.26464016506214361,1,0.24908287783880512,0.94751933088939821,0.37851911481759193,0.96368638775445614,0.3545442006407733,0.86846839863416625,0.58310322603083486,0.81654407777999793,0.61085305252292843,0.776098901538957,0.67920272271602111,0.77323389727778502,0.7631600748710099,0.59594702592210447,0.89865359823677848,0.56635553763827218,0.97066064842487154,0.56115461485328932,0.88234146692240978,0.374893853414346,0.98027433440959344,0.33513646534972658,0.9784413813936097,0.22048660483640625,1,0.16950810230037094
"LIRCMOP8_BC",1,90000,90020,441,251,"infeasible_endpoint","AI_train",0,68,0.15362345569213706,2.1365324060033046,0.99108758093245342,1,1,0.17543519765783291,0.97203461100327759,0.27054306198174694,0.97886617554736421,0.36408541527285071,0.93551445424771384,0.46336731202584369,0.85614412201153678,0.60064525127733059,0.87750352410937227,0.65448526651105832,0.76462931566927295,0.75600842496027321,0.69661837482662792,0.84257833089440637,0.59414753733355707,0.95873626352249852,0.575487114029405,1,0.47293061541911735,1,0.36730841165715306,1,0.25461660691791727,1,0.16106437146332825,1,0.04810600980107127
"LIRCMOP8_BC",1,90000,90020,441,252,"feasible_endpoint","AF_train",1,65,0.18273037779576248,2.1519710134445362,1.0663252812694721,0.89263531492029213,1,0.16248992937402618,0.9743412105778374,0.21095028019682008,0.93931303850576298,0.40781857841844071,0.94242162868581114,0.3536550269131572,0.87158709589114358,0.6345439371395214,0.89288337726085332,0.6508712417069793,0.7855290585549467,0.59502284397562533,0.79638884753460126,0.70710879737275345,0.61828284839028014,0.85966692336665318,0.59280243986506975,0.89430414976031969,0.50775538961455702,0.86945100831359445,0.41165369245141598,0.93366807633875037,0.36718662734837954,0.89534343655822068,0.21902502283989422,0.98495654210975325,0.22742232762567854
"LIRCMOP8_BC",1,90000,90020,441,252,"infeasible_endpoint","AI_train",0,65,0.18273037779576248,2.1365324060033046,0.99108758093245342,1,1,0.17543519765783291,0.97203461100327759,0.27054306198174694,0.97886617554736421,0.36408541527285071,0.93551445424771384,0.46336731202584369,0.85614412201153678,0.60064525127733059,0.87750352410937227,0.65448526651105832,0.76462931566927295,0.75600842496027321,0.69661837482662792,0.84257833089440637,0.59414753733355707,0.95873626352249852,0.575487114029405,1,0.47293061541911735,1,0.36730841165715306,1,0.25461660691791727,1,0.16106437146332825,1,0.04810600980107127
"LIRCMOP8_BC",1,90000,90020,441,253,"feasible_endpoint","AF_train",1,62,0.31435798780199697,2.1293736568038133,1.1150011510088147,0.80733655023160156,0.99280590375113464,0.057180481347643614,0.95500801771475052,0.24156942198428125,0.97258120810411652,0.43747660397516541,0.92545182017383554,0.31089503235976113,0.90233940792887379,0.45273421285137022,0.86419182564882369,0.53695357628822982,0.83816524599229147,0.63219660132511801,0.8206624844370134,0.68618820314040607,0.69794684647452909,0.84600077541954477,0.63751489863232536,0.88310013842680868,0.5924529414870896,0.82263572133001817,0.55579584667000459,0.87402131284402396,0.44672217277726944,0.91214134242352163,0.3532915127152223,0.96816519655777644,0.30681665337039649
"LIRCMOP8_BC",1,90000,90020,441,253,"infeasible_endpoint","AI_train",0,62,0.31435798780199697,2.0127780488364508,1.049068079780938,0.85571295569495898,0.97317448812935559,0.14784553254996102,0.95849589312922623,0.29554897529629015,0.96559539048213772,0.40930690175225126,0.94027678330346265,0.44530634726602136,0.91930854629469316,0.48410433705569766,0.89844213864077627,0.59540824688909422,0.81347264158021781,0.61067106390402415,0.74141375677303345,0.75476296927891651,0.64198494943327078,0.85980636980838965,0.59284310968316722,0.81177757682629581,0.56096211997927159,0.86460679727751621,0.46751087980968586,0.87852740172223698,0.37158616371191,0.87013381121645716,0.30359137614231113,0.9024804015198673,0.21654482517815174
"LIRCMOP8_BC",1,90000,90020,441,254,"feasible_endpoint","AF_train",1,11,0.047693994998791296,1.0540957335834062,2.1639675390004749,0.27596925073185186,0.97310350848401139,0.061194097954875737,0.87620362819155473,0.074914568975288379,0.96061053814581054,0.098442554821252054,0.89960722835555906,0.12783978483611813,0.91636337923755928,0.15898810692462806,1,0.17334928730484828,0.97647894468510377,0.23376868092541567,0.98937477720424993,0.21047052560614934,1,0.28031733011506554,0.92330156422061571,0.32745949457062812,0.90195994086852993,0.31809681251921862,0.89264597024665293,0.35224108300553053,0.84374073868634947,0.40758629845297889,0.87728258076803667,0.46679394238714877,0.83187944383890655
"LIRCMOP8_BC",1,90000,90020,441,254,"infeasible_endpoint","AI_train",0,11,0.047693994998791296,1.0330284736361697,2.1604047981854748,0.27596925073185186,0.97126747134538005,0.051841258582172027,0.87751757287386156,0.074914568975288379,0.96234126747016346,0.098442554821252054,0.89901234281498421,0.12783978483611813,0.91636337923755928,0.15766510318951144,1,0.16934637430134095,0.97647894468510377,0.22307267217309409,0.98937477720424993,0.21047052560614934,1,0.2729013920148563,0.92131759509865452,0.31828075624752655,0.90195994086852993,0.3127168721259373,0.89264597024665293,0.34595695456359626,0.84374073868634947,0.40474863490912949,0.88066956506495098,0.45577736455225515,0.83187944383890655
"LIRCMOP8_BC",1,90000,90020,441,255,"feasible_endpoint","AF_train",1,4,0.072648638383934927,0.83291261888122825,2.3208684978536853,0,0.90113716095939034,0.049477142456063217,0.83004865979447728,0,0.8787459429502138,0,0.9158309211977731,0,0.96848611851197164,0,0.99432869524305478,0.0013368728578843914,1,0,1,0.0097136608423442627,0.9931252488765181,0,1,0.0045434783182399102,1,0,1,0,1,0.0088358569788811181,1,0.10039131567385426,1
"LIRCMOP8_BC",1,90000,90020,441,255,"infeasible_endpoint","AI_train",0,4,0.072648638383934927,0.83320419851744054,2.2897287297552955,0.017281237887455961,0.92978965816970849,0.056114449475310135,0.83067252375949985,0.012904433965032954,0.86982524569445174,0.0093985914808136922,0.93460803167619622,0.0041029299698380969,0.96995563457255884,0.040776313303036868,0.96729122754515484,0.032741729047699869,1,0,0.97955651222424911,0.038133052662459012,0.99093745057882798,0,1,0.029016434171158935,0.97189804096081867,0.0036879810149327286,0.99832519790663965,0.021071098340124009,0.98578211911842484,0.018139859469629899,0.99658726118211705,0.098706918811215294,0.9863907540150223
"LIRCMOP8_BC",1,90000,90020,441,256,"feasible_endpoint","AF_train",1,13,0.11139493267006297,1.1318263183933812,2.1177217443414733,0.24422506195623037,0.91242702153953104,0.048849869114332596,0.87170974924419009,0.051133667652595957,0.93159825039995448,0.06238952178680425,0.89974912995474177,0.14368370452879875,0.9874612395582858,0.17196399498892598,0.98596457358754908,0.17491841731815444,0.96331170616568529,0.21732546030127303,1,0.19293691238828337,1,0.21949390576283062,0.93539750945666744,0.2543507726072804,0.89961750405170515,0.30754905561598322,0.98366557769988239,0.2959459095228234,0.89963716836292418,0.4029959521638124,0.90891560409808103,0.45539713476451915,0.92494980931200466
"LIRCMOP8_BC",1,90000,90020,441,256,"infeasible_endpoint","AI_train",0,13,0.11139493267006297,1.1076918570132279,2.0767968691103942,0.22257469688612688,0.91497597931300723,0.061355559936662675,0.8772639510514052,0.043978339040348355,0.92385408053512785,0.094057162459116592,0.89797537339486599,0.12505900863891342,1,0.10486629913577236,0.97785858591840591,0.10310806285488899,0.9617272297431847,0.1538496920105728,1,0.14278390012540249,1,0.18297937197815345,0.93590070592177776,0.19479337837013028,0.92745034142096439,0.27129487080817327,0.95847981625266487,0.26989464251009138,0.94707251665331205,0.35889894168076697,0.93006406902653305,0.39440293896904588,0.95310177281496677
"LIRCMOP8_BC",1,90000,90020,441,257,"feasible_endpoint","AF_train",1,24,0.15030075996299966,1.4553785008333886,1.8312242667427179,0.40579517621550454,0.98253794659810467,0.035259641093963665,0.9424564125035555,0.096562771241472431,0.99607206889734234,0.14550570323620476,0.95549900794086395,0.19067827427092243,0.99577560171912327,0.24345347150488272,0.97036000570767555,0.32634587096001577,0.98281871752102146,0.3116837039893493,1,0.33676150526101617,0.97729293185314381,0.45509567252167954,0.91927765378465165,0.44974938916174417,0.93153050456099762,0.53591951396261539,0.92157971966067309,0.54025519811488243,0.80918946235611344,0.59090872276339179,0.8864855815879088,0.7124668750633929,0.89852818298632653
"LIRCMOP8_BC",1,90000,90020,441,257,"infeasible_endpoint","AI_train",0,24,0.15030075996299966,1.3952776356472658,1.8070216452294139,0.40786289114508523,0.96303020460912503,0.040046799179457873,0.95635969855993097,0.098104460279749103,0.99133955170523635,0.14711389615688958,0.94861755656408353,0.19503988885584522,0.99228546664546147,0.25092559918089286,0.96867526552193794,0.34805997863937099,0.98274163381416568,0.31557974669393152,0.99481244385242462,0.3402106472402337,0.97727899926742756,0.45579656491577619,0.91652335295190324,0.46166459607092386,0.91701264593653931,0.53727057244573917,0.9205207984427547,0.5433811339078054,0.80512174337341691,0.60044761169466621,0.88217986125862413,0.67218435370431051,0.89154846418196709
"LIRCMOP8_BC",1,90000,90020,441,258,"feasible_endpoint","AF_train",1,44,0.19708670560435521,1.8890619577713961,1.3921880841044323,0.77667344131632565,1,0.088376851428138475,0.95833676500586751,0.2462957434657399,0.96310508775497006,0.31020894323709713,1,0.36010151759306469,0.88098350807809533,0.54120556572634659,0.9610099489326428,0.56135815332271877,0.87475117428852545,0.52878322266482558,0.88838496877149109,0.66317367406369709,0.76202689570565196,0.72167859135104739,0.67102333966489625,0.80101667847052016,0.63276240208162848,0.8055498665517995,0.58456470099984159,0.76168970919172374,0.43340486605887046,0.82641775040594667,0.41910640956597789,0.85836856303157782,0.40435539362343798
"LIRCMOP8_BC",1,90000,90020,441,258,"infeasible_endpoint","AI_train",0,44,0.19708670560435521,1.9373170919430085,1.3241519296444713,0.84196664163034163,1,0.097185943210238546,0.97082767987755036,0.25234102785895896,0.95324507583254336,0.3207637102730847,0.99770450155584278,0.39385189879266658,0.84548043002437523,0.58324915365710928,0.95358267658982521,0.58333883813276954,0.8465571848023028,0.65942126369232579,0.82172037488775507,0.71906886874834741,0.7056850634611721,0.78730820141074009,0.61721274084181887,0.89669685683779154,0.55922621810178663,0.87756719837999253,0.4736887666626165,0.82798836873771986,0.32875848217701154,0.90100608703968388,0.2905457991209402,0.97239324918546521,0.30469329642773385
"LIRCMOP8_BC",1,90000,90020,441,259,"feasible_endpoint","AF_train",1,46,0.42189479974361643,1.9181321457733091,1.3570614715877867,0.77707851824009067,0.97881783253664478,0.086870621571940976,0.89028036870305305,0.24746474827206941,1,0.38818117545493502,0.93732423611778171,0.3999194422026614,0.94945140884847368,0.43880211243286565,0.94411974260304143,0.52221564361932515,0.82276775742684627,0.5314551119539046,0.80844229187473748,0.67058087790466836,0.68699580089878265,0.75769624489674459,0.64142009306920877,0.77998068528122133,0.65517794226797199,0.81347384280028179,0.56037908300356154,0.85827864600782711,0.45368622095756544,0.78323791096112017,0.4647868774305659,0.83502433944761645,0.3433619300454519
"LIRCMOP8_BC",1,90000,90020,441,259,"infeasible_endpoint","AI_train",0,46,0.42189479974361643,2.0178534060411506,1.2105248189738194,0.88790809828439521,0.97325846233895952,0.1280749035266425,0.89387143404123948,0.26840290853609661,1,0.43630967933696252,0.91952701127930414,0.42913850819433175,0.94594917549328417,0.51042747829028956,0.91259101831414557,0.55883444361149837,0.77131197773354576,0.65289929635256949,0.74675153308306086,0.76876286844155939,0.59977428029824087,0.85429287740812687,0.56499937490421526,0.9109090568779834,0.58729054600478414,0.90591769054701277,0.42024412683452833,0.91841211808481726,0.3457015841979848,0.88375898666568986,0.29543889470285212,0.9123730657651371,0.17033235305339459
"LIRCMOP8_BC",1,90000,90020,441,260,"feasible_endpoint","AF_train",1,4,0.072648638383934927,0.83291261888122825,2.3208684978536853,0,0.90113716095939034,0.049477142456063217,0.83004865979447728,0,0.8787459429502138,0,0.9158309211977731,0,0.96848611851197164,0,0.99432869524305478,0.0013368728578843914,1,0,1,0.0097136608423442627,0.9931252488765181,0,1,0.0045434783182399102,1,0,1,0,1,0.0088358569788811181,1,0.10039131567385426,1
"LIRCMOP8_BC",1,90000,90020,441,260,"infeasible_endpoint","AI_train",0,4,0.072648638383934927,0.83320419851744054,2.2897287297552955,0.017281237887455961,0.92978965816970849,0.056114449475310135,0.83067252375949985,0.012904433965032954,0.86982524569445174,0.0093985914808136922,0.93460803167619622,0.0041029299698380969,0.96995563457255884,0.040776313303036868,0.96729122754515484,0.032741729047699869,1,0,0.97955651222424911,0.038133052662459012,0.99093745057882798,0,1,0.029016434171158935,0.97189804096081867,0.0036879810149327286,0.99832519790663965,0.021071098340124009,0.98578211911842484,0.018139859469629899,0.99658726118211705,0.098706918811215294,0.9863907540150223
"LIRCMOP8_BC",1,90000,90020,441,261,"feasible_endpoint","AF_train",1,5,0.04872846488254675,0.84635771175078722,2.3066741688512931,0,0.89812939398385838,0.0046892928400026623,0.8308368171908499,0,0.88625452556240403,0,0.91361317989309854,0,0.97348776784773683,0,1,0,1,0,1,0,1,0,1,0.018418767243955803,1,0,1,0,1,0,1,0.1170663517880027,1
"LIRCMOP8_BC",1,90000,90020,441,261,"infeasible_endpoint","AI_train",0,5,0.04872846488254675,0.83320419851744054,2.2897287297552955,0.017281237887455961,0.92978965816970849,0.056114449475310135,0.83067252375949985,0.012904433965032954,0.86982524569445174,0.0093985914808136922,0.93460803167619622,0.0041029299698380969,0.96995563457255884,0.040776313303036868,0.96729122754515484,0.032741729047699869,1,0,0.97955651222424911,0.038133052662459012,0.99093745057882798,0,1,0.029016434171158935,0.97189804096081867,0.0036879810149327286,0.99832519790663965,0.021071098340124009,0.98578211911842484,0.018139859469629899,0.99658726118211705,0.098706918811215294,0.9863907540150223
"LIRCMOP8_BC",1,90000,90020,441,262,"feasible_endpoint","AF_train",1,9,0.12976974598818708,1.0007511469668811,2.2053021104834931,0,0.89546745957320617,0.061234328428000126,0.8759632144994246,0,0.87393182233881206,0,0.91233395404371964,0.058240011030289307,1,0.13962271238760995,0.99166250334136563,0,1,0,1,0,1,0,1,0,1,0,1,0,1,0,1,0.053563709910521146,1
"LIRCMOP8_BC",1,90000,90020,441,262,"infeasible_endpoint","AI_train",0,9,0.12976974598818708,1.0330284736361697,2.1604047981854748,0.27596925073185186,0.97126747134538005,0.051841258582172027,0.87751757287386156,0.074914568975288379,0.96234126747016346,0.098442554821252054,0.89901234281498421,0.12783978483611813,0.91636337923755928,0.15766510318951144,1,0.16934637430134095,0.97647894468510377,0.22307267217309409,0.98937477720424993,0.21047052560614934,1,0.2729013920148563,0.92131759509865452,0.31828075624752655,0.90195994086852993,0.3127168721259373,0.89264597024665293,0.34595695456359626,0.84374073868634947,0.40474863490912949,0.88066956506495098,0.45577736455225515,0.83187944383890655
"LIRCMOP8_BC",1,90000,90020,441,263,"feasible_endpoint","AF_train",1,10,0.065418227162202913,1.022890474249559,2.1867664344637294,0,0.88099338219825052,0.064669220658271048,0.90017126351327459,0,0.86329062421826919,0,0.93055504725860883,0.033778120242753562,0.98986830437372908,0.13042395460938977,0.98583131264470836,0.050541355048437098,1,0,1,0,1,0,1,0.019289138635137759,1,0,1,0,1,0,1,0.080368342908784224,0.98723936162626269
"LIRCMOP8_BC",1,90000,90020,441,263,"infeasible_endpoint","AI_train",0,10,0.065418227162202913,1.0330284736361697,2.1604047981854748,0.27596925073185186,0.97126747134538005,0.051841258582172027,0.87751757287386156,0.074914568975288379,0.96234126747016346,0.098442554821252054,0.89901234281498421,0.12783978483611813,0.91636337923755928,0.15766510318951144,1,0.16934637430134095,0.97647894468510377,0.22307267217309409,0.98937477720424993,0.21047052560614934,1,0.2729013920148563,0.92131759509865452,0.31828075624752655,0.90195994086852993,0.3127168721259373,0.89264597024665293,0.34595695456359626,0.84374073868634947,0.40474863490912949,0.88066956506495098,0.45577736455225515,0.83187944383890655
"LIRCMOP8_BC",1,90000,90020,441,264,"feasible_endpoint","AF_train",1,12,0.11225390980097877,1.1168505188771467,2.1234945502209923,0.26478778591398267,0.92452364769673945,0,0.8751601284123145,0.066817873406327291,0.9877749865194505,0.081691322794683427,0.86915514389737469,0.16148421952547709,0.98209635811371787,0.16095592873651987,1,0.1801959325158132,0.93762184353159217,0.20423099576086162,0.99256784991877944,0.19677451990788761,1,0.236394269605322,0.95628131468183653,0.23260074925046514,0.89554893031132177,0.36274327159041531,0.9806695283531488,0.31278219906203142,0.88665535690848341,0.34552528954289263,0.88561155010061554,0.44390885340851066,0.92932156345830885
"LIRCMOP8_BC",1,90000,90020,441,264,"infeasible_endpoint","AI_train",0,12,0.11225390980097877,1.1076918570132279,2.0767968691103942,0.22257469688612688,0.91497597931300723,0.061355559936662675,0.8772639510514052,0.043978339040348355,0.92385408053512785,0.094057162459116592,0.89797537339486599,0.12505900863891342,1,0.10486629913577236,0.97785858591840591,0.10310806285488899,0.9617272297431847,0.1538496920105728,1,0.14278390012540249,1,0.18297937197815345,0.93590070592177776,0.19479337837013028,0.92745034142096439,0.27129487080817327,0.95847981625266487,0.26989464251009138,0.94707251665331205,0.35889894168076697,0.93006406902653305,0.39440293896904588,0.95310177281496677
"LIRCMOP8_BC",1,90000,90020,441,265,"feasible_endpoint","AF_train",1,72,0.1201639227119667,2.2183042287852128,0.97719345318531992,0.87047852692432248,0.99201708870948258,0.14440827006457463,0.96876813606125511,0.29033705493965484,0.95409621308349979,0.45299397851773143,0.9342452967836532,0.41128378750228473,0.89665841318463002,0.52764142354212729,0.85468597538208491,0.5948683299120221,0.79583830982622461,0.56776910593736352,0.76824676040543394,0.74771989898247226,0.65226828261657244,0.82830846977628725,0.59711135831906581,0.81197464733458424,0.54483899492127974,0.88159097414268972,0.48009909311539084,0.85339515692643841,0.3760900076795306,0.85512600746065237,0.26997400037710295,0.84622094231495626,0.20736582884278074
"LIRCMOP8_BC",1,90000,90020,441,265,"infeasible_endpoint","AI_train",0,72,0.1201639227119667,2.1895373590502967,0.9347832082778933,0.91924948305260401,1,0.17468989641569027,0.94597613576861517,0.28680250173099886,0.95359796118368667,0.48036970430624643,0.91210374572353292,0.44638686851230713,0.85975696142420766,0.59005539893188819,0.84678732591641348,0.61709138697475785,0.76548386919071487,0.61355969967542467,0.75262992778741478,0.79487766248706726,0.63108295917004231,0.88210942236293022,0.53394773007216179,0.86415897817447573,0.4885349416373726,0.91212526339464406,0.43747244289117071,0.902310426702986,0.33279412997425001,0.9245753657138549,0.19981806154548643,0.91983863482316353,0.12405941173882615
"LIRCMOP8_BC",1,90000,90020,441,266,"feasible_endpoint","AF_train",1,37,0.54837079191350113,1.7694229758394289,1.5296428267790985,0.72558406496661454,0.96656983318105105,0.085210396401365629,0.9109923285604532,0.3171025058931155,0.95472216904708218,0.28050893651804748,0.85467157577377928,0.37126527991385366,0.9802093599294599,0.44074365539381721,0.85856128522761344,0.44400995818019551,0.90197252405867212,0.58773259186196602,0.81757658891992646,0.64322436699235197,0.79100676714531515,0.69312973725786708,0.66188610302027828,0.76691791838364876,0.64708488935818986,0.76107347970636163,0.62760586527364226,0.74993169774940038,0.50114495880983412,0.83656905567919537,0.50061035270423559,0.8648771309372556,0.35202567669098905
"LIRCMOP8_BC",1,90000,90020,441,266,"infeasible_endpoint","AI_train",0,37,0.54837079191350113,2.0034421708914691,1.5161591410782371,0.79057573414377469,0.9930759810641806,0.10438931920358294,0.93415095175199236,0.37020228081414303,0.94953198453996246,0.32110787616723235,0.82033286589749377,0.38337324241398973,0.94874150988667649,0.51323291853029884,0.79617837158752791,0.49026823559921345,0.87228476952266609,0.63983843630571324,0.77231888450648256,0.70533768522118323,0.76699566045661549,0.74901891797313658,0.62559240790578396,0.79770313923346192,0.55190864319587218,0.81931993748919973,0.55727541569589301,0.78664783922956483,0.429560975152113,0.90794717905661515,0.37399001136637883,0.90704245521630522,0.25247393066567259
"LIRCMOP8_BC",1,90000,90020,441,267,"feasible_endpoint","AF_train",1,79,0.7216313733744637,2.2714876802930455,0.90306920588849549,0.93434739314982718,0.9996703405286087,0.22777310534575082,0.99765364237977361,0.34363320232051087,0.95405937215292802,0.43080454864729023,0.93652171913251514,0.49069325232938138,0.88916568374091265,0.53689345853099435,0.83737703985986189,0.66860085015886317,0.7781634883662798,0.68988701585414369,0.67438522167132953,0.83894506065316465,0.59697409796775891,0.91943199429747802,0.54282016543459988,0.84357446837137029,0.46674629769057119,0.91573975175475053,0.37464267661581013,0.89877615743664685,0.28948610646625456,0.95702971147179405,0.14402549686546054,0.96993646359211805,0.089727720310851605
"LIRCMOP8_BC",1,90000,90020,441,267,"infeasible_endpoint","AI_train",0,79,0.7216313733744637,2.2323543443670903,1.2005089061368357,0.84960520822422669,0.99460205184602635,0.21681003118641951,0.98542632245734119,0.35038264341514647,0.96997424735754745,0.34667950937849856,0.93488082202986011,0.46199452646908368,0.88881974637263417,0.50346603124352174,0.87583542189557528,0.6628186938836349,0.82176284691927903,0.59735722918370238,0.70275901969438714,0.77534999387365322,0.67278846746807552,0.83186811817282247,0.58135667447169648,0.76875916430172531,0.50869805739972151,0.83519473134131184,0.46506045972348981,0.83796199040155184,0.33085790861153741,0.89735225723555923,0.23394300289929332,0.93461156323199224,0.22436837026070874
"LIRCMOP8_BC",1,90000,90020,441,268,"feasible_endpoint","AF_train",1,94,0.11373329630034645,2.3710797746627206,0.76257721880024743,1,0.98099631189018466,0.17639795026852548,0.96555001309450184,0.30739265124917969,0.97450050578665592,0.42062146534822759,0.93286186188097009,0.48631695439378309,0.85161005582743798,0.59458207958316567,0.84952181796355375,0.68403311373800624,0.74349861754875124,0.79854065796606322,0.67809689312068056,0.85499812367900896,0.56834971209826657,0.98476983878190016,0.51979951268053948,1,0.43369275270673024,1,0.31827560678824207,1,0.1777355629201513,1,0.1032395438251692,1,0
"LIRCMOP8_BC",1,90000,90020,441,268,"infeasible_endpoint","AI_train",0,94,0.11373329630034645,2.3440323383328163,0.72225382651455872,1,0.99145170883756317,0.16709372909914166,0.98271632491111394,0.30865182794511509,0.95156018338861792,0.51696220717015839,0.92555943575136723,0.46895528199704484,0.86030027171181156,0.60111101363249086,0.79952602780298199,0.67393052571875334,0.73166568948853661,0.735701948484214,0.67075796054999726,0.8814452462686394,0.56197638168129593,0.94260910686684263,0.50370366066366157,0.95713060191342858,0.40901399811508998,0.97113886400911553,0.30539168114922088,0.98743174311613147,0.22456922212678765,0.990398567618056,0.088793086223075232,0.95470969888418766,0
"LIRCMOP8_BC",1,90000,90020,441,269,"feasible_endpoint","AF_train",1,90,0.18628510884355082,2.3406086745071049,0.80037771835243621,0.96767273161732481,0.99585987881516069,0.15661500360594827,0.97936456603397415,0.34642033799876437,0.95411768902913197,0.53548119099531344,0.91569404979260449,0.4804970674153074,0.87873766502696427,0.54458283364266658,0.80223040182633842,0.62654499572031364,0.76226528635144775,0.70038862789537437,0.69957351918968302,0.79355916748342314,0.59322954816425277,0.92928120486852994,0.53672601716332713,0.90606168291125599,0.45502233446115925,0.98209568689076865,0.36148855244801636,0.96834100606586238,0.27825890966936617,0.97163367130209977,0.1786045725846104,0.95430864688197026,0.067767786055128926
"LIRCMOP8_BC",1,90000,90020,441,269,"infeasible_endpoint","AI_train",0,90,0.18628510884355082,2.3440323383328163,0.72225382651455872,1,0.99145170883756317,0.16709372909914166,0.98271632491111394,0.30865182794511509,0.95156018338861792,0.51696220717015839,0.92555943575136723,0.46895528199704484,0.86030027171181156,0.60111101363249086,0.79952602780298199,0.67393052571875334,0.73166568948853661,0.735701948484214,0.67075796054999726,0.8814452462686394,0.56197638168129593,0.94260910686684263,0.50370366066366157,0.95713060191342858,0.40901399811508998,0.97113886400911553,0.30539168114922088,0.98743174311613147,0.22456922212678765,0.990398567618056,0.088793086223075232,0.95470969888418766,0
"LIRCMOP8_BC",1,90000,90020,441,270,"feasible_endpoint","AF_train",1,100,0.19039786962034527,2.4260428112565977,0.71840446982118744,1,0.99626021677724619,0.1221221499921583,0.96581771310845421,0.34028812484214971,0.9538475367358269,0.54492147871937702,0.92125967838663703,0.47067886468038089,0.85192927432112509,0.56666129119425135,0.80035289766230111,0.65727466905908571,0.73163326374438997,0.71140783542855957,0.66718278604175163,0.89665660086852883,0.57824589604213539,0.92811548451837345,0.5142457248756046,0.93571826606585873,0.39346037788938787,0.98884014944241794,0.31004878662966051,0.97798942202518591,0.22078135880509495,0.99033602416738653,0.10559168402536698,0.97950911380843564,0
"LIRCMOP8_BC",1,90000,90020,441,270,"infeasible_endpoint","AI_train",0,100,0.19039786962034527,2.3440323383328163,0.72225382651455872,1,0.99145170883756317,0.16709372909914166,0.98271632491111394,0.30865182794511509,0.95156018338861792,0.51696220717015839,0.92555943575136723,0.46895528199704484,0.86030027171181156,0.60111101363249086,0.79952602780298199,0.67393052571875334,0.73166568948853661,0.735701948484214,0.67075796054999726,0.8814452462686394,0.56197638168129593,0.94260910686684263,0.50370366066366157,0.95713060191342858,0.40901399811508998,0.97113886400911553,0.30539168114922088,0.98743174311613147,0.22456922212678765,0.990398567618056,0.088793086223075232,0.95470969888418766,0
"LIRCMOP8_BC",1,90000,90020,441,271,"feasible_endpoint","AF_train",1,100,0.19039786962034527,2.4260428112565977,0.71840446982118744,1,0.99626021677724619,0.1221221499921583,0.96581771310845421,0.34028812484214971,0.9538475367358269,0.54492147871937702,0.92125967838663703,0.47067886468038089,0.85192927432112509,0.56666129119425135,0.80035289766230111,0.65727466905908571,0.73163326374438997,0.71140783542855957,0.66718278604175163,0.89665660086852883,0.57824589604213539,0.92811548451837345,0.5142457248756046,0.93571826606585873,0.39346037788938787,0.98884014944241794,0.31004878662966051,0.97798942202518591,0.22078135880509495,0.99033602416738653,0.10559168402536698,0.97950911380843564,0
"LIRCMOP8_BC",1,90000,90020,441,271,"infeasible_endpoint","AI_train",0,100,0.19039786962034527,2.3440323383328163,0.72225382651455872,1,0.99145170883756317,0.16709372909914166,0.98271632491111394,0.30865182794511509,0.95156018338861792,0.51696220717015839,0.92555943575136723,0.46895528199704484,0.86030027171181156,0.60111101363249086,0.79952602780298199,0.67393052571875334,0.73166568948853661,0.735701948484214,0.67075796054999726,0.8814452462686394,0.56197638168129593,0.94260910686684263,0.50370366066366157,0.95713060191342858,0.40901399811508998,0.97113886400911553,0.30539168114922088,0.98743174311613147,0.22456922212678765,0.990398567618056,0.088793086223075232,0.95470969888418766,0
"LIRCMOP8_BC",1,90000,90020,441,272,"feasible_endpoint","AF_train",1,86,0.23544761890476906,2.3121253683471767,0.83830756613260748,1,0.99494473258057003,0.17405998906235096,0.9795035853561489,0.30516751817305998,0.96340857818515002,0.45418044150266751,0.91912278011916548,0.50743191085098982,0.83453786717360545,0.58974313637077969,0.80522273869333005,0.68432782101332901,0.73560587657579546,0.82542934015968006,0.63925022762550432,0.7978334142596365,0.55189786797325002,0.93700117880575629,0.47934560563687323,0.99713997577874003,0.39485960068458748,1,0.25376689184466095,1,0.15444406104185815,1,0.046626897764437347,1,0
"LIRCMOP8_BC",1,90000,90020,441,272,"infeasible_endpoint","AI_train",0,86,0.23544761890476906,2.2238809784530957,0.78994890173772692,0.96682011921978694,0.99504177011783823,0.16263906031459219,0.98153819813171361,0.30088448846929633,0.95325032163399492,0.49016512614462227,0.92533888680479759,0.44401313746179288,0.86834557784108013,0.58945268835742981,0.81288143219634645,0.65258351925671332,0.74585926200597608,0.7058734587818436,0.69104355686494423,0.86241930660103416,0.58368034499648891,0.91683609430709256,0.53807818911027638,0.93244423096515638,0.44406915604340169,0.94459116221249362,0.35145195926002248,0.96508315276456091,0.27257651426188279,0.97351393207626735,0.13858534993908583,0.9524508697950177,0.049691147342075651
"LIRCMOP8_BC",1,90000,90020,441,273,"feasible_endpoint","AF_train",1,84,0.23547223572067946,2.2969128713922338,0.85824097654990505,1,1,0.18840226301477514,0.97711687717101825,0.2804758902546004,0.97011621145510429,0.38842091111428756,0.92383115612647648,0.49110156662720506,0.85443661926720349,0.59027685253277529,0.880662270736424,0.66494939425717348,0.76826548541777695,0.7986932490105968,0.67794876947516625,0.86085244598900779,0.57536891306582194,0.97650083111950614,0.55583758503338687,1,0.45968855929617658,1,0.32801289403517653,1,0.20898293905023796,1,0.13217560530180972,1,0.039693096373286385
"LIRCMOP8_BC",1,90000,90020,441,273,"infeasible_endpoint","AI_train",0,84,0.23547223572067946,2.2238809784530957,0.78994890173772692,0.96682011921978694,0.99504177011783823,0.16263906031459219,0.98153819813171361,0.30088448846929633,0.95325032163399492,0.49016512614462227,0.92533888680479759,0.44401313746179288,0.86834557784108013,0.58945268835742981,0.81288143219634645,0.65258351925671332,0.74585926200597608,0.7058734587818436,0.69104355686494423,0.86241930660103416,0.58368034499648891,0.91683609430709256,0.53807818911027638,0.93244423096515638,0.44406915604340169,0.94459116221249362,0.35145195926002248,0.96508315276456091,0.27257651426188279,0.97351393207626735,0.13858534993908583,0.9524508697950177,0.049691147342075651
"LIRCMOP8_BC",1,90000,90020,441,274,"feasible_endpoint","AF_train",1,82,0.25269493256721542,2.2867692688204002,0.87612321853075503,1,1,0.1851738865662092,0.98491423765159369,0.29755499887168174,0.9708419492854421,0.4289644463960875,0.91824691930651259,0.49853651685856876,0.82750148390826106,0.62789195917972829,0.80029448013933491,0.69753797936407202,0.73619994956718204,0.79942422004962765,0.62877292162003928,0.83867594666577716,0.5370534317762834,0.95239768627992138,0.48939538829924545,0.97245260234756969,0.38053334168991149,0.99712035516602515,0.25489611311766142,1,0.16250055153175041,1,0.03415958302929778,1,0
"LIRCMOP8_BC",1,90000,90020,441,274,"infeasible_endpoint","AI_train",0,82,0.25269493256721542,2.2238809784530957,0.78994890173772692,0.96682011921978694,0.99504177011783823,0.16263906031459219,0.98153819813171361,0.30088448846929633,0.95325032163399492,0.49016512614462227,0.92533888680479759,0.44401313746179288,0.86834557784108013,0.58945268835742981,0.81288143219634645,0.65258351925671332,0.74585926200597608,0.7058734587818436,0.69104355686494423,0.86241930660103416,0.58368034499648891,0.91683609430709256,0.53807818911027638,0.93244423096515638,0.44406915604340169,0.94459116221249362,0.35145195926002248,0.96508315276456091,0.27257651426188279,0.97351393207626735,0.13858534993908583,0.9524508697950177,0.049691147342075651
"LIRCMOP8_BC",1,90000,90020,441,275,"feasible_endpoint","AF_train",1,4,0.23458710064275301,0.81029282998859942,2.3345622278064413,0,0.89851794280983621,0.054076054623648138,0.82716032970062503,0,0.87801629419166027,0,0.91777045981398309,0,0.96725337486151453,0,1,0,1,0,1,0,1,0,1,0,1,0,1,0,1,0,1,0.086804742469522772,1
"LIRCMOP8_BC",1,90000,90020,441,275,"infeasible_endpoint","AI_train",0,4,0.23458710064275301,0.71066086283999075,2.3501352167047593,0,0.89180184823472786,0,0.8262449323101303,0,0.8747658694089322,0.022272994500045863,0.9233805781757477,0,0.97599404079589669,0,0.98747803121883171,0,1,0,0.99246014525676529,0,0.98581434572124393,0,1,0,1,0,0.99924711539433619,0,1,0,1,0,1
"LIRCMOP8_BC",1,90000,90020,441,276,"feasible_endpoint","AF_train",1,79,0.20470306770492033,2.2714876802930455,0.90306920588849549,0.93434739314982718,0.9996703405286087,0.22777310534575082,0.99765364237977361,0.34363320232051087,0.95405937215292802,0.43080454864729023,0.93652171913251514,0.49069325232938138,0.88916568374091265,0.53689345853099435,0.83737703985986189,0.66860085015886317,0.7781634883662798,0.68988701585414369,0.67438522167132953,0.83894506065316465,0.59697409796775891,0.91943199429747802,0.54282016543459988,0.84357446837137029,0.46674629769057119,0.91573975175475053,0.37464267661581013,0.89877615743664685,0.28948610646625456,0.95702971147179405,0.14402549686546054,0.96993646359211805,0.089727720310851605
"LIRCMOP8_BC",1,90000,90020,441,276,"infeasible_endpoint","AI_train",0,79,0.20470306770492033,2.1895373590502967,0.9347832082778933,0.91924948305260401,1,0.17468989641569027,0.94597613576861517,0.28680250173099886,0.95359796118368667,0.48036970430624643,0.91210374572353292,0.44638686851230713,0.85975696142420766,0.59005539893188819,0.84678732591641348,0.61709138697475785,0.76548386919071487,0.61355969967542467,0.75262992778741478,0.79487766248706726,0.63108295917004231,0.88210942236293022,0.53394773007216179,0.86415897817447573,0.4885349416373726,0.91212526339464406,0.43747244289117071,0.902310426702986,0.33279412997425001,0.9245753657138549,0.19981806154548643,0.91983863482316353,0.12405941173882615
"LIRCMOP8_BC",1,90000,90020,441,277,"feasible_endpoint","AF_train",1,4,0.25700356737479019,0.83291261888122825,2.3208684978536853,0,0.90113716095939034,0.049477142456063217,0.83004865979447728,0,0.8787459429502138,0,0.9158309211977731,0,0.96848611851197164,0,0.99432869524305478,0.0013368728578843914,1,0,1,0.0097136608423442627,0.9931252488765181,0,1,0.0045434783182399102,1,0,1,0,1,0.0088358569788811181,1,0.10039131567385426,1
"LIRCMOP8_BC",1,90000,90020,441,277,"infeasible_endpoint","AI_train",0,4,0.25700356737479019,0.76686762665906705,2.2347237314191437,0,0.90973233630279315,0.034351261006121431,0.85431454885413649,0,0.85524379740805367,0,0.94925048603042628,0,1,0.0036148044929090462,1,0,1,0,1,0,1,0,1,0,1,0,1,0,1,0.018645542387698777,1,0.067646363322373837,1
"LIRCMOP8_BC",1,90000,90020,441,278,"feasible_endpoint","AF_train",1,76,0.1331193820297456,2.2472305935458268,0.93686543371323339,0.95669926985979303,0.98642134631634171,0.2275845455214644,0.99924681648474634,0.29308199402468449,0.94655397652008921,0.48395674669285227,0.93367867889924838,0.47818756812915708,0.8980281872197905,0.5301980440706634,0.82914109429595029,0.54041240481147534,0.74032966470375006,0.67158912138466276,0.69823778836864392,0.7546920991532472,0.57560402606433614,0.91174077121254582,0.52080590561076012,0.88088521152569976,0.48935842744524866,0.92749163038438009,0.26790408389380699,0.94789746597453595,0.27260625950092698,0.91180597903390914,0.14553647368207323,0.89117099777939257,0.05630392700592432
"LIRCMOP8_BC",1,90000,90020,441,278,"infeasible_endpoint","AI_train",0,76,0.1331193820297456,2.1895373590502967,0.9347832082778933,0.91924948305260401,1,0.17468989641569027,0.94597613576861517,0.28680250173099886,0.95359796118368667,0.48036970430624643,0.91210374572353292,0.44638686851230713,0.85975696142420766,0.59005539893188819,0.84678732591641348,0.61709138697475785,0.76548386919071487,0.61355969967542467,0.75262992778741478,0.79487766248706726,0.63108295917004231,0.88210942236293022,0.53394773007216179,0.86415897817447573,0.4885349416373726,0.91212526339464406,0.43747244289117071,0.902310426702986,0.33279412997425001,0.9245753657138549,0.19981806154548643,0.91983863482316353,0.12405941173882615
"LIRCMOP8_BC",1,90000,90020,441,279,"feasible_endpoint","AF_train",1,48,0.20190009122967201,1.9519385764765071,1.3229668277148625,0.75389823949508261,0.95109598897973679,0.099071118649173687,0.94995646144519785,0.27717299230182407,0.92330935359172372,0.23574232076055335,0.99700111110842093,0.36708882008662036,0.90216875093645466,0.5346984817435867,0.90118418900580011,0.53664208801455615,0.84650938597612568,0.53063085966104129,0.83387751991515935,0.67231655741429441,0.78857865101806146,0.71846915697986424,0.64325285021308165,0.76819177072687395,0.64628519438468834,0.79051351562745809,0.63741125732634107,0.73612241789142918,0.49047791287816744,0.82190490748001799,0.44254281982994836,0.82479002813178437,0.40689122927545129
"LIRCMOP8_BC",1,90000,90020,441,279,"infeasible_endpoint","AI_train",0,48,0.20190009122967201,1.9200012873221319,1.2442168766134079,0.77308258932774043,0.9837405182792851,0.092504865713567239,0.95813548175267216,0.27191134599853239,0.95079597520103931,0.27980319357234068,0.98851459762882676,0.3705874244558337,0.94674092804534293,0.52046534140014966,0.89561161185163374,0.5558516219329217,0.83867788417017641,0.56809929601226572,0.77296516211796817,0.67797156879099996,0.75680304821334776,0.75659694204517391,0.61834959669777145,0.80970915908696317,0.65301887864672126,0.77366409338779052,0.59637086724435062,0.76268029687657102,0.48729361912882208,0.83865603464688698,0.37709038257634597,0.83481045574961155,0.34698792696868352
"LIRCMOP8_BC",1,90000,90020,441,280,"feasible_endpoint","AF_train",1,53,0.27996226528725321,2.0234145200599256,1.2417531163597251,0.79272004961967468,0.97018685936927795,0.11091318726539612,0.93116843700408936,0.22127124667167664,0.96970283985137939,0.35607065260410309,0.93684962391853333,0.37845127284526825,0.87962517142295837,0.50537436362355947,0.90889686346054077,0.52625859342515469,0.88671928644180298,0.57079842686653137,0.85064175724983215,0.63916026055812836,0.75557693839073181,0.75545856356620789,0.66083107888698578,0.84040644764900208,0.60137412697076797,0.80227220058441162,0.57361864298582077,0.78457444906234741,0.44442275539040565,0.75243261456489563,0.43481893092393875,0.8509158194065094,0.32597725093364716
"LIRCMOP8_BC",1,90000,90020,441,280,"infeasible_endpoint","AI_train",0,53,0.27996226528725321,1.9066875839453628,1.2137700640540949,0.79645658775203165,0.98248585028589641,0.14777593370546657,0.93850451059077544,0.22127124667167664,0.96901911869382684,0.36512028034424437,0.95666226486705574,0.37845127284526825,0.86877335138426837,0.50537436362355947,0.90862957422424429,0.52625859342515469,0.87260129516719509,0.58495051100960871,0.85064175724983215,0.66253283670282681,0.74257181666151606,0.78036019123075273,0.65390320409510805,0.85017184578134553,0.60137412697076797,0.81063593877475371,0.55412373072147769,0.79521498756438214,0.43946539439583443,0.79603659027856888,0.42787491138243583,0.89184419831340334,0.30304740619874365
"LIRCMOP8_BC",1,90000,90020,441,281,"feasible_endpoint","AF_train",1,58,0.62359827982574778,2.0726641894135112,1.17108152760686,0.88615746959194708,0.98344685479104121,0.13314011141018478,0.98353268037155328,0.12924325371615425,0.92927548354548417,0.39561814788643757,0.98305773338247959,0.44146176485273098,0.87433266532762577,0.53399771265303175,0.87930327066748315,0.56211494482299629,0.77861142428874131,0.65492925238298916,0.77239651485618632,0.76946654822843585,0.54604512278973649,0.88831379474104566,0.59638297156694253,0.81782329724466651,0.57156817379463232,0.92157311249643359,0.44001334117217139,0.84843921665563182,0.3558960321812934,0.92199105152907734,0.24988091149510319,0.91415406926817266,0.17871154779825543
"LIRCMOP8_BC",1,90000,90020,441,281,"infeasible_endpoint","AI_train",0,58,0.62359827982574778,2.3386496664099878,1.1559508863768282,0.95211060975885609,1,0.16873797533642865,0.99561992167823743,0.15228008800461207,0.92309137545456599,0.42896996270678545,1,0.423160599709694,0.86557370713177439,0.58961841335095677,0.84589521144964086,0.62533704888870389,0.76659353474469172,0.70310555221667004,0.75756772452748633,0.83556549248610423,0.56330732142984241,0.9421212281636433,0.59831973990094911,0.98249835021736265,0.52715247888337013,0.99160797594587602,0.42217314966072617,0.9300679191403477,0.31954385324606571,1,0.22184099562790346,1,0.14306524566029732
"LIRCMOP8_BC",1,90000,90020,441,282,"feasible_endpoint","AF_train",1,86,0.70795537236243189,2.3121253683471767,0.83830756613260748,1,0.99494473258057003,0.17405998906235096,0.9795035853561489,0.30516751817305998,0.96340857818515002,0.45418044150266751,0.91912278011916548,0.50743191085098982,0.83453786717360545,0.58974313637077969,0.80522273869333005,0.68432782101332901,0.73560587657579546,0.82542934015968006,0.63925022762550432,0.7978334142596365,0.55189786797325002,0.93700117880575629,0.47934560563687323,0.99713997577874003,0.39485960068458748,1,0.25376689184466095,1,0.15444406104185815,1,0.046626897764437347,1,0
"LIRCMOP8_BC",1,90000,90020,441,282,"infeasible_endpoint","AI_train",0,86,0.70795537236243189,2.0140508148750986,0.88752345877382255,0.93470679968598402,0.99061220306018627,0.17080784603218002,0.96971799663218849,0.29531597412915184,0.97698527565772275,0.43101767691338988,0.92098034815699625,0.46923383265517737,0.86652275359465336,0.5667739598444913,0.81018588175915007,0.66895221537864968,0.78187300263193249,0.68178873907715376,0.70067616850650782,0.76235948577805646,0.60081748211924657,0.87906982248314613,0.53818109579113671,0.90242535693476589,0.46123265516709128,0.92654284575481949,0.3652074368183863,0.93370134045400377,0.26311869016866318,0.92541166336626279,0.16895385084190526,0.93192205265360251,0.099662097195704111
"LIRCMOP8_BC",1,90000,90020,441,283,"feasible_endpoint","AF_train",1,94,0.11373329630034645,2.3710797746627206,0.76257721880024743,1,0.98099631189018466,0.17639795026852548,0.96555001309450184,0.30739265124917969,0.97450050578665592,0.42062146534822759,0.93286186188097009,0.48631695439378309,0.85161005582743798,0.59458207958316567,0.84952181796355375,0.68403311373800624,0.74349861754875124,0.79854065796606322,0.67809689312068056,0.85499812367900896,0.56834971209826657,0.98476983878190016,0.51979951268053948,1,0.43369275270673024,1,0.31827560678824207,1,0.1777355629201513,1,0.1032395438251692,1,0
"LIRCMOP8_BC",1,90000,90020,441,283,"infeasible_endpoint","AI_train",0,94,0.11373329630034645,2.3440323383328163,0.72225382651455872,1,0.99145170883756317,0.16709372909914166,0.98271632491111394,0.30865182794511509,0.95156018338861792,0.51696220717015839,0.92555943575136723,0.46895528199704484,0.86030027171181156,0.60111101363249086,0.79952602780298199,0.67393052571875334,0.73166568948853661,0.735701948484214,0.67075796054999726,0.8814452462686394,0.56197638168129593,0.94260910686684263,0.50370366066366157,0.95713060191342858,0.40901399811508998,0.97113886400911553,0.30539168114922088,0.98743174311613147,0.22456922212678765,0.990398567618056,0.088793086223075232,0.95470969888418766,0
"LIRCMOP8_BC",1,90000,90020,441,284,"feasible_endpoint","AF_train",1,100,0.19039786962034527,2.4260428112565977,0.71840446982118744,1,0.99626021677724619,0.1221221499921583,0.96581771310845421,0.34028812484214971,0.9538475367358269,0.54492147871937702,0.92125967838663703,0.47067886468038089,0.85192927432112509,0.56666129119425135,0.80035289766230111,0.65727466905908571,0.73163326374438997,0.71140783542855957,0.66718278604175163,0.89665660086852883,0.57824589604213539,0.92811548451837345,0.5142457248756046,0.93571826606585873,0.39346037788938787,0.98884014944241794,0.31004878662966051,0.97798942202518591,0.22078135880509495,0.99033602416738653,0.10559168402536698,0.97950911380843564,0
"LIRCMOP8_BC",1,90000,90020,441,284,"infeasible_endpoint","AI_train",0,100,0.19039786962034527,2.3440323383328163,0.72225382651455872,1,0.99145170883756317,0.16709372909914166,0.98271632491111394,0.30865182794511509,0.95156018338861792,0.51696220717015839,0.92555943575136723,0.46895528199704484,0.86030027171181156,0.60111101363249086,0.79952602780298199,0.67393052571875334,0.73166568948853661,0.735701948484214,0.67075796054999726,0.8814452462686394,0.56197638168129593,0.94260910686684263,0.50370366066366157,0.95713060191342858,0.40901399811508998,0.97113886400911553,0.30539168114922088,0.98743174311613147,0.22456922212678765,0.990398567618056,0.088793086223075232,0.95470969888418766,0
"LIRCMOP8_BC",1,90000,90020,441,285,"feasible_endpoint","AF_train",1,100,0.19039786962034527,2.4260428112565977,0.71840446982118744,1,0.99626021677724619,0.1221221499921583,0.96581771310845421,0.34028812484214971,0.9538475367358269,0.54492147871937702,0.92125967838663703,0.47067886468038089,0.85192927432112509,0.56666129119425135,0.80035289766230111,0.65727466905908571,0.73163326374438997,0.71140783542855957,0.66718278604175163,0.89665660086852883,0.57824589604213539,0.92811548451837345,0.5142457248756046,0.93571826606585873,0.39346037788938787,0.98884014944241794,0.31004878662966051,0.97798942202518591,0.22078135880509495,0.99033602416738653,0.10559168402536698,0.97950911380843564,0
"LIRCMOP8_BC",1,90000,90020,441,285,"infeasible_endpoint","AI_train",0,100,0.19039786962034527,2.3440323383328163,0.72225382651455872,1,0.99145170883756317,0.16709372909914166,0.98271632491111394,0.30865182794511509,0.95156018338861792,0.51696220717015839,0.92555943575136723,0.46895528199704484,0.86030027171181156,0.60111101363249086,0.79952602780298199,0.67393052571875334,0.73166568948853661,0.735701948484214,0.67075796054999726,0.8814452462686394,0.56197638168129593,0.94260910686684263,0.50370366066366157,0.95713060191342858,0.40901399811508998,0.97113886400911553,0.30539168114922088,0.98743174311613147,0.22456922212678765,0.990398567618056,0.088793086223075232,0.95470969888418766,0
"LIRCMOP8_BC",1,90000,90020,441,286,"feasible_endpoint","AF_train",1,90,0.071016188329034918,2.3406086745071049,0.80037771835243621,0.96767273161732481,0.99585987881516069,0.15661500360594827,0.97936456603397415,0.34642033799876437,0.95411768902913197,0.53548119099531344,0.91569404979260449,0.4804970674153074,0.87873766502696427,0.54458283364266658,0.80223040182633842,0.62654499572031364,0.76226528635144775,0.70038862789537437,0.69957351918968302,0.79355916748342314,0.59322954816425277,0.92928120486852994,0.53672601716332713,0.90606168291125599,0.45502233446115925,0.98209568689076865,0.36148855244801636,0.96834100606586238,0.27825890966936617,0.97163367130209977,0.1786045725846104,0.95430864688197026,0.067767786055128926
"LIRCMOP8_BC",1,90000,90020,441,286,"infeasible_endpoint","AI_train",0,90,0.071016188329034918,2.3192856642892932,0.77807129352608884,1,0.99160992213380084,0.177732180930738,0.9813659934824801,0.27785781281209981,0.97849138876434982,0.42211749735808773,0.94123027810641613,0.50825086114505458,0.83146841682828376,0.59160445775953707,0.80358266692810176,0.72292559666901735,0.74158568822931969,0.81141803826841352,0.64766786083661287,0.84273367797425902,0.5681361910013748,0.94624794189136496,0.50107177925016289,0.99143102042501208,0.40204111369373768,1,0.2771647213980305,1,0.17017519844061801,1,0.070403983532331099,1,0
"LIRCMOP8_BC",1,90000,90020,441,287,"feasible_endpoint","AF_train",1,87,0.10592186872358374,2.3229476997082479,0.82284833489364961,0.99607604309754205,0.98753428717510428,0.22253725105865987,0.98389528388219971,0.30473441124146983,0.97365371382771315,0.45020511209463282,0.89691728761345668,0.4234293383397234,0.86238663054445808,0.66291679138923232,0.83431679911753398,0.65888828694334256,0.74948644592201608,0.7219833275374784,0.67891521458607329,0.85301050372826415,0.54539506919011216,0.93852107804732121,0.47438952061636486,1,0.45000417794342856,0.96027067839491309,0.27585833065506182,0.98073736027314107,0.26918498834056959,0.96847140038218216,0.09098180844908027,1,0.0088272099807850009
"LIRCMOP8_BC",1,90000,90020,441,287,"infeasible_endpoint","AI_train",0,87,0.10592186872358374,2.3192856642892932,0.77807129352608884,1,0.99160992213380084,0.177732180930738,0.9813659934824801,0.27785781281209981,0.97849138876434982,0.42211749735808773,0.94123027810641613,0.50825086114505458,0.83146841682828376,0.59160445775953707,0.80358266692810176,0.72292559666901735,0.74158568822931969,0.81141803826841352,0.64766786083661287,0.84273367797425902,0.5681361910013748,0.94624794189136496,0.50107177925016289,0.99143102042501208,0.40204111369373768,1,0.2771647213980305,1,0.17017519844061801,1,0.070403983532331099,1,0
"LIRCMOP8_BC",1,90000,90020,441,288,"feasible_endpoint","AF_train",1,86,0.14388447872257651,2.3121253683471767,0.83830756613260748,1,0.99494473258057003,0.17405998906235096,0.9795035853561489,0.30516751817305998,0.96340857818515002,0.45418044150266751,0.91912278011916548,0.50743191085098982,0.83453786717360545,0.58974313637077969,0.80522273869333005,0.68432782101332901,0.73560587657579546,0.82542934015968006,0.63925022762550432,0.7978334142596365,0.55189786797325002,0.93700117880575629,0.47934560563687323,0.99713997577874003,0.39485960068458748,1,0.25376689184466095,1,0.15444406104185815,1,0.046626897764437347,1,0
"LIRCMOP8_BC",1,90000,90020,441,288,"infeasible_endpoint","AI_train",0,86,0.14388447872257651,2.3192856642892932,0.77807129352608884,1,0.99160992213380084,0.177732180930738,0.9813659934824801,0.27785781281209981,0.97849138876434982,0.42211749735808773,0.94123027810641613,0.50825086114505458,0.83146841682828376,0.59160445775953707,0.80358266692810176,0.72292559666901735,0.74158568822931969,0.81141803826841352,0.64766786083661287,0.84273367797425902,0.5681361910013748,0.94624794189136496,0.50107177925016289,0.99143102042501208,0.40204111369373768,1,0.2771647213980305,1,0.17017519844061801,1,0.070403983532331099,1,0
"LIRCMOP8_BC",1,90000,90020,441,289,"feasible_endpoint","AF_train",1,84,0.19806643037330476,2.2969128713922338,0.85824097654990505,1,1,0.18840226301477514,0.97711687717101825,0.2804758902546004,0.97011621145510429,0.38842091111428756,0.92383115612647648,0.49110156662720506,0.85443661926720349,0.59027685253277529,0.880662270736424,0.66494939425717348,0.76826548541777695,0.7986932490105968,0.67794876947516625,0.86085244598900779,0.57536891306582194,0.97650083111950614,0.55583758503338687,1,0.45968855929617658,1,0.32801289403517653,1,0.20898293905023796,1,0.13217560530180972,1,0.039693096373286385
"LIRCMOP8_BC",1,90000,90020,441,289,"infeasible_endpoint","AI_train",0,84,0.19806643037330476,2.3192856642892932,0.77807129352608884,1,0.99160992213380084,0.177732180930738,0.9813659934824801,0.27785781281209981,0.97849138876434982,0.42211749735808773,0.94123027810641613,0.50825086114505458,0.83146841682828376,0.59160445775953707,0.80358266692810176,0.72292559666901735,0.74158568822931969,0.81141803826841352,0.64766786083661287,0.84273367797425902,0.5681361910013748,0.94624794189136496,0.50107177925016289,0.99143102042501208,0.40204111369373768,1,0.2771647213980305,1,0.17017519844061801,1,0.070403983532331099,1,0
"LIRCMOP8_BC",1,90000,90020,441,290,"feasible_endpoint","AF_train",1,82,0.24626516094994416,2.2867692688204002,0.87612321853075503,1,1,0.1851738865662092,0.98491423765159369,0.29755499887168174,0.9708419492854421,0.4289644463960875,0.91824691930651259,0.49853651685856876,0.82750148390826106,0.62789195917972829,0.80029448013933491,0.69753797936407202,0.73619994956718204,0.79942422004962765,0.62877292162003928,0.83867594666577716,0.5370534317762834,0.95239768627992138,0.48939538829924545,0.97245260234756969,0.38053334168991149,0.99712035516602515,0.25489611311766142,1,0.16250055153175041,1,0.03415958302929778,1,0
"LIRCMOP8_BC",1,90000,90020,441,290,"infeasible_endpoint","AI_train",0,82,0.24626516094994416,2.3192856642892932,0.77807129352608884,1,0.99160992213380084,0.177732180930738,0.9813659934824801,0.27785781281209981,0.97849138876434982,0.42211749735808773,0.94123027810641613,0.50825086114505458,0.83146841682828376,0.59160445775953707,0.80358266692810176,0.72292559666901735,0.74158568822931969,0.81141803826841352,0.64766786083661287,0.84273367797425902,0.5681361910013748,0.94624794189136496,0.50107177925016289,0.99143102042501208,0.40204111369373768,1,0.2771647213980305,1,0.17017519844061801,1,0.070403983532331099,1,0
"LIRCMOP8_BC",1,90000,90020,441,291,"feasible_endpoint","AF_train",1,79,0.27923065373391059,2.2714876802930455,0.90306920588849549,0.93434739314982718,0.9996703405286087,0.22777310534575082,0.99765364237977361,0.34363320232051087,0.95405937215292802,0.43080454864729023,0.93652171913251514,0.49069325232938138,0.88916568374091265,0.53689345853099435,0.83737703985986189,0.66860085015886317,0.7781634883662798,0.68988701585414369,0.67438522167132953,0.83894506065316465,0.59697409796775891,0.91943199429747802,0.54282016543459988,0.84357446837137029,0.46674629769057119,0.91573975175475053,0.37464267661581013,0.89877615743664685,0.28948610646625456,0.95702971147179405,0.14402549686546054,0.96993646359211805,0.089727720310851605
"LIRCMOP8_BC",1,90000,90020,441,291,"infeasible_endpoint","AI_train",0,79,0.27923065373391059,2.1653879644266558,0.95742585998122942,0.95289037726631975,1,0.15700233323909948,0.9957274419218195,0.24453331692310232,0.97053114923452255,0.39457634684138848,0.93891386527018805,0.45833648281134909,0.83724045240184475,0.6955985538436853,0.83231008223386205,0.62704104100635538,0.75874372738176166,0.74590997758392097,0.6700160066672991,0.76759535949496294,0.57774911390204453,0.88810883315720945,0.52491230518475862,0.90314849889519366,0.43628547199530116,0.9591989700082888,0.34774884790981753,0.99142845031858218,0.22087119262348659,1,0.12495261604793198,1,0.0040294650343756788
"LIRCMOP8_BC",1,90000,90020,441,292,"feasible_endpoint","AF_train",1,76,0.19608535596583748,2.2472305935458268,0.93686543371323339,0.95669926985979303,0.98642134631634171,0.2275845455214644,0.99924681648474634,0.29308199402468449,0.94655397652008921,0.48395674669285227,0.93367867889924838,0.47818756812915708,0.8980281872197905,0.5301980440706634,0.82914109429595029,0.54041240481147534,0.74032966470375006,0.67158912138466276,0.69823778836864392,0.7546920991532472,0.57560402606433614,0.91174077121254582,0.52080590561076012,0.88088521152569976,0.48935842744524866,0.92749163038438009,0.26790408389380699,0.94789746597453595,0.27260625950092698,0.91180597903390914,0.14553647368207323,0.89117099777939257,0.05630392700592432
"LIRCMOP8_BC",1,90000,90020,441,292,"infeasible_endpoint","AI_train",0,76,0.19608535596583748,2.1653879644266558,0.95742585998122942,0.95289037726631975,1,0.15700233323909948,0.9957274419218195,0.24453331692310232,0.97053114923452255,0.39457634684138848,0.93891386527018805,0.45833648281134909,0.83724045240184475,0.6955985538436853,0.83231008223386205,0.62704104100635538,0.75874372738176166,0.74590997758392097,0.6700160066672991,0.76759535949496294,0.57774911390204453,0.88810883315720945,0.52491230518475862,0.90314849889519366,0.43628547199530116,0.9591989700082888,0.34774884790981753,0.99142845031858218,0.22087119262348659,1,0.12495261604793198,1,0.0040294650343756788
"LIRCMOP8_BC",1,90000,90020,441,293,"feasible_endpoint","AF_train",1,75,0.16663266806787855,2.2371289770374228,0.95156546619288407,0.90706185659441108,0.99969093149636157,0.10627580535860581,0.96565539026175728,0.35366429811412448,0.96675103979710797,0.46900713415558204,0.87535442772183913,0.4241353672029336,0.88651570876290686,0.57629374185336413,0.83474141014151959,0.61473219845736105,0.789406285722144,0.63566680084139915,0.7179268830478498,0.79480751436233099,0.63897358752138322,0.86947460632728368,0.5555734138580819,0.84155112698084766,0.46482544994333663,0.92996675836595788,0.41971818384806314,0.93171092896815599,0.31051825364212321,0.92599415771595972,0.20991657274344822,0.91935498800571569,0.14425843799481897
"LIRCMOP8_BC",1,90000,90020,441,293,"infeasible_endpoint","AI_train",0,75,0.16663266806787855,2.1653879644266558,0.95742585998122942,0.95289037726631975,1,0.15700233323909948,0.9957274419218195,0.24453331692310232,0.97053114923452255,0.39457634684138848,0.93891386527018805,0.45833648281134909,0.83724045240184475,0.6955985538436853,0.83231008223386205,0.62704104100635538,0.75874372738176166,0.74590997758392097,0.6700160066672991,0.76759535949496294,0.57774911390204453,0.88810883315720945,0.52491230518475862,0.90314849889519366,0.43628547199530116,0.9591989700082888,0.34774884790981753,0.99142845031858218,0.22087119262348659,1,0.12495261604793198,1,0.0040294650343756788
"LIRCMOP8_BC",1,90000,90020,441,294,"feasible_endpoint","AF_train",1,70,0.14471088529688939,2.2075840202879737,1.0025095671411473,0.86941359937196805,0.9862796735398025,0.16755570300200906,0.95993240790822809,0.28546443008524369,0.99056197313029548,0.40785491232411231,0.92283791619482691,0.43103575445936493,0.89850764001570138,0.54380478331820292,0.81514902482497009,0.65357660974397036,0.79258792853962734,0.53814813799462735,0.76210210938751133,0.72688555729647653,0.64973709626524312,0.82113846616053598,0.59701658594540019,0.78109224561302693,0.52760570964959508,0.85308569150963909,0.47664798179211165,0.86740268090800765,0.37179331929546822,0.85082332673252548,0.29128080391937317,0.86384410530720501,0.19932419439140822
"LIRCMOP8_BC",1,90000,90020,441,294,"infeasible_endpoint","AI_train",0,70,0.14471088529688939,2.1653879644266558,0.95742585998122942,0.95289037726631975,1,0.15700233323909948,0.9957274419218195,0.24453331692310232,0.97053114923452255,0.39457634684138848,0.93891386527018805,0.45833648281134909,0.83724045240184475,0.6955985538436853,0.83231008223386205,0.62704104100635538,0.75874372738176166,0.74590997758392097,0.6700160066672991,0.76759535949496294,0.57774911390204453,0.88810883315720945,0.52491230518475862,0.90314849889519366,0.43628547199530116,0.9591989700082888,0.34774884790981753,0.99142845031858218,0.22087119262348659,1,0.12495261604793198,1,0.0040294650343756788
"LIRCMOP8_BC",1,90000,90020,441,295,"feasible_endpoint","AF_train",1,69,0.15488766165563153,2.1940046584174038,1.0163732971453274,0.87679395972253116,0.97640962879044779,0.081555578330017572,0.93984203039518022,0.31723138830752767,0.97122533757132101,0.46644257521126153,0.94091167076076654,0.43271963987045298,0.90690083433093072,0.53470501988155461,0.87629438456900788,0.56543398619831042,0.7816318528454913,0.59442147974477488,0.7398087091724026,0.76883728265493911,0.64350749282516362,0.80706339028684992,0.57459226160166199,0.80515401876941151,0.54212815721897101,0.90253199196147649,0.46072105550299663,0.89602189219406836,0.33925130840937301,0.8696717277223569,0.31670888063021674,0.87778021536206285,0.19410063416429024
"LIRCMOP8_BC",1,90000,90020,441,295,"infeasible_endpoint","AI_train",0,69,0.15488766165563153,2.1653879644266558,0.95742585998122942,0.95289037726631975,1,0.15700233323909948,0.9957274419218195,0.24453331692310232,0.97053114923452255,0.39457634684138848,0.93891386527018805,0.45833648281134909,0.83724045240184475,0.6955985538436853,0.83231008223386205,0.62704104100635538,0.75874372738176166,0.74590997758392097,0.6700160066672991,0.76759535949496294,0.57774911390204453,0.88810883315720945,0.52491230518475862,0.90314849889519366,0.43628547199530116,0.9591989700082888,0.34774884790981753,0.99142845031858218,0.22087119262348659,1,0.12495261604793198,1,0.0040294650343756788
"LIRCMOP8_BC",1,90000,90020,441,296,"feasible_endpoint","AF_train",1,67,0.21680005097986707,2.1667278240616232,1.0482468242581322,0.86769689759334234,0.99935572808548667,0.13510015884269261,0.97861975147624858,0.2917571095180137,0.97643470615141492,0.40287644548372603,0.96160816164966412,0.39154487917168718,0.83024668498423071,0.57957239000722427,0.86774065969686043,0.60911271051698712,0.79749953163749265,0.56751733770833757,0.79079782166196821,0.76986651864895683,0.65563506175198638,0.79870609858457153,0.60612022663754761,0.81983733193320818,0.52872076660840139,0.89629353144134316,0.47462091974568393,0.84829313858311628,0.38781670014541852,0.86887516808492848,0.30649758223242241,0.85125506048717203,0.18523901652540639
"LIRCMOP8_BC",1,90000,90020,441,296,"infeasible_endpoint","AI_train",0,67,0.21680005097986707,2.1653879644266558,0.95742585998122942,0.95289037726631975,1,0.15700233323909948,0.9957274419218195,0.24453331692310232,0.97053114923452255,0.39457634684138848,0.93891386527018805,0.45833648281134909,0.83724045240184475,0.6955985538436853,0.83231008223386205,0.62704104100635538,0.75874372738176166,0.74590997758392097,0.6700160066672991,0.76759535949496294,0.57774911390204453,0.88810883315720945,0.52491230518475862,0.90314849889519366,0.43628547199530116,0.9591989700082888,0.34774884790981753,0.99142845031858218,0.22087119262348659,1,0.12495261604793198,1,0.0040294650343756788
"LIRCMOP8_BC",1,90000,90020,441,297,"feasible_endpoint","AF_train",1,68,0.19187368564856636,2.184615271987945,1.0357305329820625,0.92652034993018106,1,0.26464016506214361,1,0.24908287783880512,0.94751933088939821,0.37851911481759193,0.96368638775445614,0.3545442006407733,0.86846839863416625,0.58310322603083486,0.81654407777999793,0.61085305252292843,0.776098901538957,0.67920272271602111,0.77323389727778502,0.7631600748710099,0.59594702592210447,0.89865359823677848,0.56635553763827218,0.97066064842487154,0.56115461485328932,0.88234146692240978,0.374893853414346,0.98027433440959344,0.33513646534972658,0.9784413813936097,0.22048660483640625,1,0.16950810230037094
"LIRCMOP8_BC",1,90000,90020,441,297,"infeasible_endpoint","AI_train",0,68,0.19187368564856636,2.1653879644266558,0.95742585998122942,0.95289037726631975,1,0.15700233323909948,0.9957274419218195,0.24453331692310232,0.97053114923452255,0.39457634684138848,0.93891386527018805,0.45833648281134909,0.83724045240184475,0.6955985538436853,0.83231008223386205,0.62704104100635538,0.75874372738176166,0.74590997758392097,0.6700160066672991,0.76759535949496294,0.57774911390204453,0.88810883315720945,0.52491230518475862,0.90314849889519366,0.43628547199530116,0.9591989700082888,0.34774884790981753,0.99142845031858218,0.22087119262348659,1,0.12495261604793198,1,0.0040294650343756788
"LIRCMOP8_BC",1,90000,90020,441,298,"feasible_endpoint","AF_train",1,65,0.26232089382675111,2.1519710134445362,1.0663252812694721,0.89263531492029213,1,0.16248992937402618,0.9743412105778374,0.21095028019682008,0.93931303850576298,0.40781857841844071,0.94242162868581114,0.3536550269131572,0.87158709589114358,0.6345439371395214,0.89288337726085332,0.6508712417069793,0.7855290585549467,0.59502284397562533,0.79638884753460126,0.70710879737275345,0.61828284839028014,0.85966692336665318,0.59280243986506975,0.89430414976031969,0.50775538961455702,0.86945100831359445,0.41165369245141598,0.93366807633875037,0.36718662734837954,0.89534343655822068,0.21902502283989422,0.98495654210975325,0.22742232762567854
"LIRCMOP8_BC",1,90000,90020,441,298,"infeasible_endpoint","AI_train",0,65,0.26232089382675111,2.1653879644266558,0.95742585998122942,0.95289037726631975,1,0.15700233323909948,0.9957274419218195,0.24453331692310232,0.97053114923452255,0.39457634684138848,0.93891386527018805,0.45833648281134909,0.83724045240184475,0.6955985538436853,0.83231008223386205,0.62704104100635538,0.75874372738176166,0.74590997758392097,0.6700160066672991,0.76759535949496294,0.57774911390204453,0.88810883315720945,0.52491230518475862,0.90314849889519366,0.43628547199530116,0.9591989700082888,0.34774884790981753,0.99142845031858218,0.22087119262348659,1,0.12495261604793198,1,0.0040294650343756788
"LIRCMOP8_BC",1,90000,90020,441,1,"generated","GAN_generated",0,0,NaN,1.9971439963175526,1.1147552278697568,0.86740469932556152,0.97279363870620728,0.093168139457702637,0.94856581091880798,0.31175819039344788,0.94974765181541443,0.363245889544487,0.92397981882095337,0.47827701456844807,0.91355490684509277,0.56016653776168823,0.8478451669216156,0.56635797768831253,0.83131691813468933,0.60157565772533417,0.79056188464164734,0.73778849840164185,0.65713122487068176,0.81638586521148682,0.53661594167351723,0.83548623323440552,0.52635963261127472,0.88432407379150391,0.47645565681159496,0.87653324007987976,0.36980122327804565,0.87234687805175781,0.29370146989822388,0.89544212818145752,0.26879164576530457
"LIRCMOP8_BC",1,90000,90020,441,2,"generated","GAN_generated",0,0,NaN,0.90682329439897436,2.0517739559272155,0.024307548999786377,0.90867257118225098,0.057952702045440674,0.88402354717254639,0.016507059335708618,0.92192175984382629,0.014372199773788452,0.95464709401130676,0.022064119577407837,0.98178631067276001,0.047481924295425415,0.99234423041343689,0.084204226732254028,0.99922409653663635,0.015254616737365723,0.99377000331878662,0.032231181859970093,0.99990430474281311,0.0086013376712799072,0.99658522009849548,0.059459865093231201,0.98118218779563904,0.026524662971496582,0.99241530895233154,0.021099716424942017,0.98536670207977295,0.050405621528625488,0.98795804381370544,0.12048178911209106,0.93940114974975586
"LIRCMOP8_BC",1,90000,90020,441,3,"generated","GAN_generated",0,0,NaN,1.8536287238405966,1.4114846682591229,0.68462386727333069,0.95947161316871643,0.081423640251159668,0.93248605728149414,0.1631571352481842,0.96869698166847229,0.29576194286346436,0.9292559027671814,0.33204333484172821,0.89774253964424133,0.44687441736459732,0.92986789345741272,0.5167478509247303,0.90309673547744751,0.56329438835382462,0.89891502261161804,0.60486432164907455,0.79218241572380066,0.74370157718658447,0.72309021651744843,0.80414780974388123,0.70478586852550507,0.72704283893108368,0.68153089284896851,0.80041289329528809,0.54759619012475014,0.78209471702575684,0.50396275334060192,0.82867291569709778,0.49389052204787731
"LIRCMOP8_BC",1,90000,90020,441,4,"generated","GAN_generated",0,0,NaN,1.6366931122429547,1.9617217180601425,0.59142438322305679,0.9272160530090332,0.1076626181602478,0.84901639819145203,0.21565669775009155,0.9546278715133667,0.17934894561767578,0.90255278348922729,0.28527382016181946,0.90314441919326782,0.33816574513912201,0.94925245642662048,0.41851168125867844,0.91999506950378418,0.42370135337114334,0.91663128137588501,0.51018580421805382,0.86531621217727661,0.69269005954265594,0.73406283557415009,0.68504124879837036,0.772300124168396,0.65832151472568512,0.73315943777561188,0.70724745094776154,0.62503646314144135,0.71523548662662506,0.61451895534992218,0.81524646282196045,0.48429027572274208
"LIRCMOP8_BC",1,90000,90020,441,5,"generated","GAN_generated",0,0,NaN,1.3657118030200226,1.8447497931530168,0.33569353818893433,0.94133082032203674,0.057945787906646729,0.90979820489883423,0.10721924901008606,0.96955180168151855,0.14056676626205444,0.92624780535697937,0.11789309978485107,0.95614266395568848,0.18695232272148132,0.97686061263084412,0.23931744694709778,0.96914038062095642,0.2637491375207901,0.96929478645324707,0.29934188723564148,0.9688149094581604,0.38451388478279114,0.93798211216926575,0.41633372753858566,0.89396673440933228,0.45281839370727539,0.93814784288406372,0.48450392670929432,0.83705911040306091,0.53364251554012299,0.88499236106872559,0.59138116985559464,0.81100490689277649
"LIRCMOP8_BC",1,90000,90020,441,6,"generated","GAN_generated",0,0,NaN,2.021900602714549,0.98476457645020177,0.89997518062591553,0.98623034358024597,0.13620942831039429,0.96696385741233826,0.28082334995269775,0.9549986720085144,0.39457211643457413,0.93658795952796936,0.50820317212492228,0.86326885223388672,0.53676839917898178,0.86731931567192078,0.59749715775251389,0.77632197737693787,0.58471760153770447,0.7772650420665741,0.66728891432285309,0.67681942880153656,0.86049926280975342,0.54759853705763817,0.82403281331062317,0.5528380498290062,0.90812605619430542,0.42714474350214005,0.89725351333618164,0.35309407114982605,0.89995923638343811,0.24889332056045532,0.90811136364936829,0.18303069472312927
"LIRCMOP8_BC",1,90000,90020,441,7,"generated","GAN_generated",1,0,NaN,0.72907012334956678,2.6296769842757728,0.00082129240036010742,0.80974045395851135,0.026326745748519897,0.81990364193916321,0.00068640708923339844,0.87970864772796631,0.0031090676784515381,0.90759029984474182,0.0074208080768585205,0.99236348271369934,0.0067357122898101807,0.98973578214645386,0.011556774377822876,0.99999159574508667,0.00047361850738525391,0.98061305284500122,0.004744112491607666,0.99999973177909851,0.00014597177505493164,0.99968674778938293,0.015015542507171631,0.98863610625267029,0.0012598335742950439,0.99850484728813171,0.00083914399147033691,0.99569553136825562,0.0038023293018341064,0.99854421615600586,0.034832149744033813,0.99204772710800171
"LIRCMOP8_BC",1,90000,90020,441,8,"generated","GAN_generated",0,0,NaN,1.9365855922033115,1.5164278675275062,0.69307714700698853,0.92816722393035889,0.093736529350280762,0.90386980772018433,0.28146389126777649,0.94671726226806641,0.28264574706554413,0.91622430086135864,0.36091426014900208,0.91461840271949768,0.44344058632850647,0.91048774123191833,0.52450626716017723,0.84963062405586243,0.44015214592218399,0.90881681442260742,0.52864620834589005,0.81518661975860596,0.72323630750179291,0.72053305804729462,0.66944873332977295,0.64353236556053162,0.75337645411491394,0.65648828446865082,0.6968977153301239,0.52663308568298817,0.75027492642402649,0.51722084730863571,0.83021086454391479,0.45787370204925537
"LIRCMOP8_BC",1,90000,90020,441,9,"generated","GAN_generated",0,0,NaN,1.7864768976642955,1.370423690378495,0.71451394259929657,0.96790209412574768,0.090818226337432861,0.92408382892608643,0.20758607983589172,0.96941545605659485,0.29516330361366272,0.93958845734596252,0.33969303965568542,0.90578025579452515,0.48348353989422321,0.93216738104820251,0.55908011272549629,0.8915272057056427,0.53218537196516991,0.89339005947113037,0.58195579051971436,0.77903112769126892,0.73785397410392761,0.68213246762752533,0.77907174825668335,0.65545044839382172,0.76125219464302063,0.62795402109622955,0.7742173969745636,0.53554008528590202,0.77600830793380737,0.48100387677550316,0.86482760310173035,0.46662463247776031
"LIRCMOP8_BC",1,90000,90020,441,10,"generated","GAN_generated",0,0,NaN,1.0006672487603818,1.9125308096515254,0.13742870092391968,0.94128888845443726,0.062978982925415039,0.90964695811271667,0.080928683280944824,0.95430386066436768,0.060006380081176758,0.9381767213344574,0.051080584526062012,0.97781607508659363,0.076941430568695068,0.98773816227912903,0.11628818511962891,0.98879095911979675,0.089177101850509644,0.99259120225906372,0.10772737860679626,0.99612310528755188,0.12652051448822021,0.98683837056159973,0.14832231402397156,0.95255565643310547,0.14854300022125244,0.97890803217887878,0.16636765003204346,0.9580782949924469,0.2341817319393158,0.97252821922302246,0.29910197854042053,0.92211031913757324
"LIRCMOP8_BC",1,90000,90020,441,11,"generated","GAN_generated",1,0,NaN,2.0481001701487385,1.2329118002776369,0.81884008646011353,0.97427001595497131,0.10137587785720825,0.94634145498275757,0.30166779458522797,0.96211257576942444,0.36267554759979248,0.94866448640823364,0.46530340239405632,0.89859595894813538,0.56334215402603149,0.87042668461799622,0.56655481457710266,0.83051216602325439,0.57969310879707336,0.84180459380149841,0.68224315345287323,0.66418428719043732,0.79879119992256165,0.59623729437589645,0.81436505913734436,0.56116911768913269,0.85113263130187988,0.51816428080201149,0.82106295228004456,0.38475623726844788,0.86125355958938599,0.32443152368068695,0.87765529751777649,0.32075014710426331
"LIRCMOP8_BC",1,90000,90020,441,12,"generated","GAN_generated",0,0,NaN,1.5435342181965039,1.6429960105958081,0.60088279843330383,0.93736541271209717,0.091574281454086304,0.90096670389175415,0.191163569688797,0.96019488573074341,0.23402842879295349,0.92207217216491699,0.2736041396856308,0.92094975709915161,0.39268036186695099,0.94072625041007996,0.4349651038646698,0.91743582487106323,0.45720253512263298,0.91117331385612488,0.57409684360027313,0.84392842650413513,0.63786587119102478,0.76527336239814758,0.70041081309318542,0.74947378039360046,0.66168276965618134,0.76304370164871216,0.72964100539684296,0.60362619906663895,0.73995970189571381,0.58913888037204742,0.79958754777908325,0.56127209216356277
"LIRCMOP8_BC",1,90000,90020,441,13,"generated","GAN_generated",1,0,NaN,1.8058313697214634,1.4992413032562646,0.68940700590610504,0.95331719517707825,0.075206220149993896,0.92478334903717041,0.25685270130634308,0.9581509530544281,0.28640319406986237,0.92896661162376404,0.32948823273181915,0.93635666370391846,0.49943776067811996,0.91094854474067688,0.50491323694586754,0.87941485643386841,0.52730887196958065,0.89468091726303101,0.67047438025474548,0.77860486507415771,0.66982923448085785,0.70327477157115936,0.7669367790222168,0.69777166843414307,0.73325704038143158,0.68868435919284821,0.77136793732643127,0.51089062076061964,0.8181343674659729,0.48369375430047512,0.85757866501808167,0.5265390295535326
"LIRCMOP8_BC",1,90000,90020,441,14,"generated","GAN_generated",0,0,NaN,1.2474448706285597,1.9521698459830594,0.26670295000076294,0.92984721064567566,0.063654065132141113,0.90270382165908813,0.096334785223007202,0.9616665244102478,0.11836311221122742,0.91927158832550049,0.097998380661010742,0.95592013001441956,0.14943671226501465,0.97932982444763184,0.18500125408172607,0.97878816723823547,0.21108731627464294,0.97712388634681702,0.23876112699508667,0.98167851567268372,0.34567564725875854,0.95415791869163513,0.3575858473777771,0.92889595031738281,0.32675644755363464,0.95279586315155029,0.3828769326210022,0.88239216804504395,0.43820677325129509,0.92432591319084167,0.47607745975255966,0.83540314435958862
"LIRCMOP8_BC",1,90000,90020,441,15,"generated","GAN_generated",0,0,NaN,0.84469786918745715,2.0700169653903981,0.0086668729782104492,0.91058385372161865,0.050544023513793945,0.87837043404579163,0.0061511993408203125,0.89792051911354065,0.0073173940181732178,0.97215694189071655,0.012280285358428955,0.98015302419662476,0.044755131006240845,0.99406850337982178,0.080124706029891968,0.99988079071044922,0.0056541562080383301,0.99320706725120544,0.016686677932739258,0.99998396635055542,0.0019035637378692627,0.99801084399223328,0.03699985146522522,0.99053788185119629,0.0076482594013214111,0.99502074718475342,0.0067518651485443115,0.98993977904319763,0.018918544054031372,0.99402418732643127,0.062852203845977783,0.95830327272415161
"LIRCMOP8_BC",1,90000,90020,441,16,"generated","GAN_generated",0,0,NaN,1.3669393438835389,1.8571692741443113,0.34311755001544952,0.95507225394248962,0.070695102214813232,0.91728365421295166,0.12316557765007019,0.97784769535064697,0.15462300181388855,0.90799519419670105,0.14142537117004395,0.96099597215652466,0.18051174283027649,0.97714459896087646,0.26319898664951324,0.9486553966999054,0.25643347203731537,0.97311905026435852,0.2752559632062912,0.96569132804870605,0.34679178893566132,0.95170468091964722,0.4077489823102951,0.87949901819229126,0.48741506040096283,0.93645334243774414,0.49753215559758246,0.83740872144699097,0.56161670014262199,0.87880852818489075,0.56847960501909256,0.7936176061630249
"LIRCMOP8_BC",1,90000,90020,441,17,"generated","GAN_generated",0,0,NaN,1.2106806673093764,1.9374505956015566,0.27668240666389465,0.92934304475784302,0.06848713755607605,0.90365982055664062,0.11142691969871521,0.96921920776367188,0.10610997676849365,0.92767500877380371,0.10225969552993774,0.96129453182220459,0.1578819751739502,0.97984379529953003,0.19981259107589722,0.97416216135025024,0.19001731276512146,0.97808444499969482,0.21330606937408447,0.98094752430915833,0.31355024874210358,0.95890665054321289,0.29392535984516144,0.90937238931655884,0.3682011216878891,0.95078140497207642,0.36081600189208984,0.87596291303634644,0.43273912370204926,0.92117178440093994,0.51732578314840794,0.82854557037353516
"LIRCMOP8_BC",1,90000,90020,441,18,"generated","GAN_generated",0,0,NaN,1.9410058686056464,1.2017525453185822,0.81422898173332214,0.9662623405456543,0.092900305986404419,0.94321101903915405,0.27171957492828369,0.95291623473167419,0.34728126227855682,0.93093299865722656,0.45053554326295853,0.90667635202407837,0.53902312740683556,0.87239751219749451,0.55214272812008858,0.83770960569381714,0.56869394332170486,0.8196583092212677,0.6695733517408371,0.68733909726142883,0.81054770946502686,0.58968149870634079,0.80554339289665222,0.56240395829081535,0.85215508937835693,0.51278522331267595,0.82705745100975037,0.41753660887479782,0.84401783347129822,0.33101581037044525,0.88186576962471008,0.33281137049198151
"LIRCMOP8_BC",1,90000,90020,441,19,"generated","GAN_generated",0,0,NaN,0.7552661554608564,2.3578419053925952,0.0021432042121887207,0.85179036855697632,0.037418663501739502,0.84056419134140015,0.0019771158695220947,0.89402133226394653,0.0048782229423522949,0.92424499988555908,0.010791957378387451,0.98828253149986267,0.012449204921722412,0.99095165729522705,0.020102620124816895,0.9999660849571228,0.0013849735260009766,0.9871482253074646,0.0078775584697723389,0.99999836087226868,0.00049737095832824707,0.99934911727905273,0.02300870418548584,0.98783212900161743,0.0033004581928253174,0.99732381105422974,0.0021341443061828613,0.99389854073524475,0.0084093213081359863,0.99719107151031494,0.05105176568031311,0.98344814777374268
"LIRCMOP8_BC",1,90000,90020,441,20,"generated","GAN_generated",0,0,NaN,1.1601390712926329,1.9232275092220237,0.22165006399154663,0.93250530958175659,0.052881509065628052,0.89726865291595459,0.09801134467124939,0.9649491012096405,0.090851187705993652,0.92834967374801636,0.086949825286865234,0.96956148743629456,0.12623444199562073,0.98121631145477295,0.16419416666030884,0.9820379912853241,0.15014064311981201,0.9836832582950592,0.19151049852371216,0.98877868056297302,0.24028301239013672,0.97063145041465759,0.26607878506183624,0.93987929821014404,0.28208965063095093,0.96890676021575928,0.32586897909641266,0.91578131914138794,0.38858935981988907,0.94718208909034729,0.43397089838981628,0.88450101017951965
"LIRCMOP8_BC",1,90000,90020,441,21,"generated","GAN_generated",1,0,NaN,0.7499328621385315,2.3937146843585424,0.0018745660781860352,0.85280880331993103,0.036019474267959595,0.82662996649742126,0.0018120110034942627,0.89606174826622009,0.0044700503349304199,0.9259488582611084,0.010058552026748657,0.98857298493385315,0.011797428131103516,0.99110853672027588,0.020419120788574219,0.99997222423553467,0.0012429356575012207,0.98776334524154663,0.0071757733821868896,0.99999865889549255,0.00043559074401855469,0.99938845634460449,0.021242082118988037,0.98826149106025696,0.0028837323188781738,0.9975094199180603,0.0018926262855529785,0.99430185556411743,0.0071758031845092773,0.99755886197090149,0.047078311443328857,0.98415911197662354
"LIRCMOP8_BC",1,90000,90020,441,22,"generated","GAN_generated",0,0,NaN,1.4481917786321949,1.6381191733198259,0.61429683119058609,0.92455202341079712,0.081631064414978027,0.90672481060028076,0.17968246340751648,0.9561532735824585,0.22487285733222961,0.91733467578887939,0.26593099534511566,0.92820471525192261,0.38984979689121246,0.93961429595947266,0.435064896941185,0.92052838206291199,0.45284271612763405,0.9163043200969696,0.56197480857372284,0.84781035780906677,0.61571251600980759,0.79123172163963318,0.69230921566486359,0.71850915253162384,0.66700166463851929,0.78155910968780518,0.70409174263477325,0.59819134324789047,0.73876351118087769,0.59861458837985992,0.79575082659721375,0.58729401975870132
"LIRCMOP8_BC",1,90000,90020,441,23,"generated","GAN_generated",0,0,NaN,1.2788283171768737,1.9395645512271296,0.2650248259305954,0.93103969097137451,0.065658718347549438,0.90660825371742249,0.09664452075958252,0.96364548802375793,0.12187102437019348,0.92327463626861572,0.098827540874481201,0.95505866408348083,0.15096703171730042,0.97823920845985413,0.18744316697120667,0.97762063145637512,0.21239718794822693,0.97775429487228394,0.23747074604034424,0.97991371154785156,0.33238857984542847,0.95388862490653992,0.35020437836647034,0.92071673274040222,0.3190741240978241,0.95366603136062622,0.39383982121944427,0.87941780686378479,0.44685263186693192,0.921103835105896,0.48918785993009806,0.84141144156455994
"LIRCMOP8_BC",1,90000,90020,441,24,"generated","GAN_generated",0,0,NaN,1.9608187112056361,1.0628624064153314,0.93880760669708252,0.99098992347717285,0.15067258477210999,0.97118979692459106,0.29302258789539337,0.96121507883071899,0.36516799032688141,0.93017959594726562,0.42890972644090652,0.8893875777721405,0.60811813920736313,0.83058944344520569,0.6426728218793869,0.80424472689628601,0.7339918315410614,0.78172281384468079,0.75601065158843994,0.58895868062973022,0.89051437377929688,0.50349051808007061,0.92465630173683167,0.53917985782027245,0.92011719942092896,0.39852055162191391,0.94558951258659363,0.32668106257915497,0.94982919096946716,0.22258967161178589,0.95848715305328369,0.16638100147247314
"LIRCMOP8_BC",1,90000,90020,441,25,"generated","GAN_generated",0,0,NaN,0.96831066636536933,1.9656781027875863,0.11401098966598511,0.92238345742225647,0.053998738527297974,0.9088737964630127,0.069896459579467773,0.9444165825843811,0.047717124223709106,0.94595223665237427,0.047662615776062012,0.97550994157791138,0.092303544282913208,0.98528799414634705,0.12572839856147766,0.99401935935020447,0.068071067333221436,0.99070537090301514,0.095076143741607666,0.99701511859893799,0.099024593830108643,0.98587426543235779,0.13463488221168518,0.96580591797828674,0.12440630793571472,0.98017331957817078,0.12941527366638184,0.95722836256027222,0.19682487845420837,0.97432509064674377,0.25106535851955414,0.91591793298721313
"LIRCMOP8_BC",1,90000,90020,441,26,"generated","GAN_generated",0,0,NaN,1.7407941392018143,1.3309732709966129,0.76976019144058228,0.95599865913391113,0.094185620546340942,0.91534242033958435,0.2526622861623764,0.96408602595329285,0.30141587555408478,0.92345705628395081,0.3781212717294693,0.91519218683242798,0.48630913253873587,0.89198380708694458,0.57022156566381454,0.84985485672950745,0.55378517881035805,0.87175160646438599,0.63857093453407288,0.73859238624572754,0.75776287913322449,0.65856914222240448,0.77407076954841614,0.60365455597639084,0.79444074630737305,0.59796008467674255,0.81937947869300842,0.47910831309854984,0.82019096612930298,0.42085445672273636,0.85905370116233826,0.42818387597799301
"LIRCMOP8_BC",1,90000,90020,441,27,"generated","GAN_generated",1,0,NaN,2.2986671850737235,0.858115266856467,0.99303171038627625,0.99667719006538391,0.20756047964096069,0.99320197105407715,0.26377835869789124,0.94749000668525696,0.4192032516002655,0.92338448762893677,0.5695837065577507,0.82330784201622009,0.58734834939241409,0.82743439078330994,0.67948286235332489,0.72271326184272766,0.72144213318824768,0.61558974534273148,0.86931535601615906,0.57421942800283432,0.95559591054916382,0.47578836232423782,0.96850273013114929,0.44657687470316887,0.98341074585914612,0.27833136916160583,0.98680317401885986,0.23296013474464417,0.99181562662124634,0.057571053504943848,0.9887697696685791,0.014011740684509277
"LIRCMOP8_BC",1,90000,90020,441,28,"generated","GAN_generated",0,0,NaN,2.0166673752942321,0.94813077642529053,0.96873864531517029,0.99284425377845764,0.21790775656700134,0.98157665133476257,0.27290740609169006,0.95650443434715271,0.38811495900154114,0.9394969642162323,0.54384097456932068,0.80798923969268799,0.56200359389185905,0.85361477732658386,0.59375614672899246,0.72632552683353424,0.70945517718791962,0.72014057636260986,0.76119992136955261,0.60073602944612503,0.92366957664489746,0.51714408956468105,0.91905415058135986,0.50506723299622536,0.950469970703125,0.28933553397655487,0.95663148164749146,0.29441669583320618,0.96688103675842285,0.13170063495635986,0.9536551833152771,0.049578011035919189
"LIRCMOP8_BC",1,90000,90020,441,29,"generated","GAN_generated",1,0,NaN,1.4890819343579447,1.8688551532999811,0.30748142302036285,0.94924807548522949,0.058573365211486816,0.90541893243789673,0.091998636722564697,0.97166970372200012,0.13679051399230957,0.92873349785804749,0.11952337622642517,0.95337572693824768,0.16994279623031616,0.97847512364387512,0.23368564248085022,0.97234180569648743,0.24591869115829468,0.9720490574836731,0.27325461804866791,0.97376018762588501,0.3928433284163475,0.94500535726547241,0.40650591254234314,0.90936806797981262,0.43495793640613556,0.94468516111373901,0.48696910869330168,0.86311867833137512,0.50164685840718448,0.90056523680686951,0.55244888365268707,0.81471791863441467
"LIRCMOP8_BC",1,90000,90020,441,30,"generated","GAN_generated",0,0,NaN,2.178349724305189,0.84420111991084801,0.9888150691986084,0.99653288722038269,0.19549635052680969,0.99196723103523254,0.25955645740032196,0.96003276109695435,0.40806826204061508,0.93340390920639038,0.51613907516002655,0.85489904880523682,0.59590638428926468,0.84174647927284241,0.66749820113182068,0.76709169149398804,0.76459333300590515,0.69444067776203156,0.85296785831451416,0.54533419758081436,0.94922554492950439,0.49010549858212471,0.96923828125,0.48083288967609406,0.97527477145195007,0.28931236267089844,0.98335766792297363,0.22968348860740662,0.9898478090763092,0.08573344349861145,0.98708489537239075,0.027991592884063721
"LIRCMOP8_BC",1,90000,90020,441,31,"generated","GAN_generated",1,0,NaN,0.75098184400567414,2.4179417264480989,0.0020350515842437744,0.83707848191261292,0.033182412385940552,0.83857786655426025,0.0016775727272033691,0.89348116517066956,0.0047036707401275635,0.91972562670707703,0.0098662078380584717,0.98963305354118347,0.011741846799850464,0.99004954099655151,0.01972043514251709,0.99997073411941528,0.0011481940746307373,0.985807865858078,0.0079958140850067139,0.99999865889549255,0.00042903423309326172,0.99938753247261047,0.02154088020324707,0.98732480406761169,0.0029934942722320557,0.99762001633644104,0.0019834935665130615,0.99403470754623413,0.0075957179069519043,0.99749782681465149,0.050670266151428223,0.98523890972137451
"LIRCMOP8_BC",1,90000,90020,441,32,"generated","GAN_generated",0,0,NaN,1.232487367234232,1.9262609752343509,0.35430733859539032,0.9177531898021698,0.066444724798202515,0.89344990253448486,0.10889780521392822,0.96184772253036499,0.13732308149337769,0.9119492769241333,0.12240901589393616,0.94744649529457092,0.19256970286369324,0.97291022539138794,0.2470611035823822,0.97147911787033081,0.25264011323451996,0.96492505073547363,0.28358761966228485,0.96742475032806396,0.40976368635892868,0.93344196677207947,0.44223132729530334,0.89375686645507812,0.4194616824388504,0.93535220623016357,0.46664252877235413,0.83845886588096619,0.48765116930007935,0.88782823085784912,0.58314833790063858,0.7854573130607605
"LIRCMOP8_BC",1,90000,90020,441,33,"generated","GAN_generated",0,0,NaN,1.4290346614986167,1.7247670632271244,0.61976160854101181,0.91442108154296875,0.082450747489929199,0.89748680591583252,0.17695805430412292,0.95773449540138245,0.21319130063056946,0.9110674262046814,0.26531921327114105,0.91798388957977295,0.35420504212379456,0.93852061033248901,0.43187868595123291,0.92677003145217896,0.44782223179936409,0.91753751039505005,0.54345696419477463,0.85296154022216797,0.63701210916042328,0.78589597344398499,0.69364465773105621,0.71070514619350433,0.6738799512386322,0.78701239824295044,0.71994750201702118,0.58101046085357666,0.75120702385902405,0.59418986737728119,0.79871872067451477,0.59374940395355225
"LIRCMOP8_BC",1,90000,90020,441,34,"generated","GAN_generated",0,0,NaN,1.914599489101138,1.3204148333414658,0.77270928025245667,0.96202903985977173,0.082276791334152222,0.93928861618041992,0.26095224916934967,0.96184921264648438,0.33020198345184326,0.93528473377227783,0.40971610695123672,0.91477629542350769,0.52005781792104244,0.90352660417556763,0.55409218743443489,0.8762156069278717,0.52796648070216179,0.86320492625236511,0.6881803423166275,0.74848011136054993,0.76867783069610596,0.63990436494350433,0.78781718015670776,0.61541752517223358,0.80734214186668396,0.59985636919736862,0.80495011806488037,0.45729560032486916,0.81452357769012451,0.40276849269866943,0.86090323328971863,0.42580509930849075
"LIRCMOP8_BC",1,90000,90020,441,35,"generated","GAN_generated",0,0,NaN,2.2391749738514068,0.84092059342670911,0.99067598581314087,0.99697795510292053,0.20314961671829224,0.99256241321563721,0.29060979187488556,0.95928168296813965,0.42021888494491577,0.93076187372207642,0.52712269686162472,0.82763606309890747,0.63466599583625793,0.84491309523582458,0.71092012524604797,0.73760747909545898,0.69375115633010864,0.64144346117973328,0.83465498685836792,0.57806968688964844,0.94214692711830139,0.46606249734759331,0.96073228120803833,0.46234051138162613,0.97776216268539429,0.30243566632270813,0.9838753342628479,0.25481915473937988,0.98732045292854309,0.079265892505645752,0.98846235871315002,0.020436704158782959
"LIRCMOP8_BC",1,90000,90020,441,36,"generated","GAN_generated",1,0,NaN,1.8364341668639201,1.5034012415283602,0.67463855445384979,0.9405096173286438,0.088519483804702759,0.92678117752075195,0.17155605554580688,0.9548460841178894,0.28523410856723785,0.92208385467529297,0.3627677857875824,0.90367996692657471,0.41867845505475998,0.93096023797988892,0.50361943710595369,0.89882728457450867,0.50364955840632319,0.89917373657226562,0.58009023219347,0.8187786340713501,0.7671264111995697,0.72485564649105072,0.76448580622673035,0.67468234896659851,0.73447313904762268,0.64779636263847351,0.74550752341747284,0.54042977094650269,0.74952132999897003,0.5128520280122757,0.81553614139556885,0.44199569895863533
"LIRCMOP8_BC",1,90000,90020,441,37,"generated","GAN_generated",0,0,NaN,1.8157478323131613,1.4153564601352195,0.72395838797092438,0.94624829292297363,0.093252778053283691,0.92231506109237671,0.23188269138336182,0.96195054054260254,0.29753705859184265,0.93058449029922485,0.36602233350276947,0.90468311309814453,0.47691694274544716,0.9125669002532959,0.55149886384606361,0.88358083367347717,0.48450380563735962,0.88444367051124573,0.62678216397762299,0.78582349419593811,0.74563267827033997,0.67533092200756073,0.72770091891288757,0.62668849527835846,0.76412278413772583,0.64751899242401123,0.78256577253341675,0.50873969309031963,0.76440605521202087,0.47024492174386978,0.8389529287815094,0.46956487931311131
"LIRCMOP8_BC",1,90000,90020,441,38,"generated","GAN_generated",0,0,NaN,2.0091617153978709,0.90529494963092416,0.9284960925579071,0.98826062679290771,0.1297227144241333,0.97417941689491272,0.31311036646366119,0.93619099259376526,0.42867795377969742,0.9150753915309906,0.50637925649061799,0.88625383377075195,0.53504511713981628,0.83402055501937866,0.61089171469211578,0.75247690081596375,0.59605614095926285,0.73424184322357178,0.73081804811954498,0.64759355783462524,0.86906608939170837,0.50594819756224751,0.86870956420898438,0.50087708083447069,0.93485963344573975,0.38592521846294403,0.92061910033226013,0.31315223872661591,0.93283993005752563,0.20995724201202393,0.94100195169448853,0.13383147120475769
"LIRCMOP8_BC",1,90000,90020,441,39,"generated","GAN_generated",0,0,NaN,2.0217620646996428,0.90563773934385461,0.96955385804176331,0.99172353744506836,0.20112922787666321,0.98246112465858459,0.25417928397655487,0.95139896869659424,0.42245474457740784,0.93218955397605896,0.54254735633730888,0.80593535304069519,0.53457792475819588,0.8507552444934845,0.58592113107442856,0.72857767343521118,0.70701049268245697,0.71845942735671997,0.75133988261222839,0.60747862607240677,0.92559278011322021,0.5153533760458231,0.9111136794090271,0.48410284146666527,0.95344066619873047,0.29447305202484131,0.95492732524871826,0.28316801786422729,0.96625387668609619,0.12904179096221924,0.95193228125572205,0.052881240844726562
"LIRCMOP8_BC",1,90000,90020,441,40,"generated","GAN_generated",0,0,NaN,1.2538329367038827,1.9535394804547146,0.26141521334648132,0.92626577615737915,0.058278769254684448,0.89859727025032043,0.101072758436203,0.96264582872390747,0.11394229531288147,0.92665350437164307,0.099316298961639404,0.96092408895492554,0.15312096476554871,0.97786027193069458,0.17094165086746216,0.97924262285232544,0.19495788216590881,0.97538906335830688,0.21839824318885803,0.98168867826461792,0.32337881624698639,0.95978206396102905,0.33396777510643005,0.92740786075592041,0.34926706552505493,0.95662856101989746,0.36544601619243622,0.88859513401985168,0.43053140491247177,0.92561805248260498,0.49586809007450938,0.83809861540794373
"LIRCMOP8_BC",1,90000,90020,441,41,"generated","GAN_generated",1,0,NaN,1.3923202765661822,1.8963616045948466,0.38490850478410721,0.93720290064811707,0.07774314284324646,0.90150994062423706,0.11719116568565369,0.96668839454650879,0.17333659529685974,0.91357040405273438,0.14914822578430176,0.93563836812973022,0.22620320320129395,0.97262251377105713,0.28556239604949951,0.95772534608840942,0.3049888014793396,0.95859053730964661,0.34225547313690186,0.95150116086006165,0.45452138409018517,0.90861743688583374,0.48013998009264469,0.8672012984752655,0.48866001330316067,0.91175815463066101,0.55238095298409462,0.79424414038658142,0.5469544529914856,0.84422823786735535,0.64075788855552673,0.74988351762294769
"LIRCMOP8_BC",1,90000,90020,441,42,"generated","GAN_generated",0,0,NaN,1.3575420825310485,1.8664837016208873,0.3352133184671402,0.9374062716960907,0.056908845901489258,0.90706881880760193,0.10761618614196777,0.96634665131568909,0.14191016554832458,0.92255204916000366,0.11944860219955444,0.95747140049934387,0.18554165959358215,0.97600147128105164,0.23520258069038391,0.96996855735778809,0.26596581935882568,0.96785849332809448,0.29231902956962585,0.9695696234703064,0.40053650736808777,0.94005948305130005,0.41675541549921036,0.90143686532974243,0.45727947354316711,0.93678295612335205,0.47598796151578426,0.83581438660621643,0.52997842617332935,0.88747838139533997,0.57973754405975342,0.80366986989974976
"LIRCMOP8_BC",1,90000,90020,441,43,"generated","GAN_generated",0,0,NaN,2.285115806901552,0.86314786748057393,0.9930480420589447,0.99751299619674683,0.21981242299079895,0.99361321330070496,0.24608764052391052,0.95865663886070251,0.38633231073617935,0.93329113721847534,0.5406147725880146,0.84496960043907166,0.59685175865888596,0.84816071391105652,0.67998139560222626,0.7363259345293045,0.75908106565475464,0.6550089418888092,0.8755403459072113,0.54357984289526939,0.95583978295326233,0.49404353927820921,0.97531348466873169,0.47648218087852001,0.98339474201202393,0.28032921254634857,0.98708656430244446,0.22977378964424133,0.99332571029663086,0.056624740362167358,0.99053320288658142,0.016268551349639893
"LIRCMOP8_BC",1,90000,90020,441,44,"generated","GAN_generated",0,0,NaN,1.9039098867737678,1.3390249154452238,0.76468157768249512,0.96491831541061401,0.1093451976776123,0.92558193206787109,0.29852527379989624,0.96798667311668396,0.28276635706424713,0.94288495182991028,0.39819671213626862,0.92221808433532715,0.5255840253084898,0.91734257340431213,0.54977318644523621,0.83649328351020813,0.52600900642573833,0.89115297794342041,0.62631143629550934,0.75197285413742065,0.76644870638847351,0.66107463836669922,0.78484669327735901,0.62414515763521194,0.81148612499237061,0.55887634679675102,0.76526215672492981,0.45297572389245033,0.8332691490650177,0.37649578601121902,0.8855246901512146,0.3751404881477356
"LIRCMOP8_BC",1,90000,90020,441,45,"generated","GAN_generated",0,0,NaN,1.9688847421226585,1.2055007747013153,0.81285479664802551,0.96870085597038269,0.090942531824111938,0.94014322757720947,0.27212594449520111,0.9523577094078064,0.34985779225826263,0.93017697334289551,0.45019381493330002,0.90453064441680908,0.54070989787578583,0.87129473686218262,0.56175218150019646,0.83817484974861145,0.56202330812811852,0.82457160949707031,0.67684410512447357,0.68485710024833679,0.80632144212722778,0.58245252072811127,0.80747449398040771,0.5694604367017746,0.85370361804962158,0.51060839928686619,0.82206350564956665,0.4229937344789505,0.84041303396224976,0.34210176765918732,0.87951689958572388,0.32447853684425354
"LIRCMOP8_BC",1,90000,90020,441,46,"generated","GAN_generated",0,0,NaN,1.001269964809925,1.9118786775133256,0.13668277859687805,0.94054573774337769,0.065503716468811035,0.91179773211479187,0.080959051847457886,0.95429280400276184,0.059681326150894165,0.936592698097229,0.050927817821502686,0.97761598229408264,0.077184677124023438,0.98728582262992859,0.11603990197181702,0.98900464177131653,0.090402096509933472,0.99246835708618164,0.10667034983634949,0.99606466293334961,0.12526798248291016,0.98698082566261292,0.15012732148170471,0.95295831561088562,0.1487143337726593,0.97803160548210144,0.16752877831459045,0.95773923397064209,0.23372769355773926,0.97319328784942627,0.29780995845794678,0.92253422737121582
"LIRCMOP8_BC",1,90000,90020,441,47,"generated","GAN_generated",0,0,NaN,1.2421947363483181,1.9912236547230158,0.26286187767982483,0.9307328462600708,0.07509806752204895,0.89334261417388916,0.095632314682006836,0.96321699023246765,0.12072259187698364,0.91026711463928223,0.094277501106262207,0.95183336734771729,0.13426676392555237,0.97883740067481995,0.19624203443527222,0.97604659199714661,0.21652296185493469,0.97931930422782898,0.19850900769233704,0.98141065239906311,0.34968243539333344,0.95761191844940186,0.32962501049041748,0.92661935091018677,0.30426861345767975,0.94913420081138611,0.37698982656002045,0.89102530479431152,0.41278249770402908,0.93503031134605408,0.47694741934537888,0.83323431015014648
"LIRCMOP8_BC",1,90000,90020,441,48,"generated","GAN_generated",0,0,NaN,0.95521409824720926,2.0469158300480501,0.027894794940948486,0.90481287240982056,0.069801270961761475,0.89865851402282715,0.018625527620315552,0.91459247469902039,0.015142470598220825,0.95283153653144836,0.021291106939315796,0.97588393092155457,0.053366780281066895,0.99189549684524536,0.11541107296943665,0.99932876229286194,0.015932559967041016,0.99419805407524109,0.033780366182327271,0.99989354610443115,0.011550694704055786,0.99566143751144409,0.057661503553390503,0.985015869140625,0.023155421018600464,0.99158528447151184,0.02445867657661438,0.979981929063797,0.054869234561920166,0.98806720972061157,0.1156579852104187,0.93646886944770813
"LIRCMOP8_BC",1,90000,90020,441,49,"generated","GAN_generated",0,0,NaN,2.0302402212637656,0.85333752393603191,0.96616333723068237,0.98897731304168701,0.18180194497108459,0.98327523469924927,0.28337088227272034,0.93625301122665405,0.43751602619886398,0.92969930171966553,0.5359509252011776,0.82791429758071899,0.53256940469145775,0.83473944664001465,0.5728904977440834,0.73311357200145721,0.68536293506622314,0.72226710617542267,0.74547435343265533,0.61944806575775146,0.92146128416061401,0.51824402064085007,0.89558166265487671,0.47052510641515255,0.95334187150001526,0.30051054060459137,0.94095087051391602,0.26425884664058685,0.95821705460548401,0.15566053986549377,0.94968253374099731,0.056332767009735107
"LIRCMOP8_BC",1,90000,90020,441,50,"generated","GAN_generated",0,0,NaN,1.4494521100910081,1.6609567439090336,0.5930044874548912,0.92251861095428467,0.075787872076034546,0.90714225172996521,0.20697584748268127,0.94718432426452637,0.22630211710929871,0.91457557678222656,0.28415706753730774,0.935334712266922,0.40297405421733856,0.93142807483673096,0.3833773136138916,0.89955905079841614,0.47823096811771393,0.89126130938529968,0.57067567110061646,0.84143728017807007,0.55353570729494095,0.80376902222633362,0.64622275531291962,0.72134844958782196,0.65976274013519287,0.77495777606964111,0.70477104187011719,0.63016518950462341,0.73803016543388367,0.57804499566555023,0.77065682411193848,0.60221092402935028
"LIRCMOP8_BC",1,90000,90020,441,51,"generated","GAN_generated",0,0,NaN,1.8704857820816094,1.349758111200841,0.76279884576797485,0.96410834789276123,0.1076526939868927,0.92864257097244263,0.29104979336261749,0.9679015576839447,0.28802546858787537,0.9423084557056427,0.40021869540214539,0.92165461182594299,0.51945039071142673,0.91552674770355225,0.54731589555740356,0.83727023005485535,0.53361225128173828,0.89106845855712891,0.62708450853824615,0.74903638660907745,0.77219009399414062,0.65900811553001404,0.78334337472915649,0.62320546060800552,0.81293925642967224,0.55234834551811218,0.77248713374137878,0.45043038576841354,0.83598899841308594,0.37778830528259277,0.8855743408203125,0.38104318082332611
"LIRCMOP8_BC",1,90000,90020,441,52,"generated","GAN_generated",1,0,NaN,0.75164017026232921,2.3846487533710148,0.0021656453609466553,0.84462061524391174,0.032441437244415283,0.83877533674240112,0.0017635226249694824,0.89634224772453308,0.0048063695430755615,0.92144984006881714,0.010128051042556763,0.98959437012672424,0.012301504611968994,0.99053093791007996,0.018843859434127808,0.99996867775917053,0.0013197958469390869,0.98574256896972656,0.0083073675632476807,0.99999848008155823,0.00047484040260314941,0.99937185645103455,0.022718161344528198,0.98719844222068787,0.0033301115036010742,0.99737036228179932,0.0021847784519195557,0.99403870105743408,0.0082381069660186768,0.99736484885215759,0.051636934280395508,0.98483940958976746
"LIRCMOP8_BC",1,90000,90020,441,53,"generated","GAN_generated",0,0,NaN,1.6441457963864217,1.4678728915424746,0.70156693458557129,0.94192111492156982,0.071491837501525879,0.92325890064239502,0.21182349324226379,0.95987680554389954,0.28105150163173676,0.92985403537750244,0.32027184963226318,0.92768454551696777,0.46939285658299923,0.91359978914260864,0.48959437105804682,0.89515995979309082,0.53964075446128845,0.89772608876228333,0.62648949027061462,0.77030262351036072,0.70124773681163788,0.72649082541465759,0.77477952837944031,0.65126244723796844,0.74340519309043884,0.68618199229240417,0.75710061192512512,0.52230303548276424,0.81482046842575073,0.49060220364481211,0.85205227136611938,0.51192212477326393
"LIRCMOP8_BC",1,90000,90020,441,54,"generated","GAN_generated",0,0,NaN,1.9401985823399663,1.2516667742838945,0.77763590216636658,0.9698396623134613,0.096855878829956055,0.93658334016799927,0.2586376816034317,0.96042799949645996,0.34495972096920013,0.93254590034484863,0.41811434179544449,0.90359580516815186,0.51193984784185886,0.90266922116279602,0.56814237684011459,0.84140944480895996,0.54865299537777901,0.8499065637588501,0.64177294075489044,0.73117744922637939,0.79449236392974854,0.62076859921216965,0.79279094934463501,0.61464685201644897,0.82113632559776306,0.5479629710316658,0.80783241987228394,0.46184092015028,0.80918663740158081,0.37961670756340027,0.86193123459815979,0.37385810911655426
"LIRCMOP8_BC",1,90000,90020,441,55,"generated","GAN_generated",0,0,NaN,1.9102405507653317,1.3041069112924091,0.7653789222240448,0.96193993091583252,0.090361922979354858,0.93349701166152954,0.26313534379005432,0.96340522170066833,0.31401063501834869,0.93710601329803467,0.3958524614572525,0.90907269716262817,0.52331039123237133,0.91578137874603271,0.54839393123984337,0.86922347545623779,0.51824396289885044,0.86808523535728455,0.65177591145038605,0.76390588283538818,0.76833903789520264,0.63767199218273163,0.79779008030891418,0.61495194584131241,0.80229362845420837,0.58219747990369797,0.78670644760131836,0.45856204256415367,0.7960868775844574,0.39501883834600449,0.87839731574058533,0.38236650079488754
"LIRCMOP8_BC",1,90000,90020,441,56,"generated","GAN_generated",1,0,NaN,1.8664349873150807,1.5026327505943429,0.72409959137439728,0.94493520259857178,0.079095959663391113,0.91934517025947571,0.24423271417617798,0.95695114135742188,0.30049136281013489,0.92575988173484802,0.40365076065063477,0.9234427809715271,0.48830532003194094,0.89598572254180908,0.48898345325142145,0.87089550495147705,0.54097510129213333,0.85259708762168884,0.7061772346496582,0.75950208306312561,0.73811964690685272,0.66603650152683258,0.79513579607009888,0.65600113570690155,0.76934719085693359,0.6579204797744751,0.81820112466812134,0.48449019715189934,0.83382582664489746,0.38498568534851074,0.84883636236190796,0.45550500229001045
"LIRCMOP8_BC",1,90000,90020,441,57,"generated","GAN_generated",0,0,NaN,2.0257581444646835,1.0532031372363173,0.86804068088531494,0.9812406599521637,0.12478861212730408,0.95570343732833862,0.29422399401664734,0.9588305652141571,0.3675290048122406,0.93728744983673096,0.48707413952797651,0.87740370631217957,0.54609772935509682,0.85896998643875122,0.61853421479463577,0.80132719874382019,0.58369610458612442,0.8018684983253479,0.66139745712280273,0.67630213499069214,0.84098732471466064,0.57034795731306076,0.8189970850944519,0.57564301788806915,0.88266110420227051,0.47640462778508663,0.87361368536949158,0.37801177054643631,0.87654274702072144,0.29514917731285095,0.894542396068573,0.25210466980934143
"LIRCMOP8_BC",1,90000,90020,441,58,"generated","GAN_generated",1,0,NaN,1.4064447951353278,1.881876815871067,0.26946420967578888,0.95425724983215332,0.061975568532943726,0.91433674097061157,0.098977386951446533,0.97487568855285645,0.12608212232589722,0.90957698225975037,0.10959121584892273,0.96547216176986694,0.12543183565139771,0.98012271523475647,0.18775814771652222,0.96546554565429688,0.22805112600326538,0.98134201765060425,0.25615571439266205,0.98170053958892822,0.30008465051651001,0.96489575505256653,0.32811972498893738,0.92110365629196167,0.38794006407260895,0.95592501759529114,0.44849544763565063,0.89488932490348816,0.4906891006976366,0.92192712426185608,0.48307441733777523,0.84475791454315186
"LIRCMOP8_BC",1,90000,90020,441,59,"generated","GAN_generated",0,0,NaN,1.9145910707193634,1.3113488133171098,0.76662522554397583,0.96309196949005127,0.08886951208114624,0.93833774328231812,0.27209301292896271,0.96350815892219543,0.33198875188827515,0.93596750497817993,0.39451637864112854,0.91404294967651367,0.52734465897083282,0.90110388398170471,0.5657610148191452,0.8573647141456604,0.53837196528911591,0.87193772196769714,0.65796394646167755,0.73782044649124146,0.76997193694114685,0.63827857375144958,0.78534555435180664,0.61595451086759567,0.7997916042804718,0.57583921402692795,0.79792553186416626,0.45460731536149979,0.81611502170562744,0.40012940019369125,0.86533725261688232,0.41368121653795242
"LIRCMOP8_BC",1,90000,90020,441,60,"generated","GAN_generated",0,0,NaN,2.073026319066777,0.84169020879744127,0.98296326398849487,0.99518343806266785,0.1916467547416687,0.98858103156089783,0.28317371010780334,0.9548877477645874,0.42170985788106918,0.92656022310256958,0.54935072734951973,0.83696326613426208,0.56209401041269302,0.82727238535881042,0.65541224181652069,0.71453742682933807,0.70285634696483612,0.69059140980243683,0.81136351823806763,0.57927963882684708,0.93071043491363525,0.51068131439387798,0.94806042313575745,0.48902422562241554,0.96843293309211731,0.33932407200336456,0.9765954315662384,0.26535768806934357,0.9838615357875824,0.093703687191009521,0.9779076874256134,0.034282594919204712
"LIRCMOP8_BC",1,90000,90020,441,61,"generated","GAN_generated",0,0,NaN,1.9676282956967515,0.93715687012821369,0.91391816735267639,0.98428213596343994,0.13161316514015198,0.97055509686470032,0.26348772644996643,0.94592112302780151,0.41182395070791245,0.94096457958221436,0.47908162325620651,0.86900907754898071,0.54596291109919548,0.85668078064918518,0.59223935008049011,0.81683388352394104,0.63228361308574677,0.77232265472412109,0.69682836532592773,0.65188388526439667,0.88445776700973511,0.5667247399687767,0.87076041102409363,0.52312521077692509,0.92049551010131836,0.41801922023296356,0.88699531555175781,0.32167202234268188,0.90679755806922913,0.24785396456718445,0.91854870319366455,0.1550450325012207
"LIRCMOP8_BC",1,90000,90020,441,62,"generated","GAN_generated",0,0,NaN,1.9233823479513488,1.2765363407346835,0.7754594087600708,0.96363958716392517,0.084734082221984863,0.94076099991798401,0.24806135892868042,0.95648565888404846,0.35915146768093109,0.92943215370178223,0.43289917707443237,0.91514423489570618,0.49998941879221093,0.895363450050354,0.53078687377274036,0.85582605004310608,0.55560817196965218,0.82636865973472595,0.70751106739044189,0.73716624081134796,0.76293209195137024,0.63246418535709381,0.7830711305141449,0.58979809284210205,0.81294918060302734,0.60334625095129013,0.82503527402877808,0.4664788544178009,0.81094545125961304,0.39725601673126221,0.84569066762924194,0.41448629647493362
"LIRCMOP8_BC",1,90000,90020,441,63,"generated","GAN_generated",0,0,NaN,1.3898148327311035,1.7188027601483384,0.6066276952624321,0.89982044696807861,0.081279456615447998,0.89815285801887512,0.19990810751914978,0.9460245668888092,0.20195376873016357,0.90371328592300415,0.2743593156337738,0.93237674236297607,0.37295415997505188,0.93103474378585815,0.4073137566447258,0.90666919946670532,0.45125269144773483,0.91060909628868103,0.54063554108142853,0.85170319676399231,0.59830024838447571,0.79213753342628479,0.65192890167236328,0.71822130680084229,0.64658884704113007,0.76410263776779175,0.6865195631980896,0.59243986755609512,0.73451417684555054,0.59738056361675262,0.7992420494556427,0.57656199485063553
"LIRCMOP8_BC",1,90000,90020,441,64,"generated","GAN_generated",0,0,NaN,1.7671373479236454,1.3902605413748497,0.70873168110847473,0.96096348762512207,0.097705215215682983,0.92184561491012573,0.23588389158248901,0.96693718433380127,0.28832989931106567,0.93552827835083008,0.37411054968833923,0.90099936723709106,0.47955507598817348,0.92185014486312866,0.53845613449811935,0.87048381567001343,0.51158613711595535,0.88469690084457397,0.60258083790540695,0.78379607200622559,0.73225130140781403,0.69170965254306793,0.74952401220798492,0.64924019575119019,0.76241827011108398,0.63632968068122864,0.7792070209980011,0.52616384066641331,0.7763315737247467,0.46065597981214523,0.83194434642791748,0.46395682916045189
"LIRCMOP8_BC",1,90000,90020,441,65,"generated","GAN_generated",0,0,NaN,1.0109066881437274,1.8729979680887936,0.1300433874130249,0.9466245174407959,0.051906883716583252,0.91284734010696411,0.076025515794754028,0.95178771018981934,0.054417878389358521,0.95204275846481323,0.049694627523422241,0.97491157054901123,0.097803294658660889,0.98527562618255615,0.12752732634544373,0.99275106191635132,0.09521108865737915,0.99134227633476257,0.10492622852325439,0.99560129642486572,0.1041567325592041,0.98429584503173828,0.16464751958847046,0.96712633967399597,0.12181878089904785,0.98029094934463501,0.16406604647636414,0.95894551277160645,0.24357566237449646,0.97554737329483032,0.27600723505020142,0.93755528330802917
"LIRCMOP8_BC",1,90000,90020,441,66,"generated","GAN_generated",0,0,NaN,2.0013225576825957,1.000418408836351,0.89493927359580994,0.98524284362792969,0.13674798607826233,0.9645935595035553,0.28976613283157349,0.94983354210853577,0.40900758653879166,0.92699494957923889,0.4944886201992631,0.87270471453666687,0.52965127304196358,0.85806560516357422,0.6075318306684494,0.76787188649177551,0.59721139073371887,0.78011900186538696,0.67033132910728455,0.67364689707756042,0.85665473341941833,0.53819513320922852,0.83392289280891418,0.55275888368487358,0.9039229154586792,0.43624370545148849,0.90031498670578003,0.35451516509056091,0.89656203985214233,0.25400903820991516,0.91132795810699463,0.19523975253105164
"LIRCMOP8_BC",1,90000,90020,441,67,"generated","GAN_generated",0,0,NaN,1.00422838854149,1.9513186641467672,0.13753783702850342,0.91736295819282532,0.06151154637336731,0.91528365015983582,0.082494974136352539,0.93351134657859802,0.056932568550109863,0.94347503781318665,0.051084429025650024,0.97452843189239502,0.083794116973876953,0.9827803373336792,0.13470512628555298,0.99160671234130859,0.091393172740936279,0.99177348613739014,0.1024797260761261,0.99570974707603455,0.11230108141899109,0.98554745316505432,0.14349326491355896,0.95701012015342712,0.12165632843971252,0.98040285706520081,0.1554141640663147,0.94447201490402222,0.238199383020401,0.97274991869926453,0.27555613219738007,0.93172153830528259
"LIRCMOP8_BC",1,90000,90020,441,68,"generated","GAN_generated",0,0,NaN,1.6487918003060176,1.5050571268615893,0.70103271305561066,0.94295138120651245,0.069463014602661133,0.92076790332794189,0.21401065587997437,0.9552483856678009,0.28872428834438324,0.92573478817939758,0.30926242470741272,0.93233329057693481,0.47238027676939964,0.91102710366249084,0.48711043037474155,0.89394259452819824,0.53619208559393883,0.89377933740615845,0.63374727964401245,0.76903226971626282,0.6926630437374115,0.72591282427310944,0.77234554290771484,0.64482134580612183,0.75220969319343567,0.69632592797279358,0.76258832216262817,0.52784303948283195,0.8135485053062439,0.49221077561378479,0.84943360090255737,0.53073066659271717
"LIRCMOP8_BC",1,90000,90020,441,69,"generated","GAN_generated",0,0,NaN,1.9672217185133474,1.0625435280125752,0.93852272629737854,0.99145808815956116,0.14669844508171082,0.97115379571914673,0.29175823926925659,0.96320593357086182,0.36474068462848663,0.9326862096786499,0.429787278175354,0.88290503621101379,0.60482683032751083,0.83444023132324219,0.64360423386096954,0.80725762248039246,0.74091449379920959,0.78061208128929138,0.75382557511329651,0.58770391345024109,0.89043200016021729,0.50570186832919717,0.92760881781578064,0.53910660371184349,0.92162284255027771,0.39796991646289825,0.94701436161994934,0.33062270283699036,0.95083943009376526,0.22675749659538269,0.95904642343521118,0.16340562701225281
"LIRCMOP8_BC",1,90000,90020,441,70,"generated","GAN_generated",1,0,NaN,1.8380336849524823,1.4860723688819661,0.67672835290431976,0.93850705027580261,0.088791966438293457,0.9272177517414093,0.17828753590583801,0.95814234018325806,0.28054183721542358,0.92630282044410706,0.36641936004161835,0.90074104070663452,0.42263136804103851,0.9287247359752655,0.50857983529567719,0.89961686730384827,0.50154719082638621,0.89795902371406555,0.58108709752559662,0.81678125262260437,0.76343411207199097,0.73047834634780884,0.76741999387741089,0.67314803600311279,0.73206445574760437,0.64678813517093658,0.74064615368843079,0.5427088774740696,0.74792714416980743,0.51336438395082951,0.81863290071487427,0.4389764703810215
"LIRCMOP8_BC",1,90000,90020,441,71,"generated","GAN_generated",0,0,NaN,1.2481980809258115,1.993141516554007,0.35440981388092041,0.91200721263885498,0.07162022590637207,0.89494702219963074,0.10467988252639771,0.95769643783569336,0.14002948999404907,0.91730543971061707,0.13068932294845581,0.94140103459358215,0.20162010192871094,0.97370713949203491,0.23425427079200745,0.97152766585350037,0.2462024986743927,0.96214339137077332,0.31618252396583557,0.96571940183639526,0.42785675823688507,0.92389047145843506,0.43174645304679871,0.88275521993637085,0.41602448374032974,0.92183411121368408,0.4575599730014801,0.8286384642124176,0.47816433012485504,0.87161725759506226,0.59348061680793762,0.75103116035461426
"LIRCMOP8_BC",1,90000,90020,441,72,"generated","GAN_generated",0,0,NaN,2.0316879551452165,0.87928646453393178,0.97450524568557739,0.99028921127319336,0.18880435824394226,0.98154526948928833,0.3167957067489624,0.93828752636909485,0.41364619135856628,0.9199531078338623,0.5328548401594162,0.8211667537689209,0.56648585200309753,0.81581312417984009,0.64365264773368835,0.76727551221847534,0.67281666398048401,0.70311756432056427,0.78007256984710693,0.5926399752497673,0.93157505989074707,0.46855994686484337,0.91608163714408875,0.50594175886362791,0.95181256532669067,0.32764001190662384,0.95830926299095154,0.25047802925109863,0.96994096040725708,0.12897911667823792,0.96451783180236816,0.051660239696502686
"LIRCMOP8_BC",1,90000,90020,441,73,"generated","GAN_generated",0,0,NaN,2.0098513965666642,0.84428067015230956,0.96672505140304565,0.98835709691047668,0.17863830924034119,0.98131027817726135,0.28575478494167328,0.93569692969322205,0.4369543045759201,0.92827540636062622,0.52689763903617859,0.82490181922912598,0.54378943517804146,0.83192214369773865,0.56861142069101334,0.73784177005290985,0.68743377923965454,0.72463138401508331,0.74385413527488708,0.60669219493865967,0.91814050078392029,0.51646518148481846,0.89995026588439941,0.46204033121466637,0.95121943950653076,0.30620676279067993,0.94089788198471069,0.26283027231693268,0.95913776755332947,0.1499430239200592,0.95134314894676208,0.055493563413619995
"LIRCMOP8_BC",1,90000,90020,441,74,"generated","GAN_generated",0,0,NaN,1.80936755431536,1.3579145709054083,0.72550053894519806,0.95983770489692688,0.09748724102973938,0.92396384477615356,0.24525359272956848,0.9649931788444519,0.307817742228508,0.93014338612556458,0.38134553283452988,0.89493542909622192,0.48887654207646847,0.91288870573043823,0.55091079324483871,0.86282646656036377,0.51539046596735716,0.88000941276550293,0.60955378413200378,0.77427256107330322,0.73600964248180389,0.66651949286460876,0.74398770928382874,0.65201467275619507,0.764189213514328,0.62015104293823242,0.78556814789772034,0.51214118488132954,0.774178147315979,0.46125602349638939,0.83735498785972595,0.44752942770719528
"LIRCMOP8_BC",1,90000,90020,441,75,"generated","GAN_generated",0,0,NaN,1.8791295767644556,1.3380357036695909,0.74338901042938232,0.96383014321327209,0.097306013107299805,0.93190470337867737,0.2613321840763092,0.96038767695426941,0.33009904623031616,0.93227046728134155,0.39703965932130814,0.90408223867416382,0.51059785392135382,0.90597760677337646,0.55645054206252098,0.85234802961349487,0.52585496008396149,0.86965510249137878,0.62361317127943039,0.74409297108650208,0.75301936268806458,0.64360927045345306,0.75709348917007446,0.63504511117935181,0.77509081363677979,0.58510293066501617,0.78855976462364197,0.48353027552366257,0.79373520612716675,0.42654266208410263,0.85464766621589661,0.41952105611562729
"LIRCMOP8_BC",1,90000,90020,441,76,"generated","GAN_generated",1,0,NaN,1.4130487288163673,1.8789718913074207,0.27114981412887573,0.95191028714179993,0.061223626136779785,0.91109356284141541,0.096144407987594604,0.97544077038764954,0.12418064475059509,0.90873321890830994,0.10996928811073303,0.96598497033119202,0.12773022055625916,0.98003414273262024,0.19910803437232971,0.96562352776527405,0.22475746273994446,0.98007586598396301,0.25549505650997162,0.98142984509468079,0.30595707893371582,0.96480304002761841,0.33742265403270721,0.91511109471321106,0.38553670793771744,0.95523673295974731,0.46286685764789581,0.8970833420753479,0.49073613621294498,0.92119693756103516,0.47537602111697197,0.85301798582077026
"LIRCMOP8_BC",1,90000,90020,441,77,"generated","GAN_generated",0,0,NaN,1.910844458713123,1.1051660066619815,0.84015181660652161,0.98364546895027161,0.085288166999816895,0.95672470331192017,0.21924498677253723,0.96487417817115784,0.39556397497653961,0.94431367516517639,0.43665670603513718,0.89378893375396729,0.51074216794222593,0.89452210068702698,0.53501750528812408,0.84250295162200928,0.62321871519088745,0.80678412318229675,0.67768347263336182,0.67960235476493835,0.81487107276916504,0.60403317958116531,0.83826163411140442,0.56443163752555847,0.87949562072753906,0.51319009717553854,0.87295073270797729,0.43404167890548706,0.85027092695236206,0.33986642956733704,0.87483453750610352,0.30620993673801422
"LIRCMOP8_BC",1,90000,90020,441,78,"generated","GAN_generated",1,0,NaN,2.019396623115155,1.2423419630950678,0.78404119610786438,0.97672820091247559,0.10201841592788696,0.93677380681037903,0.24684533476829529,0.97312286496162415,0.34576664865016937,0.94819754362106323,0.44551130756735802,0.87902247905731201,0.53302852436900139,0.9110199511051178,0.58097349852323532,0.85150799155235291,0.5531696043908596,0.83293202519416809,0.65088918805122375,0.72566501796245575,0.79307088255882263,0.60924054682254791,0.77656173706054688,0.61023609340190887,0.82418009638786316,0.53576260432600975,0.84360864758491516,0.46003174409270287,0.8027992844581604,0.38040436804294586,0.84346255660057068,0.36450223624706268
"LIRCMOP8_BC",1,90000,90020,441,79,"generated","GAN_generated",0,0,NaN,2.0300566771289379,0.88106322572514717,0.97356945276260376,0.98976647853851318,0.19293516874313354,0.98204818367958069,0.31317532062530518,0.93621751666069031,0.41609247773885727,0.91791257262229919,0.53420301899313927,0.8211553692817688,0.55812553316354752,0.81698107719421387,0.64164604246616364,0.7664903998374939,0.67794181406497955,0.70207966864109039,0.77012407779693604,0.59837803244590759,0.93353870511054993,0.4721676055341959,0.9122028648853302,0.50849499274045229,0.95092260837554932,0.32596954703330994,0.95811551809310913,0.24934369325637817,0.96902519464492798,0.12695547938346863,0.96344166994094849,0.054408669471740723
"LIRCMOP8_BC",1,90000,90020,441,80,"generated","GAN_generated",0,0,NaN,1.8198816200728989,1.3744577062809298,0.72242236137390137,0.95976769924163818,0.10096856951713562,0.91968810558319092,0.24334409832954407,0.96274262666702271,0.30395479500293732,0.93042704463005066,0.38809491693973541,0.89450734853744507,0.48727157339453697,0.91704016923904419,0.54859377816319466,0.86022451519966125,0.50815753266215324,0.87922292947769165,0.59784591197967529,0.78074714541435242,0.74163228273391724,0.67044210433959961,0.74169005453586578,0.65308286249637604,0.76440444588661194,0.62245582789182663,0.78414571285247803,0.50851551722735167,0.77277269959449768,0.45667936652898788,0.83700916171073914,0.44596316665410995
"LIRCMOP8_BC",1,90000,90020,441,81,"generated","GAN_generated",0,0,NaN,1.9435619846750296,0.88477648623465388,0.94173279404640198,0.98956122994422913,0.14165970683097839,0.97786670923233032,0.29971390962600708,0.94637998938560486,0.42273829877376556,0.92837989330291748,0.50777553394436836,0.88204988837242126,0.55262625589966774,0.82666182518005371,0.59264586120843887,0.77100729942321777,0.6630597710609436,0.7539481520652771,0.74485847353935242,0.61650495231151581,0.88791930675506592,0.50708382297307253,0.90571409463882446,0.5006651685689576,0.93444046378135681,0.38403674215078354,0.93327069282531738,0.2855193167924881,0.9468936026096344,0.19419154524803162,0.9528336226940155,0.11499407887458801
"LIRCMOP8_BC",1,90000,90020,441,82,"generated","GAN_generated",0,0,NaN,2.026524796846628,1.2246722641718497,0.81932163238525391,0.97474217414855957,0.10446906089782715,0.94897565245628357,0.29337121546268463,0.96113118529319763,0.36166565120220184,0.94851616024971008,0.46150712668895721,0.90289515256881714,0.55969201773405075,0.87315267324447632,0.56799860298633575,0.82684913277626038,0.58044515550136566,0.839956134557724,0.68464663624763489,0.66959020495414734,0.80876266956329346,0.59869950264692307,0.81032213568687439,0.55717646330595016,0.85196191072463989,0.51303402334451675,0.82439565658569336,0.38889119774103165,0.86460667848587036,0.31957080960273743,0.87543442845344543,0.32735532522201538
"LIRCMOP8_BC",1,90000,90020,441,83,"generated","GAN_generated",0,0,NaN,2.007438722954566,1.1125926204411911,0.8655988872051239,0.98125311732292175,0.12427029013633728,0.95225250720977783,0.29862968623638153,0.95756542682647705,0.37665355205535889,0.93297752737998962,0.47542172111570835,0.87775859236717224,0.54542296752333641,0.84813892841339111,0.62186485528945923,0.79066717624664307,0.58455169200897217,0.81835967302322388,0.67067241668701172,0.66463851928710938,0.83150869607925415,0.56669938564300537,0.81848657131195068,0.58511364459991455,0.87861573696136475,0.49491590075194836,0.87413504719734192,0.38240058720111847,0.87901803851127625,0.30429065227508545,0.8911665678024292,0.26502858102321625
"LIRCMOP8_BC",1,90000,90020,441,84,"generated","GAN_generated",1,0,NaN,2.40046398086599,0.86677541730453833,0.99349689483642578,0.99589806795120239,0.23285147547721863,0.99292173981666565,0.29952777922153473,0.94906783103942871,0.3972015306353569,0.92304560542106628,0.5300992839038372,0.83672481775283813,0.64721019566059113,0.8057824969291687,0.7090185284614563,0.7421598881483078,0.75831621885299683,0.65150037407875061,0.86699080467224121,0.52005787938833237,0.95632317662239075,0.47155080549418926,0.971260666847229,0.43448241800069809,0.97896093130111694,0.26444825530052185,0.98609045147895813,0.20943534374237061,0.99270883202552795,0.056537926197052002,0.98996108770370483,0.017489016056060791
"LIRCMOP8_BC",1,90000,90020,441,85,"generated","GAN_generated",0,0,NaN,1.190750306928158,1.9317129428118378,0.18744909763336182,0.94597208499908447,0.061322003602981567,0.89738109707832336,0.10555893182754517,0.96100485324859619,0.080541729927062988,0.94074496626853943,0.084863930940628052,0.96935489773750305,0.12158393859863281,0.98194429278373718,0.13863286375999451,0.981810063123703,0.12228870391845703,0.9861927330493927,0.18102705478668213,0.99028879404067993,0.19421884417533875,0.96930631995201111,0.21612474322319031,0.94939810037612915,0.21312034130096436,0.9670376181602478,0.27665305137634277,0.9303385317325592,0.34516504406929016,0.94867134094238281,0.40675695240497589,0.88692957162857056
"LIRCMOP8_BC",1,90000,90020,441,86,"generated","GAN_generated",0,0,NaN,1.115360274655512,1.9734336228030398,0.18679246306419373,0.93977603316307068,0.068179190158843994,0.89243036508560181,0.11248636245727539,0.96148228645324707,0.085305571556091309,0.93239676952362061,0.089975416660308838,0.96914109587669373,0.11133381724357605,0.98074609041213989,0.13818341493606567,0.97862333059310913,0.12193959951400757,0.98696428537368774,0.16730666160583496,0.99067431688308716,0.19527536630630493,0.9760860800743103,0.19738537073135376,0.94833353161811829,0.22378990054130554,0.96760502457618713,0.25877787172794342,0.93180814385414124,0.33595234155654907,0.95334470272064209,0.37812017649412155,0.87687322497367859
"LIRCMOP8_BC",1,90000,90020,441,87,"generated","GAN_generated",0,0,NaN,1.6405052431964775,1.5001336475738674,0.68930959701538086,0.93436568975448608,0.082043707370758057,0.91519397497177124,0.22110855579376221,0.95641234517097473,0.26375989615917206,0.91925057768821716,0.3136129230260849,0.92569559812545776,0.45558780431747437,0.91998198628425598,0.50878076441586018,0.89830368757247925,0.49198960233479738,0.89738267660140991,0.61505008488893509,0.80346211791038513,0.68613845109939575,0.71800756454467773,0.74732087552547455,0.67022137343883514,0.72939445078372955,0.69384497404098511,0.74629957973957062,0.53023596480488777,0.77416998147964478,0.5158622395247221,0.83251455426216125,0.52390129119157791
"LIRCMOP8_BC",1,90000,90020,441,88,"generated","GAN_generated",1,0,NaN,1.8026526512401284,1.492785326406427,0.69269154965877533,0.95433712005615234,0.077307760715484619,0.92525842785835266,0.26162150502204895,0.96046870946884155,0.27560344338417053,0.93443167209625244,0.33790375292301178,0.9350273609161377,0.49929832859197631,0.91396570205688477,0.51198610384017229,0.88140168786048889,0.51714396849274635,0.89416360855102539,0.67241615056991577,0.77963671088218689,0.66605022549629211,0.70787665247917175,0.76598337292671204,0.69159077107906342,0.73169849812984467,0.68890634179115295,0.76627913117408752,0.50452126190066338,0.81868767738342285,0.47854997403919697,0.85693669319152832,0.52202877216041088
"LIRCMOP8_BC",1,90000,90020,441,89,"generated","GAN_generated",0,0,NaN,1.2706675629037107,1.9309358091837001,0.36043310165405273,0.93364390730857849,0.087863802909851074,0.91015449166297913,0.11252042651176453,0.9676075279712677,0.17573502659797668,0.87961402535438538,0.14954409003257751,0.95397838950157166,0.16364544630050659,0.97098320722579956,0.27778775990009308,0.94071000814437866,0.31252974271774292,0.97003087401390076,0.28447689116001129,0.96144559979438782,0.38662394136190414,0.94692912697792053,0.42961843311786652,0.86266633868217468,0.42981884628534317,0.93039438128471375,0.50216217362321913,0.83426669239997864,0.56655736267566681,0.88461586833000183,0.52334035187959671,0.79554450511932373
"LIRCMOP8_BC",1,90000,90020,441,90,"generated","GAN_generated",0,0,NaN,2.2094356075482304,0.83963297124195391,0.98938772082328796,0.99665337800979614,0.20794954895973206,0.99204814434051514,0.26319275796413422,0.95925870537757874,0.3994157612323761,0.94070234894752502,0.53401487320661545,0.83735907077789307,0.61631221324205399,0.84659430384635925,0.68533436954021454,0.75958538055419922,0.73622024059295654,0.66733807325363159,0.84602978825569153,0.56991744786500931,0.95068359375,0.48524623084813356,0.96453335881233215,0.46644794195890427,0.97663813829421997,0.27260655164718628,0.98160052299499512,0.24068570137023926,0.98795986175537109,0.07939070463180542,0.98616096377372742,0.024113178253173828
"LIRCMOP8_BC",1,90000,90020,441,91,"generated","GAN_generated",0,0,NaN,1.5814441604937715,1.5401126752385832,0.63335371017456055,0.94397819042205811,0.090946733951568604,0.91408735513687134,0.18346872925758362,0.96360042691230774,0.24550783634185791,0.92856591939926147,0.28834801912307739,0.92374548316001892,0.40387559682130814,0.94264349341392517,0.47833316959440708,0.91222050786018372,0.4668872281908989,0.91436487436294556,0.56925433874130249,0.84261512756347656,0.66815480589866638,0.76698744297027588,0.73233217000961304,0.70728461444377899,0.68803673982620239,0.74956664443016052,0.73184052109718323,0.59159668534994125,0.73776793479919434,0.56702344864606857,0.82365497946739197,0.54974844306707382
"LIRCMOP8_BC",1,90000,90020,441,92,"generated","GAN_generated",0,0,NaN,1.8790723551001152,1.5175045161947587,0.65513704717159271,0.95388999581336975,0.085843592882156372,0.9182727038860321,0.1418578028678894,0.96888923645019531,0.28178785741329193,0.92620170116424561,0.28779302537441254,0.8987078070640564,0.40778078883886337,0.93132597208023071,0.50218107434920967,0.92398041486740112,0.54564080014824867,0.90876412391662598,0.60154799371957779,0.79565137624740601,0.71265950798988342,0.74961265921592712,0.80545425415039062,0.70754554867744446,0.6947644054889679,0.7427908331155777,0.80670616030693054,0.59212210029363632,0.77244403958320618,0.54561891406774521,0.81639182567596436,0.55524948239326477
"LIRCMOP8_BC",1,90000,90020,441,93,"generated","GAN_generated",0,0,NaN,0.80694626710615402,2.0769646517401474,0.0062485337257385254,0.89974570274353027,0.052738755941390991,0.87614470720291138,0.0048348009586334229,0.91122773289680481,0.0074363350868225098,0.9510205090045929,0.012571245431900024,0.9846184253692627,0.026762545108795166,0.99310407042503357,0.047005563974380493,0.99988541007041931,0.0037288069725036621,0.99149638414382935,0.014069616794586182,0.99999123811721802,0.0016636252403259277,0.99856922030448914,0.032490402460098267,0.98861393332481384,0.0075477063655853271,0.99568909406661987,0.0054355859756469727,0.99153399467468262,0.016586363315582275,0.9950617253780365,0.068722546100616455,0.97061961889266968
"LIRCMOP8_BC",1,90000,90020,441,94,"generated","GAN_generated",0,0,NaN,1.4591813757627601,1.6674196074847931,0.60269250720739365,0.91963040828704834,0.077125906944274902,0.90026405453681946,0.17681777477264404,0.9537469744682312,0.23653364181518555,0.90115457773208618,0.26507478952407837,0.9224776029586792,0.34392198920249939,0.93473368883132935,0.42931556701660156,0.91617479920387268,0.43262915313243866,0.901670902967453,0.56497466564178467,0.86311483383178711,0.6090739369392395,0.80056941509246826,0.68185827136039734,0.71445906162261963,0.6901368647813797,0.78798487782478333,0.73041969537734985,0.62648679316043854,0.71348699927330017,0.60722150653600693,0.77354097366333008,0.58383139222860336
"LIRCMOP8_BC",1,90000,90020,441,95,"generated","GAN_generated",0,0,NaN,0.80331385129645738,2.1591292002944975,0.0052571594715118408,0.88576269149780273,0.042898118495941162,0.87532800436019897,0.0040035247802734375,0.8819115161895752,0.0058219432830810547,0.96471673250198364,0.011645048856735229,0.97953453660011292,0.033177942037582397,0.99371141195297241,0.055783838033676147,0.99994918704032898,0.0029635429382324219,0.99128088355064392,0.014673084020614624,0.99999344348907471,0.0010824501514434814,0.99863207340240479,0.031064689159393311,0.9908805787563324,0.0055772066116333008,0.99624696373939514,0.0038054585456848145,0.99019977450370789,0.012687265872955322,0.9959615170955658,0.062108993530273438,0.97134622931480408
"LIRCMOP8_BC",1,90000,90020,441,96,"generated","GAN_generated",0,0,NaN,2.1359115788283463,0.79089975404187096,0.98496779799461365,0.99648663401603699,0.17261615395545959,0.99182432889938354,0.2624480128288269,0.9610595703125,0.41737665235996246,0.92974820733070374,0.52028078585863113,0.89574998617172241,0.59712626785039902,0.8408564031124115,0.65882532298564911,0.74703323841094971,0.73893147706985474,0.68790730834007263,0.85388058423995972,0.57480576634407043,0.9349263608455658,0.50458467239513993,0.96599271893501282,0.45672310516238213,0.97708269953727722,0.31086020171642303,0.98285171389579773,0.23771929740905762,0.98704367876052856,0.091744333505630493,0.98625653982162476,0.039050906896591187
"LIRCMOP8_BC",1,90000,90020,441,97,"generated","GAN_generated",0,0,NaN,1.6470418326954519,1.4633036791448453,0.69694961607456207,0.94316467642784119,0.074491024017333984,0.92035490274429321,0.20893704891204834,0.95484825968742371,0.28200533986091614,0.92439466714859009,0.3151526153087616,0.93150609731674194,0.46464752405881882,0.91564491391181946,0.48734297323971987,0.89064350724220276,0.53560062870383263,0.8965868353843689,0.61912236362695694,0.77735528349876404,0.70708093047142029,0.72521477937698364,0.77657553553581238,0.65923473238945007,0.74554641544818878,0.68637818098068237,0.75848841667175293,0.52830648981034756,0.80921784043312073,0.49494869029149413,0.85294705629348755,0.51386168412864208
"LIRCMOP8_BC",1,90000,90020,441,98,"generated","GAN_generated",0,0,NaN,0.99058441501849392,1.9444647168738658,0.1434389054775238,0.91451647877693176,0.058185100555419922,0.9159112274646759,0.086123555898666382,0.94044527411460876,0.060140162706375122,0.94171798229217529,0.051991015672683716,0.97467982769012451,0.087923496961593628,0.98068666458129883,0.13788539171218872,0.99150776863098145,0.095279932022094727,0.99106183648109436,0.10630518198013306,0.99517989158630371,0.12526440620422363,0.98552590608596802,0.15128099918365479,0.95536330342292786,0.12990650534629822,0.97950014472007751,0.1619546115398407,0.9445052444934845,0.24800443649291992,0.97291690111160278,0.27040472626686096,0.93094402551651001
"LIRCMOP8_BC",1,90000,90020,441,99,"generated","GAN_generated",1,0,NaN,0.76077504559565456,2.3785396122319447,0.0024093687534332275,0.85332247614860535,0.035846889019012451,0.82500779628753662,0.0025429427623748779,0.90227338671684265,0.0053353607654571533,0.9316369891166687,0.012319236993789673,0.98879009485244751,0.014270424842834473,0.99090456962585449,0.023629426956176758,0.99994459748268127,0.0018777251243591309,0.98900175094604492,0.010351866483688354,0.99999761581420898,0.00060904026031494141,0.99925839900970459,0.025690019130706787,0.98820164799690247,0.0038903951644897461,0.99737235903739929,0.0027416348457336426,0.99405324459075928,0.010065525770187378,0.99618250131607056,0.054290205240249634,0.98002961277961731
"LIRCMOP8_BC",1,90000,90020,441,100,"generated","GAN_generated",0,0,NaN,1.9006807329077755,1.3229876680604264,0.76565846800804138,0.95998331904411316,0.093692779541015625,0.93524301052093506,0.25565163791179657,0.96322393417358398,0.31769660115242004,0.94164386391639709,0.40084726363420486,0.91045850515365601,0.52425933629274368,0.91451463103294373,0.54423987492918968,0.87149417400360107,0.52129376493394375,0.86763486266136169,0.65372996032238007,0.75360468029975891,0.7727125883102417,0.64274996519088745,0.79050168395042419,0.60146047919988632,0.79744347929954529,0.58225826174020767,0.78138288855552673,0.44982675090432167,0.80242714285850525,0.38600720465183258,0.87486171722412109,0.39145665615797043
