problem,run,condition_mode,gen,bmem_count,boundary_count,bmem_ref_coverage,finite_gap_count,inf_gap_count,median_gap,max_gap,train_count,query_count,condition_dim,train_param_ratio,gan_sample_reuse,train_pair_dec_dist50,train_pair_dec_dist90,train_tau_iqr,missing_ref_query_count,large_gap_query_count,raw_generated_count,feasible_generated_count,generated_per_train,boundary_dist50,boundary_dist90,query_width90,segment_width90,segment_width90_ratio,side_rate,pair_margin50,ref_cover,query_obj_dist50,query_obj_dist90,missing_ref_query_obj_dist90,large_gap_query_obj_dist90,feasible_rate,boundary_sample_current_count,boundary_sample_prev_pair_count,boundary_sample_merged_count,boundary_sample_finite_count,boundary_feasible_count,boundary_infeasible_count,boundary_main_feasible_count,boundary_ref_with_main_feasible_count,boundary_ref_with_neighbor_infeasible_count,boundary_ref_pairable_count,boundary_pair_distance_count,boundary_pair_dominated_skip_count,boundary_pair_appended_count,boundary_candidate_raw_count,boundary_candidate_finite_count,boundary_candidate_pareto_count,boundary_candidate_gap_count,boundary_candidate_dedup_count,boundary_candidate_final_count,dataset_bmem_input_count,dataset_valid_train_count,dataset_invalid_train_count,dataset_query_count
LIRCMOP10_BC,2,ref_y,1,0,0,NaN,0,0,NaN,NaN,0,0,4,0,NaN,NaN,NaN,NaN,0,0,0,0,NaN,NaN,NaN,NaN,NaN,NaN,NaN,NaN,NaN,NaN,NaN,NaN,NaN,NaN,400,0,400,400,400,0,17,16,0,0,0,0,0,0,0,0,0,0,0,0,0,0,0
LIRCMOP10_BC,2,ref_y,2,0,0,NaN,0,0,NaN,NaN,0,0,4,0,NaN,NaN,NaN,NaN,0,0,0,0,NaN,NaN,NaN,NaN,NaN,NaN,NaN,NaN,NaN,NaN,NaN,NaN,NaN,NaN,400,0,400,400,400,0,13,10,0,0,0,0,0,0,0,0,0,0,0,0,0,0,0
LIRCMOP10_BC,2,ref_y,3,0,0,NaN,0,0,NaN,NaN,0,0,4,0,NaN,NaN,NaN,NaN,0,0,0,0,NaN,NaN,NaN,NaN,NaN,NaN,NaN,NaN,NaN,NaN,NaN,NaN,NaN,NaN,400,0,400,400,400,0,17,12,0,0,0,0,0,0,0,0,0,0,0,0,0,0,0
LIRCMOP10_BC,2,ref_y,4,0,0,NaN,0,0,NaN,NaN,0,0,4,0,NaN,NaN,NaN,NaN,0,0,0,0,NaN,NaN,NaN,NaN,NaN,NaN,NaN,NaN,NaN,NaN,NaN,NaN,NaN,NaN,400,0,400,400,400,0,9,8,0,0,0,0,0,0,0,0,0,0,0,0,0,0,0
LIRCMOP10_BC,2,ref_y,5,0,0,NaN,0,0,NaN,NaN,0,0,4,0,NaN,NaN,NaN,NaN,0,0,0,0,NaN,NaN,NaN,NaN,NaN,NaN,NaN,NaN,NaN,NaN,NaN,NaN,NaN,NaN,400,0,400,400,400,0,12,9,0,0,0,0,0,0,0,0,0,0,0,0,0,0,0
LIRCMOP10_BC,2,ref_y,6,0,0,NaN,0,0,NaN,NaN,0,0,4,0,NaN,NaN,NaN,NaN,0,0,0,0,NaN,NaN,NaN,NaN,NaN,NaN,NaN,NaN,NaN,NaN,NaN,NaN,NaN,NaN,400,0,400,400,400,0,16,8,0,0,0,0,0,0,0,0,0,0,0,0,0,0,0
LIRCMOP10_BC,2,ref_y,7,0,0,NaN,0,0,NaN,NaN,0,0,4,0,NaN,NaN,NaN,NaN,0,0,0,0,NaN,NaN,NaN,NaN,NaN,NaN,NaN,NaN,NaN,NaN,NaN,NaN,NaN,NaN,400,0,400,400,400,0,8,7,0,0,0,0,0,0,0,0,0,0,0,0,0,0,0
LIRCMOP10_BC,2,ref_y,8,0,0,NaN,0,0,NaN,NaN,0,0,4,0,NaN,NaN,NaN,NaN,0,0,0,0,NaN,NaN,NaN,NaN,NaN,NaN,NaN,NaN,NaN,NaN,NaN,NaN,NaN,NaN,400,0,400,400,400,0,2,2,0,0,0,0,0,0,0,0,0,0,0,0,0,0,0
LIRCMOP10_BC,2,ref_y,9,0,0,NaN,0,0,NaN,NaN,0,0,4,0,NaN,NaN,NaN,NaN,0,0,0,0,NaN,NaN,NaN,NaN,NaN,NaN,NaN,NaN,NaN,NaN,NaN,NaN,NaN,NaN,400,0,400,400,400,0,4,3,0,0,0,0,0,0,0,0,0,0,0,0,0,0,0
LIRCMOP10_BC,2,ref_y,10,0,0,NaN,0,0,NaN,NaN,0,0,4,0,NaN,NaN,NaN,NaN,0,0,0,0,NaN,NaN,NaN,NaN,NaN,NaN,NaN,NaN,NaN,NaN,NaN,NaN,NaN,NaN,400,0,400,400,400,0,4,3,0,0,0,0,0,0,0,0,0,0,0,0,0,0,0
LIRCMOP10_BC,2,ref_y,11,0,0,NaN,0,0,NaN,NaN,0,0,4,0,NaN,NaN,NaN,NaN,0,0,0,0,NaN,NaN,NaN,NaN,NaN,NaN,NaN,NaN,NaN,NaN,NaN,NaN,NaN,NaN,400,0,400,400,400,0,2,2,0,0,0,0,0,0,0,0,0,0,0,0,0,0,0
LIRCMOP10_BC,2,ref_y,12,0,0,NaN,0,0,NaN,NaN,0,0,4,0,NaN,NaN,NaN,NaN,0,0,0,0,NaN,NaN,NaN,NaN,NaN,NaN,NaN,NaN,NaN,NaN,NaN,NaN,NaN,NaN,400,0,400,400,400,0,4,3,0,0,0,0,0,0,0,0,0,0,0,0,0,0,0
LIRCMOP10_BC,2,ref_y,13,0,0,NaN,0,0,NaN,NaN,0,0,4,0,NaN,NaN,NaN,NaN,0,0,0,0,NaN,NaN,NaN,NaN,NaN,NaN,NaN,NaN,NaN,NaN,NaN,NaN,NaN,NaN,400,0,400,400,400,0,6,2,0,0,0,0,0,0,0,0,0,0,0,0,0,0,0
LIRCMOP10_BC,2,ref_y,14,0,0,NaN,0,0,NaN,NaN,0,0,4,0,NaN,NaN,NaN,NaN,0,0,0,0,NaN,NaN,NaN,NaN,NaN,NaN,NaN,NaN,NaN,NaN,NaN,NaN,NaN,NaN,400,0,400,400,400,0,6,3,0,0,0,0,0,0,0,0,0,0,0,0,0,0,0
LIRCMOP10_BC,2,ref_y,15,0,0,NaN,0,0,NaN,NaN,0,0,4,0,NaN,NaN,NaN,NaN,0,0,0,0,NaN,NaN,NaN,NaN,NaN,NaN,NaN,NaN,NaN,NaN,NaN,NaN,NaN,NaN,400,0,400,400,400,0,12,3,0,0,0,0,0,0,0,0,0,0,0,0,0,0,0
LIRCMOP10_BC,2,ref_y,16,0,0,NaN,0,0,NaN,NaN,0,0,4,0,NaN,NaN,NaN,NaN,0,0,0,0,NaN,NaN,NaN,NaN,NaN,NaN,NaN,NaN,NaN,NaN,NaN,NaN,NaN,NaN,400,0,400,400,400,0,24,4,0,0,0,0,0,0,0,0,0,0,0,0,0,0,0
LIRCMOP10_BC,2,ref_y,17,2,1,0.01,2,0,0.00539763375461356,0.00679469511373423,2,1,4,0.000103998752014976,100,0.106946463676923,0.109725644680995,0,0,1,1,1,0.5,0.143896774236048,0.143896774236048,0,0.143896774236048,NaN,1,0.00644183095682638,1,0.143896774236048,0.143896774236048,NaN,0.143896774236048,1,400,0,400,400,397,3,7,4,10,2,4,2,2,2,2,2,2,2,2,2,2,0,1
LIRCMOP10_BC,2,ref_y,18,6,1,0.02,6,0,0.00543010915791664,0.0117378759597882,6,8,4,0.000311996256044927,100,0.133438970423715,0.191134597209322,0,3,5,8,8,1.33333333333333,0.200369733255451,0.20272232686805,0,0.20272232686805,NaN,1,0.0389721257609371,1,0.201994545128329,0.20272232686805,0.202356451617812,0.20272232686805,1,400,2,404,404,394,10,11,6,12,2,50,0,6,6,6,6,6,6,6,6,6,0,8
LIRCMOP10_BC,2,ref_y,19,6,1,0.02,6,0,0.00400475580155791,0.00631536627115957,6,6,4,0.000311996256044927,100,0.149148215781546,0.172926019952994,0,1,5,6,6,1,0.151027560856482,0.151623867330186,0,0.153510455240126,NaN,0.666666666666667,0.00809241731480936,1,0.152556029058542,0.153510455240126,0.152556008885495,0.153510455240126,1,400,6,412,412,396,16,5,4,21,3,29,1,6,6,6,6,6,6,6,6,6,0,6
LIRCMOP10_BC,2,ref_y,20,6,1,0.02,6,0,0.0090952201258141,0.0114107656053965,6,7,4,0.000311996256044927,100,0.166237631355842,0.201520983576066,0,2,5,7,7,1.16666666666667,0.150397606638103,0.151374841729947,0,0.151374841729947,NaN,0.857142857142857,0.0187390290310734,1,0.150465886585826,0.151374841729947,0.150918203910255,0.151374841729947,1,400,6,412,412,383,29,5,4,27,4,82,31,6,6,6,6,6,6,6,6,6,0,7
LIRCMOP10_BC,2,ref_y,21,7,1,0.03,7,0,0.0144512383091062,0.0162624627570271,7,20,4,0.000363995632052415,100,0.169265123559458,0.202216966451508,0,20,0,20,20,2.85714285714286,0.135240478488239,0.136094765325372,0,0.136216683452195,NaN,1,0.0413036567419268,0.666666666666667,0.135584690920068,0.136277816496186,0.136277816496186,NaN,1,400,6,412,412,360,52,4,3,29,3,131,22,7,7,7,7,7,7,7,7,7,0,20
LIRCMOP10_BC,2,ref_y,22,6,1,0.02,6,0,0.00959838958987133,0.0118523267578777,6,20,4,0.000311996256044927,100,0.155517588171412,0.181326276556402,0,20,0,20,20,3.33333333333333,0.168054335466092,0.176972188190014,0,0.176972188190014,NaN,1,0.0361681195781625,1,0.170393139292588,0.177544319692453,0.177544319692453,NaN,1,400,7,414,414,374,40,9,4,25,3,206,32,6,6,6,6,6,6,6,6,6,0,20
LIRCMOP10_BC,2,ref_y,23,9,1,0.03,9,0,0.0126252989180281,0.0135462252432215,9,20,4,0.000467994384067391,100,0.181326276556402,0.200737745304897,0,20,0,20,20,2.22222222222222,0.0960598706599554,0.0991334350369945,0,0.0991868836443032,NaN,1,0.0220177068633813,0.666666666666667,0.0977271121672467,0.0996149599026526,0.0996149599026526,NaN,1,400,6,412,412,364,48,14,6,37,4,289,54,9,9,9,9,9,9,9,9,9,0,20
LIRCMOP10_BC,2,ref_y,24,9,1,0.03,9,0,0.0194038179463916,0.0432121384766733,9,20,4,0.000467994384067391,100,0.212991429003769,0.418354733879051,0,20,0,20,20,2.22222222222222,0.276206780492063,0.28468700093661,0,0.28468700093661,NaN,1,0.0503529929053659,0.666666666666667,0.277723479230399,0.287157104054243,0.287157104054243,NaN,1,400,9,418,418,360,58,17,4,46,3,264,32,9,9,9,9,9,9,9,9,9,0,20
LIRCMOP10_BC,2,ref_y,25,6,1,0.02,6,0,0.0201620431820652,0.0204956530895743,6,5,4,0.000311996256044927,100,0.215455751414257,0.217920073824745,0,0,5,5,5,0.833333333333333,0.0305075498983528,0.0305081617950351,0,0.0305081617950351,NaN,1,0.0987416335414684,1,0.0305081617950351,0.0305156697325877,NaN,0.0305156697325877,1,400,9,418,418,342,76,16,3,51,3,272,119,6,6,6,6,6,6,6,6,6,0,5
LIRCMOP10_BC,2,ref_y,26,6,1,0.02,6,0,0.0196871801823648,0.0200156838466653,6,5,4,0.000311996256044927,100,0.215455751414257,0.217920073824745,0,0,5,5,3,0.833333333333333,0.0053747435706207,0.00546576653599337,0,0.00546576653599337,NaN,1,0.0497007820941746,1,0.00540078868091329,0.00546576653599337,NaN,0.00546576653599337,0.6,400,6,412,412,368,44,17,4,43,3,184,50,6,6,6,6,6,6,6,6,6,0,5
LIRCMOP10_BC,2,ref_y,27,9,1,0.03,9,0,0.0218157486852165,0.0231357726242852,9,20,4,0.000467994384067391,100,0.231866833994696,0.23747297143761,0,20,0,20,0,2.22222222222222,0.00394830414465595,0.00594134133106685,0,0.00594134133106685,NaN,0.15,-0.0343358633967252,0,0.00409402478369667,0.00687634804690888,0.00687634804690888,NaN,0,400,6,412,412,384,28,21,3,44,3,135,77,9,9,9,9,9,9,9,9,9,0,20
LIRCMOP10_BC,2,ref_y,28,9,1,0.03,9,0,0.0244043842885447,0.0248160296122188,9,20,4,0.000467994384067391,100,0.231866833994696,0.23747297143761,0,20,0,20,20,2.22222222222222,0.00896007183976711,0.0103092017222291,0,0.0103615194035963,NaN,0.15,-0.0254517354366885,0.666666666666667,0.0111781733646553,0.0130244103944124,0.0130244103944124,NaN,1,400,9,418,418,362,56,73,5,73,3,568,112,9,9,9,9,9,9,9,9,9,0,20
LIRCMOP10_BC,2,ref_y,29,3,1,0.01,3,0,0.0103767387173181,0.0103767387173181,3,2,4,0.000155998128022464,100,0.112510251707852,0.112510251707852,0,0,2,2,2,0.666666666666667,0.0525550866590405,0.0525551378332958,0,0.0525592599641852,12443.6339585173,1,0.0234876785462952,1,0.0525561171273039,0.0525570964213121,NaN,0.0525570964213121,1,400,9,418,418,359,59,171,2,76,2,1876,171,3,3,3,3,3,3,3,3,3,0,2
LIRCMOP10_BC,2,ref_y,30,9,1,0.03,9,0,0.0116176171434085,0.0153235055938915,9,10,4,0.000467994384067391,100,0.0835478589585556,0.153808090167566,0,2,8,10,6,1.11111111111111,0.0226730539521516,0.0247908900192165,0,0.0247908900192165,NaN,1,0.0107898344498757,0.666666666666667,0.023366483025021,0.0247908900192165,0.0240581731611153,0.0247908900192165,0.6,400,3,406,406,374,32,299,4,53,3,4470,4,9,9,9,9,9,9,9,9,9,0,10
LIRCMOP10_BC,2,ref_y,31,18,1,0.06,18,0,0.00868357796910135,0.020379174692634,18,20,4,0.000935988768134782,100,0.154057611053086,0.20195132591821,0,20,0,20,7,1.11111111111111,0.000548134733268636,0.019708242677253,0,0.020277955828527,NaN,1,0.0953785336493006,0.333333333333333,0.00679392207957812,0.0230345406621687,0.0230345406621687,NaN,0.35,400,9,418,418,368,50,290,7,57,6,5718,12,18,18,18,18,18,18,18,18,18,0,20
LIRCMOP10_BC,2,ref_y,32,21,1,0.07,21,0,0.0079403095981854,0.0191891381186359,21,20,4,0.00109198689615725,100,0.186639274128508,0.23810759227029,0,20,0,20,0,0.952380952380952,0.000397462880935545,0.00048357371820273,0,0.00048357371820273,NaN,1,0.059879623482355,0,0.00186327865131288,0.00280422192048251,0.00280422192048251,NaN,0,400,18,436,436,368,68,271,8,59,7,6830,24,21,21,21,21,21,21,21,21,21,0,20
LIRCMOP10_BC,2,ref_y,33,21,1,0.07,21,0,0.00545592764331502,0.0151143189469603,21,20,4,0.00109198689615725,100,0.186162766469293,0.315445223807463,0,20,0,20,0,0.952380952380952,0.000340069313768328,0.00047635013479185,0,0.00047635013479185,NaN,1,0.0344092536911332,0,0.00358454953380151,0.00534350032122149,0.00534350032122149,NaN,0,400,21,442,442,355,87,227,8,65,7,6374,43,21,21,21,21,21,21,21,21,21,0,20
LIRCMOP10_BC,2,ref_y,34,21,1,0.07,21,0,0.00491055347713757,0.00841593892884614,21,20,4,0.00109198689615725,100,0.152907545167344,0.23810759227029,0,20,0,20,0,0.952380952380952,0.000117400344651797,0.00019325978453526,0,0.00019325978453526,NaN,1,0.0406939774423223,0,0.00511757331250011,0.00812876362181476,0.00812876362181476,NaN,0,400,21,442,442,324,118,207,8,67,7,7836,75,21,21,21,21,21,21,21,21,21,0,20
LIRCMOP10_BC,2,ref_y,35,27,1,0.09,27,0,0.00578113291902648,0.0143576161437907,27,20,4,0.00140398315220217,100,0.13647146041864,0.440312022616536,0,20,0,20,1,0.740740740740741,0.000144241534907934,0.000435078203800686,0,0.000435078203800686,NaN,0.3,-0.0240786843092105,0.222222222222222,0.00692571414210713,0.0121748492874492,0.0121748492874492,NaN,0.05,400,21,442,442,293,149,150,10,59,10,6166,99,27,27,27,27,27,27,27,27,27,0,20
LIRCMOP10_BC,2,ref_y,36,27,1,0.09,27,0,0.0052862677272533,0.00881339057377313,27,20,4,0.00140398315220217,100,0.10594358144785,0.233998255919219,0,20,0,20,3,0.740740740740741,4.2368722138723e-05,6.9695724813249e-05,0,0.000177212111170439,NaN,0.3,-0.0232591133797877,0.222222222222222,0.00758109737186245,0.0138905672333649,0.0138905672333649,NaN,0.15,400,27,454,454,290,164,186,10,67,10,7291,135,27,27,27,27,27,27,27,27,27,0,20
LIRCMOP10_BC,2,ref_y,37,30,1,0.1,30,0,0.00567866760180326,0.00954890259115243,30,20,4,0.00155998128022464,100,0.167177349022496,0.355825026782412,0,20,0,20,6,0.666666666666667,7.06110609525825e-05,0.000363185216954184,0,0.00038280252722252,NaN,0,-0.0641285919220109,0.2,0.00741269970558966,0.0139249485279167,0.0139249485279167,NaN,0.3,400,27,454,454,295,159,163,11,67,11,4835,137,30,30,30,30,30,30,30,30,30,0,20
LIRCMOP10_BC,2,ref_y,38,36,1,0.12,36,0,0.00301080638270328,0.00979588775227058,36,20,4,0.00187197753626956,88.8888888888889,0.170891883037967,0.370086684320957,0,20,0,20,12,0.555555555555556,4.14397582494312e-05,0.000233198390758323,0,0.00078492202392245,NaN,0.4,-0.0115134397953121,0.166666666666667,0.00709522820611416,0.0155156452957053,0.0155156452957053,NaN,0.6,400,30,460,460,278,182,172,13,69,13,5222,147,36,36,36,36,36,36,36,36,36,0,20
LIRCMOP10_BC,2,ref_y,39,30,1,0.1,30,0,0.00405643157135763,0.00954174134110035,30,20,4,0.00155998128022464,100,0.154236706203285,0.302218269132679,0,20,0,20,3,0.666666666666667,0.000110625113482767,0.000412151148155426,0,0.00042161292849508,NaN,0.45,-0.00215470694970044,0.2,0.00820410609416063,0.0140850070126127,0.0140850070126127,NaN,0.15,400,36,472,472,295,177,174,11,74,10,7278,158,30,30,30,30,30,30,30,30,30,0,20
LIRCMOP10_BC,2,ref_y,40,30,1,0.1,30,0,0.00267790848011123,0.00858972765621861,30,20,4,0.00155998128022464,100,0.161508096877089,0.321685342002902,0,20,0,20,3,0.666666666666667,7.09785602194741e-05,0.000256253497549732,0,0.000279654724207476,NaN,0,-0.0422544786823481,0.2,0.00788780708527026,0.0151747585797694,0.0151747585797694,NaN,0.15,400,30,460,460,277,183,187,11,65,10,7814,129,30,30,30,30,30,30,30,30,30,0,20
LIRCMOP10_BC,2,ref_y,41,33,1,0.11,33,0,0.00263410545977949,0.00801252141088738,33,20,4,0.0017159794082471,96.969696969697,0.177854855230058,0.359962008236498,0,20,0,20,1,0.606060606060606,0.000143416314895413,0.000412728274381941,0,0.000412728274381941,NaN,0,-0.0945205993359344,0.181818181818182,0.00698812949492641,0.0139537041669394,0.0139537041669394,NaN,0.05,400,30,460,460,268,192,163,12,59,12,7481,64,33,33,33,33,33,33,33,33,33,0,20
LIRCMOP10_BC,2,ref_y,42,36,1,0.12,36,0,0.00296510196895952,0.00919296976453849,36,20,4,0.00187197753626956,88.8888888888889,0.25117988346168,0.403003763755253,0,20,0,20,0,0.555555555555556,0.000842141426025134,0.0014052870951319,0,0.00150504189169429,NaN,0,-0.080782852803897,0,0.0013907554011347,0.00256225543506627,0.00256225543506627,NaN,0,400,33,466,466,282,184,171,13,60,12,6252,74,36,36,36,36,36,36,36,36,36,0,20
LIRCMOP10_BC,2,ref_y,43,33,1,0.11,33,0,0.00316961401093371,0.00989230171886715,33,20,4,0.0017159794082471,96.969696969697,0.177854855230058,0.42096926758595,0,20,0,20,0,0.606060606060606,0.000500993454094955,0.00102345412386902,0,0.00102345412386902,NaN,0,-0.0156571501811824,0,0.00366933592456122,0.00595845853722007,0.00595845853722007,NaN,0,400,36,472,472,270,202,174,12,74,12,6726,137,33,33,33,33,33,33,33,33,33,0,20
LIRCMOP10_BC,2,ref_y,44,36,1,0.12,36,0,0.00322704070090368,0.011238792170164,36,20,4,0.00187197753626956,88.8888888888889,0.184815844055657,0.346843558584721,0,20,0,20,1,0.555555555555556,0.000658864756679741,0.000937129308602382,0,0.000937129308602382,NaN,0,-0.0344084645515698,0.166666666666667,0.00185131428642043,0.00338529679763595,0.00338529679763595,NaN,0.05,400,33,466,466,269,197,177,13,80,12,5466,117,36,36,36,36,36,36,36,36,36,0,20
LIRCMOP10_BC,2,ref_y,45,30,1,0.1,30,0,0.00307318826995295,0.00794377112181263,30,20,4,0.00155998128022464,100,0.187159703267363,0.351846661685995,0,20,0,20,0,0.666666666666667,0.000852537817563883,0.00135002346708456,0,0.00135002346708456,NaN,0,-0.0624687013294079,0,0.00147921947920905,0.00184493135904375,0.00184493135904375,NaN,0,400,36,472,472,284,188,168,11,68,11,7825,179,30,30,30,30,30,30,30,30,30,0,20
LIRCMOP10_BC,2,ref_y,46,30,1,0.1,30,0,0.00210706091677808,0.0057742420067886,30,20,4,0.00155998128022464,100,0.230399202590145,0.402988362401808,0,20,0,20,0,0.666666666666667,0.000472756116477244,0.000865672624212018,0,0.000865672624212018,NaN,1,0.045646811338132,0,0.00627547556041879,0.00958109823554039,0.00958109823554039,NaN,0,400,30,460,460,272,188,161,11,56,10,7193,102,30,30,30,30,30,30,30,30,30,0,20
LIRCMOP10_BC,2,ref_y,47,39,1,0.13,39,0,0.00277780196066223,0.010240530136168,39,20,4,0.00202797566429203,82.0512820512821,0.270465928006898,0.427821882736877,0,20,0,20,17,0.512820512820513,6.91398168053324e-06,6.14672722679817e-05,0,0.00145758097645153,NaN,0.75,0.0771946601319856,0.153846153846154,0.00784270283467861,0.0175558897420271,0.0175558897420271,NaN,0.85,400,30,460,460,275,185,169,14,76,14,5461,65,39,39,39,39,39,39,39,39,39,0,20
LIRCMOP10_BC,2,ref_y,48,36,1,0.12,36,0,0.00239989002929877,0.00868837993692429,36,20,4,0.00187197753626956,88.8888888888889,0.346843558584721,0.512157831821829,0,20,0,20,20,0.555555555555556,6.23496550181842e-06,1.74011010795331e-05,0,0.00159125751521802,NaN,0.8,0.026338023740227,0.166666666666667,0.0103504057344725,0.0185087437488556,0.0185087437488556,NaN,1,400,39,478,478,282,196,174,13,58,12,7965,90,36,36,36,36,36,36,36,36,36,0,20
LIRCMOP10_BC,2,ref_y,49,36,1,0.12,36,0,0.00262822794537581,0.0095741705146101,36,20,4,0.00187197753626956,88.8888888888889,0.337961953482119,0.522739962469261,0,20,0,20,20,0.555555555555556,6.08561767380805e-06,3.16678020598943e-05,0,0.00169932568656464,NaN,0.35,-0.0264395872822826,0.166666666666667,0.010543788939466,0.0190433088233423,0.0190433088233423,NaN,1,400,36,472,472,295,177,180,13,64,13,6910,110,36,36,36,36,36,36,36,36,36,0,20
LIRCMOP10_BC,2,ref_y,50,33,1,0.11,33,0,0.0026031214282756,0.00915346637908275,33,20,4,0.0017159794082471,96.969696969697,0.283029895864654,0.408367340537978,0,20,0,20,20,0.606060606060606,8.26669335112994e-06,8.98436813919449e-05,0,0.00164254498032394,NaN,0.1,-0.0597504685227815,0.181818181818182,0.0106941261643706,0.0194962250142404,0.0194962250142404,NaN,1,400,36,472,472,275,197,167,12,58,11,6397,89,33,33,33,33,33,33,33,33,33,0,20
LIRCMOP10_BC,2,ref_y,51,42,1,0.14,42,0,0.00368874480184329,0.0138853889408509,42,20,4,0.00218397379231449,76.1904761904762,0.338471193639975,0.498352675693808,0,20,0,20,20,0.476190476190476,7.34000327852476e-06,3.9513853563943e-05,0,0.00167776837984783,NaN,0,-0.0976543832415202,0.142857142857143,0.0072784324730277,0.0151044003686108,0.0151044003686108,NaN,1,400,33,466,466,269,197,163,15,67,14,4948,126,42,42,42,42,42,42,42,42,42,0,20
LIRCMOP10_BC,2,ref_y,52,33,1,0.11,33,0,0.0023421338096631,0.00824592312947061,33,20,4,0.0017159794082471,96.969696969697,0.346843558584721,0.502183314310221,0,20,0,20,20,0.606060606060606,8.83535536311119e-05,0.000178245828854046,0,0.00167811690922018,NaN,0.7,0.0334437204196433,0.181818181818182,0.0103025057451829,0.0208085500896917,0.0208085500896917,NaN,1,400,42,484,484,278,206,170,12,60,11,7732,164,33,33,33,33,33,33,33,33,33,0,20
LIRCMOP10_BC,2,ref_y,53,45,1,0.15,45,0,0.00302028396467033,0.0108593146483911,45,20,4,0.00233997192033696,71.1111111111111,0.338217371382366,0.498352675693808,0,20,0,20,20,0.444444444444444,1.00139134455152e-05,0.000131163487199581,0,0.001785560637454,NaN,0.35,-0.00778976674739623,0.133333333333333,0.0113885857930183,0.0206386763961539,0.0206386763961539,NaN,1,400,33,466,466,266,200,162,16,66,15,6290,69,45,45,45,45,45,45,45,45,45,0,20
LIRCMOP10_BC,2,ref_y,54,45,1,0.15,45,0,0.00296370658057263,0.010583895876256,45,20,4,0.00233997192033696,71.1111111111111,0.338217371382366,0.498352675693808,0,20,0,20,20,0.444444444444444,5.42393330706152e-05,0.000136096813370843,0,0.0017765700636665,NaN,0.05,-0.0775885395566847,0.133333333333333,0.00825331977385893,0.0190896372645266,0.0190896372645266,NaN,1,400,45,490,490,271,219,167,16,64,15,6547,108,45,45,45,45,45,45,45,45,45,0,20
LIRCMOP10_BC,2,ref_y,55,39,1,0.13,39,0,0.00242469684551803,0.00835806559708924,39,20,4,0.00202797566429203,82.0512820512821,0.283029895864654,0.367999389232787,0,20,0,20,20,0.512820512820513,3.72540059958493e-05,0.000143624825645182,0,0.00181126887247855,NaN,0,-0.14113567540997,0.153846153846154,0.0103407383767737,0.0206685716536489,0.0206685716536489,NaN,1,400,45,490,490,287,203,174,14,56,13,7252,117,39,39,39,39,39,39,39,39,39,0,20
LIRCMOP10_BC,2,ref_y,56,39,1,0.13,39,0,0.00304685079675061,0.0117335398996826,39,20,4,0.00202797566429203,82.0512820512821,0.313095364522371,0.494742731658101,0,20,0,20,20,0.512820512820513,8.7931560348634e-05,0.000150747675021605,0,0.00185755949122741,NaN,0.45,-0.00457465537718535,0.153846153846154,0.0078442329301395,0.0154913635338436,0.0154913635338436,NaN,1,400,39,478,478,281,197,170,14,64,13,6076,43,39,39,39,39,39,39,39,39,39,0,20
LIRCMOP10_BC,2,ref_y,57,39,1,0.13,39,0,0.00262901144494315,0.00933206256514577,39,20,4,0.00202797566429203,82.0512820512821,0.208426648726923,0.445758946013727,0,20,0,20,20,0.512820512820513,0.000151189779260493,0.000213043973876195,0,0.00187373049362595,NaN,0.65,0.0230281347699866,0.153846153846154,0.0109315234376573,0.0199399966702704,0.0199399966702704,NaN,1,400,39,478,478,292,186,176,14,63,14,6651,113,39,39,39,39,39,39,39,39,39,0,20
LIRCMOP10_BC,2,ref_y,58,32,1,0.11,32,0,0.00194553050178983,0.00635303991471164,32,20,4,0.00166398003223961,100,0.294352402576458,0.66426280296974,0,20,0,20,20,0.625,0.000722119032457033,0.000767921346779166,0,0.00191325654849267,NaN,0,-0.161897296248731,0.181818181818182,0.0097877825573178,0.0165673041817119,0.0165673041817119,NaN,1,400,39,478,478,304,174,172,13,53,12,7674,42,36,36,36,36,32,32,32,32,32,0,20
LIRCMOP10_BC,2,ref_y,59,30,1,0.1,30,0,0.0018644185768239,0.00608692709982194,30,20,4,0.00155998128022464,100,0.208426648726923,0.676851849000323,0,20,0,20,20,0.666666666666667,0.000722718468216898,0.000761850002940037,0,0.00177005912856628,NaN,1,0.0659557239885813,0.2,0.00938193305759412,0.0181276099194433,0.0181276099194433,NaN,1,400,32,464,464,304,160,179,12,59,12,7218,29,33,33,33,33,30,30,30,30,30,0,20
LIRCMOP10_BC,2,ref_y,60,32,1,0.11,32,0,0.0023365665924837,0.00551411632128861,32,20,4,0.00166398003223961,100,0.213419120692906,0.956570081674316,0,20,0,20,18,0.625,0.00817022541285888,0.0197666087006302,0,0.0200384683277136,NaN,1,0.0344637129425597,0.181818181818182,0.0136316110434327,0.0280686552836845,0.0280686552836845,NaN,0.9,400,30,460,460,314,146,190,14,59,13,4877,8,39,39,39,39,32,32,32,32,32,0,20
LIRCMOP10_BC,2,ref_y,61,42,1,0.14,42,0,0.00253700622991234,0.00954722933374697,42,20,4,0.00218397379231449,76.1904761904762,0.25064660192236,0.699213631502138,0,20,0,20,20,0.476190476190476,0.000411605604599753,0.000496719350968574,0,0.00179811129664658,NaN,1,0.0286677456318801,0.142857142857143,0.00823967873317832,0.0189598841862124,0.0189598841862124,NaN,1,400,32,464,464,295,169,174,16,62,15,4794,17,45,45,45,45,42,42,42,42,42,0,20
LIRCMOP10_BC,2,ref_y,62,36,1,0.12,36,0,0.00221764930685306,0.00753774641492112,36,20,4,0.00187197753626956,88.8888888888889,0.235452227726394,0.730449800338727,0,20,0,20,20,0.555555555555556,0.000512533896408671,0.000582137858010104,0,0.0017930800517651,NaN,1,0.0929189949470285,0.166666666666667,0.0100983463403207,0.0205497772266446,0.0205497772266446,NaN,1,400,42,484,484,312,172,189,14,58,13,7158,33,39,39,39,39,36,36,36,36,36,0,20
LIRCMOP10_BC,2,ref_y,63,30,1,0.1,30,0,0.00134398848199613,0.00345014693141012,30,20,4,0.00155998128022464,100,0.203487403284746,0.757121253272968,0,20,0,20,20,0.666666666666667,0.00106366887038708,0.00114646650051905,0,0.0016631218750295,NaN,0.95,0.0888933234151105,0.2,0.00935226737746899,0.0180759310784049,0.0180759310784049,NaN,1,400,36,472,472,301,171,174,13,54,12,6695,16,36,36,36,36,30,30,30,30,30,0,20
LIRCMOP10_BC,2,ref_y,64,30,1,0.1,30,0,0.00164557159331715,0.00427622477053787,30,20,4,0.00155998128022464,100,0.25138952565169,0.8131656831356,0,20,0,20,16,0.666666666666667,0.000277432022680918,0.000571822060716949,0,0.00123683872882339,NaN,0.9,0.0580957629389855,0.2,0.00907773520091734,0.0176526247211862,0.0176526247211862,NaN,0.8,400,30,460,460,319,141,200,13,56,12,5674,27,36,36,36,36,30,30,30,30,30,0,20
LIRCMOP10_BC,2,ref_y,65,36,1,0.12,36,0,0.00153526765174388,0.00380865459593646,36,20,4,0.00187197753626956,88.8888888888889,0.208426648726923,0.386952241413276,0,20,0,20,20,0.555555555555556,0.165074181946555,0.314175289614316,0,0.317562529261927,NaN,1,0.00881750960200525,0.166666666666667,0.182617669352542,0.324805663297031,0.324805663297031,NaN,1,400,30,460,460,319,141,200,15,54,14,7024,21,42,42,42,42,36,36,36,36,36,0,20
LIRCMOP10_BC,2,ref_y,66,30,1,0.1,30,0,0.0013730536587414,0.00377955942856496,30,20,4,0.00155998128022464,100,0.245728272295789,0.801405696600079,0,20,0,20,0,0.666666666666667,0.000203939601893949,0.000632680749801226,0,0.000632680749801226,NaN,1,0.142791416353148,0,0.00601383861312414,0.00780634972694964,0.00780634972694964,NaN,0,400,36,472,472,311,161,190,12,49,11,8082,30,33,33,33,33,30,30,30,30,30,0,20
LIRCMOP10_BC,2,ref_y,67,33,1,0.11,33,0,0.00145559059910285,0.0041777093545845,33,20,4,0.0017159794082471,96.969696969697,0.208426648726923,0.801506483538053,0,20,0,20,10,0.606060606060606,4.65138745086754e-05,0.000393913727542117,0,0.000809711794259246,NaN,0.95,0.152897805114323,0.181818181818182,0.0101024983438106,0.0165371270904354,0.0165371270904354,NaN,0.5,400,30,460,460,302,158,176,13,51,12,7071,73,36,36,36,36,33,33,33,33,33,0,20
LIRCMOP10_BC,2,ref_y,68,36,1,0.12,36,0,0.001742520847124,0.00537248827102959,36,20,4,0.00187197753626956,88.8888888888889,0.207687073220789,0.730449800338727,0,20,0,20,10,0.555555555555556,6.57680071988238e-05,0.000775445293795836,0,0.000858743875633964,NaN,0.9,0.159678485437362,0.166666666666667,0.00665559913349757,0.0105823680267758,0.0105823680267758,NaN,0.5,400,33,466,466,314,152,160,15,74,15,5051,51,42,42,42,42,36,36,36,36,36,0,20
LIRCMOP10_BC,2,ref_y,69,33,1,0.11,33,0,0.00105687326902264,0.00345946690061676,33,20,4,0.0017159794082471,96.969696969697,0.230752231623416,0.783792706207209,0,20,0,20,19,0.606060606060606,0.000536709235425224,0.000803521041210487,0,0.00146378142462253,NaN,1,0.367149160284772,0.181818181818182,0.00921199452873601,0.0154913061482048,0.0154913061482048,NaN,0.95,400,36,472,472,302,170,169,14,55,13,6381,46,39,39,39,39,33,33,33,33,33,0,20
LIRCMOP10_BC,2,ref_y,70,33,1,0.11,33,0,0.00157961690310679,0.00595140316814999,33,20,4,0.0017159794082471,96.969696969697,0.208426648726923,0.73651364218214,0,20,0,20,8,0.606060606060606,6.3332808038499e-05,0.00076353026233101,0,0.000814438952643893,NaN,0.95,0.0572076470561353,0.181818181818182,0.00529435699105769,0.00785180744412948,0.00785180744412948,NaN,0.4,400,33,466,466,281,185,181,14,66,13,4505,28,39,39,39,39,33,33,33,33,33,0,20
LIRCMOP10_BC,2,ref_y,71,27,1,0.09,27,0,0.00109537579772764,0.00342087907474643,27,20,4,0.00140398315220217,100,0.208426648726923,0.780363816116987,0,20,0,20,7,0.740740740740741,0.00531958363617899,0.00758578255259691,0,0.00759374781862562,NaN,1,0.163287003503937,0.222222222222222,0.00827315739695906,0.0115594716445815,0.0115594716445815,NaN,0.35,400,33,466,466,279,187,166,12,53,11,6892,39,33,33,33,33,27,27,27,27,27,0,20
LIRCMOP10_BC,2,ref_y,72,27,1,0.09,27,0,0.00115365516242925,0.00345845620125996,27,20,4,0.00140398315220217,100,0.208426648726923,0.817720652188487,0,20,0,20,8,0.740740740740741,0.000130840974857971,0.000385808716168237,0,0.000678361724069762,NaN,0.95,0.295131116496631,0.222222222222222,0.00939971615996201,0.0159864432763292,0.0159864432763292,NaN,0.4,400,27,454,454,261,193,157,12,60,12,5768,2,33,33,33,33,27,27,27,27,27,0,20
LIRCMOP10_BC,2,ref_y,73,30,1,0.1,30,0,0.00152010053507312,0.00428186731499373,30,20,4,0.00155998128022464,100,0.248099039136317,0.691100503899344,0,20,0,20,6,0.666666666666667,0.00018311775228158,0.0189886970656918,0,0.0219350256610048,NaN,0.7,0.0694464427603225,0.2,0.00134887016596578,0.0247295872660135,0.0247295872660135,NaN,0.3,400,27,454,454,271,183,148,13,60,12,4253,16,36,36,36,36,30,30,30,30,30,0,20
LIRCMOP10_BC,2,ref_y,74,33,1,0.11,33,0,0.00189029465420036,0.00597610113825481,33,20,4,0.0017159794082471,96.969696969697,0.28777142954571,0.749600368007743,0,20,0,20,17,0.606060606060606,0.000440769330445748,0.000680824572085071,0,0.00151393059268607,NaN,0.95,0.160851150646915,0.181818181818182,0.00792700846804861,0.0169944180973209,0.0169944180973209,NaN,0.85,400,30,460,460,271,189,162,14,65,13,4129,66,39,39,39,39,33,33,33,33,33,0,20
LIRCMOP10_BC,2,ref_y,75,33,1,0.11,33,0,0.00222060089515096,0.00587394402251021,33,20,4,0.0017159794082471,96.969696969697,0.261339967453645,0.749600368007743,0,20,0,20,13,0.606060606060606,0.000204319487135342,0.000584109573183222,0,0.00126494796671087,NaN,1,0.388190261676394,0.181818181818182,0.00855250365782293,0.0130908275618452,0.0130908275618452,NaN,0.65,400,33,466,466,292,174,164,14,72,13,4256,48,39,39,39,39,33,33,33,33,33,0,20
LIRCMOP10_BC,2,ref_y,76,33,1,0.11,33,0,0.00207948901291238,0.00414825207626943,33,20,4,0.0017159794082471,96.969696969697,0.261339967453645,0.749600368007743,0,20,0,20,4,0.606060606060606,0.00340221947764919,0.00724813267668622,0,0.00724813267668622,NaN,0.1,-0.0251048325514614,0.181818181818182,0.00997707201843352,0.0150347122416647,0.0150347122416647,NaN,0.2,400,33,466,466,284,182,153,14,69,14,4825,56,39,39,39,39,33,33,33,33,33,0,20
LIRCMOP10_BC,2,ref_y,77,39,1,0.13,39,0,0.0034944225705114,0.0127854384272162,39,20,4,0.00202797566429203,82.0512820512821,0.460864113706729,0.813335327768764,0,20,0,20,13,0.512820512820513,0.000530662574014424,0.00130555957980174,0,0.00168881541096137,NaN,0,-0.258174637753861,0.153846153846154,0.00839873898608658,0.0132317350726451,0.0132317350726451,NaN,0.65,400,33,466,466,292,174,184,15,70,14,4268,58,42,42,42,42,39,39,39,39,39,0,20
LIRCMOP10_BC,2,ref_y,78,45,1,0.15,45,0,0.00274128871897907,0.0124890452494465,45,20,4,0.00233997192033696,71.1111111111111,0.552929359425033,0.829886568897549,0,20,0,20,19,0.444444444444444,0.000439932059900186,0.000998644905544454,0,0.00199420068309069,NaN,1,0.0529967872489113,0.133333333333333,0.0122702482111132,0.0214153499228835,0.0214153499228835,NaN,0.95,400,39,478,478,304,174,184,17,72,16,5653,151,48,48,48,48,45,45,45,45,45,0,20
LIRCMOP10_BC,2,ref_y,79,36,1,0.12,36,0,0.00220143219445114,0.00965652283395364,36,20,4,0.00187197753626956,88.8888888888889,0.549742133474645,0.783773442825746,0,20,0,20,20,0.555555555555556,0.000674026002694002,0.000778566847212413,0,0.0018841395822989,NaN,0.3,-0.0220733121453317,0.166666666666667,0.00800051179162155,0.0132863172831418,0.0132863172831418,NaN,1,400,45,490,490,324,166,192,14,63,13,6201,177,39,39,39,39,36,36,36,36,36,0,20
LIRCMOP10_BC,2,ref_y,80,45,1,0.15,45,0,0.0029402337475798,0.0123268535828698,45,20,4,0.00233997192033696,71.1111111111111,0.407488203775003,0.730449800338727,0,20,0,20,3,0.444444444444444,0.0024470547216296,0.00518264773567343,0,0.00580533914438242,NaN,0.7,0.039175677992323,0.133333333333333,0.0123246546763654,0.0220485174453604,0.0220485174453604,NaN,0.15,400,36,472,472,303,169,186,17,67,16,5552,106,48,48,48,48,45,45,45,45,45,0,20
LIRCMOP10_BC,2,ref_y,81,45,1,0.15,45,0,0.00345419185628857,0.0150469561886185,45,20,4,0.00233997192033696,71.1111111111111,0.629396992960278,0.829886568897549,0,20,0,20,12,0.444444444444444,0.00227361322188134,0.00536142329214076,0,0.00624988931817298,NaN,0.6,0.0236555065250741,0.133333333333333,0.0137879678733334,0.0200319905547951,0.0200319905547951,NaN,0.6,400,45,490,490,320,170,193,17,72,16,5171,97,48,48,48,48,45,45,45,45,45,0,20
LIRCMOP10_BC,2,ref_y,82,39,1,0.13,39,0,0.00245551863980689,0.00916471159962269,39,20,4,0.00202797566429203,82.0512820512821,0.407488203775003,0.829886568897549,0,20,0,20,18,0.512820512820513,0.00125229265516761,0.00189142820401621,0,0.00259236506916139,NaN,1,0.0711436005306846,0.153846153846154,0.00834039538033801,0.0153134784476253,0.0153134784476253,NaN,0.9,400,45,490,490,323,167,198,16,68,15,6905,178,45,45,45,45,39,39,39,39,39,0,20
LIRCMOP10_BC,2,ref_y,83,33,1,0.11,33,0,0.00124226776922245,0.00321590839668064,33,20,4,0.0017159794082471,96.969696969697,0.251586000924658,0.591197834403658,0,20,0,20,20,0.606060606060606,0.0180918431495216,0.0187388810379819,0,0.0190812905106107,NaN,0.5,0.00594590161332831,0.181818181818182,0.0208342495706892,0.025209353333432,0.025209353333432,NaN,1,400,39,478,478,303,175,177,14,56,13,7937,53,39,39,39,39,33,33,33,33,33,0,20
LIRCMOP10_BC,2,ref_y,84,42,1,0.14,42,0,0.00371755902757367,0.0105127163580606,42,20,4,0.00218397379231449,76.1904761904762,0.367191366826241,0.730449800338727,0,20,0,20,14,0.476190476190476,0.00109627087781455,0.00114532183994154,0,0.00213752277099077,NaN,0.7,0.0656664969805635,0.142857142857143,0.0112499771171514,0.016289399496208,0.016289399496208,NaN,0.7,400,33,466,466,316,150,181,20,81,19,2205,49,57,57,57,57,42,42,42,42,42,0,20
LIRCMOP10_BC,2,ref_y,85,33,1,0.11,33,0,0.00188422746125265,0.00561807859149453,33,20,4,0.0017159794082471,96.969696969697,0.287164423984057,0.731231312133377,0,20,0,20,20,0.606060606060606,0.00126802848055566,0.00168221404013878,0,0.00242906035747098,NaN,1,0.143660784693431,0.181818181818182,0.00864860626668159,0.0202103507695506,0.0202103507695506,NaN,1,400,42,484,484,302,182,182,14,66,13,6650,90,39,39,39,39,33,33,33,33,33,0,20
LIRCMOP10_BC,2,ref_y,86,30,1,0.1,30,0,0.00127605931135511,0.00270766693240182,30,20,4,0.00155998128022464,100,0.263668680337809,0.513798424809325,0,20,0,20,0,0.666666666666667,0.00319636233254565,0.00393666399707707,0,0.00430776164921674,NaN,1,0.116574051944973,0,0.0107439635175996,0.0194463367981959,0.0194463367981959,NaN,0,400,33,466,466,290,176,178,13,60,12,7297,53,36,36,36,36,30,30,30,30,30,0,20
LIRCMOP10_BC,2,ref_y,87,27,1,0.09,27,0,0.00126291637167692,0.00186499281681875,27,20,4,0.00140398315220217,100,0.208426648726923,0.694602133863676,0,20,0,20,20,0.740740740740741,0.00133374174068809,0.00152615756531467,0,0.0019905683112718,NaN,1,0.053415724515935,0.222222222222222,0.0121038634320967,0.0205970736013314,0.0205970736013314,NaN,1,400,30,460,460,285,175,161,12,55,11,6730,23,33,33,33,33,27,27,27,27,27,0,20
LIRCMOP10_BC,2,ref_y,88,30,1,0.1,30,0,0.00173733611443312,0.00350363547873031,30,20,4,0.00155998128022464,100,0.23000632482579,0.641616819410509,0,20,0,20,17,0.666666666666667,0.0011586339593981,0.00134365555710731,0,0.00197001055823926,NaN,1,0.057989102061248,0.2,0.00844376017968527,0.0173181311723703,0.0173181311723703,NaN,0.85,400,27,454,454,282,172,176,14,66,13,4864,12,39,39,39,39,30,30,30,30,30,0,20
LIRCMOP10_BC,2,ref_y,89,24,1,0.08,24,0,0.00111385701513337,0.00217158482617268,24,20,4,0.00124798502417971,100,0.269375212454358,0.681372574073195,0,20,0,20,20,0.833333333333333,0.00121180615177355,0.00137548372231656,0,0.00182556540649387,NaN,1,0.0780061356067948,0.25,0.0101559161728398,0.0187140656207934,0.0187140656207934,NaN,1,400,30,460,460,296,164,136,11,60,11,5282,13,30,30,30,30,24,24,24,24,24,0,20
LIRCMOP10_BC,2,ref_y,90,30,1,0.1,30,0,0.0022095208112949,0.00686338821341535,30,20,4,0.00155998128022464,100,0.345350267960447,0.75711795748151,0,20,0,20,2,0.666666666666667,0.00077808483926082,0.00162063302793856,0,0.00186887599923718,NaN,0.5,0.00369267135098755,0.2,0.00233967838332302,0.00988411589441847,0.00988411589441847,NaN,0.1,400,24,448,448,291,157,145,13,68,12,3304,33,36,36,36,36,30,30,30,30,30,0,20
LIRCMOP10_BC,2,ref_y,91,33,1,0.11,33,0,0.00343027073566,0.0199406014900431,33,20,4,0.0017159794082471,96.969696969697,0.305298281189062,0.814459391724597,0,20,0,20,16,0.606060606060606,0.000154979763340045,0.000422733791209113,0,0.0017476946094987,NaN,0.85,0.0982696846233075,0.363636363636364,0.00917418887207636,0.0128349283839357,0.0128349283839357,NaN,0.8,400,30,460,460,287,173,184,17,85,17,2562,114,46,46,46,46,33,33,33,33,33,0,20
LIRCMOP10_BC,2,ref_y,92,27,1,0.09,27,0,0.00189777000726788,0.00394620888881751,27,20,4,0.00140398315220217,100,0.287164423984057,0.790524631610609,0,20,0,20,20,0.740740740740741,0.00135540915316757,0.0014369726548987,0,0.00206365671344145,NaN,0.9,0.0187861734528483,0.222222222222222,0.00868603686052248,0.0194422096894752,0.0194422096894752,NaN,1,400,33,466,466,293,173,172,14,58,12,4868,33,36,36,36,36,27,27,27,27,27,0,20
LIRCMOP10_BC,2,ref_y,93,24,1,0.08,24,0,0.0010297858186698,0.00295610787094167,24,20,4,0.00124798502417971,100,0.33095808747601,0.885254188106393,0,20,0,20,20,0.833333333333333,0.0012099970152837,0.00124574540162595,0,0.00208669484011817,NaN,0.35,-0.0278403439588791,0.25,0.0133066889762049,0.0211962025535663,0.0211962025535663,NaN,1,400,27,454,454,292,162,175,12,48,10,7895,29,30,30,30,30,24,24,24,24,24,0,20
LIRCMOP10_BC,2,ref_y,94,33,1,0.11,33,0,0.00193671393051915,0.00696238809118087,33,20,4,0.0017159794082471,96.969696969697,0.436638273599306,0.822132764247865,0,20,0,20,18,0.606060606060606,0.00112558848955534,0.00466347232599,0,0.00479853046717316,NaN,0.85,0.0339865900030092,0.181818181818182,0.00858543113727994,0.0187736481774015,0.0187736481774015,NaN,0.9,400,24,448,448,286,162,174,15,56,13,4870,26,39,39,39,39,33,33,33,33,33,0,20
LIRCMOP10_BC,2,ref_y,95,24,1,0.08,24,0,0.00096531340515813,0.00168400356521548,24,20,4,0.00124798502417971,100,0.277708706618589,0.567672021656623,0,20,0,20,15,0.833333333333333,0.00113387838652351,0.00166118413241133,0,0.00175519382313892,NaN,0.65,0.0252936536191115,0.25,0.012511523687312,0.0187604152347222,0.0187604152347222,NaN,0.75,400,33,466,466,295,171,188,12,41,10,9399,14,30,30,30,30,24,24,24,24,24,0,20
LIRCMOP10_BC,2,ref_y,96,21,1,0.07,21,0,0.000903398077216007,0.00175276067262044,21,20,4,0.00109198689615725,100,0.374751750967963,0.730449800338727,0,20,0,20,16,0.952380952380952,0.00122396490242156,0.00159460284122892,0,0.00174026257794082,NaN,1,0.0669804167850146,0.285714285714286,0.011559245596352,0.016834792759793,0.016834792759793,NaN,0.8,400,24,448,448,297,151,173,13,50,11,5317,12,33,33,33,33,21,21,21,21,21,0,20
LIRCMOP10_BC,2,ref_y,97,30,1,0.1,30,0,0.00162711914227597,0.00527640209618961,30,20,4,0.00155998128022464,100,0.385265012762044,0.721607592982758,0,20,0,20,20,0.666666666666667,0.00091133462207604,0.00107463810140583,0,0.00209534146125849,NaN,1,0.17582036755669,0.2,0.00900180505401782,0.0168870552409779,0.0168870552409779,NaN,1,400,21,442,442,279,163,162,14,56,12,4077,7,36,36,36,36,30,30,30,30,30,0,20
LIRCMOP10_BC,2,ref_y,98,24,1,0.08,24,0,0.00100721577355111,0.00218060557115021,24,20,4,0.00124798502417971,100,0.329737708646531,0.681372574073195,0,20,0,20,18,0.833333333333333,0.00609424459140999,0.00812344658312279,0,0.00826941814110512,NaN,0.85,0.0298517138845821,0.25,0.0136295026799125,0.0222640878190752,0.0222640878190752,NaN,0.9,400,30,460,460,308,152,202,12,46,10,7810,10,30,30,30,30,24,24,24,24,24,0,20
LIRCMOP10_BC,2,ref_y,99,24,1,0.08,24,0,0.00104043232494793,0.00288927101031935,24,20,4,0.00124798502417971,100,0.312367276558168,0.730449800338727,0,20,0,20,20,0.833333333333333,0.000911546176309715,0.00106040395209301,0,0.00169346909823484,NaN,0.25,-0.0662932272699763,0.25,0.012849063848035,0.0209373754423528,0.0209373754423528,NaN,1,400,24,448,448,300,148,189,11,39,9,9686,0,27,27,27,27,24,24,24,24,24,0,20
LIRCMOP10_BC,2,ref_y,100,21,1,0.07,21,0,0.000878910160414614,0.00152026510302812,21,20,4,0.00109198689615725,100,0.332766951590932,0.730449800338727,0,20,0,20,3,0.952380952380952,0.0004858050068178,0.00373747638204739,0,0.00586629645348112,NaN,1,0.0650185954719547,0.285714285714286,0.00234427161325159,0.00995420480034003,0.00995420480034003,NaN,0.15,400,24,448,448,290,158,185,12,44,10,8219,3,30,30,30,30,21,21,21,21,21,0,20
LIRCMOP10_BC,2,ref_y,101,36,1,0.12,36,0,0.00240283736742033,0.00805963386940971,36,20,4,0.00187197753626956,88.8888888888889,0.404022377454135,0.467985659300692,0,20,0,20,1,0.555555555555556,0.00168615274210309,0.00235018933913437,0,0.00235018933913437,NaN,0.15,-0.0501328049625952,0.166666666666667,0.00263237108929812,0.00580490611746889,0.00580490611746889,NaN,0.05,400,21,442,442,304,138,179,16,62,14,3817,33,42,42,42,42,36,36,36,36,36,0,20
LIRCMOP10_BC,2,ref_y,102,30,1,0.1,30,0,0.00217565932148647,0.00876117495567997,30,20,4,0.00155998128022464,100,0.366681995582527,0.721607592982758,0,20,0,20,0,0.666666666666667,0.0011502916285023,0.0012234129453036,0,0.0012234129453036,NaN,0.05,-0.0627084372660471,0,0.00312554599188947,0.00515330946998111,0.00515330946998111,NaN,0,400,36,472,472,309,163,212,14,67,14,6589,60,37,37,37,37,30,30,30,30,30,0,20
LIRCMOP10_BC,2,ref_y,103,32,1,0.11,32,0,0.00184203837507274,0.00673425331933635,32,20,4,0.00166398003223961,100,0.331769898454207,0.592950086543643,0,20,0,20,0,0.625,0.000139327680278581,0.000337308489263005,0,0.000337308489263005,NaN,0.05,-0.0260821875022791,0,0.0074707792216514,0.00918609148149281,0.00918609148149281,NaN,0,400,30,460,460,298,162,187,14,51,12,5741,18,36,36,36,36,32,32,32,32,32,0,20
LIRCMOP10_BC,2,ref_y,104,27,1,0.09,27,0,0.00120905856927997,0.00521456913743681,27,20,4,0.00140398315220217,100,0.331769898454207,0.6846599969914,0,20,0,20,0,0.740740740740741,0.000475800702945459,0.00113306872924432,0,0.00113306872924432,NaN,0.6,0.0106315277168066,0,0.0047063383326691,0.00702544518203298,0.00702544518203298,NaN,0,400,32,464,464,305,159,176,13,65,13,6450,16,33,33,33,33,27,27,27,27,27,0,20
LIRCMOP10_BC,2,ref_y,105,30,1,0.1,30,0,0.00115180283859177,0.00320893464486798,30,20,4,0.00155998128022464,100,0.338448216159552,0.489038891019006,0,20,0,20,1,0.666666666666667,0.000633293555771533,0.00102165789096775,0,0.0010678802015422,NaN,0.95,0.0341791692849502,0.2,0.00424651787519615,0.00584962047369987,0.00584962047369987,NaN,0.05,400,27,454,454,305,149,168,14,59,14,5633,53,39,39,39,39,30,30,30,30,30,0,20
LIRCMOP10_BC,2,ref_y,106,27,1,0.09,27,0,0.00104962042060357,0.00356457602624202,27,20,4,0.00140398315220217,100,0.389732008335046,0.687274393496769,0,20,0,20,0,0.740740740740741,0.00106399832252659,0.00129150106977421,0,0.00129150106977421,NaN,0.25,-0.0438852181148837,0,0.00765045119267606,0.0126359361026855,0.0126359361026855,NaN,0,400,30,460,460,310,150,182,12,50,10,9556,0,30,30,30,30,27,27,27,27,27,0,20
LIRCMOP10_BC,2,ref_y,107,24,1,0.08,24,0,0.00109603807946863,0.00237514861556812,24,20,4,0.00124798502417971,100,0.269375212454358,0.681372574073195,0,20,0,20,3,0.833333333333333,0.00147003847489119,0.00412141109870119,0,0.00679799570314673,NaN,1,0.062380052450768,0.25,0.00202660960429224,0.009673369247122,0.009673369247122,NaN,0.15,400,27,454,454,299,155,186,12,51,12,6520,12,32,32,32,32,24,24,24,24,24,0,20
LIRCMOP10_BC,2,ref_y,108,27,1,0.09,27,0,0.00104813828986946,0.00295796552445441,27,20,4,0.00140398315220217,100,0.308084241779966,0.6846599969914,0,20,0,20,0,0.740740740740741,0.000597135903498206,0.000682856507831949,0,0.000682856507831949,NaN,1,0.0922343432675095,0,0.00831486267295543,0.0146491024586207,0.0146491024586207,NaN,0,400,24,448,448,311,137,184,12,44,10,9034,8,30,30,30,30,27,27,27,27,27,0,20
LIRCMOP10_BC,2,ref_y,109,24,1,0.08,24,0,0.00145635061573541,0.00399262428025594,24,20,4,0.00124798502417971,100,0.272315492030188,0.730449800338727,0,20,0,20,7,0.833333333333333,0.00149112166910724,0.0278478001467312,0,0.0303527564937647,NaN,1,0.129057660281028,0.25,0.00815727386811073,0.0344446026815099,0.0344446026815099,NaN,0.35,400,27,454,454,312,142,165,11,46,9,7273,33,27,27,27,27,24,24,24,24,24,0,20
LIRCMOP10_BC,2,ref_y,110,30,1,0.1,30,0,0.0014151659281615,0.00612034541650751,30,20,4,0.00155998128022464,100,0.296894832348395,0.660629092961871,0,20,0,20,2,0.666666666666667,0.00132360688631849,0.00193328528223688,0,0.00327083798871391,NaN,0.9,0.0614647650075661,0.2,0.00179372539020579,0.00798666352646327,0.00798666352646327,NaN,0.1,400,24,448,448,309,139,135,13,50,11,4183,3,33,33,33,33,30,30,30,30,30,0,20
LIRCMOP10_BC,2,ref_y,111,27,1,0.09,27,0,0.0027072541413359,0.00927888921196086,27,20,4,0.00140398315220217,100,0.459069270135675,0.908732725634433,0,20,0,20,0,0.740740740740741,0.000562291966867262,0.00114217631999778,0,0.00114217631999778,NaN,1,0.0199250829085462,0,0.00639197216410638,0.00839366201997161,0.00839366201997161,NaN,0,400,30,460,460,342,118,155,11,49,9,4313,31,27,27,27,27,27,27,27,27,27,0,20
LIRCMOP10_BC,2,ref_y,112,27,1,0.09,27,0,0.000933694386226701,0.00539651152854379,27,20,4,0.00140398315220217,100,0.240906578721708,0.723811273462414,0,20,0,20,20,0.740740740740741,0.000906536895813266,0.00165877123640047,0,0.00293833252991921,NaN,0.75,0.0245450158343958,0.222222222222222,0.0114741481274026,0.020186581685968,0.020186581685968,NaN,1,400,27,454,454,340,114,217,11,49,11,7574,13,30,30,30,30,27,27,27,27,27,0,20
LIRCMOP10_BC,2,ref_y,113,22,1,0.08,22,0,0.000881054692530173,0.00623143895950146,22,20,4,0.00114398627216473,100,0.208426648726923,0.979836568995962,0,20,0,20,20,0.909090909090909,0.000114874279932494,0.000241738360988716,0,0.00144122347383573,NaN,0.25,-0.0153371295997182,0.25,0.0105500111377541,0.0188881847923841,0.0188881847923841,NaN,1,400,27,454,454,351,103,177,10,45,8,5287,25,24,24,24,24,22,22,22,22,22,0,20
LIRCMOP10_BC,2,ref_y,114,18,1,0.06,18,0,0.00113906277817151,0.00217658687536549,18,20,4,0.000935988768134782,100,0.207932015275902,0.730449800338727,0,20,0,20,20,1.11111111111111,0.00904546743293811,0.0095051795561376,0,0.0095051795561376,NaN,1,0.0213701732648063,0.333333333333333,0.0112578083720904,0.0187643448398132,0.0187643448398132,NaN,1,400,22,444,444,341,103,94,11,62,9,2052,13,27,27,27,27,18,18,18,18,18,0,20
LIRCMOP10_BC,2,ref_y,115,16,1,0.06,16,0,0.000733749926387807,0.0052426592585556,16,20,4,0.000831990016119807,100,0.208426648726923,1.57541217616421,0,20,0,20,20,1.25,0.000743028320362485,0.00103252119032309,0,0.0015325163288017,NaN,0.05,-0.0367752658524672,0.5,0.00906084199048769,0.018333099254063,0.018333099254063,NaN,1,400,18,436,436,341,95,155,9,49,9,4350,17,24,24,24,24,16,16,16,16,16,0,20
LIRCMOP10_BC,2,ref_y,116,11,1,0.04,11,0,0.00574593044015549,0.0128853606602669,11,13,4,0.000571993136082367,100,0.323755709847034,1.58276031839711,0,3,10,13,0,1.18181818181818,0.0194855712254859,0.0232107927851698,0,0.0270384000196588,NaN,0.923076923076923,0.0378390754746404,0,0.0221646035650795,0.0270384000196588,0.0198425943167972,0.0270384000196588,0,400,16,432,432,344,88,125,6,45,4,2491,43,12,12,12,12,11,11,11,11,11,0,13
LIRCMOP10_BC,2,ref_y,117,15,1,0.05,15,0,0.00315864023144126,0.00844607519748281,15,17,4,0.000779990640112319,100,0.320510300854572,1.58276031839711,0,3,14,17,0,1.13333333333333,0.00144049768723417,0.00144729484875384,0,0.00338108371840681,NaN,0.882352941176471,0.042098960448082,0,0.00204741721200524,0.00340740093792111,0.00244260907386788,0.00343438255865181,0,400,11,422,422,348,74,191,7,45,5,4831,5,15,15,15,15,15,15,15,15,15,0,17
LIRCMOP10_BC,2,ref_y,118,15,1,0.05,15,0,0.00331664598848731,0.00842729000776494,15,19,4,0.000779990640112319,100,0.262732588290184,1.61119988604035,0,5,14,19,19,1.26666666666667,0.000236964642999936,0.000553040447444858,0,0.00578923801956818,NaN,0.894736842105263,0.0560764535853887,1,0.00289877290910445,0.00602375069677894,0.00362664057203888,0.00626328770072015,1,400,15,430,430,345,85,137,7,56,7,4655,10,18,18,18,18,15,15,15,15,15,0,19
LIRCMOP10_BC,2,ref_y,119,21,1,0.07,21,0,0.00347402949317739,0.007594445875242,21,20,4,0.00109198689615725,100,0.219069282523198,1.56293363001849,0,4,16,20,0,0.952380952380952,0.000874096139116497,0.000957252963418916,0,0.00399520342264277,NaN,1,0.0703666999840602,0,0.002867558682045,0.0040243272923313,0.00136835537558066,0.0041366410451426,0,400,15,430,430,336,94,134,9,55,7,6669,13,21,21,21,21,21,21,21,21,21,0,20
LIRCMOP10_BC,2,ref_y,120,33,1,0.11,33,0,0.00626797601839279,0.0145640050302699,33,20,4,0.0017159794082471,96.969696969697,0.177459247217983,0.524889399581492,0,9,11,20,14,0.606060606060606,0.000127543924634985,0.00028334865318305,0,0.0060120887783934,NaN,1,0.0579252750744303,0.454545454545455,0.00246095450885623,0.00621047428573109,0.00355533209410854,0.00641193442991114,0.7,400,21,442,442,321,121,188,13,76,11,4450,194,33,33,33,33,33,33,33,33,33,0,20
LIRCMOP10_BC,2,ref_y,121,15,1,0.05,15,0,0.00252470668999436,0.00338430633163212,15,17,4,0.000779990640112319,100,0.160162212615844,0.239184329676208,0,3,14,17,0,1.13333333333333,0.000277688066230973,0.000279566011167937,0,0.00353529201572131,NaN,1,0.0616268969088908,0,0.0018996465203644,0.00359375778876877,0.00113881812505553,0.00366264463991821,0,400,33,466,466,323,143,116,8,46,6,8488,30,18,18,18,18,15,15,15,15,15,0,17
LIRCMOP10_BC,2,ref_y,122,18,1,0.06,18,0,0.00237185717703243,0.00410494600104743,18,20,4,0.000935988768134782,100,0.163802129612586,0.249700136234125,0,3,17,20,0,1.11111111111111,0.00531022918085472,0.00876815074086052,0,0.0122934453660088,NaN,0.85,0.038715099981917,0,0.00664506287766154,0.0132710778341393,0.0125022314931006,0.0134364783436468,0,400,15,430,430,304,126,149,9,46,7,8239,49,21,21,21,21,18,18,18,18,18,0,20
LIRCMOP10_BC,2,ref_y,123,21,1,0.07,21,0,0.00223196787839041,0.00515693939379489,21,20,4,0.00109198689615725,100,0.142019905238652,0.232829502000305,0,4,16,20,0,0.952380952380952,0.000150544258711235,0.000157732508261986,0,0.00493511583494787,NaN,0.8,0.0256305648492404,0,0.00313848572635181,0.00497585160914483,0.00199925908274537,0.00502791163678901,0,400,18,436,436,296,140,129,10,62,8,6752,59,24,24,24,24,21,21,21,21,21,0,20
LIRCMOP10_BC,2,ref_y,124,19,1,0.07,19,0,0.00171996647761544,0.00679133264952311,19,20,4,0.00098798814414227,100,0.232829502000305,0.26887685619644,0,3,17,20,19,1.05263157894737,7.40325504787601e-05,8.50478388848595e-05,0,0.00505160545072323,NaN,0.75,0.0130100103107541,0.857142857142857,0.00397079528029097,0.00511037122283743,0.0022384564682889,0.0051514037483759,0.95,400,21,442,442,296,146,160,9,54,7,11204,58,21,21,21,21,19,19,19,19,19,0,20
LIRCMOP10_BC,2,ref_y,125,24,1,0.08,24,0,0.00165499065528585,0.00699438820716403,24,20,4,0.00124798502417971,100,0.154132085047734,0.374833623481838,0,3,17,20,4,0.833333333333333,0.000111328609183202,0.000147584632321556,0,0.00356423405889619,NaN,0.65,0.0130151701061101,0.375,0.00192232933944172,0.00374119555855006,0.00226421165447119,0.00384915351519199,0.2,400,19,438,438,285,153,171,10,66,10,11230,88,27,27,27,27,24,24,24,24,24,0,20
LIRCMOP10_BC,2,ref_y,126,27,1,0.09,27,0,0.00241943185637617,0.00549369152690844,27,20,4,0.00140398315220217,100,0.152537201218637,0.267138535342446,0,4,16,20,15,0.740740740740741,1.16277633800677e-05,0.000729009419838746,0,0.0032857503893692,NaN,0.4,-0.00434821384493984,0.888888888888889,0.00153815898121219,0.00477203921109673,0.00577561609143739,0.00213208636206296,0.75,400,24,448,448,286,162,184,12,63,10,12209,40,30,30,30,30,27,27,27,27,27,0,20
LIRCMOP10_BC,2,ref_y,127,21,1,0.07,21,0,0.00139194825364308,0.00403773442178769,21,20,4,0.00109198689615725,100,0.186652420364994,0.207339518468274,0,3,17,20,20,0.952380952380952,1.9565754033463e-05,2.58462907122947e-05,0,0.0019536212280889,NaN,0.8,0.0300672581133262,1,0.0012250961333304,0.00290517265922704,0.0037918731913581,0.00219952639216229,1,400,27,454,454,294,160,145,10,62,8,11037,23,24,24,24,24,21,21,21,21,21,0,20
LIRCMOP10_BC,2,ref_y,128,27,1,0.09,27,0,0.00345955986738111,0.0118012959603836,27,20,4,0.00140398315220217,100,0.195349019913534,0.209281390402291,0,4,16,20,0,0.740740740740741,0.000241998221283677,0.000260374964117226,0,0.0034876962860761,NaN,0.7,0.0408422807377714,0,0.0022250932177361,0.00351116189234959,0.00185013513020488,0.00351116189234959,0,400,21,442,442,291,151,163,12,76,12,11556,47,31,31,31,31,27,27,27,27,27,0,20
LIRCMOP10_BC,2,ref_y,129,45,1,0.15,45,0,0.00753299703314224,0.0201868672425565,45,20,4,0.00233997192033696,71.1111111111111,0.10454382138181,0.239483796786274,0,20,0,20,20,0.444444444444444,3.28366651961128e-06,3.39968130587827e-05,0,0.00139785632678578,357.730769248287,0.55,0.00062485092217706,0.133333333333333,0.00237442701565175,0.00376726244770226,0.00376726244770226,NaN,1,400,27,454,454,300,154,181,26,98,24,1095,161,51,51,51,51,45,45,45,45,45,0,20
LIRCMOP10_BC,2,ref_y,130,27,1,0.09,27,0,0.00305129457088915,0.00797587026585936,27,20,4,0.00140398315220217,100,0.154132085047734,0.214074175612787,0,4,16,20,20,0.740740740740741,7.22627420656775e-05,7.41610945431145e-05,0,0.00546967217328786,NaN,0.75,0.0215437053063464,1,0.00426097979567473,0.00558395133890905,0.00307020856555918,0.00567555061739578,1,400,45,490,490,318,172,195,12,77,12,17255,58,31,31,31,31,27,27,27,27,27,0,20
LIRCMOP10_BC,2,ref_y,131,42,1,0.14,42,0,0.00703471436005641,0.0195101640980539,42,20,4,0.00218397379231449,76.1904761904762,0.132527360094013,0.178063977295508,0,20,0,20,0,0.476190476190476,0.000264726123988121,0.000280915610758182,0,0.00326782192103467,NaN,1,0.00309035855918795,0,0.00120677623814721,0.00421259530636605,0.00421259530636605,NaN,0,400,27,454,454,301,153,173,23,88,15,2740,33,42,42,42,42,42,42,42,42,42,0,20
LIRCMOP10_BC,2,ref_y,132,55,1,0.2,55,0,0.0105439299477044,0.0342406956999962,55,20,4,0.00285996568041183,58.1818181818182,0.138330866984223,0.187051733258116,0,20,0,20,15,0.363636363636364,0.000122198701702235,0.000287155398967151,0,0.00236012491145439,NaN,1,0.0385147284374724,0.1,0.00242807484723071,0.0047755849341569,0.0047755849341569,NaN,0.75,400,42,484,484,308,176,184,26,95,22,2465,81,58,58,58,58,55,55,55,55,55,0,20
LIRCMOP10_BC,2,ref_y,133,57,1,0.19,57,0,0.00950906741432053,0.0184988560508147,57,20,4,0.00296396443242681,56.140350877193,0.150222693236706,0.194416124612305,0,20,0,20,4,0.350877192982456,0.000635710511240125,0.00142459013555223,0,0.00440122953538705,NaN,0.2,-0.0117358948399495,0.105263157894737,0.00455869838917306,0.00660517199212032,0.00660517199212032,NaN,0.2,400,55,510,510,335,175,199,25,88,19,5917,84,57,57,57,57,57,57,57,57,57,0,20
LIRCMOP10_BC,2,ref_y,134,57,1,0.19,57,0,0.0112448169826066,0.02361282474166,57,20,4,0.00296396443242681,56.140350877193,0.145437035520376,0.183115875028434,0,20,0,20,0,0.350877192982456,0.000122383109049126,0.000151575034360052,0,0.000151575034360052,NaN,0.95,0.0184085818323203,0,0.000486111105169103,0.00124707792793259,0.00124707792793259,NaN,0,400,57,514,514,310,204,197,25,96,23,5105,143,59,59,59,59,57,57,57,57,57,0,20
LIRCMOP10_BC,2,ref_y,135,50,1,0.17,50,0,0.00724953303913068,0.0220572567952999,50,20,4,0.0025999688003744,64,0.145437035520376,0.187051733258116,0,8,12,20,0,0.4,0.000445892115669252,0.000759633760742824,0,0.00217645209116412,NaN,0.35,-0.0136818712101255,0,0.00148817414809246,0.00226129405036153,0.00137107412625823,0.00250712891954827,0,400,57,514,514,335,179,222,18,98,18,12328,200,50,50,50,50,50,50,50,50,50,0,20
LIRCMOP10_BC,2,ref_y,136,65,1,0.22,65,0,0.0109797479426641,0.028280629712545,65,20,4,0.00337995944048671,49.2307692307692,0.145437035520376,0.200908670429049,0,20,0,20,2,0.307692307692308,8.85972488501138e-05,0.000115796124801162,0,0.0011516790731535,NaN,0.75,0.0048306967729299,0.0909090909090909,0.000793431716518949,0.00139721861308598,0.00139721861308598,NaN,0.1,400,50,500,500,327,173,210,26,95,22,4144,173,65,65,65,65,65,65,65,65,65,0,20
LIRCMOP10_BC,2,ref_y,137,60,1,0.2,60,0,0.0116303451463885,0.0210695473221341,60,20,4,0.00311996256044927,53.3333333333333,0.127348744934344,0.225693053874862,0,20,0,20,17,0.333333333333333,0.000154851349098002,0.000187904453820108,0,0.000929535442859757,NaN,0.1,-0.0124873998995581,0.1,0.00203995807394302,0.00258624453484142,0.00258624453484142,NaN,0.85,400,65,530,530,338,192,205,25,98,23,5808,178,60,60,60,60,60,60,60,60,60,0,20
LIRCMOP10_BC,2,ref_y,138,48,1,0.16,48,0,0.00570959742783897,0.0191780533250853,48,20,4,0.00249597004835942,66.6666666666667,0.135778383423632,0.200159020971174,0,20,0,20,8,0.416666666666667,0.000642417064853082,0.00472271436236817,0,0.00472271436236817,NaN,0.7,0.0159604181953814,0.125,0.00255215233649927,0.0100440961007513,0.0100440961007513,NaN,0.4,400,60,520,520,325,195,205,17,92,17,13639,66,48,48,48,48,48,48,48,48,48,0,20
LIRCMOP10_BC,2,ref_y,139,63,1,0.21,63,0,0.00970342188905368,0.0202121929037111,63,20,4,0.00327596068847174,50.7936507936508,0.107955411878914,0.176617195072534,0,20,0,20,10,0.317460317460317,9.94251614197812e-05,0.000108857624211327,0,0.000420569149285725,NaN,0,-0.0222488274048599,0.0952380952380952,0.00145302261789794,0.00193291582900871,0.00193291582900871,NaN,0.5,400,48,496,496,325,171,200,28,98,26,2761,61,63,63,63,63,63,63,63,63,63,0,20
LIRCMOP10_BC,2,ref_y,140,54,1,0.18,54,0,0.00783268120680519,0.0210918276889334,54,20,4,0.00280796630440435,59.2592592592593,0.120234244524884,0.172315211825277,0,20,0,20,7,0.37037037037037,2.61440292005912e-05,0.000319937643885424,0,0.000341482843042671,NaN,0.8,0.00759759654074103,0.111111111111111,0.000422357028228972,0.000738960225768797,0.000738960225768797,NaN,0.35,400,63,526,526,344,182,235,24,91,18,8735,84,54,54,54,54,54,54,54,54,54,0,20
LIRCMOP10_BC,2,ref_y,141,57,1,0.19,57,0,0.00875355231900126,0.0204569374615342,57,20,4,0.00296396443242681,56.140350877193,0.0839431561575248,0.189231278172831,0,20,0,20,8,0.350877192982456,5.57782519154731e-05,6.21182534854303e-05,0,0.000436792619705257,NaN,0.75,0.00921253314423266,0.105263157894737,0.00133501570350345,0.0015905244166219,0.0015905244166219,NaN,0.4,400,54,508,508,347,161,213,27,92,20,4984,39,57,57,57,57,57,57,57,57,57,0,20
LIRCMOP10_BC,2,ref_y,142,45,1,0.15,45,0,0.00548808564657316,0.0167834837521438,45,20,4,0.00233997192033696,71.1111111111111,0.117678804626994,0.193020942659141,0,20,0,20,8,0.444444444444444,0.00117812055209112,0.00647454868767496,0,0.00689301511224457,NaN,0.4,-0.00410271360474033,0.133333333333333,0.0042618754287728,0.0148456453830634,0.0148456453830634,NaN,0.4,400,57,514,514,334,180,178,18,100,18,10379,20,45,45,45,45,45,45,45,45,45,0,20
LIRCMOP10_BC,2,ref_y,143,45,1,0.15,45,0,0.00849971247863161,0.0193563796444133,45,20,4,0.00233997192033696,71.1111111111111,0.124775570716135,0.193020942659141,0,20,0,20,4,0.444444444444444,0.000548043692378747,0.00167811818818803,0,0.00167811818818803,NaN,0.45,-0.00986942663868358,0.2,0.000877688009238939,0.00232994655174707,0.00232994655174707,NaN,0.2,400,45,490,490,328,162,205,18,90,15,9773,60,45,45,45,45,45,45,45,45,45,0,20
LIRCMOP10_BC,2,ref_y,144,48,1,0.16,48,0,0.00837001454374584,0.0184113732339386,48,20,4,0.00249597004835942,66.6666666666667,0.0932066385560787,0.16295982253891,0,20,0,20,3,0.416666666666667,0.000101725877708179,0.000463719759335202,0,0.000716006044347908,NaN,0.2,-0.0148970220195392,0.25,0.000459855448577023,0.00148333663711186,0.00148333663711186,NaN,0.15,400,45,490,490,333,157,212,23,93,17,5167,56,48,48,48,48,48,48,48,48,48,0,20
LIRCMOP10_BC,2,ref_y,145,65,1,0.22,65,0,0.00874972549023246,0.0166227542537257,65,20,4,0.00337995944048671,49.2307692307692,0.104773613907299,0.170440144564079,0,20,0,20,8,0.307692307692308,2.60958805858582e-05,7.55637444574769e-05,0,0.000508583167449573,NaN,0.9,0.0115912368604677,0.0909090909090909,0.00128469235794364,0.00139087475143039,0.00139087475143039,NaN,0.4,400,48,496,496,317,179,205,30,91,22,3761,44,65,65,65,65,65,65,65,65,65,0,20
LIRCMOP10_BC,2,ref_y,146,48,1,0.16,48,0,0.00760605584030812,0.0212833421047421,48,20,4,0.00249597004835942,66.6666666666667,0.115168755431319,0.18672038542355,0,20,0,20,9,0.416666666666667,0.00201593454847656,0.010167845748969,0,0.010167845748969,NaN,0.95,0.014310036467066,0.25,0.00539364755064746,0.021773461633736,0.021773461633736,NaN,0.45,400,65,530,530,344,186,221,18,89,18,13552,59,48,48,48,48,48,48,48,48,48,0,20
LIRCMOP10_BC,2,ref_y,147,48,1,0.16,48,0,0.00550474381327556,0.015768829566465,48,20,4,0.00249597004835942,66.6666666666667,0.0971688638162347,0.159018536942386,0,20,0,20,7,0.416666666666667,0.000793793091527972,0.00159366949016951,0,0.00265444346943039,NaN,0.85,0.00485712113081058,0.25,0.00298680781067625,0.00306111352665766,0.00306111352665766,NaN,0.35,400,48,496,496,315,181,204,19,91,17,8458,59,48,48,48,48,48,48,48,48,48,0,20
LIRCMOP10_BC,2,ref_y,148,69,1,0.23,69,0,0.011130298201419,0.0297983155087087,69,20,4,0.00358795694451667,46.3768115942029,0.0984531512359017,0.16295982253891,0,20,0,20,13,0.289855072463768,1.51431243556151e-05,3.67477380974832e-05,0,0.000717432936376701,NaN,1,0.0414429651274457,0.173913043478261,0.0013671373161281,0.00155638303967479,0.00155638303967479,NaN,0.65,400,48,496,496,304,192,194,31,98,30,1967,102,69,69,69,69,69,69,69,69,69,0,20
LIRCMOP10_BC,2,ref_y,149,63,1,0.21,63,0,0.00968337997636092,0.0202322419195606,63,20,4,0.00327596068847174,50.7936507936508,0.108086690243059,0.16295982253891,0,20,0,20,8,0.317460317460317,2.52742233038209e-05,0.000119647042116736,0,0.000476218529001437,NaN,1,0.0045876583333431,0.0952380952380952,0.0012987949108394,0.00145735672099761,0.00145735672099761,NaN,0.4,400,69,538,538,333,205,216,27,89,21,5795,334,63,63,63,63,63,63,63,63,63,0,20
LIRCMOP10_BC,2,ref_y,150,66,1,0.22,66,0,0.0102842888749985,0.0304093304180569,66,20,4,0.0034319588164942,48.4848484848485,0.106982129407276,0.147124458543783,0,20,0,20,9,0.303030303030303,1.53472668276911e-05,0.000112390194275669,0,0.000515700965614586,NaN,0.25,-0.0133549840963074,0.0909090909090909,0.00123777811085539,0.00134760733581045,0.00134760733581045,NaN,0.45,400,63,526,526,345,181,224,30,90,22,3126,157,66,66,66,66,66,66,66,66,66,0,20
LIRCMOP10_BC,2,ref_y,151,69,1,0.23,69,0,0.00861835579040262,0.0174641328480349,69,20,4,0.00358795694451667,46.3768115942029,0.100234578565745,0.170440144564079,0,20,0,20,6,0.289855072463768,6.88137269389744e-05,0.000138446306250011,0,0.000289577516802918,NaN,0.1,-0.012572697354124,0.0869565217391304,0.00111109305872123,0.00126984216239618,0.00126984216239618,NaN,0.3,400,66,532,532,329,203,218,31,93,24,5302,206,69,69,69,69,69,69,69,69,69,0,20
LIRCMOP10_BC,2,ref_y,152,75,1,0.25,75,0,0.0099540640250456,0.0292062896481493,75,20,4,0.00389995320056159,42.6666666666667,0.102168898516985,0.17129379548998,0,20,0,20,1,0.266666666666667,0.000110792808197815,0.000137381696240933,0,0.000138714185653115,NaN,0.3,-0.0129724495169302,0.08,0.000133535213547505,0.000247004080576139,0.000247004080576139,NaN,0.05,400,69,538,538,330,208,222,34,93,27,3374,189,75,75,75,75,75,75,75,75,75,0,20
LIRCMOP10_BC,2,ref_y,153,69,1,0.23,69,0,0.00816848216435292,0.0238988979549911,69,20,4,0.00358795694451667,46.3768115942029,0.10761483503309,0.170197254542953,0,20,0,20,1,0.289855072463768,9.84139983529025e-05,0.000124474740284315,0,0.000293504387624598,NaN,0.55,0.00183089895420209,0.0869565217391304,0.000137095138368141,0.000528527439450776,0.000528527439450776,NaN,0.05,400,75,550,550,333,217,226,33,90,24,3956,317,72,72,72,72,69,69,69,69,69,0,20
LIRCMOP10_BC,2,ref_y,154,51,1,0.17,51,0,0.00472937082759252,0.0144968618807976,51,20,4,0.00265196817638188,62.7450980392157,0.0988958505987792,0.15839506549659,0,20,0,20,11,0.392156862745098,0.000135129195611423,0.000385204618124617,0,0.00106094709837029,NaN,0.6,0.0154871102228537,0.235294117647059,0.00131916999354332,0.0025996286158092,0.0025996286158092,NaN,0.55,400,69,538,538,330,208,237,20,97,17,12349,232,51,51,51,51,51,51,51,51,51,0,20
LIRCMOP10_BC,2,ref_y,155,51,1,0.17,51,0,0.00705372333456899,0.0181135711174115,51,20,4,0.00265196817638188,62.7450980392157,0.100234578565745,0.15839506549659,0,20,0,20,10,0.392156862745098,0.000124227900434036,0.000574524906293635,0,0.000954003408182274,NaN,1,0.0186139288310237,0.235294117647059,0.00150114756495801,0.00252665468938679,0.00252665468938679,NaN,0.5,400,51,502,502,318,184,222,19,100,19,8333,109,51,51,51,51,51,51,51,51,51,0,20
LIRCMOP10_BC,2,ref_y,156,69,1,0.23,69,0,0.00983833827904853,0.0290670136203426,69,20,4,0.00358795694451667,46.3768115942029,0.0904134222619694,0.157472044074502,0,20,0,20,1,0.289855072463768,0.000114690786285124,0.000140473930873511,0,0.00014047393087351,NaN,0.4,-0.00463807514377462,0.0869565217391304,0.000156392059575729,0.00032346878772827,0.00032346878772827,NaN,0.05,400,51,502,502,316,186,214,31,92,24,2168,191,69,69,69,69,69,69,69,69,69,0,20
LIRCMOP10_BC,2,ref_y,157,45,1,0.15,45,0,0.0072619591027324,0.021302302619984,45,20,4,0.00233997192033696,71.1111111111111,0.0970384118256438,0.155245388073893,0,20,0,20,9,0.444444444444444,0.000283906322196075,0.000784313075091277,0,0.000979084733612602,NaN,0.95,0.00344509981818018,0.266666666666667,0.00186170794318918,0.00245661558491193,0.00245661558491193,NaN,0.45,400,69,538,538,339,199,225,15,100,15,15079,216,45,45,45,45,45,45,45,45,45,0,20
LIRCMOP10_BC,2,ref_y,158,56,1,0.19,56,0,0.00707194262193512,0.0253888185113085,56,20,4,0.00291196505641932,57.1428571428571,0.0910368464257861,0.178024666177336,0,20,0,20,7,0.357142857142857,0.000172652917602673,0.000796714711113704,0,0.000796714711113704,NaN,0.35,-0.000911070643513284,0.210526315789474,0.00158138486659409,0.00212086563148093,0.00212086563148093,NaN,0.35,400,45,490,490,305,185,200,19,95,19,6964,96,56,56,56,56,56,56,56,56,56,0,20
LIRCMOP10_BC,2,ref_y,159,48,1,0.16,48,0,0.00541794272352918,0.0131308358816916,48,20,4,0.00249597004835942,66.6666666666667,0.100777089629392,0.137988582050053,0,20,0,20,7,0.416666666666667,0.000270879590189359,0.000745899674288693,0,0.000745899674288693,NaN,0.55,0.0169954392816667,0.25,0.000852564991017437,0.00182667840663309,0.00182667840663309,NaN,0.35,400,56,512,512,315,197,197,19,98,19,7689,98,54,54,54,54,48,48,48,48,48,0,20
LIRCMOP10_BC,2,ref_y,160,63,1,0.21,63,0,0.00902398869545923,0.0179589541933919,63,20,4,0.00327596068847174,50.7936507936508,0.114046825776111,0.17129379548998,0,20,0,20,4,0.317460317460317,0.000101310204367093,0.000226000657734823,0,0.000316485469105831,NaN,0.45,-0.00344054093407604,0.19047619047619,0.000245116862443519,0.00090448300699321,0.00090448300699321,NaN,0.2,400,48,496,496,315,181,206,29,99,28,3648,63,63,63,63,63,63,63,63,63,63,0,20
LIRCMOP10_BC,2,ref_y,161,57,1,0.19,57,0,0.00958885210417246,0.0180030069204875,57,20,4,0.00296396443242681,56.140350877193,0.12233642741907,0.178684476918107,0,20,0,20,3,0.350877192982456,0.000119546358773913,0.000210183079477823,0,0.000210183079477823,NaN,0.5,-0.00161283614802772,0.105263157894737,0.000275324140081456,0.000334172641985131,0.000334172641985131,NaN,0.15,400,63,526,526,332,194,211,26,97,23,5389,44,57,57,57,57,57,57,57,57,57,0,20
LIRCMOP10_BC,2,ref_y,162,66,1,0.22,66,0,0.00931828118612765,0.0184854766360038,66,20,4,0.0034319588164942,48.4848484848485,0.0929724168202991,0.17129379548998,0,20,0,20,5,0.303030303030303,0.000110947508997042,0.00015512351489144,0,0.000227862929753836,NaN,0.4,-0.00591545139089146,0.181818181818182,0.000796023416109344,0.000889836850604535,0.000889836850604535,NaN,0.25,400,57,514,514,325,189,226,30,92,22,4431,84,66,66,66,66,66,66,66,66,66,0,20
LIRCMOP10_BC,2,ref_y,163,60,1,0.2,60,0,0.00952085755310469,0.0183440162357145,60,20,4,0.00311996256044927,53.3333333333333,0.0924487636626226,0.179821049711044,0,20,0,20,8,0.333333333333333,5.15709725564984e-05,0.00013161213219438,0,0.000549487842765604,NaN,0.4,-0.00729642571329757,0.1,0.00102953635743292,0.00113390657895079,0.00113390657895079,NaN,0.4,400,66,532,532,323,209,219,28,91,20,4469,78,60,60,60,60,60,60,60,60,60,0,20
LIRCMOP10_BC,2,ref_y,164,60,1,0.2,60,0,0.0086095606588106,0.0179117694864004,60,20,4,0.00311996256044927,53.3333333333333,0.113920729163138,0.175618970512731,0,20,0,20,2,0.333333333333333,8.32539567350334e-05,0.000126211869766124,0,0.000185391229473611,NaN,0.4,-0.00808290055121126,0.2,0.000248411147593075,0.000341056951984756,0.000341056951984756,NaN,0.1,400,60,520,520,324,196,217,29,94,23,5670,93,60,60,60,60,60,60,60,60,60,0,20
LIRCMOP10_BC,2,ref_y,165,66,1,0.22,66,0,0.00749603240409829,0.0162095400719007,66,20,4,0.0034319588164942,48.4848484848485,0.0969688358197976,0.164275444862323,0,20,0,20,6,0.303030303030303,0.000108343506583855,0.000134902659390694,0,0.000142014349905513,NaN,0.25,-0.0148911925878419,0.181818181818182,0.000185803730412678,0.00029169299986209,0.00029169299986209,NaN,0.3,400,60,520,520,329,191,200,28,94,22,5280,87,66,66,66,66,66,66,66,66,66,0,20
LIRCMOP10_BC,2,ref_y,166,54,1,0.18,54,0,0.00560507232857567,0.0191687553250946,54,20,4,0.00280796630440435,59.2592592592593,0.0931176771851712,0.168362244734006,0,20,0,20,9,0.37037037037037,0.000560761296783603,0.00107737548036209,0,0.00177765310779413,NaN,0.95,0.0238055775575583,0.222222222222222,0.0025388031285508,0.00317130344041183,0.00317130344041183,NaN,0.45,400,66,532,532,336,196,227,19,90,18,11114,58,54,54,54,54,54,54,54,54,54,0,20
LIRCMOP10_BC,2,ref_y,167,72,1,0.24,72,0,0.0090402126393014,0.0173459668854885,72,20,4,0.00374395507253913,44.4444444444444,0.095934718421322,0.171652335437188,0,20,0,20,1,0.277777777777778,6.55662328804111e-05,0.00010463344386065,0,0.00010463344386065,NaN,0,-0.00886638969673514,0.0833333333333333,0.000162345405023003,0.000215869774426057,0.000215869774426057,NaN,0.05,400,54,508,508,311,197,217,31,97,28,3541,85,72,72,72,72,72,72,72,72,72,0,20
LIRCMOP10_BC,2,ref_y,168,75,1,0.25,75,0,0.00941018872193943,0.0264300646146443,75,20,4,0.00389995320056159,42.6666666666667,0.103037055430843,0.167588723730566,0,20,0,20,5,0.266666666666667,7.13340551309317e-05,0.000110752619841595,0,0.000121336007146841,NaN,0.05,-0.011765807253052,0.16,0.000166461944898464,0.000366927171715912,0.000366927171715912,NaN,0.25,400,72,544,544,340,204,223,34,91,25,2972,120,75,75,75,75,75,75,75,75,75,0,20
LIRCMOP10_BC,2,ref_y,169,63,1,0.21,63,0,0.00954018125433231,0.0200656821393292,63,20,4,0.00327596068847174,50.7936507936508,0.0871176268915701,0.169394166646474,0,20,0,20,8,0.317460317460317,7.60446891583216e-05,0.000104239586359797,0,0.000371477555414913,NaN,0.15,-0.00548277506155913,0.19047619047619,0.000764424797050477,0.00089379632240859,0.00089379632240859,NaN,0.4,400,75,550,550,352,198,244,27,94,21,7672,256,63,63,63,63,63,63,63,63,63,0,20
LIRCMOP10_BC,2,ref_y,170,51,1,0.17,51,0,0.00528671529747576,0.0167703586297125,51,20,4,0.00265196817638188,62.7450980392157,0.0788338292281629,0.19063454720553,0,20,0,20,6,0.392156862745098,0.00181220635709313,0.00329920243666276,0,0.00329920243666276,NaN,0.05,-0.00575421494502487,0.117647058823529,0.00385527616856481,0.00546406350362667,0.00546406350362667,NaN,0.3,400,63,526,526,336,190,220,18,98,17,11278,30,51,51,51,51,51,51,51,51,51,0,20
LIRCMOP10_BC,2,ref_y,171,72,1,0.24,72,0,0.00705696910212295,0.0152641880759721,72,20,4,0.00374395507253913,44.4444444444444,0.0871533927225172,0.193969143217648,0,20,0,20,1,0.277777777777778,9.68108131128523e-05,0.000123404228112669,0,0.000123404228112669,NaN,0.5,-0.000339784534653199,0.0833333333333333,0.000124833460553222,0.000178328678935654,0.000178328678935654,NaN,0.05,400,51,502,502,320,182,211,32,92,24,3250,58,72,72,72,72,72,72,72,72,72,0,20
LIRCMOP10_BC,2,ref_y,172,45,1,0.15,45,0,0.00389654446939537,0.0120651551323343,45,20,4,0.00233997192033696,71.1111111111111,0.0959299763071387,0.150765075024455,0,14,6,20,3,0.444444444444444,2.66331677415246e-05,0.000469911065758369,0,0.00184975290024935,NaN,0.8,0.0115679206492059,0.4,0.00110212605493501,0.00210916987434615,0.00206768506493135,0.0022609070873914,0.15,400,72,544,544,352,192,225,20,96,16,9747,74,45,45,45,45,45,45,45,45,45,0,20
LIRCMOP10_BC,2,ref_y,173,66,1,0.22,66,0,0.00792970806095889,0.020070833941425,66,20,4,0.0034319588164942,48.4848484848485,0.0781540363907728,0.149735267221577,0,20,0,20,6,0.303030303030303,9.33234122403569e-05,0.000127410086170781,0,0.000280134380896388,NaN,0.1,-0.00460399714957973,0.181818181818182,0.000634360952242824,0.000768227101229687,0.000768227101229687,NaN,0.3,400,45,490,490,320,170,219,31,95,26,3441,50,69,69,69,69,66,66,66,66,66,0,20
LIRCMOP10_BC,2,ref_y,174,66,1,0.22,66,0,0.00839999844536735,0.0188159837955558,66,20,4,0.0034319588164942,48.4848484848485,0.0864657032386851,0.149735267221577,0,20,0,20,4,0.303030303030303,8.57044156958061e-05,0.000125662772725683,0,0.000263385517068636,NaN,0,-0.00790090360335169,0.0909090909090909,0.000449650455827272,0.000613385648373702,0.000613385648373702,NaN,0.2,400,66,532,532,347,185,237,31,92,23,5395,99,69,69,69,69,66,66,66,66,66,0,20
LIRCMOP10_BC,2,ref_y,175,45,1,0.15,45,0,0.00634619934462292,0.0168888979380716,45,20,4,0.00233997192033696,71.1111111111111,0.0984071338154102,0.161513306591491,0,13,7,20,10,0.444444444444444,0.000109233468939643,0.000286324168933345,0,0.000309269935341507,NaN,0.9,0.00513856888731063,0.6,0.0004111667164284,0.000668417442649677,0.000717689319864039,0.000415957131735758,0.5,400,66,532,532,331,201,210,19,92,18,9414,81,45,45,45,45,45,45,45,45,45,0,20
LIRCMOP10_BC,2,ref_y,176,54,1,0.18,54,0,0.00827048566326163,0.0199438487310062,54,20,4,0.00280796630440435,59.2592592592593,0.089443746517002,0.193969143217648,0,20,0,20,6,0.37037037037037,8.59840236749951e-05,0.000131244986577712,0,0.000220478853145907,NaN,0.6,0.00109784003687165,0.222222222222222,0.000505951633150191,0.000589421273515889,0.000589421273515889,NaN,0.3,400,45,490,490,309,181,220,26,93,19,4654,39,57,57,57,57,54,54,54,54,54,0,20
LIRCMOP10_BC,2,ref_y,177,63,1,0.21,63,0,0.00673594165616314,0.0159818520554969,63,20,4,0.00327596068847174,50.7936507936508,0.0871533927225172,0.194052737570173,0,20,0,20,5,0.317460317460317,7.09791625162304e-05,0.000117143283119205,0,0.000411614019953718,NaN,0.35,-0.00146325549700674,0.0952380952380952,0.000642316449541616,0.000768474052675936,0.000768474052675936,NaN,0.25,400,54,508,508,316,192,217,31,93,24,4370,50,66,66,66,66,63,63,63,63,63,0,20
LIRCMOP10_BC,2,ref_y,178,48,1,0.16,48,0,0.00452083656173745,0.0135716202418569,48,20,4,0.00249597004835942,66.6666666666667,0.0988442046597499,0.164549886857454,0,13,7,20,6,0.416666666666667,3.23828311041062e-05,0.000419127016522366,0,0.00141493526500682,NaN,0.9,0.0158509932059509,0.5,0.000879730718298049,0.00165108051773048,0.00163510298874322,0.00176376189200263,0.3,400,63,526,526,332,194,242,20,93,19,9367,108,48,48,48,48,48,48,48,48,48,0,20
LIRCMOP10_BC,2,ref_y,179,57,1,0.19,57,0,0.0106468039671222,0.0223439657014623,57,20,4,0.00296396443242681,56.140350877193,0.114233924146551,0.191449797748724,0,20,0,20,6,0.350877192982456,9.90213692505361e-05,0.00047700596723314,0,0.000658772779145932,NaN,0.35,-0.00161500768270408,0.210526315789474,0.000451785862754883,0.00137318513376586,0.00137318513376586,NaN,0.3,400,48,496,496,318,178,215,27,95,22,3935,116,60,60,60,60,57,57,57,57,57,0,20
LIRCMOP10_BC,2,ref_y,180,74,1,0.25,74,0,0.0079038487819458,0.0267009253281962,74,20,4,0.00384795382455411,43.2432432432432,0.0995431282026133,0.189788028913244,0,20,0,20,5,0.27027027027027,8.10745973230706e-05,0.000124739787450107,0,0.000459808611175541,NaN,0,-0.00539947601286885,0.08,0.000561782592328939,0.000767488670047118,0.000767488670047118,NaN,0.25,400,57,514,514,328,186,223,33,92,25,2544,75,75,75,75,75,74,74,74,74,74,0,20
LIRCMOP10_BC,2,ref_y,181,51,1,0.17,51,0,0.00480184138575495,0.0107951773546184,51,20,4,0.00265196817638188,62.7450980392157,0.08964914381327,0.200170881958844,0,18,2,20,7,0.392156862745098,7.58444768352065e-05,0.000113031501120166,0,0.000648738273701914,NaN,0.6,0.00411423567267365,0.235294117647059,0.00068760410301419,0.00101448891939331,0.0010188221999824,0.00100365571792057,0.35,400,74,548,548,352,196,228,24,95,19,8361,180,57,57,57,54,51,51,51,51,51,0,20
LIRCMOP10_BC,2,ref_y,182,48,1,0.16,48,0,0.00477642904994995,0.012455444430632,48,20,4,0.00249597004835942,66.6666666666667,0.0953077714613495,0.192539592503069,0,14,6,20,7,0.416666666666667,8.40464403568521e-05,0.000301120684517619,0,0.000609603599495922,NaN,0.8,0.0139265035136353,0.3125,0.000488459224037408,0.00070887362970582,0.000732435590665357,0.000686930437712293,0.35,400,51,502,502,327,175,205,21,95,17,6904,29,48,48,48,48,48,48,48,48,48,0,20
LIRCMOP10_BC,2,ref_y,183,51,1,0.17,51,0,0.00426791854487082,0.0120293869077169,51,20,4,0.00265196817638188,62.7450980392157,0.08964914381327,0.191863856464864,0,13,7,20,7,0.392156862745098,7.66098904616575e-05,0.000106173040088954,0,0.000321920630352491,NaN,0.65,0.00313651552685836,0.352941176470588,0.000191743321405997,0.000404264445264485,0.000293411377206239,0.000468776839885435,0.35,400,48,496,496,318,178,223,21,91,17,6829,42,51,51,51,51,51,51,51,51,51,0,20
LIRCMOP10_BC,2,ref_y,184,48,1,0.16,48,0,0.0045694209747283,0.0149779540837226,48,20,4,0.00249597004835942,66.6666666666667,0.0884066787252366,0.171284276709882,0,12,8,20,9,0.416666666666667,8.35988834118248e-05,0.000115378380219135,0,0.000238694931875958,NaN,0.8,0.0159338538996502,0.4375,0.000129419676197905,0.000427753870322282,0.000351119102333901,0.000678820841108305,0.45,400,51,502,502,321,181,209,20,98,20,7099,68,48,48,48,48,48,48,48,48,48,0,20
LIRCMOP10_BC,2,ref_y,185,62,1,0.21,62,0,0.00570167328320801,0.0150248985222782,62,20,4,0.00322396131246425,51.6129032258064,0.0729806438095567,0.164678519264408,0,20,0,20,7,0.32258064516129,9.63098995355411e-05,0.000156432285896432,0,0.000192414851737776,NaN,0.7,0.0101290185001751,0.19047619047619,0.00039139010107482,0.000435905313444126,0.000435905313444126,NaN,0.35,400,48,496,496,312,184,210,29,97,26,3631,55,63,63,63,63,62,62,62,62,62,0,20
LIRCMOP10_BC,2,ref_y,186,48,1,0.16,48,0,0.00576294415353392,0.0161181293850488,48,20,4,0.00249597004835942,66.6666666666667,0.0730721820539154,0.175191033878431,0,20,0,20,13,0.416666666666667,0.000154427045099695,0.000724676646330478,0,0.00111790143752301,NaN,0.8,0.0103443696960939,0.375,0.00134169584544938,0.00206332991755526,0.00206332991755526,NaN,0.65,400,62,524,524,330,194,209,19,97,16,8424,42,48,48,48,48,48,48,48,48,48,0,20
LIRCMOP10_BC,2,ref_y,187,69,1,0.23,69,0,0.00991835055130264,0.0290997239696867,69,20,4,0.00358795694451667,46.3768115942029,0.0832761117628715,0.208313723552833,0,20,0,20,6,0.289855072463768,6.2323468345985e-05,0.000112682648870394,0,0.000299966426305108,NaN,0.4,-0.00217241844211961,0.173913043478261,0.000409263519662356,0.00053660121182802,0.00053660121182802,NaN,0.3,400,48,496,496,309,187,213,33,91,24,2179,96,69,69,69,69,69,69,69,69,69,0,20
LIRCMOP10_BC,2,ref_y,188,57,1,0.19,57,0,0.00625741817316211,0.0137577353703021,57,20,4,0.00296396443242681,56.140350877193,0.0728827517579054,0.206185281675937,0,20,0,20,7,0.350877192982456,9.93503324878623e-05,0.000604963221006673,0,0.00107955970345891,NaN,0.75,0.0125959538204142,0.210526315789474,0.000660177226671692,0.00143918658673775,0.00143918658673775,NaN,0.35,400,69,538,538,334,204,237,25,94,19,6456,180,57,57,57,57,57,57,57,57,57,0,20
LIRCMOP10_BC,2,ref_y,189,51,1,0.17,51,0,0.00397415662442652,0.012583755394217,51,20,4,0.00265196817638188,62.7450980392157,0.0671022371694267,0.219158317731953,0,20,0,20,4,0.392156862745098,0.00014354235810611,0.00100696958534709,0,0.00100696958534709,NaN,0.85,0.0165923207754217,0.117647058823529,0.000609403341758741,0.00114705412808206,0.00114705412808206,NaN,0.2,400,57,514,514,338,176,220,21,96,17,7257,48,51,51,51,51,51,51,51,51,51,0,20
LIRCMOP10_BC,2,ref_y,190,69,1,0.23,69,0,0.00802492563462994,0.0242054803724503,69,20,4,0.00358795694451667,46.3768115942029,0.0811261497768037,0.194948904989884,0,20,0,20,7,0.289855072463768,3.87608414685776e-05,8.60581620116429e-05,0,0.000607425820585842,NaN,1,0.0109786541761604,0.173913043478261,0.000590002779206918,0.000942301492489916,0.000942301492489916,NaN,0.35,400,51,502,502,323,179,224,32,97,29,2605,91,72,72,72,72,69,69,69,69,69,0,20
LIRCMOP10_BC,2,ref_y,191,75,1,0.25,75,0,0.00868830704477216,0.024740804881991,75,20,4,0.00389995320056159,42.6666666666667,0.083409420392082,0.191994174176981,0,20,0,20,12,0.266666666666667,0.000218483903881825,0.000238849771465382,0,0.00143368004957964,NaN,0.65,0.00299620334990872,0.16,0.00145976757916548,0.00171548050466508,0.00171548050466508,NaN,0.6,400,69,538,538,335,203,226,34,97,31,3810,239,78,78,78,78,75,75,75,75,75,0,20
LIRCMOP10_BC,2,ref_y,192,69,1,0.23,69,0,0.00854031793899415,0.0251733326518777,69,20,4,0.00358795694451667,46.3768115942029,0.0764480772135633,0.194948904989884,0,20,0,20,10,0.289855072463768,6.99134199234765e-05,9.16708222175376e-05,0,0.00111313911797927,NaN,0.4,-0.00126931877725915,0.0869565217391304,0.00136874185576053,0.00145814332993352,0.00145814332993352,NaN,0.5,400,75,550,550,344,206,244,33,92,25,4787,195,75,75,75,69,69,69,69,69,69,0,20
LIRCMOP10_BC,2,ref_y,193,65,1,0.22,65,0,0.00693745548141318,0.0163010993620545,65,20,4,0.00337995944048671,49.2307692307692,0.0685011688870856,0.180489358000726,0,20,0,20,6,0.307692307692308,4.04990472027256e-05,7.54225664248207e-05,0,0.000517865371639049,NaN,0.7,0.00372700821967423,0.181818181818182,0.000617787739717157,0.000874904010539942,0.000874904010539942,NaN,0.3,400,69,538,538,326,212,227,29,99,28,5801,265,65,65,65,65,65,65,65,65,65,0,20
LIRCMOP10_BC,2,ref_y,194,72,1,0.24,72,0,0.00692897394213226,0.0162795311786727,72,20,4,0.00374395507253913,44.4444444444444,0.0644159247278905,0.194948904989884,0,20,0,20,5,0.277777777777778,5.87596795911723e-05,9.36301340105288e-05,0,0.000267749444241311,NaN,0.9,0.00724351467641556,0.166666666666667,0.000299917200207588,0.000623156098463648,0.000623156098463648,NaN,0.25,400,65,530,530,333,197,233,31,93,24,5072,84,72,72,72,72,72,72,72,72,72,0,20
LIRCMOP10_BC,2,ref_y,195,57,1,0.19,57,0,0.00484079862897199,0.0142029497050353,57,20,4,0.00296396443242681,56.140350877193,0.0649297397274474,0.199922432893349,0,20,0,20,4,0.350877192982456,0.00012721250292218,0.000826700518552152,0,0.000826700518552152,NaN,0.1,-0.00998888766228314,0.210526315789474,0.000469641949193311,0.000827445625179635,0.000827445625179635,NaN,0.2,400,72,544,544,334,210,231,22,96,19,9251,112,57,57,57,57,57,57,57,57,57,0,20
LIRCMOP10_BC,2,ref_y,196,81,1,0.27,81,0,0.00889143404761777,0.0276032019893909,81,20,4,0.00421194945660652,39.5061728395062,0.0745372969390343,0.194948904989884,0,20,0,20,3,0.246913580246914,3.784340120511e-05,7.61829390462855e-05,0,0.000156207808120265,NaN,0.95,0.00731599300137984,0.0740740740740741,8.63290057173428e-05,0.000475807671636168,0.000475807671636168,NaN,0.15,400,57,514,514,335,179,227,35,100,35,2467,94,81,81,81,81,81,81,81,81,81,0,20
LIRCMOP10_BC,2,ref_y,197,57,1,0.19,57,0,0.00420013921053051,0.0167497971300291,57,20,4,0.00296396443242681,56.140350877193,0.074081221981943,0.217128817223438,0,20,0,20,2,0.350877192982456,0.00485906827724626,0.00812274314661189,0,0.0197314329126827,NaN,0.2,-0.0126919602203343,0.105263157894737,0.0141808303131959,0.0205139075989151,0.0205139075989151,NaN,0.1,400,81,562,562,348,214,248,20,94,20,12168,165,60,60,60,60,57,57,57,57,57,0,20
LIRCMOP10_BC,2,ref_y,198,57,1,0.19,57,0,0.00430252005997608,0.0151969666745514,57,20,4,0.00296396443242681,56.140350877193,0.0602524541357116,0.196440801895027,0,20,0,20,3,0.350877192982456,0.000567452803167722,0.000645359244262877,0,0.000648664341718671,NaN,1,0.0122361795007414,0.210526315789474,0.000633156624789248,0.000767344077593934,0.000767344077593934,NaN,0.15,400,57,514,514,329,185,238,20,94,20,8563,116,57,57,57,57,57,57,57,57,57,0,20
LIRCMOP10_BC,2,ref_y,199,72,1,0.24,72,0,0.00728726907367259,0.0159508466012123,72,20,4,0.00374395507253913,44.4444444444444,0.0739994532320523,0.190752022480355,0,20,0,20,5,0.277777777777778,0.000333228604234184,0.000706867988534048,0,0.000706867988534048,NaN,1,0.00901533223118591,0.166666666666667,0.000655447405594923,0.000945215408540325,0.000945215408540325,NaN,0.25,400,57,514,514,337,177,232,31,93,24,3868,42,72,72,72,72,72,72,72,72,72,0,20
LIRCMOP10_BC,2,ref_y,200,54,1,0.18,54,0,0.00610568446421884,0.0193506188167071,54,20,4,0.00280796630440435,59.2592592592593,0.0761455729999609,0.201867075133441,0,20,0,20,8,0.37037037037037,0.000208786951288622,0.00060805713608924,0,0.00060805713608924,NaN,0.7,0.00722279609353865,0.333333333333333,0.000730551665297778,0.00085287095084618,0.00085287095084618,NaN,0.4,400,72,544,544,341,203,234,21,97,18,9358,87,54,54,54,54,54,54,54,54,54,0,20
LIRCMOP10_BC,2,ref_y,201,81,1,0.27,81,0,0.00818458051213697,0.0232999276534391,81,20,4,0.00421194945660652,39.5061728395062,0.0649297397274474,0.190752022480355,0,20,0,20,7,0.246913580246914,4.41340559357864e-05,9.02122183407366e-05,0,0.00031249749349096,NaN,1,0.00372774199092577,0.148148148148148,0.000427002562518175,0.000716169597809451,0.000716169597809451,NaN,0.35,400,54,508,508,333,175,230,36,91,27,2415,68,81,81,81,81,81,81,81,81,81,0,20
LIRCMOP10_BC,2,ref_y,202,57,1,0.19,57,0,0.00481007599391628,0.0147305025837355,57,20,4,0.00296396443242681,56.140350877193,0.063885573786302,0.123506089514749,0,20,0,20,2,0.350877192982456,0.00112495613822835,0.0034350915149379,0,0.00598160102001926,NaN,0.85,0.00793977011594134,0.105263157894737,0.00337269481618054,0.006826460943759,0.006826460943759,NaN,0.1,400,81,562,562,360,202,253,22,92,19,12188,262,57,57,57,57,57,57,57,57,57,0,20
LIRCMOP10_BC,2,ref_y,203,60,1,0.2,60,0,0.00496856359255023,0.0187345051777553,60,20,4,0.00311996256044927,53.3333333333333,0.0725273163412884,0.219295388740431,0,20,0,20,8,0.333333333333333,0.000623653810392823,0.0011704719729407,0,0.00123356972377861,NaN,0.55,0.000837618152673261,0.2,0.00144190950370869,0.0014683156939136,0.0014683156939136,NaN,0.4,400,57,514,514,333,181,238,21,92,20,8760,93,60,60,60,60,60,60,60,60,60,0,20
LIRCMOP10_BC,2,ref_y,204,66,1,0.22,66,0,0.00511248922759938,0.0119194291813755,66,20,4,0.0034319588164942,48.4848484848485,0.0736081438839228,0.190752022480355,0,20,0,20,5,0.303030303030303,6.22584900960966e-05,0.000979039081642169,0,0.000979039081642169,NaN,1,0.00754019092089818,0.181818181818182,0.000427570410889724,0.00201607421347715,0.00201607421347715,NaN,0.25,400,60,520,520,332,188,242,26,94,22,6286,86,66,66,66,66,66,66,66,66,66,0,20
LIRCMOP10_BC,2,ref_y,205,57,1,0.19,57,0,0.00427287240138041,0.0109454889800429,57,20,4,0.00296396443242681,56.140350877193,0.0754537259478522,0.199618173638798,0,20,0,20,10,0.350877192982456,6.68901871313289e-05,0.000364563669843062,0,0.00055210700562355,NaN,1,0.00951321239022525,0.315789473684211,0.000916741498548133,0.00114622005175002,0.00114622005175002,NaN,0.5,400,66,532,532,337,195,233,23,96,23,7374,64,57,57,57,57,57,57,57,57,57,0,20
LIRCMOP10_BC,2,ref_y,206,66,1,0.22,66,0,0.00510748798493482,0.0133584704909121,66,20,4,0.0034319588164942,48.4848484848485,0.0728136112414801,0.20915409531825,0,20,0,20,5,0.303030303030303,4.51799414423991e-05,0.000169763275085724,0,0.000189638277337539,NaN,1,0.00879265810791847,0.272727272727273,0.000622708944137659,0.000805251732611444,0.000805251732611444,NaN,0.25,400,57,514,514,341,173,234,25,94,22,7050,57,66,66,66,66,66,66,66,66,66,0,20
LIRCMOP10_BC,2,ref_y,207,75,1,0.25,75,0,0.00737993464995035,0.0193802352932384,75,20,4,0.00389995320056159,42.6666666666667,0.0674256519279458,0.156982146125687,0,20,0,20,9,0.266666666666667,7.7285416544904e-05,0.000290202945680544,0,0.000548707518285206,NaN,1,0.0122199165747393,0.16,0.000407219130859639,0.00115307501196487,0.00115307501196487,NaN,0.45,400,66,532,532,339,193,248,32,93,25,4850,54,75,75,75,75,75,75,75,75,75,0,20
LIRCMOP10_BC,2,ref_y,208,78,1,0.26,78,0,0.00782185263306997,0.0230482378979596,78,20,4,0.00405595132858406,41.025641025641,0.0630116524212759,0.156982146125687,0,20,0,20,8,0.256410256410256,4.56410162654919e-05,9.24988049613396e-05,0,0.000385670845862044,NaN,1,0.0078711741734295,0.153846153846154,0.00043142256452124,0.000755336613379655,0.000755336613379655,NaN,0.4,400,75,550,550,348,202,247,34,96,30,6190,112,78,78,78,78,78,78,78,78,78,0,20
LIRCMOP10_BC,2,ref_y,209,60,1,0.2,60,0,0.004441606411664,0.0132142029089794,60,20,4,0.00311996256044927,53.3333333333333,0.0756175485043139,0.138155395145176,0,20,0,20,5,0.333333333333333,0.000786160166825064,0.00156450075534225,0,0.00156450075534225,NaN,1,0.023263363644671,0.2,0.000910139407741544,0.00160426204601423,0.00160426204601423,NaN,0.25,400,78,556,556,347,209,241,22,99,22,9864,88,60,60,60,60,60,60,60,60,60,0,20
LIRCMOP10_BC,2,ref_y,210,81,1,0.27,81,0,0.00559260662467208,0.0157215274532305,81,20,4,0.00421194945660652,39.5061728395062,0.0614858495292992,0.148985565812807,0,20,0,20,7,0.246913580246914,3.18892450743254e-05,7.26641253844091e-05,0,0.000420104037731183,NaN,1,0.013146650489114,0.148148148148148,0.000393664379317273,0.000774437120167378,0.000774437120167378,NaN,0.35,400,60,520,520,320,200,223,36,94,30,3499,68,81,81,81,81,81,81,81,81,81,0,20
LIRCMOP10_BC,2,ref_y,211,78,1,0.26,78,0,0.00651610536717258,0.0168291758297088,78,20,4,0.00405595132858406,41.025641025641,0.0713803952980365,0.148985565812807,0,20,0,20,10,0.256410256410256,8.08586061495186e-05,0.000447657718470115,0,0.000731490184396361,NaN,1,0.00915863026126766,0.153846153846154,0.000546647023518529,0.00153125938960014,0.00153125938960014,NaN,0.5,400,81,562,562,350,212,239,34,92,26,5867,137,78,78,78,78,78,78,78,78,78,0,20
LIRCMOP10_BC,2,ref_y,212,60,1,0.2,60,0,0.00423217791411892,0.0139984964558234,60,20,4,0.00311996256044927,53.3333333333333,0.0739077183548881,0.143181632953806,0,20,0,20,2,0.333333333333333,0.000585204964670705,0.00101215703802625,0,0.00101215703802625,NaN,0.7,0.0130548660658352,0.1,0.000641681953513154,0.00101834424791321,0.00101834424791321,NaN,0.1,400,78,556,556,362,194,256,22,98,20,10406,117,60,60,60,60,60,60,60,60,60,0,20
LIRCMOP10_BC,2,ref_y,213,63,1,0.21,63,0,0.00382448707532511,0.010139367710761,63,20,4,0.00327596068847174,50.7936507936508,0.0720635669832352,0.133092739080788,0,20,0,20,5,0.317460317460317,6.48323718139769e-05,0.000539429829024565,0,0.000539429829024565,NaN,0.8,0.00806786260047111,0.19047619047619,0.000322806775932192,0.000719640601755307,0.000719640601755307,NaN,0.25,400,60,520,520,327,193,232,24,97,21,6032,92,63,63,63,63,63,63,63,63,63,0,20
LIRCMOP10_BC,2,ref_y,214,76,1,0.26,76,0,0.00654654614512729,0.0167023453256078,76,20,4,0.00395195257656908,42.1052631578947,0.0706959247556461,0.139113784791571,0,20,0,20,8,0.263157894736842,8.50421185224516e-05,0.000579043938684423,0,0.0012078579607508,NaN,1,0.0134704919442261,0.153846153846154,0.000594724384448538,0.00195653642706044,0.00195653642706044,NaN,0.4,400,63,526,526,329,197,240,34,92,26,3968,83,78,78,78,78,76,76,76,76,76,0,20
LIRCMOP10_BC,2,ref_y,215,66,1,0.22,66,0,0.00407350366459816,0.0109313701390454,66,20,4,0.0034319588164942,48.4848484848485,0.0827920924501694,0.12976920516055,0,20,0,20,7,0.303030303030303,0.000174532355934795,0.000659312903830332,0,0.000659312903830332,NaN,0.9,0.00548034631229666,0.272727272727273,0.000668078441302925,0.000809941966861921,0.000809941966861921,NaN,0.35,400,76,552,552,340,212,251,25,97,22,9285,81,66,66,66,66,66,66,66,66,66,0,20
LIRCMOP10_BC,2,ref_y,216,72,1,0.24,72,0,0.00486956607689104,0.0116287281204701,72,20,4,0.00374395507253913,44.4444444444444,0.0641232640037275,0.139113784791571,0,20,0,20,7,0.277777777777778,4.65184257917407e-05,7.80395927874935e-05,0,8.01192105383515e-05,NaN,1,0.00896311716061455,0.166666666666667,0.000260470504115091,0.000464512386873343,0.000464512386873343,NaN,0.35,400,66,532,532,338,194,219,30,100,30,4510,103,75,75,75,75,72,72,72,72,72,0,20
LIRCMOP10_BC,2,ref_y,217,82,1,0.28,82,0,0.00740787950510286,0.0198083503379176,82,20,4,0.00426394883261401,39.0243902439024,0.0713723596109214,0.151240704865456,0,20,0,20,7,0.24390243902439,4.350556457833e-05,8.18696097170788e-05,0,0.000273530330764571,NaN,0.8,0.00356378833433577,0.214285714285714,0.000259932405847363,0.000666142572756176,0.000666142572756176,NaN,0.35,400,72,544,544,349,195,246,34,95,29,4755,156,82,82,82,82,82,82,82,82,82,0,20
LIRCMOP10_BC,2,ref_y,218,87,1,0.29,87,0,0.00676329765985251,0.0234674066590766,87,20,4,0.00452394571265145,36.7816091954023,0.0820116732210168,0.154199743197775,0,20,0,20,6,0.229885057471264,3.43145292607501e-05,8.07859829210404e-05,0,0.000430659984401919,NaN,0.55,0.000978401917485092,0.137931034482759,0.000293369768904935,0.000784322137372635,0.000784322137372635,NaN,0.3,400,82,564,564,356,208,258,37,95,32,5609,125,87,87,87,87,87,87,87,87,87,0,20
LIRCMOP10_BC,2,ref_y,219,69,1,0.23,69,0,0.00403151748773359,0.0120462827317545,69,20,4,0.00358795694451667,46.3768115942029,0.0712471864346493,0.15087761159144,0,20,0,20,3,0.289855072463768,0.000172606639037395,0.000616900054211766,0,0.000616900054211766,NaN,0.75,0.00289644522318618,0.173913043478261,0.000276244881199726,0.000651450770279917,0.000651450770279917,NaN,0.15,400,87,574,574,375,199,259,25,99,25,9683,171,75,75,75,75,69,69,69,69,69,0,20
LIRCMOP10_BC,2,ref_y,220,87,1,0.29,87,0,0.00547719345275938,0.0170920233009066,87,20,4,0.00452394571265145,36.7816091954023,0.0842475190333179,0.156679224701645,0,20,0,20,7,0.229885057471264,4.84757226080745e-05,9.47084579881291e-05,0,0.000565073542324208,NaN,1,0.00864177275607552,0.137931034482759,0.000570149673488969,0.000936072808319791,0.000936072808319791,NaN,0.35,400,69,538,538,362,176,228,35,100,35,3475,84,87,87,87,87,87,87,87,87,87,0,20
LIRCMOP10_BC,2,ref_y,221,69,1,0.23,69,0,0.00387582158968234,0.0127702615879298,69,20,4,0.00358795694451667,46.3768115942029,0.0739077183548881,0.153913957616356,0,20,0,20,6,0.289855072463768,0.000104724518432174,0.000649218269107062,0,0.000649218269107062,NaN,0.6,0.00702555895652645,0.260869565217391,0.000664156501504202,0.000838406339582378,0.000838406339582378,NaN,0.3,400,87,574,574,370,204,258,25,98,23,8665,120,69,69,69,69,69,69,69,69,69,0,20
LIRCMOP10_BC,2,ref_y,222,84,1,0.28,84,0,0.0052274699262536,0.0166427926887409,84,20,4,0.00436794758462898,38.0952380952381,0.071864704743033,0.156679224701645,0,20,0,20,6,0.238095238095238,3.79681830537277e-05,9.75538362306316e-05,0,0.00019124502728709,NaN,1,0.00537490137980694,0.142857142857143,0.000345301383182574,0.000429649464770843,0.000429649464770843,NaN,0.3,400,69,538,538,347,191,238,35,93,28,3955,86,84,84,84,84,84,84,84,84,84,0,20
LIRCMOP10_BC,2,ref_y,223,87,1,0.29,87,0,0.00639478720519147,0.0209197297713032,87,20,4,0.00452394571265145,36.7816091954023,0.077861609285632,0.153633687983474,0,20,0,20,8,0.229885057471264,4.91099610743192e-05,6.40794242694561e-05,0,0.000431824872657462,NaN,1,0.00504862711643828,0.137931034482759,0.000367594245455122,0.000822593234295211,0.000822593234295211,NaN,0.4,400,84,568,568,363,205,267,40,90,30,3798,207,90,90,90,90,87,87,87,87,87,0,20
LIRCMOP10_BC,2,ref_y,224,84,1,0.28,84,0,0.00559763565225714,0.0178543114441478,84,20,4,0.00436794758462898,38.0952380952381,0.0783547021322445,0.15914553518531,0,20,0,20,10,0.238095238095238,3.22039582613831e-05,7.17007638494245e-05,0,0.000569978346987497,NaN,1,0.00498923707679513,0.142857142857143,0.000497609913142297,0.000964389943336482,0.000964389943336482,NaN,0.5,400,87,574,574,362,212,251,41,91,32,4369,243,90,90,90,90,84,84,84,84,84,0,20
LIRCMOP10_BC,2,ref_y,225,72,1,0.24,72,0,0.00353245916225213,0.0136235008033832,72,20,4,0.00374395507253913,44.4444444444444,0.0784227277140533,0.162126628967846,0,20,0,20,4,0.277777777777778,0.000400450880861516,0.00119687044637689,0,0.00119687044637689,NaN,0.1,-0.00929453091551346,0.166666666666667,0.000488329444578096,0.00120706981845899,0.00120706981845899,NaN,0.2,400,84,568,568,363,205,264,26,100,26,9695,209,72,72,72,72,72,72,72,72,72,0,20
LIRCMOP10_BC,2,ref_y,226,87,1,0.29,87,0,0.0049456930592825,0.0154628664744097,87,20,4,0.00452394571265145,36.7816091954023,0.0699241074679496,0.152784713548176,0,20,0,20,7,0.229885057471264,6.86488628956284e-05,0.000110493494946631,0,0.000159552706204358,NaN,1,0.0128905461881342,0.137931034482759,0.000296392242466308,0.000517875891919442,0.000517875891919442,NaN,0.35,400,72,544,544,347,197,226,36,94,30,4047,40,89,89,89,89,87,87,87,87,87,0,20
LIRCMOP10_BC,2,ref_y,227,75,1,0.25,75,0,0.00332037351023712,0.0116938759911726,75,20,4,0.00389995320056159,42.6666666666667,0.0715758094168936,0.14966271449458,0,20,0,20,5,0.266666666666667,0.000110874127340437,0.000280389453054852,0,0.000280389453054852,NaN,0.75,0.00641016483401085,0.16,0.000272879549572049,0.000489738679407667,0.000489738679407667,NaN,0.25,400,87,574,574,359,215,264,29,96,25,7768,87,75,75,75,75,75,75,75,75,75,0,20
LIRCMOP10_BC,2,ref_y,228,76,1,0.26,76,0,0.00571671606940598,0.016011533264191,76,20,4,0.00395195257656908,42.1052631578947,0.0784907532958621,0.141451541110786,0,20,0,20,7,0.263157894736842,5.41467796617174e-05,9.66306467764541e-05,0,0.000137136172037988,NaN,0.55,0.000362033928910276,0.153846153846154,0.000316292271192916,0.000486960351649554,0.000486960351649554,NaN,0.35,400,75,550,550,345,205,233,33,93,26,4398,55,76,76,76,76,76,76,76,76,76,0,20
LIRCMOP10_BC,2,ref_y,229,78,1,0.26,78,0,0.00681069034495688,0.0182856607896554,78,20,4,0.00405595132858406,41.025641025641,0.0709769201949037,0.143663164001942,0,20,0,20,6,0.256410256410256,3.81452639467574e-05,9.72904955560817e-05,0,0.000204903077440027,NaN,1,0.0129989992636405,0.230769230769231,0.000124102386375806,0.000601835433642527,0.000601835433642527,NaN,0.3,400,76,552,552,350,202,253,34,93,27,5536,111,81,81,81,78,78,78,78,78,78,0,20
LIRCMOP10_BC,2,ref_y,230,93,1,0.31,93,0,0.00681183810727652,0.0219700131732028,93,20,4,0.00483594196869638,34.4086021505376,0.0843424636391627,0.145865389506312,0,20,0,20,6,0.21505376344086,3.02756339290532e-05,8.7342587192995e-05,0,0.000454236980505297,NaN,0.5,-0.000181280817745988,0.129032258064516,0.000205087354305284,0.000749530933994157,0.000749530933994157,NaN,0.3,400,78,556,556,343,213,260,40,100,40,4042,118,96,96,96,96,93,93,93,93,93,0,20
LIRCMOP10_BC,2,ref_y,231,83,1,0.28,83,0,0.00711247347952074,0.0250533936682935,83,20,4,0.0043159482086215,38.5542168674699,0.0720297329218579,0.148463469010348,0,20,0,20,9,0.240963855421687,0.000101195819564477,0.000295856787686173,0,0.000647434771433553,NaN,0.95,0.00745135318492559,0.142857142857143,0.000715980940285724,0.00101947568481007,0.00101947568481007,NaN,0.45,400,93,586,586,371,215,262,33,97,30,7564,311,84,84,84,84,83,83,83,83,83,0,20
LIRCMOP10_BC,2,ref_y,232,78,1,0.26,78,0,0.00453629746882891,0.0132623321491291,78,20,4,0.00405595132858406,41.025641025641,0.0823970045238294,0.155563545860271,0,20,0,20,5,0.256410256410256,0.00019702240965888,0.000794676429895978,0,0.000794676429895978,NaN,0.2,-0.00683349160726873,0.153846153846154,0.000513127615971982,0.000845039572872571,0.000845039572872571,NaN,0.25,400,83,566,566,356,210,271,28,100,28,8890,142,78,78,78,78,78,78,78,78,78,0,20
LIRCMOP10_BC,2,ref_y,233,93,1,0.32,93,0,0.00573358175200768,0.0175718023235876,93,20,4,0.00483594196869638,34.4086021505376,0.0663112014328891,0.158424893602101,0,20,0,20,7,0.21505376344086,7.16980523087183e-05,0.000120652899760611,0,0.000479743845323112,NaN,1,0.00369855443447991,0.1875,0.00047819924622658,0.000752818138127685,0.000752818138127685,NaN,0.35,400,78,556,556,358,198,255,38,96,34,4334,227,95,95,95,95,93,93,93,93,93,0,20
LIRCMOP10_BC,2,ref_y,234,84,1,0.28,84,0,0.0039858389036026,0.0121743415482509,84,20,4,0.00436794758462898,38.0952380952381,0.0679291034510107,0.150789993538969,0,20,0,20,2,0.238095238095238,6.45667696575472e-05,0.000143164481419935,0,0.000143164481419935,NaN,0.55,0.0031674772394477,0.0714285714285714,0.000143617266562085,0.00022540907963563,0.00022540907963563,NaN,0.1,400,93,586,586,375,211,277,30,100,30,9686,206,90,90,90,90,84,84,84,84,84,0,20
LIRCMOP10_BC,2,ref_y,235,92,1,0.31,92,0,0.00527611684711774,0.0202441667882388,92,20,4,0.00478394259268889,34.7826086956522,0.066648749330901,0.147024747526728,0,20,0,20,5,0.217391304347826,3.15502696975204e-05,7.84640858568739e-05,0,0.000256802145683599,NaN,1,0.00278562614953249,0.129032258064516,0.000147595267123372,0.000565227415515681,0.000565227415515681,NaN,0.25,400,84,568,568,375,193,248,42,90,32,3558,224,96,96,96,96,92,92,92,92,92,0,20
LIRCMOP10_BC,2,ref_y,236,87,1,0.29,87,0,0.00449156930444426,0.0127799969308778,87,20,4,0.00452394571265145,36.7816091954023,0.0751256338408594,0.161010870389071,0,20,0,20,9,0.229885057471264,3.18828037361553e-05,0.000256999942315599,0,0.000284626086762442,NaN,0.6,0.000576924344728117,0.206896551724138,0.000588849160266968,0.000782468734379382,0.000782468734379382,NaN,0.45,400,92,584,584,369,215,265,33,100,33,8261,344,87,87,87,87,87,87,87,87,87,0,20
LIRCMOP10_BC,2,ref_y,237,81,1,0.27,81,0,0.00399094882293483,0.0115516363940835,81,20,4,0.00421194945660652,39.5061728395062,0.0705205001122087,0.162959892779465,0,20,0,20,4,0.246913580246914,8.27461514341925e-05,0.00019329387323365,0,0.00027794040375055,NaN,0.6,0.0138942292792507,0.148148148148148,0.000350334353949351,0.000611536627656807,0.000611536627656807,NaN,0.2,400,87,574,574,367,207,249,30,97,27,6809,128,81,81,81,81,81,81,81,81,81,0,20
LIRCMOP10_BC,2,ref_y,238,84,1,0.28,84,0,0.00377678720641424,0.0142980131275321,84,20,4,0.00436794758462898,38.0952380952381,0.0735434807177198,0.163566089601597,0,20,0,20,4,0.238095238095238,0.000183109416792324,0.000329399138295535,0,0.000331965829553712,NaN,0.7,0.00283697597714323,0.142857142857143,0.00039366207831744,0.000444115091737212,0.000444115091737212,NaN,0.2,400,81,562,562,367,195,262,30,97,28,7064,168,84,84,84,84,84,84,84,84,84,0,20
LIRCMOP10_BC,2,ref_y,239,81,1,0.27,81,0,0.00359923877928088,0.011949087181381,81,20,4,0.00421194945660652,39.5061728395062,0.0694813245296804,0.128924409603879,0,20,0,20,4,0.246913580246914,3.62971235320266e-05,9.49867836167562e-05,0,0.000114118141786372,NaN,0.7,0.00514516017496743,0.148148148148148,0.00039350949087091,0.000577273755017044,0.000577273755017044,NaN,0.2,400,84,568,568,357,211,261,29,99,28,8152,227,84,84,84,84,81,81,81,81,81,0,20
LIRCMOP10_BC,2,ref_y,240,87,1,0.29,87,0,0.00351657622252688,0.0111405740935049,87,20,4,0.00452394571265145,36.7816091954023,0.0671236989032168,0.128924409603879,0,20,0,20,6,0.229885057471264,3.10043888885743e-05,0.000236864465596567,0,0.000236864465596567,NaN,0.45,-0.00124870347839165,0.206896551724138,0.000385467396129799,0.000513027012909843,0.000513027012909843,NaN,0.3,400,81,562,562,364,198,260,32,98,32,6412,159,90,90,90,90,87,87,87,87,87,0,20
LIRCMOP10_BC,2,ref_y,241,81,1,0.27,81,0,0.00413683170890289,0.0100225423125473,81,20,4,0.00421194945660652,39.5061728395062,0.0880117989908403,0.137137248579173,0,20,0,20,4,0.246913580246914,6.42124844555804e-05,0.000186975302071548,0,0.000186975302071548,NaN,0.7,0.00158718776068423,0.148148148148148,0.000239808583015762,0.000463997192210684,0.000463997192210684,NaN,0.2,400,87,574,574,368,206,268,30,96,30,8009,173,81,81,81,81,81,81,81,81,81,0,20
LIRCMOP10_BC,2,ref_y,242,75,1,0.25,75,0,0.00361013687821656,0.00958258911688231,75,20,4,0.00389995320056159,42.6666666666667,0.0881053760071685,0.128924409603879,0,20,0,20,9,0.266666666666667,0.000127761653414462,0.000167018501856881,0,0.000433111384423699,NaN,0.6,0.0134632422832219,0.24,0.000696741038163343,0.000951609748746553,0.000951609748746553,NaN,0.45,400,81,562,562,355,207,261,30,93,26,6926,112,78,78,78,75,75,75,75,75,75,0,20
LIRCMOP10_BC,2,ref_y,243,81,1,0.27,81,0,0.00446208259600788,0.0107124389137767,81,20,4,0.00421194945660652,39.5061728395062,0.0671236989032168,0.135061939665142,0,20,0,20,7,0.246913580246914,2.7154476798012e-05,7.13941935680156e-05,0,7.13941935680156e-05,NaN,1,0.0136288432226141,0.148148148148148,0.000104458350659362,0.00024250873549379,0.00024250873549379,NaN,0.35,400,75,550,550,358,192,225,33,94,27,4485,129,81,81,81,81,81,81,81,81,81,0,20
LIRCMOP10_BC,2,ref_y,244,75,1,0.25,75,0,0.00443333785100715,0.011467547516149,75,20,4,0.00389995320056159,42.6666666666667,0.0675777281339447,0.135061939665142,0,20,0,20,3,0.266666666666667,0.000189681081077627,0.000319025654582234,0,0.000319025654582234,NaN,0.65,0.00851137467027657,0.08,0.00038404131914667,0.000556399462195181,0.000556399462195181,NaN,0.15,400,81,562,562,372,190,250,28,94,25,7289,149,75,75,75,75,75,75,75,75,75,0,20
LIRCMOP10_BC,2,ref_y,245,90,1,0.3,90,0,0.00724917712846826,0.0148126440510048,90,20,4,0.00467994384067391,35.5555555555556,0.0751192525034174,0.138026129387703,0,20,0,20,7,0.222222222222222,5.73815089208001e-05,9.48046036646938e-05,0,0.0007980170220303,NaN,0.35,-0.00139919294312464,0.0666666666666667,0.000731753890602444,0.00114719960785082,0.00114719960785082,NaN,0.35,400,75,550,550,368,182,255,40,95,35,4037,143,93,93,93,90,90,90,90,90,90,0,20
LIRCMOP10_BC,2,ref_y,246,92,1,0.31,92,0,0.00628098319309254,0.0236520290944059,92,20,4,0.00478394259268889,34.7826086956522,0.069354483082321,0.138111027970383,0,20,0,20,7,0.217391304347826,3.93344712300022e-05,8.22649696551505e-05,0,0.000444659624623404,NaN,0.4,-0.000661805712823649,0.129032258064516,0.000344259268755545,0.000799338176349536,0.000799338176349536,NaN,0.35,400,90,580,580,358,222,264,41,100,41,6159,341,93,93,93,93,92,92,92,92,92,0,20
LIRCMOP10_BC,2,ref_y,247,84,1,0.28,84,0,0.00507833797429694,0.0130822967089443,84,20,4,0.00436794758462898,38.0952380952381,0.0700269460383869,0.139713299829618,0,20,0,20,10,0.238095238095238,8.51316126909512e-05,0.000118645138825727,0,0.000230688681354101,NaN,0.75,0.0029702702727353,0.142857142857143,0.000516264341893078,0.000573072120852627,0.000573072120852627,NaN,0.5,400,92,584,584,360,224,265,35,99,35,7820,219,84,84,84,84,84,84,84,84,84,0,20
LIRCMOP10_BC,2,ref_y,248,81,1,0.27,81,0,0.00395975831862356,0.0119323106311582,81,20,4,0.00421194945660652,39.5061728395062,0.0711674529331639,0.135061939665142,0,20,0,20,6,0.246913580246914,9.25826692342658e-05,0.000148360338646325,0,0.000205539709583678,NaN,0.75,0.00768452707558196,0.222222222222222,0.000449785253311595,0.000703374684833235,0.000703374684833235,NaN,0.3,400,84,568,568,360,208,271,30,100,30,8384,220,81,81,81,81,81,81,81,81,81,0,20
LIRCMOP10_BC,2,ref_y,249,78,1,0.26,78,0,0.0037022566671505,0.00868940029709566,78,20,4,0.00405595132858406,41.025641025641,0.0827323897091921,0.134203884476829,0,20,0,20,6,0.256410256410256,0.000106653343572575,0.000200367044965486,0,0.000232517795667685,NaN,0.95,0.011210659718043,0.153846153846154,0.000459301653467148,0.000685720229127349,0.000685720229127349,NaN,0.3,400,81,562,562,358,204,258,30,96,26,7367,185,78,78,78,78,78,78,78,78,78,0,20
LIRCMOP10_BC,2,ref_y,250,84,1,0.28,84,0,0.00575842917515841,0.0149252484449994,84,20,4,0.00436794758462898,38.0952380952381,0.0683269691999331,0.134203884476829,0,20,0,20,7,0.238095238095238,5.35339256813664e-05,9.8534169196678e-05,0,0.000543929659118645,NaN,1,0.0147229702223943,0.142857142857143,0.000363378543927722,0.000904364085349242,0.000904364085349242,NaN,0.35,400,78,556,556,352,204,243,38,97,35,4499,190,84,84,84,84,84,84,84,84,84,0,20
LIRCMOP10_BC,2,ref_y,251,90,1,0.3,90,0,0.00682480309453133,0.0169357302256844,90,20,4,0.00467994384067391,35.5555555555556,0.0682253108327171,0.13738761974738,0,20,0,20,9,0.222222222222222,6.85698284808614e-05,0.00013245867264537,0,0.000267081155372077,NaN,1,0.0130399353161227,0.133333333333333,0.000448918338882983,0.00060806575388312,0.00060806575388312,NaN,0.45,400,84,568,568,358,210,237,37,93,30,5313,196,90,90,90,90,90,90,90,90,90,0,20
LIRCMOP10_BC,2,ref_y,252,81,1,0.27,81,0,0.00519327687542733,0.013094587058826,81,20,4,0.00421194945660652,39.5061728395062,0.0851785401681023,0.145225567349279,0,20,0,20,2,0.246913580246914,0.000143997023003235,0.000825868955308599,0,0.000825868955308599,NaN,0.7,0.00562172086025825,0.0740740740740741,0.000410302517289376,0.000831177658310391,0.000831177658310391,NaN,0.1,400,90,580,580,360,220,258,29,97,29,8506,172,81,81,81,81,81,81,81,81,81,0,20
LIRCMOP10_BC,2,ref_y,253,84,1,0.28,84,0,0.00483932374389182,0.0114443729747041,84,20,4,0.00436794758462898,38.0952380952381,0.0847837361697992,0.133827963993499,0,20,0,20,5,0.238095238095238,0.000135612520987683,0.000585477530148414,0,0.000596242814505694,NaN,1,0.0112680675932389,0.214285714285714,0.00052487323818504,0.000831262293339883,0.000831262293339883,NaN,0.25,400,81,562,562,359,203,258,31,96,28,6110,223,84,84,84,84,84,84,84,84,84,0,20
LIRCMOP10_BC,2,ref_y,254,81,1,0.27,81,0,0.00584441361823034,0.0128094639508849,81,20,4,0.00421194945660652,39.5061728395062,0.0851785401681023,0.145225567349279,0,20,0,20,7,0.246913580246914,0.000174623162790961,0.000310761230016857,0,0.000387298412596937,NaN,0.75,0.00592192660755658,0.222222222222222,0.000708924429603411,0.000881715666672788,0.000881715666672788,NaN,0.35,400,84,568,568,358,210,258,29,95,27,8260,158,81,81,81,81,81,81,81,81,81,0,20
LIRCMOP10_BC,2,ref_y,255,87,1,0.29,87,0,0.00491467137708766,0.0117662097607364,87,20,4,0.00452394571265145,36.7816091954023,0.0867556134120328,0.139959009183545,0,20,0,20,4,0.229885057471264,5.43023401594896e-05,0.000210734647185085,0,0.000210734647185085,NaN,0.8,0.00988000925918331,0.137931034482759,0.000291796636804393,0.000499165541725754,0.000499165541725754,NaN,0.2,400,81,562,562,359,203,263,32,97,29,6984,254,87,87,87,87,87,87,87,87,87,0,20
LIRCMOP10_BC,2,ref_y,256,84,1,0.28,84,0,0.00525627560080375,0.0151181403749324,84,20,4,0.00436794758462898,38.0952380952381,0.0847837361697992,0.145225567349279,0,20,0,20,2,0.238095238095238,4.4230290065232e-05,0.000104326939803577,0,0.000107079716812071,NaN,0.65,0.00348296347881065,0.142857142857143,0.000372618858892778,0.000425185285209135,0.000425185285209135,NaN,0.1,400,87,574,574,366,208,254,29,100,29,7509,266,84,84,84,84,84,84,84,84,84,0,20
LIRCMOP10_BC,2,ref_y,257,99,1,0.33,99,0,0.00702414190286549,0.0227687427401058,99,20,4,0.0051479382247413,32.3232323232323,0.0903634090829999,0.205679961224884,0,20,0,20,8,0.202020202020202,5.29009744908857e-05,0.000189482739120333,0,0.00063211374475318,NaN,1,0.0167328148582643,0.121212121212121,0.000603488942783254,0.000828736963227584,0.000828736963227584,NaN,0.4,400,84,568,568,359,209,261,42,98,40,4287,293,102,102,102,102,99,99,99,99,99,0,20
LIRCMOP10_BC,2,ref_y,258,84,1,0.28,84,0,0.00626681193437088,0.0153694746247192,84,20,4,0.00436794758462898,38.0952380952381,0.0826804541632004,0.177736951493752,0,20,0,20,3,0.238095238095238,0.000135221861089007,0.000443153270174272,0,0.000443153270174272,NaN,0.65,0.0157197854012635,0.142857142857143,0.000324652927835054,0.000508842564259773,0.000508842564259773,NaN,0.15,400,99,598,598,381,217,265,30,98,28,8392,306,84,84,84,84,84,84,84,84,84,0,20
LIRCMOP10_BC,2,ref_y,259,81,1,0.27,81,0,0.00658385346324373,0.0189730882276788,81,20,4,0.00421194945660652,39.5061728395062,0.0843889321714961,0.140770763300443,0,20,0,20,3,0.246913580246914,0.000423195270466525,0.000746402399151252,0,0.000746402399151252,NaN,0.7,0.00141579397707849,0.0740740740740741,0.000782981278095035,0.000983514419202575,0.000983514419202575,NaN,0.15,400,84,568,568,366,202,262,27,95,27,8269,276,81,81,81,81,81,81,81,81,81,0,20
LIRCMOP10_BC,2,ref_y,260,84,1,0.28,84,0,0.00553600243899966,0.0122956567025745,84,20,4,0.00436794758462898,38.0952380952381,0.0802389238956896,0.181802893647964,0,20,0,20,7,0.238095238095238,6.07027326123752e-05,0.000117871238244621,0,0.000183428180917422,NaN,0.75,0.0163990715058954,0.214285714285714,0.000383473205840343,0.000514866872096581,0.000514866872096581,NaN,0.35,400,81,562,562,353,209,246,31,100,31,5589,312,90,90,90,90,84,84,84,84,84,0,20
LIRCMOP10_BC,2,ref_y,261,96,1,0.32,96,0,0.00374640479658651,0.00885222410756723,96,20,4,0.00499194009671884,33.3333333333333,0.0776567258446074,0.22084213020606,0,20,0,20,8,0.208333333333333,8.46310231456413e-05,0.0001999981823152,0,0.000377325444429544,NaN,0.9,0.0148018313789685,0.125,0.000508929594012545,0.000746352451358991,0.000746352451358991,NaN,0.4,400,84,568,568,363,205,263,37,94,32,5179,232,96,96,96,96,96,96,96,96,96,0,20
LIRCMOP10_BC,2,ref_y,262,90,1,0.3,90,0,0.00499141288430584,0.0128616023772788,90,20,4,0.00467994384067391,35.5555555555556,0.0898217805212387,0.233319152076362,0,20,0,20,3,0.222222222222222,0.000153851602244699,0.000286008833997498,0,0.000287641846910412,NaN,0.55,0.00115967417141431,0.0666666666666667,0.000195253985412504,0.000394916330292576,0.000394916330292576,NaN,0.15,400,96,592,592,366,226,270,33,100,33,8199,267,93,93,93,93,90,90,90,90,90,0,20
LIRCMOP10_BC,2,ref_y,263,87,1,0.29,87,0,0.00535569697328879,0.0130546072152889,87,20,4,0.00452394571265145,36.7816091954023,0.0817629378851481,0.250875442343566,0,20,0,20,4,0.229885057471264,8.07211808420782e-05,9.92594325139198e-05,0,9.92594325139198e-05,NaN,0.7,0.00635564155091436,0.0689655172413793,0.000212319086076143,0.000287181818452797,0.000287181818452797,NaN,0.2,400,90,580,580,372,208,254,33,93,29,6796,274,87,87,87,87,87,87,87,87,87,0,20
LIRCMOP10_BC,2,ref_y,264,96,1,0.32,96,0,0.00786222468166936,0.0250475758478919,96,20,4,0.00499194009671884,33.3333333333333,0.0823131366968315,0.229272679980418,0,20,0,20,9,0.208333333333333,0.000138004240809367,0.000752223109001241,0,0.00184679840378063,NaN,1,0.0108522970882909,0.0625,0.000886530914729291,0.00219225770299037,0.00219225770299037,NaN,0.45,400,87,574,574,373,201,254,41,93,34,3886,169,102,102,102,102,96,96,96,96,96,0,20
LIRCMOP10_BC,2,ref_y,265,81,1,0.27,81,0,0.00540123384594759,0.0139639724112533,81,20,4,0.00421194945660652,39.5061728395062,0.0817629378851481,0.224404119281708,0,20,0,20,8,0.246913580246914,0.000262958810358597,0.000569200052609136,0,0.000569200052609136,NaN,0.35,-0.00377439215754991,0.222222222222222,0.00074447970401018,0.00104906000803233,0.00104906000803233,NaN,0.4,400,96,592,592,377,215,254,31,96,31,8741,301,83,83,83,83,81,81,81,81,81,0,20
LIRCMOP10_BC,2,ref_y,266,96,1,0.32,96,0,0.00633269027129982,0.0164131877498886,96,20,4,0.00499194009671884,33.3333333333333,0.0776120274375117,0.224404119281708,0,20,0,20,7,0.208333333333333,4.9924782675418e-05,9.65209189905358e-05,0,0.000389321772025494,NaN,1,0.0122722493540811,0.125,0.000285771091640946,0.000763372277142044,0.000763372277142044,NaN,0.35,400,81,562,562,351,211,243,40,100,40,4828,204,99,99,99,96,96,96,96,96,96,0,20
LIRCMOP10_BC,2,ref_y,267,81,1,0.27,81,0,0.0056606424442108,0.0139680679343861,81,20,4,0.00421194945660652,39.5061728395062,0.0972332980364041,0.191503188132166,0,20,0,20,2,0.246913580246914,0.000317262847983166,0.000768096415670121,0,0.000811965639264012,NaN,0.5,6.02085867798113e-05,0.148148148148148,0.000488481049250886,0.000918200142099217,0.000918200142099217,NaN,0.1,400,96,592,592,379,213,283,30,94,29,10128,304,81,81,81,81,81,81,81,81,81,0,20
LIRCMOP10_BC,2,ref_y,268,84,1,0.28,84,0,0.00517754306929042,0.0136570259442913,84,20,4,0.00436794758462898,38.0952380952381,0.0794110798427213,0.191503188132166,0,20,0,20,7,0.238095238095238,7.60702692148825e-05,0.000137741973761954,0,0.000280306514505302,NaN,1,0.0109308295167241,0.214285714285714,0.000625502171955549,0.000830662593174708,0.000830662593174708,NaN,0.35,400,81,562,562,359,203,243,32,97,29,6259,270,84,84,84,84,84,84,84,84,84,0,20
LIRCMOP10_BC,2,ref_y,269,93,1,0.31,93,0,0.00560560054601901,0.013451712001656,93,20,4,0.00483594196869638,34.4086021505376,0.0830492100536704,0.207636669502076,0,20,0,20,5,0.21505376344086,6.36350981013728e-05,8.55192853111256e-05,0,9.0450466532951e-05,NaN,0.75,0.0113880794983981,0.129032258064516,0.000146858381031809,0.000457308997638609,0.000457308997638609,NaN,0.25,400,84,568,568,374,194,265,35,96,31,6264,288,93,93,93,93,93,93,93,93,93,0,20
LIRCMOP10_BC,2,ref_y,270,81,1,0.27,81,0,0.00581355835010584,0.0118059545182633,81,20,4,0.00421194945660652,39.5061728395062,0.0855736762865446,0.134262196030592,0,20,0,20,4,0.246913580246914,8.88352272301696e-05,0.000129470667694809,0,0.000156295474900419,NaN,1,0.0038997636570258,0.148148148148148,0.000299624634667218,0.000448850683613016,0.000448850683613016,NaN,0.2,400,93,586,586,371,215,248,30,93,28,6909,515,81,81,81,81,81,81,81,81,81,0,20
LIRCMOP10_BC,2,ref_y,271,87,1,0.29,87,0,0.00539021184001303,0.0136079385603745,87,20,4,0.00452394571265145,36.7816091954023,0.088606607529982,0.136607186221079,0,20,0,20,3,0.229885057471264,0.000230507402822054,0.000266671822680629,0,0.000285512656815784,NaN,0.3,-0.00264508693536433,0.206896551724138,0.000518161240178888,0.00076334521849527,0.00076334521849527,NaN,0.15,400,81,562,562,361,201,256,31,91,30,7139,453,87,87,87,87,87,87,87,87,87,0,20
LIRCMOP10_BC,2,ref_y,272,81,1,0.27,81,0,0.00600404835977046,0.0131470358228759,81,20,4,0.00421194945660652,39.5061728395062,0.0953509478755643,0.138527880375379,0,20,0,20,3,0.246913580246914,0.00156052745358428,0.00169717897833804,0,0.00245457885202058,NaN,0.2,-0.00108958843053608,0.0740740740740741,0.00302939622629626,0.00324381533174393,0.00324381533174393,NaN,0.15,400,87,574,574,375,199,267,30,97,28,7208,446,81,81,81,81,81,81,81,81,81,0,20
LIRCMOP10_BC,2,ref_y,273,90,1,0.3,90,0,0.00546061442558994,0.0127676094852759,90,20,4,0.00467994384067391,35.5555555555556,0.0754661057342254,0.144164642135823,0,20,0,20,7,0.222222222222222,0.0010942204561984,0.00242726538077306,0,0.00546892107602093,NaN,0.8,0.00465109039428436,0.0666666666666667,0.00265781766087454,0.00596323029833046,0.00596323029833046,NaN,0.35,400,81,562,562,362,200,255,38,98,38,4788,327,93,93,93,93,90,90,90,90,90,0,20
LIRCMOP10_BC,2,ref_y,274,87,1,0.29,87,0,0.00552402263151191,0.0114231249291572,87,20,4,0.00452394571265145,36.7816091954023,0.0855736762865446,0.21025124461384,0,20,0,20,2,0.229885057471264,0.000385305460226245,0.000784897792560721,0,0.000784897792560721,NaN,0.55,0.000765171250989877,0.0689655172413793,0.000530733671084388,0.000898678265401956,0.000898678265401956,NaN,0.1,400,90,580,580,374,206,265,32,94,30,7693,251,87,87,87,87,87,87,87,87,87,0,20
LIRCMOP10_BC,2,ref_y,275,93,1,0.31,93,0,0.00540510272670102,0.0142675479598696,93,20,4,0.00483594196869638,34.4086021505376,0.0817629378851481,0.181423307686486,0,20,0,20,8,0.21505376344086,0.000104127953976614,0.000207830561628375,0,0.000248874635850318,NaN,0.9,0.00469973430830057,0.193548387096774,0.000537367480510708,0.000606178241407671,0.000606178241407671,NaN,0.4,400,87,574,574,376,198,246,36,96,32,5546,336,93,93,93,93,93,93,93,93,93,0,20
LIRCMOP10_BC,2,ref_y,276,96,1,0.32,96,0,0.00501863361545613,0.0136278025565493,96,20,4,0.00499194009671884,33.3333333333333,0.0839126855753022,0.171813995377368,0,20,0,20,5,0.208333333333333,5.03167354091749e-05,0.000150296721190076,0,0.000157884500152044,NaN,1,0.0153780250629134,0.125,0.000286377476921597,0.000507721177164812,0.000507721177164812,NaN,0.25,400,93,586,586,358,228,262,37,94,33,6568,303,96,96,96,96,96,96,96,96,96,0,20
LIRCMOP10_BC,2,ref_y,277,93,1,0.31,93,0,0.00521408733800064,0.0126146614977118,93,20,4,0.00483594196869638,34.4086021505376,0.0844232204103237,0.193609335524852,0,20,0,20,3,0.21505376344086,4.41931673214611e-05,7.64833147552521e-05,0,7.64833147552521e-05,NaN,0.65,0.0115544893860694,0.0645161290322581,0.000128228135576935,0.000239560004022308,0.000239560004022308,NaN,0.15,400,96,592,592,372,220,265,35,95,35,7262,378,93,93,93,93,93,93,93,93,93,0,20
LIRCMOP10_BC,2,ref_y,278,99,1,0.33,99,0,0.00669358988955332,0.0210932376156303,99,20,4,0.0051479382247413,32.3232323232323,0.0817629378851481,0.150619986948057,0,20,0,20,12,0.202020202020202,0.000139562766371598,0.000382336351067591,0,0.00126634746958392,NaN,1,0.0128957251331295,0.0606060606060606,0.000899184157393526,0.00143845998583052,0.00143845998583052,NaN,0.6,400,93,586,586,365,221,248,43,98,41,4115,301,102,102,102,99,99,99,99,99,99,0,20
LIRCMOP10_BC,2,ref_y,279,105,1,0.35,105,0,0.00707826367006323,0.0247720433504449,105,20,4,0.00545993448078623,30.4761904761905,0.0722173015622198,0.219860556922958,0,20,0,20,11,0.19047619047619,5.03477648617458e-05,0.000620478369756183,0,0.00173663436853171,NaN,1,0.0181108610293789,0.0571428571428571,0.000844079203280669,0.00192254675093481,0.00192254675093481,NaN,0.55,400,99,598,598,371,227,265,43,97,40,6321,375,108,108,108,108,105,105,105,105,105,0,20
LIRCMOP10_BC,2,ref_y,280,86,1,0.29,86,0,0.00575039096871457,0.0199317062077291,86,20,4,0.00447194633664396,37.2093023255814,0.083969624394774,0.188345633787409,0,20,0,20,10,0.232558139534884,7.39358072929142e-05,0.000304975142402484,0,0.000403671389373632,NaN,0.75,0.0178214996008721,0.206896551724138,0.000701585409229733,0.000759448365032574,0.000759448365032574,NaN,0.5,400,105,610,610,377,233,266,34,97,34,9175,391,86,86,86,86,86,86,86,86,86,0,20
LIRCMOP10_BC,2,ref_y,281,90,1,0.3,90,0,0.00585392052432182,0.0162233020037193,90,20,4,0.00467994384067391,35.5555555555556,0.08132029166958,0.173795286227997,0,20,0,20,4,0.222222222222222,7.45940454096408e-05,0.000191557902692619,0,0.000205811828855618,NaN,1,0.0125971877887597,0.133333333333333,0.00029749542874681,0.000484602136225264,0.000484602136225264,NaN,0.2,400,86,572,572,376,196,259,34,98,34,6492,325,90,90,90,90,90,90,90,90,90,0,20
LIRCMOP10_BC,2,ref_y,282,81,1,0.27,81,0,0.00483738269327121,0.0149537951746039,81,20,4,0.00421194945660652,39.5061728395062,0.0769917315607963,0.157499734019943,0,20,0,20,5,0.246913580246914,5.50146731350705e-05,0.000102140535304734,0,0.000154452553371213,NaN,1,0.0143967447060078,0.222222222222222,0.000406408889087342,0.000454119279360208,0.000454119279360208,NaN,0.25,400,90,580,580,358,222,259,32,91,30,7208,217,81,81,81,81,81,81,81,81,81,0,20
LIRCMOP10_BC,2,ref_y,283,87,1,0.29,87,0,0.00696061221519312,0.0168574184854155,87,20,4,0.00452394571265145,36.7816091954023,0.0830492100536704,0.156123784605566,0,20,0,20,6,0.229885057471264,6.728008743154e-05,0.000190464302244891,0,0.000488789996988738,NaN,0.85,0.0189871058318408,0.137931034482759,0.0005825252389355,0.000947208859837778,0.000947208859837778,NaN,0.3,400,81,562,562,350,212,249,35,100,35,5543,203,87,87,87,87,87,87,87,87,87,0,20
LIRCMOP10_BC,2,ref_y,284,81,1,0.27,81,0,0.0051996745810697,0.0129579739510441,81,20,4,0.00421194945660652,39.5061728395062,0.0856488517783637,0.148912172272603,0,20,0,20,2,0.246913580246914,3.98470929694694e-05,9.05825221464606e-05,0,9.05825221464606e-05,NaN,1,0.0151617093414888,0.0740740740740741,0.000191914648709557,0.000339646393060364,0.000339646393060364,NaN,0.1,400,87,574,574,363,211,256,32,97,32,6922,235,84,84,84,81,81,81,81,81,81,0,20
LIRCMOP10_BC,2,ref_y,285,86,1,0.29,86,0,0.00602755965831558,0.0135339610039728,86,20,4,0.00447194633664396,37.2093023255814,0.0856488517783637,0.2192680597013,0,20,0,20,3,0.232558139534884,4.52108704289282e-05,7.707642172071e-05,0,7.90112343386956e-05,NaN,1,0.0159498681554035,0.137931034482759,0.000247025180582258,0.000403002514719891,0.000403002514719891,NaN,0.15,400,81,562,562,355,207,241,31,98,29,6371,168,86,86,86,86,86,86,86,86,86,0,20
LIRCMOP10_BC,2,ref_y,286,98,1,0.33,98,0,0.00745718278614623,0.0185555865643058,98,20,4,0.00509593884873382,32.6530612244898,0.0762773551616624,0.148912172272603,0,20,0,20,9,0.204081632653061,7.06200490840769e-05,0.000671271043338881,0,0.0018311242770961,NaN,1,0.0125885621858471,0.121212121212121,0.000645575178899778,0.00220229448937376,0.00220229448937376,NaN,0.45,400,86,572,572,358,214,255,40,98,38,5041,249,101,101,101,101,98,98,98,98,98,0,20
LIRCMOP10_BC,2,ref_y,287,102,1,0.34,102,0,0.00602346401625503,0.0233109782055642,102,20,4,0.00530393635276377,31.3725490196078,0.0824697830831619,0.153901682463995,0,20,0,20,11,0.196078431372549,4.02021777584825e-05,0.00038513641612467,0,0.000967509876928009,NaN,0.8,0.00883655072775344,0.117647058823529,0.000733464850310585,0.00135501313201153,0.00135501313201153,NaN,0.55,400,98,596,596,367,229,264,46,91,37,5273,194,105,105,105,102,102,102,102,102,102,0,20
LIRCMOP10_BC,2,ref_y,288,105,1,0.35,105,0,0.00576785111336266,0.0167261227648697,105,20,4,0.00545993448078623,30.4761904761905,0.0835841093323467,0.168719553623176,0,20,0,20,7,0.19047619047619,3.59731367120626e-05,0.00144962930379514,0,0.00151263693541685,NaN,0.85,0.00795994726376766,0.114285714285714,0.000870695441281895,0.00217195506775395,0.00217195506775395,NaN,0.35,400,102,604,604,373,231,271,38,100,38,7693,445,105,105,105,105,105,105,105,105,105,0,20
LIRCMOP10_BC,2,ref_y,289,93,1,0.31,93,0,0.00542870764340878,0.0191911463548892,93,20,4,0.00483594196869638,34.4086021505376,0.0858500178558342,0.159489724182367,0,20,0,20,1,0.21505376344086,0.000550649601992533,0.000925515090153184,0,0.000925515090153184,NaN,0.55,0.000892213646746076,0.0645161290322581,0.000776026896698159,0.00102916163219754,0.00102916163219754,NaN,0.05,400,105,610,610,378,232,274,33,100,33,7958,382,93,93,93,93,93,93,93,93,93,0,20
LIRCMOP10_BC,2,ref_y,290,87,1,0.29,87,0,0.00548905120291788,0.0147514107711383,87,20,4,0.00452394571265145,36.7816091954023,0.087587550830864,0.165394386692522,0,20,0,20,5,0.229885057471264,0.000432437124463378,0.000663917231020295,0,0.000663917231020295,NaN,0.55,0.000438543816054422,0.137931034482759,0.000748540502219467,0.000936963221107247,0.000936963221107247,NaN,0.25,400,93,586,586,361,225,266,31,100,31,7610,258,90,90,90,90,87,87,87,87,87,0,20
LIRCMOP10_BC,2,ref_y,291,99,1,0.33,99,0,0.00602615047050181,0.0143876128051079,99,20,4,0.0051479382247413,32.3232323232323,0.0810352003294514,0.229181540950217,0,20,0,20,8,0.202020202020202,3.89907314716443e-05,0.000116296663936768,0,0.0005905152068441,NaN,1,0.0138932032459481,0.0606060606060606,0.000528281308512233,0.000914348845098353,0.000914348845098353,NaN,0.4,400,87,574,574,357,217,241,42,100,42,4171,175,102,102,102,102,99,99,99,99,99,0,20
LIRCMOP10_BC,2,ref_y,292,84,1,0.28,84,0,0.00482257807981266,0.0152707836051505,84,20,4,0.00436794758462898,38.0952380952381,0.0885809119052989,0.152792200644858,0,20,0,20,5,0.238095238095238,0.000145628337492109,0.000309845017016409,0,0.000338372436255393,NaN,1,0.0102110065985819,0.214285714285714,0.000528316653057402,0.000692856044810382,0.000692856044810382,NaN,0.25,400,99,598,598,361,237,253,31,100,31,8079,228,84,84,84,84,84,84,84,84,84,0,20
LIRCMOP10_BC,2,ref_y,293,87,1,0.29,87,0,0.00436768055139662,0.0106551678814076,87,20,4,0.00452394571265145,36.7816091954023,0.0810352003294514,0.196054683698076,0,20,0,20,7,0.229885057471264,4.15423193704486e-05,0.00018098427877173,0,0.000295162239093178,NaN,0.9,0.00947765668224304,0.137931034482759,0.000632142819958095,0.000819683097834209,0.000819683097834209,NaN,0.35,400,84,568,568,350,218,249,36,99,35,5472,168,87,87,87,87,87,87,87,87,87,0,20
LIRCMOP10_BC,2,ref_y,294,87,1,0.29,87,0,0.00615869632435027,0.0167404482125801,87,20,4,0.00452394571265145,36.7816091954023,0.0895742729797337,0.21271653007599,0,20,0,20,6,0.229885057471264,0.000167303357252923,0.000220906920267454,0,0.000312014671957131,NaN,0.95,0.0100287132558139,0.206896551724138,0.000575804061492665,0.00099559749623334,0.00099559749623334,NaN,0.3,400,87,574,574,367,207,253,32,99,31,6472,195,87,87,87,87,87,87,87,87,87,0,20
LIRCMOP10_BC,2,ref_y,295,96,1,0.32,96,0,0.00576310139917068,0.0158376029401216,96,20,4,0.00499194009671884,33.3333333333333,0.0766262509458356,0.207840311554444,0,20,0,20,8,0.208333333333333,3.72941354214831e-05,9.35316849428794e-05,0,0.000743067978723207,NaN,1,0.00729025003117071,0.125,0.000446793569263128,0.00109627675105346,0.00109627675105346,NaN,0.4,400,87,574,574,364,210,250,42,92,34,4216,210,102,102,102,99,96,96,96,96,96,0,20
LIRCMOP10_BC,2,ref_y,296,87,1,0.29,87,0,0.00535819428403052,0.0111986904252338,87,20,4,0.00452394571265145,36.7816091954023,0.0810352003294514,0.20309064695075,0,20,0,20,10,0.229885057471264,4.33609993345199e-05,0.000135354024902577,0,0.000512541796541115,NaN,1,0.0221187313842865,0.137931034482759,0.000476447911986802,0.000950250923665471,0.000950250923665471,NaN,0.5,400,96,592,592,358,234,268,37,98,35,7079,326,87,87,87,87,87,87,87,87,87,0,20
LIRCMOP10_BC,2,ref_y,297,100,1,0.34,100,0,0.00690677172863373,0.0163338169239275,100,20,4,0.00519993760074879,32,0.0830492100536704,0.164666488925237,0,20,0,20,7,0.2,3.13805616652665e-05,8.19586583399076e-05,0,0.000728004558980527,NaN,1,0.0140578536247739,0.117647058823529,0.000374974340427764,0.00108039783184536,0.00108039783184536,NaN,0.35,400,87,574,574,349,225,243,42,99,41,5193,223,100,100,100,100,100,100,100,100,100,0,20
LIRCMOP10_BC,2,ref_y,298,89,1,0.31,89,0,0.00430980190787801,0.0162254401255608,89,20,4,0.00462794446466642,35.9550561797753,0.0867860983135084,0.190472743740409,0,20,0,20,5,0.224719101123595,0.00034385251850049,0.00112228513327318,0,0.00112228513327318,NaN,0.5,-0.000394068802685776,0.193548387096774,0.000720281591712374,0.00112491269347166,0.00112491269347166,NaN,0.25,400,100,600,600,363,237,255,33,98,32,7994,314,91,91,91,89,89,89,89,89,89,0,20
LIRCMOP10_BC,2,ref_y,299,105,1,0.35,105,0,0.0058858459554825,0.0134744512134654,105,20,4,0.00545993448078623,30.4761904761905,0.084121110388305,0.213935584706377,0,20,0,20,6,0.19047619047619,4.47601385794907e-05,7.98046745701173e-05,0,0.000304274458538667,NaN,1,0.0163990100748287,0.114285714285714,0.000224147172637626,0.000659244489741336,0.000659244489741336,NaN,0.3,400,89,578,578,356,222,255,42,94,36,4954,208,108,108,108,108,105,105,105,105,105,0,20
LIRCMOP10_BC,2,ref_y,300,96,1,0.32,96,0,0.00736630705929806,0.0176428616557903,96,20,4,0.00499194009671884,33.3333333333333,0.0856488517783637,0.207840311554444,0,20,0,20,10,0.208333333333333,3.1991927009737e-05,0.000334326540377138,0,0.000559685008542687,NaN,1,0.00817629109355186,0.1875,0.000684141361468402,0.000973010815534882,0.000973010815534882,NaN,0.5,400,105,610,610,373,237,270,38,96,34,7553,300,96,96,96,96,96,96,96,96,96,0,20
LIRCMOP10_BC,2,ref_y,301,99,1,0.33,99,0,0.0062870207932675,0.017999120990713,99,20,4,0.0051479382247413,32.3232323232323,0.0810352003294514,0.207840311554444,0,20,0,20,9,0.202020202020202,4.76098009867311e-05,0.000182155276753803,0,0.000415736369772705,NaN,1,0.0135951532499533,0.181818181818182,0.000439100500602564,0.000888022205241049,0.000888022205241049,NaN,0.45,400,96,592,592,362,230,260,38,98,36,5661,231,99,99,99,99,99,99,99,99,99,0,20
LIRCMOP10_BC,2,ref_y,302,96,1,0.32,96,0,0.00450866655711422,0.0128735414619943,96,20,4,0.00499194009671884,33.3333333333333,0.0844496139547523,0.207840311554444,0,20,0,20,4,0.208333333333333,5.75064896809056e-05,0.000161163955550193,0,0.000161163955550193,NaN,0.45,-0.000628738964420776,0.1875,0.000284868148935092,0.000463552548946745,0.000463552548946745,NaN,0.2,400,99,598,598,359,239,261,35,100,35,7008,334,100,100,100,100,96,96,96,96,96,0,20
LIRCMOP10_BC,2,ref_y,303,107,1,0.37,107,0,0.00587292403579067,0.0166316010983933,107,20,4,0.00556393323280121,29.9065420560748,0.084121110388305,0.207840311554444,0,20,0,20,9,0.186915887850467,0.000218181217581768,0.00044989955095132,0,0.00139741014201336,NaN,1,0.012076617836198,0.0540540540540541,0.00136948717451536,0.00171967283860069,0.00171967283860069,NaN,0.45,400,96,592,592,361,231,266,42,100,42,5739,281,110,110,110,110,107,107,107,107,107,0,20
LIRCMOP10_BC,2,ref_y,304,93,1,0.31,93,0,0.00574168855530178,0.0210326446877769,93,20,4,0.00483594196869638,34.4086021505376,0.082395595629842,0.16644501115075,0,20,0,20,4,0.21505376344086,6.67913716992556e-05,0.000317007819767482,0,0.000317007819767482,NaN,0.8,0.00635695110648542,0.129032258064516,0.000343211713740701,0.000421210180040839,0.000421210180040839,NaN,0.2,400,107,614,614,378,236,268,36,100,36,7433,285,96,96,96,96,93,93,93,93,93,0,20
LIRCMOP10_BC,2,ref_y,305,108,1,0.36,108,0,0.00667988141257881,0.0171532017204856,108,20,4,0.00561593260880869,29.6296296296296,0.0851809756155092,0.174743850026645,0,20,0,20,10,0.185185185185185,0.000202873583417535,0.000570808936592793,0,0.001737009766158,NaN,0.55,0.00172086065337497,0.0555555555555556,0.0012718769349801,0.00205524233755363,0.00205524233755363,NaN,0.5,400,93,586,586,363,223,255,42,100,42,4931,257,108,108,108,108,108,108,108,108,108,0,20
LIRCMOP10_BC,2,ref_y,306,110,1,0.37,110,0,0.00727495865499146,0.0205194315459633,110,20,4,0.00571993136082367,29.0909090909091,0.0879648318596644,0.184091988535973,0,20,0,20,12,0.181818181818182,6.66813800852991e-05,0.000530082189874429,0,0.00163902844151613,NaN,1,0.00917409354582981,0.108108108108108,0.000706239642621145,0.00190759860328132,0.00190759860328132,NaN,0.6,400,108,616,616,366,250,262,43,96,39,5152,262,116,116,116,113,110,110,110,110,110,0,20
LIRCMOP10_BC,2,ref_y,307,102,1,0.34,102,0,0.00738315357052919,0.0308649305212129,102,20,4,0.00530393635276377,31.3725490196078,0.0867187843433491,0.174743850026645,0,20,0,20,4,0.196078431372549,0.000359269578542611,0.000925099437949814,0,0.000925099437949814,NaN,0.65,0.00184669876982241,0.117647058823529,0.000756728085628005,0.000988945579801977,0.000988945579801977,NaN,0.2,400,110,620,620,376,244,284,35,100,35,8961,443,102,102,102,102,102,102,102,102,102,0,20
LIRCMOP10_BC,2,ref_y,308,101,1,0.34,101,0,0.0073324923611228,0.0168637444098013,101,20,4,0.00525193697675628,31.6831683168317,0.0822117156814528,0.201485703609609,0,20,0,20,9,0.198019801980198,9.09098825599056e-05,0.000161068648797205,0,0.00067800692006234,NaN,1,0.0149593108970624,0.117647058823529,0.000656173272651774,0.00107959702221511,0.00107959702221511,NaN,0.45,400,102,604,604,361,243,259,38,100,38,5608,261,104,104,104,104,101,101,101,101,101,0,20
LIRCMOP10_BC,2,ref_y,309,99,1,0.33,99,0,0.00683021174293701,0.0155925727925156,99,20,4,0.0051479382247413,32.3232323232323,0.0816354980621824,0.188247118998489,0,20,0,20,5,0.202020202020202,7.87096610737982e-05,0.000226867923512322,0,0.000282923913202849,NaN,1,0.0117112226416794,0.121212121212121,0.000294363602357076,0.000547648367794873,0.000547648367794873,NaN,0.25,400,101,602,602,351,251,251,37,100,37,6471,236,99,99,99,99,99,99,99,99,99,0,20
LIRCMOP10_BC,2,ref_y,310,106,1,0.36,106,0,0.00662717183874898,0.0193921591559963,106,20,4,0.00551193385679372,30.188679245283,0.0830492100536704,0.197249298313051,0,20,0,20,9,0.188679245283019,6.42518193257671e-05,0.000324907249209611,0,0.000922760603985344,NaN,1,0.0124302619009144,0.111111111111111,0.000627676179262229,0.00127402374925605,0.00127402374925605,NaN,0.45,400,99,598,598,354,244,253,43,100,43,4894,247,111,111,111,111,106,106,106,106,106,0,20
LIRCMOP10_BC,2,ref_y,311,99,1,0.33,99,0,0.0082940668182999,0.0171600234505336,99,20,4,0.0051479382247413,32.3232323232323,0.0837295720509281,0.197249298313051,0,20,0,20,9,0.202020202020202,5.11158888281851e-05,9.19383584432164e-05,0,0.000464675205606321,NaN,1,0.0147825577405166,0.121212121212121,0.000388679016297547,0.000906803848475282,0.000906803848475282,NaN,0.45,400,106,612,612,365,247,261,40,98,38,6462,242,102,102,102,99,99,99,99,99,99,0,20
LIRCMOP10_BC,2,ref_y,312,108,1,0.36,108,0,0.00842137618670026,0.0188306740447117,108,20,4,0.00561593260880869,29.6296296296296,0.0855166516247885,0.197249298313051,0,20,0,20,9,0.185185185185185,5.62820963507676e-05,0.000131797155145713,0,0.000438354907354727,NaN,1,0.0137013826552689,0.111111111111111,0.000494425546670928,0.000826063478692442,0.000826063478692442,NaN,0.45,400,99,598,598,352,246,261,41,100,41,6201,148,108,108,108,108,108,108,108,108,108,0,20
LIRCMOP10_BC,2,ref_y,313,96,1,0.32,96,0,0.00763843749367034,0.0219800616980865,96,20,4,0.00499194009671884,33.3333333333333,0.0856172346635238,0.160854945776923,0,20,0,20,2,0.208333333333333,0.000223336444956252,0.0005184020921613,0,0.0005184020921613,NaN,0.85,0.00602218657820366,0.0625,0.000293325517810062,0.000581976549644661,0.000581976549644661,NaN,0.1,400,108,616,616,367,249,268,35,100,35,7861,304,99,99,99,99,96,96,96,96,96,0,20
LIRCMOP10_BC,2,ref_y,314,105,1,0.35,105,0,0.0065309486855267,0.0195721062344916,105,20,4,0.00545993448078623,30.4761904761905,0.0853315496750901,0.23171190631649,0,20,0,20,9,0.19047619047619,5.10353808045313e-05,0.000205516734183634,0,0.000513369990859986,NaN,1,0.00897724923572858,0.114285714285714,0.000521505407549495,0.00101118909584867,0.00101118909584867,NaN,0.45,400,96,592,592,359,233,252,44,99,43,4478,148,108,108,108,108,105,105,105,105,105,0,20
LIRCMOP10_BC,2,ref_y,315,84,1,0.28,84,0,0.00651467916746062,0.018234731376093,84,20,4,0.00436794758462898,38.0952380952381,0.0902625386056999,0.174743850026645,0,20,0,20,2,0.238095238095238,0.000584191779595823,0.00125285058010849,0,0.00125285058010849,NaN,0.7,0.01408446099774,0.0714285714285714,0.000718075332584747,0.00128483588696203,0.00128483588696203,NaN,0.1,400,105,610,610,364,246,274,29,100,29,10627,345,84,84,84,84,84,84,84,84,84,0,20
LIRCMOP10_BC,2,ref_y,316,99,1,0.33,99,0,0.00788040726522413,0.0162014767816209,99,20,4,0.0051479382247413,32.3232323232323,0.0739586692311358,0.174743850026645,0,20,0,20,8,0.202020202020202,7.39667343470763e-05,0.00015135987928543,0,0.000585405756579399,NaN,1,0.00597335440747632,0.121212121212121,0.000934089131323503,0.000961455503151746,0.000961455503151746,NaN,0.4,400,84,568,568,347,221,246,42,92,34,3819,128,99,99,99,99,99,99,99,99,99,0,20
LIRCMOP10_BC,2,ref_y,317,97,1,0.33,97,0,0.00542573159121033,0.0177290455203218,97,20,4,0.00504393947272633,32.9896907216495,0.0837295720509281,0.197249298313051,0,20,0,20,6,0.206185567010309,4.29360819441153e-05,0.000173684650009508,0,0.000198263665521388,NaN,1,0.00625258725610631,0.181818181818182,0.000228658238723714,0.000446049855756516,0.000446049855756516,NaN,0.3,400,99,598,598,354,244,261,39,100,39,6650,248,100,100,100,97,97,97,97,97,97,0,20
LIRCMOP10_BC,2,ref_y,318,87,1,0.29,87,0,0.00520518557203206,0.0170950598817424,87,20,4,0.00452394571265145,36.7816091954023,0.0837295720509281,0.187581873104962,0,20,0,20,9,0.229885057471264,4.82364791837264e-05,0.00021130817239753,0,0.000425460934920743,NaN,0.95,0.0106910813942701,0.275862068965517,0.000579201005024136,0.000998953660014024,0.000998953660014024,NaN,0.45,400,97,594,594,358,236,261,36,100,36,5939,198,90,90,90,87,87,87,87,87,87,0,20
LIRCMOP10_BC,2,ref_y,319,96,1,0.32,96,0,0.0049052776343081,0.0163639651494432,96,20,4,0.00499194009671884,33.3333333333333,0.0819651345074163,0.197249298313051,0,20,0,20,7,0.208333333333333,3.34350420156425e-05,7.79326969657692e-05,0,0.000417760357814098,NaN,1,0.0087981165140441,0.1875,0.000565817476294508,0.00115677384340738,0.00115677384340738,NaN,0.35,400,87,574,574,341,233,243,36,100,36,5845,163,96,96,96,96,96,96,96,96,96,0,20
LIRCMOP10_BC,2,ref_y,320,105,1,0.35,105,0,0.00781384623141054,0.0184762707210011,105,20,4,0.00545993448078623,30.4761904761905,0.0748483679125103,0.185754086230728,0,20,0,20,9,0.19047619047619,8.12081755731127e-05,0.000241571794652476,0,0.00067575697318357,NaN,1,0.0104264723850764,0.114285714285714,0.000695235133109019,0.000984281553569422,0.000984281553569422,NaN,0.45,400,96,592,592,367,225,266,43,100,43,5597,205,108,108,108,108,105,105,105,105,105,0,20
LIRCMOP10_BC,2,ref_y,321,90,1,0.3,90,0,0.00594573349372232,0.0197762122204618,90,20,4,0.00467994384067391,35.5555555555556,0.0859799625539412,0.14868685560018,0,20,0,20,5,0.222222222222222,8.83392418610149e-05,0.000279568914001527,0,0.000304226301199762,NaN,1,0.0112995130271409,0.133333333333333,0.000397068549673412,0.000825558582623154,0.000825558582623154,NaN,0.25,400,105,610,610,366,244,270,35,100,35,8122,133,90,90,90,90,90,90,90,90,90,0,20
LIRCMOP10_BC,2,ref_y,322,87,1,0.29,87,0,0.00474323099560506,0.0154405917203092,87,20,4,0.00452394571265145,36.7816091954023,0.0750990660498494,0.146588868373299,0,20,0,20,6,0.229885057471264,3.95756061339027e-05,0.000124037342299481,0,0.000266839315034519,NaN,1,0.0165743881634161,0.137931034482759,0.000506318661027161,0.000871374831026071,0.000871374831026071,NaN,0.3,400,90,580,580,354,226,245,36,100,36,5668,97,90,90,90,90,87,87,87,87,87,0,20
LIRCMOP10_BC,2,ref_y,323,96,1,0.32,96,0,0.00613574686052532,0.0168690140329045,96,20,4,0.00499194009671884,33.3333333333333,0.0871565810078868,0.148912172272603,0,20,0,20,7,0.208333333333333,3.69366356050789e-05,6.02776082876318e-05,0,0.000360303723529307,NaN,1,0.0146223028091027,0.125,0.00041588955446548,0.000860947664543623,0.000860947664543623,NaN,0.35,400,87,574,574,343,231,248,38,99,37,5336,106,96,96,96,96,96,96,96,96,96,0,20
LIRCMOP10_BC,2,ref_y,324,93,1,0.31,93,0,0.00498469607073708,0.014756773143778,93,20,4,0.00483594196869638,34.4086021505376,0.0846172608074491,0.158426534602898,0,20,0,20,4,0.21505376344086,9.7920131323661e-05,0.000373066929732006,0,0.000373066929732006,NaN,1,0.0140404883968,0.129032258064516,0.000544149260576588,0.000900517580646967,0.000900517580646967,NaN,0.2,400,96,592,592,352,240,253,35,100,35,6945,142,93,93,93,93,93,93,93,93,93,0,20
LIRCMOP10_BC,2,ref_y,325,105,1,0.35,105,0,0.00714379719216698,0.0168974370679722,105,20,4,0.00545993448078623,30.4761904761905,0.0846172608074491,0.151842919346462,0,20,0,20,8,0.19047619047619,4.1322058439754e-05,9.67820022775513e-05,0,0.000455606835892902,NaN,1,0.0187346105424982,0.114285714285714,0.00026928567136907,0.000873937603201408,0.000873937603201408,NaN,0.4,400,93,586,586,353,233,247,41,100,41,4840,143,105,105,105,105,105,105,105,105,105,0,20
LIRCMOP10_BC,2,ref_y,326,93,1,0.31,93,0,0.00616404920117735,0.0153826505431561,93,20,4,0.00483594196869638,34.4086021505376,0.0798279286382254,0.16092419513978,0,20,0,20,8,0.21505376344086,4.28738292391626e-05,8.4658267824303e-05,0,0.000472122879063446,NaN,1,0.014846031132949,0.129032258064516,0.000529791041237149,0.000992414723857062,0.000992414723857062,NaN,0.4,400,105,610,610,368,242,265,38,100,38,6811,154,96,96,96,93,93,93,93,93,93,0,20
LIRCMOP10_BC,2,ref_y,327,111,1,0.37,111,0,0.00715952643093236,0.014471656834615,111,20,4,0.00577193073683116,28.8288288288288,0.0844424008695207,0.173410206736053,0,20,0,20,9,0.18018018018018,4.30758596903077e-05,0.000150189076418864,0,0.000643798586691246,NaN,1,0.0173496966372633,0.108108108108108,0.000608479461346473,0.00101727166174896,0.00101727166174896,NaN,0.45,400,93,586,586,357,229,259,42,100,42,5456,157,111,111,111,111,111,111,111,111,111,0,20
LIRCMOP10_BC,2,ref_y,328,103,1,0.35,103,0,0.00662772930632278,0.0177315969853231,103,20,4,0.00535593572877125,31.0679611650485,0.0846172608074491,0.197249298313051,0,20,0,20,8,0.194174757281553,4.73849690667352e-05,0.000109563422379327,0,0.000647538107873598,NaN,1,0.0165328208054593,0.114285714285714,0.000407869871974854,0.00103811280080669,0.00103811280080669,NaN,0.4,400,111,622,622,363,259,271,41,100,41,6772,292,103,103,103,103,103,103,103,103,103,0,20
LIRCMOP10_BC,2,ref_y,329,102,1,0.34,102,0,0.00613758282446955,0.014429782999287,102,20,4,0.00530393635276377,31.3725490196078,0.083414488244451,0.151842919346462,0,20,0,20,8,0.196078431372549,4.14593177586908e-05,9.1988186681844e-05,0,0.000573875764481851,NaN,1,0.0182825418499866,0.117647058823529,0.000444553112864963,0.000965134501031409,0.000965134501031409,NaN,0.4,400,103,606,606,358,248,260,41,100,41,6208,229,102,102,102,102,102,102,102,102,102,0,20
LIRCMOP10_BC,2,ref_y,330,105,1,0.35,105,0,0.00627680989701236,0.0147396833521394,105,20,4,0.00545993448078623,30.4761904761905,0.0846172608074491,0.154064461480931,0,20,0,20,9,0.19047619047619,4.48979800694184e-05,9.76334958074065e-05,0,0.000526826390426183,NaN,1,0.0197302621770237,0.114285714285714,0.000477645631380589,0.000937972690346158,0.000937972690346158,NaN,0.45,400,102,604,604,369,235,263,41,95,36,6050,167,105,105,105,105,105,105,105,105,105,0,20
LIRCMOP10_BC,2,ref_y,331,99,1,0.33,99,0,0.00602540651883528,0.0150355755822712,99,20,4,0.0051479382247413,32.3232323232323,0.0856488517783637,0.15822681233506,0,20,0,20,9,0.202020202020202,3.26795431258548e-05,8.6142623030513e-05,0,0.000531509896706052,NaN,1,0.0172880438306068,0.121212121212121,0.000606030757077144,0.00101681966468536,0.00101681966468536,NaN,0.45,400,105,610,610,358,252,266,38,99,37,6841,143,99,99,99,99,99,99,99,99,99,0,20
LIRCMOP10_BC,2,ref_y,332,108,1,0.36,108,0,0.00692593981509356,0.0149760107063262,108,20,4,0.00561593260880869,29.6296296296296,0.0868816274565406,0.174101224165836,0,20,0,20,9,0.185185185185185,1.83397735152656e-05,9.16363357024693e-05,0,0.000734867557808018,NaN,1,0.0170917917885477,0.111111111111111,0.000586384123369442,0.00112364422812155,0.00112364422812155,NaN,0.45,400,99,598,598,360,238,258,41,96,37,5498,166,108,108,108,108,108,108,108,108,108,0,20
LIRCMOP10_BC,2,ref_y,333,93,1,0.31,93,0,0.0053045169556052,0.0180250556198646,93,20,4,0.00483594196869638,34.4086021505376,0.0853992262910717,0.154343721149015,0,20,0,20,6,0.21505376344086,0.000292971843541941,0.000717712555890503,0,0.000717712555890503,NaN,0.8,0.00747254109118627,0.193548387096774,0.000726401720298555,0.000798851421068152,0.000798851421068152,NaN,0.3,400,108,616,616,346,270,273,33,100,33,8847,251,93,93,93,93,93,93,93,93,93,0,20
LIRCMOP10_BC,2,ref_y,334,102,1,0.34,102,0,0.00806268016577629,0.0163082235603371,102,20,4,0.00530393635276377,31.3725490196078,0.0817868833282679,0.237609482275002,0,20,0,20,8,0.196078431372549,2.71694548162741e-05,0.000104590784483759,0,0.000551376896088156,NaN,0.95,0.00889047639125396,0.117647058823529,0.000250065968866542,0.000943380545952195,0.000943380545952195,NaN,0.4,400,93,586,586,360,226,266,40,100,40,5228,206,102,102,102,102,102,102,102,102,102,0,20
LIRCMOP10_BC,2,ref_y,335,108,1,0.36,108,0,0.00648520407598555,0.0168231442190411,108,20,4,0.00561593260880869,29.6296296296296,0.0850082435492604,0.22775647538845,0,20,0,20,8,0.185185185185185,4.81993066411604e-05,0.000209128237392672,0,0.000639298330213488,NaN,0.95,0.00976094303224281,0.111111111111111,0.000488251738868275,0.00100406223757691,0.00100406223757691,NaN,0.4,400,102,604,604,375,229,274,42,100,42,6318,199,108,108,108,108,108,108,108,108,108,0,20
LIRCMOP10_BC,2,ref_y,336,104,1,0.35,104,0,0.00587381333065835,0.0133386050575213,104,20,4,0.00540793510477874,30.7692307692308,0.0853992262910717,0.156731202631393,0,20,0,20,7,0.192307692307692,3.93796914446835e-05,0.000153728945892973,0,0.000312635428562808,NaN,1,0.0220432864396534,0.114285714285714,0.000368036249705381,0.000779055681249049,0.000779055681249049,NaN,0.35,400,108,616,616,376,240,273,40,98,38,7010,326,105,105,105,104,104,104,104,104,104,0,20
LIRCMOP10_BC,2,ref_y,337,111,1,0.37,111,0,0.00759906949052261,0.0203795275270857,111,20,4,0.00577193073683116,28.8288288288288,0.0846172608074491,0.160997963275109,0,20,0,20,8,0.18018018018018,4.96860084447316e-05,0.00013241796135202,0,0.000439227966188592,NaN,0.85,0.0120329293778895,0.108108108108108,0.000462609692785068,0.000812570583922554,0.000812570583922554,NaN,0.4,400,104,608,608,365,243,263,42,95,37,5930,159,111,111,111,111,111,111,111,111,111,0,20
LIRCMOP10_BC,2,ref_y,338,88,1,0.3,88,0,0.00497400187334837,0.0157413398360944,88,20,4,0.00457594508865894,36.3636363636364,0.0856488517783637,0.156731202631393,0,20,0,20,3,0.227272727272727,0.000517491206571223,0.000870767789413066,0,0.000870767789413066,NaN,0.55,0.0016215158819652,0.133333333333333,0.000654915277243029,0.0012826277328144,0.0012826277328144,NaN,0.15,400,111,622,622,374,248,277,33,99,32,9096,320,91,91,91,91,88,88,88,88,88,0,20
LIRCMOP10_BC,2,ref_y,339,108,1,0.36,108,0,0.0072503995505412,0.0236044767873799,108,20,4,0.00561593260880869,29.6296296296296,0.0862038547413088,0.157667493957785,0,20,0,20,10,0.185185185185185,7.2358044881576e-05,0.000293102549094801,0,0.000731982747282601,NaN,1,0.0106255965900338,0.0555555555555556,0.000769767377601563,0.00100244311469438,0.00100244311469438,NaN,0.5,400,88,576,576,347,229,256,43,100,43,4176,100,108,108,108,108,108,108,108,108,108,0,20
LIRCMOP10_BC,2,ref_y,340,111,1,0.37,111,0,0.00690605244460055,0.0154575498337851,111,20,4,0.00577193073683116,28.8288288288288,0.0892592004953024,0.172182572171463,0,20,0,20,9,0.18018018018018,5.03841216231155e-05,0.000152897853907408,0,0.000865244955044438,NaN,0.9,0.0130941907412612,0.108108108108108,0.000631004927824411,0.00122777105500163,0.00122777105500163,NaN,0.45,400,108,616,616,365,251,277,42,100,42,6869,350,111,111,111,111,111,111,111,111,111,0,20
LIRCMOP10_BC,2,ref_y,341,108,1,0.36,108,0,0.00720530760871245,0.0207787020324765,108,20,4,0.00561593260880869,29.6296296296296,0.0864948629698883,0.159848360632134,0,20,0,20,10,0.185185185185185,1.44104212826532e-05,5.73457083192826e-05,0,0.00117652843139504,NaN,1,0.013295384747114,0.111111111111111,0.00106208431759047,0.00146519823291371,0.00146519823291371,NaN,0.5,400,111,622,622,369,253,279,44,99,43,5802,160,108,108,108,108,108,108,108,108,108,0,20
LIRCMOP10_BC,2,ref_y,342,108,1,0.36,108,0,0.00836953769795975,0.0278231517778383,108,20,4,0.00561593260880869,29.6296296296296,0.0832532403243889,0.156731202631393,0,20,0,20,8,0.185185185185185,2.51347413916557e-05,7.07165891202558e-05,0,0.000685879019395455,NaN,1,0.0145729999976388,0.0555555555555556,0.000312148879160874,0.00102210646536721,0.00102210646536721,NaN,0.4,400,108,616,616,373,243,273,42,100,42,5491,187,108,108,108,108,108,108,108,108,108,0,20
LIRCMOP10_BC,2,ref_y,343,111,1,0.37,111,0,0.0070892092588174,0.0230924021322349,111,20,4,0.00577193073683116,28.8288288288288,0.084526971376554,0.165256157093144,0,20,0,20,7,0.18018018018018,2.80463797923713e-05,8.17079292049189e-05,0,0.000864339338378514,NaN,1,0.0111182195624137,0.0540540540540541,0.00056516193186394,0.00119925287269385,0.00119925287269385,NaN,0.35,400,108,616,616,373,243,271,43,94,37,5671,153,111,111,111,111,111,111,111,111,111,0,20
LIRCMOP10_BC,2,ref_y,344,105,1,0.35,105,0,0.00821033687758018,0.0263605110676734,105,20,4,0.00545993448078623,30.4761904761905,0.0864499228780979,0.148912172272603,0,20,0,20,8,0.19047619047619,3.74486305388184e-05,9.2549179756287e-05,0,0.000573655579266343,NaN,1,0.0150522458321143,0.0571428571428571,0.000529541178813956,0.000895985109395196,0.000895985109395196,NaN,0.4,400,111,622,622,368,254,281,42,100,42,5997,277,105,105,105,105,105,105,105,105,105,0,20
LIRCMOP10_BC,2,ref_y,345,111,1,0.37,111,0,0.00599904084093806,0.0134055717482553,111,20,4,0.00577193073683116,28.8288288288288,0.0856488517783637,0.142348313890225,0,20,0,20,10,0.18018018018018,3.42017728510858e-05,9.10587116526259e-05,0,0.000512845633369258,NaN,0.75,0.0147879647074836,0.108108108108108,0.000303114637324997,0.000927925870470068,0.000927925870470068,NaN,0.5,400,105,610,610,370,240,276,42,95,37,6838,321,111,111,111,111,111,111,111,111,111,0,20
LIRCMOP10_BC,2,ref_y,346,108,1,0.36,108,0,0.00600131211633577,0.0147778832259619,108,20,4,0.00561593260880869,29.6296296296296,0.0825805519683416,0.141668061947904,0,20,0,20,10,0.185185185185185,3.17910914175927e-05,6.1420073508941e-05,0,0.000697546378789088,NaN,0.8,0.0154711684902682,0.111111111111111,0.000567287704603824,0.00113756975724105,0.00113756975724105,NaN,0.5,400,111,622,622,368,254,280,40,100,40,7596,162,108,108,108,108,108,108,108,108,108,0,20
LIRCMOP10_BC,2,ref_y,347,105,1,0.35,105,0,0.0076704015193854,0.0170131965121831,105,20,4,0.00545993448078623,30.4761904761905,0.0730704997239441,0.135327211475233,0,20,0,20,8,0.19047619047619,2.08044897601942e-05,9.75510916819109e-05,0,0.00106023780471016,NaN,1,0.0110633949597238,0.0571428571428571,0.000924690489996511,0.0013911691774066,0.0013911691774066,NaN,0.4,400,108,616,616,375,241,269,42,99,41,6174,169,105,105,105,105,105,105,105,105,105,0,20
LIRCMOP10_BC,2,ref_y,348,113,1,0.38,113,0,0.00656031230513213,0.0233577627788856,113,20,4,0.00587592948884613,28.3185840707965,0.0856488517783637,0.144407535566161,0,20,0,20,9,0.176991150442478,2.49844758024547e-05,9.36093010986853e-05,0,0.000962966422113203,NaN,1,0.0114736396289289,0.0526315789473684,0.000723051497566372,0.00128132907635955,0.00128132907635955,NaN,0.45,400,105,610,610,368,242,265,44,100,44,5069,213,113,113,113,113,113,113,113,113,113,0,20
LIRCMOP10_BC,2,ref_y,349,105,1,0.35,105,0,0.00621366220751725,0.0157530879927107,105,20,4,0.00545993448078623,30.4761904761905,0.0846172608074491,0.135327211475233,0,20,0,20,10,0.19047619047619,2.98630148740861e-05,7.35706377264136e-05,0,0.000722958631790256,NaN,1,0.0175381715283314,0.114285714285714,0.000615246976941159,0.00113621510780777,0.00113621510780777,NaN,0.5,400,113,626,626,377,249,272,41,98,39,7067,298,105,105,105,105,105,105,105,105,105,0,20
LIRCMOP10_BC,2,ref_y,350,105,1,0.35,105,0,0.00605090225038855,0.0159782331823952,105,20,4,0.00545993448078623,30.4761904761905,0.0815835404163074,0.135327211475233,0,20,0,20,10,0.19047619047619,3.60312625397566e-05,0.000180165671597774,0,0.000575270213859205,NaN,1,0.017257732019404,0.171428571428571,0.000841372780711772,0.00116669543550237,0.00116669543550237,NaN,0.5,400,105,610,610,359,251,274,39,96,35,7061,256,105,105,105,105,105,105,105,105,105,0,20
LIRCMOP10_BC,2,ref_y,351,96,1,0.32,96,0,0.00815806845211602,0.0319100399753638,96,20,4,0.00499194009671884,33.3333333333333,0.0785058771311914,0.135327211475233,0,20,0,20,6,0.208333333333333,0.000212433819636181,0.000267219893812375,0,0.000391072149726956,NaN,1,0.00635961232656152,0.1875,0.00069717627756896,0.0010987181030686,0.0010987181030686,NaN,0.3,400,105,610,610,377,233,263,34,100,34,7206,202,96,96,96,96,96,96,96,96,96,0,20
LIRCMOP10_BC,2,ref_y,352,102,1,0.34,102,0,0.00766563157816365,0.0182181144449969,102,20,4,0.00530393635276377,31.3725490196078,0.0706007337651572,0.140770299023814,0,20,0,20,9,0.196078431372549,4.00337012359804e-05,9.59528503218103e-05,0,0.000603536579158909,NaN,1,0.0120856724586087,0.176470588235294,0.000501943808310117,0.00099709861942533,0.00099709861942533,NaN,0.45,400,96,592,592,354,238,263,41,99,40,4769,273,105,105,105,102,102,102,102,102,102,0,20
LIRCMOP10_BC,2,ref_y,353,99,1,0.33,99,0,0.00506089882219273,0.012916067508532,99,20,4,0.0051479382247413,32.3232323232323,0.0725004115522509,0.135327211475233,0,20,0,20,9,0.202020202020202,3.40876849228697e-05,6.61113398197607e-05,0,0.000565495000318679,NaN,1,0.0124930821872395,0.181818181818182,0.00049956341379973,0.00107620007734462,0.00107620007734462,NaN,0.45,400,102,604,604,345,259,267,39,97,36,6704,263,102,102,102,99,99,99,99,99,99,0,20
LIRCMOP10_BC,2,ref_y,354,105,1,0.35,105,0,0.00660328346171247,0.0164174749004458,105,20,4,0.00545993448078623,30.4761904761905,0.0723649461530081,0.145726919268851,0,20,0,20,8,0.19047619047619,3.02077764887151e-05,8.81765145338373e-05,0,0.00047509460485092,NaN,1,0.0102973693048124,0.114285714285714,0.000359338344854481,0.000940238282090121,0.000940238282090121,NaN,0.4,400,99,598,598,351,247,261,40,96,36,5953,161,105,105,105,105,105,105,105,105,105,0,20
LIRCMOP10_BC,2,ref_y,355,111,1,0.37,111,0,0.0054099914652051,0.013152855556619,111,20,4,0.00577193073683116,28.8288288288288,0.0723649461530081,0.148912172272603,0,20,0,20,7,0.18018018018018,3.10007988015044e-05,7.07960784200063e-05,0,0.000794768613938539,NaN,1,0.00712226227028456,0.0540540540540541,0.000314587278945709,0.00113074015781238,0.00113074015781238,NaN,0.35,400,105,610,610,367,243,261,44,100,44,5644,205,111,111,111,111,111,111,111,111,111,0,20
LIRCMOP10_BC,2,ref_y,356,111,1,0.37,111,0,0.00708297026671171,0.0170691969371184,111,20,4,0.00577193073683116,28.8288288288288,0.084526971376554,0.148912172272603,0,20,0,20,10,0.18018018018018,2.56067965681001e-05,5.39134923266302e-05,0,0.00105676696143985,NaN,1,0.0114710729976154,0.162162162162162,0.000952153258987964,0.0014244060737118,0.0014244060737118,NaN,0.5,400,111,622,622,369,253,267,43,96,39,6616,226,111,111,111,111,111,111,111,111,111,0,20
LIRCMOP10_BC,2,ref_y,357,108,1,0.36,108,0,0.00714828605126777,0.0299074143965063,108,20,4,0.00561593260880869,29.6296296296296,0.0717787492604671,0.16863590437711,0,20,0,20,6,0.185185185185185,3.97937663563773e-05,0.00010512052167242,0,0.000251476971607066,NaN,0.9,0.00343608632596707,0.111111111111111,0.000201684999896385,0.000786607438609495,0.000786607438609495,NaN,0.3,400,111,622,622,371,251,277,40,100,40,7327,213,108,108,108,108,108,108,108,108,108,0,20
LIRCMOP10_BC,2,ref_y,358,114,1,0.38,114,0,0.00479973102468093,0.0178101450496052,114,20,4,0.00592792886485362,28.0701754385965,0.0859263532598362,0.169700584123073,0,20,0,20,11,0.175438596491228,2.76584132060687e-05,7.25394211645486e-05,0,0.000889429270756758,NaN,1,0.0112617132299134,0.131578947368421,0.000814836997020504,0.00130364456234372,0.00130364456234372,NaN,0.55,400,108,616,616,371,245,255,42,98,40,5938,158,114,114,114,114,114,114,114,114,114,0,20
LIRCMOP10_BC,2,ref_y,359,114,1,0.38,114,0,0.00595783579191191,0.0214639337926705,114,20,4,0.00592792886485362,28.0701754385965,0.085951883210441,0.177030227455676,0,20,0,20,12,0.175438596491228,2.68635883835847e-05,5.66665952538673e-05,0,0.000971787547046251,NaN,1,0.00982140419958233,0.210526315789474,0.00107106172898863,0.00143694981712545,0.00143694981712545,NaN,0.6,400,114,628,628,377,251,272,42,100,42,6621,203,117,117,117,114,114,114,114,114,114,0,20
LIRCMOP10_BC,2,ref_y,360,120,1,0.4,120,0,0.00665920822783598,0.0225472390642429,120,20,4,0.00623992512089855,26.6666666666667,0.0866129094883847,0.164315836861535,0,20,0,20,9,0.166666666666667,8.90843402900755e-06,8.88822716938589e-05,0,0.00117421563077652,NaN,1,0.00793249988437529,0.05,0.00102915072931426,0.00148879753108288,0.00148879753108288,NaN,0.45,400,114,628,628,372,256,273,45,100,45,5789,169,120,120,120,120,120,120,120,120,120,0,20
LIRCMOP10_BC,2,ref_y,361,117,1,0.39,117,0,0.00732703825798744,0.0209871475195901,117,20,4,0.00608392699287609,27.3504273504273,0.0846500338723153,0.174757427004634,0,20,0,20,9,0.170940170940171,4.64708436660417e-05,8.64553971110045e-05,0,0.00109570815625263,NaN,1,0.00796563561211281,0.102564102564103,0.000975547386613495,0.0014442391931718,0.0014442391931718,NaN,0.45,400,120,640,640,377,263,278,44,100,44,7125,270,117,117,117,117,117,117,117,117,117,0,20
LIRCMOP10_BC,2,ref_y,362,114,1,0.38,114,0,0.0052295595882517,0.0192878289734222,114,20,4,0.00592792886485362,28.0701754385965,0.0859263532598362,0.189427497837362,0,20,0,20,10,0.175438596491228,1.94702127593239e-05,6.52474333199776e-05,0,0.000797290299878461,NaN,1,0.0149160831425083,0.105263157894737,0.000651394482381899,0.00120930090997677,0.00120930090997677,NaN,0.5,400,117,634,634,364,270,265,42,96,38,6790,142,114,114,114,114,114,114,114,114,114,0,20
LIRCMOP10_BC,2,ref_y,363,111,1,0.37,111,0,0.00444721146319581,0.0115523946732821,111,20,4,0.00577193073683116,28.8288288288288,0.0823410864995212,0.181218740687642,0,20,0,20,10,0.18018018018018,1.58047082635275e-05,6.59050428730893e-05,0,0.000593019165179024,NaN,1,0.0140802110547095,0.108108108108108,0.00040126623537275,0.00103020235250248,0.00103020235250248,NaN,0.5,400,114,628,628,360,268,273,42,100,42,7196,228,111,111,111,111,111,111,111,111,111,0,20
LIRCMOP10_BC,2,ref_y,364,111,1,0.37,111,0,0.00514847264844894,0.0125515687808515,111,20,4,0.00577193073683116,28.8288288288288,0.0794684973020891,0.192921739178159,0,20,0,20,7,0.18018018018018,2.74196114064223e-05,9.38457701694122e-05,0,0.000666243220447364,NaN,1,0.0129510309271469,0.162162162162162,0.000297257836735353,0.00103887881106206,0.00103887881106206,NaN,0.35,400,111,622,622,370,252,271,44,98,42,6489,182,114,114,114,111,111,111,111,111,111,0,20
LIRCMOP10_BC,2,ref_y,365,102,1,0.34,102,0,0.00521580108719238,0.0174876300267095,102,20,4,0.00530393635276377,31.3725490196078,0.0849037071966728,0.184469136070104,0,20,0,20,9,0.196078431372549,1.98348697270704e-05,8.8006195133716e-05,0,0.000909883034510294,NaN,1,0.0056446164292899,0.117647058823529,0.000603515725076862,0.00119175739504554,0.00119175739504554,NaN,0.45,400,111,622,622,363,259,267,45,98,43,5700,239,105,105,105,102,102,102,102,102,102,0,20
LIRCMOP10_BC,2,ref_y,366,102,1,0.34,102,0,0.0049879888895828,0.0127234468009039,102,20,4,0.00530393635276377,31.3725490196078,0.079042398994489,0.156157931484634,0,20,0,20,10,0.196078431372549,5.29972572625534e-05,0.000307166347832457,0,0.000422936023710759,NaN,1,0.0126129703414216,0.205882352941176,0.000549589934290262,0.000878026658912504,0.000878026658912504,NaN,0.5,400,102,604,604,351,253,260,40,100,40,7223,430,108,108,108,102,102,102,102,102,102,0,20
LIRCMOP10_BC,2,ref_y,367,105,1,0.35,105,0,0.00549896018083746,0.0130324712226296,105,20,4,0.00545993448078623,30.4761904761905,0.0851877087816614,0.145589803548644,0,20,0,20,7,0.19047619047619,2.96250532278978e-05,7.1342958520888e-05,0,0.00075070964692453,NaN,1,0.00687016985563511,0.114285714285714,0.000415739329501822,0.00110400565361065,0.00110400565361065,NaN,0.35,400,102,604,604,344,260,254,43,100,43,5941,128,108,108,108,105,105,105,105,105,105,0,20
LIRCMOP10_BC,2,ref_y,368,102,1,0.34,102,0,0.00400235383863905,0.00999609367017851,102,20,4,0.00530393635276377,31.3725490196078,0.0770857705353725,0.16735116405559,0,20,0,20,7,0.196078431372549,3.31735883291984e-05,6.92788645988859e-05,0,0.000143108786661792,NaN,0.95,0.00509574317509975,0.117647058823529,0.00017686311223752,0.000635560728340435,0.000635560728340435,NaN,0.35,400,105,610,610,358,252,270,40,95,35,6790,181,102,102,102,102,102,102,102,102,102,0,20
LIRCMOP10_BC,2,ref_y,369,111,1,0.37,111,0,0.00530106607723521,0.0171984667712207,111,20,4,0.00577193073683116,28.8288288288288,0.0860846170657258,0.148912172272603,0,20,0,20,9,0.18018018018018,5.09444323771822e-05,0.000105713245673273,0,0.000604535967351314,NaN,0.7,0.00430599286079098,0.108108108108108,0.000698632331332373,0.000841677349975862,0.000841677349975862,NaN,0.45,400,102,604,604,357,247,263,47,97,44,4937,156,111,111,111,111,111,111,111,111,111,0,20
LIRCMOP10_BC,2,ref_y,370,114,1,0.38,114,0,0.00598408845232497,0.0226099852335727,114,20,4,0.00592792886485362,28.0701754385965,0.0834020811971065,0.148449753548939,0,20,0,20,7,0.175438596491228,2.98174490097816e-05,9.3671446428035e-05,0,0.000816390987186741,NaN,1,0.00299006789279838,0.0526315789473684,0.000417774201212969,0.00113747518227186,0.00113747518227186,NaN,0.35,400,111,622,622,358,264,267,46,100,46,5991,250,114,114,114,114,114,114,114,114,114,0,20
LIRCMOP10_BC,2,ref_y,371,102,1,0.34,102,0,0.00475071993388977,0.0179409129464517,102,20,4,0.00530393635276377,31.3725490196078,0.0758542830385579,0.148912172272603,0,20,0,20,9,0.196078431372549,4.4063733060076e-05,0.000381389225568147,0,0.000509858347153538,NaN,1,0.0123829334052943,0.176470588235294,0.000764793240681931,0.000863377641113439,0.000863377641113439,NaN,0.45,400,114,628,628,365,263,271,38,97,35,7698,226,102,102,102,102,102,102,102,102,102,0,20
LIRCMOP10_BC,2,ref_y,372,117,1,0.39,117,0,0.00601756663509068,0.0157096887648745,117,20,4,0.00608392699287609,27.3504273504273,0.0918573632443509,0.161831040600817,0,20,0,20,6,0.170940170940171,6.09963878052837e-05,0.00011183019072582,0,0.000335006721047502,NaN,0.8,0.00179612849292775,0.102564102564103,0.000508850515845895,0.000598076890603376,0.000598076890603376,NaN,0.3,400,102,604,604,359,245,253,44,98,42,5324,152,117,117,117,117,117,117,117,117,117,0,20
LIRCMOP10_BC,2,ref_y,373,105,1,0.35,105,0,0.00545587888154353,0.0173486280615828,105,20,4,0.00545993448078623,30.4761904761905,0.0938377562244056,0.158049324039986,0,20,0,20,7,0.19047619047619,3.45022791802355e-05,0.000205609861121253,0,0.000360608527652979,NaN,1,0.00961129277054611,0.171428571428571,0.00058907409831096,0.000834083418114383,0.000834083418114383,NaN,0.35,400,117,634,634,360,274,275,38,100,38,8152,180,105,105,105,105,105,105,105,105,105,0,20
LIRCMOP10_BC,2,ref_y,374,103,1,0.35,103,0,0.00583520367761882,0.0224950761664365,103,20,4,0.00535593572877125,31.0679611650485,0.0925769390871831,0.159909692043107,0,20,0,20,7,0.194174757281553,3.53707936700862e-05,5.68027459283564e-05,0,0.000411614266214882,NaN,1,0.00723656786385158,0.171428571428571,0.000256386540265397,0.000916279443448647,0.000916279443448647,NaN,0.35,400,105,610,610,351,259,262,39,100,39,5946,177,107,107,107,104,103,103,103,103,103,0,20
LIRCMOP10_BC,2,ref_y,375,111,1,0.37,111,0,0.0065115923450015,0.0215149663062292,111,20,4,0.00577193073683116,28.8288288288288,0.0921654094348352,0.136121729440684,0,20,0,20,9,0.18018018018018,3.82087889465462e-05,9.25191085597443e-05,0,0.000630084262841214,NaN,1,0.00524850912719153,0.108108108108108,0.000638075468068076,0.000925406160200873,0.000925406160200873,NaN,0.45,400,103,606,606,348,258,264,45,95,40,4945,189,111,111,111,111,111,111,111,111,111,0,20
LIRCMOP10_BC,2,ref_y,376,105,1,0.35,105,0,0.00436276928975281,0.0151370300763503,105,20,4,0.00545993448078623,30.4761904761905,0.0883342811085351,0.140142631956526,0,20,0,20,6,0.19047619047619,4.40972255292328e-05,0.000550090292060437,0,0.000560262189137001,NaN,1,0.010940029168383,0.171428571428571,0.000605576836464596,0.000842464421888905,0.000842464421888905,NaN,0.3,400,111,622,622,358,264,254,37,100,37,7412,278,105,105,105,105,105,105,105,105,105,0,20
LIRCMOP10_BC,2,ref_y,377,111,1,0.37,111,0,0.00651521039175815,0.0222547435685291,111,20,4,0.00577193073683116,28.8288288288288,0.0794684973020891,0.128932264047352,0,20,0,20,9,0.18018018018018,5.41182195726682e-05,0.000135328465192045,0,0.000540283480322209,NaN,1,0.0048154902002358,0.108108108108108,0.000606847512241192,0.0010634807997671,0.0010634807997671,NaN,0.45,400,105,610,610,349,261,256,48,98,46,4932,294,114,114,114,111,111,111,111,111,111,0,20
LIRCMOP10_BC,2,ref_y,378,111,1,0.37,111,0,0.00613530776263677,0.0161734142944025,111,20,4,0.00577193073683116,28.8288288288288,0.0794684973020891,0.148262495501706,0,20,0,20,9,0.18018018018018,3.52330900640073e-05,8.41902872471197e-05,0,0.000682165118607161,NaN,1,0.00994742848575603,0.108108108108108,0.000390544441033371,0.00105297886927182,0.00105297886927182,NaN,0.45,400,111,622,622,371,251,269,43,100,43,6764,225,111,111,111,111,111,111,111,111,111,0,20
LIRCMOP10_BC,2,ref_y,379,99,1,0.33,99,0,0.00425217160065569,0.0149827288388383,99,20,4,0.0051479382247413,32.3232323232323,0.096286462054115,0.139538245108797,0,20,0,20,7,0.202020202020202,0.000451043006652082,0.000542304224994478,0,0.000659475268592091,NaN,0.7,0.00773106267759696,0.181818181818182,0.000897023137664886,0.000992034075058154,0.000992034075058154,NaN,0.35,400,111,622,622,363,259,275,35,100,35,8757,219,102,102,102,102,99,99,99,99,99,0,20
LIRCMOP10_BC,2,ref_y,380,102,1,0.34,102,0,0.00457528022169499,0.0129355927387315,102,20,4,0.00530393635276377,31.3725490196078,0.0844549940751082,0.18726011387805,0,20,0,20,9,0.196078431372549,4.94809888363625e-05,0.000227118866547616,0,0.000410568887568539,NaN,0.9,0.00647614430534631,0.117647058823529,0.000685452754781056,0.000864694650082973,0.000864694650082973,NaN,0.45,400,99,598,598,359,239,268,40,95,35,5236,167,102,102,102,102,102,102,102,102,102,0,20
LIRCMOP10_BC,2,ref_y,381,108,1,0.36,108,0,0.00528782315427638,0.014409788909747,108,20,4,0.00561593260880869,29.6296296296296,0.0804535528530771,0.180036976538903,0,20,0,20,7,0.185185185185185,3.4698066080411e-05,9.96758448376778e-05,0,0.000406665523206303,NaN,1,0.0124016755802643,0.111111111111111,0.000333157518761156,0.000762135702114666,0.000762135702114666,NaN,0.35,400,102,604,604,360,244,262,44,100,44,5530,184,111,111,111,108,108,108,108,108,108,0,20
LIRCMOP10_BC,2,ref_y,382,102,1,0.34,102,0,0.00632863769715952,0.0197933906677268,102,20,4,0.00530393635276377,31.3725490196078,0.0750684536028146,0.210476236913934,0,20,0,20,9,0.196078431372549,4.82474095945015e-05,0.000174172199572493,0,0.000670568109848639,NaN,1,0.00606487673353693,0.117647058823529,0.000722041984858117,0.00099113285228248,0.00099113285228248,NaN,0.45,400,108,616,616,348,268,268,46,96,42,5941,264,102,102,102,102,102,102,102,102,102,0,20
LIRCMOP10_BC,2,ref_y,383,98,1,0.33,98,0,0.00476035049969348,0.0120237255351207,98,20,4,0.00509593884873382,32.6530612244898,0.0856488517783637,0.148912172272603,0,20,0,20,9,0.204081632653061,4.21832027501129e-05,0.000166432029675165,0,0.000507687578325171,NaN,1,0.0168926348561825,0.181818181818182,0.000762551473227647,0.00115495606951073,0.00115495606951073,NaN,0.45,400,102,604,604,371,233,262,38,100,38,7303,388,100,100,100,100,98,98,98,98,98,0,20
LIRCMOP10_BC,2,ref_y,384,102,1,0.34,102,0,0.00536266794152,0.0146863310321308,102,20,4,0.00530393635276377,31.3725490196078,0.0765875372953794,0.148912172272603,0,20,0,20,9,0.196078431372549,3.57995540304009e-05,5.7158619264609e-05,0,0.00068099909903363,NaN,1,0.0112285544882274,0.117647058823529,0.000544807218768662,0.00109250762415975,0.00109250762415975,NaN,0.45,400,98,596,596,338,258,266,43,100,43,5705,218,105,105,105,105,102,102,102,102,102,0,20
LIRCMOP10_BC,2,ref_y,385,111,1,0.37,111,0,0.00609316581106659,0.0226261097741758,111,20,4,0.00577193073683116,28.8288288288288,0.0885478678172407,0.175395239645269,0,20,0,20,7,0.18018018018018,3.63312598633584e-05,9.45456364777405e-05,0,0.000968172901616368,NaN,1,0.0102246017245405,0.0540540540540541,0.000604080327002523,0.00128807875303922,0.00128807875303922,NaN,0.35,400,102,604,604,368,236,269,46,100,46,4870,143,111,111,111,111,111,111,111,111,111,0,20
LIRCMOP10_BC,2,ref_y,386,102,1,0.34,102,0,0.00518407769547947,0.0130822574567512,102,20,4,0.00530393635276377,31.3725490196078,0.0937621265888467,0.173138562828028,0,20,0,20,8,0.196078431372549,8.33603980399017e-05,0.000241107767263097,0,0.000591535877693576,NaN,1,0.0144653477929376,0.176470588235294,0.00092190821995206,0.00122178234336136,0.00122178234336136,NaN,0.4,400,111,622,622,362,260,272,38,97,35,8031,260,102,102,102,102,102,102,102,102,102,0,20
LIRCMOP10_BC,2,ref_y,387,110,1,0.38,110,0,0.00516234553497527,0.023350004816571,110,20,4,0.00571993136082367,29.0909090909091,0.0812285926664669,0.148912172272603,0,20,0,20,8,0.181818181818182,3.06604277280586e-05,5.12103145599781e-05,0,0.000461120795912247,NaN,1,0.0125590819177902,0.105263157894737,0.000439819556733486,0.0010098391169995,0.0010098391169995,NaN,0.4,400,102,604,604,352,252,253,42,100,42,5991,192,113,113,113,113,110,110,110,110,110,0,20
LIRCMOP10_BC,2,ref_y,388,111,1,0.37,111,0,0.00527939466113542,0.0278513508142107,111,20,4,0.00577193073683116,28.8288288288288,0.0812285926664669,0.157344385790976,0,20,0,20,9,0.18018018018018,5.76774289504522e-05,0.000172618303711351,0,0.000602661712419792,NaN,1,0.0137386866347042,0.108108108108108,0.000825599498585511,0.00107199592448306,0.00107199592448306,NaN,0.45,400,110,620,620,356,264,279,42,100,42,6776,227,120,120,120,120,111,111,111,111,111,0,20
LIRCMOP10_BC,2,ref_y,389,111,1,0.37,111,0,0.00583483634685041,0.0146542885107923,111,20,4,0.00577193073683116,28.8288288288288,0.0794684973020891,0.157344385790976,0,20,0,20,9,0.18018018018018,3.32602994175883e-05,7.30942912496217e-05,0,0.000929936372791796,NaN,1,0.0105692432003954,0.108108108108108,0.000729103214063142,0.00128072179794438,0.00128072179794438,NaN,0.45,400,111,622,622,358,264,274,45,93,38,6558,176,111,111,111,111,111,111,111,111,111,0,20
LIRCMOP10_BC,2,ref_y,390,108,1,0.36,108,0,0.00499597439148296,0.0208440674815009,108,20,4,0.00561593260880869,29.6296296296296,0.0835652269237116,0.150028015825592,0,20,0,20,9,0.185185185185185,2.10313124582208e-05,8.63909050654581e-05,0,0.00117318385128532,NaN,1,0.00858162815623468,0.111111111111111,0.00101795208729089,0.00147743037576332,0.00147743037576332,NaN,0.45,400,111,622,622,351,271,265,47,99,46,6044,204,111,111,111,108,108,108,108,108,108,0,20
LIRCMOP10_BC,2,ref_y,391,108,1,0.36,108,0,0.00893336239063639,0.0218582531221875,108,20,4,0.00561593260880869,29.6296296296296,0.0794684973020891,0.154814721735464,0,20,0,20,15,0.185185185185185,2.66177752430074e-05,0.000104217391878376,0,0.00126023767872045,NaN,1,0.0136217191214082,0.111111111111111,0.00163323008237579,0.00186214551083916,0.00186214551083916,NaN,0.75,400,108,616,616,349,267,254,43,100,43,6844,251,111,111,111,111,108,108,108,108,108,0,20
LIRCMOP10_BC,2,ref_y,392,111,1,0.37,111,0,0.00776005387553995,0.0205635560636699,111,20,4,0.00577193073683116,28.8288288288288,0.0785372304957392,0.157344385790976,0,20,0,20,13,0.18018018018018,1.7045393643462e-05,3.94041249938687e-05,0,0.00103443324075295,NaN,1,0.0136593921121338,0.108108108108108,0.00126873547361014,0.00156771233296369,0.00156771233296369,NaN,0.65,400,108,616,616,341,275,262,43,97,40,6555,148,111,111,111,111,111,111,111,111,111,0,20
LIRCMOP10_BC,2,ref_y,393,114,1,0.38,114,0,0.00697033640749289,0.0226184649666821,114,20,4,0.00592792886485362,28.0701754385965,0.0847886279417761,0.157344385790976,0,20,0,20,11,0.175438596491228,3.49620735866388e-05,0.000115948186493683,0,0.00100753714023064,NaN,1,0.00388253278349882,0.157894736842105,0.000835641388795646,0.00115233437081598,0.00115233437081598,NaN,0.55,400,111,622,622,357,265,274,47,92,39,6713,147,114,114,114,114,114,114,114,114,114,0,20
LIRCMOP10_BC,2,ref_y,394,117,1,0.39,117,0,0.00628292926333774,0.021480907555473,117,20,4,0.00608392699287609,27.3504273504273,0.0837227973276198,0.150028015825592,0,20,0,20,10,0.170940170940171,1.23655847924787e-05,9.41722344453414e-05,0,0.00122423729185375,NaN,1,0.00903132288951992,0.102564102564103,0.00106910788412373,0.00151409885201877,0.00151409885201877,NaN,0.5,400,114,628,628,362,266,274,47,99,46,6557,365,117,117,117,117,117,117,117,117,117,0,20
LIRCMOP10_BC,2,ref_y,395,113,1,0.38,113,0,0.00561615647462858,0.0189085463667066,113,20,4,0.00587592948884613,28.3185840707965,0.0900248128734071,0.162035592747569,0,20,0,20,10,0.176991150442478,1.46806410183397e-05,7.40312832083445e-05,0,0.00129863652443416,NaN,1,0.0106052050555502,0.105263157894737,0.00123577631090251,0.00161646558977519,0.00161646558977519,NaN,0.5,400,117,634,634,364,270,280,46,99,45,6711,227,119,119,119,116,113,113,113,113,113,0,20
LIRCMOP10_BC,2,ref_y,396,112,1,0.38,112,0,0.007428584518228,0.0273865512528018,112,20,4,0.00582393011283865,28.5714285714286,0.0958917341580331,0.157344385790976,0,20,0,20,13,0.178571428571429,0.000287269809487324,0.000661843998198061,0,0.00128105972055706,NaN,1,0.00853930686576646,0.157894736842105,0.00163555895518569,0.00195153144920628,0.00195153144920628,NaN,0.65,400,113,626,626,350,276,266,40,99,39,7574,255,113,113,113,113,112,112,112,112,112,0,20
LIRCMOP10_BC,2,ref_y,397,123,1,0.41,123,0,0.00799158824915433,0.0253061320988058,123,20,4,0.00639592324892101,26.0162601626016,0.0920763387438065,0.148912172272603,0,20,0,20,8,0.16260162601626,2.19628386684492e-05,5.60704299243274e-05,0,0.00103694010259988,NaN,1,0.0112256132589713,0.0975609756097561,0.000751275371588254,0.00134171966055783,0.00134171966055783,NaN,0.4,400,112,624,624,343,281,273,47,99,46,6780,166,123,123,123,123,123,123,123,123,123,0,20
LIRCMOP10_BC,2,ref_y,398,114,1,0.38,114,0,0.00735297934352477,0.0220430227756633,114,20,4,0.00592792886485362,28.0701754385965,0.0976166357891566,0.148912172272603,0,20,0,20,10,0.175438596491228,3.905359758808e-05,0.000103882344887379,0,0.000999779324225372,NaN,1,0.0168190991392526,0.157894736842105,0.00113112342602798,0.00151254035501063,0.00151254035501063,NaN,0.5,400,123,646,646,371,275,288,41,100,41,8479,333,117,117,117,114,114,114,114,114,114,0,20
LIRCMOP10_BC,2,ref_y,399,120,1,0.4,120,0,0.00607330123368316,0.0185615640729762,120,20,4,0.00623992512089855,26.6666666666667,0.0890266740486495,0.149470094049098,0,20,0,20,10,0.166666666666667,2.4515254834739e-05,8.1823111511842e-05,0,0.000953723707557664,NaN,1,0.014690451570715,0.1,0.000507951894950347,0.00125888688236813,0.00125888688236813,NaN,0.5,400,114,628,628,347,281,272,46,100,46,6709,234,123,123,123,123,120,120,120,120,120,0,20
LIRCMOP10_BC,2,ref_y,400,120,1,0.4,120,0,0.00842989157898332,0.0259329725369865,120,20,4,0.00623992512089855,26.6666666666667,0.0897004683014512,0.146881724191998,0,20,0,20,11,0.166666666666667,2.61977950112257e-05,5.14240497789524e-05,0,0.00101225616814242,NaN,1,0.0159493216409383,0.15,0.000984553508003247,0.00143531088463948,0.00143531088463948,NaN,0.55,400,120,640,640,369,271,275,44,100,44,6908,254,120,120,120,120,120,120,120,120,120,0,20
LIRCMOP10_BC,2,ref_y,401,114,1,0.38,114,0,0.00446517402117354,0.0178354573926753,114,20,4,0.00592792886485362,28.0701754385965,0.0889581399907108,0.141494012217808,0,20,0,20,10,0.175438596491228,1.21595508978699e-05,9.2282774019293e-05,0,0.00111169591271171,NaN,1,0.0129304906644151,0.105263157894737,0.00100020553770375,0.00140376203253132,0.00140376203253132,NaN,0.5,400,120,640,640,359,281,270,47,96,43,6401,213,114,114,114,114,114,114,114,114,114,0,20
LIRCMOP10_BC,2,ref_y,402,120,1,0.4,120,0,0.00634711955799368,0.0231626113811957,120,20,4,0.00623992512089855,26.6666666666667,0.0869880420868702,0.142986129503846,0,20,0,20,11,0.166666666666667,3.15820266077439e-06,9.4269503684745e-05,0,0.00119773735027917,NaN,1,0.0134629260172173,0.1,0.00111207220401776,0.00148953444938127,0.00148953444938127,NaN,0.55,400,114,628,628,346,282,266,47,98,45,6759,251,123,123,123,120,120,120,120,120,120,0,20
LIRCMOP10_BC,2,ref_y,403,120,1,0.4,120,0,0.00647459516372195,0.0171108954273909,120,20,4,0.00623992512089855,26.6666666666667,0.0847017985763457,0.144851276111394,0,20,0,20,10,0.166666666666667,1.79762284348944e-05,4.472591580361e-05,0,0.00124498312436583,NaN,1,0.0166035632138157,0.1,0.00122323771728723,0.00160276772062065,0.00160276772062065,NaN,0.5,400,120,640,640,351,289,273,46,100,46,7444,197,120,120,120,120,120,120,120,120,120,0,20
LIRCMOP10_BC,2,ref_y,404,123,1,0.41,123,0,0.00379029481210005,0.0114702510499977,123,20,4,0.00639592324892101,26.0162601626016,0.0781225409095411,0.148131326530197,0,20,0,20,12,0.16260162601626,1.75169347025908e-05,6.03986189984861e-05,0,0.0011838952968403,NaN,1,0.016098812833142,0.121951219512195,0.00136066821575797,0.00164373702293602,0.00164373702293602,NaN,0.6,400,120,640,640,358,282,268,46,100,46,7220,207,123,123,123,123,123,123,123,123,123,0,20
LIRCMOP10_BC,2,ref_y,405,123,1,0.41,123,0,0.0106732302230445,0.0290728215116285,123,20,4,0.00639592324892101,26.0162601626016,0.0769760220546096,0.144851276111394,0,20,0,20,12,0.16260162601626,2.75147080335536e-05,6.26732538863227e-05,0,0.00113155197478813,NaN,1,0.017472801228499,0.146341463414634,0.00127165598269798,0.00158239517595628,0.00158239517595628,NaN,0.6,400,123,646,646,360,286,277,45,100,45,7100,228,123,123,123,123,123,123,123,123,123,0,20
LIRCMOP10_BC,2,ref_y,406,126,1,0.42,126,0,0.00566539657761149,0.0189666060235773,126,20,4,0.00655192137694348,25.3968253968254,0.0845038391146145,0.13592104630068,0,20,0,20,9,0.158730158730159,3.10093274076556e-05,4.305269990565e-05,0,0.00098248945566561,NaN,1,0.0186635191767044,0.0952380952380952,0.00102874489356643,0.00146307990347594,0.00146307990347594,NaN,0.45,400,123,646,646,360,286,277,44,100,44,7117,173,126,126,126,126,126,126,126,126,126,0,20
LIRCMOP10_BC,2,ref_y,407,126,1,0.42,126,0,0.0054345413328568,0.0149343309195888,126,20,4,0.00655192137694348,25.3968253968254,0.0857420725174404,0.135176686951812,0,20,0,20,10,0.158730158730159,2.30336199023113e-05,9.43865094800714e-05,0,0.000906351497645334,NaN,1,0.0141297309037774,0.119047619047619,0.000675434678933551,0.00127081672922149,0.00127081672922149,NaN,0.5,400,126,652,652,359,293,285,47,100,47,7816,278,126,126,126,126,126,126,126,126,126,0,20
LIRCMOP10_BC,2,ref_y,408,123,1,0.41,123,0,0.00671883497419324,0.0178832452790043,123,20,4,0.00639592324892101,26.0162601626016,0.0856488517783637,0.144793514619523,0,20,0,20,10,0.16260162601626,1.87079558499908e-05,6.40960920540517e-05,0,0.000909745143131522,NaN,1,0.0169324307993644,0.146341463414634,0.000816849915001917,0.00129655853536394,0.00129655853536394,NaN,0.5,400,126,652,652,355,297,274,45,99,44,7774,206,123,123,123,123,123,123,123,123,123,0,20
LIRCMOP10_BC,2,ref_y,409,120,1,0.4,120,0,0.006297290283423,0.0234310620389722,120,20,4,0.00623992512089855,26.6666666666667,0.0836666424394009,0.151097830951185,0,20,0,20,12,0.166666666666667,2.92764116520367e-05,6.08725635716202e-05,0,0.00087599213093154,NaN,1,0.0136237871954705,0.15,0.000909611113602658,0.00133168834937607,0.00133168834937607,NaN,0.6,400,123,646,646,363,283,279,46,100,46,7528,231,123,123,123,120,120,120,120,120,120,0,20
LIRCMOP10_BC,2,ref_y,410,117,1,0.39,117,0,0.00450705526256486,0.0171995991563789,117,20,4,0.00608392699287609,27.3504273504273,0.0834275751981279,0.139890485995002,0,20,0,20,9,0.170940170940171,3.28683640217533e-05,4.42074832250338e-05,0,0.000596114304686433,NaN,1,0.014932613679375,0.153846153846154,0.000852358805062282,0.00125546927616217,0.00125546927616217,NaN,0.45,400,120,640,640,367,273,274,42,100,42,7425,180,123,123,123,120,117,117,117,117,117,0,20
LIRCMOP10_BC,2,ref_y,411,114,1,0.38,114,0,0.00383824516750874,0.0134207507230933,114,20,4,0.00592792886485362,28.0701754385965,0.0873183249111749,0.157344385790976,0,20,0,20,5,0.175438596491228,0.000119438664209113,0.000161147941199084,0,0.000196454481488774,NaN,1,0.00858426523025431,0.157894736842105,0.000360242637927927,0.000822273600531154,0.000822273600531154,NaN,0.25,400,117,634,634,356,278,278,40,100,40,7791,219,120,120,120,120,114,114,114,114,114,0,20
LIRCMOP10_BC,2,ref_y,412,108,1,0.36,108,0,0.00391542767727497,0.0123051521533998,108,20,4,0.00561593260880869,29.6296296296296,0.0794684973020891,0.137502286373383,0,20,0,20,10,0.185185185185185,8.0252599879156e-05,0.00046168267929983,0,0.000867784479334048,NaN,1,0.0156891051578895,0.111111111111111,0.000616212117598917,0.00138263539403576,0.00138263539403576,NaN,0.5,400,114,628,628,365,263,266,44,100,44,6023,256,108,108,108,108,108,108,108,108,108,0,20
LIRCMOP10_BC,2,ref_y,413,111,1,0.37,111,0,0.00422006096976055,0.0133610014320449,111,20,4,0.00577193073683116,28.8288288288288,0.0794684973020891,0.137502286373383,0,20,0,20,9,0.18018018018018,4.59416781330231e-05,6.51725303802292e-05,0,0.000319397868519648,NaN,1,0.0154507568747069,0.162162162162162,0.000403947430950329,0.00091338640019394,0.00091338640019394,NaN,0.45,400,108,616,616,342,274,260,43,100,43,7066,253,111,111,111,111,111,111,111,111,111,0,20
LIRCMOP10_BC,2,ref_y,414,108,1,0.36,108,0,0.00386983385609902,0.0115594417211501,108,20,4,0.00561593260880869,29.6296296296296,0.0810582188114634,0.137502286373383,0,20,0,20,10,0.185185185185185,5.85193716538366e-05,0.00018240941427787,0,0.00040649844337282,NaN,1,0.0160041512410143,0.111111111111111,0.000558208635205337,0.000632801261794429,0.000632801261794429,NaN,0.5,400,111,622,622,353,269,262,45,100,45,6162,207,109,109,109,109,108,108,108,108,108,0,20
LIRCMOP10_BC,2,ref_y,415,114,1,0.38,114,0,0.00417658613124787,0.0125570870330685,114,20,4,0.00592792886485362,28.0701754385965,0.0759150535999805,0.137936224074366,0,20,0,20,8,0.175438596491228,4.01883984620976e-05,8.05258109776017e-05,0,0.000723099663934738,NaN,1,0.0102414683223112,0.105263157894737,0.000357942734701404,0.00109170817165021,0.00109170817165021,NaN,0.4,400,108,616,616,356,260,255,47,100,47,6382,146,114,114,114,114,114,114,114,114,114,0,20
LIRCMOP10_BC,2,ref_y,416,108,1,0.36,108,0,0.00377317419866478,0.010511545707828,108,20,4,0.00561593260880869,29.6296296296296,0.0759150535999805,0.138650816565251,0,20,0,20,13,0.185185185185185,4.66723900596881e-05,0.00021377512082368,0,0.000734790971725284,NaN,1,0.0195127908838443,0.166666666666667,0.000870987263268254,0.00125327372566888,0.00125327372566888,NaN,0.65,400,114,628,628,353,275,265,44,100,44,7087,203,111,111,111,108,108,108,108,108,108,0,20
LIRCMOP10_BC,2,ref_y,417,105,1,0.35,105,0,0.00434456035947879,0.0117619191006791,105,20,4,0.00545993448078623,30.4761904761905,0.0756563773026056,0.118512738933766,0,20,0,20,10,0.19047619047619,3.00124474606325e-05,5.14376364034818e-05,0,0.000373685168235809,NaN,1,0.0203862988212736,0.171428571428571,0.000465253354725168,0.000918860260794763,0.000918860260794763,NaN,0.5,400,108,616,616,338,278,261,43,100,43,6692,153,105,105,105,105,105,105,105,105,105,0,20
LIRCMOP10_BC,2,ref_y,418,115,1,0.39,115,0,0.00367940833467172,0.016466192444622,115,20,4,0.00597992824086111,27.8260869565217,0.0768311690541291,0.174912011722236,0,20,0,20,8,0.173913043478261,2.8056177032837e-05,9.33973683132844e-05,0,0.000705523795375201,NaN,0.9,0.00990630257989836,0.102564102564103,0.000524333377113609,0.00102707126610034,0.00102707126610034,NaN,0.4,400,105,610,610,338,272,257,49,99,48,6122,148,118,118,118,118,115,115,115,115,115,0,20
LIRCMOP10_BC,2,ref_y,419,114,1,0.38,114,0,0.00542430894938465,0.0163146382436292,114,20,4,0.00592792886485362,28.0701754385965,0.0826479403208376,0.147892326745993,0,20,0,20,10,0.175438596491228,0.000331363718890506,0.000813781070286277,0,0.000854742136999819,NaN,1,0.0104826500387201,0.157894736842105,0.00108326867644357,0.00116291605266942,0.00116291605266942,NaN,0.5,400,115,630,630,347,283,265,43,100,43,7441,302,116,116,116,116,114,114,114,114,114,0,20
LIRCMOP10_BC,2,ref_y,420,116,1,0.39,116,0,0.00544913556738132,0.0138926136976076,116,20,4,0.0060319276168686,27.5862068965517,0.0759579298635211,0.181271198643094,0,20,0,20,6,0.172413793103448,3.72445152550139e-05,8.10335414391217e-05,0,0.000264878996050981,NaN,1,0.015822306079249,0.153846153846154,0.000111935953505185,0.000660534620425033,0.000660534620425033,NaN,0.3,400,114,628,628,349,279,270,47,100,47,6534,241,120,120,120,116,116,116,116,116,116,0,20
LIRCMOP10_BC,2,ref_y,421,120,1,0.4,120,0,0.00520402119429203,0.0215745651465027,120,20,4,0.00623992512089855,26.6666666666667,0.0889448002250599,0.165673200652722,0,20,0,20,4,0.166666666666667,7.07289395066887e-05,9.48931264338668e-05,0,0.000340544520061301,NaN,1,0.0159952590498916,0.05,0.000269613603197549,0.000663664332288748,0.000663664332288748,NaN,0.2,400,116,632,632,359,273,273,48,92,40,6953,209,120,120,120,120,120,120,120,120,120,0,20
LIRCMOP10_BC,2,ref_y,422,118,1,0.4,118,0,0.00381917205395369,0.0110518273303005,118,20,4,0.00613592636888357,27.1186440677966,0.0758721773364399,0.157344385790976,0,20,0,20,8,0.169491525423729,3.89200214936991e-05,0.000169493436700647,0,0.000329286003434409,NaN,1,0.00894803561867706,0.1,0.000351957022039185,0.000875850446205111,0.000875850446205111,NaN,0.4,400,120,640,640,363,277,284,45,100,45,8123,500,118,118,118,118,118,118,118,118,118,0,20
LIRCMOP10_BC,2,ref_y,423,119,1,0.4,119,0,0.0043741614673169,0.0146449298067943,119,20,4,0.00618792574489106,26.890756302521,0.0758721773364399,0.323826087759723,0,20,0,20,5,0.168067226890756,4.12477261729984e-05,8.41310275695237e-05,0,0.000299356402392637,NaN,0.65,0.00388392033039387,0.15,0.000169155600371669,0.000674247957064142,0.000674247957064142,NaN,0.25,400,118,636,636,369,267,278,47,100,47,7483,212,119,119,119,119,119,119,119,119,119,0,20
LIRCMOP10_BC,2,ref_y,424,123,1,0.41,123,0,0.00468804298902679,0.0147939972275486,123,20,4,0.00639592324892101,26.0162601626016,0.0834251626254816,0.213405562781986,0,20,0,20,5,0.16260162601626,2.93498035368659e-05,5.51972050283848e-05,0,0.0003016542085395,NaN,0.75,0.00427935188526482,0.0975609756097561,0.000212553604564966,0.000673772483848821,0.000673772483848821,NaN,0.25,400,119,638,638,372,266,269,48,97,45,6908,170,123,123,123,123,123,123,123,123,123,0,20
LIRCMOP10_BC,2,ref_y,425,123,1,0.41,123,0,0.00482046396876676,0.0139660829051562,123,20,4,0.00639592324892101,26.0162601626016,0.088987798043986,0.19579221889382,0,20,0,20,7,0.16260162601626,0.000532286227277942,0.000816715476532242,0,0.000832736611873652,NaN,0.8,0.00788533359487364,0.146341463414634,0.000864486723295755,0.00111768045320082,0.00111768045320082,NaN,0.35,400,123,646,646,366,280,285,45,100,45,8352,220,125,125,125,125,123,123,123,123,123,0,20
LIRCMOP10_BC,2,ref_y,426,117,1,0.39,117,0,0.00347512647903018,0.0108128868352756,117,20,4,0.00608392699287609,27.3504273504273,0.0888785546979273,0.157344385790976,0,20,0,20,7,0.170940170940171,5.40531139892694e-05,0.000191472432423059,0,0.000241471089416937,NaN,0.65,0.00799196592100348,0.102564102564103,0.000365433898510698,0.000597140328663949,0.000597140328663949,NaN,0.35,400,123,646,646,371,275,280,44,100,44,6998,210,117,117,117,117,117,117,117,117,117,0,20
LIRCMOP10_BC,2,ref_y,427,120,1,0.4,120,0,0.00463225432691418,0.0162273274399705,120,20,4,0.00623992512089855,26.6666666666667,0.0861065141106476,0.255782949535348,0,20,0,20,8,0.166666666666667,3.96519564500033e-05,0.00012681867727962,0,0.000592403712971874,NaN,0.7,0.00334104024841942,0.1,0.000651677677978282,0.000818909907910495,0.000818909907910495,NaN,0.4,400,117,634,634,346,288,274,49,99,48,8344,215,120,120,120,120,120,120,120,120,120,0,20
LIRCMOP10_BC,2,ref_y,428,122,1,0.41,122,0,0.00458102180607553,0.0195329559768079,122,20,4,0.00634392387291352,26.2295081967213,0.0839024796101788,0.163054078080376,0,20,0,20,7,0.163934426229508,2.85762107035829e-05,7.88563420608391e-05,0,0.000830646593380965,NaN,0.45,-0.00112491304028142,0.0975609756097561,0.000556360758625359,0.00113726379734169,0.00113726379734169,NaN,0.35,400,120,640,640,349,291,273,50,98,48,8050,258,125,125,125,122,122,122,122,122,122,0,20
LIRCMOP10_BC,2,ref_y,429,126,1,0.42,126,0,0.00937280411003189,0.0338124426748399,126,20,4,0.00655192137694348,25.3968253968254,0.090135206446215,0.179262834937618,0,20,0,20,5,0.158730158730159,7.13332337628379e-05,0.000104381035603047,0,0.000616960028362313,NaN,0.45,-0.000119869104376523,0.0476190476190476,0.000247565400496544,0.000939197571238715,0.000939197571238715,NaN,0.25,400,122,644,644,352,292,273,49,99,48,7467,318,126,126,126,126,126,126,126,126,126,0,20
LIRCMOP10_BC,2,ref_y,430,125,1,0.42,125,0,0.00423330409129367,0.015576191020257,125,20,4,0.00649992200093599,25.6,0.0883105486111163,0.157344385790976,0,20,0,20,10,0.16,3.7935443932771e-05,0.000127326356892568,0,0.000676244143251557,NaN,1,0.0138024298250368,0.142857142857143,0.00075762048308144,0.00116663638544104,0.00116663638544104,NaN,0.5,400,126,652,652,362,290,287,46,100,46,7762,277,125,125,125,125,125,125,125,125,125,0,20
LIRCMOP10_BC,2,ref_y,431,123,1,0.41,123,0,0.00536252525674347,0.0137649431853194,123,20,4,0.00639592324892101,26.0162601626016,0.0839024796101788,0.196258925701399,0,20,0,20,8,0.16260162601626,2.92682052442002e-05,9.46549354632009e-05,0,0.000471640928226771,NaN,0.95,0.0078014641958772,0.121951219512195,0.000482004625452911,0.000621745035345928,0.000621745035345928,NaN,0.4,400,125,650,650,356,294,283,46,100,46,8095,138,123,123,123,123,123,123,123,123,123,0,20
LIRCMOP10_BC,2,ref_y,432,132,1,0.44,132,0,0.00462585580523196,0.01641375996063,132,20,4,0.0068639176329884,24.2424242424242,0.0917328052972485,0.316966151233344,0,20,0,20,7,0.151515151515152,4.45652484269079e-05,9.05719551986084e-05,0,0.000212032800703571,NaN,0.85,0.00648997486315264,0.0909090909090909,0.00014974908457076,0.000631591244691619,0.000631591244691619,NaN,0.35,400,123,646,646,360,286,285,49,97,46,7548,197,132,132,132,132,132,132,132,132,132,0,20
LIRCMOP10_BC,2,ref_y,433,123,1,0.41,123,0,0.00298519560726531,0.0116434531188485,123,20,4,0.00639592324892101,26.0162601626016,0.0883105486111163,0.157344385790976,0,20,0,20,6,0.16260162601626,2.22214897730901e-05,7.22344316578619e-05,0,7.22344316578619e-05,NaN,0.9,0.00512129806618446,0.0975609756097561,0.000133771495421241,0.000340908357419436,0.000340908357419436,NaN,0.3,400,132,664,664,369,295,289,47,100,47,8168,174,126,126,126,126,123,123,123,123,123,0,20
LIRCMOP10_BC,2,ref_y,434,129,1,0.43,129,0,0.00585014734286517,0.0166717887828432,129,20,4,0.00670791950496594,24.8062015503876,0.0920490934852516,0.303096199189038,0,20,0,20,8,0.155038759689922,3.3407373060782e-05,0.000104242442884818,0,0.000370283205667811,NaN,1,0.0132333423252365,0.0930232558139535,0.000520170513825628,0.000592940793676136,0.000592940793676136,NaN,0.4,400,123,646,646,361,285,280,49,100,49,7783,181,132,132,132,129,129,129,129,129,129,0,20
LIRCMOP10_BC,2,ref_y,435,126,1,0.42,126,0,0.00340827460407371,0.0109741099010503,126,20,4,0.00655192137694348,25.3968253968254,0.0859259164718859,0.153710972270884,0,20,0,20,7,0.158730158730159,5.04432457714182e-05,6.37717139641982e-05,0,8.85818290719692e-05,NaN,1,0.00829574040995601,0.142857142857143,0.000229785989126942,0.000497662184742829,0.000497662184742829,NaN,0.35,400,129,658,658,376,282,293,47,100,47,8322,185,127,127,127,127,126,126,126,126,126,0,20
LIRCMOP10_BC,2,ref_y,436,126,1,0.42,126,0,0.00258037634001596,0.00784236591222883,126,20,4,0.00655192137694348,25.3968253968254,0.0924396889553702,0.157344385790976,0,20,0,20,7,0.158730158730159,3.92845462658153e-05,7.23197444622718e-05,0,9.7237959696702e-05,NaN,0.6,0.00251319718625241,0.0952380952380952,0.000206506375849836,0.000460712740371568,0.000460712740371568,NaN,0.35,400,126,652,652,353,299,283,47,100,47,7815,162,126,126,126,126,126,126,126,126,126,0,20
LIRCMOP10_BC,2,ref_y,437,129,1,0.43,129,0,0.00506133738266926,0.0148160677363448,129,20,4,0.00670791950496594,24.8062015503876,0.0834251626254816,0.303096199189038,0,20,0,20,8,0.155038759689922,3.41815728862764e-05,8.80349397016949e-05,0,0.000389479758020452,NaN,0.45,-0.00220484874078755,0.0930232558139535,0.000359433170960974,0.000761978105991644,0.000761978105991644,NaN,0.4,400,126,652,652,372,280,292,50,100,50,8558,155,129,129,129,129,129,129,129,129,129,0,20
LIRCMOP10_BC,2,ref_y,438,129,1,0.43,129,0,0.00335944683306622,0.00971001624997112,129,20,4,0.00670791950496594,24.8062015503876,0.0827960095536296,0.153710972270884,0,20,0,20,8,0.155038759689922,6.67648899688745e-05,0.000187225528541792,0,0.000337321729181809,NaN,0.6,0.0024166713915939,0.13953488372093,0.000628382807133945,0.000781455362600746,0.000781455362600746,NaN,0.4,400,129,658,658,366,292,298,49,100,49,8290,291,132,132,132,129,129,129,129,129,129,0,20
LIRCMOP10_BC,2,ref_y,439,121,1,0.41,121,0,0.00436659965378268,0.01426226036036,121,20,4,0.00629192449690604,26.4462809917355,0.0772505503020972,0.153710972270884,0,20,0,20,9,0.165289256198347,1.28327264003724e-05,6.23661583875191e-05,0,0.00032326892419637,NaN,1,0.0097515414626345,0.146341463414634,0.000441923072629748,0.000846342612323494,0.000846342612323494,NaN,0.45,400,129,658,658,373,285,282,48,100,48,7196,228,121,121,121,121,121,121,121,121,121,0,20
LIRCMOP10_BC,2,ref_y,440,114,1,0.38,114,0,0.00554833628006947,0.0203831614653566,114,20,4,0.00592792886485362,28.0701754385965,0.0840832372441474,0.161548671215771,0,20,0,20,12,0.175438596491228,1.52578034633661e-05,7.82463660084384e-05,0,0.00108503861256315,NaN,0.45,-0.00661757422945639,0.157894736842105,0.000909754698859782,0.00124038284015995,0.00124038284015995,NaN,0.6,400,121,642,642,360,282,284,49,96,45,10298,169,114,114,114,114,114,114,114,114,114,0,20
LIRCMOP10_BC,2,ref_y,441,129,1,0.43,129,0,0.00479144696392975,0.015579713294233,129,20,4,0.00670791950496594,24.8062015503876,0.0787756612216912,0.166787786666158,0,20,0,20,13,0.155038759689922,2.29602404653235e-05,0.000221934113782034,0,0.00110268848393273,NaN,1,0.00628035792563753,0.0930232558139535,0.00140623658249165,0.00162307182267221,0.00162307182267221,NaN,0.65,400,114,628,628,345,283,275,49,100,49,7368,324,129,129,129,129,129,129,129,129,129,0,20
LIRCMOP10_BC,2,ref_y,442,123,1,0.41,123,0,0.00474622887270843,0.0180055109350687,123,20,4,0.00639592324892101,26.0162601626016,0.0910181375505847,0.163620619366116,0,20,0,20,10,0.16260162601626,2.9726343242678e-05,6.556347062625e-05,0,0.00075422649375174,NaN,0.9,0.0109541916539393,0.0975609756097561,0.000854544175737852,0.00125160780701873,0.00125160780701873,NaN,0.5,400,129,658,658,377,281,291,47,100,47,7646,219,126,126,126,123,123,123,123,123,123,0,20
LIRCMOP10_BC,2,ref_y,443,126,1,0.42,126,0,0.00580141220368729,0.0159128781983854,126,20,4,0.00655192137694348,25.3968253968254,0.088373711655617,0.157344385790976,0,20,0,20,8,0.158730158730159,0.000178495154749112,0.000309869147881397,0,0.000444394165420257,NaN,0.9,0.0030130640208882,0.142857142857143,0.00071423710135326,0.00102710767665723,0.00102710767665723,NaN,0.4,400,123,646,646,360,286,278,45,100,45,7155,189,126,126,126,126,126,126,126,126,126,0,20
LIRCMOP10_BC,2,ref_y,444,123,1,0.41,123,0,0.00546305762253055,0.0133267746849993,123,20,4,0.00639592324892101,26.0162601626016,0.08348565574545,0.153710972270884,0,20,0,20,8,0.16260162601626,3.26537089301249e-05,4.63775141191405e-05,0,0.000398901904066967,NaN,0.8,0.00458977638362503,0.0975609756097561,0.00050641408084507,0.00097581301350612,0.00097581301350612,NaN,0.4,400,126,652,652,384,268,286,47,100,47,6805,244,123,123,123,123,123,123,123,123,123,0,20
LIRCMOP10_BC,2,ref_y,445,130,1,0.44,130,0,0.00399847210301385,0.0162519785510507,130,20,4,0.00675991888097343,24.6153846153846,0.0811004119235864,0.169713214715146,0,20,0,20,9,0.153846153846154,3.61346139583579e-05,0.000100500207248555,0,0.00040229345663288,NaN,0.6,0.00393292960813585,0.0909090909090909,0.000382881777687085,0.000798099444613673,0.000798099444613673,NaN,0.45,400,123,646,646,369,277,288,51,96,47,7625,137,132,132,132,130,130,130,130,130,130,0,20
LIRCMOP10_BC,2,ref_y,446,126,1,0.42,126,0,0.00410500855464324,0.0143833952856217,126,20,4,0.00655192137694348,25.3968253968254,0.0773956899353952,0.207015437037933,0,20,0,20,9,0.158730158730159,1.31101877667278e-05,8.29823175575485e-05,0,0.00017081193721658,NaN,0.85,0.0105207374393451,0.0952380952380952,0.000275690202944204,0.000601366707723692,0.000601366707723692,NaN,0.45,400,130,660,660,366,294,294,49,100,49,8032,218,128,128,128,128,126,126,126,126,126,0,20
LIRCMOP10_BC,2,ref_y,447,129,1,0.43,129,0,0.00440559626745496,0.0136269920399019,129,20,4,0.00670791950496594,24.8062015503876,0.0787756612216912,0.157344385790976,0,20,0,20,7,0.155038759689922,3.063788205273e-05,6.21538984382995e-05,0,0.000152995955843699,NaN,0.7,0.00442518589786541,0.0930232558139535,0.000291633891870009,0.00068595089611754,0.00068595089611754,NaN,0.35,400,126,652,652,376,276,292,49,99,48,7596,170,129,129,129,129,129,129,129,129,129,0,20
LIRCMOP10_BC,2,ref_y,448,129,1,0.43,129,0,0.00573719208116532,0.0186269493655568,129,20,4,0.00670791950496594,24.8062015503876,0.0859259164718859,0.136116114640586,0,20,0,20,7,0.155038759689922,4.03625193161927e-05,9.0423044672879e-05,0,0.00017998289571318,NaN,0.75,0.00443676418985771,0.13953488372093,0.000397093522796808,0.000666285645862025,0.000666285645862025,NaN,0.35,400,129,658,658,364,294,294,49,97,46,8042,238,129,129,129,129,129,129,129,129,129,0,20
LIRCMOP10_BC,2,ref_y,449,128,1,0.43,128,0,0.00434519794839775,0.0154224117310128,128,20,4,0.00665592012895845,25,0.0859259164718859,0.157344385790976,0,20,0,20,7,0.15625,3.56986551992815e-05,6.7153713338875e-05,0,0.000144568937869553,NaN,0.75,0.00398540837930179,0.0930232558139535,0.000228839224921828,0.000663591946958797,0.000663591946958797,NaN,0.35,400,129,658,658,372,286,277,48,96,44,7327,229,129,129,129,129,128,128,128,128,128,0,20
LIRCMOP10_BC,2,ref_y,450,123,1,0.41,123,0,0.00405520448784234,0.0112699985028389,123,20,4,0.00639592324892101,26.0162601626016,0.0910181375505847,0.158712097680324,0,20,0,20,7,0.16260162601626,3.83732369736068e-05,6.76186179448741e-05,0,9.74120227819405e-05,NaN,0.6,0.00196412239878345,0.0975609756097561,0.000201543996706084,0.000482758431981136,0.000482758431981136,NaN,0.35,400,128,656,656,351,305,283,46,100,46,7975,248,123,123,123,123,123,123,123,123,123,0,20
LIRCMOP10_BC,2,ref_y,451,126,1,0.42,126,0,0.00582274877040267,0.0182062499424379,126,20,4,0.00655192137694348,25.3968253968254,0.093251309420111,0.171666760945832,0,20,0,20,10,0.158730158730159,0.000138484727578027,0.000242293692658366,0,0.00150174593653987,NaN,0.7,0.00350783820165652,0.0952380952380952,0.00105381500692143,0.00170743246092572,0.00170743246092572,NaN,0.5,400,123,646,646,369,277,284,52,98,50,9372,119,126,126,126,126,126,126,126,126,126,0,20
LIRCMOP10_BC,2,ref_y,452,129,1,0.43,129,0,0.00338079558404665,0.0148787962862549,129,20,4,0.00670791950496594,24.8062015503876,0.0839024796101788,0.17005638100538,0,20,0,20,10,0.155038759689922,2.82832297012093e-05,0.00010558618472647,0,0.000710744122560551,NaN,0.65,0.00403974385568466,0.0930232558139535,0.000591992411867168,0.00104649458918486,0.00104649458918486,NaN,0.5,400,126,652,652,355,297,288,53,100,53,8231,244,135,135,135,135,129,129,129,129,129,0,20
LIRCMOP10_BC,2,ref_y,453,129,1,0.43,129,0,0.00589467864645033,0.0238184207353797,129,20,4,0.00670791950496594,24.8062015503876,0.0910181375505847,0.163682925009275,0,20,0,20,7,0.155038759689922,6.06636544134928e-05,9.12827437211726e-05,0,0.000456618019100917,NaN,0.45,-0.00219797367147292,0.0465116279069767,0.000518336783165116,0.000768535615160123,0.000768535615160123,NaN,0.35,400,129,658,658,370,288,288,51,100,51,8598,291,129,129,129,129,129,129,129,129,129,0,20
LIRCMOP10_BC,2,ref_y,454,129,1,0.43,129,0,0.00383987650099584,0.012288433723256,129,20,4,0.00670791950496594,24.8062015503876,0.0946302665072848,0.156488378861796,0,20,0,20,12,0.155038759689922,0.000115042070442006,0.000686016558527301,0,0.00072398731264237,NaN,0.5,-5.87416739091101e-05,0.13953488372093,0.000994825910537008,0.00110384510817834,0.00110384510817834,NaN,0.6,400,129,658,658,368,290,290,50,100,50,8465,335,134,134,134,131,129,129,129,129,129,0,20
LIRCMOP10_BC,2,ref_y,455,132,1,0.44,132,0,0.00379429699761117,0.0108734415393486,132,20,4,0.0068639176329884,24.2424242424242,0.0855649807447837,0.211912142322275,0,20,0,20,6,0.151515151515152,6.33278503142881e-05,0.000105846356350665,0,0.000502164801224195,NaN,0.3,-0.00544341211566282,0.0909090909090909,0.00024088670896812,0.000857706286296484,0.000857706286296484,NaN,0.3,400,129,658,658,371,287,287,52,100,52,9343,142,132,132,132,132,132,132,132,132,132,0,20
LIRCMOP10_BC,2,ref_y,456,126,1,0.42,126,0,0.00446421664515327,0.0123340985136652,126,20,4,0.00655192137694348,25.3968253968254,0.0852040450176815,0.157344385790976,0,20,0,20,9,0.158730158730159,2.99330182436638e-05,8.55029613108595e-05,0,0.000219543777755835,NaN,0.7,0.00737626688258964,0.142857142857143,0.000225773032694927,0.000726319422301347,0.000726319422301347,NaN,0.45,400,132,664,664,374,290,290,49,100,49,8431,188,126,126,126,126,126,126,126,126,126,0,20
