problem,run,gen,bmem_count,boundary_count,bmem_ref_coverage,finite_gap_count,inf_gap_count,median_gap,max_gap,train_count,query_count,condition_dim,train_param_ratio,gan_sample_reuse,train_pair_dec_dist50,train_pair_dec_dist90,train_tau_iqr,missing_ref_query_count,large_gap_query_count,raw_generated_count,feasible_generated_count,generated_per_train,boundary_dist50,boundary_dist90,query_width90,segment_width90,segment_width90_ratio,side_rate,pair_margin50,ref_cover,query_obj_dist50,query_obj_dist90,feasible_rate,boundary_sample_current_count,boundary_sample_prev_pair_count,boundary_sample_merged_count,boundary_sample_finite_count,boundary_feasible_count,boundary_infeasible_count,boundary_main_feasible_count,boundary_ref_with_main_feasible_count,boundary_ref_with_neighbor_infeasible_count,boundary_ref_pairable_count,boundary_pair_distance_count,boundary_pair_dominated_skip_count,boundary_pair_appended_count,boundary_candidate_raw_count,boundary_candidate_finite_count,boundary_candidate_pareto_count,boundary_candidate_gap_count,boundary_candidate_dedup_count,boundary_candidate_final_count,dataset_bmem_input_count,dataset_valid_train_count,dataset_invalid_train_count,dataset_query_count
LIRCMOP7_BC,1,1,0,0,NaN,0,0,NaN,NaN,0,0,3,0,NaN,NaN,NaN,NaN,0,0,0,0,NaN,NaN,NaN,NaN,NaN,NaN,NaN,NaN,NaN,NaN,NaN,NaN,400,0,400,400,400,0,5,5,0,0,0,0,0,0,0,0,0,0,0,0,0,0,0
LIRCMOP7_BC,1,2,0,0,NaN,0,0,NaN,NaN,0,0,3,0,NaN,NaN,NaN,NaN,0,0,0,0,NaN,NaN,NaN,NaN,NaN,NaN,NaN,NaN,NaN,NaN,NaN,NaN,400,0,400,400,400,0,6,6,0,0,0,0,0,0,0,0,0,0,0,0,0,0,0
LIRCMOP7_BC,1,3,0,0,NaN,0,0,NaN,NaN,0,0,3,0,NaN,NaN,NaN,NaN,0,0,0,0,NaN,NaN,NaN,NaN,NaN,NaN,NaN,NaN,NaN,NaN,NaN,NaN,400,0,400,400,400,0,9,8,0,0,0,0,0,0,0,0,0,0,0,0,0,0,0
LIRCMOP7_BC,1,4,0,0,NaN,0,0,NaN,NaN,0,0,3,0,NaN,NaN,NaN,NaN,0,0,0,0,NaN,NaN,NaN,NaN,NaN,NaN,NaN,NaN,NaN,NaN,NaN,NaN,400,0,400,400,400,0,20,15,0,0,0,0,0,0,0,0,0,0,0,0,0,0,0
LIRCMOP7_BC,1,5,0,0,NaN,0,0,NaN,NaN,0,0,3,0,NaN,NaN,NaN,NaN,0,0,0,0,NaN,NaN,NaN,NaN,NaN,NaN,NaN,NaN,NaN,NaN,NaN,NaN,400,0,400,400,400,0,10,9,0,0,0,0,0,0,0,0,0,0,0,0,0,0,0
LIRCMOP7_BC,1,6,0,0,NaN,0,0,NaN,NaN,0,0,3,0,NaN,NaN,NaN,NaN,0,0,0,0,NaN,NaN,NaN,NaN,NaN,NaN,NaN,NaN,NaN,NaN,NaN,NaN,400,0,400,400,400,0,13,10,0,0,0,0,0,0,0,0,0,0,0,0,0,0,0
LIRCMOP7_BC,1,7,0,0,NaN,0,0,NaN,NaN,0,0,3,0,NaN,NaN,NaN,NaN,0,0,0,0,NaN,NaN,NaN,NaN,NaN,NaN,NaN,NaN,NaN,NaN,NaN,NaN,400,0,400,400,400,0,22,13,0,0,0,0,0,0,0,0,0,0,0,0,0,0,0
LIRCMOP7_BC,1,8,0,0,NaN,0,0,NaN,NaN,0,0,3,0,NaN,NaN,NaN,NaN,0,0,0,0,NaN,NaN,NaN,NaN,NaN,NaN,NaN,NaN,NaN,NaN,NaN,NaN,400,0,400,400,400,0,13,11,0,0,0,0,0,0,0,0,0,0,0,0,0,0,0
LIRCMOP7_BC,1,9,0,0,NaN,0,0,NaN,NaN,0,0,3,0,NaN,NaN,NaN,NaN,0,0,0,0,NaN,NaN,NaN,NaN,NaN,NaN,NaN,NaN,NaN,NaN,NaN,NaN,400,0,400,400,400,0,25,16,0,0,0,0,0,0,0,0,0,0,0,0,0,0,0
LIRCMOP7_BC,1,10,0,0,NaN,0,0,NaN,NaN,0,0,3,0,NaN,NaN,NaN,NaN,0,0,0,0,NaN,NaN,NaN,NaN,NaN,NaN,NaN,NaN,NaN,NaN,NaN,NaN,400,0,400,400,400,0,22,14,0,0,0,0,0,0,0,0,0,0,0,0,0,0,0
LIRCMOP7_BC,1,11,0,0,NaN,0,0,NaN,NaN,0,0,3,0,NaN,NaN,NaN,NaN,0,0,0,0,NaN,NaN,NaN,NaN,NaN,NaN,NaN,NaN,NaN,NaN,NaN,NaN,400,0,400,400,400,0,34,15,0,0,0,0,0,0,0,0,0,0,0,0,0,0,0
LIRCMOP7_BC,1,12,0,0,NaN,0,0,NaN,NaN,0,0,3,0,NaN,NaN,NaN,NaN,0,0,0,0,NaN,NaN,NaN,NaN,NaN,NaN,NaN,NaN,NaN,NaN,NaN,NaN,400,0,400,400,400,0,25,15,0,0,0,0,0,0,0,0,0,0,0,0,0,0,0
LIRCMOP7_BC,1,13,0,0,NaN,0,0,NaN,NaN,0,0,3,0,NaN,NaN,NaN,NaN,0,0,0,0,NaN,NaN,NaN,NaN,NaN,NaN,NaN,NaN,NaN,NaN,NaN,NaN,400,0,400,400,400,0,35,17,0,0,0,0,0,0,0,0,0,0,0,0,0,0,0
LIRCMOP7_BC,1,14,0,0,NaN,0,0,NaN,NaN,0,0,3,0,NaN,NaN,NaN,NaN,0,0,0,0,NaN,NaN,NaN,NaN,NaN,NaN,NaN,NaN,NaN,NaN,NaN,NaN,400,0,400,400,400,0,66,21,0,0,0,0,0,0,0,0,0,0,0,0,0,0,0
LIRCMOP7_BC,1,15,0,0,NaN,0,0,NaN,NaN,0,0,3,0,NaN,NaN,NaN,NaN,0,0,0,0,NaN,NaN,NaN,NaN,NaN,NaN,NaN,NaN,NaN,NaN,NaN,NaN,400,0,400,400,400,0,54,24,0,0,0,0,0,0,0,0,0,0,0,0,0,0,0
LIRCMOP7_BC,1,16,0,0,NaN,0,0,NaN,NaN,0,0,3,0,NaN,NaN,NaN,NaN,0,0,0,0,NaN,NaN,NaN,NaN,NaN,NaN,NaN,NaN,NaN,NaN,NaN,NaN,400,0,400,400,400,0,81,32,0,0,0,0,0,0,0,0,0,0,0,0,0,0,0
LIRCMOP7_BC,1,17,0,0,NaN,0,0,NaN,NaN,0,0,3,0,NaN,NaN,NaN,NaN,0,0,0,0,NaN,NaN,NaN,NaN,NaN,NaN,NaN,NaN,NaN,NaN,NaN,NaN,400,0,400,400,400,0,60,36,0,0,0,0,0,0,0,0,0,0,0,0,0,0,0
LIRCMOP7_BC,1,18,0,0,NaN,0,0,NaN,NaN,0,0,3,0,NaN,NaN,NaN,NaN,0,0,0,0,NaN,NaN,NaN,NaN,NaN,NaN,NaN,NaN,NaN,NaN,NaN,NaN,400,0,400,400,400,0,58,31,0,0,0,0,0,0,0,0,0,0,0,0,0,0,0
LIRCMOP7_BC,1,19,0,0,NaN,0,0,NaN,NaN,0,0,3,0,NaN,NaN,NaN,NaN,0,0,0,0,NaN,NaN,NaN,NaN,NaN,NaN,NaN,NaN,NaN,NaN,NaN,NaN,400,0,400,400,400,0,77,39,0,0,0,0,0,0,0,0,0,0,0,0,0,0,0
LIRCMOP7_BC,1,20,0,0,NaN,0,0,NaN,NaN,0,0,3,0,NaN,NaN,NaN,NaN,0,0,0,0,NaN,NaN,NaN,NaN,NaN,NaN,NaN,NaN,NaN,NaN,NaN,NaN,400,0,400,400,400,0,84,38,0,0,0,0,0,0,0,0,0,0,0,0,0,0,0
LIRCMOP7_BC,1,21,0,0,NaN,0,0,NaN,NaN,0,0,3,0,NaN,NaN,NaN,NaN,0,0,0,0,NaN,NaN,NaN,NaN,NaN,NaN,NaN,NaN,NaN,NaN,NaN,NaN,400,0,400,400,400,0,111,43,0,0,0,0,0,0,0,0,0,0,0,0,0,0,0
LIRCMOP7_BC,1,22,10,1,0.06,10,0,0.0162375541328779,0.0349786742267004,10,16,3,0.000523477987750615,100,0.353864235049421,0.375148479140934,0,7,9,16,16,1.6,0.282099071458554,0.28484783547394,0,0.291358969953951,561.387538081186,0.375,-0.0185888231177302,1,0.287461061170038,0.291543445201565,1,400,0,400,400,398,2,117,48,14,7,14,0,12,12,12,12,10,10,10,10,10,0,16
LIRCMOP7_BC,1,23,23,1,0.08,23,0,0.0147215784829295,0.0272812301432354,23,20,3,0.00120399937182641,100,0.249914052130347,0.367391857814737,0,11,9,20,20,0.869565217391304,0.253050432554263,0.257579306659645,0,0.266699186310628,NaN,0.85,0.0590080979468254,0.875,0.260550655231302,0.266699186310628,1,400,10,420,420,406,14,133,42,20,8,162,0,23,23,23,23,23,23,23,23,23,0,20
LIRCMOP7_BC,1,24,24,1,0.08,24,0,0.00862513368640949,0.0166116731283761,24,20,3,0.00125634717060148,100,0.246272579638489,0.353864235049421,0,11,9,20,20,0.833333333333333,0.200364100001631,0.206937846555887,0,0.208357556906831,NaN,0.6,0.00787643914655667,1,0.20418023672777,0.209398598009467,1,400,23,446,446,418,28,121,46,20,8,277,0,24,24,24,24,24,24,24,24,24,0,20
LIRCMOP7_BC,1,25,52,1,0.18,52,0,0.00954275770741542,0.0200068260909914,52,20,3,0.0027220855363032,61.5384615384615,0.254313369087345,0.353864235049421,0,13,7,20,20,0.384615384615385,0.193168024478384,0.195279185270102,0,0.202420025970677,NaN,0.55,0.00671826721567004,0.777777777777778,0.197404070279888,0.203361734980633,1,400,24,448,448,415,33,185,52,33,18,604,0,52,52,52,52,52,52,52,52,52,0,20
LIRCMOP7_BC,1,26,68,1,0.23,68,0,0.00789560075628324,0.017705270323163,68,20,3,0.00355965031670418,47.0588235294118,0.267730023103407,0.37758443968117,0,18,2,20,20,0.294117647058824,0.241233844323659,0.243262752914809,0,0.250771875372177,NaN,0.6,0.00658403107976457,0.782608695652174,0.245641400059212,0.251395750693387,1,400,52,504,504,433,71,174,51,41,23,1599,0,68,68,68,68,68,68,68,68,68,0,20
LIRCMOP7_BC,1,27,75,1,0.25,75,0,0.00683446710988693,0.0113824664902275,75,20,3,0.00392608490812961,42.6666666666667,0.286758965578785,0.369170265128517,0,11,9,20,20,0.266666666666667,0.329217779638074,0.33209578031233,0,0.34209964350381,NaN,0.75,0.0226913701037246,0.68,0.337215483008762,0.342971911938888,1,400,68,536,536,445,91,221,54,39,26,2194,0,78,78,78,78,75,75,75,75,75,0,20
LIRCMOP7_BC,1,28,69,1,0.23,69,0,0.00441693128092058,0.00847303763538289,69,20,3,0.00361199811547924,46.3768115942029,0.328324691920801,0.39096289374614,0,11,9,20,20,0.289855072463768,0.0811957062356725,0.0839034573920205,0,0.0883616255341329,NaN,0.25,-0.0178862620181662,0.652173913043478,0.0837905152928798,0.0884643265175053,1,400,75,550,550,453,97,187,55,40,26,2180,0,78,78,78,78,69,69,69,69,69,0,20
LIRCMOP7_BC,1,29,79,1,0.27,79,0,0.00797009194457114,0.0177727504151666,79,20,3,0.00413547610322986,40.5063291139241,0.285996769610841,0.42958572141698,0,16,4,20,20,0.253164556962025,0.104583259429895,0.108900694652038,0,0.127706225856823,NaN,0.7,0.00621160782852048,0.740740740740741,0.116780320793115,0.128804892050203,1,400,69,538,538,423,115,199,56,49,29,2905,0,86,86,86,86,79,79,79,79,79,0,20
LIRCMOP7_BC,1,30,109,1,0.37,109,0,0.00822624624815008,0.0190034688461798,109,20,3,0.0057059100664817,29.3577981651376,0.301235553627903,0.397075959522969,0,20,0,20,20,0.18348623853211,0.0385805958602579,0.0423786505307143,0,0.0652411855033338,NaN,0.65,0.0232367530614639,0.594594594594595,0.042827866579684,0.0684293153802061,1,400,79,558,558,447,111,189,58,62,38,2499,0,111,111,111,111,109,109,109,109,109,0,20
LIRCMOP7_BC,1,31,114,1,0.4,114,0,0.00814701731438445,0.0226700139604458,114,20,3,0.00596764906035701,28.0701754385965,0.291230509617648,0.448980752000233,0,20,0,20,20,0.175438596491228,0.0266310949988707,0.0318078771949468,0,0.0547860897042892,NaN,0.7,0.0333560221380922,0.575,0.0355294356931713,0.0565747122323423,1,400,109,618,618,455,163,214,61,68,43,4152,0,122,122,122,122,114,114,114,114,114,0,20
LIRCMOP7_BC,1,32,123,1,0.41,123,0,0.00714595069282808,0.0188114674039054,123,20,3,0.00643877924933257,26.0162601626016,0.324782275699569,0.473515584982026,0,20,0,20,19,0.16260162601626,0.00823068197524335,0.0126192245155267,0,0.0454724953498955,NaN,0.6,0.00866732512114657,0.439024390243902,0.0328930742182918,0.0471576773075891,0.95,400,114,628,628,468,160,239,62,71,43,3704,0,127,127,127,127,123,123,123,123,123,0,20
LIRCMOP7_BC,1,33,130,1,0.44,130,0,0.00606135710712059,0.015103319862686,130,20,3,0.006805213840758,24.6153846153846,0.316880733956732,0.445811470479278,0,20,0,20,20,0.153846153846154,0.0269432084008583,0.0332074251717805,0,0.0718956696048797,NaN,0.8,0.0107127901598163,0.454545454545455,0.0502273531034129,0.0734103805989041,1,400,123,646,646,487,159,294,64,73,46,4254,0,136,136,136,136,130,130,130,130,130,0,20
LIRCMOP7_BC,1,34,133,1,0.45,133,0,0.00721419109015798,0.0171072991853227,133,20,3,0.00696225723708318,24.0601503759398,0.301235553627903,0.405397052504864,0,20,0,20,20,0.150375939849624,0.0268512562499767,0.0373752134621533,0,0.0735778027233166,NaN,0.5,0.00540573538188416,0.377777777777778,0.0602674591222636,0.0748881602945097,1,400,130,660,660,488,172,238,60,75,46,4332,0,136,136,136,136,133,133,133,133,133,0,20
LIRCMOP7_BC,1,35,141,1,0.47,141,0,0.00530249606405068,0.0112381334708788,141,20,3,0.00738103962728367,22.6950354609929,0.308484631894545,0.465641513923967,0,20,0,20,20,0.141843971631206,0.00886310039895098,0.0180171447741558,0,0.0369824474571223,NaN,0.45,-0.0051832582174815,0.404255319148936,0.0253897191475839,0.0386510888183376,1,400,133,666,666,477,189,264,65,85,52,4849,0,149,149,149,149,141,141,141,141,141,0,20
LIRCMOP7_BC,1,36,149,1,0.51,149,0,0.00533197020107845,0.0128445333415239,149,20,3,0.00779982201748416,21.4765100671141,0.344057474611721,0.445811470479278,0,20,0,20,20,0.134228187919463,0.00556015460113888,0.0116463997146195,0,0.0277962764449955,NaN,0.5,-0.00306694227152515,0.470588235294118,0.01963345498123,0.0288775572084023,1,400,141,682,682,485,197,250,66,86,54,4814,0,160,160,160,160,149,149,149,149,149,0,20
LIRCMOP7_BC,1,37,147,1,0.49,147,0,0.00484492378579273,0.0111394346110272,147,20,3,0.00769512641993404,21.7687074829932,0.327542676987183,0.46939808010198,0,20,0,20,8,0.136054421768707,0.00350272525889522,0.00531618154306163,0,0.0423054685969295,NaN,0.6,0.0148106516847504,0.163265306122449,0.0313472562054588,0.04452319626911,0.4,400,149,698,698,498,200,290,65,85,52,5164,0,152,152,152,152,147,147,147,147,147,0,20
LIRCMOP7_BC,1,38,147,1,0.49,147,0,0.00609425994483872,0.0130596544027429,147,20,3,0.00769512641993404,21.7687074829932,0.354790025180361,0.490103909643188,0,20,0,20,20,0.136054421768707,0.0124508759314459,0.0242460314600072,0,0.0472054785055394,NaN,0.85,0.0364844425101185,0.448979591836735,0.0330294271616432,0.0481385999391622,1,400,147,694,694,479,215,295,62,88,52,5697,0,154,154,154,154,147,147,147,147,147,0,20
LIRCMOP7_BC,1,39,162,1,0.54,162,0,0.0062409479684837,0.0143318368771516,162,20,3,0.00848034340155996,19.7530864197531,0.354790025180361,0.502604295208913,0,20,0,20,20,0.123456790123457,0.037277242646188,0.0479348109345058,0,0.0678682924658173,NaN,0.7,0.0352892329521947,0.518518518518518,0.0485360644747605,0.0691091778644785,1,400,147,694,694,485,209,296,68,89,59,5221,0,177,177,177,177,162,162,162,162,162,0,20
LIRCMOP7_BC,1,40,168,1,0.56,168,0,0.00537467869948176,0.0126193527936462,168,20,3,0.00879443019421033,19.047619047619,0.367666353390674,0.490351129141004,0,20,0,20,20,0.119047619047619,0.0273091682659585,0.045129654737424,0,0.0549744002532142,NaN,0.95,0.0595906136320643,0.375,0.0395333002667754,0.055525963968818,1,400,162,724,724,486,238,298,69,100,69,7446,0,201,201,201,201,168,168,168,168,168,0,20
LIRCMOP7_BC,1,41,111,1,0.37,111,0,0.00471678053121557,0.0104042004292618,111,20,3,0.00581060566403183,28.8288288288288,0.380170795709573,0.514188757034284,0,20,0,20,20,0.18018018018018,0.0378032549009693,0.056771718579018,0,0.0597617579346791,NaN,0.7,0.035102162705325,0.486486486486487,0.0421322944974512,0.0602049928291088,1,400,168,736,736,487,249,205,48,100,48,4464,1,138,138,138,138,111,111,111,111,111,0,20
LIRCMOP7_BC,1,42,105,1,0.35,105,0,0.0038347178989872,0.00885528820412002,105,20,3,0.00549651887138146,30.4761904761905,0.376004083564784,0.571577826635287,0,20,0,20,20,0.19047619047619,0.0265194550094497,0.0416307438432352,0,0.0426644464647484,NaN,0.8,0.0376183237890363,0.6,0.0299429793990229,0.0428987148855401,1,400,111,622,622,455,167,241,46,91,42,3841,0,125,125,125,125,105,105,105,105,105,0,20
LIRCMOP7_BC,1,43,114,1,0.38,114,0,0.00462805032484733,0.0123020159058116,114,20,3,0.00596764906035701,28.0701754385965,0.35771068027987,0.580350294495115,0,17,3,20,19,0.175438596491228,0.00974833605629257,0.0181614525001882,0,0.0237643448187907,NaN,0.8,0.0359850635469514,0.552631578947368,0.0191126078667292,0.0258396286950497,0.95,400,105,610,610,445,165,194,46,100,46,4104,8,132,132,132,132,114,114,114,114,114,0,20
LIRCMOP7_BC,1,44,47,1,0.17,47,0,0.00484785163539329,0.00862948474111782,47,20,3,0.00246034654242789,68.0851063829787,0.389697013699393,0.580350294495115,0,20,0,20,20,0.425531914893617,0.0409385979776063,0.069074001343084,0,0.0693849070707891,NaN,1,0.0293408098061587,0.705882352941177,0.0447502124977067,0.0695251361106242,1,400,114,628,628,459,169,119,26,95,22,1023,35,61,61,61,61,47,47,47,47,47,0,20
LIRCMOP7_BC,1,45,33,1,0.13,33,0,0.0063750456409126,0.0246587867552322,33,20,3,0.00172747735957703,96.969696969697,0.333123600647724,0.495087416179698,0,20,0,20,14,0.606060606060606,0.00987512865062532,0.0277841692053678,0,0.0301731725227053,NaN,1,0.0503050696075375,0.538461538461538,0.0117816364351964,0.0305663590827101,0.7,400,47,494,494,392,102,95,23,95,19,534,50,44,44,44,44,33,33,33,33,33,0,20
LIRCMOP7_BC,1,46,58,1,0.2,58,0,0.0144593475153266,0.0733857524974271,58,20,3,0.00303617232895357,55.1724137931034,0.312799942414475,0.528318154407681,0,20,0,20,4,0.344827586206897,0.00487698243493714,0.0115092891668953,0,0.016255868709176,NaN,0.95,0.0765911286734403,0.2,0.0130493233948918,0.0257605739870887,0.2,400,33,466,466,362,104,121,24,100,24,1042,86,67,67,67,67,58,58,58,58,58,0,20
LIRCMOP7_BC,1,47,68,1,0.24,68,0,0.0149013202189846,0.0506096125184981,68,20,3,0.00355965031670418,47.0588235294118,0.216903261914279,0.42504886158809,0,20,0,20,5,0.294117647058824,0.00588962498908052,0.0124378164632324,0,0.0182780350640823,NaN,0.7,0.0151829865498695,0.291666666666667,0.014623683957322,0.0184545914787462,0.25,400,58,516,516,367,149,119,31,95,27,2231,75,77,77,77,77,68,68,68,68,68,0,20
LIRCMOP7_BC,1,48,70,1,0.24,70,0,0.0116266908560128,0.0279953615447118,70,20,3,0.00366434591425431,45.7142857142857,0.249800121949133,0.453227117685747,0,20,0,20,4,0.285714285714286,0.00437174280132899,0.0100521126339956,0,0.0111600999327112,NaN,0.85,0.0579945165463104,0.208333333333333,0.00718535743864295,0.0117518932752799,0.2,400,68,536,536,387,149,152,31,95,27,2315,46,78,78,78,78,70,70,70,70,70,0,20
LIRCMOP7_BC,1,49,93,1,0.31,93,0,0.00850272099841626,0.0232884719396664,93,20,3,0.00486834528608072,34.4086021505376,0.256508082433737,0.513539918065609,0,20,0,20,20,0.21505376344086,0.0237395205166856,0.0354651691485656,0,0.0380512794150123,NaN,1,0.0381514638928227,0.0967741935483871,0.0347526603881492,0.0537068650468715,1,400,70,540,540,376,164,149,36,100,36,2436,9,105,105,105,105,93,93,93,93,93,0,20
LIRCMOP7_BC,1,50,75,1,0.25,75,0,0.00515783704229543,0.0135501539216628,75,20,3,0.00392608490812961,42.6666666666667,0.342762677440141,0.531610317070555,0,20,0,20,13,0.266666666666667,0.0305560387088013,0.0454747154218173,0,0.0463399462166995,NaN,0.75,0.0561828387098039,0.2,0.0329234541160785,0.0469307062318209,0.65,400,93,586,586,405,181,218,35,95,30,3871,24,89,89,89,89,75,75,75,75,75,0,20
LIRCMOP7_BC,1,51,102,1,0.35,102,0,0.00584169102211048,0.0150709342345551,102,20,3,0.00533947547505627,31.3725490196078,0.315215101876926,0.531610317070555,0,20,0,20,11,0.196078431372549,0.0205332797440329,0.0250895084852878,0,0.0288155993308958,NaN,0.95,0.0360122015888794,0.142857142857143,0.0230979066423551,0.0331747051935067,0.55,400,75,550,550,404,146,172,43,100,43,2741,30,123,123,123,123,102,102,102,102,102,0,20
LIRCMOP7_BC,1,52,120,1,0.4,120,0,0.00883702047114432,0.022164841251289,120,20,3,0.00628173585300738,26.6666666666667,0.320206790465195,0.530722103324667,0,20,0,20,13,0.166666666666667,0.0145512815560392,0.02102771541437,0,0.034514924149765,NaN,0.85,0.0322740077255446,0.2,0.0260967927506102,0.0428650678859956,0.65,400,102,604,604,394,210,199,47,100,47,3579,26,141,141,141,141,120,120,120,120,120,0,20
LIRCMOP7_BC,1,53,114,1,0.38,114,0,0.006523437587663,0.0153219893202984,114,20,3,0.00596764906035701,28.0701754385965,0.332275963797198,0.504936955146834,0,20,0,20,3,0.175438596491228,0.00400925302991646,0.00675001803117697,0,0.0196634998148768,NaN,1,0.0625548627514781,0.105263157894737,0.0130083736120442,0.0254861952572312,0.15,400,120,640,640,418,222,235,45,100,45,4171,25,135,135,135,135,114,114,114,114,114,0,20
LIRCMOP7_BC,1,54,117,1,0.39,117,0,0.00626124888300295,0.0152922348378444,117,20,3,0.0061246924566822,27.3504273504273,0.315215101876926,0.502639199507401,0,20,0,20,6,0.170940170940171,0.00684818544148678,0.0132689470134143,0,0.0312116490419882,NaN,0.9,0.0412045020421752,0.153846153846154,0.0228312591678214,0.0355139041526763,0.3,400,114,628,628,407,221,236,44,100,44,5173,6,132,132,132,132,117,117,117,117,117,0,20
LIRCMOP7_BC,1,55,130,1,0.44,130,0,0.00736480553631932,0.0164513641271392,130,20,3,0.006805213840758,24.6153846153846,0.315215101876926,0.487797517324212,0,20,0,20,11,0.153846153846154,0.00449836258003729,0.0162718566617043,0,0.0274513569145472,NaN,0.75,0.0202981316631006,0.159090909090909,0.0199052558796054,0.0366285606442663,0.55,400,117,634,634,392,242,204,51,100,51,4440,38,153,153,153,153,130,130,130,130,130,0,20
LIRCMOP7_BC,1,56,132,1,0.44,132,0,0.00632380644894222,0.013052416833034,132,20,3,0.00690990943830812,24.2424242424242,0.303717505262149,0.49344817694967,0,20,0,20,6,0.151515151515152,0.0127314465584468,0.0190240877938156,0,0.0201404265486364,NaN,0.7,0.0187387415910998,0.0909090909090909,0.0167234066851549,0.0291438227671516,0.3,400,130,660,660,417,243,219,52,100,52,4988,3,156,156,156,156,132,132,132,132,132,0,20
LIRCMOP7_BC,1,57,130,1,0.44,130,0,0.0054734775740826,0.0138097355711763,130,20,3,0.006805213840758,24.6153846153846,0.29924113576227,0.487797517324212,0,20,0,20,10,0.153846153846154,0.0156915359551619,0.0222958319083466,0,0.0324460396040908,NaN,0.65,0.0105396852106162,0.159090909090909,0.0253014877454215,0.0408350132067419,0.5,400,132,664,664,398,266,266,50,100,50,6425,10,150,150,150,150,130,130,130,130,130,0,20
LIRCMOP7_BC,1,58,129,1,0.43,129,0,0.00553607938026407,0.0146742254447622,129,20,3,0.00675286604198293,24.8062015503876,0.313704156741029,0.474949753198238,0,20,0,20,11,0.155038759689922,0.00894210364953355,0.0193631026767695,0,0.0304705576233273,NaN,0.65,0.00883885262333067,0.13953488372093,0.0259869894912171,0.0404774133748398,0.55,400,130,660,660,402,258,235,51,100,51,5220,3,153,153,153,153,129,129,129,129,129,0,20
LIRCMOP7_BC,1,59,147,1,0.49,147,0,0.00634180799725196,0.0149158084994867,147,20,3,0.00769512641993404,21.7687074829932,0.328692698728192,0.475495560929872,0,20,0,20,13,0.136054421768707,0.0111308184826406,0.0317591781604526,0,0.0421295941885644,NaN,0.65,0.0226199417232122,0.204081632653061,0.029997648775838,0.0520477835278168,0.65,400,129,658,658,403,255,249,56,100,56,5681,4,168,168,168,168,147,147,147,147,147,0,20
LIRCMOP7_BC,1,60,147,1,0.49,147,0,0.00571061649168408,0.0123990451828825,147,20,3,0.00769512641993404,21.7687074829932,0.328692698728192,0.480382928841707,0,20,0,20,16,0.136054421768707,0.0257913032366436,0.0576660588834723,0,0.0666843097190482,NaN,0.8,0.0355834686550709,0.224489795918367,0.0496242054410452,0.0792837420715579,0.8,400,147,694,694,427,267,250,55,100,55,6158,5,165,165,165,165,147,147,147,147,147,0,20
LIRCMOP7_BC,1,61,147,1,0.49,147,0,0.0050613267116419,0.0154391529490219,147,20,3,0.00769512641993404,21.7687074829932,0.312434071831406,0.473843389859183,0,20,0,20,16,0.136054421768707,0.0318135265628389,0.063076231645284,0,0.0757955051994901,NaN,0.65,0.0103672370522024,0.244897959183673,0.0564849267688708,0.0835573331624139,0.8,400,147,694,694,432,262,245,55,100,55,5758,4,165,165,165,165,147,147,147,147,147,0,20
LIRCMOP7_BC,1,62,138,1,0.46,138,0,0.00558901665876789,0.0157410202051482,138,20,3,0.00722399623095849,23.1884057971014,0.296889943086408,0.467482533960206,0,20,0,20,19,0.144927536231884,0.0456417863127406,0.0791642397229535,0,0.0958402146069481,NaN,0.65,0.0159842808024021,0.347826086956522,0.0736392474164603,0.103144474053505,0.95,400,147,694,694,423,271,280,51,100,51,6571,2,153,153,153,153,138,138,138,138,138,0,20
LIRCMOP7_BC,1,63,144,1,0.48,144,0,0.00529684208132311,0.0147239481232094,144,20,3,0.00753808302360886,22.2222222222222,0.313824586854166,0.475959464689057,0,20,0,20,13,0.138888888888889,0.0114712606311785,0.0498500184743403,0,0.0609944490144037,NaN,0.45,-0.00151147458788879,0.229166666666667,0.0382812542302608,0.0715596265483508,0.65,400,138,676,676,419,257,290,55,100,55,6281,0,165,165,165,165,144,144,144,144,144,0,20
LIRCMOP7_BC,1,64,151,1,0.51,151,0,0.00448311294582231,0.0114348741427389,151,20,3,0.00790451761503429,21.1920529801325,0.315215101876926,0.480694685743119,0,20,0,20,10,0.132450331125828,0.0181755366234484,0.0418725684361852,0,0.0645166745298385,NaN,0.55,0.0015903179827825,0.235294117647059,0.0269310159081164,0.0667277663923881,0.5,400,144,688,688,425,263,246,57,100,57,6044,4,171,171,171,171,151,151,151,151,151,0,20
LIRCMOP7_BC,1,65,169,1,0.57,169,0,0.00541828253738047,0.0173636138558941,169,20,3,0.0088467779929854,18.9349112426036,0.312434071831406,0.475959464689057,0,20,0,20,16,0.118343195266272,0.0282587885693516,0.0759473135638674,0,0.0960257219910272,NaN,0.7,0.0137305615502531,0.368421052631579,0.0488628047024626,0.096399120240468,0.8,400,151,702,702,427,275,271,63,100,63,6731,3,189,189,189,189,169,169,169,169,169,0,20
LIRCMOP7_BC,1,66,175,1,0.59,175,0,0.00377680176846248,0.00963421192428337,175,20,3,0.00916086478563576,18.2857142857143,0.312434071831406,0.500934031921812,0,20,0,20,10,0.114285714285714,0.0208206247835689,0.053410245025871,0,0.0684426517961552,NaN,0.6,0.0111073847282343,0.186440677966102,0.0215970632132865,0.0699320219886705,0.5,400,169,738,738,443,295,285,66,100,66,7492,16,198,198,198,198,175,175,175,175,175,0,20
LIRCMOP7_BC,1,67,167,1,0.56,167,0,0.00372919957920825,0.00915712427787547,167,20,3,0.00874208239543527,19.1616766467066,0.306362089420124,0.475959464689057,0,20,0,20,12,0.119760479041916,0.0298204019676138,0.0727047130454711,0,0.0953431554701916,NaN,0.65,0.0230741694720384,0.285714285714286,0.0475893881413673,0.095890618698413,0.6,400,175,750,750,432,318,315,62,100,62,9304,20,186,186,186,186,167,167,167,167,167,0,20
LIRCMOP7_BC,1,68,174,1,0.58,174,0,0.00389146361573407,0.010478387957317,174,20,3,0.0091085169868607,18.3908045977011,0.312434071831406,0.475959464689057,0,20,0,20,8,0.114942528735632,0.00922858125856653,0.0424993194948505,0,0.0492006362501656,NaN,0.65,0.012876663175298,0.172413793103448,0.00958566274285071,0.0501400655184947,0.4,400,167,734,734,444,290,321,62,100,62,9023,74,186,186,186,186,174,174,174,174,174,0,20
LIRCMOP7_BC,1,69,166,1,0.56,166,0,0.00692317550398705,0.022018706864297,166,20,3,0.00868973459666021,19.2771084337349,0.310375253288959,0.474949753198238,0,20,0,20,20,0.120481927710843,0.054838617358818,0.0678185852180039,0,0.0730880609914066,NaN,0.9,0.0151981400545789,0.107142857142857,0.069326558301152,0.0878549481804467,1,400,174,748,748,453,295,277,62,100,62,9139,25,186,186,186,186,166,166,166,166,166,0,20
LIRCMOP7_BC,1,70,180,1,0.6,180,0,0.00646658303260367,0.0147579377673895,180,20,3,0.00942260377951107,17.7777777777778,0.325761826510831,0.508008614878624,0,20,0,20,20,0.111111111111111,0.0660538709834481,0.0904503285108975,0,0.0912695472025939,NaN,0.4,-0.00568304771354511,0.233333333333333,0.0737579512064906,0.101299902953101,1,400,166,732,732,436,296,296,66,100,66,7882,0,198,198,198,198,180,180,180,180,180,0,20
LIRCMOP7_BC,1,71,198,1,0.66,198,0,0.00602892479466264,0.0162125996561452,198,20,3,0.0103648641574622,16.1616161616162,0.321921604867911,0.518084345835526,0,20,0,20,10,0.101010101010101,0.0285319098663158,0.0866830442083389,0,0.0912791493262899,NaN,0.55,0.0109747018264424,0.242424242424242,0.0312040303102912,0.093005696543705,0.5,400,180,760,760,436,324,318,70,100,70,9165,0,210,210,210,210,198,198,198,198,198,0,20
LIRCMOP7_BC,1,72,187,1,0.63,187,0,0.00511950055863103,0.0143318642131501,187,20,3,0.0097890383709365,17.1122994652406,0.342762677440141,0.474949753198238,0,20,0,20,19,0.106951871657754,0.0348150114629027,0.0632616010201253,0,0.071610745248526,NaN,0.65,0.0245774279033289,0.253968253968254,0.0542715403292724,0.0730344039284884,0.95,400,198,796,796,459,337,307,68,100,68,9863,3,204,204,204,204,187,187,187,187,187,0,20
LIRCMOP7_BC,1,73,193,1,0.65,193,0,0.00547696387155361,0.0144686100297317,193,20,3,0.0101031251635869,16.580310880829,0.345854724827809,0.509230762298929,0,20,0,20,18,0.103626943005181,0.0609915916784697,0.0884068074019096,0,0.0939009358207326,NaN,0.85,0.0253656885610554,0.2,0.0686187928646525,0.0955006818156378,0.9,400,187,774,774,439,335,306,70,100,70,10172,0,210,210,210,210,193,193,193,193,193,0,20
LIRCMOP7_BC,1,74,192,1,0.64,192,0,0.00438192893908223,0.0122001803577477,192,20,3,0.0100507773648118,16.6666666666667,0.355130314882066,0.509230762298929,0,20,0,20,16,0.104166666666667,0.0368418037396982,0.0710592358678022,0,0.0889497192490567,NaN,0.85,0.0454194839231799,0.25,0.0561370516464617,0.0952076839189785,0.8,400,193,786,786,461,325,338,70,100,70,10005,22,210,210,210,210,192,192,192,192,192,0,20
LIRCMOP7_BC,1,75,195,1,0.65,195,0,0.00399987545652111,0.0105572818019042,195,20,3,0.010207820761137,16.4102564102564,0.368142758049024,0.508743628127814,0,20,0,20,20,0.102564102564103,0.0844436892398907,0.119638497855213,0,0.126975963047082,NaN,0.9,0.0422268317049763,0.292307692307692,0.0940861354842147,0.134111967161038,1,400,192,784,784,455,329,344,73,100,73,10522,1,219,219,219,219,195,195,195,195,195,0,20
LIRCMOP7_BC,1,76,195,1,0.65,195,0,0.0043254663682876,0.0115500259661332,195,20,3,0.010207820761137,16.4102564102564,0.367153251637791,0.509230762298929,0,20,0,20,16,0.102564102564103,0.0468401630288606,0.0695006918034233,0,0.0772700850921169,NaN,0.9,0.0382854037566794,0.2,0.0551499078325593,0.0846516297554998,0.8,400,195,790,790,451,339,318,72,100,72,9765,0,216,216,216,216,195,195,195,195,195,0,20
LIRCMOP7_BC,1,77,186,1,0.62,186,0,0.00390514890653043,0.00947981046215809,186,20,3,0.00973669057216144,17.2043010752688,0.375567934900882,0.509230762298929,0,20,0,20,20,0.10752688172043,0.0751938056110084,0.109108169491354,0,0.121363276602021,NaN,0.8,0.031902699773007,0.241935483870968,0.0979934315329128,0.132930791459819,1,400,195,790,790,457,333,320,71,100,71,9835,3,213,213,213,213,186,186,186,186,186,0,20
LIRCMOP7_BC,1,78,189,1,0.63,189,0,0.00377591025682608,0.00993451468786292,189,20,3,0.00989373396848662,16.9312169312169,0.377907609534867,0.523936825491851,0,20,0,20,20,0.105820105820106,0.0571541675457211,0.0891124907646211,0,0.0986819211915724,NaN,0.9,0.023042730255654,0.285714285714286,0.0782342950022023,0.111655270556611,1,400,186,772,772,436,336,334,71,100,71,10350,2,213,213,213,213,189,189,189,189,189,0,20
LIRCMOP7_BC,1,79,189,1,0.63,189,0,0.00368444137489898,0.0092616783702146,189,20,3,0.00989373396848662,16.9312169312169,0.364692273468747,0.51361263838558,0,20,0,20,19,0.105820105820106,0.0682908268346861,0.108888725966848,0,0.120476097206311,NaN,0.7,0.0161473882526031,0.206349206349206,0.0828700489310047,0.130188419327736,0.95,400,189,778,778,445,333,328,72,100,72,9838,0,216,216,216,216,189,189,189,189,189,0,20
LIRCMOP7_BC,1,80,189,1,0.65,189,0,0.00376858663397585,0.0100070613077539,189,20,3,0.00989373396848662,16.9312169312169,0.364405904936324,0.523936825491851,0,20,0,20,20,0.105820105820106,0.0747924782829542,0.110448784481368,0,0.129745787939071,NaN,0.8,0.0128237690691809,0.2,0.0986660056460176,0.137213049403752,1,400,189,778,778,465,313,322,70,100,70,10103,0,210,210,210,210,189,189,189,189,189,0,20
LIRCMOP7_BC,1,81,69,1,0.23,69,0,0.00427040436773025,0.0121642749601387,69,20,3,0.00361199811547924,46.3768115942029,0.271920180073358,0.46526879441471,0,20,0,20,10,0.289855072463768,0.0109207287594456,0.0218357076101846,0,0.0441458797125491,NaN,0.6,0.0159606829474111,0.304347826086957,0.0253635479787067,0.0471181678857089,0.5,400,189,778,778,462,316,132,28,100,28,3483,39,83,83,83,83,69,69,69,69,69,0,20
LIRCMOP7_BC,1,82,60,1,0.2,60,0,0.00360058333385094,0.0105783052057508,60,20,3,0.00314086792650369,53.3333333333333,0.218238933945983,0.355864064809645,0,20,0,20,15,0.333333333333333,0.0207063661522749,0.0300376619926343,0,0.0483288833343126,NaN,0.7,0.0193521188003945,0.45,0.0298356139251563,0.0493637868247235,0.75,400,69,538,538,341,197,163,26,100,26,4189,16,76,76,76,76,60,60,60,60,60,0,20
LIRCMOP7_BC,1,83,66,1,0.22,66,0,0.00335371106105629,0.00788948459164141,66,20,3,0.00345495471915406,48.4848484848485,0.199318935486942,0.34233443315505,0,20,0,20,17,0.303030303030303,0.0159629083473607,0.0333477355379963,0,0.0498361204923713,NaN,0.75,0.046346636289623,0.636363636363636,0.0360616247247692,0.0535012266719761,0.85,400,60,520,520,332,188,184,28,99,28,5372,28,83,83,83,83,66,66,66,66,66,0,20
LIRCMOP7_BC,1,84,54,1,0.18,54,0,0.00326392146282073,0.00724617916616541,54,20,3,0.00282678113385332,59.2592592592593,0.218624301264733,0.34233443315505,0,20,0,20,5,0.37037037037037,0.00616809182270544,0.0094049797756498,0,0.0137383987134961,NaN,0.6,0.0100377349782431,0.444444444444444,0.00779984750834368,0.0160162062710063,0.25,400,66,532,532,342,190,163,25,100,25,5083,68,69,69,69,69,54,54,54,54,54,0,20
LIRCMOP7_BC,1,85,58,1,0.2,58,0,0.00502246543373553,0.0148624059103198,58,20,3,0.00303617232895357,55.1724137931034,0.200522038177243,0.363329543300155,0,20,0,20,17,0.344827586206897,0.0172800960220024,0.0267881541134699,0,0.0397956052149824,NaN,0.6,0.00959857806643122,0.8,0.0300566650198112,0.0399016275049406,0.85,400,54,508,508,337,171,142,25,100,25,3503,35,74,74,74,74,58,58,58,58,58,0,20
LIRCMOP7_BC,1,86,53,1,0.18,53,0,0.0050306143604394,0.00735862338718301,53,20,3,0.00277443333507826,60.377358490566,0.218624301264733,0.34233443315505,0,20,0,20,1,0.377358490566038,0.00926179216193846,0.019835448102904,0,0.0202285922009504,NaN,0.5,-0.000441102627536799,0.111111111111111,0.0106228065604666,0.0207276875204462,0.05,400,58,516,516,322,194,132,26,100,26,3505,335,72,72,72,72,53,53,53,53,53,0,20
LIRCMOP7_BC,1,87,62,1,0.23,62,0,0.00502763012285156,0.0149647379011636,62,20,3,0.00324556352405381,51.6129032258064,0.184275271932729,0.26942491981048,0,20,0,20,3,0.32258064516129,0.00201404846176309,0.00648543728709163,0,0.0117143565679629,NaN,0.45,-0.00958300693627739,0.130434782608696,0.00577720672505801,0.012026226202148,0.15,400,53,506,506,311,195,158,31,100,31,3509,113,78,78,78,78,62,62,62,62,62,0,20
LIRCMOP7_BC,1,88,69,1,0.23,69,0,0.00382270432632224,0.0101686331020792,69,20,3,0.00361199811547924,46.3768115942029,0.16992026439255,0.251888956630229,0,20,0,20,12,0.289855072463768,0.0101702747525226,0.0162473626859896,0,0.0371941594164157,NaN,0.6,0.0189156454600595,0.478260869565217,0.022277709999965,0.0377327564510733,0.6,400,62,524,524,341,183,134,31,100,31,3105,72,89,89,89,89,69,69,69,69,69,0,20
LIRCMOP7_BC,1,89,79,1,0.27,79,0,0.00382922148621068,0.0158216571547794,79,20,3,0.00413547610322986,40.5063291139241,0.176472946889345,0.272279554604497,0,20,0,20,11,0.253164556962025,0.00841903490755949,0.0133295475355953,0,0.0281610243869508,NaN,0.9,0.029100505620251,0.333333333333333,0.0206737870742298,0.0288363416404169,0.55,400,69,538,538,331,207,203,35,100,35,5604,73,98,98,98,98,79,79,79,79,79,0,20
LIRCMOP7_BC,1,90,80,1,0.28,80,0,0.00472657906073316,0.0149258282233073,80,20,3,0.00418782390200492,40,0.188464774600392,0.237019799548995,0,20,0,20,11,0.25,0.008208239644027,0.0149485711646206,0,0.0149485711646206,NaN,1,0.0344676768895088,0.0714285714285714,0.0134663677039505,0.024896065533318,0.55,400,79,558,558,344,214,200,35,100,35,5342,30,101,101,101,101,80,80,80,80,80,0,20
LIRCMOP7_BC,1,91,84,1,0.28,84,0,0.00404254028272263,0.0117810333377788,84,20,3,0.00439721509710517,38.0952380952381,0.176365898712852,0.249970944147241,0,20,0,20,8,0.238095238095238,0.0108427068717643,0.0171376295017289,0,0.0202920435471432,NaN,1,0.0272134183651236,0.142857142857143,0.016266449611529,0.0252352916134357,0.4,400,80,560,560,330,230,241,35,100,35,7304,12,105,105,105,105,84,84,84,84,84,0,20
LIRCMOP7_BC,1,92,96,1,0.32,96,0,0.00370004182671451,0.0116512545081353,96,20,3,0.0050253886824059,33.3333333333333,0.172101560638969,0.237019799548995,0,20,0,20,7,0.208333333333333,0.00248617086320526,0.0100365966787316,0,0.0109361449532696,NaN,1,0.0512550322153447,0.0625,0.0127404777792892,0.020658318450677,0.35,400,84,568,568,347,221,186,39,100,39,4944,6,117,117,117,117,96,96,96,96,96,0,20
LIRCMOP7_BC,1,93,96,1,0.32,96,0,0.00351763551059766,0.00613958233234596,96,20,3,0.0050253886824059,33.3333333333333,0.170380906593668,0.232407474126654,0,20,0,20,3,0.208333333333333,0.001260766852022,0.00676868493452846,0,0.00676868493452846,NaN,1,0.0533654099686601,0.15625,0.00594179432485257,0.0132103677416123,0.15,400,96,592,592,344,248,237,40,100,40,6556,9,120,120,120,120,96,96,96,96,96,0,20
LIRCMOP7_BC,1,94,102,1,0.34,102,0,0.00382349344074178,0.0108830644311682,102,20,3,0.00533947547505627,31.3725490196078,0.169642509852999,0.228979471165059,0,20,0,20,3,0.196078431372549,0.00432208107395412,0.0139719945409058,0,0.0139719945409058,NaN,0.95,0.0280996547118872,0.147058823529412,0.00699804854147945,0.0185017638338909,0.15,400,96,592,592,356,236,248,42,100,42,6056,34,126,126,126,126,102,102,102,102,102,0,20
LIRCMOP7_BC,1,95,101,1,0.34,101,0,0.00383040427637393,0.0100186424272029,101,20,3,0.00528712767628121,31.6831683168317,0.1778354144079,0.23613529770714,0,20,0,20,3,0.198019801980198,0.00308315359640323,0.0141562416650709,0,0.0141562416650709,NaN,0.95,0.0227681999595538,0.0882352941176471,0.00932049057813899,0.0218074782370758,0.15,400,102,604,604,349,255,219,41,100,41,5926,30,121,121,121,121,101,101,101,101,101,0,20
LIRCMOP7_BC,1,96,111,1,0.37,111,0,0.00389162564070052,0.00832172254531132,111,20,3,0.00581060566403183,28.8288288288288,0.1778354144079,0.273246871576204,0,20,0,20,12,0.18018018018018,0.00920013612301968,0.0337712224088836,0,0.0337770149602871,NaN,1,0.012378392423444,0.216216216216216,0.0185216616563512,0.0338122640091982,0.6,400,101,602,602,362,240,198,46,100,46,6072,31,138,138,138,138,111,111,111,111,111,0,20
LIRCMOP7_BC,1,97,116,1,0.39,116,0,0.00360058384944071,0.00665606254925818,116,20,3,0.00607234465790714,27.5862068965517,0.1778354144079,0.250953617335719,0,20,0,20,5,0.172413793103448,0.00798211343612789,0.0170186274235622,0,0.0170186274235622,NaN,0.85,0.00964776215785657,0.179487179487179,0.0109899843747548,0.0204970312155278,0.25,400,111,622,622,345,277,229,45,100,45,6822,8,135,135,135,135,116,116,116,116,116,0,20
LIRCMOP7_BC,1,98,111,1,0.38,111,0,0.00292856563221727,0.00663249093265619,111,20,3,0.00581060566403183,28.8288288288288,0.176134504795736,0.248483952598411,0,20,0,20,3,0.18018018018018,0.00992456256505163,0.0203052289742231,0,0.0208041446610536,NaN,0.9,0.0249347618494149,0.0526315789473684,0.0118492930487034,0.0296164524058019,0.15,400,116,632,632,374,258,224,44,100,44,6335,68,130,130,130,130,111,111,111,111,111,0,20
LIRCMOP7_BC,1,99,123,1,0.41,123,0,0.00311310631884054,0.00701219221961524,123,20,3,0.00643877924933257,26.0162601626016,0.176134504795736,0.264153759215629,0,20,0,20,4,0.16260162601626,0.00396081729708659,0.0145255202762661,0,0.0145255202762661,NaN,0.9,0.0198307656683375,0.0731707317073171,0.0100575063488401,0.0330782288082665,0.2,400,111,622,622,358,264,233,48,100,48,6684,56,144,144,144,144,123,123,123,123,123,0,20
LIRCMOP7_BC,1,100,119,1,0.4,119,0,0.00313525861217043,0.00650093525272669,119,20,3,0.00622938805423232,26.890756302521,0.176134504795736,0.261193839744518,0,20,0,20,3,0.168067226890756,0.00586887807046056,0.0124308511718166,0,0.0124719030401355,NaN,0.95,0.0120692357288916,0.05,0.0105714498780355,0.0280982194838305,0.15,400,123,646,646,365,281,290,45,100,45,8740,20,135,135,135,135,119,119,119,119,119,0,20
LIRCMOP7_BC,1,101,111,1,0.37,111,0,0.00287469166049209,0.00620006281171121,111,20,3,0.00581060566403183,28.8288288288288,0.155182399088343,0.248483952598411,0,20,0,20,3,0.18018018018018,0.0090601668919094,0.0158728295929099,0,0.0188950268599368,NaN,0.9,0.0131236413860831,0.0540540540540541,0.0126305542465129,0.0322946963841063,0.15,400,119,638,638,353,285,226,42,100,42,7155,0,126,126,126,126,111,111,111,111,111,0,20
LIRCMOP7_BC,1,102,111,1,0.37,111,0,0.0025802345720955,0.00556085975751569,111,20,3,0.00581060566403183,28.8288288288288,0.155182399088343,0.248483952598411,0,20,0,20,2,0.18018018018018,0.0108848580593142,0.0193142060417929,0,0.0220704455908515,NaN,0.9,0.0130378083227806,0.0540540540540541,0.0180430600253016,0.0368368399894327,0.1,400,111,622,622,360,262,252,43,100,43,7710,7,129,129,129,129,111,111,111,111,111,0,20
LIRCMOP7_BC,1,103,111,1,0.37,111,0,0.00253773395363425,0.00519479946217379,111,20,3,0.00581060566403183,28.8288288288288,0.176134504795736,0.259068225748175,0,20,0,20,4,0.18018018018018,0.00505125441008951,0.00996159434661445,0,0.0108587485315572,NaN,0.9,0.0500219396946971,0.108108108108108,0.00809520394472161,0.0213420981332928,0.2,400,111,622,622,370,252,251,43,100,43,7292,23,127,127,127,127,111,111,111,111,111,0,20
LIRCMOP7_BC,1,104,114,1,0.38,114,0,0.00245233874532376,0.00491869434178831,114,20,3,0.00596764906035701,28.0701754385965,0.159363832476819,0.246838298261398,0,20,0,20,5,0.175438596491228,0.011021890530273,0.0209365657912049,0,0.0253035415586807,NaN,0.95,0.0191197313272007,0.105263157894737,0.0214794070737799,0.0417273962022577,0.25,400,111,622,622,359,263,249,42,100,42,8154,30,126,126,126,126,114,114,114,114,114,0,20
LIRCMOP7_BC,1,105,114,1,0.38,114,0,0.00203771680056977,0.00425786016499794,114,20,3,0.00596764906035701,28.0701754385965,0.1684866610293,0.343275860935026,0,20,0,20,4,0.175438596491228,0.0038738076158191,0.00926824157246907,0,0.00950763970507437,NaN,0.9,0.0160913750087414,0.131578947368421,0.00794628605091389,0.0233242882870149,0.2,400,114,628,628,380,248,226,42,100,42,6314,0,126,126,126,126,114,114,114,114,114,0,20
LIRCMOP7_BC,1,106,117,1,0.39,117,0,0.00235927757529323,0.00437615867872098,117,20,3,0.0061246924566822,27.3504273504273,0.157921259842071,0.330130494173738,0,20,0,20,5,0.170940170940171,0.00623779225062549,0.0165958666985185,0,0.0183108209045153,NaN,1,0.0175934564580564,0.0512820512820513,0.0160435351675598,0.0407307289493575,0.25,400,114,628,628,360,268,262,43,100,43,8733,3,129,129,129,129,117,117,117,117,117,0,20
LIRCMOP7_BC,1,107,123,1,0.41,123,0,0.00233493221024621,0.00447628663175791,123,20,3,0.00643877924933257,26.0162601626016,0.157888847690774,0.278743904780669,0,20,0,20,5,0.16260162601626,0.00443324146660097,0.0120062171754112,0,0.013188991285275,NaN,1,0.0144980831325693,0.0975609756097561,0.012563571010236,0.0319763542107912,0.25,400,117,634,634,374,260,272,45,100,45,8449,4,135,135,135,135,123,123,123,123,123,0,20
LIRCMOP7_BC,1,108,125,1,0.42,125,0,0.00221021253584271,0.00420385596440754,125,20,3,0.00654347484688269,25.6,0.176134504795736,0.277549027128588,0,20,0,20,7,0.16,0.00307449903049411,0.0104979443861977,0,0.0105368469011307,NaN,1,0.0199830964305198,0.0952380952380952,0.0121820842345053,0.0333341381998667,0.35,400,123,646,646,387,259,264,46,100,46,8118,14,138,138,138,138,125,125,125,125,125,0,20
LIRCMOP7_BC,1,109,123,1,0.41,123,0,0.00219430128851557,0.00477035959959391,123,20,3,0.00643877924933257,26.0162601626016,0.176134504795736,0.290694393889875,0,20,0,20,5,0.16260162601626,0.00374861479229071,0.0133264904671501,0,0.015558164124987,NaN,0.95,0.0168393384893774,0.0975609756097561,0.015526420856347,0.0392404252039484,0.25,400,125,650,650,373,277,280,46,100,46,10057,3,138,138,138,138,123,123,123,123,123,0,20
LIRCMOP7_BC,1,110,126,1,0.42,126,0,0.00217383864049862,0.0038403460530053,126,20,3,0.00659582264565775,25.3968253968254,0.178144916443058,0.308441453457054,0,20,0,20,4,0.158730158730159,0.00919186483425061,0.01831717099935,0,0.0273308011671426,NaN,0.35,-0.0580256434623733,0.0714285714285714,0.0228143307052026,0.0457024773738574,0.2,400,123,646,646,374,272,265,48,100,48,9464,1,144,144,144,144,126,126,126,126,126,0,20
LIRCMOP7_BC,1,111,118,1,0.4,118,0,0.00202706852419877,0.00530545780163836,118,20,3,0.00617704025545726,27.1186440677966,0.180304377467744,0.327392217531128,0,20,0,20,3,0.169491525423729,0.00867863450168229,0.0128371755785401,0,0.0262536947699859,NaN,1,0.0457903259080148,0.125,0.0295248800045111,0.0458969406083528,0.15,400,126,652,652,385,267,257,44,100,44,9214,17,131,131,131,131,118,118,118,118,118,0,20
LIRCMOP7_BC,1,112,110,1,0.37,110,0,0.00184186986514039,0.00310280066098414,110,20,3,0.00575825786525677,29.0909090909091,0.180304377467744,0.362534678382512,0,20,0,20,3,0.181818181818182,0.0114294143171984,0.0170830738948094,0,0.0273417487978371,NaN,1,0.0427181903530595,0.135135135135135,0.0296922904079218,0.0508905244144608,0.15,400,118,636,636,386,250,230,41,100,41,7629,2,123,123,123,123,110,110,110,110,110,0,20
LIRCMOP7_BC,1,113,120,1,0.4,120,0,0.00211837478531537,0.00509868864457819,120,20,3,0.00628173585300738,26.6666666666667,0.181103070658631,0.365335033682549,0,20,0,20,8,0.166666666666667,0.00701060300065425,0.0164931090830254,0,0.0187570627507645,NaN,0.9,0.0278072024806319,0.05,0.0179113744169325,0.0392659749465987,0.4,400,110,620,620,366,254,256,47,100,47,8568,10,138,138,138,138,120,120,120,120,120,0,20
LIRCMOP7_BC,1,114,109,1,0.37,109,0,0.00187274876468162,0.0074686345520069,109,20,3,0.0057059100664817,29.3577981651376,0.180304377467744,0.362534678382512,0,20,0,20,1,0.18348623853211,0.00936765561170864,0.0109390829198658,0,0.0191984554631556,NaN,0.75,0.0222340114583948,0.0540540540540541,0.0186969429711118,0.0337832099150619,0.05,400,120,640,640,398,242,260,44,100,44,8323,4,129,129,129,129,109,109,109,109,109,0,20
LIRCMOP7_BC,1,115,122,1,0.41,122,0,0.00137237533609495,0.00365206404975092,122,20,3,0.0063864314505575,26.2295081967213,0.191911832029328,0.364214891562534,0,20,0,20,10,0.163934426229508,0.00396212749567337,0.0102132006996579,0,0.0118081345270239,NaN,0.3,-0.010009091101292,0.146341463414634,0.0144719195068954,0.0323641089428083,0.5,400,109,618,618,384,234,255,48,100,48,6803,27,140,140,140,140,122,122,122,122,122,0,20
LIRCMOP7_BC,1,116,123,1,0.41,123,0,0.00135557135217679,0.00306160621340041,123,20,3,0.00643877924933257,26.0162601626016,0.191911832029328,0.363654820502527,0,20,0,20,1,0.16260162601626,0.00976110318828559,0.0130027462707204,0,0.0226253093452694,NaN,0.25,-0.0132496780338967,0.0487804878048781,0.0241471574302663,0.0435165263843277,0.05,400,122,644,644,391,253,285,50,100,50,8517,10,147,147,147,147,123,123,123,123,123,0,20
LIRCMOP7_BC,1,117,123,1,0.41,123,0,0.00160849527490059,0.00418294426417603,123,20,3,0.00643877924933257,26.0162601626016,0.187136709033747,0.363654820502527,0,20,0,20,8,0.16260162601626,0.00218801554434216,0.00530093132334414,0,0.00530093132334414,NaN,0.2,-0.0223818530462026,0.121951219512195,0.00947820877344828,0.0263373464317904,0.4,400,123,646,646,397,249,240,49,100,49,7305,20,143,143,143,143,123,123,123,123,123,0,20
LIRCMOP7_BC,1,118,118,1,0.4,118,0,0.00141235186394588,0.00364676667830751,118,20,3,0.00617704025545726,27.1186440677966,0.193034551152282,0.368135388982585,0,20,0,20,7,0.169491525423729,0.00868480044334885,0.0124435899636713,0,0.0124435899636713,NaN,0.4,-0.00615362736612465,0.1,0.0128336343683059,0.0280330879640705,0.35,400,123,646,646,379,267,276,49,100,49,9354,53,140,140,140,140,118,118,118,118,118,0,20
LIRCMOP7_BC,1,119,109,1,0.37,109,0,0.00191689723756433,0.00869872602306274,109,20,3,0.0057059100664817,29.3577981651376,0.194157270275235,0.368135388982585,0,20,0,20,4,0.18348623853211,0.0197441027778135,0.0273257582676422,0,0.0292912306219669,NaN,0.4,-0.00659249740371975,0.108108108108108,0.0253912929125608,0.0361903273433435,0.2,400,118,636,636,389,247,264,45,100,45,9252,12,130,130,130,130,109,109,109,109,109,0,20
LIRCMOP7_BC,1,120,107,1,0.36,107,0,0.0015034225943707,0.00531897341735119,107,20,3,0.00560121446893158,29.9065420560748,0.194157270275235,0.362534678382512,0,20,0,20,9,0.186915887850467,0.0186870663096716,0.0252649669137555,0,0.0254768105385204,NaN,0.3,-0.00396906979972042,0.0555555555555556,0.020320371515728,0.0263412316064783,0.45,400,109,618,618,380,238,262,47,100,47,7796,33,138,138,138,135,107,107,107,107,107,0,20
LIRCMOP7_BC,1,121,132,1,0.44,132,0,0.00142361854292923,0.00477788007838917,132,20,3,0.00690990943830812,24.2424242424242,0.188834018668546,0.357386686267857,0,20,0,20,1,0.151515151515152,0.00871340019685144,0.0125052935941282,0,0.0129113341824375,NaN,0.2,-0.00391024287088948,0.0454545454545455,0.0114211523648418,0.0206101223004872,0.05,400,107,614,614,399,215,254,52,100,52,6358,12,153,153,153,153,132,132,132,132,132,0,20
LIRCMOP7_BC,1,122,129,1,0.43,129,0,0.00130835716835564,0.0028439161346742,129,20,3,0.00675286604198293,24.8062015503876,0.187136709033747,0.357386686267857,0,20,0,20,20,0.155038759689922,0.0433126981342545,0.0530898016579022,0,0.0559920240042097,NaN,0.6,0.000650999543058306,0.162790697674419,0.0522164774731728,0.0618833852947478,1,400,132,664,664,410,254,288,50,100,50,8698,13,150,150,150,150,129,129,129,129,129,0,20
LIRCMOP7_BC,1,123,129,1,0.43,129,0,0.00155729802533243,0.00620137649855453,129,20,3,0.00675286604198293,24.8062015503876,0.194157270275235,0.357386686267857,0,20,0,20,7,0.155038759689922,0.0083386788022374,0.0172534810161595,0,0.0172534810161595,NaN,0.4,-0.0197540989246678,0.0465116279069767,0.0161995924601939,0.0310330811280258,0.35,400,129,658,658,406,252,279,51,100,51,8215,22,153,153,153,153,129,129,129,129,129,0,20
LIRCMOP7_BC,1,124,123,1,0.41,123,0,0.00135408861433318,0.00455935222541101,123,20,3,0.00643877924933257,26.0162601626016,0.216038784205509,0.358416284690788,0,20,0,20,12,0.16260162601626,0.00725713575294509,0.0105685675777527,0,0.0117222248898204,NaN,0.7,0.00481204069712379,0.0487804878048781,0.0113318902316649,0.0188889746310659,0.6,400,129,658,658,394,264,256,51,100,51,7744,12,153,153,153,153,123,123,123,123,123,0,20
LIRCMOP7_BC,1,125,120,1,0.4,120,0,0.00127175965707243,0.00443097337219072,120,20,3,0.00628173585300738,26.6666666666667,0.219285664359811,0.365335033682549,0,20,0,20,6,0.166666666666667,0.014511147707762,0.0156674767657448,0,0.0167095518787794,NaN,0.3,-0.000867408000256864,0.05,0.0160243557335191,0.0203481745678153,0.3,400,123,646,646,390,256,279,49,100,49,7851,20,147,147,147,147,120,120,120,120,120,0,20
LIRCMOP7_BC,1,126,126,1,0.42,126,0,0.00133563173851484,0.00352703408367757,126,20,3,0.00659582264565775,25.3968253968254,0.226770174984882,0.362534678382512,0,20,0,20,4,0.158730158730159,0.00563626807392778,0.00803182187449656,0,0.00837393191929009,NaN,0.65,0.00231937539737428,0.0476190476190476,0.0079504222141748,0.0159890706659406,0.2,400,120,640,640,379,261,273,52,100,52,7530,16,156,156,156,156,126,126,126,126,126,0,20
LIRCMOP7_BC,1,127,98,1,0.33,98,0,0.0010800636496672,0.00621247393270881,98,20,3,0.00513008427995603,32.6530612244898,0.210952993405394,0.362534678382512,0,20,0,20,4,0.204081632653061,0.0159333759916876,0.0198729202078007,0,0.0225884045494258,NaN,0.6,0.00264941618992176,0.0909090909090909,0.018253114388198,0.0252146732029027,0.2,400,126,652,652,398,254,251,44,100,44,9173,9,132,132,132,132,98,98,98,98,98,0,20
LIRCMOP7_BC,1,128,117,1,0.39,117,0,0.00122790772827022,0.00349883815593492,117,20,3,0.0061246924566822,27.3504273504273,0.226770174984882,0.361505079959581,0,20,0,20,3,0.170940170940171,0.00490287697787753,0.00878113547633519,0,0.00878806322608224,NaN,0.95,0.0148891207920345,0.0769230769230769,0.00731669162064344,0.0113777761790906,0.15,400,98,596,596,359,237,235,48,100,48,5741,7,144,144,144,144,117,117,117,117,117,0,20
LIRCMOP7_BC,1,129,102,1,0.34,102,0,0.00130198077851261,0.00356908108413674,102,20,3,0.00533947547505627,31.3725490196078,0.220356346327037,0.368135388982585,0,20,0,20,7,0.196078431372549,0.00923736102236498,0.0139901816648931,0,0.0159516737118026,NaN,0.6,0.00174751080545787,0.0882352941176471,0.0140309540027092,0.0236006147740935,0.35,400,117,634,634,370,264,267,44,100,44,8577,1,132,132,132,132,102,102,102,102,102,0,20
LIRCMOP7_BC,1,130,119,1,0.4,119,0,0.00104638734532547,0.00395968314371543,119,20,3,0.00622938805423232,26.890756302521,0.232005665517614,0.36047548153665,0,20,0,20,2,0.168067226890756,0.00442120052469928,0.00626971142555937,0,0.00919890856117025,NaN,0.85,0.00948949759396217,0.05,0.00849487441741497,0.0159436169896289,0.1,400,102,604,604,349,255,240,50,100,50,6341,28,149,149,149,149,119,119,119,119,119,0,20
LIRCMOP7_BC,1,131,120,1,0.41,120,0,0.00118975176186937,0.00493318109928538,120,20,3,0.00628173585300738,26.6666666666667,0.219440539111527,0.350331273601441,0,20,0,20,3,0.166666666666667,0.0111342221122359,0.0158432355783067,0,0.0171451362712991,NaN,0.4,-0.00491123264590249,0.0731707317073171,0.0118236951550826,0.0185507637543239,0.15,400,119,638,638,378,260,249,49,100,49,7758,27,147,147,147,147,120,120,120,120,120,0,20
LIRCMOP7_BC,1,132,129,1,0.43,129,0,0.00107842873480542,0.00355461428012175,129,20,3,0.00675286604198293,24.8062015503876,0.232058280012533,0.343275860935026,0,20,0,20,4,0.155038759689922,0.0031040205466762,0.00529340443051069,0,0.00560270596872391,NaN,0.65,0.00652359369078538,0.0930232558139535,0.00528566147268752,0.00717179942678858,0.2,400,120,640,640,386,254,273,54,100,54,7801,11,162,162,162,162,129,129,129,129,129,0,20
LIRCMOP7_BC,1,133,116,1,0.39,116,0,0.00110203295216628,0.0043514771471542,116,20,3,0.00607234465790714,27.5862068965517,0.212110903238173,0.316398341967133,0,20,0,20,3,0.172413793103448,0.00555288601350565,0.0136467313879278,0,0.0145461294472774,NaN,0.35,-0.00244520963314859,0.102564102564103,0.00787816453244547,0.0201434114105142,0.15,400,129,658,658,388,270,260,49,100,49,8663,9,147,147,147,147,116,116,116,116,116,0,20
LIRCMOP7_BC,1,134,87,1,0.29,87,0,0.00104251440950114,0.004423883022342,87,20,3,0.00455425849343035,36.7816091954023,0.212110903238173,0.353307411099436,0,20,0,20,3,0.229885057471264,0.0128697657343241,0.0188699737500039,0,0.0190809758884989,NaN,1,0.0394399157830925,0.0689655172413793,0.0136592014824745,0.0238426409816702,0.15,400,116,632,632,377,255,248,47,90,37,10473,16,111,111,111,108,87,87,87,87,87,0,20
LIRCMOP7_BC,1,135,114,1,0.38,114,0,0.00118145483313172,0.00436489140199766,114,20,3,0.00596764906035701,28.0701754385965,0.232206569822134,0.390696406509098,0,20,0,20,4,0.175438596491228,0.00829541833459086,0.0144221081841163,0,0.0147450640843501,NaN,1,0.0352476994042888,0.0789473684210526,0.00832938462161657,0.0180042612977365,0.2,400,87,574,574,351,223,238,51,95,46,5047,15,138,138,138,138,114,114,114,114,114,0,20
LIRCMOP7_BC,1,136,117,1,0.39,117,0,0.000997888259572762,0.00487866491722194,117,20,3,0.0061246924566822,27.3504273504273,0.212110903238173,0.386261635185984,0,20,0,20,2,0.170940170940171,0.0118026594494162,0.0241582044000016,0,0.0246362966840869,NaN,0.95,0.0428239413318657,0.0512820512820513,0.0118202628344318,0.0276605031235563,0.1,400,114,628,628,394,234,260,50,100,50,6179,8,150,150,150,150,117,117,117,117,117,0,20
LIRCMOP7_BC,1,137,114,1,0.38,114,0,0.000846173806253428,0.00330266859649932,114,20,3,0.00596764906035701,28.0701754385965,0.21604938830036,0.390696406509098,0,20,0,20,7,0.175438596491228,0.010529964905828,0.016375525835212,0,0.016375525835212,NaN,1,0.0333662114324417,0.0526315789473684,0.0112140110309988,0.01732428959316,0.35,400,117,634,634,402,232,219,52,94,46,6617,24,137,137,137,137,114,114,114,114,114,0,20
LIRCMOP7_BC,1,138,96,1,0.32,96,0,0.000759778458897837,0.00364306575554095,96,20,3,0.0050253886824059,33.3333333333333,0.241357132693469,0.390696406509098,0,20,0,20,4,0.208333333333333,0.00743791635800372,0.0126814445052292,0,0.0126814445052292,NaN,0.85,0.0390623496974212,0.09375,0.00767453430205173,0.0161856323047874,0.2,400,114,628,628,394,234,259,50,90,40,10183,4,120,120,120,120,96,96,96,96,96,0,20
LIRCMOP7_BC,1,139,111,1,0.37,111,0,0.000733579336961882,0.00458572191315287,111,20,3,0.00581060566403183,28.8288288288288,0.232407474126654,0.390696406509098,0,20,0,20,3,0.18018018018018,0.00684724073973898,0.0148596214148314,0,0.0165615147088576,NaN,0.9,0.0323453052753014,0.108108108108108,0.00928438025834123,0.0237813614506356,0.15,400,96,592,592,366,226,249,50,93,43,7303,0,129,129,129,129,111,111,111,111,111,0,20
LIRCMOP7_BC,1,140,90,1,0.3,90,0,0.00069911354150345,0.00280963186129402,90,20,3,0.00471130188975554,35.5555555555556,0.23776988557565,0.39419078780617,0,20,0,20,1,0.222222222222222,0.0107582247279885,0.0173402671511843,0,0.0173402671511843,NaN,0.95,0.0328770509714516,0.0666666666666667,0.0116388467309515,0.0210261201346252,0.05,400,111,622,622,373,249,247,46,88,35,12250,5,105,105,105,105,90,90,90,90,90,0,20
LIRCMOP7_BC,1,141,105,1,0.35,105,0,0.000700006776088686,0.00298201170312585,105,20,3,0.00549651887138146,30.4761904761905,0.240283645725063,0.390696406509098,0,20,0,20,2,0.19047619047619,0.00901829124325512,0.0184462195612309,0,0.0185627615696271,NaN,1,0.0402846574695758,0.0571428571428571,0.0123373664029731,0.0221436538374176,0.1,400,90,580,580,358,222,211,51,91,42,5856,6,126,126,126,126,105,105,105,105,105,0,20
LIRCMOP7_BC,1,142,84,1,0.28,84,0,0.00068786857102499,0.00256102698801259,84,20,3,0.00439721509710517,38.0952380952381,0.233831799776445,0.390696406509098,0,20,0,20,1,0.238095238095238,0.014789544502834,0.0303725912677981,0,0.032302211481045,NaN,0.95,0.0264626175043881,0.0714285714285714,0.0178720985663586,0.0324732529888536,0.05,400,105,610,610,393,217,224,45,86,34,8188,14,101,101,101,101,84,84,84,84,84,0,20
LIRCMOP7_BC,1,143,96,1,0.32,96,0,0.000605823227881194,0.00217491260633203,96,20,3,0.0050253886824059,33.3333333333333,0.233831799776445,0.368522549893532,0,20,0,20,2,0.208333333333333,0.00926439223590984,0.0219757024538668,0,0.0229287717610371,NaN,0.9,0.0422244110859027,0.0625,0.0120013314037859,0.0245752907614669,0.1,400,84,568,568,365,203,209,46,91,40,5828,5,120,120,120,120,96,96,96,96,96,0,20
LIRCMOP7_BC,1,144,93,1,0.31,93,0,0.000601690559659235,0.00191536092747015,93,20,3,0.00486834528608072,34.4086021505376,0.24012110942101,0.392094159027927,0,20,0,20,3,0.21505376344086,0.0156687191918779,0.0297083073845077,0,0.0298380594526963,NaN,0.95,0.0404658258063665,0.0645161290322581,0.0162021265548048,0.0302404042195113,0.15,400,96,592,592,379,213,227,46,90,39,7407,25,117,117,117,117,93,93,93,93,93,0,20
LIRCMOP7_BC,1,145,83,1,0.28,83,0,0.00068303937221565,0.00292645269857569,83,20,3,0.00434486729833011,38.5542168674699,0.235256125426237,0.397685169103243,0,20,0,20,2,0.240963855421687,0.00590774121979267,0.0138907585986566,0,0.0143788146219745,NaN,0.85,0.0369917437778143,0.0714285714285714,0.00694322069396414,0.0156910460084578,0.1,400,93,586,586,367,219,258,48,85,37,10952,13,110,110,110,110,83,83,83,83,83,0,20
LIRCMOP7_BC,1,146,84,1,0.28,84,0,0.000724582593485255,0.00222468687478249,84,20,3,0.00439721509710517,38.0952380952381,0.233831799776445,0.397685169103243,0,20,0,20,0,0.238095238095238,0.00674983246641094,0.0137094644708611,0,0.0235680192201722,NaN,0.85,0.0286945877807013,0,0.0160454883593041,0.0240199967303501,0,400,83,566,566,347,219,226,48,86,36,7389,21,108,108,108,108,84,84,84,84,84,0,20
LIRCMOP7_BC,1,147,84,1,0.28,84,0,0.000724210023034037,0.00347724091094688,84,20,3,0.00439721509710517,38.0952380952381,0.233831799776445,0.397685169103243,0,20,0,20,2,0.238095238095238,0.0144201416243431,0.0260489415752484,0,0.0286465360036443,NaN,1,0.0462759642985448,0.0714285714285714,0.0216496668782177,0.0314498692859554,0.1,400,84,568,568,371,197,219,46,82,35,7568,20,105,105,105,105,84,84,84,84,84,0,20
LIRCMOP7_BC,1,148,102,1,0.34,102,0,0.000633217385969719,0.00278567365451578,102,20,3,0.00533947547505627,31.3725490196078,0.233831799776445,0.368522549893532,0,20,0,20,1,0.196078431372549,0.0114179210302183,0.0199967308751454,0,0.0281222510135093,NaN,0.8,0.0522719700346917,0.0588235294117647,0.0226045721476859,0.0314005951503169,0.05,400,84,568,568,367,201,223,50,91,42,4768,0,126,126,126,126,102,102,102,102,102,0,20
LIRCMOP7_BC,1,149,80,1,0.27,80,0,0.000760884806536616,0.00311468247321218,80,20,3,0.00418782390200492,40,0.232407474126654,0.368522549893532,0,20,0,20,1,0.25,0.013963379692389,0.0243925008984828,0,0.0352800518950845,NaN,0.65,0.0326330811141909,0.0740740740740741,0.0265912802408146,0.0416573699115437,0.05,400,102,604,604,381,223,232,43,79,32,12014,6,96,96,96,93,80,80,80,80,80,0,20
LIRCMOP7_BC,1,150,82,1,0.28,82,0,0.000633810352896615,0.00183012980199261,82,20,3,0.00429251949955504,39.0243902439024,0.235256125426237,0.384951895003371,0,20,0,20,1,0.24390243902439,0.0140859727954385,0.0244611797961174,0,0.0289350371589174,NaN,0.65,0.0125491599611777,0.0714285714285714,0.028220840262078,0.0407897219319095,0.05,400,80,560,560,374,186,195,47,86,36,4895,9,108,108,108,108,82,82,82,82,82,0,20
LIRCMOP7_BC,1,151,79,1,0.28,79,0,0.000622564823612753,0.00211752407463458,79,20,3,0.00413547610322986,40.5063291139241,0.235256125426237,0.375550892527394,0,20,0,20,2,0.253164556962025,0.00784593087045567,0.0143841413525251,0,0.022273930689609,NaN,0.75,0.0267392132626364,0.0714285714285714,0.0198519485716798,0.03085281133873,0.1,400,82,564,564,363,201,228,45,80,32,7508,4,93,93,93,93,79,79,79,79,79,0,20
LIRCMOP7_BC,1,152,93,1,0.31,93,0,0.000591692026419671,0.00213868565770699,93,20,3,0.00486834528608072,34.4086021505376,0.235256125426237,0.369928218420304,0,20,0,20,1,0.21505376344086,0.0189732599148831,0.0333021010822111,0,0.0348902782051265,NaN,0.85,0.0246200331251118,0.0645161290322581,0.0223604317286891,0.0394669421547916,0.05,400,79,558,558,364,194,216,51,86,38,5171,15,114,114,114,114,93,93,93,93,93,0,20
LIRCMOP7_BC,1,153,75,1,0.25,75,0,0.00056347328107153,0.00163193863620126,75,20,3,0.00392608490812961,42.6666666666667,0.232407474126654,0.375550892527394,0,20,0,20,2,0.266666666666667,0.0142488289841248,0.0213197156579064,0,0.0237274051223827,NaN,0.9,0.0343385149280365,0.08,0.019396392524525,0.0260139026413695,0.1,400,93,586,586,374,212,217,43,76,29,9291,16,84,84,84,84,75,75,75,75,75,0,20
LIRCMOP7_BC,1,154,69,1,0.23,69,0,0.000582935979974597,0.00161316219787649,69,20,3,0.00361199811547924,46.3768115942029,0.229338899016757,0.375550892527394,0,20,0,20,4,0.289855072463768,0.0124148200402917,0.0168179653480575,0,0.0170799612298997,NaN,0.5,-0.00226672369993255,0.0869565217391304,0.0155510198690795,0.0179377293704969,0.2,400,75,550,550,361,189,216,44,76,30,7558,12,87,87,87,87,69,69,69,69,69,0,20
LIRCMOP7_BC,1,155,77,1,0.26,77,0,0.000499796912169094,0.0021291005371245,77,20,3,0.00403078050567974,41.5584415584416,0.245190697321635,0.375550892527394,0,20,0,20,1,0.25974025974026,0.00639886019767048,0.0141147620472698,0,0.0167808799851793,NaN,0.75,0.0219124106666426,0.0769230769230769,0.0140877212667317,0.0169441258028728,0.05,400,69,538,538,346,192,193,47,85,36,5000,8,107,107,107,107,77,77,77,77,77,0,20
LIRCMOP7_BC,1,156,79,1,0.28,79,0,0.000513293726876522,0.00222051140286886,79,20,3,0.00413547610322986,40.5063291139241,0.229338899016757,0.375550892527394,0,20,0,20,3,0.253164556962025,0.00493342929096124,0.00922666212329783,0,0.0119119801881592,NaN,0.05,-0.0223956046206558,0.142857142857143,0.0141901460349162,0.0160152531013004,0.15,400,77,554,554,352,202,209,46,79,34,8483,10,100,100,100,100,79,79,79,79,79,0,20
LIRCMOP7_BC,1,157,69,1,0.23,69,0,0.000539853071632441,0.00162797226196369,69,20,3,0.00361199811547924,46.3768115942029,0.229338899016757,0.375550892527394,0,20,0,20,1,0.289855072463768,0.00581015838031918,0.0163719735859151,0,0.026534105705568,NaN,0.05,-0.00855422526550231,0.0869565217391304,0.0230605740904481,0.0267437581925271,0.05,400,79,558,558,333,225,183,40,80,28,8353,8,81,81,81,81,69,69,69,69,69,0,20
LIRCMOP7_BC,1,158,84,1,0.28,84,0,0.000563966990835029,0.00203282713486577,84,20,3,0.00439721509710517,38.0952380952381,0.233831799776445,0.384951895003371,0,20,0,20,1,0.238095238095238,0.00930467861330993,0.0183617674267627,0,0.0183617674267627,NaN,0.75,0.0140051119250149,0.0714285714285714,0.0103016774076901,0.0185906439000668,0.05,400,69,538,538,323,215,201,41,82,33,7701,18,96,96,96,96,84,84,84,84,84,0,20
LIRCMOP7_BC,1,159,93,1,0.31,93,0,0.000624139929433334,0.00269882683602059,93,20,3,0.00486834528608072,34.4086021505376,0.235256125426237,0.369928218420304,0,20,0,20,0,0.21505376344086,0.00328282032577621,0.0084753709961761,0,0.0115949682628852,NaN,0.25,-0.00522818457378169,0,0.0115832245170685,0.0135769679616382,0,400,84,568,568,354,214,194,42,88,36,7432,33,105,105,105,105,93,93,93,93,93,0,20
LIRCMOP7_BC,1,160,77,1,0.26,77,0,0.000531986088718525,0.00189899755773644,77,20,3,0.00403078050567974,41.5584415584416,0.235256125426237,0.402000207062154,0,20,0,20,0,0.25974025974026,0.00781369527430973,0.00937471493910005,0,0.0156617248955151,NaN,1,0.010188657065712,0,0.013937702716562,0.0178531437399046,0,400,93,586,586,357,229,240,42,82,33,10848,12,96,96,96,93,77,77,77,77,77,0,20
LIRCMOP7_BC,1,161,89,1,0.31,89,0,0.000669130318304086,0.00291506513839152,89,20,3,0.00465895409098047,35.9550561797753,0.232407474126654,0.425146516166558,0,20,0,20,3,0.224719101123595,0.00904818954676204,0.0127375069214232,0,0.0132510324205027,NaN,0.85,0.0150058619828119,0.129032258064516,0.00914145568106119,0.013954775096917,0.15,400,77,554,554,357,197,236,44,70,32,9791,23,96,96,96,96,89,89,89,89,89,0,20
LIRCMOP7_BC,1,162,63,1,0.21,63,0,0.000749404093429888,0.00308356612108024,63,20,3,0.00329791132282887,50.7936507936508,0.226682002042949,0.346128750614254,0,20,0,20,3,0.317460317460317,0.00483680654666401,0.013169624131419,0,0.022899192363661,NaN,0.1,-0.0101962158297672,0.0952380952380952,0.0196160394961697,0.0293226287308309,0.15,400,89,578,578,372,206,229,42,62,25,11675,14,72,72,72,72,63,63,63,63,63,0,20
LIRCMOP7_BC,1,163,87,1,0.29,87,0,0.000692922132265456,0.00322510629863794,87,20,3,0.00455425849343035,36.7816091954023,0.229338899016757,0.372645684071887,0,20,0,20,1,0.229885057471264,0.0162266202300505,0.0216417361001357,0,0.0262717879292872,NaN,0.45,-0.00417229991271795,0.0689655172413793,0.0185400843892387,0.0265915859484465,0.05,400,63,526,526,358,168,226,48,84,34,4226,39,99,99,99,99,87,87,87,87,87,0,20
LIRCMOP7_BC,1,164,69,1,0.23,69,0,0.000595733509909979,0.00318267063651618,69,20,3,0.00361199811547924,46.3768115942029,0.226682002042949,0.375550892527394,0,20,0,20,2,0.289855072463768,0.0168380924231107,0.0237163576914377,0,0.0244489591035028,NaN,0.15,-0.0232008439121872,0.130434782608696,0.0184337501402974,0.0250784686610609,0.1,400,87,574,574,370,204,254,50,76,30,10332,1,88,88,88,88,69,69,69,69,69,0,20
LIRCMOP7_BC,1,165,87,1,0.29,87,0,0.000722303870218704,0.00352610997295897,87,20,3,0.00455425849343035,36.7816091954023,0.229338899016757,0.379642550571138,0,20,0,20,0,0.229885057471264,0.0114768544015957,0.0160995495973601,0,0.0261349645090838,NaN,0.7,0.0115909328223184,0,0.0206118525985995,0.0263247836884866,0,400,69,538,538,359,179,220,51,85,37,4944,18,109,109,109,109,87,87,87,87,87,0,20
LIRCMOP7_BC,1,166,80,1,0.27,80,0,0.000571507964834754,0.00300790314415033,80,20,3,0.00418782390200492,40,0.230873186571706,0.402000207062154,0,20,0,20,5,0.25,0.0219738515486247,0.0526705291037239,0,0.05280440157098,NaN,0.7,0.00720455943087009,0.185185185185185,0.0220238747772761,0.0530877650247972,0.25,400,87,574,574,370,204,258,50,83,35,6694,4,104,104,104,104,80,80,80,80,80,0,20
LIRCMOP7_BC,1,167,62,1,0.21,62,0,0.000620675458160453,0.00352891586366057,62,20,3,0.00324556352405381,51.6129032258064,0.226682002042949,0.377085264293798,0,20,0,20,11,0.32258064516129,0.0325433884965401,0.0778238242583186,0,0.0778238242583186,NaN,0.5,-0.000796968045243124,0.238095238095238,0.0353928800116142,0.0779108867543581,0.55,400,80,560,560,373,187,254,56,66,28,9687,13,83,83,83,83,62,62,62,62,62,0,20
LIRCMOP7_BC,1,168,81,1,0.27,81,0,0.000525819211272,0.00289835161554742,81,20,3,0.00424017170077998,39.5061728395062,0.217817462008993,0.380665465082074,0.197342415229968,20,0,20,9,0.246913580246914,0.0119200119600179,0.0258810384875815,0,0.0258810384875815,NaN,0.65,0.0265326982874273,0.259259259259259,0.0131652669804752,0.0288838889339434,0.45,400,62,524,524,354,170,232,56,77,33,4213,3,99,99,99,99,81,81,81,81,81,0,20
LIRCMOP7_BC,1,169,65,1,0.22,65,0,0.000593103549634639,0.00411411446125284,65,20,3,0.003402606920379,49.2307692307692,0.226682002042949,0.375550892527394,0.64410218270331,20,0,20,7,0.307692307692308,0.0175445478646197,0.0377252780394134,0,0.0381617937111554,NaN,0.45,-0.00475805715910618,0.227272727272727,0.0200516605285471,0.0396819933723512,0.35,400,81,562,562,389,173,223,56,64,27,6508,1,81,81,81,78,65,65,65,65,65,0,20
LIRCMOP7_BC,1,170,56,1,0.19,56,0,0.000877000311872301,0.00453215228346773,56,20,3,0.00293147673140344,57.1428571428571,0.207638978036354,0.379127059509869,1,20,0,20,2,0.357142857142857,0.0121042117664235,0.021362922788592,0,0.0282137142907595,NaN,0.5,0.00185795867663904,0.105263157894737,0.0215265488078352,0.0285064088053544,0.1,400,65,530,530,368,162,200,55,59,23,4942,15,68,68,68,68,56,56,56,56,56,0,20
LIRCMOP7_BC,1,171,58,1,0.2,58,0,0.000699463547682437,0.00521762404063301,58,20,3,0.00303617232895357,55.1724137931034,0.19398598463266,0.378332355735986,1,20,0,20,6,0.344827586206897,0.00768769869994109,0.0278120830773324,0,0.0278120830773324,NaN,0.75,0.00987582398065845,0.2,0.0118796154900975,0.0280565119256035,0.3,400,56,512,512,366,146,213,53,62,25,4403,8,73,73,73,73,58,58,58,58,58,0,20
LIRCMOP7_BC,1,172,58,1,0.2,58,0,0.000584663553735423,0.00411428590574313,58,20,3,0.00303617232895357,55.1724137931034,0.225535216413759,0.378332355735986,0.40291085402272,20,0,20,2,0.344827586206897,0.00705833142922066,0.0117645331759406,0,0.0329406979105881,NaN,1,0.0192791090455341,0.2,0.0259666269880711,0.0338035649226327,0.1,400,58,516,516,367,149,189,50,66,25,2989,21,74,74,74,74,58,58,58,58,58,0,20
LIRCMOP7_BC,1,173,66,1,0.22,66,0,0.00097427225324878,0.00437767274504865,66,20,3,0.00345495471915406,48.4848484848485,0.197910836446632,0.375550892527394,0,20,0,20,2,0.303030303030303,0.00509465152718785,0.011756455123958,0,0.0222190966979331,NaN,0.75,0.0258422066884565,0.181818181818182,0.0177348503922317,0.0235110663614755,0.1,400,58,516,516,362,154,196,51,63,26,4280,4,78,78,78,78,66,66,66,66,66,0,20
LIRCMOP7_BC,1,174,73,1,0.25,73,0,0.000936445299382127,0.00451336697867781,73,20,3,0.00382138931057949,43.8356164383562,0.222389569944306,0.380653022362067,0,20,0,20,0,0.273972602739726,0.0139589647312998,0.0275911425598956,0,0.0380731007546057,NaN,0.95,0.0384027330887496,0,0.0260918497862964,0.038767240520304,0,400,66,532,532,376,156,187,52,71,28,3519,0,84,84,84,84,73,73,73,73,73,0,20
LIRCMOP7_BC,1,175,56,1,0.19,56,0,0.000804214706811743,0.00502459064826588,56,20,3,0.00293147673140344,57.1428571428571,0.216440073146899,0.379127059509869,0,20,0,20,5,0.357142857142857,0.00519166002550133,0.0188903820603363,0,0.0188903820603363,NaN,0.85,0.0455853059450497,0.210526315789474,0.0127776732915039,0.0211609676752459,0.25,400,73,546,546,374,172,191,48,61,23,5728,20,66,66,66,66,56,56,56,56,56,0,20
LIRCMOP7_BC,1,176,52,1,0.18,52,0,0.000626961976101237,0.00423328517543808,52,20,3,0.0027220855363032,61.5384615384615,0.227850511417916,0.375550892527394,0,20,0,20,0,0.384615384615385,0.00427217789392944,0.0169801306294858,0,0.0330746368556527,NaN,0.2,-0.00663867539441884,0,0.0235414593529971,0.0340524844279804,0,400,56,512,512,344,168,198,44,60,22,4795,36,65,65,65,65,52,52,52,52,52,0,20
LIRCMOP7_BC,1,177,57,1,0.19,57,0,0.00114473937114975,0.00625438834414938,57,20,3,0.00298382453017851,56.140350877193,0.229338899016757,0.331084286024836,0,20,0,20,0,0.350877192982456,0.00311596597420796,0.00932752503171483,0,0.0262968735003061,NaN,0.8,0.0177766261045278,0,0.0256639023660109,0.0293618501361931,0,400,52,504,504,343,161,174,45,58,24,4522,15,70,70,70,70,57,57,57,57,57,0,20
LIRCMOP7_BC,1,178,52,1,0.18,52,0,0.000744189331771191,0.0040342308916872,52,20,3,0.0027220855363032,61.5384615384615,0.229338899016757,0.34582662079882,0.331505289841393,20,0,20,0,0.384615384615385,0.0057753066207012,0.0173375495173364,0,0.0292243262169838,NaN,0.15,-0.0054807279437524,0,0.0236233514140491,0.0298860041109446,0,400,57,514,514,359,155,159,42,53,21,5602,35,60,60,60,60,52,52,52,52,52,0,20
LIRCMOP7_BC,1,179,80,1,0.27,80,0,0.00170956344896229,0.00606466647127909,80,20,3,0.00418782390200492,40,0.228594705217337,0.340304287194977,0,20,0,20,2,0.25,0.00275014224721682,0.00991743359107474,0,0.0222715477805676,NaN,0.05,-0.0319649070577359,0.0740740740740741,0.0218390137172238,0.0271014069550801,0.1,400,52,504,504,360,144,202,52,58,28,4985,10,80,80,80,80,80,80,80,80,80,0,20
LIRCMOP7_BC,1,180,74,1,0.26,74,0,0.00185637597466708,0.00677484787946865,74,20,3,0.00387373710935455,43.2432432432432,0.231977684899045,0.349900824693446,0,20,0,20,1,0.27027027027027,0.0102822690314884,0.019903686860676,0,0.0231034383953519,NaN,0.2,-0.0577916654335332,0.0769230769230769,0.0205746366202414,0.0239547212614523,0.05,400,80,560,560,375,185,236,53,54,27,8078,48,75,75,75,75,74,74,74,74,74,0,20
LIRCMOP7_BC,1,181,70,1,0.24,70,0,0.00154785484446944,0.00618480745597466,70,20,3,0.00366434591425431,45.7142857142857,0.231977684899045,0.331084286024836,0.00451826185905115,20,0,20,0,0.285714285714286,0.0184825360764818,0.034200622797059,0,0.0421757036017468,NaN,0.65,0.010235850441556,0,0.0332095324484631,0.0435875682000436,0,400,74,548,548,359,189,201,50,56,24,6848,12,72,72,72,72,70,70,70,70,70,0,20
LIRCMOP7_BC,1,182,66,1,0.22,66,0,0.00141291074650802,0.0051380236206963,66,20,3,0.00345495471915406,48.4848484848485,0.230658291957901,0.389274158483684,0,20,0,20,2,0.303030303030303,0.00670276635114189,0.00812599673669855,0,0.0113205938316243,NaN,0.5,0.00805976503180819,0.136363636363636,0.00888551006895582,0.0146626467308762,0.1,400,70,540,540,363,177,207,46,52,23,6714,0,69,69,69,69,66,66,66,66,66,0,20
LIRCMOP7_BC,1,183,63,1,0.21,63,0,0.000806377893773925,0.00402978742203493,63,20,3,0.00329791132282887,50.7936507936508,0.232237397955804,0.367656908274584,0,20,0,20,1,0.317460317460317,0.018219511344176,0.0363566131789327,0,0.050534164760788,NaN,0.5,0.00892838556853096,0.0952380952380952,0.0416577291473233,0.0538328916633838,0.05,400,66,532,532,372,160,202,48,52,24,6740,3,72,72,72,72,63,63,63,63,63,0,20
LIRCMOP7_BC,1,184,71,1,0.24,71,0,0.000837677027228056,0.00446652322224507,71,20,3,0.00371669371302937,45.0704225352113,0.231412855749369,0.337857995014985,0,20,0,20,3,0.28169014084507,0.00980746211681982,0.0190497901231415,0,0.0240371850412196,NaN,1,0.0246135776601588,0.125,0.0241791651091683,0.0303953133272766,0.15,400,63,526,526,365,161,204,50,55,26,5812,1,76,76,76,76,71,71,71,71,71,0,20
LIRCMOP7_BC,1,185,41,1,0.15,41,0,0.000396435341312045,0.00251535976761893,41,20,3,0.00214625974977752,78.0487804878049,0.232237397955804,0.35771632949025,0.987179563672093,19,1,20,1,0.48780487804878,0.0097529046485049,0.0152357457030641,0,0.0267219834616534,NaN,0.85,0.0200209061028505,0.133333333333333,0.0283939748161584,0.0415058183232392,0.05,400,71,542,542,365,177,186,42,54,20,6980,1,60,60,60,60,41,41,41,41,41,0,20
LIRCMOP7_BC,1,186,41,1,0.14,41,0,0.000446103774990989,0.0024512636105035,41,20,3,0.00214625974977752,78.0487804878049,0.229338899016757,0.327973835839601,1,17,3,20,1,0.48780487804878,0.00208385667138987,0.00373735143885667,0,0.0126820641011887,NaN,0.7,0.0324972108098245,0.142857142857143,0.0246791183008187,0.0342372067382625,0.05,400,41,482,482,327,155,168,39,50,20,7511,0,54,54,54,54,41,41,41,41,41,0,20
LIRCMOP7_BC,1,187,42,1,0.14,42,0,0.000512412746626964,0.00232873010751567,42,20,3,0.00219860754855258,76.1904761904762,0.206711751872453,0.327973835839601,1,16,4,20,3,0.476190476190476,0.00196935351298201,0.0060257722661683,0,0.015065092951714,NaN,0.6,0.0175138749946749,0.142857142857143,0.0206285450278881,0.0305297856880096,0.15,400,41,482,482,342,140,169,44,50,20,6119,5,53,53,53,53,42,42,42,42,42,0,20
LIRCMOP7_BC,1,188,39,1,0.13,39,0,0.0006444239294972,0.00261101488941073,39,20,3,0.0020415641522274,82.0512820512821,0.232407474126654,0.371005062873978,0,17,3,20,2,0.512820512820513,0.0110714857577276,0.03158963837391,0,0.0464432252239971,NaN,0.6,0.0115070448636886,0.153846153846154,0.0357704147026707,0.0469286521386389,0.1,400,42,484,484,336,148,184,46,49,18,6671,8,51,51,51,51,39,39,39,39,39,0,20
LIRCMOP7_BC,1,189,39,1,0.13,39,0,0.00064436288834977,0.00245322394312055,39,20,3,0.0020415641522274,82.0512820512821,0.232407474126654,0.312877163727328,0,17,3,20,2,0.512820512820513,0.00131082702788289,0.00557884642890117,0,0.0186791259489327,NaN,0.6,0.010820575596266,0.153846153846154,0.0250886362371591,0.0377923667817469,0.1,400,39,478,478,336,142,177,44,49,18,6352,0,52,52,52,52,39,39,39,39,39,0,20
LIRCMOP7_BC,1,190,63,1,0.23,63,0,0.00108590760505136,0.00767879815019867,63,20,3,0.00329791132282887,50.7936507936508,0.233408338704043,0.375550892527394,0,20,0,20,2,0.317460317460317,0.0174869551651765,0.0275722512904738,0,0.0401672608527501,NaN,0.5,0.0113472915536376,0.0869565217391304,0.0359650939769669,0.0434266694995244,0.1,400,39,478,478,329,149,183,48,58,24,5087,1,67,67,67,67,63,63,63,63,63,0,20
LIRCMOP7_BC,1,191,70,1,0.24,70,0,0.000605209209068163,0.00255152580349715,70,20,3,0.00366434591425431,45.7142857142857,0.233408338704043,0.360571118466657,0,20,0,20,0,0.285714285714286,0.00744500351829162,0.0163915282429352,0,0.0168376503380172,NaN,0.8,0.0324742897576791,0,0.0105174948101658,0.016903979880035,0,400,63,526,526,358,168,187,47,64,27,5697,5,81,81,81,81,70,70,70,70,70,0,20
LIRCMOP7_BC,1,192,51,1,0.17,51,0,0.00075836896644255,0.0036769247587021,51,20,3,0.00266973773752814,62.7450980392157,0.176726697970752,0.327769878879696,0,20,0,20,5,0.392156862745098,0.0101960974356242,0.0180486755693156,0,0.02270132199051,NaN,0.7,0.0200204835823836,0.117647058823529,0.020472371175715,0.025740443391038,0.25,400,70,540,540,358,182,209,41,49,19,9996,2,57,57,57,57,51,51,51,51,51,0,20
LIRCMOP7_BC,1,193,67,1,0.23,67,0,0.00129044306891733,0.0047334762175117,67,20,3,0.00350730251792912,47.7611940298507,0.231990437312311,0.325246945238465,0,20,0,20,1,0.298507462686567,0.0220698370728039,0.0388906769195414,0,0.0555103306334664,NaN,0.7,0.00689203429030283,0.0869565217391304,0.0412154760535343,0.0574526029766396,0.05,400,51,502,502,347,155,178,46,60,24,4616,8,72,72,72,72,67,67,67,67,67,0,20
LIRCMOP7_BC,1,194,57,1,0.19,57,0,0.000953074323864064,0.00424636126887458,57,20,3,0.00298382453017851,56.140350877193,0.232407474126654,0.34582662079882,0,20,0,20,3,0.350877192982456,0.0208873414811228,0.0267056132822569,0,0.050626552789797,NaN,0.65,0.00414062402090493,0.105263157894737,0.0467112087570665,0.0567397559920726,0.15,400,67,534,534,349,185,209,45,53,20,8866,1,60,60,60,60,57,57,57,57,57,0,20
LIRCMOP7_BC,1,195,75,1,0.25,75,0,0.00111803447088951,0.00561425213060501,75,20,3,0.00392608490812961,42.6666666666667,0.232407474126654,0.336124774547654,0,20,0,20,3,0.266666666666667,0.00527708351342146,0.0128969929004533,0,0.0231008373462533,NaN,0.9,0.0208300958258461,0.08,0.0211376268625832,0.0276957553898032,0.15,400,57,514,514,361,153,194,47,60,26,5682,0,78,78,78,78,75,75,75,75,75,0,20
LIRCMOP7_BC,1,196,57,1,0.19,57,0,0.000787413151675281,0.00366981102470026,57,20,3,0.00298382453017851,56.140350877193,0.218328759867246,0.31328381614082,0,20,0,20,1,0.350877192982456,0.0270341522105488,0.0427493110630756,0,0.0570392115428483,NaN,0.6,0.0152324131742488,0.105263157894737,0.0463187239572173,0.0595857785810869,0.05,400,75,550,550,374,176,231,48,52,21,9280,0,63,63,63,63,57,57,57,57,57,0,20
LIRCMOP7_BC,1,197,51,1,0.17,51,0,0.000869516263792089,0.00376487540365326,51,20,3,0.00266973773752814,62.7450980392157,0.232407474126654,0.377840163300129,0,20,0,20,0,0.392156862745098,0.00685437957442787,0.010317533206934,0,0.0272092734205759,NaN,0.45,-6.59745212105156e-05,0,0.020022009471747,0.0337137397491293,0,400,57,514,514,357,157,201,45,43,19,9201,0,57,57,57,57,51,51,51,51,51,0,20
LIRCMOP7_BC,1,198,45,1,0.15,45,0,0.00083426775264401,0.00292001765553445,45,20,3,0.00235565094487777,71.1111111111111,0.233408338704043,0.375550892527394,0.082876322460347,20,0,20,0,0.444444444444444,0.0101723140545451,0.0186275879266011,0,0.0354240971115246,NaN,0.6,0.0165567718858917,0,0.0301717045908614,0.0419362093726045,0,400,51,502,502,346,156,179,45,41,17,7393,0,51,51,51,51,45,45,45,45,45,0,20
LIRCMOP7_BC,1,199,48,1,0.16,48,0,0.00127570798188201,0.00470034989092462,48,20,3,0.00251269434120295,66.6666666666667,0.233408338704043,0.376684374056939,0,20,0,20,1,0.416666666666667,0.00664785885099999,0.0141088210992021,0,0.0276232535882413,NaN,0.75,0.0133472965589314,0.125,0.0294371954555762,0.0405259358164377,0.05,400,45,490,490,342,148,201,49,42,17,7469,1,51,51,51,51,48,48,48,48,48,0,20
LIRCMOP7_BC,1,200,45,1,0.15,45,0,0.000871803765416798,0.00249389634948997,45,20,3,0.00235565094487777,71.1111111111111,0.233408338704043,0.337745249939324,0,16,4,20,0,0.444444444444444,0.00817541698473358,0.012614623168714,0,0.0161430646462884,NaN,1,0.0655635732030237,0,0.0139824117891462,0.016325541375188,0,400,48,496,496,339,157,192,47,43,16,8347,5,45,45,45,45,45,45,45,45,45,0,20
LIRCMOP7_BC,1,201,45,1,0.15,45,0,0.000877870053248558,0.00284062582224182,45,20,3,0.00235565094487777,71.1111111111111,0.232407474126654,0.353463851438137,0,18,2,20,0,0.444444444444444,0.0103840521870725,0.0214147293127198,0,0.0214147293127198,NaN,0.75,0.0257600140351079,0,0.0176662090624063,0.0227907726745731,0,400,45,490,490,348,142,209,51,46,17,6406,8,48,48,48,48,45,45,45,45,45,0,20
LIRCMOP7_BC,1,202,57,1,0.19,57,0,0.00142925902422408,0.0032642235899104,57,20,3,0.00298382453017851,56.140350877193,0.232407474126654,0.337745249939324,0,20,0,20,0,0.350877192982456,0.0082312767888349,0.0124069481825041,0,0.0143445598643947,NaN,1,0.0566448145008666,0,0.0152045627575992,0.018888398855373,0,400,45,490,490,361,129,196,51,50,22,4363,8,62,62,62,62,57,57,57,57,57,0,20
LIRCMOP7_BC,1,203,58,1,0.2,58,0,0.00169294430579393,0.00736578077173261,58,20,3,0.00303617232895357,55.1724137931034,0.239841178784691,0.337745249939324,0,20,0,20,5,0.344827586206897,0.0122396074858644,0.015323992911261,0,0.0158279184692836,NaN,0.85,0.0221596941394219,0.1,0.0123665801824316,0.0164336813805455,0.25,400,57,514,514,366,148,217,50,44,21,6091,7,63,63,63,63,58,58,58,58,58,0,20
LIRCMOP7_BC,1,204,60,1,0.2,60,0,0.00153404933707629,0.00473517395859688,60,20,3,0.00314086792650369,53.3333333333333,0.239229585444449,0.337745249939324,0,20,0,20,2,0.333333333333333,0.0100988877005439,0.0207937458369727,0,0.0239115765913198,NaN,0.4,-0.00537353036745722,0.1,0.0213491555949501,0.0259378082429949,0.1,400,58,516,516,373,143,199,49,49,21,6774,4,60,60,60,60,60,60,60,60,60,0,20
LIRCMOP7_BC,1,205,51,1,0.17,51,0,0.00129666385539642,0.00292690815566783,51,20,3,0.00266973773752814,62.7450980392157,0.233408338704043,0.329714987361835,0,20,0,20,6,0.392156862745098,0.00831688352108262,0.0298434336884423,0,0.0298434336884423,NaN,0.2,-0.027084339807392,0.235294117647059,0.0161539365941305,0.0337681174723633,0.3,400,60,520,520,373,147,214,51,42,18,8217,5,51,51,51,51,51,51,51,51,51,0,20
LIRCMOP7_BC,1,206,36,1,0.12,36,0,0.000598386945887915,0.00242656759536653,36,20,3,0.00188452075590221,88.8888888888889,0.230873186571706,0.298716297075222,0,19,1,20,3,0.555555555555556,0.0133420972961498,0.0218857397701812,0,0.0270614125701089,NaN,0.85,0.0283326359960342,0.333333333333333,0.0208905830807164,0.0296551044309518,0.15,400,51,502,502,372,130,204,49,34,14,6943,18,39,39,39,39,36,36,36,36,36,0,20
LIRCMOP7_BC,1,207,41,1,0.14,41,0,0.000810657993875025,0.00668777306375677,41,20,3,0.00214625974977752,78.0487804878049,0.232407474126654,0.303085273593257,0,16,4,20,3,0.48780487804878,0.0157631575593626,0.0294715666060562,0,0.041332879879588,NaN,0.9,0.0451340759112518,0.142857142857143,0.0330991820637691,0.0428859280633428,0.15,400,36,472,472,362,110,185,49,33,15,5037,0,45,45,45,45,41,41,41,41,41,0,20
LIRCMOP7_BC,1,208,39,1,0.13,39,0,0.000787224728644917,0.00604492425110237,39,20,3,0.0020415641522274,82.0512820512821,0.232407474126654,0.364257596932443,0,11,9,20,5,0.512820512820513,0.00281016560750026,0.00512271200609615,0,0.0141598721845287,NaN,0.9,0.0337159787493941,0.461538461538462,0.0133300511134726,0.0164870134212211,0.25,400,41,482,482,360,122,161,45,32,15,5413,4,45,45,45,45,39,39,39,39,39,0,20
LIRCMOP7_BC,1,209,39,1,0.13,39,0,0.00133508662790369,0.00623297097975908,39,20,3,0.0020415641522274,82.0512820512821,0.232407474126654,0.555985610888525,0,11,9,20,0,0.512820512820513,0.0152523360703895,0.020688192143759,0,0.0237073628945194,NaN,0.4,-0.00411669487524249,0,0.0206165266135046,0.0238174895856632,0,400,39,478,478,357,121,180,50,30,15,5928,7,42,42,42,42,39,39,39,39,39,0,20
LIRCMOP7_BC,1,210,30,1,0.1,30,0,0.000439431481773924,0.00264081555352556,30,20,3,0.00157043396325185,100,0.230873186571706,0.519837083612631,0,18,2,20,2,0.666666666666667,0.0100359241520637,0.0170860775747117,0,0.0170860775747117,NaN,0.6,0.00306860755813682,0.2,0.0144005664212311,0.0177401060601687,0.1,400,39,478,478,342,136,180,47,31,14,6689,8,41,41,41,41,30,30,30,30,30,0,20
LIRCMOP7_BC,1,211,49,1,0.17,49,0,0.00169968659846939,0.00713458719210202,49,20,3,0.00256504213997801,65.3061224489796,0.232407474126654,0.586867432642104,0,20,0,20,4,0.408163265306122,0.0243413945621076,0.0361840801853112,0,0.0410229087838574,NaN,0.5,-0.00114637682779212,0.176470588235294,0.032211809372875,0.0432121579511379,0.2,400,30,460,460,341,119,195,58,41,18,4090,16,51,51,51,51,49,49,49,49,49,0,20
LIRCMOP7_BC,1,212,33,1,0.11,33,0,0.000850161748762901,0.00318311349916717,33,20,3,0.00172747735957703,96.969696969697,0.232407474126654,0.608742061961845,0,20,0,20,2,0.606060606060606,0.0157610866028211,0.0424526529751852,0,0.0530642504420553,NaN,1,0.0800808385925193,0.181818181818182,0.0301033628412083,0.0557629485667,0.1,400,49,498,498,361,137,212,57,35,14,6169,20,39,39,39,39,33,33,33,33,33,0,20
LIRCMOP7_BC,1,213,32,1,0.11,32,0,0.000836918395661288,0.00846758185155035,32,20,3,0.00167512956080197,100,0.232407474126654,0.343433587984453,0,17,3,20,9,0.625,0.0227802616167412,0.058975059187166,0,0.058975059187166,NaN,0.55,0.00622371209899525,0.454545454545455,0.0272724304733944,0.0653934022387515,0.45,400,33,466,466,368,98,161,54,32,14,4033,17,39,39,39,35,32,32,32,32,32,0,20
LIRCMOP7_BC,1,214,36,1,0.12,36,0,0.00231450361160042,0.0107501719344369,36,20,3,0.00188452075590221,88.8888888888889,0.232407474126654,0.343433587984453,0,17,3,20,5,0.555555555555556,0.007453844599811,0.0280900880915657,0,0.0395949150300413,NaN,0.55,0.00564080060701203,0.333333333333333,0.0297037534148426,0.0425740620142135,0.25,400,32,464,464,344,120,179,52,33,14,5082,24,39,39,39,39,36,36,36,36,36,0,20
LIRCMOP7_BC,1,215,45,1,0.15,45,0,0.00246351671807714,0.00844298947377803,45,20,3,0.00235565094487777,71.1111111111111,0.249835059182789,0.328184249744092,0,20,0,20,8,0.444444444444444,0.0118693599570137,0.0649939101949347,0,0.0649939101949347,NaN,0.8,0.0363768251717093,0.266666666666667,0.0136341919869577,0.0706071850176427,0.4,400,36,472,472,353,119,157,51,37,16,4689,27,45,45,45,45,45,45,45,45,45,0,20
LIRCMOP7_BC,1,216,56,1,0.19,56,0,0.00260014667025738,0.00966536355170152,56,20,3,0.00293147673140344,57.1428571428571,0.244606226884352,0.457398423587431,0,20,0,20,4,0.357142857142857,0.00688249098176056,0.0153894177058728,0,0.0197115281192806,NaN,0.95,0.0645112828308595,0.157894736842105,0.0184457859064941,0.0230226192163253,0.2,400,45,490,490,356,134,179,55,46,21,4091,56,57,57,57,57,56,56,56,56,56,0,20
LIRCMOP7_BC,1,217,54,1,0.18,54,0,0.00273051487821508,0.00748370748155601,54,20,3,0.00282678113385332,59.2592592592593,0.248674507632504,0.354817382212488,0,20,0,20,2,0.37037037037037,0.0182221673178441,0.0414157992839427,0,0.0492799394687045,NaN,0.95,0.035567794087676,0.166666666666667,0.0371130016081923,0.0509636279763078,0.1,400,56,512,512,374,138,201,57,42,20,5327,41,54,54,54,54,54,54,54,54,54,0,20
LIRCMOP7_BC,1,218,54,1,0.18,54,0,0.00213507822413789,0.00686139951422514,54,20,3,0.00282678113385332,59.2592592592593,0.243111246137542,0.379263304161221,0,20,0,20,1,0.37037037037037,0.0243042746552159,0.0421075680508284,0,0.0499961769053638,NaN,1,0.0279744180124515,0.111111111111111,0.0471422666328257,0.0519918907887542,0.05,400,54,508,508,366,142,184,55,45,21,4478,48,54,54,54,54,54,54,54,54,54,0,20
LIRCMOP7_BC,1,219,59,1,0.2,59,0,0.00285175358916089,0.00779310661551292,59,20,3,0.00308852012772863,54.2372881355932,0.244606226884352,0.428202913760671,0,20,0,20,4,0.338983050847458,0.0141173478986236,0.0174390341586307,0,0.0276887064496025,NaN,0.8,0.0368645245953517,0.2,0.0246407997490753,0.0318830527303391,0.2,400,54,508,508,366,142,211,57,48,21,4547,16,63,63,63,63,59,59,59,59,59,0,20
LIRCMOP7_BC,1,220,60,1,0.2,60,0,0.00300239829038229,0.00940223228482763,60,20,3,0.00314086792650369,53.3333333333333,0.249835059182789,0.460829320160303,0,20,0,20,1,0.333333333333333,0.01710523790279,0.0308967103612619,0,0.0403940069021783,NaN,0.65,0.0303114926161696,0.1,0.032204251945949,0.0425367447291239,0.05,400,59,518,518,367,151,204,54,47,21,5588,30,60,60,60,60,60,60,60,60,60,0,20
LIRCMOP7_BC,1,221,66,1,0.22,66,0,0.00278754408806588,0.0084366574720063,66,20,3,0.00345495471915406,48.4848484848485,0.244606226884352,0.379263304161221,0,20,0,20,3,0.303030303030303,0.00896994703641168,0.012544563907659,0,0.0225377076390862,NaN,0.85,0.0390684283130556,0.181818181818182,0.0217306634923488,0.0256473082504374,0.15,400,60,520,520,381,139,210,54,54,24,4334,44,66,66,66,66,66,66,66,66,66,0,20
LIRCMOP7_BC,1,222,57,1,0.19,57,0,0.00260696963029275,0.00741658630255756,57,20,3,0.00298382453017851,56.140350877193,0.244606226884352,0.371231688920054,0,20,0,20,3,0.350877192982456,0.00857824612872352,0.0151057312157101,0,0.0180894439567775,NaN,1,0.033215082300732,0.210526315789474,0.0171580407271816,0.0201336568769166,0.15,400,66,532,532,388,144,217,56,43,22,6828,53,57,57,57,57,57,57,57,57,57,0,20
LIRCMOP7_BC,1,223,60,1,0.2,60,0,0.00283117254274652,0.00663134552578071,60,20,3,0.00314086792650369,53.3333333333333,0.244606226884352,0.440680170251682,0,20,0,20,2,0.333333333333333,0.00976864611974422,0.0169645859797643,0,0.0333362012175439,NaN,0.95,0.0566792367987601,0.1,0.0325276785891846,0.0363289218077981,0.1,400,57,514,514,370,144,181,54,45,24,4707,56,63,63,63,63,60,60,60,60,60,0,20
LIRCMOP7_BC,1,224,54,1,0.18,54,0,0.00308728048283667,0.0110298810958824,54,20,3,0.00282678113385332,59.2592592592593,0.244749662541937,0.460829320160303,0,20,0,20,1,0.37037037037037,0.0186182308635053,0.022976489648638,0,0.037836579366907,NaN,0.45,-0.000778224333838701,0.111111111111111,0.0380247831576358,0.0410627418908458,0.05,400,60,520,520,376,144,215,57,40,20,5575,103,54,54,54,54,54,54,54,54,54,0,20
LIRCMOP7_BC,1,225,54,1,0.18,54,0,0.00244835699682712,0.0098112528361242,54,20,3,0.00282678113385332,59.2592592592593,0.248674507632504,0.420531020343061,0,16,4,20,0,0.37037037037037,0.00621132912878857,0.00934947301475898,0,0.0247537741619212,NaN,0.75,0.0305621243653491,0,0.0235373047881829,0.0273104178964975,0,400,54,508,508,366,142,187,57,44,23,4284,88,59,59,59,59,54,54,54,54,54,0,20
LIRCMOP7_BC,1,226,50,1,0.17,50,0,0.00212522637273238,0.00949566945438629,50,20,3,0.00261738993875308,64,0.248686646910675,0.460829320160303,0,20,0,20,1,0.4,0.006961676214765,0.0150581124421965,0,0.029838810946139,NaN,0.85,0.0249990472694817,0.117647058823529,0.0298330221295026,0.0307158402599451,0.05,400,54,508,508,371,137,204,61,40,19,5953,8,52,52,52,52,50,50,50,50,50,0,20
LIRCMOP7_BC,1,227,54,1,0.18,54,0,0.00217707346562021,0.00728818791734491,54,20,3,0.00282678113385332,59.2592592592593,0.241793499254646,0.399253545086298,0,18,2,20,1,0.37037037037037,0.0109792986486474,0.0164341013681462,0,0.0311054421564506,NaN,0.95,0.0311531692390119,0.111111111111111,0.0304186295789973,0.0327162359279384,0.05,400,50,500,500,361,139,184,57,42,20,5240,0,60,60,60,60,54,54,54,54,54,0,20
LIRCMOP7_BC,1,228,60,1,0.2,60,0,0.00235355367004366,0.0100357844949004,60,20,3,0.00314086792650369,53.3333333333333,0.248674507632504,0.440680170251682,0,20,0,20,4,0.333333333333333,0.00534242059576865,0.0166973722705188,0,0.0258258067620328,NaN,0.65,0.0266778555590398,0.1,0.0228500197792018,0.0268687408612616,0.2,400,54,508,508,352,156,187,55,43,21,5634,12,60,60,60,60,60,60,60,60,60,0,20
LIRCMOP7_BC,1,229,60,1,0.2,60,0,0.00323648612859954,0.0103445655536836,60,20,3,0.00314086792650369,53.3333333333333,0.248686646910675,0.420531020343061,0,20,0,20,2,0.333333333333333,0.00699520390921114,0.0136044755136407,0,0.0305166819786146,NaN,0.75,0.0336564285385916,0.1,0.0271584229880831,0.0321538575834015,0.1,400,60,520,520,370,150,219,58,45,20,5376,27,60,60,60,60,60,60,60,60,60,0,20
LIRCMOP7_BC,1,230,63,1,0.21,63,0,0.00282452708142559,0.00957589324677802,63,20,3,0.00329791132282887,50.7936507936508,0.248698786188845,0.398300930170339,0,20,0,20,2,0.317460317460317,0.00564393804381724,0.0167996048597339,0,0.0329375478480277,NaN,0.7,0.02229704824465,0.0952380952380952,0.0297058457407333,0.0334835046958786,0.1,400,60,520,520,379,141,224,63,44,22,4994,20,63,63,63,63,63,63,63,63,63,0,20
LIRCMOP7_BC,1,231,51,1,0.17,51,0,0.00236544380511285,0.00914918573090305,51,20,3,0.00266973773752814,62.7450980392157,0.219946429380544,0.460829320160303,0,20,0,20,5,0.392156862745098,0.00456752680047195,0.0168500684573084,0,0.027981215839653,NaN,0.8,0.0241664392584145,0.294117647058824,0.021077385414771,0.0289739170501252,0.25,400,63,526,526,385,141,204,63,42,19,4640,18,54,54,54,54,51,51,51,51,51,0,20
LIRCMOP7_BC,1,232,59,1,0.2,59,0,0.0025278022808912,0.00988165821084826,59,20,3,0.00308852012772863,54.2372881355932,0.248674507632504,0.427135046622303,0,20,0,20,1,0.338983050847458,0.0048390425268844,0.00972784801607419,0,0.0301561784258879,NaN,0.9,0.0393988023290213,0.1,0.025838655658834,0.0310848649649534,0.05,400,51,502,502,375,127,204,62,44,20,3675,4,60,60,60,60,59,59,59,59,59,0,20
LIRCMOP7_BC,1,233,55,1,0.19,55,0,0.00305070236002686,0.0104345664855915,55,20,3,0.00287912893262838,58.1818181818182,0.232407474126654,0.37114190027978,0,20,0,20,1,0.363636363636364,0.0127636087384262,0.0175394145898439,0,0.0397790847128458,NaN,1,0.0328614860172328,0.105263157894737,0.033653735579221,0.0421663414647024,0.05,400,59,518,518,385,133,208,64,46,19,3561,8,55,55,55,55,55,55,55,55,55,0,20
LIRCMOP7_BC,1,234,51,1,0.17,51,0,0.00283120964238691,0.00816532583811679,51,20,3,0.00266973773752814,62.7450980392157,0.232407474126654,0.465252299599166,0,20,0,20,1,0.392156862745098,0.00660438059768453,0.0109404666030733,0,0.0243317908110627,NaN,0.6,0.0135553949837363,0.117647058823529,0.0218775294726444,0.0270335291076256,0.05,400,55,510,510,377,133,188,59,44,18,4835,0,54,54,54,54,51,51,51,51,51,0,20
LIRCMOP7_BC,1,235,57,1,0.19,57,0,0.00315299912031626,0.0108003691344738,57,20,3,0.00298382453017851,56.140350877193,0.248698786188845,0.448930849871207,0,20,0,20,3,0.350877192982456,0.00255948927826726,0.00519373096718457,0,0.0159446218191097,NaN,0.65,0.0435168727606839,0.105263157894737,0.0169653498140209,0.0201522583850333,0.15,400,51,502,502,379,123,226,63,43,19,4063,5,57,57,57,57,57,57,57,57,57,0,20
LIRCMOP7_BC,1,236,69,1,0.23,69,0,0.00368638863270273,0.0115035102261571,69,20,3,0.00361199811547924,46.3768115942029,0.248698786188845,0.453934531816349,0,20,0,20,4,0.289855072463768,0.00442192604606655,0.0124831889988286,0,0.0221123744063807,NaN,0.65,0.0437310235032695,0.173913043478261,0.0221940511691121,0.0252869083355586,0.2,400,57,514,514,385,129,197,60,44,24,3808,14,69,69,69,69,69,69,69,69,69,0,20
LIRCMOP7_BC,1,237,60,1,0.2,60,0,0.0035324426340818,0.0101363922941282,60,20,3,0.00314086792650369,53.3333333333333,0.248674507632504,0.37114190027978,0,20,0,20,3,0.333333333333333,0.00417326222206122,0.0102573977382851,0,0.021880406909878,NaN,0.85,0.0481307190304718,0.2,0.0206866603308839,0.0249612060577313,0.15,400,69,538,538,391,147,180,59,42,22,4784,42,60,60,60,60,60,60,60,60,60,0,20
LIRCMOP7_BC,1,238,64,1,0.22,64,0,0.00426997519238099,0.0124797476653796,64,20,3,0.00335025912160394,50,0.249835059182789,0.37114190027978,0,20,0,20,6,0.3125,0.0115266663058025,0.0221141884097453,0,0.0232987618335345,NaN,0.35,-0.0666522036004707,0.272727272727273,0.0182443348319143,0.023955338093613,0.3,400,60,520,520,383,137,202,57,51,23,3291,72,65,65,65,65,64,64,64,64,64,0,20
LIRCMOP7_BC,1,239,57,1,0.19,57,0,0.00330302429229687,0.00998081688437343,57,20,3,0.00298382453017851,56.140350877193,0.249835059182789,0.373859049618727,0,20,0,20,2,0.350877192982456,0.0109037090678359,0.0243711820146186,0,0.035743607198119,NaN,0.55,0.00664980092499687,0.105263157894737,0.0305321265514392,0.039076763766542,0.1,400,64,528,528,383,145,202,56,45,22,5282,49,63,63,63,63,57,57,57,57,57,0,20
LIRCMOP7_BC,1,240,51,1,0.17,51,0,0.00224169824258259,0.00907588407608074,51,20,3,0.00266973773752814,62.7450980392157,0.280200197329351,0.426423866478904,0,20,0,20,4,0.392156862745098,0.00230751594682776,0.0118854192286775,0,0.020372330163867,NaN,0.8,0.0421729950106116,0.235294117647059,0.0192279551538789,0.0227511410567963,0.2,400,57,514,514,373,141,194,52,42,20,4902,12,57,57,57,54,51,51,51,51,51,0,20
LIRCMOP7_BC,1,241,66,1,0.22,66,0,0.0033554222325243,0.011787102716141,66,20,3,0.00345495471915406,48.4848484848485,0.294297837593931,0.55393415452277,0,20,0,20,7,0.303030303030303,0.00160507566346479,0.0110366646090888,0,0.0122853669849627,NaN,0.6,0.019499834480123,0.227272727272727,0.0120413874828737,0.0156152399423114,0.35,400,51,502,502,368,134,167,43,51,24,3418,14,69,69,69,69,66,66,66,66,66,0,20
LIRCMOP7_BC,1,242,56,1,0.19,56,0,0.00264032409829259,0.00714342245244014,56,20,3,0.00293147673140344,57.1428571428571,0.261348590592144,0.526429760463393,0,20,0,20,0,0.357142857142857,0.00500375662146189,0.00713383519111017,0,0.0150827696951507,NaN,0.45,-0.00275471306440006,0,0.0201218573483788,0.0224091368918626,0,400,66,532,532,379,153,168,47,50,24,4373,27,66,66,66,63,56,56,56,56,56,0,20
LIRCMOP7_BC,1,243,64,1,0.22,64,0,0.00344341298318679,0.012155338265012,64,20,3,0.00335025912160394,50,0.262328258692151,0.5620704628251,0,20,0,20,1,0.3125,0.00249661028588208,0.00513050818928374,0,0.009831860333435,NaN,0.25,-0.0637305230414687,0.0909090909090909,0.0199984033238512,0.0217038400306775,0.05,400,56,512,512,367,145,209,50,48,24,4546,11,66,66,66,66,64,64,64,64,64,0,20
LIRCMOP7_BC,1,244,66,1,0.22,66,0,0.00307056815925257,0.00837751560279941,66,20,3,0.00345495471915406,48.4848484848485,0.295528587578556,0.526429760463393,0,20,0,20,0,0.303030303030303,0.00408710343482273,0.0119931666541037,0,0.0193188527237489,NaN,1,0.019309687455219,0,0.028740015962587,0.0301842643922054,0,400,64,528,528,369,159,147,46,53,24,5181,13,69,69,69,69,66,66,66,66,66,0,20
LIRCMOP7_BC,1,245,54,1,0.18,54,0,0.00237212616871705,0.00712389328793039,54,20,3,0.00282678113385332,59.2592592592593,0.267591224800277,0.523536174506866,0,20,0,20,1,0.37037037037037,0.00303266179610333,0.00387816182309005,0,0.0104583181710187,NaN,1,0.0330305098640319,0.111111111111111,0.0143966544237547,0.0180922835204983,0.05,400,66,532,532,385,147,158,42,50,22,5568,7,61,61,61,61,54,54,54,54,54,0,20
LIRCMOP7_BC,1,246,72,1,0.24,72,0,0.00367054698258231,0.0127158925949492,72,20,3,0.00376904151180443,44.4444444444444,0.25889023577481,0.483471266459721,0,20,0,20,1,0.277777777777778,0.00484282619150327,0.00875054936166143,0,0.0144089210874904,NaN,0.1,-0.00965823414192021,0.0833333333333333,0.0161243541879263,0.0181394713108467,0.05,400,54,508,508,360,148,192,50,51,25,4424,1,75,75,75,75,72,72,72,72,72,0,20
LIRCMOP7_BC,1,247,60,1,0.2,60,0,0.00232448617750901,0.00867572618774705,60,20,3,0.00314086792650369,53.3333333333333,0.314965636619154,0.504950513461557,0,20,0,20,6,0.333333333333333,0.00291378046134864,0.0049076817875318,0,0.0180602833539743,NaN,0.55,0.00524097065778134,0.2,0.0143287664914646,0.0211019805828042,0.3,400,72,544,544,360,184,181,46,53,24,7248,57,66,66,66,66,60,60,60,60,60,0,20
LIRCMOP7_BC,1,248,69,1,0.23,69,0,0.00276105023343422,0.0111623462135069,69,20,3,0.00361199811547924,46.3768115942029,0.27042439218205,0.483471266459721,0,20,0,20,3,0.289855072463768,0.00941881546005582,0.0116813227432821,0,0.0255594149781408,NaN,0.15,-0.0270646028236346,0.173913043478261,0.0188961234065432,0.0279009914474703,0.15,400,60,520,520,369,151,209,49,56,26,5942,11,75,75,75,75,69,69,69,69,69,0,20
LIRCMOP7_BC,1,249,75,1,0.25,75,0,0.00254771005595301,0.0101756807710841,75,20,3,0.00392608490812961,42.6666666666667,0.321227589954518,0.505266656693779,0,20,0,20,4,0.266666666666667,0.00761271626903198,0.0190508046182309,0,0.0201998518970886,NaN,0.15,-0.0401032314836594,0.08,0.0199285664191242,0.0238238680141711,0.2,400,69,538,538,379,159,205,47,58,28,5369,9,81,81,81,81,75,75,75,75,75,0,20
LIRCMOP7_BC,1,250,87,1,0.29,87,0,0.00327554149313128,0.00946975623156334,87,20,3,0.00455425849343035,36.7816091954023,0.37114190027978,0.568938451269652,0,20,0,20,8,0.229885057471264,0.0277771171412599,0.0457068935883661,0,0.0462738185454046,NaN,0.75,0.00678164585741425,0.172413793103448,0.033332588186602,0.0471146106209327,0.4,400,75,550,550,381,169,205,50,62,32,5358,21,95,95,95,95,87,87,87,87,87,0,20
LIRCMOP7_BC,1,251,91,1,0.31,91,0,0.00404405383106114,0.0135136771912907,91,20,3,0.0047636496885306,35.1648351648352,0.37114190027978,0.576728718404947,0,20,0,20,1,0.21978021978022,0.0151710630754263,0.0196890629183297,0,0.0325123291638669,NaN,0.95,0.0863208857712008,0.0645161290322581,0.0186738526806609,0.033595206266236,0.05,400,87,574,574,390,184,250,54,62,32,7118,33,96,96,96,96,91,91,91,91,91,0,20
LIRCMOP7_BC,1,252,78,1,0.26,78,0,0.00319275648592482,0.00986879753744836,78,20,3,0.0040831283044548,41.025641025641,0.38842922576842,0.483471266459721,0,20,0,20,13,0.256410256410256,0.0419281125077286,0.0734468733613865,0,0.0736458233002047,NaN,0.7,0.0050211931093595,0.153846153846154,0.0464273813868287,0.0739690131520413,0.65,400,91,582,582,394,188,205,51,59,30,7454,34,84,84,84,84,78,78,78,78,78,0,20
LIRCMOP7_BC,1,253,81,1,0.27,81,0,0.00281538996283982,0.00990980134275425,81,20,3,0.00424017170077998,39.5061728395062,0.319651629057626,0.504447875849902,0,20,0,20,2,0.246913580246914,0.012738514111458,0.0278981870516786,0,0.0279631449549104,NaN,0.65,0.00759369226036019,0.0740740740740741,0.0145632318561765,0.0282439269113959,0.1,400,78,556,556,381,175,190,53,56,28,6129,32,84,84,84,84,81,81,81,81,81,0,20
LIRCMOP7_BC,1,254,75,1,0.25,75,0,0.00157750629402455,0.00607649459695797,75,20,3,0.00392608490812961,42.6666666666667,0.332713210319128,0.504447875849902,0,20,0,20,4,0.266666666666667,0.0338953485404411,0.0557078674975271,0,0.0557078674975271,NaN,0.2,-0.0026456080489756,0.16,0.0340017741133443,0.0557400602124239,0.2,400,81,562,562,374,188,196,45,56,28,6678,30,84,84,84,84,75,75,75,75,75,0,20
LIRCMOP7_BC,1,255,72,1,0.24,72,0,0.00165085354629078,0.00601589445162494,72,20,3,0.00376904151180443,44.4444444444444,0.368240927044384,0.483471266459721,0,20,0,20,1,0.277777777777778,0.0190155234916373,0.0283163164132552,0,0.0428321696548044,NaN,0.1,-0.0311355338762377,0.0833333333333333,0.0344438914900799,0.0432549170612851,0.05,400,75,550,550,354,196,194,47,54,29,8365,13,81,81,81,81,72,72,72,72,72,0,20
LIRCMOP7_BC,1,256,78,1,0.26,78,0,0.0024952687177766,0.0094866460464159,78,20,3,0.0040831283044548,41.025641025641,0.324927283375032,0.459247734560273,0,20,0,20,10,0.256410256410256,0.0589483035409669,0.0830690533013873,0,0.089048279072879,NaN,0.35,-0.0147024446293312,0.153846153846154,0.0626776874540848,0.0893819413998619,0.5,400,72,544,544,343,201,210,50,57,28,7309,20,82,82,82,82,78,78,78,78,78,0,20
LIRCMOP7_BC,1,257,84,1,0.28,84,0,0.00198644376253831,0.00708889465167502,84,20,3,0.00439721509710517,38.0952380952381,0.32882024684708,0.505459659696722,0,20,0,20,1,0.238095238095238,0.0181680110824104,0.0323266295633921,0,0.0357204782432155,NaN,0.35,-0.00902631340104873,0.0714285714285714,0.0209399856607975,0.0362917368356547,0.05,400,78,556,556,350,206,220,50,60,30,7554,0,90,90,90,90,84,84,84,84,84,0,20
LIRCMOP7_BC,1,258,84,1,0.28,84,0,0.00187098104388999,0.00728687904278367,84,20,3,0.00439721509710517,38.0952380952381,0.324744884729168,0.527025763534408,0,20,0,20,0,0.238095238095238,0.00768824559345016,0.0185239013526057,0,0.0259828092735955,NaN,0.45,-0.00342612509553833,0,0.0247646827617123,0.0272106335180735,0,400,84,568,568,369,199,220,53,63,31,6970,7,93,93,93,93,84,84,84,84,84,0,20
LIRCMOP7_BC,1,259,79,1,0.27,79,0,0.00250370578499793,0.00667086017398712,79,20,3,0.00413547610322986,40.5063291139241,0.322662703229336,0.462021940225166,0,20,0,20,7,0.253164556962025,0.0191539019420233,0.0404023048346832,0,0.0404672634234184,NaN,1,0.0252313773723616,0.148148148148148,0.0192755132233339,0.0416665843511661,0.35,400,84,568,568,358,210,211,56,57,30,8188,20,88,88,88,88,79,79,79,79,79,0,20
LIRCMOP7_BC,1,260,69,1,0.23,69,0,0.00220752229126254,0.00588501788972388,69,20,3,0.00361199811547924,46.3768115942029,0.324927283375032,0.483471266459721,0,20,0,20,3,0.289855072463768,0.0116631226346727,0.0244169604251495,0,0.0256356834359492,NaN,0.95,0.0648338940896093,0.130434782608696,0.0179158179181846,0.0261515242936431,0.15,400,79,558,558,355,203,177,47,57,27,7524,11,81,81,81,81,69,69,69,69,69,0,20
LIRCMOP7_BC,1,261,81,1,0.27,81,0,0.00239443239351651,0.00841116238314927,81,20,3,0.00424017170077998,39.5061728395062,0.324927283375032,0.505459659696722,0,20,0,20,3,0.246913580246914,0.0206555476211909,0.0301696209888764,0,0.0317021945725076,NaN,0.75,0.0310953295404539,0.148148148148148,0.0249347591389078,0.032131204932523,0.15,400,69,538,538,353,185,196,50,63,30,6634,11,87,87,87,87,81,81,81,81,81,0,20
LIRCMOP7_BC,1,262,79,1,0.27,79,0,0.00241167050661697,0.00842064279915179,79,20,3,0.00413547610322986,40.5063291139241,0.322662703229336,0.483471266459721,0,20,0,20,4,0.253164556962025,0.0113282961141994,0.0263060911889589,0,0.0275035124470914,NaN,0.85,0.0482958140143254,0.148148148148148,0.0145076141117294,0.028301159908376,0.2,400,81,562,562,346,216,206,50,65,31,7530,56,90,90,90,90,79,79,79,79,79,0,20
LIRCMOP7_BC,1,263,87,1,0.29,87,0,0.0025985522299208,0.008540761684183,87,20,3,0.00455425849343035,36.7816091954023,0.341573869902765,0.550563797129279,0,20,0,20,3,0.229885057471264,0.0105264272623943,0.017901436282615,0,0.0184775512462171,NaN,0.9,0.0633972774382513,0.0689655172413793,0.0117477647043297,0.0190583758488743,0.15,400,79,558,558,356,202,193,53,69,33,5949,46,96,96,96,96,87,87,87,87,87,0,20
LIRCMOP7_BC,1,264,88,1,0.3,88,0,0.00206719061538797,0.0061959869538817,88,20,3,0.00460660629220541,36.3636363636364,0.361991530230958,0.547072401438616,0,20,0,20,3,0.227272727272727,0.00677505637302252,0.00994664002775577,0,0.0175997245534766,NaN,0.9,0.0414116544524123,0.133333333333333,0.0118607947705976,0.0184154465293553,0.15,400,87,574,574,348,226,225,55,70,34,7350,118,99,99,99,99,88,88,88,88,88,0,20
LIRCMOP7_BC,1,265,105,1,0.35,105,0,0.00252430962674003,0.00794376523622288,105,20,3,0.00549651887138146,30.4761904761905,0.363905908690535,0.523320595424495,0,20,0,20,3,0.19047619047619,0.00851787715435329,0.0111669044003333,0,0.0133270660868893,NaN,0.6,0.00874176712927349,0.114285714285714,0.00998288256264653,0.0138688955760648,0.15,400,88,576,576,348,228,219,52,76,39,5855,6,117,117,117,117,105,105,105,105,105,0,20
LIRCMOP7_BC,1,266,111,1,0.37,111,0,0.00239360318821417,0.00538263944583456,111,20,3,0.00581060566403183,28.8288288288288,0.383595765325696,0.558463597195357,0,20,0,20,3,0.18018018018018,0.0184797520819106,0.0265082790072273,0,0.0270082045995647,NaN,0.7,0.0271878961595467,0.0540540540540541,0.0201076577043321,0.0279067929361014,0.15,400,105,610,610,366,244,221,53,79,41,7227,29,123,123,123,123,111,111,111,111,111,0,20
LIRCMOP7_BC,1,267,123,1,0.41,123,0,0.00254240676664523,0.00678777250487489,123,20,3,0.00643877924933257,26.0162601626016,0.342336120776958,0.497116440365149,0,20,0,20,3,0.16260162601626,0.0197604900802152,0.0232912482424686,0,0.0242003545657121,NaN,1,0.0787247955672053,0.0487804878048781,0.0197853152488034,0.0246664799344067,0.15,400,111,622,622,361,261,226,55,84,48,6960,4,143,143,143,143,123,123,123,123,123,0,20
LIRCMOP7_BC,1,268,78,1,0.26,78,0,0.00243434368785651,0.00821034388054305,78,20,3,0.0040831283044548,41.025641025641,0.356745801318073,0.497116440365149,0,20,0,20,10,0.256410256410256,0.0345589438772012,0.0410795403774306,0,0.0410795403774306,NaN,1,0.0449863746520338,0.192307692307692,0.0359161799716643,0.0433998286855,0.5,400,123,646,646,367,279,250,43,66,32,14421,12,96,96,96,96,78,78,78,78,78,0,20
LIRCMOP7_BC,1,269,96,1,0.32,96,0,0.00249324492926199,0.00754604842260531,96,20,3,0.0050253886824059,33.3333333333333,0.340070362918617,0.558463597195357,0,20,0,20,4,0.208333333333333,0.0142355217329188,0.0310360242615034,0,0.0315320883820699,NaN,0.6,0.0118764613942082,0.15625,0.0165379405023431,0.0320036904760532,0.2,400,78,556,556,318,238,215,51,71,36,7855,7,108,108,108,108,96,96,96,96,96,0,20
LIRCMOP7_BC,1,270,82,1,0.28,82,0,0.00256269261932941,0.00878734092876493,82,20,3,0.00429251949955504,39.0243902439024,0.340915657237914,0.56207919140626,0,20,0,20,2,0.24390243902439,0.0312537615922219,0.0484732535945989,0,0.0699724638030591,NaN,0.75,0.0145527086330494,0.0714285714285714,0.0512611368459443,0.0705093411489039,0.1,400,96,592,592,353,239,234,48,72,33,8427,1,99,99,99,99,82,82,82,82,82,0,20
LIRCMOP7_BC,1,271,84,1,0.28,84,0,0.00283060539887317,0.00743842291961108,84,20,3,0.00439721509710517,38.0952380952381,0.331366533073977,0.552358876924008,0,20,0,20,2,0.238095238095238,0.00862771030835505,0.0178542808838773,0,0.0278277102929149,NaN,0.9,0.0404048678695959,0.142857142857143,0.0200584612017432,0.0281748002301249,0.1,400,82,564,564,337,227,214,45,71,33,8229,9,99,99,99,99,84,84,84,84,84,0,20
LIRCMOP7_BC,1,272,102,1,0.34,102,0,0.00285268365182577,0.00891568000610199,102,20,3,0.00533947547505627,31.3725490196078,0.373037129305954,0.619391279774345,0,20,0,20,3,0.196078431372549,0.0160723965056708,0.0340691110422436,0,0.053155661988527,NaN,0.1,-0.0811745280121909,0.147058823529412,0.034471777268932,0.0559751444370653,0.15,400,84,568,568,341,227,208,51,81,39,5938,0,115,115,115,115,102,102,102,102,102,0,20
LIRCMOP7_BC,1,273,81,1,0.27,81,0,0.00226391479883913,0.00614845344388572,81,20,3,0.00424017170077998,39.5061728395062,0.322662703229336,0.552358876924008,0,20,0,20,2,0.246913580246914,0.0321052154837919,0.0636369028653593,0,0.0916693020980008,NaN,0.55,0.00590875298781612,0.0740740740740741,0.0581744397003326,0.092237339070908,0.1,400,102,604,604,369,235,213,47,72,33,9418,0,98,98,98,98,81,81,81,81,81,0,20
LIRCMOP7_BC,1,274,105,1,0.35,105,0,0.00352976296654339,0.0117716097247075,105,20,3,0.00549651887138146,30.4761904761905,0.395779724373279,0.659257776381749,0,20,0,20,11,0.19047619047619,0.0234179836882068,0.027203478061886,0,0.0292882922406638,NaN,1,0.0156889811837395,0.0571428571428571,0.0241814612345667,0.0299110607569658,0.55,400,81,562,562,342,220,189,51,80,42,6251,0,126,126,126,126,105,105,105,105,105,0,20
LIRCMOP7_BC,1,275,99,1,0.33,99,0,0.00252496412578166,0.00945246555201715,99,20,3,0.00518243207873109,32.3232323232323,0.372108125708336,0.616873114443622,0,20,0,20,4,0.202020202020202,0.0177749333879459,0.0199250043551927,0,0.0214437634557604,NaN,0.3,-0.0272908583187527,0.0606060606060606,0.018356150944418,0.0219005163814659,0.2,400,105,610,610,362,248,231,43,78,38,10814,0,114,114,114,114,99,99,99,99,99,0,20
LIRCMOP7_BC,1,276,105,1,0.35,105,0,0.00319872176740484,0.0108245661203552,105,20,3,0.00549651887138146,30.4761904761905,0.405158601373994,0.619391279774345,0,20,0,20,2,0.19047619047619,0.0225067124470484,0.0324884085680647,0,0.0629546726253686,NaN,0.2,-0.044841951441241,0.0857142857142857,0.0476969738460217,0.0634622423463121,0.1,400,99,598,598,353,245,204,43,82,38,8300,18,113,113,113,113,105,105,105,105,105,0,20
LIRCMOP7_BC,1,277,103,1,0.35,103,0,0.0032753481096221,0.0108866835560865,103,20,3,0.00539182327383134,31.0679611650485,0.309153026057222,0.572725647219585,0,20,0,20,4,0.194174757281553,0.0329124930833924,0.0488144261527325,0,0.0745006628042252,NaN,1,0.0293204896726136,0.0571428571428571,0.0564136656585641,0.0752976094737546,0.2,400,105,610,610,352,258,247,44,84,38,10414,26,114,114,114,114,103,103,103,103,103,0,20
LIRCMOP7_BC,1,278,109,1,0.37,109,0,0.00311960435534666,0.011584862104709,109,20,3,0.0057059100664817,29.3577981651376,0.392889084310591,0.602286239203068,0,20,0,20,20,0.18348623853211,0.0460244373301126,0.0491836061199728,0,0.0507758387319572,NaN,0.2,-0.0215820575764827,0.189189189189189,0.0486740737236061,0.0531656824268387,1,400,103,606,606,317,289,252,45,91,38,10189,44,112,112,112,112,109,109,109,109,109,0,20
LIRCMOP7_BC,1,279,99,1,0.33,99,0,0.00259003202301488,0.0093020146658435,99,20,3,0.00518243207873109,32.3232323232323,0.309153026057222,0.619391279774345,0,20,0,20,0,0.202020202020202,0.04492248192071,0.0469609497884218,0,0.0618973366220681,NaN,0.95,0.0383015917513977,0,0.0522673451556671,0.0627858010150935,0,400,109,618,618,357,261,245,44,93,38,9373,28,110,110,110,110,99,99,99,99,99,0,20
LIRCMOP7_BC,1,280,108,1,0.36,108,0,0.00253094547554517,0.00962071017953427,108,20,3,0.00565356226770664,29.6296296296296,0.299512255417228,0.606562499345887,0,20,0,20,6,0.185185185185185,0.0296522632139529,0.0325815654224856,0,0.0431865876945763,NaN,0.55,0.00981725735797795,0.166666666666667,0.0374375706424259,0.0439967296169038,0.3,400,99,598,598,348,250,249,48,92,40,8393,0,119,119,119,119,108,108,108,108,108,0,20
LIRCMOP7_BC,1,281,102,1,0.34,102,0,0.00235514569604541,0.0119586757313485,102,20,3,0.00533947547505627,31.3725490196078,0.305700022185079,0.617628564042839,0,20,0,20,8,0.196078431372549,0.0312191061807451,0.0463913671682169,0,0.0465223160579823,NaN,1,0.0472071986354584,0.147058823529412,0.0335641748236112,0.0479829146442143,0.4,400,108,616,616,359,257,205,43,100,43,8527,0,121,121,121,121,102,102,102,102,102,0,20
LIRCMOP7_BC,1,282,135,1,0.45,135,0,0.00324262662222585,0.0137828650076406,135,20,3,0.0070669528346333,23.7037037037037,0.331709435239207,0.620466280168385,0,20,0,20,6,0.148148148148148,0.0223342745253145,0.0271379881061987,0,0.0297897763240658,NaN,0.25,-0.0201219088949523,0.133333333333333,0.0268398314953439,0.0321577731818138,0.3,400,102,604,604,317,287,225,51,100,51,7930,15,153,153,153,153,135,135,135,135,135,0,20
LIRCMOP7_BC,1,283,111,1,0.37,111,0,0.00407795711234187,0.0155931267344682,111,20,3,0.00581060566403183,28.8288288288288,0.344012699214229,0.575770057517704,0,20,0,20,5,0.18018018018018,0.0184044219177876,0.0311631347168051,0,0.0311981728180805,NaN,1,0.0487229921144567,0.108108108108108,0.0232896130750646,0.0330995325094782,0.25,400,135,670,670,363,307,278,45,100,45,10749,7,132,132,132,132,111,111,111,111,111,0,20
LIRCMOP7_BC,1,284,126,1,0.42,126,0,0.00385261896474445,0.0110658332405389,126,20,3,0.00659582264565775,25.3968253968254,0.365456541736036,0.579416623203463,0,20,0,20,2,0.158730158730159,0.0101242567418336,0.0127440854057201,0,0.0228425535288232,NaN,0.65,0.0172484211965323,0.0476190476190476,0.014415288789321,0.0237732272969491,0.1,400,111,622,622,340,282,221,48,100,48,8132,11,142,142,142,142,126,126,126,126,126,0,20
LIRCMOP7_BC,1,285,126,1,0.42,126,0,0.00358570694137139,0.0123530985445983,126,20,3,0.00659582264565775,25.3968253968254,0.331709435239207,0.579416623203463,0,20,0,20,4,0.158730158730159,0.0154685249998544,0.0206235135652755,0,0.0239103125689371,NaN,0.55,0.0197362788133683,0.0952380952380952,0.0193433205068691,0.0251451745568247,0.2,400,126,652,652,330,322,266,47,100,47,12824,32,139,139,139,139,126,126,126,126,126,0,20
LIRCMOP7_BC,1,286,126,1,0.42,126,0,0.00353605175743433,0.0105014902351739,126,20,3,0.00659582264565775,25.3968253968254,0.358294322306231,0.579416623203463,0,20,0,20,5,0.158730158730159,0.0282755122312016,0.0396995850078952,0,0.0401286330038011,NaN,0.5,0.00659444846525281,0.0952380952380952,0.0312392805437211,0.0422666747279963,0.25,400,126,652,652,339,313,288,48,100,48,13981,9,143,143,143,143,126,126,126,126,126,0,20
LIRCMOP7_BC,1,287,126,1,0.42,126,0,0.00383215540379797,0.0131351691406332,126,20,3,0.00659582264565775,25.3968253968254,0.337806334025269,0.616873114443622,0,20,0,20,8,0.158730158730159,0.0279946768531554,0.0520358740427527,0,0.0520358740427527,NaN,0.65,0.0143442294413977,0.0952380952380952,0.0296208472570599,0.0528879999854545,0.4,400,126,652,652,327,325,262,48,100,48,12622,8,143,143,143,143,126,126,126,126,126,0,20
LIRCMOP7_BC,1,288,142,1,0.48,142,0,0.00454805244332516,0.0144183758496778,142,20,3,0.00743338742605873,22.5352112676056,0.301473922348539,0.52258530488379,0,20,0,20,12,0.140845070422535,0.0659229906837239,0.0984911525421512,0,0.0984911525421512,NaN,1,0.0493228445628547,0.0625,0.0663715846260089,0.0992060230450747,0.6,400,126,652,652,314,338,256,52,100,52,11145,12,155,155,155,155,142,142,142,142,142,0,20
LIRCMOP7_BC,1,289,135,1,0.45,135,0,0.00367340640124769,0.0118932945866026,135,20,3,0.0070669528346333,23.7037037037037,0.301473922348539,0.575770057517704,0,20,0,20,5,0.148148148148148,0.0372949149239225,0.0459561132192689,0,0.0459561132192689,NaN,1,0.0631113093826833,0.0666666666666667,0.042664194262037,0.0468594035459642,0.25,400,142,684,684,335,349,301,49,99,49,17725,5,145,145,145,145,135,135,135,135,135,0,20
LIRCMOP7_BC,1,290,130,1,0.44,130,0,0.00359744056689845,0.0104071705408592,130,20,3,0.006805213840758,24.6153846153846,0.340244359185437,0.575770057517704,0,20,0,20,14,0.153846153846154,0.022244199518683,0.0579859843866465,0,0.0585690413069575,NaN,1,0.0620532064442164,0.0681818181818182,0.0294095250350663,0.0594816238296474,0.7,400,135,670,670,335,335,291,47,97,47,17143,8,139,139,139,139,130,130,130,130,130,0,20
LIRCMOP7_BC,1,291,150,1,0.5,150,0,0.00378585309500112,0.0120594260075258,150,20,3,0.00785216981625923,21.3333333333333,0.348510046782894,0.598144868823542,0,20,0,20,11,0.133333333333333,0.0523070912252286,0.0757235986518557,0,0.0757235986518557,NaN,0.95,0.0703706014461407,0.06,0.0639149732522491,0.0759228102230597,0.55,400,130,660,660,354,306,228,54,100,54,7802,3,162,162,162,162,150,150,150,150,150,0,20
LIRCMOP7_BC,1,292,151,1,0.51,151,0,0.00381501894766284,0.0108489348257,151,20,3,0.00790451761503429,21.1920529801325,0.340244359185437,0.551004515941325,0,20,0,20,9,0.132450331125828,0.0468068042171259,0.0602296639102686,0,0.0796367493008948,NaN,0.9,0.0261298835528885,0.0588235294117647,0.0528265690060816,0.0812140390285284,0.45,400,150,700,700,355,345,240,53,100,53,10095,7,159,159,159,159,151,151,151,151,151,0,20
LIRCMOP7_BC,1,293,150,1,0.51,150,0,0.00321614266278713,0.00983715831656945,150,20,3,0.00785216981625923,21.3333333333333,0.344368795442403,0.616873114443622,0,20,0,20,7,0.133333333333333,0.0126310587154584,0.0252126283572382,0,0.0555612910650324,NaN,1,0.00909086600680292,0.0588235294117647,0.0227905981539314,0.0556771138492683,0.35,400,151,702,702,351,351,258,51,97,51,11374,0,153,153,153,153,150,150,150,150,150,0,20
LIRCMOP7_BC,1,294,159,1,0.53,159,0,0.00400201757225452,0.0121611208081976,159,20,3,0.00832330000523478,20.125786163522,0.344012699214229,0.616873114443622,0,20,0,20,3,0.125786163522013,0.0133812240415618,0.0212381757874,0,0.0460293368119054,NaN,1,0.466488339113615,0.0377358490566038,0.0293236961796013,0.0470862538039841,0.15,400,150,700,700,317,383,266,57,100,57,11585,3,171,171,171,171,159,159,159,159,159,0,20
LIRCMOP7_BC,1,295,151,1,0.51,151,0,0.00475771240041544,0.0132332092401957,151,20,3,0.00790451761503429,21.1920529801325,0.389155457659567,0.651967827087953,0,20,0,20,2,0.132450331125828,0.0108993756097142,0.0264977503592994,0,0.0264977503592994,NaN,1,0.208984649678379,0.0392156862745098,0.0177582480776709,0.0275773237151016,0.1,400,159,718,718,320,398,281,54,100,54,12977,16,161,161,161,161,151,151,151,151,151,0,20
LIRCMOP7_BC,1,296,177,1,0.6,177,0,0.00500308551720216,0.0155508959311588,177,20,3,0.00926556038318589,18.0790960451977,0.387152106149202,0.616873114443622,0,20,0,20,9,0.112994350282486,0.0556263796086383,0.0779322759710389,0,0.10495775162738,NaN,0.35,-0.0842458379505712,0.133333333333333,0.0775454734621271,0.105674579500264,0.45,400,151,702,702,326,376,258,62,100,62,9771,2,186,186,186,186,177,177,177,177,177,0,20
LIRCMOP7_BC,1,297,168,1,0.56,168,0,0.00437685811024604,0.0124037223363703,168,20,3,0.00879443019421033,19.047619047619,0.389155457659567,0.630439033460816,0,20,0,20,2,0.119047619047619,0.0154833170186438,0.0259286514005128,0,0.0306789009387662,NaN,0.1,-0.0833423987233773,0.0357142857142857,0.0243132392805203,0.0309380631383097,0.1,400,177,754,754,362,392,260,58,100,58,11680,0,174,174,174,174,168,168,168,168,168,0,20
LIRCMOP7_BC,1,298,177,1,0.59,177,0,0.00532242792176499,0.0152594659446692,177,20,3,0.00926556038318589,18.0790960451977,0.389155457659567,0.616873114443622,0,20,0,20,17,0.112994350282486,0.0753167213361221,0.0828062193523875,0,0.087940832934612,NaN,0.35,-0.0901085780139572,0.152542372881356,0.078505581581072,0.0883807143244517,0.85,400,168,736,736,340,396,267,62,100,62,9973,0,186,186,186,186,177,177,177,177,177,0,20
LIRCMOP7_BC,1,299,186,1,0.62,186,0,0.00387494732230508,0.0111661263329668,186,20,3,0.00973669057216144,17.2043010752688,0.389155457659567,0.684261017528659,0,20,0,20,8,0.10752688172043,0.0598031751914311,0.0887410311914071,0,0.109898365435725,NaN,0.2,-0.057768009175301,0.145161290322581,0.076643890344081,0.11027509870573,0.4,400,177,754,754,341,413,273,65,100,65,10593,0,195,195,195,195,186,186,186,186,186,0,20
LIRCMOP7_BC,1,300,171,1,0.57,171,0,0.003449988901315,0.00925916690114247,171,20,3,0.00895147359053552,18.7134502923977,0.410861122386896,0.659147708003263,0,20,0,20,10,0.116959064327485,0.0301344832230277,0.0439115744409028,0,0.050759972234678,NaN,0.2,-0.0813704203168824,0.175438596491228,0.0379665559266281,0.0509806643839173,0.5,400,186,772,772,339,433,296,61,100,61,11844,0,183,183,183,183,171,171,171,171,171,0,20
LIRCMOP7_BC,1,301,168,1,0.56,168,0,0.00453566797473857,0.0127444912686133,168,20,3,0.00879443019421033,19.047619047619,0.401923492876645,0.684261017528659,0,20,0,20,4,0.119047619047619,0.0236143347469982,0.0293926594950232,0,0.0297928131324055,NaN,0.25,-0.0565121781559207,0.107142857142857,0.0237060337430558,0.0298449942016888,0.2,400,171,742,742,326,416,277,59,100,59,11148,0,177,177,177,177,168,168,168,168,168,0,20
LIRCMOP7_BC,1,302,171,1,0.57,171,0,0.00459966457937524,0.0117243349039341,171,20,3,0.00895147359053552,18.7134502923977,0.404828544418559,0.750929552637392,0,20,0,20,1,0.116959064327485,0.0113523377504039,0.0174815403746002,0,0.0320717162418605,NaN,0.35,-0.059524001732599,0.0350877192982456,0.0186865888138913,0.0326696271183574,0.05,400,168,736,736,327,409,276,61,100,61,10641,4,183,183,183,183,171,171,171,171,171,0,20
LIRCMOP7_BC,1,303,169,1,0.57,169,0,0.00352086888738485,0.00926353504253092,169,20,3,0.0088467779929854,18.9349112426036,0.410861122386896,0.64338583505957,0,20,0,20,1,0.118343195266272,0.0168094132375005,0.0231550650020117,0,0.0459639259287875,NaN,0.25,-0.0561502132202122,0.0350877192982456,0.028536418458833,0.0467761814101412,0.05,400,171,742,742,342,400,293,63,100,63,11281,6,189,189,189,189,169,169,169,169,169,0,20
LIRCMOP7_BC,1,304,183,1,0.61,183,0,0.00319723106737974,0.0107306316246592,183,20,3,0.00957964717583626,17.4863387978142,0.410861122386896,0.677768344737835,0,20,0,20,2,0.109289617486339,0.0213345061714161,0.0293594359446755,0,0.031398475002652,NaN,0.4,-0.0347271950938092,0.0655737704918033,0.0214692071888279,0.031755799722524,0.1,400,169,738,738,352,386,290,68,100,68,10340,28,204,204,204,204,183,183,183,183,183,0,20
LIRCMOP7_BC,1,305,175,1,0.59,175,0,0.00239940130339666,0.00755321631235839,175,20,3,0.00916086478563576,18.2857142857143,0.413131088726579,0.750929552637392,0,20,0,20,4,0.114285714285714,0.0210247941055493,0.0490376051690714,0,0.0740967754061397,NaN,0.4,-0.0291081633421035,0.135593220338983,0.0236349078701571,0.0749166990912657,0.2,400,183,766,766,367,399,303,67,100,67,11529,0,201,201,201,201,175,175,175,175,175,0,20
LIRCMOP7_BC,1,306,184,1,0.62,184,0,0.00272054443570117,0.0106710864743653,184,20,3,0.00963199497461132,17.3913043478261,0.405533818966413,0.785495567790561,0,20,0,20,2,0.108695652173913,0.0221669333700158,0.0357615337981194,0,0.0422849762236383,NaN,0.6,0.0443792532714068,0.0645161290322581,0.0242817209080914,0.0427474337392309,0.1,400,175,750,750,350,400,294,68,100,68,11967,0,204,204,204,204,184,184,184,184,184,0,20
LIRCMOP7_BC,1,307,172,1,0.58,172,0,0.00334202060144973,0.0147594794459191,172,20,3,0.00900382138931058,18.6046511627907,0.387152106149202,0.823269570249361,0,20,0,20,5,0.116279069767442,0.0231314838152725,0.0315749425088291,0,0.0359086231454533,NaN,0.55,0.0391470849104822,0.103448275862069,0.0243743259674759,0.0359842893280753,0.25,400,184,768,768,362,406,319,65,100,65,14502,0,195,195,195,195,172,172,172,172,172,0,20
LIRCMOP7_BC,1,308,170,1,0.57,170,0,0.00407467547628116,0.015929077898404,170,20,3,0.00889912579176046,18.8235294117647,0.405533818966413,0.823269570249361,0,20,0,20,0,0.117647058823529,0.00748921825004549,0.0160068827891634,0,0.0183769431838456,NaN,0.75,0.0164180743474786,0,0.00920523524625976,0.0185231412277873,0,400,172,744,744,360,384,298,63,100,63,11463,12,187,187,187,187,170,170,170,170,170,0,20
LIRCMOP7_BC,1,309,186,1,0.62,186,0,0.0023744163776953,0.00913363179946787,186,20,3,0.00973669057216144,17.2043010752688,0.409456286770369,0.78129845640625,0,20,0,20,2,0.10752688172043,0.0219504444280688,0.043175093144429,0,0.0449553773266466,NaN,0.5,0.0128047243715681,0.0645161290322581,0.0312511621760314,0.0449762264152921,0.1,400,170,740,740,355,385,310,68,100,68,10969,18,204,204,204,204,186,186,186,186,186,0,20
LIRCMOP7_BC,1,310,186,1,0.62,186,0,0.00237851960039214,0.00755492732633162,186,20,3,0.00973669057216144,17.2043010752688,0.404828544418559,0.840884286244393,0,20,0,20,0,0.10752688172043,0.0150182669511684,0.0335494606381721,0,0.0346219821153271,NaN,0.65,0.0100870691190642,0,0.0170589346114262,0.0346532645036342,0,400,186,772,772,372,400,307,67,100,67,11926,12,201,201,201,201,186,186,186,186,186,0,20
LIRCMOP7_BC,1,311,180,1,0.6,180,0,0.00206117209582836,0.00713179084104373,180,20,3,0.00942260377951107,17.7777777777778,0.411996105556737,0.802284013327806,0,20,0,20,0,0.111111111111111,0.0103040076256822,0.0178682977396842,0,0.0187691865358415,NaN,0.65,0.0146903926989507,0,0.013194847025407,0.0188741704572937,0,400,186,772,772,386,386,298,67,100,67,11012,6,201,201,201,201,180,180,180,180,180,0,20
LIRCMOP7_BC,1,312,168,1,0.56,168,0,0.00232096555034037,0.00998074975057845,168,20,3,0.00879443019421033,19.047619047619,0.409456286770369,0.842841476910507,0,20,0,20,1,0.119047619047619,0.00979240188360765,0.0324664887964687,0,0.0331941629106777,NaN,0.8,0.064687496617583,0.0357142857142857,0.0111476717187173,0.0332296942063588,0.05,400,180,760,760,379,381,312,62,100,62,13938,10,186,186,186,186,168,168,168,168,168,0,20
LIRCMOP7_BC,1,313,176,1,0.6,176,0,0.00205280991790433,0.00852712580352077,176,20,3,0.00921321258441083,18.1818181818182,0.406439997786201,0.951843356169053,0,20,0,20,1,0.113636363636364,0.0105265133687332,0.020457269158938,0,0.0310899368048916,NaN,0.8,0.0417800769041301,0.0333333333333333,0.0113426554298457,0.0311330495662941,0.05,400,168,736,736,370,366,275,67,100,67,10551,2,200,200,200,200,176,176,176,176,176,0,20
LIRCMOP7_BC,1,314,177,1,0.59,177,0,0.00215916754444975,0.00822987287743004,177,20,3,0.00926556038318589,18.0790960451977,0.408051451153842,0.814875347480739,0,20,0,20,0,0.112994350282486,0.00672982991614943,0.0235719809408013,0,0.0255883304482988,NaN,0.7,0.09197697470981,0,0.00881578748706246,0.0257759454507525,0,400,176,752,752,371,381,301,64,100,64,12190,5,192,192,192,192,177,177,177,177,177,0,20
LIRCMOP7_BC,1,315,171,1,0.57,171,0,0.00248725375234577,0.00963381650623301,171,20,3,0.00895147359053552,18.7134502923977,0.37953033825093,0.823269570249361,0,20,0,20,1,0.116959064327485,0.00378909780614218,0.0187761461497113,0,0.0250463939828364,NaN,0.7,0.0672127863675825,0.0350877192982456,0.00526078536310107,0.0251304704830609,0.05,400,177,754,754,391,363,288,63,100,63,12728,0,189,189,189,189,171,171,171,171,171,0,20
LIRCMOP7_BC,1,316,165,1,0.55,165,0,0.00239558939461637,0.00936857677512591,165,20,3,0.00863738679788515,19.3939393939394,0.410861122386896,0.842841476910507,0,20,0,20,1,0.121212121212121,0.00488411847472623,0.0214879891020964,0,0.0305174740094727,NaN,0.95,0.0522267846134505,0.0363636363636364,0.00701889091693943,0.0305336294909638,0.05,400,171,742,742,372,370,268,61,100,61,11367,4,183,183,183,183,165,165,165,165,165,0,20
LIRCMOP7_BC,1,317,171,1,0.58,171,0,0.00202990880822955,0.00761991865311695,171,20,3,0.00895147359053552,18.7134502923977,0.45797708307229,0.9852210812496,0,20,0,20,3,0.116959064327485,0.00302462133838674,0.0174997894917593,0,0.0267939378969098,NaN,0.75,0.0434474588573933,0.103448275862069,0.00481898403214013,0.0272439265309771,0.15,400,165,730,730,359,371,280,64,100,64,10272,6,192,192,192,192,171,171,171,171,171,0,20
LIRCMOP7_BC,1,318,192,1,0.64,192,0,0.00211945510342417,0.00699183954497229,192,20,3,0.0100507773648118,16.6666666666667,0.425123789352955,0.924011413084616,0,20,0,20,1,0.104166666666667,0.00559867588635118,0.00982266696215549,0,0.0138394220735445,NaN,0.8,0.0590981140821665,0.03125,0.00600299644270431,0.0139190993249247,0.05,400,171,742,742,370,372,292,68,100,68,10344,0,204,204,204,204,192,192,192,192,192,0,20
LIRCMOP7_BC,1,319,201,1,0.67,201,0,0.00235859338513803,0.00751494817848612,201,20,3,0.0105219075537874,15.9203980099502,0.419745862976575,0.842841476910507,0,20,0,20,5,0.0995024875621891,0.00560735104030295,0.023251903110014,0,0.028057701002434,NaN,0.9,0.0511267713232093,0.149253731343284,0.00826667476410138,0.0285283686735232,0.25,400,192,784,784,377,407,321,71,100,71,12016,0,213,213,213,213,201,201,201,201,201,0,20
LIRCMOP7_BC,1,320,186,1,0.62,186,0,0.00226914156520203,0.00848040780217222,186,20,3,0.00973669057216144,17.2043010752688,0.419127439039767,0.924011413084616,0,20,0,20,0,0.10752688172043,0.00668667855987064,0.0118684715671326,0,0.018016395891422,NaN,0.9,0.0684307418402217,0,0.00785067645821198,0.0180986158419936,0,400,201,802,802,398,404,330,67,100,67,13733,0,201,201,201,201,186,186,186,186,186,0,20
LIRCMOP7_BC,1,321,183,1,0.61,183,0,0.00269886936844014,0.00860071476139912,183,20,3,0.00957964717583626,17.4863387978142,0.408051451153842,0.859075464145331,0,20,0,20,9,0.109289617486339,0.00130909062512524,0.00841079468743386,0,0.0143375888392095,NaN,0.9,0.0613816453169981,0.163934426229508,0.00269428598440955,0.0150909702134608,0.45,400,186,772,772,385,387,317,66,100,66,11607,1,198,198,198,198,183,183,183,183,183,0,20
LIRCMOP7_BC,1,322,174,1,0.58,174,0,0.00205880891538356,0.00722819526624265,174,20,3,0.0091085169868607,18.3908045977011,0.413011974992146,0.924011413084616,0,20,0,20,0,0.114942528735632,0.00522199204537424,0.00960363873508125,0,0.0294582874301063,NaN,0.75,0.0365471508539133,0,0.00719430039599401,0.0304230728268466,0,400,183,766,766,375,391,320,67,100,67,11862,4,201,201,201,201,174,174,174,174,174,0,20
LIRCMOP7_BC,1,323,183,1,0.61,183,0,0.00241718181907409,0.0102711040547272,183,20,3,0.00957964717583626,17.4863387978142,0.419745862976575,0.923710112598994,0,20,0,20,1,0.109289617486339,0.00354533099561067,0.00921025732402563,0,0.0242730418828606,NaN,0.75,0.0380422503376317,0.0327868852459016,0.00672188461917786,0.024941198113275,0.05,400,174,748,748,382,366,314,70,100,70,10263,4,210,210,210,210,183,183,183,183,183,0,20
LIRCMOP7_BC,1,324,180,1,0.61,180,0,0.00207610631178683,0.0072986882324284,180,20,3,0.00942260377951107,17.7777777777778,0.411876991822304,1.08738008445856,0,20,0,20,0,0.111111111111111,0.0162529048076433,0.0237793745984296,0,0.0245350098922147,NaN,0.65,0.0287346076467698,0,0.0199287607631672,0.0246212293577861,0,400,183,766,766,383,383,303,68,100,68,11864,0,204,204,204,204,180,180,180,180,180,0,20
LIRCMOP7_BC,1,325,192,1,0.64,192,0,0.00207219433242707,0.0064129882790832,192,20,3,0.0100507773648118,16.6666666666667,0.412892861257713,0.998634512238035,0,20,0,20,3,0.104166666666667,0.00951314238291679,0.0178076950200182,0,0.0258834937351827,NaN,0.85,0.0899619170048716,0.09375,0.0115130817092157,0.0259005400841363,0.15,400,180,760,760,376,384,287,70,100,70,10435,8,210,210,210,210,192,192,192,192,192,0,20
LIRCMOP7_BC,1,326,195,1,0.65,195,0,0.00192324948197277,0.00579911659773988,195,20,3,0.010207820761137,16.4102564102564,0.412892861257713,0.998634512238035,0,20,0,20,0,0.102564102564103,0.0108752254109963,0.0229973561371171,0,0.0307667885701026,NaN,0.8,0.0684417623333412,0,0.0121643230579058,0.0308016535342684,0,400,192,784,784,393,391,311,71,100,71,11119,8,213,213,213,213,195,195,195,195,195,0,20
LIRCMOP7_BC,1,327,180,1,0.6,180,0,0.00199094157876252,0.00715781967945568,180,20,3,0.00942260377951107,17.7777777777778,0.396090240052461,0.883426444997562,0,20,0,20,3,0.111111111111111,0.0151290790756587,0.0216585337287079,0,0.0437825234596459,NaN,0.7,0.0358151083348617,0.0666666666666667,0.0212677970358918,0.0438687812698759,0.15,400,195,790,790,400,390,322,67,100,67,13084,11,201,201,201,201,180,180,180,180,180,0,20
LIRCMOP7_BC,1,328,192,1,0.64,192,0,0.00202338220438865,0.00666378336458119,192,20,3,0.0100507773648118,16.6666666666667,0.410861122386896,0.924011413084616,0,20,0,20,5,0.104166666666667,0.00408783919800317,0.0168271809039159,0,0.0186048331647377,NaN,0.85,0.0526824728645111,0.09375,0.00666162583136663,0.0187991775474891,0.25,400,180,760,760,367,393,307,69,100,69,11113,8,207,207,207,207,192,192,192,192,192,0,20
LIRCMOP7_BC,1,329,201,1,0.67,201,0,0.00257838740296192,0.0080782376634238,201,20,3,0.0105219075537874,15.9203980099502,0.38412902895108,0.969491483704372,0,20,0,20,1,0.0995024875621891,0.0149511802157262,0.0249686935652852,0,0.0433078920112613,NaN,0.7,0.0472809989526597,0.0298507462686567,0.0155057434326795,0.0433389654806701,0.05,400,192,784,784,394,390,332,70,100,70,12174,27,210,210,210,210,201,201,201,201,201,0,20
LIRCMOP7_BC,1,330,189,1,0.63,189,0,0.00230222806502034,0.00773860818662308,189,20,3,0.00989373396848662,16.9312169312169,0.38412902895108,0.945549354563802,0,20,0,20,6,0.105820105820106,0.0108872819634889,0.0216684010046732,0,0.0565304721917701,NaN,0.8,0.0384756494276451,0.126984126984127,0.0269049714001028,0.0566160341365372,0.3,400,201,802,802,418,384,334,68,100,68,12744,60,204,204,204,204,189,189,189,189,189,0,20
LIRCMOP7_BC,1,331,195,1,0.65,195,0,0.00198837584229092,0.00621876019451284,195,20,3,0.010207820761137,16.4102564102564,0.410861122386896,0.998634512238035,0,20,0,20,3,0.102564102564103,0.00486562716345058,0.0174751167781665,0,0.0202960303410361,NaN,0.8,0.0514895296682052,0.0615384615384615,0.00660323140727739,0.0203855190085104,0.15,400,189,778,778,395,383,303,70,100,70,10900,60,210,210,210,210,195,195,195,195,195,0,20
LIRCMOP7_BC,1,332,180,1,0.6,180,0,0.00240141829964091,0.00843092744061903,180,20,3,0.00942260377951107,17.7777777777778,0.409456286770369,0.969491483704372,0,20,0,20,3,0.111111111111111,0.00904123593497377,0.0201767506327627,0,0.0362125883766354,NaN,0.7,0.0280334349310044,0.1,0.0106700166787544,0.0362629969949794,0.15,400,195,790,790,395,395,311,66,100,66,12186,0,198,198,198,198,180,180,180,180,180,0,20
LIRCMOP7_BC,1,333,204,1,0.68,204,0,0.00223301360508944,0.00777787960686747,204,20,3,0.0106789509501125,15.6862745098039,0.394041480954135,0.945549354563802,0,20,0,20,0,0.0980392156862745,0.00652656566882834,0.0119911342047905,0,0.0291240319300876,NaN,0.8,0.0580884312548361,0,0.0122643362795761,0.0291807968336168,0,400,180,760,760,370,390,300,74,100,74,10965,64,222,222,222,222,204,204,204,204,204,0,20
LIRCMOP7_BC,1,334,207,1,0.69,207,0,0.00220211018092771,0.00712199206198093,207,20,3,0.0108359943464377,15.4589371980676,0.412892861257713,0.964703057876258,0,20,0,20,0,0.0966183574879227,0.00663918380264195,0.0221972613936485,0,0.0221972613936485,NaN,0.8,0.0432264260509609,0,0.00690960480237526,0.0222579828835481,0,400,204,808,808,375,433,331,72,100,72,13114,16,216,216,216,216,207,207,207,207,207,0,20
LIRCMOP7_BC,1,335,201,1,0.67,201,0,0.00195177680225967,0.00589542569806285,201,20,3,0.0105219075537874,15.9203980099502,0.38412902895108,0.924011413084616,0,20,0,20,0,0.0995024875621891,0.0059673167726203,0.0209671521875947,0,0.0242635883800064,NaN,0.75,0.064343279281893,0,0.00764200037407525,0.0243833234212976,0,400,207,814,814,383,431,333,71,100,71,13251,12,213,213,213,213,201,201,201,201,201,0,20
LIRCMOP7_BC,1,336,192,1,0.64,192,0,0.00209856840306005,0.00757587159247245,192,20,3,0.0100507773648118,16.6666666666667,0.391620349118051,0.842841476910507,0,20,0,20,6,0.104166666666667,0.0120625549980587,0.0292747103309442,0,0.0633979353679898,NaN,0.55,0.0249911969031089,0.140625,0.0353223740763467,0.063486560820803,0.3,400,201,802,802,385,417,317,70,100,70,12940,0,210,210,210,210,192,192,192,192,192,0,20
LIRCMOP7_BC,1,337,201,1,0.67,201,0,0.00266899053529055,0.00821492366579988,201,20,3,0.0105219075537874,15.9203980099502,0.387152106149202,0.924011413084616,0,20,0,20,3,0.0995024875621891,0.0195195722363335,0.0328461164773794,0,0.0734946103185758,NaN,0.75,0.0352614098039476,0.0895522388059701,0.0605998963223764,0.0739425826997382,0.15,400,192,784,784,387,397,313,71,100,71,11284,0,213,213,213,213,201,201,201,201,201,0,20
LIRCMOP7_BC,1,338,204,1,0.68,204,0,0.00192068766128744,0.00679319338393804,204,20,3,0.0106789509501125,15.6862745098039,0.410861122386896,1.08738008445856,0,20,0,20,0,0.0980392156862745,0.00952034221874282,0.0235106204566145,0,0.0313665769049918,NaN,0.65,0.0316502768262398,0,0.0132984620079533,0.0318578616474915,0,400,201,802,802,374,428,329,74,100,74,12876,3,222,222,222,222,204,204,204,204,204,0,20
LIRCMOP7_BC,1,339,186,1,0.62,186,0,0.00204626831779408,0.00665591590450956,186,20,3,0.00973669057216144,17.2043010752688,0.385640567550141,0.898905696495455,0,20,0,20,13,0.10752688172043,0.0401526762175004,0.0543494115604418,0,0.0831215852230476,NaN,0.65,0.0717480980315741,0.209677419354839,0.0659031468812391,0.0832135297494779,0.65,400,204,808,808,386,422,328,68,100,68,14158,2,204,204,204,204,186,186,186,186,186,0,20
LIRCMOP7_BC,1,340,191,1,0.64,191,0,0.00219771807028503,0.00699472971320508,191,20,3,0.00999842956603675,16.7539267015707,0.387152106149202,1.12021797855371,0,20,0,20,2,0.104712041884817,0.0196040792051504,0.0241557969286343,0,0.037147484618342,NaN,0.65,0.0691929493942806,0.03125,0.0242048832727491,0.0371665765844461,0.1,400,186,772,772,350,422,299,69,100,69,12539,0,207,207,207,207,191,191,191,191,191,0,20
LIRCMOP7_BC,1,341,207,1,0.69,207,0,0.00194223301819122,0.00678787888445346,207,20,3,0.0108359943464377,15.4589371980676,0.376638090215927,1.33383527717324,0,20,0,20,9,0.0966183574879227,0.0424352066047983,0.0548590287823004,0,0.0811266244636476,NaN,0.45,-0.00761633295581088,0.202898550724638,0.0564184367846393,0.081137596424038,0.45,400,191,782,782,364,418,305,74,100,74,12013,0,222,222,222,222,207,207,207,207,207,0,20
LIRCMOP7_BC,1,342,210,1,0.7,210,0,0.00194170104372676,0.00667656782864265,210,20,3,0.0109930377427629,15.2380952380952,0.376060618206391,1.2525077764328,0,20,0,20,11,0.0952380952380952,0.0454886467732976,0.0730310008412522,0,0.0981239303121347,NaN,0.7,0.0335375244855097,0.142857142857143,0.0609798387663885,0.0981517272777641,0.55,400,207,814,814,386,428,333,75,100,75,13515,0,225,225,225,225,210,210,210,210,210,0,20
LIRCMOP7_BC,1,343,192,1,0.64,192,0,0.00206471451983029,0.0071788915445715,192,20,3,0.0100507773648118,16.6666666666667,0.376060618206391,0.998634512238035,0,20,0,20,13,0.104166666666667,0.0438034760440901,0.0641298260872152,0,0.0979302372519713,NaN,0.85,0.0586005102357914,0.1875,0.0645111840875285,0.0979707235083951,0.65,400,210,820,820,399,421,337,68,100,68,14387,4,204,204,204,204,192,192,192,192,192,0,20
LIRCMOP7_BC,1,344,228,1,0.76,228,0,0.00166666986583499,0.00553044724611724,228,20,3,0.011935298120714,14.0350877192982,0.380383559583504,1.08738008445856,0,20,0,20,1,0.087719298245614,0.0246698534958546,0.0380471766099948,0,0.0432427389915198,NaN,0.6,0.0117705153826,0.0263157894736842,0.025700829100199,0.0433752555426972,0.05,400,192,784,784,373,411,330,80,100,80,12357,2,240,240,240,240,228,228,228,228,228,0,20
LIRCMOP7_BC,1,345,219,1,0.73,219,0,0.00209734361080169,0.00798509496510168,219,20,3,0.0114641679317385,14.6118721461187,0.376638090215927,1.05553886934073,0,20,0,20,1,0.091324200913242,0.00775659459755669,0.0152164626379749,0,0.0274238084612106,NaN,0.7,0.031462959825114,0.0273972602739726,0.0112737975150565,0.0323905083829503,0.05,400,228,856,856,415,441,361,78,100,78,15225,3,234,234,234,234,219,219,219,219,219,0,20
LIRCMOP7_BC,1,346,204,1,0.68,204,0,0.0025857848459661,0.00930680402942808,204,20,3,0.0106789509501125,15.6862745098039,0.385640567550141,1.03916753597277,0,20,0,20,1,0.0980392156862745,0.0111654530844383,0.0233528267620787,0,0.0302634064641934,NaN,0.6,0.0255773019428994,0.0294117647058824,0.0136488058662204,0.0304083909232081,0.05,400,219,838,838,413,425,361,74,100,74,14119,32,222,222,222,222,204,204,204,204,204,0,20
LIRCMOP7_BC,1,347,204,1,0.68,204,0,0.0024210391628004,0.00877444678375635,204,20,3,0.0106789509501125,15.6862745098039,0.387587630604792,1.03916753597277,0,20,0,20,4,0.0980392156862745,0.0182208645624214,0.0279363106789686,0,0.0400635865061007,NaN,0.65,0.0140652439733325,0.0882352941176471,0.0298648568326299,0.0401358156330729,0.2,400,204,808,808,398,410,361,74,100,74,13602,1,222,222,222,222,204,204,204,204,204,0,20
LIRCMOP7_BC,1,348,213,1,0.71,213,0,0.00219437921674871,0.00759288000864698,213,20,3,0.0111500811390881,15.0234741784038,0.388023155060382,1.11635962652819,0,20,0,20,0,0.0938967136150235,0.014948613452484,0.0211747887889173,0,0.0250251855903891,NaN,0.65,0.0206065330474043,0,0.0159470141297692,0.025085022673623,0,400,204,808,808,420,388,354,77,100,77,12133,10,231,231,231,231,213,213,213,213,213,0,20
LIRCMOP7_BC,1,349,215,1,0.72,215,0,0.00207134651102278,0.00746664353392428,215,20,3,0.0112547767366382,14.8837209302326,0.387152106149202,0.969491483704372,0,20,0,20,0,0.0930232558139535,0.00621908225569888,0.0116195844243879,0,0.0182762255607827,NaN,0.65,0.0188040515738136,0,0.00689064426486032,0.0182762502826419,0,400,213,826,826,418,408,362,76,100,76,13946,14,228,228,228,228,215,215,215,215,215,0,20
LIRCMOP7_BC,1,350,213,1,0.71,213,0,0.00203155947803614,0.00682242324048299,213,20,3,0.0111500811390881,15.0234741784038,0.38412902895108,1.09088665443393,0,20,0,20,1,0.0938967136150235,0.00770182715775815,0.0144787708240543,0,0.0224458180768264,NaN,0.6,0.0178625506875627,0.028169014084507,0.0086294861781825,0.0225087013063732,0.05,400,215,830,830,411,419,345,75,100,75,13235,0,225,225,225,225,213,213,213,213,213,0,20
LIRCMOP7_BC,1,351,204,1,0.68,204,0,0.00204951701036314,0.00753432138327803,204,20,3,0.0106789509501125,15.6862745098039,0.370364180668783,1.05872299085251,0,20,0,20,3,0.0980392156862745,0.0173566393362688,0.0205284231717642,0,0.0352224151621529,NaN,0.75,0.0448055670398642,0.0882352941176471,0.0207586141201803,0.0352818487220155,0.15,400,213,826,826,419,407,354,73,100,73,14095,0,219,219,219,219,204,204,204,204,204,0,20
LIRCMOP7_BC,1,352,210,1,0.7,210,0,0.00216766751999794,0.00733429415642657,210,20,3,0.0109930377427629,15.2380952380952,0.38709230332279,1.03916753597277,0,20,0,20,0,0.0952380952380952,0.00923328330956311,0.0125397952050291,0,0.0166391214926797,NaN,0.65,0.0430788096973534,0,0.00930694497977349,0.016693088042079,0,400,204,808,808,398,410,326,73,100,73,12455,0,219,219,219,219,210,210,210,210,210,0,20
LIRCMOP7_BC,1,353,207,1,0.69,207,0,0.00198750209314502,0.00627945650180666,207,20,3,0.0108359943464377,15.4589371980676,0.38412902895108,1.47912632790573,0,20,0,20,1,0.0966183574879227,0.00928830005934005,0.0156312816748954,0,0.0399038178533495,NaN,0.7,0.0435400365708313,0.0289855072463768,0.0192341392247518,0.0400293215413124,0.05,400,210,820,820,414,406,339,73,100,73,13135,0,219,219,219,219,207,207,207,207,207,0,20
LIRCMOP7_BC,1,354,225,1,0.75,225,0,0.00186804876661111,0.00653265257936438,225,20,3,0.0117782547243888,14.2222222222222,0.376638090215927,1.41763546840704,0,20,0,20,0,0.0888888888888889,0.00895502133670928,0.0157651943156577,0,0.0288556043807334,NaN,0.7,0.0375861946823934,0,0.0114590081914784,0.028896409906762,0,400,207,814,814,408,406,342,77,100,77,12797,0,231,231,231,231,225,225,225,225,225,0,20
LIRCMOP7_BC,1,355,211,1,0.71,211,0,0.00204182106877159,0.00713131799683601,211,20,3,0.011045385541538,15.1658767772512,0.371779424619671,1.09890345905225,0,20,0,20,9,0.0947867298578199,0.0462467476005992,0.0629546541658602,0,0.0893180855010423,NaN,0.65,0.0303188760029288,0.126760563380282,0.0566553384752958,0.0893829407948609,0.45,400,225,850,850,426,424,349,75,100,75,15889,0,225,225,225,225,211,211,211,211,211,0,20
LIRCMOP7_BC,1,356,219,1,0.73,219,0,0.00188414767268241,0.0061722180732355,219,20,3,0.0114641679317385,14.6118721461187,0.375483146196855,0.995476229948888,0,20,0,20,1,0.091324200913242,0.0240350650821085,0.0305574696449878,0,0.0607766015400216,NaN,0.65,0.055111629939075,0.0273972602739726,0.0404594970824531,0.0608124578067446,0.05,400,211,822,822,406,416,329,77,100,77,12361,0,231,231,231,231,219,219,219,219,219,0,20
LIRCMOP7_BC,1,357,213,1,0.71,213,0,0.00200041537769949,0.00690270230458206,213,20,3,0.0111500811390881,15.0234741784038,0.375483146196855,0.983426694158052,0,20,0,20,0,0.0938967136150235,0.00957292968491718,0.0215267271671056,0,0.0239056296870095,NaN,0.6,0.00577776955869266,0,0.0123167922232763,0.0239436497854539,0,400,219,838,838,392,446,349,75,100,75,14869,0,225,225,225,225,213,213,213,213,213,0,20
LIRCMOP7_BC,1,358,213,1,0.71,213,0,0.00188859476461045,0.00664294678488886,213,20,3,0.0111500811390881,15.0234741784038,0.38412902895108,1.23433296861859,0,20,0,20,3,0.0938967136150235,0.0147053426206341,0.0283765878286812,0,0.0326784888937051,NaN,0.75,0.0337676116015858,0.0845070422535211,0.0147679817087384,0.0328118571303508,0.15,400,213,826,826,395,431,322,75,100,75,12535,0,225,225,225,225,213,213,213,213,213,0,20
LIRCMOP7_BC,1,359,192,1,0.64,192,0,0.00200148197298438,0.00632296991932976,192,20,3,0.0100507773648118,16.6666666666667,0.365292951529161,1.18850734367147,0,20,0,20,0,0.104166666666667,0.0196115137482451,0.0312320585834073,0,0.0571153891765185,NaN,0.55,0.014753834871787,0,0.0288676093350015,0.0571840025188677,0,400,213,826,826,408,418,333,68,100,68,14882,0,204,204,204,204,192,192,192,192,192,0,20
LIRCMOP7_BC,1,360,204,1,0.68,204,0,0.0018011033931391,0.00621169477028893,204,20,3,0.0106789509501125,15.6862745098039,0.373631285408263,1.02981872219912,0,20,0,20,6,0.0980392156862745,0.0288911060710789,0.0448267476603685,0,0.0722127938754301,NaN,0.8,0.0255844084116451,0.132352941176471,0.0387631905724114,0.0722737988643424,0.3,400,192,784,784,377,407,319,72,100,72,12635,4,216,216,216,216,204,204,204,204,204,0,20
LIRCMOP7_BC,1,361,198,1,0.66,198,0,0.00189999957470083,0.00644499408098911,198,20,3,0.0103648641574622,16.1616161616162,0.376060618206391,1.18850734367147,0,20,0,20,2,0.101010101010101,0.00382661370695797,0.00948076651694898,0,0.0105186411277332,NaN,0.75,0.0250430428655969,0.0606060606060606,0.0059535090176046,0.0105735626643988,0.1,400,204,808,808,390,418,328,70,100,70,13905,4,210,210,210,210,198,198,198,198,198,0,20
LIRCMOP7_BC,1,362,216,1,0.72,216,0,0.00171627204382805,0.00523474161316569,216,20,3,0.0113071245354133,14.8148148148148,0.370364180668783,1.01218665314664,0,20,0,20,3,0.0925925925925926,0.00346348412927986,0.00803920713308659,0,0.0104257463647427,NaN,0.65,0.00967603648616494,0.0833333333333333,0.00652494571005223,0.0106893838314532,0.15,400,198,796,796,370,426,308,76,100,76,11981,0,228,228,228,228,216,216,216,216,216,0,20
LIRCMOP7_BC,1,363,213,1,0.71,213,0,0.00181624478333291,0.00564594591877033,213,20,3,0.0111500811390881,15.0234741784038,0.368948936717896,1.20209048441777,0,20,0,20,1,0.0938967136150235,0.0194758419975594,0.0230460638828632,0,0.0278182723900948,NaN,0.55,0.0219261567119613,0.028169014084507,0.0208623884089205,0.028030325996506,0.05,400,216,832,832,389,443,334,74,100,74,13952,0,222,222,222,222,213,213,213,213,213,0,20
LIRCMOP7_BC,1,364,201,1,0.67,201,0,0.00210959283547549,0.00609223265047028,201,20,3,0.0105219075537874,15.9203980099502,0.352262340969285,0.969491483704372,0,20,0,20,7,0.0995024875621891,0.0266485503073076,0.0311414159428209,0,0.0410112503000915,NaN,0.65,0.0301763311341088,0.17910447761194,0.0311555170487443,0.0412990789821412,0.35,400,213,826,826,380,446,333,72,100,72,14611,0,216,216,216,216,201,201,201,201,201,0,20
LIRCMOP7_BC,1,365,216,1,0.72,216,0,0.00210734303984647,0.00719879926466098,216,20,3,0.0113071245354133,14.8148148148148,0.361718899172672,0.995476229948888,0,20,0,20,2,0.0925925925925926,0.00866247227875321,0.0135701109167739,0,0.0363274336258545,NaN,0.7,0.016039362372987,0.0416666666666667,0.0201879660064627,0.0363647785052988,0.1,400,201,802,802,369,433,333,74,100,74,13671,1,222,222,222,222,216,216,216,216,216,0,20
LIRCMOP7_BC,1,366,210,1,0.7,210,0,0.00188638301039771,0.00609769593899808,210,20,3,0.0109930377427629,15.2380952380952,0.352198419016642,1.01732188296083,0,20,0,20,5,0.0952380952380952,0.0130009350132037,0.025154529521268,0,0.0627125977272459,NaN,0.55,0.00976888024308492,0.0857142857142857,0.0416410365941698,0.0627687223204489,0.25,400,216,832,832,399,433,338,73,100,73,14563,0,219,219,219,219,210,210,210,210,210,0,20
LIRCMOP7_BC,1,367,214,1,0.72,214,0,0.00140256872680815,0.00455035041772088,214,20,3,0.0112024289378632,14.9532710280374,0.368948936717896,1.02981872219912,0,20,0,20,2,0.0934579439252336,0.00372619783366363,0.012419595265496,0,0.0129555026594787,NaN,0.7,0.025160624558969,0.0416666666666667,0.00547786203190743,0.0131185852395651,0.1,400,210,820,820,395,425,347,77,100,77,13331,1,231,231,231,231,214,214,214,214,214,0,20
LIRCMOP7_BC,1,368,231,1,0.77,231,0,0.00102853252573575,0.00272473116006728,231,20,3,0.0120923415170392,13.8528138528139,0.365132834267942,1.18850734367147,0,20,0,20,2,0.0865800865800866,0.007580717289104,0.0100927844372072,0,0.0209524546908121,NaN,0.45,-0.00412635244371534,0.051948051948052,0.00839283303505574,0.0211906251819723,0.1,400,214,828,828,402,426,352,81,100,81,13913,0,243,243,243,243,231,231,231,231,231,0,20
LIRCMOP7_BC,1,369,223,1,0.75,223,0,0.00172803663064203,0.00500907662149296,223,20,3,0.0116735591268387,14.3497757847534,0.361636966340426,1.03916753597277,0,20,0,20,8,0.0896860986547085,0.0203266313752759,0.0402711512270167,0,0.0779139806359133,NaN,0.55,0.0113024238757957,0.146666666666667,0.0483858505323244,0.0780176437069967,0.4,400,231,862,862,418,444,374,78,100,78,15964,0,234,234,234,231,223,223,223,223,223,0,20
LIRCMOP7_BC,1,370,204,1,0.68,204,0,0.0021923960562025,0.0059966958075772,204,20,3,0.0106789509501125,15.6862745098039,0.36346683313643,1.18850734367147,0,20,0,20,1,0.0980392156862745,0.00508190632004979,0.00887611679638843,0,0.0142294446039934,NaN,0.7,0.0270055977482706,0.0294117647058824,0.00850937876453222,0.0147421607496086,0.05,400,223,846,846,400,446,361,76,100,76,14514,0,228,228,228,228,204,204,204,204,204,0,20
LIRCMOP7_BC,1,371,204,1,0.68,204,0,0.00166330861687333,0.00543328365833658,204,20,3,0.0106789509501125,15.6862745098039,0.370364180668783,1.18850734367147,0,20,0,20,0,0.0980392156862745,0.00947741581489378,0.0102222315542962,0,0.0168051224736661,NaN,0.7,0.0390217684383724,0,0.0110797076192198,0.0168825045983127,0,400,204,808,808,397,411,344,73,100,73,13729,2,219,219,219,219,204,204,204,204,204,0,20
LIRCMOP7_BC,1,372,204,1,0.68,204,0,0.00165739325588036,0.00546380626496628,204,20,3,0.0106789509501125,15.6862745098039,0.379806087573967,1.25642304740295,0,20,0,20,2,0.0980392156862745,0.0170101060328142,0.019540094654536,0,0.0426895472324204,NaN,0.85,0.0577134970822036,0.0588235294117647,0.0222361578426653,0.0427182395002711,0.1,400,204,808,808,394,414,334,74,100,74,13264,2,222,222,222,222,204,204,204,204,204,0,20
LIRCMOP7_BC,1,373,210,1,0.7,210,0,0.00158817199873279,0.00488375096788231,210,20,3,0.0109930377427629,15.2380952380952,0.379806087573967,1.22246519553721,0,20,0,20,5,0.0952380952380952,0.0199363580535371,0.0265537422451712,0,0.0398221554284671,NaN,0.65,0.0333281614405718,0.0857142857142857,0.0318338718229874,0.0398617699146342,0.25,400,204,808,808,394,414,331,75,100,75,13027,0,225,225,225,225,210,210,210,210,210,0,20
LIRCMOP7_BC,1,374,204,1,0.68,204,0,0.0016058923591116,0.0047216125912836,204,20,3,0.0106789509501125,15.6862745098039,0.373631285408263,1.18850734367147,0,20,0,20,1,0.0980392156862745,0.00784785734326375,0.012408652816635,0,0.0146349371211694,NaN,0.5,-0.00327931013315955,0.0294117647058824,0.0086279970632062,0.0148869087608108,0.05,400,210,820,820,379,441,334,72,100,72,13833,4,216,216,216,216,204,204,204,204,204,0,20
LIRCMOP7_BC,1,375,216,1,0.72,216,0,0.00193619624219338,0.00550768470396519,216,20,3,0.0113071245354133,14.8148148148148,0.379806087573967,0.969491483704372,0,20,0,20,1,0.0925925925925926,0.0269152522440466,0.038201287271513,0,0.0489526563236526,NaN,0.5,0.00428404630922742,0.0277777777777778,0.0283944006909911,0.0490210873872976,0.05,400,204,808,808,370,438,331,76,100,76,13568,0,228,228,228,228,216,216,216,216,216,0,20
LIRCMOP7_BC,1,376,198,1,0.66,198,0,0.00171663905516994,0.00559701501224758,198,20,3,0.0103648641574622,16.1616161616162,0.37134686824085,0.969491483704372,0,20,0,20,2,0.101010101010101,0.0238252538780282,0.028145800104022,0,0.0407530762210363,NaN,0.45,-0.00586024615230646,0.0606060606060606,0.0284501361673429,0.040791585543902,0.1,400,216,832,832,382,450,332,73,100,73,15684,0,219,219,219,219,198,198,198,198,198,0,20
LIRCMOP7_BC,1,377,225,1,0.75,225,0,0.0023404977120301,0.00666458060190239,225,20,3,0.0117782547243888,14.2222222222222,0.370914311862029,0.969491483704372,0,20,0,20,4,0.0888888888888889,0.0269231625593998,0.0352232750274998,0,0.0398918791642809,NaN,0.65,0.030853487356713,0.0533333333333333,0.0292849360090304,0.0399648125807378,0.2,400,198,796,796,359,437,323,79,100,79,12946,0,237,237,237,237,225,225,225,225,225,0,20
LIRCMOP7_BC,1,378,210,1,0.7,210,0,0.00210077158474396,0.00613649428613223,210,20,3,0.0109930377427629,15.2380952380952,0.378562290945092,0.94656313559098,0,20,0,20,2,0.0952380952380952,0.00925131934932356,0.0193930713020205,0,0.0306261879893423,NaN,0.6,0.0207380802519323,0.0428571428571429,0.0147327440106442,0.0306487683323621,0.1,400,225,850,850,394,456,347,76,100,76,14724,0,228,228,228,228,210,210,210,210,210,0,20
LIRCMOP7_BC,1,379,219,1,0.73,219,0,0.00174793926016551,0.00528142612771326,219,20,3,0.0114641679317385,14.6118721461187,0.371779424619671,1.12877142059199,0,20,0,20,1,0.091324200913242,0.00891687963776254,0.0125951705844198,0,0.0291788934203388,NaN,0.7,0.0424357789830728,0.0273972602739726,0.00992899188342654,0.0292347842559537,0.05,400,210,820,820,374,446,333,79,100,79,14209,0,237,237,237,237,219,219,219,219,219,0,20
LIRCMOP7_BC,1,380,210,1,0.7,210,0,0.00203862898746064,0.00592026782109353,210,20,3,0.0109930377427629,15.2380952380952,0.382885232322205,1.20428553796269,0,20,0,20,0,0.0952380952380952,0.0129181794547478,0.0165968755091434,0,0.0296823430078856,NaN,0.5,0.000285978276275828,0,0.0165355135257316,0.0297389183007046,0,400,219,838,838,376,462,337,75,100,75,14452,0,225,225,225,225,210,210,210,210,210,0,20
LIRCMOP7_BC,1,381,216,1,0.72,216,0,0.00154274019985997,0.0052524590329913,216,20,3,0.0113071245354133,14.8148148148148,0.370364180668783,1.18850734367147,0,20,0,20,4,0.0925925925925926,0.0133235991006414,0.020244924034996,0,0.0488721807123434,NaN,0.75,0.0651482649829757,0.0833333333333333,0.0230991977677202,0.0489469630659403,0.2,400,210,820,820,366,454,325,78,100,78,13960,0,234,234,234,234,216,216,216,216,216,0,20
LIRCMOP7_BC,1,382,193,1,0.65,193,0,0.00182879758282501,0.00605889513707907,193,20,3,0.0101031251635869,16.580310880829,0.38412902895108,1.25642304740295,0,20,0,20,5,0.103626943005181,0.0129263372761695,0.0175473761998198,0,0.0356581550200832,NaN,0.65,0.028724197951049,0.123076923076923,0.0217209190089939,0.0357182657699924,0.25,400,216,832,832,371,461,335,73,100,73,15063,4,219,219,219,213,193,193,193,193,193,0,20
LIRCMOP7_BC,1,383,203,1,0.68,203,0,0.00169054065973799,0.00559474269208894,203,20,3,0.0106266031513375,15.7635467980296,0.375483146196855,1.18850734367147,0,20,0,20,4,0.0985221674876847,0.0444223341372246,0.0509159436108819,0,0.0633874086171162,NaN,0.85,0.0769109533409469,0.102941176470588,0.0528417653050166,0.0635466817972162,0.2,400,193,786,786,357,429,302,71,100,71,13522,2,213,213,213,213,203,203,203,203,203,0,20
LIRCMOP7_BC,1,384,216,1,0.72,216,0,0.00188933831114608,0.00588236472992875,216,20,3,0.0113071245354133,14.8148148148148,0.390209769372037,1.19959238722985,0,20,0,20,2,0.0925925925925926,0.0229715177220812,0.0329133246022707,0,0.0332266271302612,NaN,0.8,0.0801136151687583,0.0555555555555556,0.0255810210460968,0.0332691608668239,0.1,400,203,806,806,378,428,327,75,100,75,13115,0,225,225,225,225,216,216,216,216,216,0,20
LIRCMOP7_BC,1,385,204,1,0.68,204,0,0.00177837604203324,0.00486244477960298,204,20,3,0.0106789509501125,15.6862745098039,0.380331984736304,1.18850734367147,0,20,0,20,4,0.0980392156862745,0.0304739642495853,0.035746073549306,0,0.0444861935240212,NaN,0.5,-0.00143209769165342,0.0882352941176471,0.031683954563934,0.0445047855025011,0.2,400,216,832,832,387,445,340,72,100,72,15425,0,216,216,216,216,204,204,204,204,204,0,20
LIRCMOP7_BC,1,386,213,1,0.71,213,0,0.0017191494617197,0.00455096356857381,213,20,3,0.0111500811390881,15.0234741784038,0.376534940521529,1.19072435238315,0,20,0,20,2,0.0938967136150235,0.0200558377261873,0.0248503951599016,0,0.0600562957432022,NaN,0.95,0.0699551251519726,0.0563380281690141,0.0431049277095604,0.0601204475785877,0.1,400,204,808,808,367,441,319,75,100,75,13110,0,225,225,225,225,213,213,213,213,213,0,20
LIRCMOP7_BC,1,387,207,1,0.69,207,0,0.00189896618399822,0.00532171822246821,207,20,3,0.0108359943464377,15.4589371980676,0.375483146196855,1.2159694632491,0,20,0,20,2,0.0966183574879227,0.00970352433244033,0.0137048128341388,0,0.0361590864726184,NaN,0.6,0.0131014717240382,0.0434782608695652,0.0215237358849538,0.0361948861271951,0.1,400,213,826,826,375,451,335,72,100,72,14594,0,216,216,216,216,207,207,207,207,207,0,20
LIRCMOP7_BC,1,388,210,1,0.7,210,0,0.00175560730386055,0.00502520215469611,210,20,3,0.0109930377427629,15.2380952380952,0.377558996218497,1.19959238722985,0,20,0,20,0,0.0952380952380952,0.00853986835856228,0.0111540823479205,0,0.0210856430050843,NaN,0.8,0.0761711128964427,0,0.00976993896285783,0.0211334440222677,0,400,207,814,814,377,437,316,72,100,72,13051,5,216,216,216,216,210,210,210,210,210,0,20
LIRCMOP7_BC,1,389,208,1,0.7,208,0,0.00165203808680817,0.00499964378835322,208,20,3,0.0108883421452128,15.3846153846154,0.368948936717896,1.15511436682075,0,20,0,20,1,0.0961538461538462,0.0180647631106049,0.0232206542378128,0,0.0399146607883243,NaN,0.5,0.00762267621747348,0.0285714285714286,0.0276458137614244,0.0400234125597949,0.05,400,210,820,820,377,443,329,74,100,74,15021,0,222,222,222,222,208,208,208,208,208,0,20
LIRCMOP7_BC,1,390,210,1,0.7,210,0,0.00188028467895922,0.00543490334482841,210,20,3,0.0109930377427629,15.2380952380952,0.373631285408263,1.1328523822536,0,20,0,20,2,0.0952380952380952,0.0129880718273252,0.0161203846057597,0,0.0363509484985725,NaN,0.75,0.0805631944616909,0.0571428571428571,0.0298631504208643,0.0364998296917106,0.1,400,208,816,816,363,453,331,73,100,73,13836,6,219,219,219,219,210,210,210,210,210,0,20
LIRCMOP7_BC,1,391,210,1,0.7,210,0,0.00177955884728581,0.00551014491791489,210,20,3,0.0109930377427629,15.2380952380952,0.370364180668783,1.1328523822536,0,20,0,20,7,0.0952380952380952,0.00781330709124086,0.0199858525131442,0,0.0597852843745949,NaN,0.65,0.0220857579620182,0.114285714285714,0.0379254290287496,0.0599786876307275,0.35,400,210,820,820,370,450,330,74,100,74,15142,7,222,222,222,222,210,210,210,210,210,0,20
LIRCMOP7_BC,1,392,234,1,0.78,234,0,0.00220795149684632,0.00664355678687118,234,20,3,0.0122493849133644,13.6752136752137,0.376009043359192,1.19959238722985,0,20,0,20,1,0.0854700854700855,0.007056265686339,0.0152529012784201,0,0.0188921316316976,NaN,0.6,0.0365252448055312,0.0256410256410256,0.0109216517047787,0.0190308679464271,0.05,400,210,820,820,375,445,333,80,100,80,13315,0,240,240,240,240,234,234,234,234,234,0,20
LIRCMOP7_BC,1,393,202,1,0.68,202,0,0.00166060260154635,0.0049572551060551,202,20,3,0.0105742553525624,15.8415841584158,0.375483146196855,1.19959238722985,0,20,0,20,2,0.099009900990099,0.019414357107721,0.0271210820147019,0,0.0310204862510003,NaN,0.55,0.0169131849895713,0.0588235294117647,0.0206384684947564,0.031082697654288,0.1,400,234,868,868,397,471,343,72,100,72,16000,0,216,216,216,216,202,202,202,202,202,0,20
LIRCMOP7_BC,1,394,206,1,0.69,206,0,0.00173031686060029,0.00515940819797681,206,20,3,0.0107836465476627,15.5339805825243,0.375483146196855,1.2180165977515,0,20,0,20,1,0.0970873786407767,0.0174631004153656,0.0229401254403389,0,0.0250550150202032,NaN,0.75,0.0431386587736316,0.0289855072463768,0.0205556404682492,0.0253293414625125,0.05,400,202,804,804,363,441,322,73,100,73,13436,0,219,219,219,219,206,206,206,206,206,0,20
LIRCMOP7_BC,1,395,214,1,0.72,214,0,0.00166513679329539,0.00499240335752072,214,20,3,0.0112024289378632,14.9532710280374,0.371779424619671,1.19483246985832,0,20,0,20,2,0.0934579439252336,0.00321902893461559,0.00502400862396619,0,0.00694383722217419,NaN,0.6,0.0530154746732405,0.0555555555555556,0.00445278501976296,0.00712919109754544,0.1,400,206,812,812,383,429,337,75,100,75,13554,3,225,225,225,225,214,214,214,214,214,0,20
LIRCMOP7_BC,1,396,216,1,0.72,216,0,0.00199447625939163,0.00563623529843045,216,20,3,0.0113071245354133,14.8148148148148,0.379806087573967,1.56245755217586,0,20,0,20,1,0.0925925925925926,0.0186183809736272,0.0280111582377312,0,0.0297704926041723,NaN,0.75,0.0479085011210971,0.0277777777777778,0.0230069520340311,0.0298197456461392,0.05,400,214,828,828,391,437,333,76,100,76,13546,0,228,228,228,228,216,216,216,216,216,0,20
LIRCMOP7_BC,1,397,216,1,0.72,216,0,0.00192970429760547,0.0054448170369895,216,20,3,0.0113071245354133,14.8148148148148,0.3717853718878,1.56245755217586,0,20,0,20,2,0.0925925925925926,0.0179832626302638,0.0231949151456452,0,0.0389325951700698,NaN,0.6,0.00526177918292775,0.0555555555555556,0.0259245020040417,0.0390427901715846,0.1,400,216,832,832,391,441,343,76,100,76,14616,0,228,228,228,228,216,216,216,216,216,0,20
LIRCMOP7_BC,1,398,220,1,0.74,220,0,0.00191959850823956,0.00615652071634514,220,20,3,0.0115165157305135,14.5454545454545,0.38412902895108,1.56245755217586,0,20,0,20,2,0.0909090909090909,0.0289959095889659,0.0327789306742174,0,0.0646674371978556,NaN,0.8,0.0597544613374529,0.0540540540540541,0.0512595281038809,0.0647342830869595,0.1,400,216,832,832,401,431,351,78,100,78,13690,4,234,234,234,234,220,220,220,220,220,0,20
LIRCMOP7_BC,1,399,234,1,0.78,234,0,0.00243029682301956,0.00734595428306385,234,20,3,0.0122493849133644,13.6752136752137,0.373634259042327,1.56245755217586,0,20,0,20,2,0.0854700854700855,0.00970819665710936,0.0106762576433703,0,0.0327286398658097,NaN,0.85,0.0612381799025606,0.0512820512820513,0.0178020788022454,0.0327970044222437,0.1,400,220,840,840,407,433,353,82,100,82,13691,0,246,246,246,246,234,234,234,234,234,0,20
LIRCMOP7_BC,1,400,213,1,0.71,213,0,0.00188392775496368,0.00581739451510358,213,20,3,0.0111500811390881,15.0234741784038,0.3717853718878,1.32054657059618,0,20,0,20,4,0.0938967136150235,0.0148261710127144,0.0238108845023762,0,0.0481658082542625,NaN,0.4,-0.039878617802005,0.0704225352112676,0.0294371345914013,0.0482118422573644,0.2,400,234,868,868,414,454,361,75,100,75,16177,0,225,225,225,225,213,213,213,213,213,0,20
LIRCMOP7_BC,1,401,228,1,0.76,228,0,0.00174185065303688,0.00428611851115455,228,20,3,0.011935298120714,14.0350877192982,0.373634259042327,1.56245755217586,0,20,0,20,0,0.087719298245614,0.00782899459734237,0.0139469687894675,0,0.0186227513624984,NaN,0.9,0.0699569830069708,0,0.00956733581728848,0.0186544795451755,0,400,213,826,826,397,429,349,79,100,79,13845,17,237,237,237,237,228,228,228,228,228,0,20
LIRCMOP7_BC,1,402,210,1,0.7,210,0,0.00188909539945883,0.00565225275268394,210,20,3,0.0109930377427629,15.2380952380952,0.373634259042327,1.60516040230215,0,20,0,20,3,0.0952380952380952,0.019800201857579,0.0320002204454165,0,0.0375238402054084,NaN,0.55,0.0115596048355571,0.0571428571428571,0.0249777631271116,0.0376146415272983,0.15,400,228,856,856,412,444,351,74,100,74,15371,0,222,222,222,222,210,210,210,210,210,0,20
LIRCMOP7_BC,1,403,219,1,0.73,219,0,0.00169294125200308,0.00481259164155779,219,20,3,0.0114641679317385,14.6118721461187,0.375483146196855,1.78490812526211,0,20,0,20,5,0.091324200913242,0.019812388415001,0.0225841424936992,0,0.0401652753220595,NaN,0.4,-0.00418485530314722,0.10958904109589,0.0294001830845929,0.0406025303711218,0.25,400,210,820,820,392,428,339,77,100,77,13391,6,231,231,231,231,219,219,219,219,219,0,20
LIRCMOP7_BC,1,404,201,1,0.67,201,0,0.00155915490370759,0.00462430053241392,201,20,3,0.0105219075537874,15.9203980099502,0.375483146196855,1.96058953049282,0,20,0,20,1,0.0995024875621891,0.00729998003774992,0.0102447065068278,0,0.0297641758526707,NaN,0.65,0.0536794437517548,0.0298507462686567,0.0135865972247698,0.0298038509909964,0.05,400,219,838,838,405,433,347,73,100,73,14451,0,219,219,219,219,201,201,201,201,201,0,20
LIRCMOP7_BC,1,405,240,1,0.8,240,0,0.00199749742296816,0.00540053766330056,240,20,3,0.0125634717060148,13.3333333333333,0.379831687869738,1.88389005262152,0,20,0,20,1,0.0833333333333333,0.00803789178802408,0.0100294025785537,0,0.0250376011919187,NaN,0.6,0.0239832995259469,0.025,0.0149743288367054,0.0251096296029375,0.05,400,201,802,802,375,427,327,83,100,83,12588,0,249,249,249,249,240,240,240,240,240,0,20
LIRCMOP7_BC,1,406,216,1,0.72,216,0,0.00180226364929278,0.00563678896647301,216,20,3,0.0113071245354133,14.8148148148148,0.390235369667807,1.78490812526211,0,20,0,20,4,0.0925925925925926,0.0111604336541908,0.0279633938523653,0,0.0503389898297929,NaN,0.7,0.035262860020353,0.111111111111111,0.0221265917678324,0.0503552345489281,0.2,400,240,880,880,419,461,373,76,100,76,16798,0,228,228,228,228,216,216,216,216,216,0,20
LIRCMOP7_BC,1,407,222,1,0.74,222,0,0.00195357339983318,0.00576707778461075,222,20,3,0.0116212113280637,14.4144144144144,0.373634259042327,1.80839316005052,0,20,0,20,3,0.0900900900900901,0.019909988494718,0.0328230455659804,0,0.0585090238784893,NaN,0.6,0.0295586716725176,0.0810810810810811,0.0349171589019077,0.0585614950892568,0.15,400,216,832,832,396,436,340,78,100,78,14096,0,234,234,234,234,222,222,222,222,222,0,20
LIRCMOP7_BC,1,408,216,1,0.72,216,0,0.00175807863267485,0.00577829429846956,216,20,3,0.0113071245354133,14.8148148148148,0.373634259042327,1.95938694519251,0,20,0,20,0,0.0925925925925926,0.00742522173969212,0.0134509091870266,0,0.0201582024954932,NaN,0.75,0.0703744878508698,0,0.00845861421088004,0.0201806203957134,0,400,222,844,844,388,456,347,76,100,76,14952,0,228,228,228,228,216,216,216,216,216,0,20
LIRCMOP7_BC,1,409,225,1,0.75,225,0,0.00182168081515588,0.00529007389171425,225,20,3,0.0117782547243888,14.2222222222222,0.410861122386896,1.96058953049282,0,20,0,20,0,0.0888888888888889,0.00808655536144863,0.00918661331173968,0,0.0195677941954679,NaN,0.8,0.038459494803475,0,0.009336700359942,0.0196171074639954,0,400,216,832,832,383,449,338,79,100,79,13823,0,237,237,237,237,225,225,225,225,225,0,20
LIRCMOP7_BC,1,410,223,1,0.75,223,0,0.00207509244877483,0.00606013951918909,223,20,3,0.0116735591268387,14.3497757847534,0.410861122386896,1.95938694519251,0,20,0,20,2,0.0896860986547085,0.0064828450290672,0.00756990398333072,0,0.0212584233346436,NaN,0.85,0.0343797130059021,0.0533333333333333,0.00940100172987503,0.021344131560093,0.1,400,225,850,850,389,461,340,79,100,79,14442,0,237,237,237,237,223,223,223,223,223,0,20
LIRCMOP7_BC,1,411,218,1,0.73,218,0,0.00159277863990586,0.0048394678412834,218,20,3,0.0114118201329634,14.6788990825688,0.376534940521529,1.96058953049282,0,20,0,20,2,0.0917431192660551,0.0178683107415182,0.0220732680149091,0,0.0355269358957029,NaN,0.35,-0.0163812881123315,0.0273972602739726,0.0226917189094818,0.0356589883747082,0.1,400,223,846,846,389,457,335,77,100,77,14627,0,231,231,231,231,218,218,218,218,218,0,20
LIRCMOP7_BC,1,412,225,1,0.75,225,0,0.00162801721834744,0.00486509496167679,225,20,3,0.0117782547243888,14.2222222222222,0.396290509792993,1.96058953049282,0,20,0,20,4,0.0888888888888889,0.0128502756984777,0.0224758347221588,0,0.0432936917078271,NaN,0.6,0.0128789360196427,0.106666666666667,0.0268188829862029,0.0433287784731829,0.2,400,218,836,836,368,468,332,79,100,79,14659,0,237,237,237,237,225,225,225,225,225,0,20
LIRCMOP7_BC,1,413,228,1,0.76,228,0,0.00202202001509981,0.00599324622434734,228,20,3,0.011935298120714,14.0350877192982,0.376009043359192,1.80839316005052,0,20,0,20,2,0.087719298245614,0.00814454382540971,0.0106530801437744,0,0.0242670675713216,NaN,0.5,0.00336134288284767,0.0394736842105263,0.0107581976459535,0.0243103424412392,0.1,400,225,850,850,377,473,338,80,100,80,14886,0,240,240,240,240,228,228,228,228,228,0,20
LIRCMOP7_BC,1,414,228,1,0.76,228,0,0.00173293526728877,0.00540618828131873,228,20,3,0.011935298120714,14.0350877192982,0.376009043359192,1.4254126793422,0,20,0,20,0,0.087719298245614,0.0181466014788192,0.0229805417845866,0,0.0377908910759762,NaN,0.75,0.0283598111994133,0,0.0242736881071913,0.0378133140125089,0,400,228,856,856,377,479,343,80,100,80,15628,9,240,240,240,240,228,228,228,228,228,0,20
LIRCMOP7_BC,1,415,222,1,0.74,222,0,0.00153815784802785,0.00475936544743654,222,20,3,0.0116212113280637,14.4144144144144,0.380357585032075,1.4254126793422,0,20,0,20,2,0.0900900900900901,0.0145385659271941,0.0186988687496709,0,0.0422247117840948,NaN,0.75,0.069755692478364,0.0540540540540541,0.021886631198406,0.0423008337108006,0.1,400,228,856,856,376,480,344,79,100,79,15561,1,237,237,237,234,222,222,222,222,222,0,20
LIRCMOP7_BC,1,416,222,1,0.74,222,0,0.00157056694707917,0.00474100607585081,222,20,3,0.0116212113280637,14.4144144144144,0.401717319869199,1.51169029676852,0,20,0,20,3,0.0900900900900901,0.0121251943898458,0.0232710049923878,0,0.0388953568607183,NaN,0.85,0.0835170451228934,0.0810810810810811,0.0185186598854065,0.0389047645703262,0.15,400,222,844,844,377,467,333,78,100,78,14657,0,234,234,234,234,222,222,222,222,222,0,20
LIRCMOP7_BC,1,417,222,1,0.74,222,0,0.00170890098818262,0.00565866847783808,222,20,3,0.0116212113280637,14.4144144144144,0.376009043359192,1.4254126793422,0,20,0,20,2,0.0900900900900901,0.0213679318260355,0.0322866573463209,0,0.0345627664914523,NaN,0.7,0.0176784660104342,0.0540540540540541,0.0270063871187155,0.0348165625877789,0.1,400,222,844,844,378,466,335,77,100,77,14835,0,231,231,231,231,222,222,222,222,222,0,20
LIRCMOP7_BC,1,418,242,1,0.81,242,0,0.00235592685765478,0.00763797023449204,242,20,3,0.0126681673035649,13.2231404958678,0.401225554467187,1.58589807073396,0,19,1,20,13,0.0826446280991736,0.0488222423677523,0.0712941916255214,0,0.0997559076290149,NaN,0.8,0.0573958320531086,0.197530864197531,0.0876252938662896,0.0998128883134804,0.65,400,222,844,844,375,469,332,84,100,84,14187,3,252,252,252,252,242,242,242,242,242,0,20
LIRCMOP7_BC,1,419,223,1,0.75,223,0,0.00208641616078757,0.00629761953500942,223,20,3,0.0116735591268387,14.3497757847534,0.396290509792993,1.4254126793422,0,20,0,20,11,0.0896860986547085,0.036134703589615,0.0862967075496616,0,0.120933910576015,NaN,0.7,0.0481247948579285,0.186666666666667,0.060730946143636,0.120988021654652,0.55,400,242,884,884,389,495,341,76,100,76,16150,0,228,228,228,228,223,223,223,223,223,0,20
LIRCMOP7_BC,1,420,225,1,0.75,225,0,0.00188920434449711,0.00540079178867039,225,20,3,0.0117782547243888,14.2222222222222,0.376534940521529,1.95938694519251,0,20,0,20,0,0.0888888888888889,0.0200119788989368,0.0285858477349258,0,0.0353902702588609,NaN,0.4,-0.0186519997176732,0,0.0258164778375462,0.0355443410884575,0,400,223,846,846,380,466,324,76,100,76,15264,0,228,228,228,228,225,225,225,225,225,0,20
LIRCMOP7_BC,1,421,243,1,0.81,243,0,0.00236895215770487,0.00698582879707148,243,20,3,0.0127205151023399,13.1687242798354,0.384180229542622,1.95962746225257,0,19,1,20,2,0.0823045267489712,0.017987764882925,0.0353726146910604,0,0.036922453535594,NaN,0.4,-0.0213203865275882,0.0493827160493827,0.0244927093095755,0.0369703566533829,0.1,400,225,850,850,372,478,334,82,100,82,14475,0,246,246,246,246,243,243,243,243,243,0,20
LIRCMOP7_BC,1,422,217,1,0.73,217,0,0.00178988602995697,0.00532538732366327,217,20,3,0.0113594723341883,14.7465437788018,0.375483146196855,1.4254126793422,0,20,0,20,2,0.0921658986175115,0.0160988707038815,0.020484607882463,0,0.0476178082967124,NaN,0.6,0.0414573301039944,0.0547945205479452,0.0338273217340265,0.0476798200687907,0.1,400,243,886,886,405,481,355,73,100,73,16513,0,219,219,219,219,217,217,217,217,217,0,20
LIRCMOP7_BC,1,423,210,1,0.71,210,0,0.00170324862542892,0.00545382107777986,210,20,3,0.0109930377427629,15.2380952380952,0.419041750813995,1.69288833166179,0,20,0,20,0,0.0952380952380952,0.00728632782951322,0.00971850937261495,0,0.0131793132330931,NaN,0.5,-0.00620370379119703,0,0.00769007556164016,0.0132367252534455,0,400,217,834,834,363,471,324,74,100,74,15385,1,222,222,222,222,210,210,210,210,210,0,20
LIRCMOP7_BC,1,424,249,1,0.83,249,0,0.00245064106718243,0.00723175662491357,249,20,3,0.0130346018949903,12.85140562249,0.384180229542622,1.4254126793422,0,17,3,20,2,0.0803212851405622,0.023849353444249,0.0347944630813596,0,0.0402148774331775,NaN,0.7,0.0320519726511174,0.0481927710843374,0.0340149153667838,0.0402861040375652,0.1,400,210,820,820,352,468,318,84,100,84,13659,0,252,252,252,252,249,249,249,249,249,0,20
LIRCMOP7_BC,1,425,234,1,0.78,234,0,0.00241059263192667,0.0069484436052679,234,20,3,0.0122493849133644,13.6752136752137,0.401717319869199,1.95938694519251,0,20,0,20,0,0.0854700854700855,0.0143810930079271,0.018327963630342,0,0.0212453271451379,NaN,0.85,0.0403923888638218,0,0.0160244313737693,0.0214363891233922,0,400,249,898,898,393,505,353,79,100,79,16621,0,237,237,237,237,234,234,234,234,234,0,20
LIRCMOP7_BC,1,426,219,1,0.73,219,0,0.00177764957461387,0.00527894980600386,219,20,3,0.0114641679317385,14.6118721461187,0.396290509792993,1.4254126793422,0,20,0,20,0,0.091324200913242,0.00770824883744481,0.0104875123992832,0,0.0285297074389162,NaN,0.85,0.0523993400195781,0,0.0124278210171791,0.0286041013795514,0,400,234,868,868,381,487,347,76,100,76,16517,0,228,228,228,228,219,219,219,219,219,0,20
LIRCMOP7_BC,1,427,234,1,0.78,234,0,0.00176297687154615,0.00470739911920311,234,20,3,0.0122493849133644,13.6752136752137,0.39875803213009,1.95938694519251,0,20,0,20,0,0.0854700854700855,0.0106972684815907,0.0132615863028124,0,0.0207768935426486,NaN,0.5,0.00247014994505085,0,0.0124723936693706,0.0208900783351463,0,400,219,838,838,371,467,331,79,100,79,14563,6,237,237,237,237,234,234,234,234,234,0,20
LIRCMOP7_BC,1,428,231,1,0.77,231,0,0.00177477553120176,0.00545220410224201,231,20,3,0.0120923415170392,13.8528138528139,0.401225554467187,1.4254126793422,0,20,0,20,0,0.0865800865800866,0.00748013513396053,0.0156909421928974,0,0.0195887608802517,NaN,0.55,0.0101397177095132,0,0.00882077553314798,0.0196626224897525,0,400,234,868,868,384,484,345,80,100,80,15899,6,240,240,240,237,231,231,231,231,231,0,20
LIRCMOP7_BC,1,429,231,1,0.77,231,0,0.00176464871876894,0.00516274219891721,231,20,3,0.0120923415170392,13.8528138528139,0.402209085271211,1.95938694519251,0,20,0,20,0,0.0865800865800866,0.00813890160347691,0.0149072254742297,0,0.0257312632136595,NaN,0.6,0.0124691228560316,0,0.0147372555325747,0.0259367429130533,0,400,231,862,862,393,469,345,80,100,80,15301,0,240,240,240,240,231,231,231,231,231,0,20
LIRCMOP7_BC,1,430,216,1,0.72,216,0,0.00164817481828599,0.00490596377582541,216,20,3,0.0113071245354133,14.8148148148148,0.435489103858733,1.10079678139215,0,20,0,20,2,0.0925925925925926,0.00714678454032232,0.0215592038783959,0,0.0271735148301671,NaN,0.65,0.0167404103567163,0.0555555555555556,0.0114444815157793,0.0274160541822898,0.1,400,231,862,862,376,486,340,75,100,75,16979,0,225,225,225,225,216,216,216,216,216,0,20
LIRCMOP7_BC,1,431,225,1,0.75,225,0,0.00217850174470693,0.00639602940834007,225,20,3,0.0117782547243888,14.2222222222222,0.422921992333234,1.23536528142854,0,20,0,20,0,0.0888888888888889,0.010689398512193,0.0190195147414656,0,0.0297352864062768,NaN,0.65,0.0145940871194422,0,0.0179952081931839,0.0298637663642836,0,400,216,832,832,368,464,325,79,100,79,14361,0,237,237,237,237,225,225,225,225,225,0,20
LIRCMOP7_BC,1,432,221,1,0.74,221,0,0.001980365592542,0.00601826008139342,221,20,3,0.0115688635292886,14.4796380090498,0.434120260556664,1.23536528142854,0,20,0,20,2,0.0904977375565611,0.0135153949060323,0.0214640051972561,0,0.025728304118489,NaN,0.7,0.0394832484894308,0.0540540540540541,0.0143936078233944,0.0257840286704851,0.1,400,225,850,850,359,491,331,77,100,77,15180,0,231,231,231,231,221,221,221,221,221,0,20
LIRCMOP7_BC,1,433,215,1,0.72,215,0,0.00170836432681148,0.00537344130424578,215,20,3,0.0112547767366382,14.8837209302326,0.436857947160802,1.80839316005052,0,20,0,20,0,0.0930232558139535,0.0043528952580721,0.0083822326618736,0,0.0087150551081352,NaN,0.85,0.0385496554298736,0,0.00556591315877202,0.00886917116028057,0,400,221,842,842,355,487,328,76,100,76,15885,0,228,228,228,228,215,215,215,215,215,0,20
LIRCMOP7_BC,1,434,252,1,0.84,252,0,0.00205618104920074,0.00660106824515301,252,20,3,0.0131916452913155,12.6984126984127,0.40579956523103,1.95938694519251,0,16,4,20,6,0.0793650793650794,0.0112177985070657,0.0175592454769295,0,0.0438565139503118,NaN,0.6,0.0406759061314472,0.142857142857143,0.0382089437399874,0.0439435590816508,0.3,400,215,830,830,366,464,330,84,100,84,13691,0,252,252,252,252,252,252,252,252,252,0,20
LIRCMOP7_BC,1,435,213,1,0.71,213,0,0.00167951177122288,0.00528766471542485,213,20,3,0.0111500811390881,15.0234741784038,0.436857947160802,1.10079678139215,0,20,0,20,0,0.0938967136150235,0.0132201171991494,0.0151779762211759,0,0.0290964923878936,NaN,0.5,-0.0053770750382896,0,0.0229358735543184,0.0291548335667582,0,400,252,904,904,404,500,361,75,100,75,18733,0,225,225,225,225,213,213,213,213,213,0,20
LIRCMOP7_BC,1,436,207,1,0.69,207,0,0.0016928781536361,0.00469971802674313,207,20,3,0.0108359943464377,15.4589371980676,0.442998555318809,1.20845158142127,0,20,0,20,4,0.0966183574879227,0.0250228135387205,0.0367824540959778,0,0.042176863206753,NaN,0.65,0.0192442067565123,0.101449275362319,0.0314713391365263,0.0423243167034622,0.2,400,213,826,826,371,455,326,75,100,75,14433,0,225,225,225,222,207,207,207,207,207,0,20
LIRCMOP7_BC,1,437,225,1,0.75,225,0,0.00195506464051766,0.00636780946885058,225,20,3,0.0117782547243888,14.2222222222222,0.434120260556664,1.07719742083573,0,20,0,20,0,0.0888888888888889,0.00570658412410464,0.0126372068449898,0,0.0152887819426198,NaN,0.8,0.0278165876907499,0,0.00844804770631897,0.015507152868326,0,400,207,814,814,361,453,319,78,100,78,13566,6,234,234,234,234,225,225,225,225,225,0,20
LIRCMOP7_BC,1,438,214,1,0.72,214,0,0.00187278085487822,0.0063788621428894,214,20,3,0.0112024289378632,14.9532710280374,0.436857947160802,1.23536528142854,0,20,0,20,2,0.0934579439252336,0.00823500837707408,0.0119789152735213,0,0.0139679823627067,NaN,0.5,0.00264366683714598,0.0555555555555556,0.0086104354764222,0.0140684325825645,0.1,400,225,850,850,375,475,336,74,100,74,14931,0,222,222,222,222,214,214,214,214,214,0,20
LIRCMOP7_BC,1,439,210,1,0.7,210,0,0.00175867727571287,0.00586032341854827,210,20,3,0.0109930377427629,15.2380952380952,0.419740332537517,1.20721174829175,0,20,0,20,1,0.0952380952380952,0.0146438626609435,0.0226985711833228,0,0.030316467979665,NaN,0.4,-0.0258109402400043,0.0285714285714286,0.023959274210992,0.0303770760592155,0.05,400,214,828,828,375,453,334,73,100,73,14507,0,219,219,219,219,210,210,210,210,210,0,20
LIRCMOP7_BC,1,440,228,1,0.76,228,0,0.00173616482222204,0.00553873982672088,228,20,3,0.011935298120714,14.0350877192982,0.421548336552245,1.23536528142854,0,20,0,20,6,0.087719298245614,0.0100938028774486,0.0138496572679281,0,0.0453618266030255,NaN,0.55,0.00609169860828382,0.144736842105263,0.0232921450522129,0.0456248364103302,0.3,400,210,820,820,376,444,329,79,100,79,13294,0,237,237,237,237,228,228,228,228,228,0,20
LIRCMOP7_BC,1,441,223,1,0.75,223,0,0.00185866597000367,0.00562490605744227,223,20,3,0.0116735591268387,14.3497757847534,0.424390663543059,1.23536528142854,0,20,0,20,1,0.0896860986547085,0.0094685903500413,0.0169422541725372,0,0.02400168351504,NaN,0.35,-0.0302853837962154,0.0266666666666667,0.00999146466078254,0.0240150218844059,0.05,400,228,856,856,382,474,345,77,100,77,16094,7,231,231,231,231,223,223,223,223,223,0,20
LIRCMOP7_BC,1,442,218,1,0.73,218,0,0.00200131264199497,0.0061282391203107,218,20,3,0.0114118201329634,14.6788990825688,0.436857947160802,1.23536528142854,0,20,0,20,4,0.0917431192660551,0.0219744421299285,0.0354500300492278,0,0.0380066925992322,NaN,0.5,-0.0118513958583189,0.10958904109589,0.029083730345756,0.0381547178399797,0.2,400,223,846,846,372,474,336,76,100,76,15297,0,228,228,228,228,218,218,218,218,218,0,20
LIRCMOP7_BC,1,443,225,1,0.75,225,0,0.00168083477134971,0.00557677854691643,225,20,3,0.0117782547243888,14.2222222222222,0.436857947160802,1.17905821515495,0,20,0,20,0,0.0888888888888889,0.0115987914986055,0.0195677031943696,0,0.0261346464671847,NaN,0.7,0.00906165293424294,0,0.0143052455106547,0.0262210813676529,0,400,218,836,836,371,465,324,78,100,78,14942,0,234,234,234,234,225,225,225,225,225,0,20
LIRCMOP7_BC,1,444,213,1,0.71,213,0,0.00178064515158344,0.00475814201411533,213,20,3,0.0111500811390881,15.0234741784038,0.448888179840403,1.23687212366706,0,20,0,20,1,0.0938967136150235,0.00768084887674052,0.0147096813183228,0,0.0255113803998199,NaN,0.7,0.00953603933742053,0.028169014084507,0.0183846366500455,0.025553378279563,0.05,400,225,850,850,377,473,342,75,100,75,16591,0,225,225,225,225,213,213,213,213,213,0,20
LIRCMOP7_BC,1,445,210,1,0.7,210,0,0.00179068642650171,0.00479676134495449,210,20,3,0.0109930377427629,15.2380952380952,0.439928251239806,1.23913238702482,0,20,0,20,5,0.0952380952380952,0.0225732803026587,0.0335601944462169,0,0.049811605546847,NaN,0.6,0.0145390156689592,0.114285714285714,0.0272127495967276,0.0499434366096777,0.25,400,213,826,826,369,457,328,74,100,74,15102,0,222,222,222,222,210,210,210,210,210,0,20
LIRCMOP7_BC,1,446,228,1,0.76,228,0,0.00174422941831558,0.0053609135661605,228,20,3,0.011935298120714,14.0350877192982,0.437124360769628,1.34177242785745,0,20,0,20,3,0.087719298245614,0.012800327454577,0.0184711468456898,0,0.0404925202193569,NaN,0.45,-0.00726382847079282,0.0657894736842105,0.019009142426017,0.0405958163315068,0.15,400,210,820,820,350,470,319,78,100,78,14691,0,234,234,234,234,228,228,228,228,228,0,20
LIRCMOP7_BC,1,447,234,1,0.78,234,0,0.0022342545915931,0.00691744595877029,234,20,3,0.0122493849133644,13.6752136752137,0.440194664848632,1.80839316005052,0,20,0,20,0,0.0854700854700855,0.00885402201602455,0.0117578071611281,0,0.0290132446724184,NaN,0.45,-0.00612808936455615,0,0.0157386947594241,0.0292185690315013,0,400,228,856,856,365,491,343,81,100,81,15539,0,243,243,243,243,234,234,234,234,234,0,20
LIRCMOP7_BC,1,448,228,1,0.76,228,0,0.00195945509250143,0.00588184692842109,228,20,3,0.011935298120714,14.0350877192982,0.494422645244287,1.80839316005052,0,20,0,20,3,0.087719298245614,0.0289920302938411,0.0417173727741772,0,0.0545578538219147,NaN,0.45,-0.0052084263479811,0.0789473684210526,0.0419126954822198,0.054672422955102,0.15,400,234,868,868,381,487,345,79,100,79,15814,0,237,237,237,237,228,228,228,228,228,0,20
LIRCMOP7_BC,1,449,216,1,0.72,216,0,0.00149248708951779,0.00472364859253824,216,20,3,0.0113071245354133,14.8148148148148,0.442873063500603,1.23536528142854,0,20,0,20,1,0.0925925925925926,0.0152570385519097,0.025041894514308,0,0.041139638281928,NaN,0.55,0.00890567702145104,0.0277777777777778,0.0219135151149501,0.0412106312665655,0.05,400,228,856,856,376,480,332,76,100,76,16199,0,228,228,228,228,216,216,216,216,216,0,20
LIRCMOP7_BC,1,450,228,1,0.76,228,0,0.0019014775108911,0.00559189352976273,228,20,3,0.011935298120714,14.0350877192982,0.477648844940124,1.34177242785745,0,20,0,20,3,0.087719298245614,0.00250956174101362,0.0076995255313247,0,0.00876602607485719,NaN,0.45,-0.00449083230853402,0.0657894736842105,0.0061232408494959,0.00893924334566084,0.15,400,216,832,832,349,483,325,79,100,79,14584,0,237,237,237,234,228,228,228,228,228,0,20
LIRCMOP7_BC,1,451,207,1,0.69,207,0,0.00181664203267445,0.00613197565384887,207,20,3,0.0108359943464377,15.4589371980676,0.457294919825538,1.32049099857167,0,20,0,20,0,0.0966183574879227,0.0109207227269052,0.0180057640656871,0,0.0220259770932592,NaN,0.55,0.00998028507265189,0,0.0129388465069452,0.022090846552031,0,400,228,856,856,368,488,334,71,100,71,17591,0,213,213,213,213,207,207,207,207,207,0,20
LIRCMOP7_BC,1,452,207,1,0.69,207,0,0.00194045326459764,0.0065066718631253,207,20,3,0.0108359943464377,15.4589371980676,0.457294919825538,1.81536424347083,0,20,0,20,1,0.0966183574879227,0.0215524921216871,0.0284382197758736,0,0.0287988998034946,NaN,0.45,-0.00702888409178917,0.0289855072463768,0.0221780777933217,0.0289628856319245,0.05,400,207,814,814,355,459,315,74,100,74,14059,1,222,222,222,222,207,207,207,207,207,0,20
LIRCMOP7_BC,1,453,204,1,0.68,204,0,0.00163987864164953,0.00587446029129356,204,20,3,0.0106789509501125,15.6862745098039,0.457294919825538,1.80839316005052,0,20,0,20,2,0.0980392156862745,0.0390967131780575,0.0538090920828426,0,0.0540634459530283,NaN,0.8,0.0270653445319007,0.0588235294117647,0.0408330528075276,0.0541130810457854,0.1,400,207,814,814,350,464,315,72,100,72,15246,0,216,216,216,216,204,204,204,204,204,0,20
LIRCMOP7_BC,1,454,210,1,0.7,210,0,0.00184392909573984,0.0068417141645721,210,20,3,0.0109930377427629,15.2380952380952,0.457294919825538,1.23536528142854,0,20,0,20,5,0.0952380952380952,0.0342436732871523,0.0499952877636023,0,0.0520808577657553,NaN,0.55,0.00495724129160879,0.128571428571429,0.0358983194812787,0.0522546804087331,0.25,400,204,808,808,334,474,309,74,100,74,14866,0,222,222,222,222,210,210,210,210,210,0,20
LIRCMOP7_BC,1,455,204,1,0.68,204,0,0.00167813798294369,0.00605641975650258,204,20,3,0.0106789509501125,15.6862745098039,0.477648844940124,1.80839316005052,0,20,0,20,2,0.0980392156862745,0.0233627831343883,0.0376678562810572,0,0.038657010070536,NaN,0.55,0.019277060053501,0.0588235294117647,0.0241754430040651,0.038750597314964,0.1,400,210,820,820,351,469,317,72,100,72,15590,0,216,216,216,216,204,204,204,204,204,0,20
LIRCMOP7_BC,1,456,222,1,0.74,222,0,0.00205442167792003,0.00668537866068056,222,20,3,0.0116212113280637,14.4144144144144,0.448888179840403,1.23536528142854,0,20,0,20,0,0.0900900900900901,0.0135299561585911,0.0198467013426204,0,0.0200944641904682,NaN,0.7,0.0247111449618286,0,0.0147840208249076,0.0203421498416793,0,400,204,808,808,331,477,310,78,100,78,14281,0,234,234,234,234,222,222,222,222,222,0,20
