problem,run,target_FE,actual_FE,gen,pair_index,pair_side,archive_role,intended_feasible,ref,score,obj1,obj2,dec1,dec2,dec3,dec4,dec5,dec6,dec7,dec8,dec9,dec10,dec11,dec12,dec13,dec14,dec15,dec16,dec17,dec18,dec19,dec20,dec21,dec22,dec23,dec24,dec25,dec26,dec27,dec28,dec29,dec30
"DASCMOP1_BC",1,10000,10080,49,1,"feasible_endpoint","AF_train",1,57,0.15638771502731361,1.2257640125211147,1.6642606116572685,0.40083483550751209,0.55982415824947973,0.82726627612275494,0.55808999299945139,0.36282180075838011,0.6078881285032085,0.4596954485406044,0.5991827720625772,0.63079372046510784,0.16941753721016792,0.62076704348050105,0.42690391992530008,0.51728060591153557,0.19245840812451767,0.42417285076847838,0.74093692971858505,0.68017303372759963,0.44959223388417541,0.58871159664593797,0.52725148635095109,0.39721471033553724,0.66165943748552292,0.5048243029006847,0.32549586824680987,0.5500288389650092,0.61492529744185098,0.85076987689997841,0.69709509587292873,0.62951792969697085,0.69452984653848637
"DASCMOP1_BC",1,10000,10080,49,1,"infeasible_endpoint","AI_train",0,57,0.15638771502731361,1.2048382512649538,1.6640430660545791,0.38926665585209863,0.49347272070404935,0.53421966237517771,0.40148708924989085,0.44247282541300498,0.80422272435165409,0.42360470724761373,0.51767492669924597,0.68517468968262651,0.19273358874644142,0.65618526779331265,0.57157776859777687,0.4720073076499301,0.27925177865193462,0.56682053348085903,0.48862983303281005,0.68617392816409439,0.52986576698583077,0.71900994268309093,0.54702434908910846,0.43610715453270399,0.61201566345604497,0.28224853654763249,0.24053524706826476,0.50776529192079867,0.54340123115895944,0.82882192263307064,0.75225836411610758,0.66096926680620127,0.69891427483062463
"DASCMOP1_BC",1,10000,10080,49,2,"feasible_endpoint","AF_train",1,29,0.051228443999263448,1.1769969974760586,1.711437131833152,0.34590771697798478,0.31862722279426037,0.41156683123133242,0.33632337969719373,0.73172934295634051,0.21945900304900443,0.26473651303790136,0.63202572501765697,0.5646404217543568,0.39991707581157515,0.62496961363873904,0.56592941959485832,0.64464120640392086,0.65010581664134182,0.43976934986479099,0.22023004090462306,0.49614511216720625,0.67581966856747255,0.79374113182782868,0.46791600202576189,0.62170117290946081,0.49562182424411244,0.23431614195746175,0.63594312786939233,0.68238621228462548,0.43200605063770675,0.21420984750494462,0.60867579034384378,0.58207607732858158,0.52616934457126874
"DASCMOP1_BC",1,10000,10080,49,2,"infeasible_endpoint","AI_train",0,29,0.051228443999263448,1.1695340121881226,1.7069511145444949,0.34414625370466906,0.37544279130269909,0.62754145069938139,0.45868929451051077,0.41712479124668977,0.83785201683727228,0.39809842268757756,0.34857383001592029,0.32064778033226493,0.18452933761618545,0.41225243508708842,0.51484792195573204,0.56683052407838974,0.59451345950407952,0.63377782456759746,0.20351663092272504,0.56956119338960809,0.48467821719739235,0.61512002562828649,0.24949295554246648,0.5039569504428949,0.63683057194925019,0.41737859290822327,0.28714228114432261,0.62072243604651101,0.36476216378877685,0.51243550818192962,0.78285234771743162,0.68057060721032681,0.70168782630144244
"DASCMOP1_BC",1,10000,10080,49,3,"feasible_endpoint","AF_train",1,31,0.035710911115069792,1.1794464829032427,1.7099134522567878,0.34825292846323541,0.50611944782992135,0.63384522714300462,0.62782942638673878,0.2730285210533076,0.42697591235841531,0.6139075224918682,0.70643969088141767,0.69107233292389658,0.26141320292914139,0.64530282609806711,0.56266199038960352,0.37992229158606833,0.53658564473491421,0.36357807593863734,0.3038276048256871,0.59845387599499544,0.69406026476865068,0.43111190372494052,0.50369001109934985,0.37647273973245499,0.36086472972289896,0.52001563001384876,0.88485871916299075,0.67891214622411988,0.47504928640682531,0.20106921542753817,0.19794367321778192,0.50841903902021746,0.56694095451792725
"DASCMOP1_BC",1,10000,10080,49,3,"infeasible_endpoint","AI_train",0,31,0.035710911115069792,1.180158551206558,1.7028327560679681,0.35283397864917992,0.11980910277549667,0.56644447542247023,0.32570185790174522,0.52428449811246147,0.55725567294538814,0.35428758739111743,0.52832457123255294,0.51412518094413806,0.42794878327352465,0.49603481584337822,0.69223878051808796,0.61123671513979216,0.86660928012801119,0.38838949554748858,0.35717229560218033,0.39856102479932798,0.69862130969855563,0.30500158327348792,0.56096080844681051,0.82672506543036339,0.44018768895412641,0.59230918181725678,0.72351497844991042,0.73891894203589115,0.38488454768489011,0.39640991133011738,0.51730245071140302,0.55077247739091373,0.35073836780164824
"DASCMOP1_BC",1,10000,10080,49,4,"feasible_endpoint","AF_train",1,9,0.13093387193247188,1.1380824309847577,1.7556092116827771,0.29528184897052734,0.40256007529155879,0.42902146698724797,0.47566267254687228,0.41543981893504128,0.70443593646705704,0.4203145769442963,0.50772587105272537,0.48815576229131391,0.37275617575379022,0.63878266899754144,0.5731917041172776,0.60335064047869436,0.55412391584388965,0.46042645142171124,0.2026445456919726,0.72516239714759612,0.73312562955736438,0.45809266839880697,0.49791413215441471,0.72228483865204973,0.56029644024325465,0.41097643885986213,0.82937656380956992,0.57419600120886793,0.47878124838429414,0.61296812261074995,0.60445082200213918,0.71448802585400017,0.67537278054279504
"DASCMOP1_BC",1,10000,10080,49,4,"infeasible_endpoint","AI_train",0,9,0.13093387193247188,1.1186943915550871,1.7593300792829794,0.28061790414524046,0.5207689579177931,0.34936416386230651,0.26161321690871914,0.36813008851783668,0.29740823483796691,0.61864690216768536,0.43860651377498266,0.7159233895479522,0.58432907730126271,0.39455898607110346,0.61324770838568488,0.39371366410308484,0.59505087244695587,0.62158344393648224,0.70509606854345064,0.19300782399810107,0.60182406472665373,0.21115169807089468,0.3035113727957357,0.2744782238357974,0.54611903574439813,0.52337210946331303,0.48042816408947403,0.70069966733833378,0.40238473865123164,0.71801559507351387,0.37129829405486314,0.17058497114234114,0.47588870963573021
"DASCMOP1_BC",1,10000,10080,49,5,"feasible_endpoint","AF_train",1,80,0.26202263682057664,1.2717071063944598,1.6311275701501651,0.44370521681523767,0.33566308958863045,0.85586530530298477,0.70758342666941165,0.63466068458644309,0.57653972120583408,0.46961256603503398,0.42808126248325157,0.43161022334596066,0.68705571497582163,0.84529798118011445,0.63955941517327664,0.41851624099009638,0.57913764185680894,0.27974121738104096,0.6736700607800461,0.62464662371445867,0.38339249821481858,0.50111359418029666,0.61656973407966309,0.47306450595636562,0.58959239379009487,0.47427970803829034,0.52214619680832075,0.41538625809224033,0.56866409880478308,0.87439416377822554,0.50374055839041709,0.64619278073122177,0.62220838355149111
"DASCMOP1_BC",1,10000,10080,49,5,"infeasible_endpoint","AI_train",0,80,0.26202263682057664,1.238525509207995,1.6280557180613331,0.42761510937816338,0.45565732873265369,0.72240872035874371,0.70477386949151533,0.63832292059193496,0.84069610862240951,0.40096659893586767,0.41684429257856709,0.3921688792962113,0.41598797718466063,0.63612530215990426,0.6073410518028457,0.37683310532536424,0.53583257350017133,0.39290795982588905,0.54056345077229073,0.72766472682470851,0.52362447274640112,0.67076457697420278,0.57099596792773066,0.34500074909186884,0.4784799206471847,0.44231602462521186,0.42578490418948001,0.30039739884696071,0.51485199235880974,0.78261466214656017,0.57872385474573274,0.79009434238872489,0.65208922534191949
"DASCMOP1_BC",1,10000,10080,49,6,"feasible_endpoint","AF_train",1,47,0.057584950430753366,1.206854133615062,1.6808205727281129,0.38092767063303723,0.45620083417570378,0.32877006656143215,0.85400649775356041,0.82597394450553707,0.2964224979884123,0.51809302785352462,0.62902777012275146,0.79845375772101612,0.64433526018325016,0.57747470046892013,0.63755548655397909,0.48216329046741335,0.40374509806263736,0.61962031662214057,0.60336020037387827,0.71371181591885402,0.61098941093517745,0.51595951645149252,0.4742645501658449,0.46534367416910122,0.51685305979074614,0.58278435771355297,0.58622631454301066,0.25249730125074465,0.62653518135860975,1,0.59985052970328379,0.78447423573158448,0.52577363868365967
"DASCMOP1_BC",1,10000,10080,49,6,"infeasible_endpoint","AI_train",0,47,0.057584950430753366,1.1986454623019018,1.6761320515001836,0.37892742066778085,0.16382493107335108,0.42887645741830882,0.26943136680047675,0.68773659120812414,0.46991934548012793,0.3130488268958983,0.51860705932075546,0.50468789007327985,0.31230159775136312,0.45559182275241328,0.76065807192479218,0.56020798575640129,0.83375764559991605,0.39979450260401311,0.5635878646525988,0.49755188290650448,0.62293901304071086,0.45375461517821536,0.53180472459672457,0.70087998722542144,0.36450485369706753,0.52261654815337721,0.63282669250827861,0.47745203861521524,0.43096171718966036,0.74070520030545017,0.71231706893538338,0.69771708230595841,0.35990919855474351
"DASCMOP1_BC",1,10000,10080,49,7,"feasible_endpoint","AF_train",1,49,0.10239039566391109,1.2131606510474944,1.6777500334798439,0.38623395193800292,0.73251964258867142,0.87858000135548131,0.40358030445654047,0.47559363980490615,0.66567118707115747,0.42752681642743628,0.4426235284518274,0.50824652072700971,0.61521070770425157,0.8572726380081952,0.36724152025773182,0.63050826059723919,0.39762935710910213,0.40158303458097699,0.49685758255075163,0.71105680990197595,0.80060249857054755,0.76623418718057767,0.64736844909599545,0.37681778659070309,0.58490762450248968,0.46685544626962161,0.67681592299141879,0.45021371121995479,0.23959738573582184,0.49194338109462671,0.44635962053544054,0.30865181193926183,0.52511395528482374
"DASCMOP1_BC",1,10000,10080,49,7,"infeasible_endpoint","AI_train",0,49,0.10239039566391109,1.1986454623019018,1.6761320515001836,0.37892742066778085,0.16382493107335108,0.42887645741830882,0.26943136680047675,0.68773659120812414,0.46991934548012793,0.3130488268958983,0.51860705932075546,0.50468789007327985,0.31230159775136312,0.45559182275241328,0.76065807192479218,0.56020798575640129,0.83375764559991605,0.39979450260401311,0.5635878646525988,0.49755188290650448,0.62293901304071086,0.45375461517821536,0.53180472459672457,0.70087998722542144,0.36450485369706753,0.52261654815337721,0.63282669250827861,0.47745203861521524,0.43096171718966036,0.74070520030545017,0.71231706893538338,0.69771708230595841,0.35990919855474351
"DASCMOP1_BC",1,10000,10080,49,8,"feasible_endpoint","AF_train",1,29,0.11041190188227719,1.1769969974760586,1.711437131833152,0.34590771697798478,0.31862722279426037,0.41156683123133242,0.33632337969719373,0.73172934295634051,0.21945900304900443,0.26473651303790136,0.63202572501765697,0.5646404217543568,0.39991707581157515,0.62496961363873904,0.56592941959485832,0.64464120640392086,0.65010581664134182,0.43976934986479099,0.22023004090462306,0.49614511216720625,0.67581966856747255,0.79374113182782868,0.46791600202576189,0.62170117290946081,0.49562182424411244,0.23431614195746175,0.63594312786939233,0.68238621228462548,0.43200605063770675,0.21420984750494462,0.60867579034384378,0.58207607732858158,0.52616934457126874
"DASCMOP1_BC",1,10000,10080,49,8,"infeasible_endpoint","AI_train",0,29,0.11041190188227719,1.1639614833915148,1.7203156210098074,0.33285404626603543,0.51281180193663223,0.22681047349381503,0.75319447324540922,0.86942831980140911,0.25748858227769261,0.43260749170313495,0.58864153270761821,0.86193170180086909,0.33208133173794846,0.49128691356343945,0.7171186748593843,0.32972297969223713,0.65440770833630957,0.35153906070121088,0.48937487628619769,0.55552125981946809,0.53928094607962085,0.46512527339167742,0.60082467648278071,0.3960168928847238,0.50148441525602261,0.27212535831444562,0.44839783229227831,0.50947425229275778,0.74851630973616801,0.36386624245678567,0.40102461516287224,0.49231414641588384,0.55871559888903199
"DASCMOP1_BC",1,10000,10080,49,9,"feasible_endpoint","AF_train",1,21,0.040579873794542351,1.162140382796244,1.7277944619516559,0.32725202982198132,0.59092928280928747,0.52215700756412287,0.62127458158875348,0.55828400334770822,0.60426263026876148,0.26138683116801315,0.46883091606644378,0.46295568157708789,0.29702653699615611,0.53770019194140195,0.44079097805951384,0.51335158664534219,0.55951579168645849,0.69916344361353522,0.20730504018371076,0.49343511329785261,0.86861132973867317,0.69931098040115414,0.50324990840113371,0.63765248002850661,0.15982171257742672,0.43572354092942256,0.88925328549762683,0.39821737255119599,0.30717193315097108,0.4846216779614787,0.56830783739366808,0.4399121432535914,0.58043830611102942
"DASCMOP1_BC",1,10000,10080,49,9,"infeasible_endpoint","AI_train",0,21,0.040579873794542351,1.1639614833915148,1.7203156210098074,0.33285404626603543,0.51281180193663223,0.22681047349381503,0.75319447324540922,0.86942831980140911,0.25748858227769261,0.43260749170313495,0.58864153270761821,0.86193170180086909,0.33208133173794846,0.49128691356343945,0.7171186748593843,0.32972297969223713,0.65440770833630957,0.35153906070121088,0.48937487628619769,0.55552125981946809,0.53928094607962085,0.46512527339167742,0.60082467648278071,0.3960168928847238,0.50148441525602261,0.27212535831444562,0.44839783229227831,0.50947425229275778,0.74851630973616801,0.36386624245678567,0.40102461516287224,0.49231414641588384,0.55871559888903199
"DASCMOP1_BC",1,10000,10080,49,10,"feasible_endpoint","AF_train",1,24,0.026007671517120034,1.1669137976967492,1.7253652759782976,0.33159396445528133,0.73355206906504056,0.54934187269069357,0.67826825519197498,0.51442147351138778,0.50924628526728566,0.29910574448315502,0.53210886623999099,0.55864748473668602,0.44125699748949898,0.55145725807609458,0.48056544776667143,0.51375522603517876,0.56872471062404817,0.58889277353864566,0.2838111958748033,0.57832521653067426,0.69132469315647749,0.67469029367657307,0.46947128295205531,0.50570726537698607,0.094035599948225079,0.58921959252512979,0.97342696797027406,0.36642972069725888,0.26621129075044864,0.66038382713411858,0.55730645225106046,0.44609683004808925,0.66777900161852466
"DASCMOP1_BC",1,10000,10080,49,10,"infeasible_endpoint","AI_train",0,24,0.026007671517120034,1.1639614833915148,1.7203156210098074,0.33285404626603543,0.51281180193663223,0.22681047349381503,0.75319447324540922,0.86942831980140911,0.25748858227769261,0.43260749170313495,0.58864153270761821,0.86193170180086909,0.33208133173794846,0.49128691356343945,0.7171186748593843,0.32972297969223713,0.65440770833630957,0.35153906070121088,0.48937487628619769,0.55552125981946809,0.53928094607962085,0.46512527339167742,0.60082467648278071,0.3960168928847238,0.50148441525602261,0.27212535831444562,0.44839783229227831,0.50947425229275778,0.74851630973616801,0.36386624245678567,0.40102461516287224,0.49231414641588384,0.55871559888903199
"DASCMOP1_BC",1,10000,10080,49,11,"feasible_endpoint","AF_train",1,80,0.47943842141988474,1.2717071063944598,1.6311275701501651,0.44370521681523767,0.33566308958863045,0.85586530530298477,0.70758342666941165,0.63466068458644309,0.57653972120583408,0.46961256603503398,0.42808126248325157,0.43161022334596066,0.68705571497582163,0.84529798118011445,0.63955941517327664,0.41851624099009638,0.57913764185680894,0.27974121738104096,0.6736700607800461,0.62464662371445867,0.38339249821481858,0.50111359418029666,0.61656973407966309,0.47306450595636562,0.58959239379009487,0.47427970803829034,0.52214619680832075,0.41538625809224033,0.56866409880478308,0.87439416377822554,0.50374055839041709,0.64619278073122177,0.62220838355149111
"DASCMOP1_BC",1,10000,10080,49,11,"infeasible_endpoint","AI_train",0,80,0.47943842141988474,1.2130177120053549,1.6273806801294461,0.41413184600248376,0.52125155351643526,0.57620165315018967,0.64770068675876813,0.56069408721949454,0.70962346577373847,0.56300473241270987,0.46264863187159283,0.66964246222924917,0.48605727464573367,0.75197278559074066,0.74051168214794516,0.46837481817069626,0.40507202856794572,0.3085329476166897,0.47200161428687853,0.9810378495303318,0.52486456539535942,0.82278882192574998,0.68330772680505369,0.55943001487710142,0.52954970805162815,0.36642914166726115,0.70830365258838013,0.27225031685127016,0.35236574246276209,0.67063466682990391,0.74860795495918331,0.70896895151737027,0.69086820943887006
"DASCMOP1_BC",1,10000,10080,49,12,"feasible_endpoint","AF_train",1,29,0.075819545779912678,1.1769969974760586,1.711437131833152,0.34590771697798478,0.31862722279426037,0.41156683123133242,0.33632337969719373,0.73172934295634051,0.21945900304900443,0.26473651303790136,0.63202572501765697,0.5646404217543568,0.39991707581157515,0.62496961363873904,0.56592941959485832,0.64464120640392086,0.65010581664134182,0.43976934986479099,0.22023004090462306,0.49614511216720625,0.67581966856747255,0.79374113182782868,0.46791600202576189,0.62170117290946081,0.49562182424411244,0.23431614195746175,0.63594312786939233,0.68238621228462548,0.43200605063770675,0.21420984750494462,0.60867579034384378,0.58207607732858158,0.52616934457126874
"DASCMOP1_BC",1,10000,10080,49,12,"infeasible_endpoint","AI_train",0,29,0.075819545779912678,1.182205396142989,1.7006912327397785,0.35528601263157034,0.44453510721426548,0.36090660496817029,0.75925573255150147,0.53232427732987164,0.33831749958593466,0.44825998974853887,0.49760339667800335,0.35797491286112099,0.19387214410591344,0.70079410071534776,0.38279908820624325,0.49376625911814032,0.39490538093327449,0.54416616668066431,0.46656389771797896,0.9054193214904378,0.38403435394104862,0.48116563475288276,0.42782939657485747,0.49242895407263687,0.51926499016118033,0.56039201759928126,0.35202991880155171,0.37195198884792635,0.60203098545519307,0.6030671803205222,0.79316739084427246,0.76646481227581675,0.80726477316078271
"DASCMOP1_BC",1,10000,10080,49,13,"feasible_endpoint","AF_train",1,31,0.056396122727723104,1.1794464829032427,1.7099134522567878,0.34825292846323541,0.50611944782992135,0.63384522714300462,0.62782942638673878,0.2730285210533076,0.42697591235841531,0.6139075224918682,0.70643969088141767,0.69107233292389658,0.26141320292914139,0.64530282609806711,0.56266199038960352,0.37992229158606833,0.53658564473491421,0.36357807593863734,0.3038276048256871,0.59845387599499544,0.69406026476865068,0.43111190372494052,0.50369001109934985,0.37647273973245499,0.36086472972289896,0.52001563001384876,0.88485871916299075,0.67891214622411988,0.47504928640682531,0.20106921542753817,0.19794367321778192,0.50841903902021746,0.56694095451792725
"DASCMOP1_BC",1,10000,10080,49,13,"infeasible_endpoint","AI_train",0,31,0.056396122727723104,1.182205396142989,1.7006912327397785,0.35528601263157034,0.44453510721426548,0.36090660496817029,0.75925573255150147,0.53232427732987164,0.33831749958593466,0.44825998974853887,0.49760339667800335,0.35797491286112099,0.19387214410591344,0.70079410071534776,0.38279908820624325,0.49376625911814032,0.39490538093327449,0.54416616668066431,0.46656389771797896,0.9054193214904378,0.38403435394104862,0.48116563475288276,0.42782939657485747,0.49242895407263687,0.51926499016118033,0.56039201759928126,0.35202991880155171,0.37195198884792635,0.60203098545519307,0.6030671803205222,0.79316739084427246,0.76646481227581675,0.80726477316078271
"DASCMOP1_BC",1,10000,10080,49,14,"feasible_endpoint","AF_train",1,17,0.043967465539586567,1.1524761378026851,1.733406768440255,0.31796660650813258,0.44729850356902279,0.5296378690707424,0.71143544252230984,0.68876908067387532,0.35308668577279889,0.45053612092320172,0.58957037179985861,0.77567990160170974,0.6694226960598797,0.54513243469129979,0.58447361749421622,0.51129117651940903,0.75835882846484459,0.49870512572972903,0.24820067820344632,0.44233218217278353,0.5886807133511831,0.35606839359708681,0.51640427105044751,0.52863210918008052,0.61499293804851329,0.49791561416373231,0.69041267674033047,0.86276289083178437,0.55627792042154767,0.21230871987414462,0.20264322749180844,0.38720490689658366,0.45930908624695338
"DASCMOP1_BC",1,10000,10080,49,14,"infeasible_endpoint","AI_train",0,17,0.043967465539586567,1.1521419626684306,1.7252778011247665,0.32271754663655017,0.63060083122874389,0.1766923768086478,0.2910333519117223,0.43539591971884739,0.84669477159884599,0.50338182790921882,0.33696755893553171,0.4768967220076531,0.39658453437843344,0.57259346773711195,0.78685997639972471,0.54058039555563298,0.55806791399398303,0.63221834514649111,0.16467870282394934,0.44430198225932738,0.83127049094090766,0.62826373827137028,0.34408065957774692,0.45410927613902696,0.54383113476594813,0.28554645093514941,0.47946557611441609,0.57306957881825882,0.33639699778164872,0.54501899934643994,0.5931233584567106,0.54073538612377747,0.47644103934127036
"DASCMOP1_BC",1,10000,10080,49,15,"feasible_endpoint","AF_train",1,21,0.06558107530731834,1.162140382796244,1.7277944619516559,0.32725202982198132,0.59092928280928747,0.52215700756412287,0.62127458158875348,0.55828400334770822,0.60426263026876148,0.26138683116801315,0.46883091606644378,0.46295568157708789,0.29702653699615611,0.53770019194140195,0.44079097805951384,0.51335158664534219,0.55951579168645849,0.69916344361353522,0.20730504018371076,0.49343511329785261,0.86861132973867317,0.69931098040115414,0.50324990840113371,0.63765248002850661,0.15982171257742672,0.43572354092942256,0.88925328549762683,0.39821737255119599,0.30717193315097108,0.4846216779614787,0.56830783739366808,0.4399121432535914,0.58043830611102942
"DASCMOP1_BC",1,10000,10080,49,15,"infeasible_endpoint","AI_train",0,21,0.06558107530731834,1.1521419626684306,1.7252778011247665,0.32271754663655017,0.63060083122874389,0.1766923768086478,0.2910333519117223,0.43539591971884739,0.84669477159884599,0.50338182790921882,0.33696755893553171,0.4768967220076531,0.39658453437843344,0.57259346773711195,0.78685997639972471,0.54058039555563298,0.55806791399398303,0.63221834514649111,0.16467870282394934,0.44430198225932738,0.83127049094090766,0.62826373827137028,0.34408065957774692,0.45410927613902696,0.54383113476594813,0.28554645093514941,0.47946557611441609,0.57306957881825882,0.33639699778164872,0.54501899934643994,0.5931233584567106,0.54073538612377747,0.47644103934127036
"DASCMOP1_BC",1,10000,10080,49,16,"feasible_endpoint","AF_train",1,17,0,1.1524761378026851,1.733406768440255,0.31796660650813258,0.44729850356902279,0.5296378690707424,0.71143544252230984,0.68876908067387532,0.35308668577279889,0.45053612092320172,0.58957037179985861,0.77567990160170974,0.6694226960598797,0.54513243469129979,0.58447361749421622,0.51129117651940903,0.75835882846484459,0.49870512572972903,0.24820067820344632,0.44233218217278353,0.5886807133511831,0.35606839359708681,0.51640427105044751,0.52863210918008052,0.61499293804851329,0.49791561416373231,0.69041267674033047,0.86276289083178437,0.55627792042154767,0.21230871987414462,0.20264322749180844,0.38720490689658366,0.45930908624695338
"DASCMOP1_BC",1,10000,10080,49,16,"infeasible_endpoint","AI_train",0,17,0,1.1498825708210765,1.7334176918924111,0.3163730023271627,0.41227880752047669,0.58754008279182046,0.35719073923239897,0.44967079658400944,0.66103893570638794,0.50852201159772714,0.33105693857180768,0.51204988742220514,0.76490969281536658,0.51229048481714234,0.53429804604787845,0.71179148899635181,0.74134229440056565,0.48537660465066912,0.194636389027073,0.80399612020352462,0.40251152847696664,0.57979928127658531,0.26867404283557156,0.41365824624606135,0.77068004644418675,0.62935837241082848,0.6268637833067443,0.75765321494091586,0.31607822000523256,0.49482179631132117,0.56580927315127583,0.57066439788390233,0.51980237818767239
"DASCMOP1_BC",1,10000,10080,49,17,"feasible_endpoint","AF_train",1,11,0.1148352144397523,1.1409341662367738,1.7474172052631491,0.30219508909842163,0.41067184608177465,0.68594736988626193,0.37700269526042129,0.26779416819082502,0.74706857440351215,0.5058359276770239,0.4167416410968634,0.30643545418724966,0.32784114063851266,0.61933403809412924,0.4484478206528798,0.63871079294466693,0.45120983142083393,0.72196929470763993,0.32247468664749951,0.63988803202631672,0.80228993263056037,0.66279679044751172,0.36793911639238808,0.54243760775975758,0.55965530798643903,0.57311047956945038,0.49160883800374916,0.48144672131831656,0.11864875404499228,0.42636085222417824,0.7424585334925371,0.51754930274057076,0.53601337741797739
"DASCMOP1_BC",1,10000,10080,49,17,"infeasible_endpoint","AI_train",0,11,0.1148352144397523,1.1498825708210765,1.7334176918924111,0.3163730023271627,0.41227880752047669,0.58754008279182046,0.35719073923239897,0.44967079658400944,0.66103893570638794,0.50852201159772714,0.33105693857180768,0.51204988742220514,0.76490969281536658,0.51229048481714234,0.53429804604787845,0.71179148899635181,0.74134229440056565,0.48537660465066912,0.194636389027073,0.80399612020352462,0.40251152847696664,0.57979928127658531,0.26867404283557156,0.41365824624606135,0.77068004644418675,0.62935837241082848,0.6268637833067443,0.75765321494091586,0.31607822000523256,0.49482179631132117,0.56580927315127583,0.57066439788390233,0.51980237818767239
"DASCMOP1_BC",1,10000,10080,49,18,"feasible_endpoint","AF_train",1,15,0.024677859025411961,1.1497447172969957,1.7391776661476452,0.31275276139140273,0.27746632060772669,0.49828260302542376,0.32457977203811872,0.39438452369802229,0.58119910118250728,0.3066661189334754,0.45497015124732132,0.35539512922734046,0.45876215045675822,0.72556875662179321,0.39099662293781839,0.77755650394231779,0.57545781913278538,0.5656326605709916,0.20796446154060977,0.732970036548794,0.71247804874548448,0.59376988892684213,0.33573087331008311,0.66193333564229839,0.62482597373538618,0.66078641654059345,0.7275378858767656,0.70535637673358975,0.38245637857806347,0.42706509562773753,0.63826192227412126,0.60919851470321151,0.38646460245329944
"DASCMOP1_BC",1,10000,10080,49,18,"infeasible_endpoint","AI_train",0,15,0.024677859025411961,1.1498825708210765,1.7334176918924111,0.3163730023271627,0.41227880752047669,0.58754008279182046,0.35719073923239897,0.44967079658400944,0.66103893570638794,0.50852201159772714,0.33105693857180768,0.51204988742220514,0.76490969281536658,0.51229048481714234,0.53429804604787845,0.71179148899635181,0.74134229440056565,0.48537660465066912,0.194636389027073,0.80399612020352462,0.40251152847696664,0.57979928127658531,0.26867404283557156,0.41365824624606135,0.77068004644418675,0.62935837241082848,0.6268637833067443,0.75765321494091586,0.31607822000523256,0.49482179631132117,0.56580927315127583,0.57066439788390233,0.51980237818767239
"DASCMOP1_BC",1,10000,10080,49,19,"feasible_endpoint","AF_train",1,9,0.18433400003055581,1.1380824309847577,1.7556092116827771,0.29528184897052734,0.40256007529155879,0.42902146698724797,0.47566267254687228,0.41543981893504128,0.70443593646705704,0.4203145769442963,0.50772587105272537,0.48815576229131391,0.37275617575379022,0.63878266899754144,0.5731917041172776,0.60335064047869436,0.55412391584388965,0.46042645142171124,0.2026445456919726,0.72516239714759612,0.73312562955736438,0.45809266839880697,0.49791413215441471,0.72228483865204973,0.56029644024325465,0.41097643885986213,0.82937656380956992,0.57419600120886793,0.47878124838429414,0.61296812261074995,0.60445082200213918,0.71448802585400017,0.67537278054279504
"DASCMOP1_BC",1,10000,10080,49,19,"infeasible_endpoint","AI_train",0,9,0.18433400003055581,1.1498825708210765,1.7334176918924111,0.3163730023271627,0.41227880752047669,0.58754008279182046,0.35719073923239897,0.44967079658400944,0.66103893570638794,0.50852201159772714,0.33105693857180768,0.51204988742220514,0.76490969281536658,0.51229048481714234,0.53429804604787845,0.71179148899635181,0.74134229440056565,0.48537660465066912,0.194636389027073,0.80399612020352462,0.40251152847696664,0.57979928127658531,0.26867404283557156,0.41365824624606135,0.77068004644418675,0.62935837241082848,0.6268637833067443,0.75765321494091586,0.31607822000523256,0.49482179631132117,0.56580927315127583,0.57066439788390233,0.51980237818767239
"DASCMOP1_BC",1,10000,10080,49,20,"feasible_endpoint","AF_train",1,11,0.13250587324340449,1.1409341662367738,1.7474172052631491,0.30219508909842163,0.41067184608177465,0.68594736988626193,0.37700269526042129,0.26779416819082502,0.74706857440351215,0.5058359276770239,0.4167416410968634,0.30643545418724966,0.32784114063851266,0.61933403809412924,0.4484478206528798,0.63871079294466693,0.45120983142083393,0.72196929470763993,0.32247468664749951,0.63988803202631672,0.80228993263056037,0.66279679044751172,0.36793911639238808,0.54243760775975758,0.55965530798643903,0.57311047956945038,0.49160883800374916,0.48144672131831656,0.11864875404499228,0.42636085222417824,0.7424585334925371,0.51754930274057076,0.53601337741797739
"DASCMOP1_BC",1,10000,10080,49,20,"infeasible_endpoint","AI_train",0,11,0.13250587324340449,1.1244879591183046,1.7554229891184649,0.28680681872988334,0.44161093019932074,0.3488801914956679,0.65652991935453531,0.51153441019943491,0.22572653447039129,0.34584022362113936,0.51843672659496765,0.44070616555278125,0.32210496323942045,0.58534280635172931,0.31453161103563509,0.5955061575252657,0.63681267111237272,0.61505378230176977,0.2394294732085801,0.8043404824539393,0.48545742013117266,0.39606459397449911,0.33614820857323624,0.34603093117338968,0.2442066581827656,0.76304811510590365,0.67440245498224893,0.6618063779501282,0.49871524755426588,0.18279894342561467,0.45832677523488125,0.60218317246776276,0.47096954573303795
"DASCMOP1_BC",1,10000,10080,49,21,"feasible_endpoint","AF_train",1,1,0.10054284434343877,1.1204928799275298,1.7699300333344079,0.27495989999039427,0.48727251822867607,0.26226811092873792,0.44081941119783991,0.25633636136456417,0.24534004052680597,0.61674075254467864,0.26594367099541466,0.79304897708466005,0.50110076745804277,0.56650540226846546,0.51611858898527208,0.45792105352424584,0.40612448779506916,0.70481451067573153,0.46751529179609252,0.37820338244633117,0.71890797671922202,0.33348426771908218,0.39706004765953873,0.3675634314103256,0.43475948002443798,0.67736762303036935,0.64036044025738303,0.75376050352557189,0.37928247112527586,0.48901389374267318,0.45459797553755465,0.32131555156433822,0.16601077501898853
"DASCMOP1_BC",1,10000,10080,49,21,"infeasible_endpoint","AI_train",0,1,0.10054284434343877,1.1244879591183046,1.7554229891184649,0.28680681872988334,0.44161093019932074,0.3488801914956679,0.65652991935453531,0.51153441019943491,0.22572653447039129,0.34584022362113936,0.51843672659496765,0.44070616555278125,0.32210496323942045,0.58534280635172931,0.31453161103563509,0.5955061575252657,0.63681267111237272,0.61505378230176977,0.2394294732085801,0.8043404824539393,0.48545742013117266,0.39606459397449911,0.33614820857323624,0.34603093117338968,0.2442066581827656,0.76304811510590365,0.67440245498224893,0.6618063779501282,0.49871524755426588,0.18279894342561467,0.45832677523488125,0.60218317246776276,0.47096954573303795
"DASCMOP1_BC",1,10000,10080,49,22,"feasible_endpoint","AF_train",1,9,0.093850723995221083,1.1380824309847577,1.7556092116827771,0.29528184897052734,0.40256007529155879,0.42902146698724797,0.47566267254687228,0.41543981893504128,0.70443593646705704,0.4203145769442963,0.50772587105272537,0.48815576229131391,0.37275617575379022,0.63878266899754144,0.5731917041172776,0.60335064047869436,0.55412391584388965,0.46042645142171124,0.2026445456919726,0.72516239714759612,0.73312562955736438,0.45809266839880697,0.49791413215441471,0.72228483865204973,0.56029644024325465,0.41097643885986213,0.82937656380956992,0.57419600120886793,0.47878124838429414,0.61296812261074995,0.60445082200213918,0.71448802585400017,0.67537278054279504
"DASCMOP1_BC",1,10000,10080,49,22,"infeasible_endpoint","AI_train",0,9,0.093850723995221083,1.1244879591183046,1.7554229891184649,0.28680681872988334,0.44161093019932074,0.3488801914956679,0.65652991935453531,0.51153441019943491,0.22572653447039129,0.34584022362113936,0.51843672659496765,0.44070616555278125,0.32210496323942045,0.58534280635172931,0.31453161103563509,0.5955061575252657,0.63681267111237272,0.61505378230176977,0.2394294732085801,0.8043404824539393,0.48545742013117266,0.39606459397449911,0.33614820857323624,0.34603093117338968,0.2442066581827656,0.76304811510590365,0.67440245498224893,0.6618063779501282,0.49871524755426588,0.18279894342561467,0.45832677523488125,0.60218317246776276,0.47096954573303795
"DASCMOP1_BC",1,10000,10080,49,23,"feasible_endpoint","AF_train",1,11,0.13562176261073905,1.1409341662367738,1.7474172052631491,0.30219508909842163,0.41067184608177465,0.68594736988626193,0.37700269526042129,0.26779416819082502,0.74706857440351215,0.5058359276770239,0.4167416410968634,0.30643545418724966,0.32784114063851266,0.61933403809412924,0.4484478206528798,0.63871079294466693,0.45120983142083393,0.72196929470763993,0.32247468664749951,0.63988803202631672,0.80228993263056037,0.66279679044751172,0.36793911639238808,0.54243760775975758,0.55965530798643903,0.57311047956945038,0.49160883800374916,0.48144672131831656,0.11864875404499228,0.42636085222417824,0.7424585334925371,0.51754930274057076,0.53601337741797739
"DASCMOP1_BC",1,10000,10080,49,23,"infeasible_endpoint","AI_train",0,11,0.13562176261073905,1.1328138371233998,1.7299695956591417,0.30798777309081737,0.41912754729699297,0.39077947020090498,0.45319057886312347,0.5399719118400288,0.37971574637291028,0.41454447173922004,0.28564771865721661,0.77254669446161195,0.45170106265475574,0.36760133190500072,0.63934495784803247,0.53378852026439905,0.695845282022721,0.48278268237025634,0.11588808259185701,0.74551417054731473,0.36436280579476887,0.63001528633843806,0.40972722550276802,0.35225847569527913,0.29842097571651105,0.46613436412204245,0.79097852276835989,0.73445393278731164,0.37970407477354767,0.44130297508070865,0.67277797126906291,0.63848609790496647,0.56809809476620821
"DASCMOP1_BC",1,10000,10080,49,24,"feasible_endpoint","AF_train",1,29,0.022614887400076361,1.1769969974760586,1.711437131833152,0.34590771697798478,0.31862722279426037,0.41156683123133242,0.33632337969719373,0.73172934295634051,0.21945900304900443,0.26473651303790136,0.63202572501765697,0.5646404217543568,0.39991707581157515,0.62496961363873904,0.56592941959485832,0.64464120640392086,0.65010581664134182,0.43976934986479099,0.22023004090462306,0.49614511216720625,0.67581966856747255,0.79374113182782868,0.46791600202576189,0.62170117290946081,0.49562182424411244,0.23431614195746175,0.63594312786939233,0.68238621228462548,0.43200605063770675,0.21420984750494462,0.60867579034384378,0.58207607732858158,0.52616934457126874
"DASCMOP1_BC",1,10000,10080,49,24,"infeasible_endpoint","AI_train",0,29,0.022614887400076361,1.1717740067802758,1.711937886754253,0.34251772683191817,0.78770477075579204,0.45253313213579255,0.49922146061119121,0.31737656244604562,0.38387758060876814,0.64144618593336056,0.47161178583341395,0.96225209289530489,0.67804075920990969,0.47690650300653614,0.67082096955811821,0.39608576385051075,0.56677829245801037,0.33540954828099001,0.5229295709370545,0.64427037022809508,0.41238956890825096,0.56723965363373297,0.58239909238213639,0.16309903548536536,0.36117850628586567,0.62118857822640017,0.62165826864868301,0.64997850500075971,0.28590810591151616,0.6935605772165564,0.43848750841070738,0.34079020146225131,0.55701744967655342
"DASCMOP1_BC",1,10000,10080,49,25,"feasible_endpoint","AF_train",1,1,0.31905861823832204,1.1204928799275298,1.7699300333344079,0.27495989999039427,0.48727251822867607,0.26226811092873792,0.44081941119783991,0.25633636136456417,0.24534004052680597,0.61674075254467864,0.26594367099541466,0.79304897708466005,0.50110076745804277,0.56650540226846546,0.51611858898527208,0.45792105352424584,0.40612448779506916,0.70481451067573153,0.46751529179609252,0.37820338244633117,0.71890797671922202,0.33348426771908218,0.39706004765953873,0.3675634314103256,0.43475948002443798,0.67736762303036935,0.64036044025738303,0.75376050352557189,0.37928247112527586,0.48901389374267318,0.45459797553755465,0.32131555156433822,0.16601077501898853
"DASCMOP1_BC",1,10000,10080,49,25,"infeasible_endpoint","AI_train",0,1,0.31905861823832204,1.1328138371233998,1.7299695956591417,0.30798777309081737,0.41912754729699297,0.39077947020090498,0.45319057886312347,0.5399719118400288,0.37971574637291028,0.41454447173922004,0.28564771865721661,0.77254669446161195,0.45170106265475574,0.36760133190500072,0.63934495784803247,0.53378852026439905,0.695845282022721,0.48278268237025634,0.11588808259185701,0.74551417054731473,0.36436280579476887,0.63001528633843806,0.40972722550276802,0.35225847569527913,0.29842097571651105,0.46613436412204245,0.79097852276835989,0.73445393278731164,0.37970407477354767,0.44130297508070865,0.67277797126906291,0.63848609790496647,0.56809809476620821
"DASCMOP1_BC",1,10000,10080,49,26,"feasible_endpoint","AF_train",1,31,0.045358644933350317,1.1794464829032427,1.7099134522567878,0.34825292846323541,0.50611944782992135,0.63384522714300462,0.62782942638673878,0.2730285210533076,0.42697591235841531,0.6139075224918682,0.70643969088141767,0.69107233292389658,0.26141320292914139,0.64530282609806711,0.56266199038960352,0.37992229158606833,0.53658564473491421,0.36357807593863734,0.3038276048256871,0.59845387599499544,0.69406026476865068,0.43111190372494052,0.50369001109934985,0.37647273973245499,0.36086472972289896,0.52001563001384876,0.88485871916299075,0.67891214622411988,0.47504928640682531,0.20106921542753817,0.19794367321778192,0.50841903902021746,0.56694095451792725
"DASCMOP1_BC",1,10000,10080,49,26,"infeasible_endpoint","AI_train",0,31,0.045358644933350317,1.1717740067802758,1.711937886754253,0.34251772683191817,0.78770477075579204,0.45253313213579255,0.49922146061119121,0.31737656244604562,0.38387758060876814,0.64144618593336056,0.47161178583341395,0.96225209289530489,0.67804075920990969,0.47690650300653614,0.67082096955811821,0.39608576385051075,0.56677829245801037,0.33540954828099001,0.5229295709370545,0.64427037022809508,0.41238956890825096,0.56723965363373297,0.58239909238213639,0.16309903548536536,0.36117850628586567,0.62118857822640017,0.62165826864868301,0.64997850500075971,0.28590810591151616,0.6935605772165564,0.43848750841070738,0.34079020146225131,0.55701744967655342
"DASCMOP1_BC",1,10000,10080,49,27,"feasible_endpoint","AF_train",1,31,0.045358644933350317,1.1794464829032427,1.7099134522567878,0.34825292846323541,0.50611944782992135,0.63384522714300462,0.62782942638673878,0.2730285210533076,0.42697591235841531,0.6139075224918682,0.70643969088141767,0.69107233292389658,0.26141320292914139,0.64530282609806711,0.56266199038960352,0.37992229158606833,0.53658564473491421,0.36357807593863734,0.3038276048256871,0.59845387599499544,0.69406026476865068,0.43111190372494052,0.50369001109934985,0.37647273973245499,0.36086472972289896,0.52001563001384876,0.88485871916299075,0.67891214622411988,0.47504928640682531,0.20106921542753817,0.19794367321778192,0.50841903902021746,0.56694095451792725
"DASCMOP1_BC",1,10000,10080,49,27,"infeasible_endpoint","AI_train",0,31,0.045358644933350317,1.1717740067802758,1.711937886754253,0.34251772683191817,0.78770477075579204,0.45253313213579255,0.49922146061119121,0.31737656244604562,0.38387758060876814,0.64144618593336056,0.47161178583341395,0.96225209289530489,0.67804075920990969,0.47690650300653614,0.67082096955811821,0.39608576385051075,0.56677829245801037,0.33540954828099001,0.5229295709370545,0.64427037022809508,0.41238956890825096,0.56723965363373297,0.58239909238213639,0.16309903548536536,0.36117850628586567,0.62118857822640017,0.62165826864868301,0.64997850500075971,0.28590810591151616,0.6935605772165564,0.43848750841070738,0.34079020146225131,0.55701744967655342
"DASCMOP1_BC",1,10000,10080,49,28,"feasible_endpoint","AF_train",1,24,0.094557989537416703,1.1669137976967492,1.7253652759782976,0.33159396445528133,0.73355206906504056,0.54934187269069357,0.67826825519197498,0.51442147351138778,0.50924628526728566,0.29910574448315502,0.53210886623999099,0.55864748473668602,0.44125699748949898,0.55145725807609458,0.48056544776667143,0.51375522603517876,0.56872471062404817,0.58889277353864566,0.2838111958748033,0.57832521653067426,0.69132469315647749,0.67469029367657307,0.46947128295205531,0.50570726537698607,0.094035599948225079,0.58921959252512979,0.97342696797027406,0.36642972069725888,0.26621129075044864,0.66038382713411858,0.55730645225106046,0.44609683004808925,0.66777900161852466
"DASCMOP1_BC",1,10000,10080,49,28,"infeasible_endpoint","AI_train",0,24,0.094557989537416703,1.1717740067802758,1.711937886754253,0.34251772683191817,0.78770477075579204,0.45253313213579255,0.49922146061119121,0.31737656244604562,0.38387758060876814,0.64144618593336056,0.47161178583341395,0.96225209289530489,0.67804075920990969,0.47690650300653614,0.67082096955811821,0.39608576385051075,0.56677829245801037,0.33540954828099001,0.5229295709370545,0.64427037022809508,0.41238956890825096,0.56723965363373297,0.58239909238213639,0.16309903548536536,0.36117850628586567,0.62118857822640017,0.62165826864868301,0.64997850500075971,0.28590810591151616,0.6935605772165564,0.43848750841070738,0.34079020146225131,0.55701744967655342
"DASCMOP1_BC",1,10000,10080,49,29,"feasible_endpoint","AF_train",1,9,0.19093564264007218,1.1380824309847577,1.7556092116827771,0.29528184897052734,0.40256007529155879,0.42902146698724797,0.47566267254687228,0.41543981893504128,0.70443593646705704,0.4203145769442963,0.50772587105272537,0.48815576229131391,0.37275617575379022,0.63878266899754144,0.5731917041172776,0.60335064047869436,0.55412391584388965,0.46042645142171124,0.2026445456919726,0.72516239714759612,0.73312562955736438,0.45809266839880697,0.49791413215441471,0.72228483865204973,0.56029644024325465,0.41097643885986213,0.82937656380956992,0.57419600120886793,0.47878124838429414,0.61296812261074995,0.60445082200213918,0.71448802585400017,0.67537278054279504
"DASCMOP1_BC",1,10000,10080,49,29,"infeasible_endpoint","AI_train",0,9,0.19093564264007218,1.1328138371233998,1.7299695956591417,0.30798777309081737,0.41912754729699297,0.39077947020090498,0.45319057886312347,0.5399719118400288,0.37971574637291028,0.41454447173922004,0.28564771865721661,0.77254669446161195,0.45170106265475574,0.36760133190500072,0.63934495784803247,0.53378852026439905,0.695845282022721,0.48278268237025634,0.11588808259185701,0.74551417054731473,0.36436280579476887,0.63001528633843806,0.40972722550276802,0.35225847569527913,0.29842097571651105,0.46613436412204245,0.79097852276835989,0.73445393278731164,0.37970407477354767,0.44130297508070865,0.67277797126906291,0.63848609790496647,0.56809809476620821
"DASCMOP1_BC",1,10000,10080,49,30,"feasible_endpoint","AF_train",1,39,0.034918332496971745,1.1958231478854784,1.697115103286684,0.36527917148097033,0.45881253932640209,0.88871925992738221,0.54916214267225238,0.30697227390332227,0.6975341629286903,0.29506772539767423,0.67207098203976801,0.36665181958149584,0.18221061460183818,0.62196733175784513,0.72037356937311803,0.65636007183024392,0.53363174947203174,0.37579285228833542,0.45203081025347047,0.533354873312748,0.66534976477771579,0.40879738713728653,0.49458260962394474,0.28423612155003314,0.78614367719789202,0.56816962046649366,0.64912330913744931,0.70027720063147236,0.69394973580505748,0.63979997316467152,0.46251525096312623,0.69963304634956547,0.61469390932062296
"DASCMOP1_BC",1,10000,10080,49,30,"infeasible_endpoint","AI_train",0,39,0.034918332496971745,1.190990487950176,1.6922613541443066,0.36529135775521843,0.58537645014412254,0.48004580344016728,0.77180547273895894,0.59472360857783557,0.47072787315339071,0.34317343597071454,0.69309645138187603,0.71185536859946419,0.21551916480130362,0.43831734054689026,0.72198555507874862,0.46904091375287266,0.5532767755485366,0.33555533842221519,0.6407535990061497,0.59695785014860658,0.54963282452211726,0.32666669570314988,0.69102943638968373,0.64933352715527859,0.5536819631171146,0.55660064398172993,0.55944684686224277,0.37387675792385433,0.56487314183371529,1,0.72240550184183494,0.58438578200040991,0.81343732354562182
"DASCMOP1_BC",1,10000,10080,49,31,"feasible_endpoint","AF_train",1,47,0.074229264707027703,1.206854133615062,1.6808205727281129,0.38092767063303723,0.45620083417570378,0.32877006656143215,0.85400649775356041,0.82597394450553707,0.2964224979884123,0.51809302785352462,0.62902777012275146,0.79845375772101612,0.64433526018325016,0.57747470046892013,0.63755548655397909,0.48216329046741335,0.40374509806263736,0.61962031662214057,0.60336020037387827,0.71371181591885402,0.61098941093517745,0.51595951645149252,0.4742645501658449,0.46534367416910122,0.51685305979074614,0.58278435771355297,0.58622631454301066,0.25249730125074465,0.62653518135860975,1,0.59985052970328379,0.78447423573158448,0.52577363868365967
"DASCMOP1_BC",1,10000,10080,49,31,"infeasible_endpoint","AI_train",0,47,0.074229264707027703,1.1959009195625308,1.6837182798451749,0.37303072094706724,0.40261104671067871,0.3823591132903702,0.507091810499398,0.3473480340507355,0.24447759744838735,0.53394096946115932,0.12097537736718048,0.81121908030680479,0.51358927791387388,0.71272887849256916,0.38545202223790415,0.49102493168742006,0.31490803524980365,0.5443146986020756,0.49009684942648279,0.62114682500030804,0.69608744153481517,0.70343362980126511,0.69482651021806885,0.39293191857473553,0.42707086836056696,0.58508011743253041,0.72313215203911541,0.6741767132163472,0.38822076611819978,0.66810950101468791,0.69268494567979444,0.49615538063037345,0.46005659653137165
"DASCMOP1_BC",1,10000,10080,49,32,"feasible_endpoint","AF_train",1,39,0.086697772452896199,1.1958231478854784,1.697115103286684,0.36527917148097033,0.45881253932640209,0.88871925992738221,0.54916214267225238,0.30697227390332227,0.6975341629286903,0.29506772539767423,0.67207098203976801,0.36665181958149584,0.18221061460183818,0.62196733175784513,0.72037356937311803,0.65636007183024392,0.53363174947203174,0.37579285228833542,0.45203081025347047,0.533354873312748,0.66534976477771579,0.40879738713728653,0.49458260962394474,0.28423612155003314,0.78614367719789202,0.56816962046649366,0.64912330913744931,0.70027720063147236,0.69394973580505748,0.63979997316467152,0.46251525096312623,0.69963304634956547,0.61469390932062296
"DASCMOP1_BC",1,10000,10080,49,32,"infeasible_endpoint","AI_train",0,39,0.086697772452896199,1.1959009195625308,1.6837182798451749,0.37303072094706724,0.40261104671067871,0.3823591132903702,0.507091810499398,0.3473480340507355,0.24447759744838735,0.53394096946115932,0.12097537736718048,0.81121908030680479,0.51358927791387388,0.71272887849256916,0.38545202223790415,0.49102493168742006,0.31490803524980365,0.5443146986020756,0.49009684942648279,0.62114682500030804,0.69608744153481517,0.70343362980126511,0.69482651021806885,0.39293191857473553,0.42707086836056696,0.58508011743253041,0.72313215203911541,0.6741767132163472,0.38822076611819978,0.66810950101468791,0.69268494567979444,0.49615538063037345,0.46005659653137165
"DASCMOP1_BC",1,10000,10080,49,33,"feasible_endpoint","AF_train",1,68,0.3457335760196581,1.2492378662432435,1.6493789293290873,0.42187794035553111,0.36978329780060676,0.43598731140681485,0.46113254056271358,0.30399991126195336,0.48772721054495416,0.86617449637239008,0.40782294190393087,0.73144688888369969,0.64870740025723173,0.63459760726549641,0.65196092789303361,0.38922469589005038,0.36902053295593329,0.41287123058334446,0.59433993684015496,0.79154351743345708,0.64122935261276426,0.65781864626829911,0.61960704505572939,0.58074515239722069,0.83536513842242921,0.57410759332576555,0.57137619181107957,0.34599029757716915,0.29652632312556221,0.67033032043267626,0.63882616551085725,0.57352735428103974,0.47725381825348906
"DASCMOP1_BC",1,10000,10080,49,33,"infeasible_endpoint","AI_train",0,68,0.3457335760196581,1.206387769462304,1.6442861529004369,0.40116680840001373,0.13965448300518138,0.6154017115408621,0.42595575316649609,0.56260670906180721,0.55195111462105961,0.58225504213724644,0.41571923719299808,0.49428553941940462,0.64611219243572693,0.622893384433026,0.65384403936857693,0.39704470242285866,0.64658826768691302,0.42079350448198577,0.35222639879043671,0.67365587523844872,0.4487102153765512,0.38657652252368552,0.48855863653304887,0.6541235710395843,0.52672636011533336,0.20108602281565632,0.7321084185558937,0.47455523977286673,0.43247580558047821,0.56559729595999442,0.45208741978460903,0.50405934713593492,0.37947651720459491
"DASCMOP1_BC",1,10000,10080,49,34,"feasible_endpoint","AF_train",1,39,0.047311568742423218,1.1958231478854784,1.697115103286684,0.36527917148097033,0.45881253932640209,0.88871925992738221,0.54916214267225238,0.30697227390332227,0.6975341629286903,0.29506772539767423,0.67207098203976801,0.36665181958149584,0.18221061460183818,0.62196733175784513,0.72037356937311803,0.65636007183024392,0.53363174947203174,0.37579285228833542,0.45203081025347047,0.533354873312748,0.66534976477771579,0.40879738713728653,0.49458260962394474,0.28423612155003314,0.78614367719789202,0.56816962046649366,0.64912330913744931,0.70027720063147236,0.69394973580505748,0.63979997316467152,0.46251525096312623,0.69963304634956547,0.61469390932062296
"DASCMOP1_BC",1,10000,10080,49,34,"infeasible_endpoint","AI_train",0,39,0.047311568742423218,1.1928227187266098,1.6891687969616807,0.36813243331010792,0.6374006287321724,0.77679638947918406,0.62396319418920776,0.86418817038209017,0.62248562334709923,0.53679395446385836,0.67664307119873146,0.54537516982374123,0.57936237660282341,0.85276995201509864,0.34991574296121397,0.51010576409612352,0.45486521153085208,0.45149583381233654,0.48398715479111942,0.6879391486860652,0.60082248742531141,0.36531477041085575,0.51649105349703517,0.66393434127949835,0.5739150153246636,0.17409514378488339,0.68925530584384276,0.37251386533887365,0.5372763553490647,0.32408816168400773,0.23812403284508149,0.3542395235281055,0.60513170798446558
"DASCMOP1_BC",1,10000,10080,49,35,"feasible_endpoint","AF_train",1,21,0.068975280999586108,1.162140382796244,1.7277944619516559,0.32725202982198132,0.59092928280928747,0.52215700756412287,0.62127458158875348,0.55828400334770822,0.60426263026876148,0.26138683116801315,0.46883091606644378,0.46295568157708789,0.29702653699615611,0.53770019194140195,0.44079097805951384,0.51335158664534219,0.55951579168645849,0.69916344361353522,0.20730504018371076,0.49343511329785261,0.86861132973867317,0.69931098040115414,0.50324990840113371,0.63765248002850661,0.15982171257742672,0.43572354092942256,0.88925328549762683,0.39821737255119599,0.30717193315097108,0.4846216779614787,0.56830783739366808,0.4399121432535914,0.58043830611102942
"DASCMOP1_BC",1,10000,10080,49,35,"infeasible_endpoint","AI_train",0,21,0.068975280999586108,1.1548921026890613,1.7195579034835591,0.32784914036646928,0.39013050217877904,0.57567432496712878,0.45030625018168147,0.55397487408283985,0.63758379685215838,0.36569536293900207,0.75853778306321795,0.63991500881923158,0.28102629455804962,0.3143164528625928,0.63287462710759956,0.64390985987697302,0.42371444617793619,0.49497267800425537,0.40088731788787374,0.3810947131055521,0.95868492246999781,0.45945212728777496,0.42697794565877228,0.63705413401805866,0.61546079422645239,0.40142956015656373,0.62600576589727019,0.58255035825528068,0.66806674181377301,0.62462896400147017,0.45124012344672637,0.87941823158508059,0.39198086880446487
"DASCMOP1_BC",1,10000,10080,49,36,"feasible_endpoint","AF_train",1,60,0.40576526583228012,1.2361916048153407,1.6626996818447597,0.40746455741840459,0.35023282037299919,0.70625369441890562,0.54860503406963657,0.45394055724291094,0.68248286048231765,0.31814320731148193,0.64348213502952689,0.3366189356045427,0.20471174046430704,0.73795037924314855,0.81259900771541294,0.47196766656292355,0.69504955792071055,0.34291759924254062,0.50436137302616213,0.58942270447112666,0.53604333370916402,0.35646517653568832,0.58217152262953054,0.46859647623959955,0.57544128974909681,0.56287806096929627,0.65747782839276536,0.58365579747201379,0.78178538536279174,0.55695109916207963,0.47619470381815687,0.8699250021172561,0.47813291496069377
"DASCMOP1_BC",1,10000,10080,49,36,"infeasible_endpoint","AI_train",0,60,0.40576526583228012,1.1928227187266098,1.6891687969616807,0.36813243331010792,0.6374006287321724,0.77679638947918406,0.62396319418920776,0.86418817038209017,0.62248562334709923,0.53679395446385836,0.67664307119873146,0.54537516982374123,0.57936237660282341,0.85276995201509864,0.34991574296121397,0.51010576409612352,0.45486521153085208,0.45149583381233654,0.48398715479111942,0.6879391486860652,0.60082248742531141,0.36531477041085575,0.51649105349703517,0.66393434127949835,0.5739150153246636,0.17409514378488339,0.68925530584384276,0.37251386533887365,0.5372763553490647,0.32408816168400773,0.23812403284508149,0.3542395235281055,0.60513170798446558
"DASCMOP1_BC",1,10000,10080,49,37,"feasible_endpoint","AF_train",1,24,0.090753931534427734,1.1669137976967492,1.7253652759782976,0.33159396445528133,0.73355206906504056,0.54934187269069357,0.67826825519197498,0.51442147351138778,0.50924628526728566,0.29910574448315502,0.53210886623999099,0.55864748473668602,0.44125699748949898,0.55145725807609458,0.48056544776667143,0.51375522603517876,0.56872471062404817,0.58889277353864566,0.2838111958748033,0.57832521653067426,0.69132469315647749,0.67469029367657307,0.46947128295205531,0.50570726537698607,0.094035599948225079,0.58921959252512979,0.97342696797027406,0.36642972069725888,0.26621129075044864,0.66038382713411858,0.55730645225106046,0.44609683004808925,0.66777900161852466
"DASCMOP1_BC",1,10000,10080,49,37,"infeasible_endpoint","AI_train",0,24,0.090753931534427734,1.1548921026890613,1.7195579034835591,0.32784914036646928,0.39013050217877904,0.57567432496712878,0.45030625018168147,0.55397487408283985,0.63758379685215838,0.36569536293900207,0.75853778306321795,0.63991500881923158,0.28102629455804962,0.3143164528625928,0.63287462710759956,0.64390985987697302,0.42371444617793619,0.49497267800425537,0.40088731788787374,0.3810947131055521,0.95868492246999781,0.45945212728777496,0.42697794565877228,0.63705413401805866,0.61546079422645239,0.40142956015656373,0.62600576589727019,0.58255035825528068,0.66806674181377301,0.62462896400147017,0.45124012344672637,0.87941823158508059,0.39198086880446487
"DASCMOP1_BC",1,10000,10080,49,38,"feasible_endpoint","AF_train",1,24,0.090753931534427734,1.1669137976967492,1.7253652759782976,0.33159396445528133,0.73355206906504056,0.54934187269069357,0.67826825519197498,0.51442147351138778,0.50924628526728566,0.29910574448315502,0.53210886623999099,0.55864748473668602,0.44125699748949898,0.55145725807609458,0.48056544776667143,0.51375522603517876,0.56872471062404817,0.58889277353864566,0.2838111958748033,0.57832521653067426,0.69132469315647749,0.67469029367657307,0.46947128295205531,0.50570726537698607,0.094035599948225079,0.58921959252512979,0.97342696797027406,0.36642972069725888,0.26621129075044864,0.66038382713411858,0.55730645225106046,0.44609683004808925,0.66777900161852466
"DASCMOP1_BC",1,10000,10080,49,38,"infeasible_endpoint","AI_train",0,24,0.090753931534427734,1.1548921026890613,1.7195579034835591,0.32784914036646928,0.39013050217877904,0.57567432496712878,0.45030625018168147,0.55397487408283985,0.63758379685215838,0.36569536293900207,0.75853778306321795,0.63991500881923158,0.28102629455804962,0.3143164528625928,0.63287462710759956,0.64390985987697302,0.42371444617793619,0.49497267800425537,0.40088731788787374,0.3810947131055521,0.95868492246999781,0.45945212728777496,0.42697794565877228,0.63705413401805866,0.61546079422645239,0.40142956015656373,0.62600576589727019,0.58255035825528068,0.66806674181377301,0.62462896400147017,0.45124012344672637,0.87941823158508059,0.39198086880446487
"DASCMOP1_BC",1,10000,10080,49,39,"feasible_endpoint","AF_train",1,68,0.15804234701674186,1.2492378662432435,1.6493789293290873,0.42187794035553111,0.36978329780060676,0.43598731140681485,0.46113254056271358,0.30399991126195336,0.48772721054495416,0.86617449637239008,0.40782294190393087,0.73144688888369969,0.64870740025723173,0.63459760726549641,0.65196092789303361,0.38922469589005038,0.36902053295593329,0.41287123058334446,0.59433993684015496,0.79154351743345708,0.64122935261276426,0.65781864626829911,0.61960704505572939,0.58074515239722069,0.83536513842242921,0.57410759332576555,0.57137619181107957,0.34599029757716915,0.29652632312556221,0.67033032043267626,0.63882616551085725,0.57352735428103974,0.47725381825348906
"DASCMOP1_BC",1,10000,10080,49,39,"infeasible_endpoint","AI_train",0,68,0.15804234701674186,1.2339423712613053,1.6340834343471493,0.42187794035553111,0.36978329780060676,0.43598731140681485,0.46113254056271358,0.30399991126195336,0.48772721054495416,0.83358133212720231,0.40782294190393087,0.73144688888369969,0.64870740025723173,0.63459760726549641,0.65196092789303361,0.38922469589005038,0.36902053295593329,0.41287123058334446,0.59433993684015496,0.79154351743345708,0.64122935261276426,0.65781864626829911,0.61960704505572939,0.58074515239722069,0.83536513842242921,0.57410759332576555,0.57137619181107957,0.34599029757716915,0.29652632312556221,0.67033032043267626,0.63882616551085725,0.57352735428103974,0.47725381825348906
"DASCMOP1_BC",1,10000,10080,49,40,"feasible_endpoint","AF_train",1,47,0.049377642952697413,1.206854133615062,1.6808205727281129,0.38092767063303723,0.45620083417570378,0.32877006656143215,0.85400649775356041,0.82597394450553707,0.2964224979884123,0.51809302785352462,0.62902777012275146,0.79845375772101612,0.64433526018325016,0.57747470046892013,0.63755548655397909,0.48216329046741335,0.40374509806263736,0.61962031662214057,0.60336020037387827,0.71371181591885402,0.61098941093517745,0.51595951645149252,0.4742645501658449,0.46534367416910122,0.51685305979074614,0.58278435771355297,0.58622631454301066,0.25249730125074465,0.62653518135860975,1,0.59985052970328379,0.78447423573158448,0.52577363868365967
"DASCMOP1_BC",1,10000,10080,49,40,"infeasible_endpoint","AI_train",0,47,0.049377642952697413,1.204682575071089,1.6723185223153612,0.38451345538421733,0.25597842130653903,0.38466713197261337,0.35342702947140703,0.67616933268853352,0.19754209073307741,0.3218263009726271,0.55954739012463717,0.62003607291401774,0.4309276207146211,0.65291061712737863,0.70910374877248861,0.57049244413224331,0.52189718203969182,0.47375772478473388,0.44076979891788681,0.47662278412860298,0.46372300547715639,0.83014295190216325,0.44035301165251728,0.52141412317502489,0.61818193298711333,0.24096613355937629,0.49982434966376155,0.72134552788757145,0.5426258776447731,0.52708492760260484,0.79722792854161861,0.72630801154119229,0.55058121355323431
"DASCMOP1_BC",1,10000,10080,49,41,"feasible_endpoint","AF_train",1,57,0.16924799549890773,1.2257640125211147,1.6642606116572685,0.40083483550751209,0.55982415824947973,0.82726627612275494,0.55808999299945139,0.36282180075838011,0.6078881285032085,0.4596954485406044,0.5991827720625772,0.63079372046510784,0.16941753721016792,0.62076704348050105,0.42690391992530008,0.51728060591153557,0.19245840812451767,0.42417285076847838,0.74093692971858505,0.68017303372759963,0.44959223388417541,0.58871159664593797,0.52725148635095109,0.39721471033553724,0.66165943748552292,0.5048243029006847,0.32549586824680987,0.5500288389650092,0.61492529744185098,0.85076987689997841,0.69709509587292873,0.62951792969697085,0.69452984653848637
"DASCMOP1_BC",1,10000,10080,49,41,"infeasible_endpoint","AI_train",0,57,0.16924799549890773,1.204682575071089,1.6723185223153612,0.38451345538421733,0.25597842130653903,0.38466713197261337,0.35342702947140703,0.67616933268853352,0.19754209073307741,0.3218263009726271,0.55954739012463717,0.62003607291401774,0.4309276207146211,0.65291061712737863,0.70910374877248861,0.57049244413224331,0.52189718203969182,0.47375772478473388,0.44076979891788681,0.47662278412860298,0.46372300547715639,0.83014295190216325,0.44035301165251728,0.52141412317502489,0.61818193298711333,0.24096613355937629,0.49982434966376155,0.72134552788757145,0.5426258776447731,0.52708492760260484,0.79722792854161861,0.72630801154119229,0.55058121355323431
"DASCMOP1_BC",1,10000,10080,49,42,"feasible_endpoint","AF_train",1,49,0.062591665574218136,1.2131606510474944,1.6777500334798439,0.38623395193800292,0.73251964258867142,0.87858000135548131,0.40358030445654047,0.47559363980490615,0.66567118707115747,0.42752681642743628,0.4426235284518274,0.50824652072700971,0.61521070770425157,0.8572726380081952,0.36724152025773182,0.63050826059723919,0.39762935710910213,0.40158303458097699,0.49685758255075163,0.71105680990197595,0.80060249857054755,0.76623418718057767,0.64736844909599545,0.37681778659070309,0.58490762450248968,0.46685544626962161,0.67681592299141879,0.45021371121995479,0.23959738573582184,0.49194338109462671,0.44635962053544054,0.30865181193926183,0.52511395528482374
"DASCMOP1_BC",1,10000,10080,49,42,"infeasible_endpoint","AI_train",0,49,0.062591665574218136,1.204682575071089,1.6723185223153612,0.38451345538421733,0.25597842130653903,0.38466713197261337,0.35342702947140703,0.67616933268853352,0.19754209073307741,0.3218263009726271,0.55954739012463717,0.62003607291401774,0.4309276207146211,0.65291061712737863,0.70910374877248861,0.57049244413224331,0.52189718203969182,0.47375772478473388,0.44076979891788681,0.47662278412860298,0.46372300547715639,0.83014295190216325,0.44035301165251728,0.52141412317502489,0.61818193298711333,0.24096613355937629,0.49982434966376155,0.72134552788757145,0.5426258776447731,0.52708492760260484,0.79722792854161861,0.72630801154119229,0.55058121355323431
"DASCMOP1_BC",1,10000,10080,49,43,"feasible_endpoint","AF_train",1,39,0.19300502083086055,1.1958231478854784,1.697115103286684,0.36527917148097033,0.45881253932640209,0.88871925992738221,0.54916214267225238,0.30697227390332227,0.6975341629286903,0.29506772539767423,0.67207098203976801,0.36665181958149584,0.18221061460183818,0.62196733175784513,0.72037356937311803,0.65636007183024392,0.53363174947203174,0.37579285228833542,0.45203081025347047,0.533354873312748,0.66534976477771579,0.40879738713728653,0.49458260962394474,0.28423612155003314,0.78614367719789202,0.56816962046649366,0.64912330913744931,0.70027720063147236,0.69394973580505748,0.63979997316467152,0.46251525096312623,0.69963304634956547,0.61469390932062296
"DASCMOP1_BC",1,10000,10080,49,43,"infeasible_endpoint","AI_train",0,39,0.19300502083086055,1.204682575071089,1.6723185223153612,0.38451345538421733,0.25597842130653903,0.38466713197261337,0.35342702947140703,0.67616933268853352,0.19754209073307741,0.3218263009726271,0.55954739012463717,0.62003607291401774,0.4309276207146211,0.65291061712737863,0.70910374877248861,0.57049244413224331,0.52189718203969182,0.47375772478473388,0.44076979891788681,0.47662278412860298,0.46372300547715639,0.83014295190216325,0.44035301165251728,0.52141412317502489,0.61818193298711333,0.24096613355937629,0.49982434966376155,0.72134552788757145,0.5426258776447731,0.52708492760260484,0.79722792854161861,0.72630801154119229,0.55058121355323431
"DASCMOP1_BC",1,10000,10080,49,44,"feasible_endpoint","AF_train",1,68,0.15804234701674186,1.2492378662432435,1.6493789293290873,0.42187794035553111,0.36978329780060676,0.43598731140681485,0.46113254056271358,0.30399991126195336,0.48772721054495416,0.86617449637239008,0.40782294190393087,0.73144688888369969,0.64870740025723173,0.63459760726549641,0.65196092789303361,0.38922469589005038,0.36902053295593329,0.41287123058334446,0.59433993684015496,0.79154351743345708,0.64122935261276426,0.65781864626829911,0.61960704505572939,0.58074515239722069,0.83536513842242921,0.57410759332576555,0.57137619181107957,0.34599029757716915,0.29652632312556221,0.67033032043267626,0.63882616551085725,0.57352735428103974,0.47725381825348906
"DASCMOP1_BC",1,10000,10080,49,44,"infeasible_endpoint","AI_train",0,68,0.15804234701674186,1.2339423712613053,1.6340834343471493,0.42187794035553111,0.36978329780060676,0.43598731140681485,0.46113254056271358,0.30399991126195336,0.48772721054495416,0.83358133212720231,0.40782294190393087,0.73144688888369969,0.64870740025723173,0.63459760726549641,0.65196092789303361,0.38922469589005038,0.36902053295593329,0.41287123058334446,0.59433993684015496,0.79154351743345708,0.64122935261276426,0.65781864626829911,0.61960704505572939,0.58074515239722069,0.83536513842242921,0.57410759332576555,0.57137619181107957,0.34599029757716915,0.29652632312556221,0.67033032043267626,0.63882616551085725,0.57352735428103974,0.47725381825348906
"DASCMOP1_BC",1,10000,10080,49,45,"feasible_endpoint","AF_train",1,60,0.21111074032063762,1.2361916048153407,1.6626996818447597,0.40746455741840459,0.35023282037299919,0.70625369441890562,0.54860503406963657,0.45394055724291094,0.68248286048231765,0.31814320731148193,0.64348213502952689,0.3366189356045427,0.20471174046430704,0.73795037924314855,0.81259900771541294,0.47196766656292355,0.69504955792071055,0.34291759924254062,0.50436137302616213,0.58942270447112666,0.53604333370916402,0.35646517653568832,0.58217152262953054,0.46859647623959955,0.57544128974909681,0.56287806096929627,0.65747782839276536,0.58365579747201379,0.78178538536279174,0.55695109916207963,0.47619470381815687,0.8699250021172561,0.47813291496069377
"DASCMOP1_BC",1,10000,10080,49,45,"infeasible_endpoint","AI_train",0,60,0.21111074032063762,1.2339423712613053,1.6340834343471493,0.42187794035553111,0.36978329780060676,0.43598731140681485,0.46113254056271358,0.30399991126195336,0.48772721054495416,0.83358133212720231,0.40782294190393087,0.73144688888369969,0.64870740025723173,0.63459760726549641,0.65196092789303361,0.38922469589005038,0.36902053295593329,0.41287123058334446,0.59433993684015496,0.79154351743345708,0.64122935261276426,0.65781864626829911,0.61960704505572939,0.58074515239722069,0.83536513842242921,0.57410759332576555,0.57137619181107957,0.34599029757716915,0.29652632312556221,0.67033032043267626,0.63882616551085725,0.57352735428103974,0.47725381825348906
"DASCMOP1_BC",1,10000,10080,49,46,"feasible_endpoint","AF_train",1,60,0.49122531626660804,1.2361916048153407,1.6626996818447597,0.40746455741840459,0.35023282037299919,0.70625369441890562,0.54860503406963657,0.45394055724291094,0.68248286048231765,0.31814320731148193,0.64348213502952689,0.3366189356045427,0.20471174046430704,0.73795037924314855,0.81259900771541294,0.47196766656292355,0.69504955792071055,0.34291759924254062,0.50436137302616213,0.58942270447112666,0.53604333370916402,0.35646517653568832,0.58217152262953054,0.46859647623959955,0.57544128974909681,0.56287806096929627,0.65747782839276536,0.58365579747201379,0.78178538536279174,0.55695109916207963,0.47619470381815687,0.8699250021172561,0.47813291496069377
"DASCMOP1_BC",1,10000,10080,49,46,"infeasible_endpoint","AI_train",0,60,0.49122531626660804,1.1833148543613314,1.6325245570630673,0.39486887156625589,0.62718268175329417,0.720150028633608,0.80583478133339048,0.4409496554675732,0.66091240815124641,0.78343641833344835,0.32299231845671827,0.57162020639239053,0.80203836655981453,0.86248369944419079,0.60464257953589773,0.40271537963021742,0.27484124970326373,0.53027626364464198,0.70813046577886529,0.65957081010876584,0.4461983192488711,0.50312720870331273,0.47892358431820303,0.38735915446064662,0.7717335736136155,0.56929894086293475,0.4689897028405699,0.41724657939573501,0.57756492893660494,0.88465544638723725,0.44390851114114915,0.49496095527088962,0.53144067702013698
"DASCMOP1_BC",1,10000,10080,49,47,"feasible_endpoint","AF_train",1,27,0.17836261689902236,1.1727993210366967,1.7152668456147118,0.34114949647609299,0.42406055162570888,0.57442576743515739,0.60108390059711592,0.41922194611611169,0.47872257481083469,0.30152561604988926,0.69122506564790731,0.45290364020989432,0.26651830835218193,0.70198559341488487,0.47638272824770489,0.55861342059467201,0.64167452430538152,0.47467469007292118,0.23641253154738623,0.76865711930525915,0.65088068624749995,0.45602317403579806,0.50812317821655006,0.36154353819080565,0.27066801018242609,0.62396948492053073,0.89086825918046431,0.74151640465294344,0.52689309052530531,0.23653490475168243,0.32549267559010758,0.6171895453581181,0.50956604607757927
"DASCMOP1_BC",1,10000,10080,49,47,"infeasible_endpoint","AI_train",0,27,0.17836261689902236,1.1499447407318975,1.709509692376693,0.33092421336437439,0.4702344134186478,0.4346556492951581,0.32067999684714676,0.49817903023081522,0.55850966888007403,0.39066631452053707,0.23107738362909408,0.46510649155334433,0.64010533942870962,0.7989240184398434,0.53699995030383207,0.70739781890343068,0.50442325149244494,0.52670624343227535,0.52165677934685251,0.67778301425456955,0.81944443151946378,0.75360237332586255,0.52752021894111523,0.44890669147361706,0.50506503032914829,0.69417505250998579,0.64360978039560968,0.52013745808888912,0.19198049641704146,0.75733902191839297,0.77248790365173714,0.52030970393198694,0.4249915981222262
"DASCMOP1_BC",1,10000,10080,49,48,"feasible_endpoint","AF_train",1,57,0.095542816339049139,1.2257640125211147,1.6642606116572685,0.40083483550751209,0.55982415824947973,0.82726627612275494,0.55808999299945139,0.36282180075838011,0.6078881285032085,0.4596954485406044,0.5991827720625772,0.63079372046510784,0.16941753721016792,0.62076704348050105,0.42690391992530008,0.51728060591153557,0.19245840812451767,0.42417285076847838,0.74093692971858505,0.68017303372759963,0.44959223388417541,0.58871159664593797,0.52725148635095109,0.39721471033553724,0.66165943748552292,0.5048243029006847,0.32549586824680987,0.5500288389650092,0.61492529744185098,0.85076987689997841,0.69709509587292873,0.62951792969697085,0.69452984653848637
"DASCMOP1_BC",1,10000,10080,49,48,"infeasible_endpoint","AI_train",0,57,0.095542816339049139,1.2120701352815466,1.6660027206790047,0.39222610060597407,0.41527993605135249,0.73012489762646759,0.39595596198913452,0.39166368310420152,0.8284436985239807,0.41927720573244043,0.54872931046208451,0.31512177702797756,0.41451280864883178,0.63027649002470176,0.87890728565942733,0.67367293412789953,0.58598343609037351,0.50920473958763224,0.60411337170438351,0.40049904596588892,0.73132612594435542,0.46111324898185801,0.37951718233087567,0.34940135005985629,0.94582981806502542,0.49797532823516916,0.50011772193949766,0.60425005408131816,0.63602235282113573,0.8168717205154582,0.55756948338658563,0.56262464737125462,0.50283919761426177
"DASCMOP1_BC",1,10000,10080,49,49,"feasible_endpoint","AF_train",1,49,0.073749456224760979,1.2131606510474944,1.6777500334798439,0.38623395193800292,0.73251964258867142,0.87858000135548131,0.40358030445654047,0.47559363980490615,0.66567118707115747,0.42752681642743628,0.4426235284518274,0.50824652072700971,0.61521070770425157,0.8572726380081952,0.36724152025773182,0.63050826059723919,0.39762935710910213,0.40158303458097699,0.49685758255075163,0.71105680990197595,0.80060249857054755,0.76623418718057767,0.64736844909599545,0.37681778659070309,0.58490762450248968,0.46685544626962161,0.67681592299141879,0.45021371121995479,0.23959738573582184,0.49194338109462671,0.44635962053544054,0.30865181193926183,0.52511395528482374
"DASCMOP1_BC",1,10000,10080,49,49,"infeasible_endpoint","AI_train",0,49,0.073749456224760979,1.2120701352815466,1.6660027206790047,0.39222610060597407,0.41527993605135249,0.73012489762646759,0.39595596198913452,0.39166368310420152,0.8284436985239807,0.41927720573244043,0.54872931046208451,0.31512177702797756,0.41451280864883178,0.63027649002470176,0.87890728565942733,0.67367293412789953,0.58598343609037351,0.50920473958763224,0.60411337170438351,0.40049904596588892,0.73132612594435542,0.46111324898185801,0.37951718233087567,0.34940135005985629,0.94582981806502542,0.49797532823516916,0.50011772193949766,0.60425005408131816,0.63602235282113573,0.8168717205154582,0.55756948338658563,0.56262464737125462,0.50283919761426177
"DASCMOP1_BC",1,10000,10080,49,50,"feasible_endpoint","AF_train",1,68,0.32248518699633605,1.2492378662432435,1.6493789293290873,0.42187794035553111,0.36978329780060676,0.43598731140681485,0.46113254056271358,0.30399991126195336,0.48772721054495416,0.86617449637239008,0.40782294190393087,0.73144688888369969,0.64870740025723173,0.63459760726549641,0.65196092789303361,0.38922469589005038,0.36902053295593329,0.41287123058334446,0.59433993684015496,0.79154351743345708,0.64122935261276426,0.65781864626829911,0.61960704505572939,0.58074515239722069,0.83536513842242921,0.57410759332576555,0.57137619181107957,0.34599029757716915,0.29652632312556221,0.67033032043267626,0.63882616551085725,0.57352735428103974,0.47725381825348906
"DASCMOP1_BC",1,10000,10080,49,50,"infeasible_endpoint","AI_train",0,68,0.32248518699633605,1.2120701352815466,1.6660027206790047,0.39222610060597407,0.41527993605135249,0.73012489762646759,0.39595596198913452,0.39166368310420152,0.8284436985239807,0.41927720573244043,0.54872931046208451,0.31512177702797756,0.41451280864883178,0.63027649002470176,0.87890728565942733,0.67367293412789953,0.58598343609037351,0.50920473958763224,0.60411337170438351,0.40049904596588892,0.73132612594435542,0.46111324898185801,0.37951718233087567,0.34940135005985629,0.94582981806502542,0.49797532823516916,0.50011772193949766,0.60425005408131816,0.63602235282113573,0.8168717205154582,0.55756948338658563,0.56262464737125462,0.50283919761426177
"DASCMOP1_BC",1,10000,10080,49,51,"feasible_endpoint","AF_train",1,60,0.18538116059330012,1.2361916048153407,1.6626996818447597,0.40746455741840459,0.35023282037299919,0.70625369441890562,0.54860503406963657,0.45394055724291094,0.68248286048231765,0.31814320731148193,0.64348213502952689,0.3366189356045427,0.20471174046430704,0.73795037924314855,0.81259900771541294,0.47196766656292355,0.69504955792071055,0.34291759924254062,0.50436137302616213,0.58942270447112666,0.53604333370916402,0.35646517653568832,0.58217152262953054,0.46859647623959955,0.57544128974909681,0.56287806096929627,0.65747782839276536,0.58365579747201379,0.78178538536279174,0.55695109916207963,0.47619470381815687,0.8699250021172561,0.47813291496069377
"DASCMOP1_BC",1,10000,10080,49,51,"infeasible_endpoint","AI_train",0,60,0.18538116059330012,1.2120701352815466,1.6660027206790047,0.39222610060597407,0.41527993605135249,0.73012489762646759,0.39595596198913452,0.39166368310420152,0.8284436985239807,0.41927720573244043,0.54872931046208451,0.31512177702797756,0.41451280864883178,0.63027649002470176,0.87890728565942733,0.67367293412789953,0.58598343609037351,0.50920473958763224,0.60411337170438351,0.40049904596588892,0.73132612594435542,0.46111324898185801,0.37951718233087567,0.34940135005985629,0.94582981806502542,0.49797532823516916,0.50011772193949766,0.60425005408131816,0.63602235282113573,0.8168717205154582,0.55756948338658563,0.56262464737125462,0.50283919761426177
"DASCMOP1_BC",1,10000,10080,49,52,"feasible_endpoint","AF_train",1,60,0.70527316316461464,1.2361916048153407,1.6626996818447597,0.40746455741840459,0.35023282037299919,0.70625369441890562,0.54860503406963657,0.45394055724291094,0.68248286048231765,0.31814320731148193,0.64348213502952689,0.3366189356045427,0.20471174046430704,0.73795037924314855,0.81259900771541294,0.47196766656292355,0.69504955792071055,0.34291759924254062,0.50436137302616213,0.58942270447112666,0.53604333370916402,0.35646517653568832,0.58217152262953054,0.46859647623959955,0.57544128974909681,0.56287806096929627,0.65747782839276536,0.58365579747201379,0.78178538536279174,0.55695109916207963,0.47619470381815687,0.8699250021172561,0.47813291496069377
"DASCMOP1_BC",1,10000,10080,49,52,"infeasible_endpoint","AI_train",0,60,0.70527316316461464,1.1520350868804476,1.6771379186878881,0.35140893123842643,0.5491773101112043,0.55299197811276002,0.53394744833091823,0.39382095170538328,0.64883614251304345,0.23288979653554245,0.69549593690789657,0.40013756629990538,0.081812381721145716,0.59103001769113861,0.73310202401211033,0.51958715908546471,0.68984309230433016,0.49749337732134297,0.30943194057354073,0.56626200087923451,0.69000943117999347,0.44325352628382653,0.50862229706572659,0.48491785594990977,0.32766289282816191,0.62034800321271599,0.88311821397374202,0.55917752877452309,0.63055898133562449,0.49561903117562373,0.50297765074847856,0.76987702677568981,0.50091822399421049
"DASCMOP1_BC",1,10000,10080,49,53,"feasible_endpoint","AF_train",1,100,0.23142433256699466,1.281959105422078,1.6003636159457537,0.46519194436978412,0.44871847061404413,0.64817989289080002,0.79314960147180757,0.71092155123587653,0.37754114637906461,0.54861804241648737,0.55342624176359334,0.76075800852102715,0.61118380959391294,0.47752057279825499,0.68264987964624257,0.52911070711436037,0.51776400830950065,0.38126538195245663,0.58480783288231231,0.67548438877361772,0.22470592058384176,0.37384696164378867,0.57910918889908314,0.44707179669889263,0.81287691245368165,0.51836554526926459,0.63028376903132122,0.64473164741083711,0.73411525592535276,0.79979637966660444,0.59361678170653698,0.58664889594276715,0.71922953545459389
"DASCMOP1_BC",1,10000,10080,49,53,"infeasible_endpoint","AI_train",0,100,0.23142433256699466,1.2522358400223819,1.5451392129087826,0.4783131539101369,0.41986589836377108,0.62848791180237551,0.71557033249802293,0.77511997062410343,0.56625458356394998,0.49931499019391279,0.57558984730370089,0.67066188986708419,0.59653306629726066,0.42809368889817917,0.72512008439815401,0.55697545968482354,0.63451719217664992,0.34053982016432216,0.49862235513045783,0.66688694049885211,0.36525193222423075,0.47260119676864032,0.64468564046376908,0.53001558552600103,0.88374686534549562,0.39731311261045255,0.56731430928678217,0.6261197787326358,0.670893938798099,0.70222514683905857,0.58513123243395493,0.54714267713411613,0.79383671371143993
"DASCMOP1_BC",1,10000,10080,49,54,"feasible_endpoint","AF_train",1,100,0.23142433256699466,1.281959105422078,1.6003636159457537,0.46519194436978412,0.44871847061404413,0.64817989289080002,0.79314960147180757,0.71092155123587653,0.37754114637906461,0.54861804241648737,0.55342624176359334,0.76075800852102715,0.61118380959391294,0.47752057279825499,0.68264987964624257,0.52911070711436037,0.51776400830950065,0.38126538195245663,0.58480783288231231,0.67548438877361772,0.22470592058384176,0.37384696164378867,0.57910918889908314,0.44707179669889263,0.81287691245368165,0.51836554526926459,0.63028376903132122,0.64473164741083711,0.73411525592535276,0.79979637966660444,0.59361678170653698,0.58664889594276715,0.71922953545459389
"DASCMOP1_BC",1,10000,10080,49,54,"infeasible_endpoint","AI_train",0,100,0.23142433256699466,1.2522358400223819,1.5451392129087826,0.4783131539101369,0.41986589836377108,0.62848791180237551,0.71557033249802293,0.77511997062410343,0.56625458356394998,0.49931499019391279,0.57558984730370089,0.67066188986708419,0.59653306629726066,0.42809368889817917,0.72512008439815401,0.55697545968482354,0.63451719217664992,0.34053982016432216,0.49862235513045783,0.66688694049885211,0.36525193222423075,0.47260119676864032,0.64468564046376908,0.53001558552600103,0.88374686534549562,0.39731311261045255,0.56731430928678217,0.6261197787326358,0.670893938798099,0.70222514683905857,0.58513123243395493,0.54714267713411613,0.79383671371143993
"DASCMOP1_BC",1,10000,10080,49,55,"feasible_endpoint","AF_train",1,80,0.27793037402569465,1.2717071063944598,1.6311275701501651,0.44370521681523767,0.33566308958863045,0.85586530530298477,0.70758342666941165,0.63466068458644309,0.57653972120583408,0.46961256603503398,0.42808126248325157,0.43161022334596066,0.68705571497582163,0.84529798118011445,0.63955941517327664,0.41851624099009638,0.57913764185680894,0.27974121738104096,0.6736700607800461,0.62464662371445867,0.38339249821481858,0.50111359418029666,0.61656973407966309,0.47306450595636562,0.58959239379009487,0.47427970803829034,0.52214619680832075,0.41538625809224033,0.56866409880478308,0.87439416377822554,0.50374055839041709,0.64619278073122177,0.62220838355149111
"DASCMOP1_BC",1,10000,10080,49,55,"infeasible_endpoint","AI_train",0,80,0.27793037402569465,1.2522358400223819,1.5451392129087826,0.4783131539101369,0.41986589836377108,0.62848791180237551,0.71557033249802293,0.77511997062410343,0.56625458356394998,0.49931499019391279,0.57558984730370089,0.67066188986708419,0.59653306629726066,0.42809368889817917,0.72512008439815401,0.55697545968482354,0.63451719217664992,0.34053982016432216,0.49862235513045783,0.66688694049885211,0.36525193222423075,0.47260119676864032,0.64468564046376908,0.53001558552600103,0.88374686534549562,0.39731311261045255,0.56731430928678217,0.6261197787326358,0.670893938798099,0.70222514683905857,0.58513123243395493,0.54714267713411613,0.79383671371143993
"DASCMOP1_BC",1,10000,10080,49,56,"feasible_endpoint","AF_train",1,80,0.27793037402569465,1.2717071063944598,1.6311275701501651,0.44370521681523767,0.33566308958863045,0.85586530530298477,0.70758342666941165,0.63466068458644309,0.57653972120583408,0.46961256603503398,0.42808126248325157,0.43161022334596066,0.68705571497582163,0.84529798118011445,0.63955941517327664,0.41851624099009638,0.57913764185680894,0.27974121738104096,0.6736700607800461,0.62464662371445867,0.38339249821481858,0.50111359418029666,0.61656973407966309,0.47306450595636562,0.58959239379009487,0.47427970803829034,0.52214619680832075,0.41538625809224033,0.56866409880478308,0.87439416377822554,0.50374055839041709,0.64619278073122177,0.62220838355149111
"DASCMOP1_BC",1,10000,10080,49,56,"infeasible_endpoint","AI_train",0,80,0.27793037402569465,1.2522358400223819,1.5451392129087826,0.4783131539101369,0.41986589836377108,0.62848791180237551,0.71557033249802293,0.77511997062410343,0.56625458356394998,0.49931499019391279,0.57558984730370089,0.67066188986708419,0.59653306629726066,0.42809368889817917,0.72512008439815401,0.55697545968482354,0.63451719217664992,0.34053982016432216,0.49862235513045783,0.66688694049885211,0.36525193222423075,0.47260119676864032,0.64468564046376908,0.53001558552600103,0.88374686534549562,0.39731311261045255,0.56731430928678217,0.6261197787326358,0.670893938798099,0.70222514683905857,0.58513123243395493,0.54714267713411613,0.79383671371143993
"DASCMOP1_BC",1,10000,10080,49,57,"feasible_endpoint","AF_train",1,100,0.72683586385444876,1.281959105422078,1.6003636159457537,0.46519194436978412,0.44871847061404413,0.64817989289080002,0.79314960147180757,0.71092155123587653,0.37754114637906461,0.54861804241648737,0.55342624176359334,0.76075800852102715,0.61118380959391294,0.47752057279825499,0.68264987964624257,0.52911070711436037,0.51776400830950065,0.38126538195245663,0.58480783288231231,0.67548438877361772,0.22470592058384176,0.37384696164378867,0.57910918889908314,0.44707179669889263,0.81287691245368165,0.51836554526926459,0.63028376903132122,0.64473164741083711,0.73411525592535276,0.79979637966660444,0.59361678170653698,0.58664889594276715,0.71922953545459389
"DASCMOP1_BC",1,10000,10080,49,57,"infeasible_endpoint","AI_train",0,100,0.72683586385444876,1.1941591678148564,1.5995632481070372,0.4190189985565147,0.70281104466131183,0.67754165122779364,0.87076649795056582,0.65601106780131246,0.34108726266122497,0.50118580728672679,0.54329108080072719,0.83520974224339739,0.67135206993658636,0.37155508837791096,0.53747939317837223,0.5969503726703389,0.35416253201710279,0.48109162954679974,0.42146455546760975,0.60837841697695949,0.34274927468455213,0.49056269060020274,0.52317930613976316,0.37004579976514052,0.61445846749125943,0.59768386307508981,0.82695053320990719,0.63831172119772817,0.53634059269719281,0.76146273694379185,0.53668467002973574,0.36848485153693666,0.80231547321422036
"DASCMOP1_BC",1,10000,10080,49,58,"feasible_endpoint","AF_train",1,27,0.048928235868251437,1.1727993210366967,1.7152668456147118,0.34114949647609299,0.42406055162570888,0.57442576743515739,0.60108390059711592,0.41922194611611169,0.47872257481083469,0.30152561604988926,0.69122506564790731,0.45290364020989432,0.26651830835218193,0.70198559341488487,0.47638272824770489,0.55861342059467201,0.64167452430538152,0.47467469007292118,0.23641253154738623,0.76865711930525915,0.65088068624749995,0.45602317403579806,0.50812317821655006,0.36154353819080565,0.27066801018242609,0.62396948492053073,0.89086825918046431,0.74151640465294344,0.52689309052530531,0.23653490475168243,0.32549267559010758,0.6171895453581181,0.50956604607757927
"DASCMOP1_BC",1,10000,10080,49,58,"infeasible_endpoint","AI_train",0,27,0.048928235868251437,1.1672968220172635,1.7087000324686734,0.34178191329381169,0.24106291993572035,0.51018202350135877,0.40111310690636393,0.41194236000135698,0.62626095965573414,0.52374568151273682,0.51370883671853884,0.36823065795963139,0.53616826625754843,0.75270049513914883,0.38060069586834144,0.68892617902229536,0.51412408636178264,0.67234428298878235,0.15999531044898879,0.8742418779381238,0.56540736671987657,0.39992895136965173,0.28751376399203254,0.63865090170355288,0.66834497575745599,0.56750064275741341,0.69598792674824062,0.69026004156996446,0.47169432330040761,0.23934908169894592,0.49986536737923959,0.55873695020086578,0.35089891784653143
"DASCMOP1_BC",1,10000,10080,49,59,"feasible_endpoint","AF_train",1,29,0.063556181550009708,1.1769969974760586,1.711437131833152,0.34590771697798478,0.31862722279426037,0.41156683123133242,0.33632337969719373,0.73172934295634051,0.21945900304900443,0.26473651303790136,0.63202572501765697,0.5646404217543568,0.39991707581157515,0.62496961363873904,0.56592941959485832,0.64464120640392086,0.65010581664134182,0.43976934986479099,0.22023004090462306,0.49614511216720625,0.67581966856747255,0.79374113182782868,0.46791600202576189,0.62170117290946081,0.49562182424411244,0.23431614195746175,0.63594312786939233,0.68238621228462548,0.43200605063770675,0.21420984750494462,0.60867579034384378,0.58207607732858158,0.52616934457126874
"DASCMOP1_BC",1,10000,10080,49,59,"infeasible_endpoint","AI_train",0,29,0.063556181550009708,1.1672968220172635,1.7087000324686734,0.34178191329381169,0.24106291993572035,0.51018202350135877,0.40111310690636393,0.41194236000135698,0.62626095965573414,0.52374568151273682,0.51370883671853884,0.36823065795963139,0.53616826625754843,0.75270049513914883,0.38060069586834144,0.68892617902229536,0.51412408636178264,0.67234428298878235,0.15999531044898879,0.8742418779381238,0.56540736671987657,0.39992895136965173,0.28751376399203254,0.63865090170355288,0.66834497575745599,0.56750064275741341,0.69598792674824062,0.69026004156996446,0.47169432330040761,0.23934908169894592,0.49986536737923959,0.55873695020086578,0.35089891784653143
"DASCMOP1_BC",1,10000,10080,49,60,"feasible_endpoint","AF_train",1,31,0.081983810102353893,1.1794464829032427,1.7099134522567878,0.34825292846323541,0.50611944782992135,0.63384522714300462,0.62782942638673878,0.2730285210533076,0.42697591235841531,0.6139075224918682,0.70643969088141767,0.69107233292389658,0.26141320292914139,0.64530282609806711,0.56266199038960352,0.37992229158606833,0.53658564473491421,0.36357807593863734,0.3038276048256871,0.59845387599499544,0.69406026476865068,0.43111190372494052,0.50369001109934985,0.37647273973245499,0.36086472972289896,0.52001563001384876,0.88485871916299075,0.67891214622411988,0.47504928640682531,0.20106921542753817,0.19794367321778192,0.50841903902021746,0.56694095451792725
"DASCMOP1_BC",1,10000,10080,49,60,"infeasible_endpoint","AI_train",0,31,0.081983810102353893,1.1672968220172635,1.7087000324686734,0.34178191329381169,0.24106291993572035,0.51018202350135877,0.40111310690636393,0.41194236000135698,0.62626095965573414,0.52374568151273682,0.51370883671853884,0.36823065795963139,0.53616826625754843,0.75270049513914883,0.38060069586834144,0.68892617902229536,0.51412408636178264,0.67234428298878235,0.15999531044898879,0.8742418779381238,0.56540736671987657,0.39992895136965173,0.28751376399203254,0.63865090170355288,0.66834497575745599,0.56750064275741341,0.69598792674824062,0.69026004156996446,0.47169432330040761,0.23934908169894592,0.49986536737923959,0.55873695020086578,0.35089891784653143
"DASCMOP1_BC",1,10000,10080,49,61,"feasible_endpoint","AF_train",1,33,0.11559560647689408,1.18333689925971,1.7067723903446668,0.35238753446718307,0.56369073972785122,0.38725865871751908,0.9055379485511702,0.71179689747432673,0.28734551170883726,0.44549496574843794,0.72970775879062466,0.7684545863478125,0.57028037071857696,0.59204598362380589,0.5572526530042734,0.52718173648932942,0.50692702978404058,0.65052417050957168,0.38941468334278984,0.80568779890451792,0.68456022042417675,0.45477875067269163,0.48187530862098288,0.31283459948459674,0.34368402615904048,0.74297939399638835,0.78448317834418158,0.47750312761001723,0.62108375373149849,0.61826745237584124,0.33636327023026846,0.70142972996305342,0.44973549592355977
"DASCMOP1_BC",1,10000,10080,49,61,"infeasible_endpoint","AI_train",0,33,0.11559560647689408,1.1672968220172635,1.7087000324686734,0.34178191329381169,0.24106291993572035,0.51018202350135877,0.40111310690636393,0.41194236000135698,0.62626095965573414,0.52374568151273682,0.51370883671853884,0.36823065795963139,0.53616826625754843,0.75270049513914883,0.38060069586834144,0.68892617902229536,0.51412408636178264,0.67234428298878235,0.15999531044898879,0.8742418779381238,0.56540736671987657,0.39992895136965173,0.28751376399203254,0.63865090170355288,0.66834497575745599,0.56750064275741341,0.69598792674824062,0.69026004156996446,0.47169432330040761,0.23934908169894592,0.49986536737923959,0.55873695020086578,0.35089891784653143
"DASCMOP1_BC",1,10000,10080,49,62,"feasible_endpoint","AF_train",1,11,0.14486316198022769,1.1409341662367738,1.7474172052631491,0.30219508909842163,0.41067184608177465,0.68594736988626193,0.37700269526042129,0.26779416819082502,0.74706857440351215,0.5058359276770239,0.4167416410968634,0.30643545418724966,0.32784114063851266,0.61933403809412924,0.4484478206528798,0.63871079294466693,0.45120983142083393,0.72196929470763993,0.32247468664749951,0.63988803202631672,0.80228993263056037,0.66279679044751172,0.36793911639238808,0.54243760775975758,0.55965530798643903,0.57311047956945038,0.49160883800374916,0.48144672131831656,0.11864875404499228,0.42636085222417824,0.7424585334925371,0.51754930274057076,0.53601337741797739
"DASCMOP1_BC",1,10000,10080,49,62,"infeasible_endpoint","AI_train",0,11,0.14486316198022769,1.129865171432791,1.7304613822509176,0.30585593574898567,0.24479105811919136,0.50713377942806948,0.35584893808133011,0.35686243516684807,0.41536459224313904,0.49872847517842567,0.23620903976874416,0.51327006968585398,0.53748337834099735,0.68926792898312106,0.36823487646593478,0.58319765366048948,0.58098538863379234,0.64352831320920933,0.213627555514393,0.61805574979770039,0.61609982605807334,0.55083806129209967,0.39172932767339508,0.56966724715869277,0.55448163315687149,0.56701894190581759,0.7178108872745218,0.83126188726576145,0.28321988303037421,0.1577835019039284,0.52302109283619203,0.43163081509958279,0.22044795409786833
"DASCMOP1_BC",1,10000,10080,49,63,"feasible_endpoint","AF_train",1,1,0.1756958984392186,1.1204928799275298,1.7699300333344079,0.27495989999039427,0.48727251822867607,0.26226811092873792,0.44081941119783991,0.25633636136456417,0.24534004052680597,0.61674075254467864,0.26594367099541466,0.79304897708466005,0.50110076745804277,0.56650540226846546,0.51611858898527208,0.45792105352424584,0.40612448779506916,0.70481451067573153,0.46751529179609252,0.37820338244633117,0.71890797671922202,0.33348426771908218,0.39706004765953873,0.3675634314103256,0.43475948002443798,0.67736762303036935,0.64036044025738303,0.75376050352557189,0.37928247112527586,0.48901389374267318,0.45459797553755465,0.32131555156433822,0.16601077501898853
"DASCMOP1_BC",1,10000,10080,49,63,"infeasible_endpoint","AI_train",0,1,0.1756958984392186,1.106906896107011,1.745576390740845,0.28187627241537772,0.64152757738546906,0.45184434740024298,0.60750849892278391,0.39671297921759052,0.67788662461096072,0.47532423436592347,0.68227626622655713,0.56680736709407453,0.14828005853568552,0.58506819046269021,0.53939743113779581,0.40035576155000535,0.34149914401493586,0.48332365844523301,0.38857733627840368,0.47743181277905677,0.32688712155376431,0.34825823956079066,0.13368274797884169,0.47835137972208652,0.25000046791519026,0.4816474170178715,0.68774108910976373,0.56092523769757852,0.6887037117674073,0.65921216327531207,0.45937457370813517,0.73479675778097087,0.49532593363866551
"DASCMOP1_BC",1,10000,10080,49,64,"feasible_endpoint","AF_train",1,27,0.14994943667758953,1.1727993210366967,1.7152668456147118,0.34114949647609299,0.42406055162570888,0.57442576743515739,0.60108390059711592,0.41922194611611169,0.47872257481083469,0.30152561604988926,0.69122506564790731,0.45290364020989432,0.26651830835218193,0.70198559341488487,0.47638272824770489,0.55861342059467201,0.64167452430538152,0.47467469007292118,0.23641253154738623,0.76865711930525915,0.65088068624749995,0.45602317403579806,0.50812317821655006,0.36154353819080565,0.27066801018242609,0.62396948492053073,0.89086825918046431,0.74151640465294344,0.52689309052530531,0.23653490475168243,0.32549267559010758,0.6171895453581181,0.50956604607757927
"DASCMOP1_BC",1,10000,10080,49,64,"infeasible_endpoint","AI_train",0,27,0.14994943667758953,1.1527612573671635,1.7177042517584202,0.32768170549356918,0.55473043342289474,0.56430173844665088,0.77436302147312297,0.51953776992734668,0.64178510149378964,0.36663847169101138,0.47882939221971865,0.42119940874421907,0.23754306314282042,0.57804591831546559,0.40281130250461328,0.45715858983002539,0.42223620666041228,0.7851376905898515,0.17951136713385796,0.6980782406742132,0.70452359069415005,0.48658864311705713,0.4897150805305498,0.63506594366475422,0.15186579398061439,0.43738127840430785,0.85644576544408424,0.39660217281074001,0.42202748416575131,0.50679941722949673,0.52844037083417517,0.51119938887269711,0.63348380888605904
"DASCMOP1_BC",1,10000,10080,49,65,"feasible_endpoint","AF_train",1,100,0.38966873413041547,1.281959105422078,1.6003636159457537,0.46519194436978412,0.44871847061404413,0.64817989289080002,0.79314960147180757,0.71092155123587653,0.37754114637906461,0.54861804241648737,0.55342624176359334,0.76075800852102715,0.61118380959391294,0.47752057279825499,0.68264987964624257,0.52911070711436037,0.51776400830950065,0.38126538195245663,0.58480783288231231,0.67548438877361772,0.22470592058384176,0.37384696164378867,0.57910918889908314,0.44707179669889263,0.81287691245368165,0.51836554526926459,0.63028376903132122,0.64473164741083711,0.73411525592535276,0.79979637966660444,0.59361678170653698,0.58664889594276715,0.71922953545459389
"DASCMOP1_BC",1,10000,10080,49,65,"infeasible_endpoint","AI_train",0,100,0.38966873413041547,1.2336849834963106,1.589161974751659,0.44579226511145231,0.38995052152421594,0.41210873235803896,0.43339095572717834,0.36919969845472189,0.47735372785827918,0.65489392772412525,0.4846665548166314,0.7928155768641505,0.58652392631601236,0.64202475270638604,0.80203141166595038,0.44132572531781145,0.43459567211254463,0.29929238128105284,0.61854275432264061,0.66742498359016333,0.6622702564047882,0.58981142433112665,0.70248138548174888,0.58986820284341379,0.87045499719795894,0.53710866964790094,0.61753154671065669,0.42129108872390403,0.5020879988071848,0.79663337190753225,0.58261314487227778,0.64673464223645671,0.47084267066440028
"DASCMOP1_BC",1,10000,10080,49,66,"feasible_endpoint","AF_train",1,17,0.021881049525510624,1.1524761378026851,1.733406768440255,0.31796660650813258,0.44729850356902279,0.5296378690707424,0.71143544252230984,0.68876908067387532,0.35308668577279889,0.45053612092320172,0.58957037179985861,0.77567990160170974,0.6694226960598797,0.54513243469129979,0.58447361749421622,0.51129117651940903,0.75835882846484459,0.49870512572972903,0.24820067820344632,0.44233218217278353,0.5886807133511831,0.35606839359708681,0.51640427105044751,0.52863210918008052,0.61499293804851329,0.49791561416373231,0.69041267674033047,0.86276289083178437,0.55627792042154767,0.21230871987414462,0.20264322749180844,0.38720490689658366,0.45930908624695338
"DASCMOP1_BC",1,10000,10080,49,66,"infeasible_endpoint","AI_train",0,17,0.021881049525510624,1.1540918887957341,1.7282618769163891,0.32208881021416713,0.55562419531259155,0.35809141735759353,0.44631311604350882,0.34449473314300622,0.28324516217377899,0.84712067070495212,0.37237596743731838,0.78363338357761514,0.71063124561594848,0.64962669514539462,0.41605131580845595,0.34448141334620969,0.34118765291127651,0.57082702072174585,0.61655811970542063,0.40053170770005514,0.63574849003892941,0.43682813209504623,0.31518943633694391,0.32273192453504029,0.66090449943511453,0.57567243176601601,0.34831476264971467,0.67319474988777483,0.39572172621806623,0.45503488701819034,0.30326006108033288,0.14028337750406716,0.46122475172380523
"DASCMOP1_BC",1,10000,10080,49,67,"feasible_endpoint","AF_train",1,27,0.16920780080640271,1.1727993210366967,1.7152668456147118,0.34114949647609299,0.42406055162570888,0.57442576743515739,0.60108390059711592,0.41922194611611169,0.47872257481083469,0.30152561604988926,0.69122506564790731,0.45290364020989432,0.26651830835218193,0.70198559341488487,0.47638272824770489,0.55861342059467201,0.64167452430538152,0.47467469007292118,0.23641253154738623,0.76865711930525915,0.65088068624749995,0.45602317403579806,0.50812317821655006,0.36154353819080565,0.27066801018242609,0.62396948492053073,0.89086825918046431,0.74151640465294344,0.52689309052530531,0.23653490475168243,0.32549267559010758,0.6171895453581181,0.50956604607757927
"DASCMOP1_BC",1,10000,10080,49,67,"infeasible_endpoint","AI_train",0,27,0.16920780080640271,1.1540918887957341,1.7282618769163891,0.32208881021416713,0.55562419531259155,0.35809141735759353,0.44631311604350882,0.34449473314300622,0.28324516217377899,0.84712067070495212,0.37237596743731838,0.78363338357761514,0.71063124561594848,0.64962669514539462,0.41605131580845595,0.34448141334620969,0.34118765291127651,0.57082702072174585,0.61655811970542063,0.40053170770005514,0.63574849003892941,0.43682813209504623,0.31518943633694391,0.32273192453504029,0.66090449943511453,0.57567243176601601,0.34831476264971467,0.67319474988777483,0.39572172621806623,0.45503488701819034,0.30326006108033288,0.14028337750406716,0.46122475172380523
"DASCMOP1_BC",1,10000,10080,49,68,"feasible_endpoint","AF_train",1,21,0.04663689525973537,1.162140382796244,1.7277944619516559,0.32725202982198132,0.59092928280928747,0.52215700756412287,0.62127458158875348,0.55828400334770822,0.60426263026876148,0.26138683116801315,0.46883091606644378,0.46295568157708789,0.29702653699615611,0.53770019194140195,0.44079097805951384,0.51335158664534219,0.55951579168645849,0.69916344361353522,0.20730504018371076,0.49343511329785261,0.86861132973867317,0.69931098040115414,0.50324990840113371,0.63765248002850661,0.15982171257742672,0.43572354092942256,0.88925328549762683,0.39821737255119599,0.30717193315097108,0.4846216779614787,0.56830783739366808,0.4399121432535914,0.58043830611102942
"DASCMOP1_BC",1,10000,10080,49,68,"infeasible_endpoint","AI_train",0,21,0.04663689525973537,1.1540918887957341,1.7282618769163891,0.32208881021416713,0.55562419531259155,0.35809141735759353,0.44631311604350882,0.34449473314300622,0.28324516217377899,0.84712067070495212,0.37237596743731838,0.78363338357761514,0.71063124561594848,0.64962669514539462,0.41605131580845595,0.34448141334620969,0.34118765291127651,0.57082702072174585,0.61655811970542063,0.40053170770005514,0.63574849003892941,0.43682813209504623,0.31518943633694391,0.32273192453504029,0.66090449943511453,0.57567243176601601,0.34831476264971467,0.67319474988777483,0.39572172621806623,0.45503488701819034,0.30326006108033288,0.14028337750406716,0.46122475172380523
"DASCMOP1_BC",1,10000,10080,49,69,"feasible_endpoint","AF_train",1,15,0.073984910396887552,1.1497447172969957,1.7391776661476452,0.31275276139140273,0.27746632060772669,0.49828260302542376,0.32457977203811872,0.39438452369802229,0.58119910118250728,0.3066661189334754,0.45497015124732132,0.35539512922734046,0.45876215045675822,0.72556875662179321,0.39099662293781839,0.77755650394231779,0.57545781913278538,0.5656326605709916,0.20796446154060977,0.732970036548794,0.71247804874548448,0.59376988892684213,0.33573087331008311,0.66193333564229839,0.62482597373538618,0.66078641654059345,0.7275378858767656,0.70535637673358975,0.38245637857806347,0.42706509562773753,0.63826192227412126,0.60919851470321151,0.38646460245329944
"DASCMOP1_BC",1,10000,10080,49,69,"infeasible_endpoint","AI_train",0,15,0.073984910396887552,1.1540918887957341,1.7282618769163891,0.32208881021416713,0.55562419531259155,0.35809141735759353,0.44631311604350882,0.34449473314300622,0.28324516217377899,0.84712067070495212,0.37237596743731838,0.78363338357761514,0.71063124561594848,0.64962669514539462,0.41605131580845595,0.34448141334620969,0.34118765291127651,0.57082702072174585,0.61655811970542063,0.40053170770005514,0.63574849003892941,0.43682813209504623,0.31518943633694391,0.32273192453504029,0.66090449943511453,0.57567243176601601,0.34831476264971467,0.67319474988777483,0.39572172621806623,0.45503488701819034,0.30326006108033288,0.14028337750406716,0.46122475172380523
"DASCMOP1_BC",1,10000,10080,49,70,"feasible_endpoint","AF_train",1,16,0.065510498179691443,1.1506270552707032,1.7384184686442161,0.313761996302658,0.46963091974942595,0.53280480243884321,0.36821690651272332,0.29014575102179918,0.81550491417169557,0.45913950308247808,0.32924172560599407,0.45864000568884888,0.35848270125859261,0.63599689713747332,0.64569350379838752,0.66968172975404516,0.42216860125434347,0.54545269094039273,0.48411320525525492,0.65737572892801133,0.77665974493641299,0.50562038834509881,0.49482509328223734,0.49810293372986347,0.648202250084149,0.58169659964625364,0.55153583574512099,0.55982408778048209,0.38305566872878011,0.89783393792260857,0.78043825624164531,0.64646640113612297,0.58179502331373323
"DASCMOP1_BC",1,10000,10080,49,70,"infeasible_endpoint","AI_train",0,16,0.065510498179691443,1.1540918887957341,1.7282618769163891,0.32208881021416713,0.55562419531259155,0.35809141735759353,0.44631311604350882,0.34449473314300622,0.28324516217377899,0.84712067070495212,0.37237596743731838,0.78363338357761514,0.71063124561594848,0.64962669514539462,0.41605131580845595,0.34448141334620969,0.34118765291127651,0.57082702072174585,0.61655811970542063,0.40053170770005514,0.63574849003892941,0.43682813209504623,0.31518943633694391,0.32273192453504029,0.66090449943511453,0.57567243176601601,0.34831476264971467,0.67319474988777483,0.39572172621806623,0.45503488701819034,0.30326006108033288,0.14028337750406716,0.46122475172380523
"DASCMOP1_BC",1,10000,10080,49,71,"feasible_endpoint","AF_train",1,16,0.065510498179691443,1.1506270552707032,1.7384184686442161,0.313761996302658,0.46963091974942595,0.53280480243884321,0.36821690651272332,0.29014575102179918,0.81550491417169557,0.45913950308247808,0.32924172560599407,0.45864000568884888,0.35848270125859261,0.63599689713747332,0.64569350379838752,0.66968172975404516,0.42216860125434347,0.54545269094039273,0.48411320525525492,0.65737572892801133,0.77665974493641299,0.50562038834509881,0.49482509328223734,0.49810293372986347,0.648202250084149,0.58169659964625364,0.55153583574512099,0.55982408778048209,0.38305566872878011,0.89783393792260857,0.78043825624164531,0.64646640113612297,0.58179502331373323
"DASCMOP1_BC",1,10000,10080,49,71,"infeasible_endpoint","AI_train",0,16,0.065510498179691443,1.1540918887957341,1.7282618769163891,0.32208881021416713,0.55562419531259155,0.35809141735759353,0.44631311604350882,0.34449473314300622,0.28324516217377899,0.84712067070495212,0.37237596743731838,0.78363338357761514,0.71063124561594848,0.64962669514539462,0.41605131580845595,0.34448141334620969,0.34118765291127651,0.57082702072174585,0.61655811970542063,0.40053170770005514,0.63574849003892941,0.43682813209504623,0.31518943633694391,0.32273192453504029,0.66090449943511453,0.57567243176601601,0.34831476264971467,0.67319474988777483,0.39572172621806623,0.45503488701819034,0.30326006108033288,0.14028337750406716,0.46122475172380523
"DASCMOP1_BC",1,10000,10080,49,72,"feasible_endpoint","AF_train",1,79,0.37972205926389208,1.2697800075328438,1.6321529826831493,0.44213959944887921,0.69587944867817675,0.7308763864065928,0.58071621115527583,0.66265518195932493,0.51176738543078126,0.40439029096038881,0.64823437229045355,0.57828408463132053,0.53850370634466893,0.97936647857756565,0.83727604981208048,0.55625696018605519,0.47019877944969451,0.22345959060988996,0.66740527884566658,0.81699358788286525,0.778092355397076,0.55438614815225673,0.75083650188634998,0.32241599524015579,0.59663788290063291,0.50453659465206335,0.75722798507961464,0.55489870305356215,0.5678968402390433,0.70611468377800146,0.4108566061755578,0.49616183361357347,0.47302667041919222
"DASCMOP1_BC",1,10000,10080,49,72,"infeasible_endpoint","AI_train",0,79,0.37972205926389208,1.2336849834963106,1.589161974751659,0.44579226511145231,0.38995052152421594,0.41210873235803896,0.43339095572717834,0.36919969845472189,0.47735372785827918,0.65489392772412525,0.4846665548166314,0.7928155768641505,0.58652392631601236,0.64202475270638604,0.80203141166595038,0.44132572531781145,0.43459567211254463,0.29929238128105284,0.61854275432264061,0.66742498359016333,0.6622702564047882,0.58981142433112665,0.70248138548174888,0.58986820284341379,0.87045499719795894,0.53710866964790094,0.61753154671065669,0.42129108872390403,0.5020879988071848,0.79663337190753225,0.58261314487227778,0.64673464223645671,0.47084267066440028
"DASCMOP1_BC",1,10000,10080,49,73,"feasible_endpoint","AF_train",1,1,0.32257497666146434,1.1204928799275298,1.7699300333344079,0.27495989999039427,0.48727251822867607,0.26226811092873792,0.44081941119783991,0.25633636136456417,0.24534004052680597,0.61674075254467864,0.26594367099541466,0.79304897708466005,0.50110076745804277,0.56650540226846546,0.51611858898527208,0.45792105352424584,0.40612448779506916,0.70481451067573153,0.46751529179609252,0.37820338244633117,0.71890797671922202,0.33348426771908218,0.39706004765953873,0.3675634314103256,0.43475948002443798,0.67736762303036935,0.64036044025738303,0.75376050352557189,0.37928247112527586,0.48901389374267318,0.45459797553755465,0.32131555156433822,0.16601077501898853
"DASCMOP1_BC",1,10000,10080,49,73,"infeasible_endpoint","AI_train",0,1,0.32257497666146434,1.0913240648401739,1.7274940894229913,0.28347302149926173,0.46361906397691643,0.38970512732092671,0.40148576934059671,0.27330823778957147,0.38061916581194344,0.45732085399758166,0.24875931657458983,0.63083872041345967,0.46149947329439117,0.55483765509835448,0.59497437847702939,0.60497380047607763,0.40464754016362792,0.71092189885058055,0.56499008900482584,0.34565388110520745,0.70455272672375457,0.32232700942525516,0.39250634692183617,0.32144512231911471,0.64739895376193446,0.7014446182566918,0.52249273524461226,0.76444303072924813,0.48873269582439194,0.7083792726112399,0.58688376441022683,0.41692255522901223,0.18988725242033638
"DASCMOP1_BC",1,10000,10080,49,74,"feasible_endpoint","AF_train",1,17,0.038058326272405379,1.1524761378026851,1.733406768440255,0.31796660650813258,0.44729850356902279,0.5296378690707424,0.71143544252230984,0.68876908067387532,0.35308668577279889,0.45053612092320172,0.58957037179985861,0.77567990160170974,0.6694226960598797,0.54513243469129979,0.58447361749421622,0.51129117651940903,0.75835882846484459,0.49870512572972903,0.24820067820344632,0.44233218217278353,0.5886807133511831,0.35606839359708681,0.51640427105044751,0.52863210918008052,0.61499293804851329,0.49791561416373231,0.69041267674033047,0.86276289083178437,0.55627792042154767,0.21230871987414462,0.20264322749180844,0.38720490689658366,0.45930908624695338
"DASCMOP1_BC",1,10000,10080,49,74,"infeasible_endpoint","AI_train",0,17,0.038058326272405379,1.1524333207241517,1.7259978406677114,0.32245697763253267,0.69337821598302041,0.24765682271246653,0.49846791331631007,0.42162730044244634,0.27630135257641419,0.58666497636416981,0.43245434466380395,0.82040413163725012,0.63710230214121177,0.36860201357750144,0.68869894449317937,0.42648671371229774,0.74964656136995622,0.38571596512587253,0.42302382809113626,0.30178911170042677,0.56089633210746259,0.63900491749034816,0.26918404770001181,0.233534463218459,0.38519611298444295,0.61884804482284173,0.56748502653919464,0.6404299120791852,0.23720573020554994,0.55554789052015208,0.33250819501645529,0.30048399744879289,0.58326510711736157
"DASCMOP1_BC",1,10000,10080,49,75,"feasible_endpoint","AF_train",1,27,0.17224500092264008,1.1727993210366967,1.7152668456147118,0.34114949647609299,0.42406055162570888,0.57442576743515739,0.60108390059711592,0.41922194611611169,0.47872257481083469,0.30152561604988926,0.69122506564790731,0.45290364020989432,0.26651830835218193,0.70198559341488487,0.47638272824770489,0.55861342059467201,0.64167452430538152,0.47467469007292118,0.23641253154738623,0.76865711930525915,0.65088068624749995,0.45602317403579806,0.50812317821655006,0.36154353819080565,0.27066801018242609,0.62396948492053073,0.89086825918046431,0.74151640465294344,0.52689309052530531,0.23653490475168243,0.32549267559010758,0.6171895453581181,0.50956604607757927
"DASCMOP1_BC",1,10000,10080,49,75,"infeasible_endpoint","AI_train",0,27,0.17224500092264008,1.1524333207241517,1.7259978406677114,0.32245697763253267,0.69337821598302041,0.24765682271246653,0.49846791331631007,0.42162730044244634,0.27630135257641419,0.58666497636416981,0.43245434466380395,0.82040413163725012,0.63710230214121177,0.36860201357750144,0.68869894449317937,0.42648671371229774,0.74964656136995622,0.38571596512587253,0.42302382809113626,0.30178911170042677,0.56089633210746259,0.63900491749034816,0.26918404770001181,0.233534463218459,0.38519611298444295,0.61884804482284173,0.56748502653919464,0.6404299120791852,0.23720573020554994,0.55554789052015208,0.33250819501645529,0.30048399744879289,0.58326510711736157
"DASCMOP1_BC",1,10000,10080,49,76,"feasible_endpoint","AF_train",1,33,0.15325332964904659,1.18333689925971,1.7067723903446668,0.35238753446718307,0.56369073972785122,0.38725865871751908,0.9055379485511702,0.71179689747432673,0.28734551170883726,0.44549496574843794,0.72970775879062466,0.7684545863478125,0.57028037071857696,0.59204598362380589,0.5572526530042734,0.52718173648932942,0.50692702978404058,0.65052417050957168,0.38941468334278984,0.80568779890451792,0.68456022042417675,0.45477875067269163,0.48187530862098288,0.31283459948459674,0.34368402615904048,0.74297939399638835,0.78448317834418158,0.47750312761001723,0.62108375373149849,0.61826745237584124,0.33636327023026846,0.70142972996305342,0.44973549592355977
"DASCMOP1_BC",1,10000,10080,49,76,"infeasible_endpoint","AI_train",0,33,0.15325332964904659,1.1961731541551281,1.6899069247279503,0.36963568776078737,0.3601560793577594,0.80672236829785415,0.4729572006137297,0.40118954368727033,0.65613073085812856,0.25051336591098777,0.58522253259008827,0.37230520871426398,0.33838779697297944,0.7340405327342191,0.75539585593162706,0.64836888925130232,0.64294122809118748,0.40134597181218667,0.51273013426645409,0.32851666072024743,0.5813335220683451,0.46340292157292184,0.40493683806861025,0.48477800285844891,0.81458156694058403,0.57459299317818235,0.60435115821547125,0.79421954120197769,0.76777648257190556,0.7261037791271554,0.51315528344959849,0.80267811566355851,0.46375942647823676
"DASCMOP1_BC",1,10000,10080,49,77,"feasible_endpoint","AF_train",1,16,0.0799360742901081,1.1506270552707032,1.7384184686442161,0.313761996302658,0.46963091974942595,0.53280480243884321,0.36821690651272332,0.29014575102179918,0.81550491417169557,0.45913950308247808,0.32924172560599407,0.45864000568884888,0.35848270125859261,0.63599689713747332,0.64569350379838752,0.66968172975404516,0.42216860125434347,0.54545269094039273,0.48411320525525492,0.65737572892801133,0.77665974493641299,0.50562038834509881,0.49482509328223734,0.49810293372986347,0.648202250084149,0.58169659964625364,0.55153583574512099,0.55982408778048209,0.38305566872878011,0.89783393792260857,0.78043825624164531,0.64646640113612297,0.58179502331373323
"DASCMOP1_BC",1,10000,10080,49,77,"infeasible_endpoint","AI_train",0,16,0.0799360742901081,1.1524333207241517,1.7259978406677114,0.32245697763253267,0.69337821598302041,0.24765682271246653,0.49846791331631007,0.42162730044244634,0.27630135257641419,0.58666497636416981,0.43245434466380395,0.82040413163725012,0.63710230214121177,0.36860201357750144,0.68869894449317937,0.42648671371229774,0.74964656136995622,0.38571596512587253,0.42302382809113626,0.30178911170042677,0.56089633210746259,0.63900491749034816,0.26918404770001181,0.233534463218459,0.38519611298444295,0.61884804482284173,0.56748502653919464,0.6404299120791852,0.23720573020554994,0.55554789052015208,0.33250819501645529,0.30048399744879289,0.58326510711736157
"DASCMOP1_BC",1,10000,10080,49,78,"feasible_endpoint","AF_train",1,21,0.06195625374183366,1.162140382796244,1.7277944619516559,0.32725202982198132,0.59092928280928747,0.52215700756412287,0.62127458158875348,0.55828400334770822,0.60426263026876148,0.26138683116801315,0.46883091606644378,0.46295568157708789,0.29702653699615611,0.53770019194140195,0.44079097805951384,0.51335158664534219,0.55951579168645849,0.69916344361353522,0.20730504018371076,0.49343511329785261,0.86861132973867317,0.69931098040115414,0.50324990840113371,0.63765248002850661,0.15982171257742672,0.43572354092942256,0.88925328549762683,0.39821737255119599,0.30717193315097108,0.4846216779614787,0.56830783739366808,0.4399121432535914,0.58043830611102942
"DASCMOP1_BC",1,10000,10080,49,78,"infeasible_endpoint","AI_train",0,21,0.06195625374183366,1.1524333207241517,1.7259978406677114,0.32245697763253267,0.69337821598302041,0.24765682271246653,0.49846791331631007,0.42162730044244634,0.27630135257641419,0.58666497636416981,0.43245434466380395,0.82040413163725012,0.63710230214121177,0.36860201357750144,0.68869894449317937,0.42648671371229774,0.74964656136995622,0.38571596512587253,0.42302382809113626,0.30178911170042677,0.56089633210746259,0.63900491749034816,0.26918404770001181,0.233534463218459,0.38519611298444295,0.61884804482284173,0.56748502653919464,0.6404299120791852,0.23720573020554994,0.55554789052015208,0.33250819501645529,0.30048399744879289,0.58326510711736157
"DASCMOP1_BC",1,10000,10080,49,79,"feasible_endpoint","AF_train",1,39,0.036502644507585377,1.1958231478854784,1.697115103286684,0.36527917148097033,0.45881253932640209,0.88871925992738221,0.54916214267225238,0.30697227390332227,0.6975341629286903,0.29506772539767423,0.67207098203976801,0.36665181958149584,0.18221061460183818,0.62196733175784513,0.72037356937311803,0.65636007183024392,0.53363174947203174,0.37579285228833542,0.45203081025347047,0.533354873312748,0.66534976477771579,0.40879738713728653,0.49458260962394474,0.28423612155003314,0.78614367719789202,0.56816962046649366,0.64912330913744931,0.70027720063147236,0.69394973580505748,0.63979997316467152,0.46251525096312623,0.69963304634956547,0.61469390932062296
"DASCMOP1_BC",1,10000,10080,49,79,"infeasible_endpoint","AI_train",0,39,0.036502644507585377,1.1961731541551281,1.6899069247279503,0.36963568776078737,0.3601560793577594,0.80672236829785415,0.4729572006137297,0.40118954368727033,0.65613073085812856,0.25051336591098777,0.58522253259008827,0.37230520871426398,0.33838779697297944,0.7340405327342191,0.75539585593162706,0.64836888925130232,0.64294122809118748,0.40134597181218667,0.51273013426645409,0.32851666072024743,0.5813335220683451,0.46340292157292184,0.40493683806861025,0.48477800285844891,0.81458156694058403,0.57459299317818235,0.60435115821547125,0.79421954120197769,0.76777648257190556,0.7261037791271554,0.51315528344959849,0.80267811566355851,0.46375942647823676
"DASCMOP1_BC",1,10000,10080,49,80,"feasible_endpoint","AF_train",1,24,0.10150557086173968,1.1669137976967492,1.7253652759782976,0.33159396445528133,0.73355206906504056,0.54934187269069357,0.67826825519197498,0.51442147351138778,0.50924628526728566,0.29910574448315502,0.53210886623999099,0.55864748473668602,0.44125699748949898,0.55145725807609458,0.48056544776667143,0.51375522603517876,0.56872471062404817,0.58889277353864566,0.2838111958748033,0.57832521653067426,0.69132469315647749,0.67469029367657307,0.46947128295205531,0.50570726537698607,0.094035599948225079,0.58921959252512979,0.97342696797027406,0.36642972069725888,0.26621129075044864,0.66038382713411858,0.55730645225106046,0.44609683004808925,0.66777900161852466
"DASCMOP1_BC",1,10000,10080,49,80,"infeasible_endpoint","AI_train",0,24,0.10150557086173968,1.1524333207241517,1.7259978406677114,0.32245697763253267,0.69337821598302041,0.24765682271246653,0.49846791331631007,0.42162730044244634,0.27630135257641419,0.58666497636416981,0.43245434466380395,0.82040413163725012,0.63710230214121177,0.36860201357750144,0.68869894449317937,0.42648671371229774,0.74964656136995622,0.38571596512587253,0.42302382809113626,0.30178911170042677,0.56089633210746259,0.63900491749034816,0.26918404770001181,0.233534463218459,0.38519611298444295,0.61884804482284173,0.56748502653919464,0.6404299120791852,0.23720573020554994,0.55554789052015208,0.33250819501645529,0.30048399744879289,0.58326510711736157
"DASCMOP1_BC",1,10000,10080,49,81,"feasible_endpoint","AF_train",1,26,0.31121219319062049,1.1705968128802322,1.717879179039798,0.3382825501228296,0.4510772015846426,0.68972442276340362,0.28421833792135021,0.49428423206419458,0.77731878055027159,0.20553760416259104,0.64712267333594353,0.55835128891665475,0.31387651758288126,0.35295322676580276,0.57398533713427324,0.79307744764775256,0.49344251195274225,0.47759715691168747,0.37556631220332082,0.48909476834244237,0.94837998332211126,0.50954491941820845,0.4302830109227504,0.51562342233381819,0.58340637772118353,0.51923003550763425,0.6744631872649145,0.662619301091808,0.51108613456513974,0.52673804595737239,0.44721894526573958,0.78444719591952361,0.34886394032874524
"DASCMOP1_BC",1,10000,10080,49,81,"infeasible_endpoint","AI_train",0,26,0.31121219319062049,1.1450887249216604,1.6867912685431483,0.34160409717307816,0.61835887462624484,0.66988712013073226,0.28027715005802328,0.55829558453998351,0.53324422387324455,0.10909316721147932,0.47957869462042207,0.61838536130213106,0.34212585085081826,0.75399831058327227,0.55416944951164582,0.75401839745774879,0.48539191154668471,0.32412254962290643,0.59759619289126786,0.4685344321669036,0.76922847134970507,0.74580671517305031,0.70186063647464636,0.40787530284930806,0.44261659102383821,0.54013048099393335,0.44423264547632602,0.61237885982712414,0.31262501768923923,0.63237120299144722,0.71103458213129456,0.6034796470099445,0.66317513499004599
"DASCMOP1_BC",1,10000,10080,49,82,"feasible_endpoint","AF_train",1,56,0.066606051541119801,1.2241877089951254,1.6650333984100132,0.39953004985109419,0.22022289312847973,0.58815845117262311,0.38084178832185944,0.36224149119359089,0.63490770050730483,0.52843278060672094,0.57480189790559977,0.39248576282923753,0.40875332691528254,0.99474304502546051,0.64701141120869754,0.55212922957162769,0.52726021858764383,0.33958941013320709,0.5788037870036592,0.6835747671705944,0.49918691624269113,0.46546794295540694,0.37191912466849364,0.6103705549265932,0.70800273796861979,0.43790839599160619,0.62954006188434986,0.62093549697263994,0.71714223491995299,0.70826654681152512,0.59890675742089461,0.89756148355163046,0.52774793052510183
"DASCMOP1_BC",1,10000,10080,49,82,"infeasible_endpoint","AI_train",0,56,0.066606051541119801,1.2140748950984439,1.6675901983037082,0.39245991327047047,0.56454261650017612,0.63775671760567254,0.67704938189990782,0.59134665283237664,0.25008313911110674,0.29954770384545704,0.51800483826952548,0.63869225496791726,0.43312481066295289,0.78932098542984264,0.36653464401056862,0.48300380088002148,0.31560451743442269,0.51536595847042088,0.53181739543101669,0.78070505858648231,0.59826138458942713,0.7144815421443933,0.76646594372107502,0.3726419697456268,0.21807362890133111,0.54072344433398001,0.78537835623213237,0.3982923612001541,0.38640132587053255,0.61339650170004101,0.60436181526446375,0.52033788030739703,0.59530480254133089
"DASCMOP1_BC",1,10000,10080,49,83,"feasible_endpoint","AF_train",1,57,0.081190418002900777,1.2257640125211147,1.6642606116572685,0.40083483550751209,0.55982415824947973,0.82726627612275494,0.55808999299945139,0.36282180075838011,0.6078881285032085,0.4596954485406044,0.5991827720625772,0.63079372046510784,0.16941753721016792,0.62076704348050105,0.42690391992530008,0.51728060591153557,0.19245840812451767,0.42417285076847838,0.74093692971858505,0.68017303372759963,0.44959223388417541,0.58871159664593797,0.52725148635095109,0.39721471033553724,0.66165943748552292,0.5048243029006847,0.32549586824680987,0.5500288389650092,0.61492529744185098,0.85076987689997841,0.69709509587292873,0.62951792969697085,0.69452984653848637
"DASCMOP1_BC",1,10000,10080,49,83,"infeasible_endpoint","AI_train",0,57,0.081190418002900777,1.2140748950984439,1.6675901983037082,0.39245991327047047,0.56454261650017612,0.63775671760567254,0.67704938189990782,0.59134665283237664,0.25008313911110674,0.29954770384545704,0.51800483826952548,0.63869225496791726,0.43312481066295289,0.78932098542984264,0.36653464401056862,0.48300380088002148,0.31560451743442269,0.51536595847042088,0.53181739543101669,0.78070505858648231,0.59826138458942713,0.7144815421443933,0.76646594372107502,0.3726419697456268,0.21807362890133111,0.54072344433398001,0.78537835623213237,0.3982923612001541,0.38640132587053255,0.61339650170004101,0.60436181526446375,0.52033788030739703,0.59530480254133089
"DASCMOP1_BC",1,10000,10080,49,84,"feasible_endpoint","AF_train",1,49,0.060769987855582686,1.2131606510474944,1.6777500334798439,0.38623395193800292,0.73251964258867142,0.87858000135548131,0.40358030445654047,0.47559363980490615,0.66567118707115747,0.42752681642743628,0.4426235284518274,0.50824652072700971,0.61521070770425157,0.8572726380081952,0.36724152025773182,0.63050826059723919,0.39762935710910213,0.40158303458097699,0.49685758255075163,0.71105680990197595,0.80060249857054755,0.76623418718057767,0.64736844909599545,0.37681778659070309,0.58490762450248968,0.46685544626962161,0.67681592299141879,0.45021371121995479,0.23959738573582184,0.49194338109462671,0.44635962053544054,0.30865181193926183,0.52511395528482374
"DASCMOP1_BC",1,10000,10080,49,84,"infeasible_endpoint","AI_train",0,49,0.060769987855582686,1.2140748950984439,1.6675901983037082,0.39245991327047047,0.56454261650017612,0.63775671760567254,0.67704938189990782,0.59134665283237664,0.25008313911110674,0.29954770384545704,0.51800483826952548,0.63869225496791726,0.43312481066295289,0.78932098542984264,0.36653464401056862,0.48300380088002148,0.31560451743442269,0.51536595847042088,0.53181739543101669,0.78070505858648231,0.59826138458942713,0.7144815421443933,0.76646594372107502,0.3726419697456268,0.21807362890133111,0.54072344433398001,0.78537835623213237,0.3982923612001541,0.38640132587053255,0.61339650170004101,0.60436181526446375,0.52033788030739703,0.59530480254133089
"DASCMOP1_BC",1,10000,10080,49,85,"feasible_endpoint","AF_train",1,68,0.38930823376184887,1.2492378662432435,1.6493789293290873,0.42187794035553111,0.36978329780060676,0.43598731140681485,0.46113254056271358,0.30399991126195336,0.48772721054495416,0.86617449637239008,0.40782294190393087,0.73144688888369969,0.64870740025723173,0.63459760726549641,0.65196092789303361,0.38922469589005038,0.36902053295593329,0.41287123058334446,0.59433993684015496,0.79154351743345708,0.64122935261276426,0.65781864626829911,0.61960704505572939,0.58074515239722069,0.83536513842242921,0.57410759332576555,0.57137619181107957,0.34599029757716915,0.29652632312556221,0.67033032043267626,0.63882616551085725,0.57352735428103974,0.47725381825348906
"DASCMOP1_BC",1,10000,10080,49,85,"infeasible_endpoint","AI_train",0,68,0.38930823376184887,1.2012546149536121,1.6442427681608884,0.39833838100836139,0.57692599982720982,0.57828201441472871,0.66393385919725811,0.73787931877315827,0.54131385759844375,0.26310579733630807,0.34421709387949595,0.54023539624686778,0.46522221419858489,0.54116863741248444,0.55641335047865137,0.54017582776203787,0.55715392964587163,0.64530711664803597,0.32755324458879476,0.66240296353846917,0.5729747008726338,0.80667869794856095,0.64196788838930985,0.58118045936901586,0.23169811165093812,0.38334731627644297,0.88930019944218697,0.35265934782678715,0.40219447869735764,0.76049952464237713,0.79749785600672951,0.57757669618740759,0.62622319225247369
"DASCMOP1_BC",1,10000,10080,49,86,"feasible_endpoint","AF_train",1,41,0.37824447749247841,1.1998574355678622,1.6935103470913293,0.3696821767039572,0.64707240673263933,0.54010553929700666,0.62893305084254947,0.45783620466089836,0.45876424396161214,0.65030928092915519,0.32992262925967836,0.8952619670267592,0.62705465510779235,0.46672438727245147,0.61842218428524398,0.42590736548785768,0.59551495212229644,0.29156989139660383,0.29328927140735328,0.89070071760305702,0.40122047377136966,0.48261006881442625,0.55935134552085253,0.27436067386865798,0.43507377345781784,0.60980301021697059,0.93112680031445039,0.57413380331570008,0.48682703061953686,0.5272122696828061,0.3671674582801171,0.50622820174644834,0.55315793843086514
"DASCMOP1_BC",1,10000,10080,49,86,"infeasible_endpoint","AI_train",0,41,0.37824447749247841,1.2012546149536121,1.6442427681608884,0.39833838100836139,0.57692599982720982,0.57828201441472871,0.66393385919725811,0.73787931877315827,0.54131385759844375,0.26310579733630807,0.34421709387949595,0.54023539624686778,0.46522221419858489,0.54116863741248444,0.55641335047865137,0.54017582776203787,0.55715392964587163,0.64530711664803597,0.32755324458879476,0.66240296353846917,0.5729747008726338,0.80667869794856095,0.64196788838930985,0.58118045936901586,0.23169811165093812,0.38334731627644297,0.88930019944218697,0.35265934782678715,0.40219447869735764,0.76049952464237713,0.79749785600672951,0.57757669618740759,0.62622319225247369
"DASCMOP1_BC",1,10000,10080,49,87,"feasible_endpoint","AF_train",1,38,0.69644831503168458,1.1943338792389511,1.6994385429912295,0.36307319286820716,0.40516304763955052,0.5721208980133603,0.43550536053798405,0.38569933836082815,0.55438306979711038,0.52105338318897054,0.61769685068314972,0.6637895117683339,0.41593826347645579,0.86254381191913443,0.77719034472908555,0.57229619781445085,0.5221550165404063,0.2016864142903379,0.59040356620276546,0.75411351325851128,0.86836348599528956,0.39312974903789411,0.65488618207622284,0.48703542393646837,0.88681438717248307,0.50791778468017124,0.68135666642515802,0.73255794200384972,0.72996495163785791,0.62278370679177342,0.51493901823463673,0.60854896517097323,0.43075994485501301
"DASCMOP1_BC",1,10000,10080,49,87,"infeasible_endpoint","AI_train",0,38,0.69644831503168458,1.0998665617977359,1.6568648753373858,0.3324672284602862,0.28532374038831404,0.37106773809077997,0.5721505038371264,0.46735871963393422,0.44671062607592593,0.57790475163553845,0.60809354959929873,0.77387434831318169,0.46885404039574641,0.66159792286481167,0.67733006310003485,0.53524936295512993,0.48892817584687776,0.59117348324633623,0.55838102696687131,0.70247262727650561,0.78481201376434029,0.373916433187512,0.51660020621597025,0.55849926340094114,0.84692197561753968,0.5470416662109161,0.59585583115685603,0.58135724110244102,0.75928412219764119,0.76972636490277269,0.60943597999849974,0.75270516622997874,0.45713342898724674
"DASCMOP1_BC",1,10000,10080,49,88,"feasible_endpoint","AF_train",1,26,0.22991722980472215,1.1705968128802322,1.717879179039798,0.3382825501228296,0.4510772015846426,0.68972442276340362,0.28421833792135021,0.49428423206419458,0.77731878055027159,0.20553760416259104,0.64712267333594353,0.55835128891665475,0.31387651758288126,0.35295322676580276,0.57398533713427324,0.79307744764775256,0.49344251195274225,0.47759715691168747,0.37556631220332082,0.48909476834244237,0.94837998332211126,0.50954491941820845,0.4302830109227504,0.51562342233381819,0.58340637772118353,0.51923003550763425,0.6744631872649145,0.662619301091808,0.51108613456513974,0.52673804595737239,0.44721894526573958,0.78444719591952361,0.34886394032874524
"DASCMOP1_BC",1,10000,10080,49,88,"infeasible_endpoint","AI_train",0,26,0.22991722980472215,1.1908908543052674,1.6953274118787967,0.36346015682628385,0.25884485319312006,0.4180529731055288,0.56220387056527321,0.56191003017612029,0.4900801378656589,0.50382832618585072,0.28658198978794486,0.64464778161786862,0.46314250097035464,0.42706683451954347,0.68803193576250943,0.37113490614181754,0.48167557909095476,0.49691047523768134,0.54298539782481825,0.65460227300041107,0.45044448574050328,0.6138148140237486,0.53999537884204185,0.52219211200038207,0.4664844017853908,0.40428307172901945,0.51532048089301918,0.2380865800116605,0.35063818830680105,1,0.87649079322640655,0.71536230880836449,0.65653073841758658
"DASCMOP1_BC",1,10000,10080,49,89,"feasible_endpoint","AF_train",1,100,0.40176706353707975,1.281959105422078,1.6003636159457537,0.46519194436978412,0.44871847061404413,0.64817989289080002,0.79314960147180757,0.71092155123587653,0.37754114637906461,0.54861804241648737,0.55342624176359334,0.76075800852102715,0.61118380959391294,0.47752057279825499,0.68264987964624257,0.52911070711436037,0.51776400830950065,0.38126538195245663,0.58480783288231231,0.67548438877361772,0.22470592058384176,0.37384696164378867,0.57910918889908314,0.44707179669889263,0.81287691245368165,0.51836554526926459,0.63028376903132122,0.64473164741083711,0.73411525592535276,0.79979637966660444,0.59361678170653698,0.58664889594276715,0.71922953545459389
"DASCMOP1_BC",1,10000,10080,49,89,"infeasible_endpoint","AI_train",0,100,0.40176706353707975,1.2332295374459268,1.6105866347693913,0.43415357553056311,0.42829963584151498,0.53867650862316774,0.33744741882689377,0.68342226173300469,0.62937369182006708,0.43041663496349958,0.57396981054271412,0.52721436095606966,0.58865769086660458,0.84650522950429397,0.558407853973097,0.69644671128002567,0.32174701540330275,0.49746612132390478,0.68199913833003178,0.75728835404716333,0.57973858683946755,0.4010018145161563,0.60072603680858294,0.46220550509348513,0.85507914247106842,0.53185859071148545,0.20250352886212228,0.49541606292706664,0.55515529946317432,0.59051623646340345,0.60659737350910869,0.51873744655216603,0.51468198301332424
"DASCMOP1_BC",1,10000,10080,49,90,"feasible_endpoint","AF_train",1,33,0.078766809347335723,1.1835261565302986,1.7050462771800903,0.3535103276177789,0.16189381498486632,0.26886167152331047,0.44112273177469885,0.5094233425837732,0.46713432253010179,0.4427854103418542,0.50698384328714607,0.44982634034196012,0.4851952621288006,0.58257107678077735,0.69394238947621045,0.52717238260698318,0.62611796811465359,0.45372577240698653,0.31309917661816788,0.6813755358459892,0.31705999268434237,0.20039643506132634,0.25304243965451312,0.70268809787473585,0.44845673467004799,0.43545334635275113,0.69355661564285431,0.60143407646051428,0.75239839586202861,0.7555632181085733,0.54729043655562581,0.74070193974256171,0.46536741195906123
"DASCMOP1_BC",1,10000,10080,49,90,"infeasible_endpoint","AI_train",0,33,0.078766809347335723,1.1908908543052674,1.6953274118787967,0.36346015682628385,0.25884485319312006,0.4180529731055288,0.56220387056527321,0.56191003017612029,0.4900801378656589,0.50382832618585072,0.28658198978794486,0.64464778161786862,0.46314250097035464,0.42706683451954347,0.68803193576250943,0.37113490614181754,0.48167557909095476,0.49691047523768134,0.54298539782481825,0.65460227300041107,0.45044448574050328,0.6138148140237486,0.53999537884204185,0.52219211200038207,0.4664844017853908,0.40428307172901945,0.51532048089301918,0.2380865800116605,0.35063818830680105,1,0.87649079322640655,0.71536230880836449,0.65653073841758658
"DASCMOP1_BC",1,10000,10080,49,91,"feasible_endpoint","AF_train",1,33,0.090989811445447308,1.18333689925971,1.7067723903446668,0.35238753446718307,0.56369073972785122,0.38725865871751908,0.9055379485511702,0.71179689747432673,0.28734551170883726,0.44549496574843794,0.72970775879062466,0.7684545863478125,0.57028037071857696,0.59204598362380589,0.5572526530042734,0.52718173648932942,0.50692702978404058,0.65052417050957168,0.38941468334278984,0.80568779890451792,0.68456022042417675,0.45477875067269163,0.48187530862098288,0.31283459948459674,0.34368402615904048,0.74297939399638835,0.78448317834418158,0.47750312761001723,0.62108375373149849,0.61826745237584124,0.33636327023026846,0.70142972996305342,0.44973549592355977
"DASCMOP1_BC",1,10000,10080,49,91,"infeasible_endpoint","AI_train",0,33,0.090989811445447308,1.1908908543052674,1.6953274118787967,0.36346015682628385,0.25884485319312006,0.4180529731055288,0.56220387056527321,0.56191003017612029,0.4900801378656589,0.50382832618585072,0.28658198978794486,0.64464778161786862,0.46314250097035464,0.42706683451954347,0.68803193576250943,0.37113490614181754,0.48167557909095476,0.49691047523768134,0.54298539782481825,0.65460227300041107,0.45044448574050328,0.6138148140237486,0.53999537884204185,0.52219211200038207,0.4664844017853908,0.40428307172901945,0.51532048089301918,0.2380865800116605,0.35063818830680105,1,0.87649079322640655,0.71536230880836449,0.65653073841758658
"DASCMOP1_BC",1,10000,10080,49,92,"feasible_endpoint","AF_train",1,17,0.040182402107850033,1.1524761378026851,1.733406768440255,0.31796660650813258,0.44729850356902279,0.5296378690707424,0.71143544252230984,0.68876908067387532,0.35308668577279889,0.45053612092320172,0.58957037179985861,0.77567990160170974,0.6694226960598797,0.54513243469129979,0.58447361749421622,0.51129117651940903,0.75835882846484459,0.49870512572972903,0.24820067820344632,0.44233218217278353,0.5886807133511831,0.35606839359708681,0.51640427105044751,0.52863210918008052,0.61499293804851329,0.49791561416373231,0.69041267674033047,0.86276289083178437,0.55627792042154767,0.21230871987414462,0.20264322749180844,0.38720490689658366,0.45930908624695338
"DASCMOP1_BC",1,10000,10080,49,92,"infeasible_endpoint","AI_train",0,17,0.040182402107850033,1.1452976932465004,1.7348236550802731,0.31269553841904868,0.36826692859209159,0.7417914796757028,0.38028011765941394,0.12516642704362471,0.6584252154483391,0.76250802860097777,0.5355460285043504,0.420493779860654,0.3100344736050053,0.67313535517246181,0.50938332681792464,0.57199614541502997,0.43974475794506185,0.55417661087019088,0.37073596896848759,0.69239741337488814,0.71501440014554907,0.52869725210940488,0.36815916774149615,0.41184773761173177,0.66017681655917515,0.72569383268450594,0.48941155483643112,0.62179410815477854,0.2025874306729194,0.28458462095720805,0.55727645140459403,0.55180275062388384,0.52926470162142625
"DASCMOP1_BC",1,10000,10080,49,93,"feasible_endpoint","AF_train",1,11,0.086732514715033862,1.1409341662367738,1.7474172052631491,0.30219508909842163,0.41067184608177465,0.68594736988626193,0.37700269526042129,0.26779416819082502,0.74706857440351215,0.5058359276770239,0.4167416410968634,0.30643545418724966,0.32784114063851266,0.61933403809412924,0.4484478206528798,0.63871079294466693,0.45120983142083393,0.72196929470763993,0.32247468664749951,0.63988803202631672,0.80228993263056037,0.66279679044751172,0.36793911639238808,0.54243760775975758,0.55965530798643903,0.57311047956945038,0.49160883800374916,0.48144672131831656,0.11864875404499228,0.42636085222417824,0.7424585334925371,0.51754930274057076,0.53601337741797739
"DASCMOP1_BC",1,10000,10080,49,93,"infeasible_endpoint","AI_train",0,11,0.086732514715033862,1.1452976932465004,1.7348236550802731,0.31269553841904868,0.36826692859209159,0.7417914796757028,0.38028011765941394,0.12516642704362471,0.6584252154483391,0.76250802860097777,0.5355460285043504,0.420493779860654,0.3100344736050053,0.67313535517246181,0.50938332681792464,0.57199614541502997,0.43974475794506185,0.55417661087019088,0.37073596896848759,0.69239741337488814,0.71501440014554907,0.52869725210940488,0.36815916774149615,0.41184773761173177,0.66017681655917515,0.72569383268450594,0.48941155483643112,0.62179410815477854,0.2025874306729194,0.28458462095720805,0.55727645140459403,0.55180275062388384,0.52926470162142625
"DASCMOP1_BC",1,10000,10080,49,94,"feasible_endpoint","AF_train",1,1,0.33296604035063793,1.1204928799275298,1.7699300333344079,0.27495989999039427,0.48727251822867607,0.26226811092873792,0.44081941119783991,0.25633636136456417,0.24534004052680597,0.61674075254467864,0.26594367099541466,0.79304897708466005,0.50110076745804277,0.56650540226846546,0.51611858898527208,0.45792105352424584,0.40612448779506916,0.70481451067573153,0.46751529179609252,0.37820338244633117,0.71890797671922202,0.33348426771908218,0.39706004765953873,0.3675634314103256,0.43475948002443798,0.67736762303036935,0.64036044025738303,0.75376050352557189,0.37928247112527586,0.48901389374267318,0.45459797553755465,0.32131555156433822,0.16601077501898853
"DASCMOP1_BC",1,10000,10080,49,94,"infeasible_endpoint","AI_train",0,1,0.33296604035063793,1.1452976932465004,1.7348236550802731,0.31269553841904868,0.36826692859209159,0.7417914796757028,0.38028011765941394,0.12516642704362471,0.6584252154483391,0.76250802860097777,0.5355460285043504,0.420493779860654,0.3100344736050053,0.67313535517246181,0.50938332681792464,0.57199614541502997,0.43974475794506185,0.55417661087019088,0.37073596896848759,0.69239741337488814,0.71501440014554907,0.52869725210940488,0.36815916774149615,0.41184773761173177,0.66017681655917515,0.72569383268450594,0.48941155483643112,0.62179410815477854,0.2025874306729194,0.28458462095720805,0.55727645140459403,0.55180275062388384,0.52926470162142625
"DASCMOP1_BC",1,10000,10080,49,95,"feasible_endpoint","AF_train",1,15,0.029739518428412191,1.1497447172969957,1.7391776661476452,0.31275276139140273,0.27746632060772669,0.49828260302542376,0.32457977203811872,0.39438452369802229,0.58119910118250728,0.3066661189334754,0.45497015124732132,0.35539512922734046,0.45876215045675822,0.72556875662179321,0.39099662293781839,0.77755650394231779,0.57545781913278538,0.5656326605709916,0.20796446154060977,0.732970036548794,0.71247804874548448,0.59376988892684213,0.33573087331008311,0.66193333564229839,0.62482597373538618,0.66078641654059345,0.7275378858767656,0.70535637673358975,0.38245637857806347,0.42706509562773753,0.63826192227412126,0.60919851470321151,0.38646460245329944
"DASCMOP1_BC",1,10000,10080,49,95,"infeasible_endpoint","AI_train",0,15,0.029739518428412191,1.1452976932465004,1.7348236550802731,0.31269553841904868,0.36826692859209159,0.7417914796757028,0.38028011765941394,0.12516642704362471,0.6584252154483391,0.76250802860097777,0.5355460285043504,0.420493779860654,0.3100344736050053,0.67313535517246181,0.50938332681792464,0.57199614541502997,0.43974475794506185,0.55417661087019088,0.37073596896848759,0.69239741337488814,0.71501440014554907,0.52869725210940488,0.36815916774149615,0.41184773761173177,0.66017681655917515,0.72569383268450594,0.48941155483643112,0.62179410815477854,0.2025874306729194,0.28458462095720805,0.55727645140459403,0.55180275062388384,0.52926470162142625
"DASCMOP1_BC",1,10000,10080,49,96,"feasible_endpoint","AF_train",1,16,0.031906900139578649,1.1506270552707032,1.7384184686442161,0.313761996302658,0.46963091974942595,0.53280480243884321,0.36821690651272332,0.29014575102179918,0.81550491417169557,0.45913950308247808,0.32924172560599407,0.45864000568884888,0.35848270125859261,0.63599689713747332,0.64569350379838752,0.66968172975404516,0.42216860125434347,0.54545269094039273,0.48411320525525492,0.65737572892801133,0.77665974493641299,0.50562038834509881,0.49482509328223734,0.49810293372986347,0.648202250084149,0.58169659964625364,0.55153583574512099,0.55982408778048209,0.38305566872878011,0.89783393792260857,0.78043825624164531,0.64646640113612297,0.58179502331373323
"DASCMOP1_BC",1,10000,10080,49,96,"infeasible_endpoint","AI_train",0,16,0.031906900139578649,1.1452976932465004,1.7348236550802731,0.31269553841904868,0.36826692859209159,0.7417914796757028,0.38028011765941394,0.12516642704362471,0.6584252154483391,0.76250802860097777,0.5355460285043504,0.420493779860654,0.3100344736050053,0.67313535517246181,0.50938332681792464,0.57199614541502997,0.43974475794506185,0.55417661087019088,0.37073596896848759,0.69239741337488814,0.71501440014554907,0.52869725210940488,0.36815916774149615,0.41184773761173177,0.66017681655917515,0.72569383268450594,0.48941155483643112,0.62179410815477854,0.2025874306729194,0.28458462095720805,0.55727645140459403,0.55180275062388384,0.52926470162142625
"DASCMOP1_BC",1,10000,10080,49,97,"feasible_endpoint","AF_train",1,16,0.031906900139578649,1.1506270552707032,1.7384184686442161,0.313761996302658,0.46963091974942595,0.53280480243884321,0.36821690651272332,0.29014575102179918,0.81550491417169557,0.45913950308247808,0.32924172560599407,0.45864000568884888,0.35848270125859261,0.63599689713747332,0.64569350379838752,0.66968172975404516,0.42216860125434347,0.54545269094039273,0.48411320525525492,0.65737572892801133,0.77665974493641299,0.50562038834509881,0.49482509328223734,0.49810293372986347,0.648202250084149,0.58169659964625364,0.55153583574512099,0.55982408778048209,0.38305566872878011,0.89783393792260857,0.78043825624164531,0.64646640113612297,0.58179502331373323
"DASCMOP1_BC",1,10000,10080,49,97,"infeasible_endpoint","AI_train",0,16,0.031906900139578649,1.1452976932465004,1.7348236550802731,0.31269553841904868,0.36826692859209159,0.7417914796757028,0.38028011765941394,0.12516642704362471,0.6584252154483391,0.76250802860097777,0.5355460285043504,0.420493779860654,0.3100344736050053,0.67313535517246181,0.50938332681792464,0.57199614541502997,0.43974475794506185,0.55417661087019088,0.37073596896848759,0.69239741337488814,0.71501440014554907,0.52869725210940488,0.36815916774149615,0.41184773761173177,0.66017681655917515,0.72569383268450594,0.48941155483643112,0.62179410815477854,0.2025874306729194,0.28458462095720805,0.55727645140459403,0.55180275062388384,0.52926470162142625
"DASCMOP1_BC",1,10000,10080,49,98,"feasible_endpoint","AF_train",1,26,0.23383967902640032,1.1705968128802322,1.717879179039798,0.3382825501228296,0.4510772015846426,0.68972442276340362,0.28421833792135021,0.49428423206419458,0.77731878055027159,0.20553760416259104,0.64712267333594353,0.55835128891665475,0.31387651758288126,0.35295322676580276,0.57398533713427324,0.79307744764775256,0.49344251195274225,0.47759715691168747,0.37556631220332082,0.48909476834244237,0.94837998332211126,0.50954491941820845,0.4302830109227504,0.51562342233381819,0.58340637772118353,0.51923003550763425,0.6744631872649145,0.662619301091808,0.51108613456513974,0.52673804595737239,0.44721894526573958,0.78444719591952361,0.34886394032874524
"DASCMOP1_BC",1,10000,10080,49,98,"infeasible_endpoint","AI_train",0,26,0.23383967902640032,1.1452976932465004,1.7348236550802731,0.31269553841904868,0.36826692859209159,0.7417914796757028,0.38028011765941394,0.12516642704362471,0.6584252154483391,0.76250802860097777,0.5355460285043504,0.420493779860654,0.3100344736050053,0.67313535517246181,0.50938332681792464,0.57199614541502997,0.43974475794506185,0.55417661087019088,0.37073596896848759,0.69239741337488814,0.71501440014554907,0.52869725210940488,0.36815916774149615,0.41184773761173177,0.66017681655917515,0.72569383268450594,0.48941155483643112,0.62179410815477854,0.2025874306729194,0.28458462095720805,0.55727645140459403,0.55180275062388384,0.52926470162142625
"DASCMOP1_BC",1,10000,10080,49,99,"feasible_endpoint","AF_train",1,33,0.1525746829932294,1.1835261565302986,1.7050462771800903,0.3535103276177789,0.16189381498486632,0.26886167152331047,0.44112273177469885,0.5094233425837732,0.46713432253010179,0.4427854103418542,0.50698384328714607,0.44982634034196012,0.4851952621288006,0.58257107678077735,0.69394238947621045,0.52717238260698318,0.62611796811465359,0.45372577240698653,0.31309917661816788,0.6813755358459892,0.31705999268434237,0.20039643506132634,0.25304243965451312,0.70268809787473585,0.44845673467004799,0.43545334635275113,0.69355661564285431,0.60143407646051428,0.75239839586202861,0.7555632181085733,0.54729043655562581,0.74070193974256171,0.46536741195906123
"DASCMOP1_BC",1,10000,10080,49,99,"infeasible_endpoint","AI_train",0,33,0.1525746829932294,1.1858084082870151,1.6836730531295476,0.36725737538372505,0.36542073402019604,0.67536247933123439,0.23484513508989535,0.59276538344248719,0.67125362141306111,0.35373544449378935,0.749273084390077,0.58034851734890747,0.41829485946397438,0.31095851407446956,0.81841793648602046,0.77639936148293365,0.64409142465010571,0.44846137853472101,0.57600051483418713,0.35117597074112727,0.86825647782679205,0.41151101239775656,0.35166303542939037,0.44513367823289396,0.6656207271409913,0.51734947769941486,0.6760734672067551,0.68014387590727987,0.50319004902236386,0.59968248472249996,0.49505648498131172,0.7377630302895245,0.39646759019117389
"DASCMOP1_BC",1,10000,10080,49,100,"feasible_endpoint","AF_train",1,9,0.15758169752536599,1.1380824309847577,1.7556092116827771,0.29528184897052734,0.40256007529155879,0.42902146698724797,0.47566267254687228,0.41543981893504128,0.70443593646705704,0.4203145769442963,0.50772587105272537,0.48815576229131391,0.37275617575379022,0.63878266899754144,0.5731917041172776,0.60335064047869436,0.55412391584388965,0.46042645142171124,0.2026445456919726,0.72516239714759612,0.73312562955736438,0.45809266839880697,0.49791413215441471,0.72228483865204973,0.56029644024325465,0.41097643885986213,0.82937656380956992,0.57419600120886793,0.47878124838429414,0.61296812261074995,0.60445082200213918,0.71448802585400017,0.67537278054279504
"DASCMOP1_BC",1,10000,10080,49,100,"infeasible_endpoint","AI_train",0,9,0.15758169752536599,1.1452976932465004,1.7348236550802731,0.31269553841904868,0.36826692859209159,0.7417914796757028,0.38028011765941394,0.12516642704362471,0.6584252154483391,0.76250802860097777,0.5355460285043504,0.420493779860654,0.3100344736050053,0.67313535517246181,0.50938332681792464,0.57199614541502997,0.43974475794506185,0.55417661087019088,0.37073596896848759,0.69239741337488814,0.71501440014554907,0.52869725210940488,0.36815916774149615,0.41184773761173177,0.66017681655917515,0.72569383268450594,0.48941155483643112,0.62179410815477854,0.2025874306729194,0.28458462095720805,0.55727645140459403,0.55180275062388384,0.52926470162142625
"DASCMOP1_BC",1,10000,10080,49,101,"feasible_endpoint","AF_train",1,38,0.50017888582646919,1.1943338792389511,1.6994385429912295,0.36307319286820716,0.40516304763955052,0.5721208980133603,0.43550536053798405,0.38569933836082815,0.55438306979711038,0.52105338318897054,0.61769685068314972,0.6637895117683339,0.41593826347645579,0.86254381191913443,0.77719034472908555,0.57229619781445085,0.5221550165404063,0.2016864142903379,0.59040356620276546,0.75411351325851128,0.86836348599528956,0.39312974903789411,0.65488618207622284,0.48703542393646837,0.88681438717248307,0.50791778468017124,0.68135666642515802,0.73255794200384972,0.72996495163785791,0.62278370679177342,0.51493901823463673,0.60854896517097323,0.43075994485501301
"DASCMOP1_BC",1,10000,10080,49,101,"infeasible_endpoint","AI_train",0,38,0.50017888582646919,1.1601094840168777,1.6461205091369986,0.37406462854864403,0.51942845256064318,0.59912511823002279,0.46803954179211671,0.45863687918101542,0.56623924186561814,0.45596709462262652,0.51365275055615123,0.67608736389028323,0.37771806749810199,0.87603558433085893,0.81495475046790855,0.491832325607575,0.53095100258883055,0.25626547199728938,0.54586616007981803,0.79842768562279565,0.89007511571245745,0.62256497966350821,0.79766430626274087,0.45448859596432378,0.55616273089526613,0.37902786122558446,0.85021854692442722,0.55713172222225282,0.63466406275424403,0.68457523257005914,0.62139500242717882,0.64765027283945298,0.45226830434083204
"DASCMOP1_BC",1,10000,10080,49,102,"feasible_endpoint","AF_train",1,15,0.43246758540509145,1.1497447172969957,1.7391776661476452,0.31275276139140273,0.27746632060772669,0.49828260302542376,0.32457977203811872,0.39438452369802229,0.58119910118250728,0.3066661189334754,0.45497015124732132,0.35539512922734046,0.45876215045675822,0.72556875662179321,0.39099662293781839,0.77755650394231779,0.57545781913278538,0.5656326605709916,0.20796446154060977,0.732970036548794,0.71247804874548448,0.59376988892684213,0.33573087331008311,0.66193333564229839,0.62482597373538618,0.66078641654059345,0.7275378858767656,0.70535637673358975,0.38245637857806347,0.42706509562773753,0.63826192227412126,0.60919851470321151,0.38646460245329944
"DASCMOP1_BC",1,10000,10080,49,102,"infeasible_endpoint","AI_train",0,15,0.43246758540509145,1.1535286031384326,1.6833540820097195,0.34863096875421251,0.5689547844479268,0.53121867227156128,0.59599481354139705,0.2148046359093661,0.37555708871386706,0.80802656850758359,0.66171650226023482,0.76694951779756515,0.25662131951376232,0.61081669905721503,0.38947109446831246,0.32871138872039019,0.23797407587902741,0.59271893293225797,0.48367299706036476,0.46540330208885161,0.51891474756643408,0.56486817289440738,0.19108197129214799,0.39691919728896874,0.42151859827824523,0.43226867820768694,0.77837379826369402,0.56450444959112356,0.47387882311409241,0.35872393376305078,0.41381247146448219,0.49978775048661178,0.64666996770016572
"DASCMOP1_BC",1,10000,10080,49,103,"feasible_endpoint","AF_train",1,26,0.29385930361185209,1.1705968128802322,1.717879179039798,0.3382825501228296,0.4510772015846426,0.68972442276340362,0.28421833792135021,0.49428423206419458,0.77731878055027159,0.20553760416259104,0.64712267333594353,0.55835128891665475,0.31387651758288126,0.35295322676580276,0.57398533713427324,0.79307744764775256,0.49344251195274225,0.47759715691168747,0.37556631220332082,0.48909476834244237,0.94837998332211126,0.50954491941820845,0.4302830109227504,0.51562342233381819,0.58340637772118353,0.51923003550763425,0.6744631872649145,0.662619301091808,0.51108613456513974,0.52673804595737239,0.44721894526573958,0.78444719591952361,0.34886394032874524
"DASCMOP1_BC",1,10000,10080,49,103,"infeasible_endpoint","AI_train",0,26,0.29385930361185209,1.1535286031384326,1.6833540820097195,0.34863096875421251,0.5689547844479268,0.53121867227156128,0.59599481354139705,0.2148046359093661,0.37555708871386706,0.80802656850758359,0.66171650226023482,0.76694951779756515,0.25662131951376232,0.61081669905721503,0.38947109446831246,0.32871138872039019,0.23797407587902741,0.59271893293225797,0.48367299706036476,0.46540330208885161,0.51891474756643408,0.56486817289440738,0.19108197129214799,0.39691919728896874,0.42151859827824523,0.43226867820768694,0.77837379826369402,0.56450444959112356,0.47387882311409241,0.35872393376305078,0.41381247146448219,0.49978775048661178,0.64666996770016572
"DASCMOP1_BC",1,10000,10080,49,104,"feasible_endpoint","AF_train",1,47,0.0040842889356696886,1.206854133615062,1.6808205727281129,0.38092767063303723,0.45620083417570378,0.32877006656143215,0.85400649775356041,0.82597394450553707,0.2964224979884123,0.51809302785352462,0.62902777012275146,0.79845375772101612,0.64433526018325016,0.57747470046892013,0.63755548655397909,0.48216329046741335,0.40374509806263736,0.61962031662214057,0.60336020037387827,0.71371181591885402,0.61098941093517745,0.51595951645149252,0.4742645501658449,0.46534367416910122,0.51685305979074614,0.58278435771355297,0.58622631454301066,0.25249730125074465,0.62653518135860975,1,0.59985052970328379,0.78447423573158448,0.52577363868365967
"DASCMOP1_BC",1,10000,10080,49,104,"infeasible_endpoint","AI_train",0,47,0.0040842889356696886,1.2039000294085129,1.67993393032389,0.37975343084561086,0.7679957777298474,0.7316602164642183,0.62341786146626821,0.33255170962476299,0.47771425013287655,0.68764911962497099,0.67449414101941318,0.75143011301059559,0.32099477079422811,0.80351584547324362,0.47306192539340214,0.39690333264154504,0.20853417433122221,0.47667293045347248,0.64127047027365724,0.59900730867154772,0.75642171869636532,0.72855915233890833,0.54659979743759279,0.30009589542677628,0.53744502338479971,0.4486278181312558,0.79495694748917511,0.52063916090287643,0.38275529736891728,0.42778502110164274,0.42604399070312865,0.43949078939211705,0.67696528385943711
"DASCMOP1_BC",1,10000,10080,49,105,"feasible_endpoint","AF_train",1,47,0.013139036115847427,1.206854133615062,1.6808205727281129,0.38092767063303723,0.45620083417570378,0.32877006656143215,0.85400649775356041,0.82597394450553707,0.2964224979884123,0.51809302785352462,0.62902777012275146,0.79845375772101612,0.64433526018325016,0.57747470046892013,0.63755548655397909,0.48216329046741335,0.40374509806263736,0.61962031662214057,0.60336020037387827,0.71371181591885402,0.61098941093517745,0.51595951645149252,0.4742645501658449,0.46534367416910122,0.51685305979074614,0.58278435771355297,0.58622631454301066,0.25249730125074465,0.62653518135860975,1,0.59985052970328379,0.78447423573158448,0.52577363868365967
"DASCMOP1_BC",1,10000,10080,49,105,"infeasible_endpoint","AI_train",0,47,0.013139036115847427,1.2054259346188725,1.6767466448404098,0.3824280649313363,0.65789445012441894,0.78840879791812335,0.53929932257998348,0.41220991203409701,0.57519199052403303,0.62186700249022508,0.42561585523123979,0.51732163464257774,0.61144815916204642,0.80581900842666132,0.40399753654662135,0.56649314673312023,0.12871705069979078,0.64710576916792628,0.70637153001917952,0.63388829857723483,0.57912288344148244,0.77227511767762691,0.35283389245411151,0.35952588241240807,0.68816041595739497,0.47292496086700053,0.48895986923999446,0.42182335803732474,0.28108031748614443,0.79256401193584325,0.70881130947362481,0.38010821057920224,0.64454966582693296
"DASCMOP1_BC",1,10000,10080,49,106,"feasible_endpoint","AF_train",1,56,0.16406512058072906,1.2241877089951254,1.6650333984100132,0.39953004985109419,0.22022289312847973,0.58815845117262311,0.38084178832185944,0.36224149119359089,0.63490770050730483,0.52843278060672094,0.57480189790559977,0.39248576282923753,0.40875332691528254,0.99474304502546051,0.64701141120869754,0.55212922957162769,0.52726021858764383,0.33958941013320709,0.5788037870036592,0.6835747671705944,0.49918691624269113,0.46546794295540694,0.37191912466849364,0.6103705549265932,0.70800273796861979,0.43790839599160619,0.62954006188434986,0.62093549697263994,0.71714223491995299,0.70826654681152512,0.59890675742089461,0.89756148355163046,0.52774793052510183
"DASCMOP1_BC",1,10000,10080,49,106,"infeasible_endpoint","AI_train",0,56,0.16406512058072906,1.2054259346188725,1.6767466448404098,0.3824280649313363,0.65789445012441894,0.78840879791812335,0.53929932257998348,0.41220991203409701,0.57519199052403303,0.62186700249022508,0.42561585523123979,0.51732163464257774,0.61144815916204642,0.80581900842666132,0.40399753654662135,0.56649314673312023,0.12871705069979078,0.64710576916792628,0.70637153001917952,0.63388829857723483,0.57912288344148244,0.77227511767762691,0.35283389245411151,0.35952588241240807,0.68816041595739497,0.47292496086700053,0.48895986923999446,0.42182335803732474,0.28108031748614443,0.79256401193584325,0.70881130947362481,0.38010821057920224,0.64454966582693296
"DASCMOP1_BC",1,10000,10080,49,107,"feasible_endpoint","AF_train",1,57,0.17883638805708124,1.2257640125211147,1.6642606116572685,0.40083483550751209,0.55982415824947973,0.82726627612275494,0.55808999299945139,0.36282180075838011,0.6078881285032085,0.4596954485406044,0.5991827720625772,0.63079372046510784,0.16941753721016792,0.62076704348050105,0.42690391992530008,0.51728060591153557,0.19245840812451767,0.42417285076847838,0.74093692971858505,0.68017303372759963,0.44959223388417541,0.58871159664593797,0.52725148635095109,0.39721471033553724,0.66165943748552292,0.5048243029006847,0.32549586824680987,0.5500288389650092,0.61492529744185098,0.85076987689997841,0.69709509587292873,0.62951792969697085,0.69452984653848637
"DASCMOP1_BC",1,10000,10080,49,107,"infeasible_endpoint","AI_train",0,57,0.17883638805708124,1.2054259346188725,1.6767466448404098,0.3824280649313363,0.65789445012441894,0.78840879791812335,0.53929932257998348,0.41220991203409701,0.57519199052403303,0.62186700249022508,0.42561585523123979,0.51732163464257774,0.61144815916204642,0.80581900842666132,0.40399753654662135,0.56649314673312023,0.12871705069979078,0.64710576916792628,0.70637153001917952,0.63388829857723483,0.57912288344148244,0.77227511767762691,0.35283389245411151,0.35952588241240807,0.68816041595739497,0.47292496086700053,0.48895986923999446,0.42182335803732474,0.28108031748614443,0.79256401193584325,0.70881130947362481,0.38010821057920224,0.64454966582693296
"DASCMOP1_BC",1,10000,10080,49,108,"feasible_endpoint","AF_train",1,49,0.044356870353251435,1.2131606510474944,1.6777500334798439,0.38623395193800292,0.73251964258867142,0.87858000135548131,0.40358030445654047,0.47559363980490615,0.66567118707115747,0.42752681642743628,0.4426235284518274,0.50824652072700971,0.61521070770425157,0.8572726380081952,0.36724152025773182,0.63050826059723919,0.39762935710910213,0.40158303458097699,0.49685758255075163,0.71105680990197595,0.80060249857054755,0.76623418718057767,0.64736844909599545,0.37681778659070309,0.58490762450248968,0.46685544626962161,0.67681592299141879,0.45021371121995479,0.23959738573582184,0.49194338109462671,0.44635962053544054,0.30865181193926183,0.52511395528482374
"DASCMOP1_BC",1,10000,10080,49,108,"infeasible_endpoint","AI_train",0,49,0.044356870353251435,1.2054259346188725,1.6767466448404098,0.3824280649313363,0.65789445012441894,0.78840879791812335,0.53929932257998348,0.41220991203409701,0.57519199052403303,0.62186700249022508,0.42561585523123979,0.51732163464257774,0.61144815916204642,0.80581900842666132,0.40399753654662135,0.56649314673312023,0.12871705069979078,0.64710576916792628,0.70637153001917952,0.63388829857723483,0.57912288344148244,0.77227511767762691,0.35283389245411151,0.35952588241240807,0.68816041595739497,0.47292496086700053,0.48895986923999446,0.42182335803732474,0.28108031748614443,0.79256401193584325,0.70881130947362481,0.38010821057920224,0.64454966582693296
"DASCMOP1_BC",1,10000,10080,49,109,"feasible_endpoint","AF_train",1,26,0.2584428331268247,1.1705968128802322,1.717879179039798,0.3382825501228296,0.4510772015846426,0.68972442276340362,0.28421833792135021,0.49428423206419458,0.77731878055027159,0.20553760416259104,0.64712267333594353,0.55835128891665475,0.31387651758288126,0.35295322676580276,0.57398533713427324,0.79307744764775256,0.49344251195274225,0.47759715691168747,0.37556631220332082,0.48909476834244237,0.94837998332211126,0.50954491941820845,0.4302830109227504,0.51562342233381819,0.58340637772118353,0.51923003550763425,0.6744631872649145,0.662619301091808,0.51108613456513974,0.52673804595737239,0.44721894526573958,0.78444719591952361,0.34886394032874524
"DASCMOP1_BC",1,10000,10080,49,109,"infeasible_endpoint","AI_train",0,26,0.2584428331268247,1.1428437964475147,1.6993425345755409,0.33276723150708432,0.37525719077937136,0.3442719963772094,0.43096590226389864,0.47199917582034434,0.71829087580368234,0.31323970302922477,0.35965252103883627,0.53536821141891533,0.32413585201792294,0.5777149139188188,0.7088548265175374,0.60390856978786778,0.49758380344748743,0.47329269449427164,0.49425813927033091,0.59776976670504789,0.74313791728961909,0.47286555593439555,0.56823637821614748,0.61503141659832505,0.55339081123302725,0.45544665138656026,0.64192146139554662,0.47172375024134572,0.52764474632649561,1,0.80922770097944108,0.74867255936712762,0.63288244188949638
"DASCMOP1_BC",1,10000,10080,49,110,"feasible_endpoint","AF_train",1,32,0.31274048623212264,1.1811668162550175,1.7082764191017901,0.35022961437086353,0.44996818517332093,0.30846054107857285,0.70080488406827102,0.39840330655306389,0.40074023914627493,0.73421444443556949,0.3273913423668694,0.75430375001834782,0.4656803317958888,0.22382701717052977,0.41674492282551889,0.4406844978322414,0.43391787998038439,0.77937282816071063,0.086393449671753275,0.67077256059127277,0.72336991793198702,0.33914696947872525,0.32326728672941041,0.48138995085712266,0.56173945550236226,0.47009241641716526,0.58060137019464853,0.55331572206249102,0.42615344477134209,0.43517490222515737,0.43319166312247509,0.48666117459743463,0.58792269264837915
"DASCMOP1_BC",1,10000,10080,49,110,"infeasible_endpoint","AI_train",0,32,0.31274048623212264,1.1428437964475147,1.6993425345755409,0.33276723150708432,0.37525719077937136,0.3442719963772094,0.43096590226389864,0.47199917582034434,0.71829087580368234,0.31323970302922477,0.35965252103883627,0.53536821141891533,0.32413585201792294,0.5777149139188188,0.7088548265175374,0.60390856978786778,0.49758380344748743,0.47329269449427164,0.49425813927033091,0.59776976670504789,0.74313791728961909,0.47286555593439555,0.56823637821614748,0.61503141659832505,0.55339081123302725,0.45544665138656026,0.64192146139554662,0.47172375024134572,0.52764474632649561,1,0.80922770097944108,0.74867255936712762,0.63288244188949638
"DASCMOP1_BC",1,10000,10080,49,111,"feasible_endpoint","AF_train",1,15,0.30676025038923382,1.1497447172969957,1.7391776661476452,0.31275276139140273,0.27746632060772669,0.49828260302542376,0.32457977203811872,0.39438452369802229,0.58119910118250728,0.3066661189334754,0.45497015124732132,0.35539512922734046,0.45876215045675822,0.72556875662179321,0.39099662293781839,0.77755650394231779,0.57545781913278538,0.5656326605709916,0.20796446154060977,0.732970036548794,0.71247804874548448,0.59376988892684213,0.33573087331008311,0.66193333564229839,0.62482597373538618,0.66078641654059345,0.7275378858767656,0.70535637673358975,0.38245637857806347,0.42706509562773753,0.63826192227412126,0.60919851470321151,0.38646460245329944
"DASCMOP1_BC",1,10000,10080,49,111,"infeasible_endpoint","AI_train",0,15,0.30676025038923382,1.1428437964475147,1.6993425345755409,0.33276723150708432,0.37525719077937136,0.3442719963772094,0.43096590226389864,0.47199917582034434,0.71829087580368234,0.31323970302922477,0.35965252103883627,0.53536821141891533,0.32413585201792294,0.5777149139188188,0.7088548265175374,0.60390856978786778,0.49758380344748743,0.47329269449427164,0.49425813927033091,0.59776976670504789,0.74313791728961909,0.47286555593439555,0.56823637821614748,0.61503141659832505,0.55339081123302725,0.45544665138656026,0.64192146139554662,0.47172375024134572,0.52764474632649561,1,0.80922770097944108,0.74867255936712762,0.63288244188949638
"DASCMOP1_BC",1,10000,10080,49,1,"generated","GAN_generated",1,0,NaN,1.3434553888200784,1.7201782397608814,0.43449299037456512,0.39103106409311295,0.87205377221107483,0.50476584117859602,0.45882298424839973,0.43825982511043549,0.68535050749778748,0.69459973275661469,0.6493222713470459,0.63262088596820831,0.86570447683334351,0.62021862715482712,0.33092054724693298,0.43303147703409195,0.35916417837142944,0.39363373070955276,0.69294638931751251,0.50284533761441708,0.36951121687889099,0.6150859147310257,0.55918300151824951,0.82005351781845093,0.68581961095333099,0.28639347851276398,0.60701611638069153,0.52780673466622829,0.87198388576507568,0.48489504680037498,0.61927367746829987,0.72337040305137634
"DASCMOP1_BC",1,10000,10080,49,2,"generated","GAN_generated",1,0,NaN,1.4771310100877817,2.1001536715009332,0.2918190062046051,0.38520267605781555,0.46643513441085815,0.80019229650497437,0.67597338557243347,0.37395665049552917,0.42818962037563324,0.60445787012577057,0.69147264957427979,0.71003207564353943,0.60022566467523575,0.48694925289601088,0.50151601782999933,0.67685239017009735,0.78667604923248291,0.16424760222434998,0.56657890975475311,0.70036976039409637,0.45320582389831543,0.40052136033773422,0.52714875712990761,0.35162657499313354,0.63399037718772888,0.88028222322463989,0.70347139239311218,0.32739557325839996,0.1650872528553009,0.2810337245464325,0.52142554521560669,0.33136202394962311
"DASCMOP1_BC",1,10000,10080,49,3,"generated","GAN_generated",0,0,NaN,1.0967032166654207,1.6344766844453167,0.34393514692783356,0.40331857651472092,0.52919681556522846,0.72306375205516815,0.57826823741197586,0.47147279605269432,0.26970374584197998,0.66484008729457855,0.47639052197337151,0.45931378379464149,0.5711653083562851,0.604981929063797,0.47565138526260853,0.59770742803812027,0.58047320693731308,0.10843473672866821,0.50182748096995056,0.6614813357591629,0.44589123874902725,0.49242207407951355,0.59024471044540405,0.21138870716094971,0.55170600861310959,0.77383425831794739,0.7335842102766037,0.3844887912273407,0.28449447453022003,0.33633878827095032,0.71962819993495941,0.54370422288775444
"DASCMOP1_BC",1,10000,10080,49,4,"generated","GAN_generated",0,0,NaN,2.0574473045276664,2.6988007791151127,0.28015801310539246,0.43237018585205078,0.60088232159614563,0.77222573757171631,0.63367132842540741,0.28600785136222839,0.6195419654250145,0.55363155156373978,0.75678455829620361,0.53114131279289722,0.62266373634338379,0.75416526198387146,0.35909391939640045,0.52078616805374622,0.65108920633792877,0.56174086406826973,0.67872041463851929,0.62112515419721603,0.41412222385406494,0.37679228186607361,0.69029827415943146,0.79917559027671814,0.66417931020259857,0.56775500625371933,0.20322737097740173,0.67211012542247772,0.93663635849952698,0.79158714413642883,0.78904426097869873,0.76193341612815857
"DASCMOP1_BC",1,10000,10080,49,5,"generated","GAN_generated",0,0,NaN,2.1081247041930977,2.3740168168424614,0.49202212039381266,0.41423296928405762,0.52759654261171818,0.60790430754423141,0.58643579483032227,0.49703519023023546,0.47797295823693275,0.53908475860953331,0.60288075357675552,0.60875630378723145,0.69128729403018951,0.44353892654180527,0.42388000339269638,0.5351722426712513,0.55362435802817345,0.11384984850883484,0.49654438928700984,0.39845900982618332,0.44900577515363693,0.4873063936829567,0.58947889506816864,0.39084260910749435,0.68151240050792694,0.72250060737133026,0.7326684296131134,0.31480808556079865,0.38487903773784637,0.37332740426063538,0.52296596020460129,0.46152855828404427
"DASCMOP1_BC",1,10000,10080,49,6,"generated","GAN_generated",0,0,NaN,1.1242207714963492,1.654021724506316,0.34864541888237,0.50494300620630383,0.5369703583419323,0.89072927832603455,0.83089271187782288,0.25859838724136353,0.54961392283439636,0.68737266957759857,0.71780791878700256,0.59512927383184433,0.64332164824008942,0.77510601282119751,0.38223770260810852,0.65479378402233124,0.64474353194236755,0.37839587777853012,0.67203909158706665,0.48119977302849293,0.40995290875434875,0.53752792626619339,0.46733436360955238,0.4892017962411046,0.70811453461647034,0.73998868465423584,0.38613919913768768,0.6329520046710968,0.63179859519004822,0.45284979045391083,0.72352609038352966,0.59247926622629166
"DASCMOP1_BC",1,10000,10080,49,7,"generated","GAN_generated",1,0,NaN,1.2610851484856225,1.7329672810137944,0.38210989534854889,0.3797784149646759,0.57187679409980774,0.80140012502670288,0.74078187346458435,0.25348648428916931,0.60428976267576218,0.67621636390686035,0.67830030620098114,0.45312641561031342,0.61373098939657211,0.79734018445014954,0.34461061656475067,0.41850200295448303,0.44616135954856873,0.52762646973133087,0.63678915798664093,0.47768704034388065,0.3177291601896286,0.53678995743393898,0.63669027388095856,0.73489949107170105,0.67670774459838867,0.44998485594987869,0.31002071499824524,0.79680678248405457,0.88182425498962402,0.57925733923912048,0.80404254794120789,0.75249385833740234
"DASCMOP1_BC",1,10000,10080,49,8,"generated","GAN_generated",0,0,NaN,1.9181748363819888,2.6086741416768664,0.24799779057502747,0.5606517568230629,0.45606117323040962,0.76898485422134399,0.70001049339771271,0.55733583122491837,0.18734127283096313,0.51785852015018463,0.37770341336727142,0.74208018183708191,0.49684697855263948,0.32479584217071533,0.60467030107975006,0.61659736931324005,0.76782220602035522,0.12962841987609863,0.4357469379901886,0.73062814772129059,0.67051097750663757,0.2914595901966095,0.6322043240070343,0.19456776976585388,0.5566970631480217,0.89411714673042297,0.4454386830329895,0.15672075748443604,0.31109099090099335,0.52648753486573696,0.63927128911018372,0.59127559512853622
"DASCMOP1_BC",1,10000,10080,49,9,"generated","GAN_generated",1,0,NaN,1.2877767129553304,1.9018127453226503,0.2974734902381897,0.345732182264328,0.81688174605369568,0.49634840246289968,0.18938222527503967,0.71775518357753754,0.61155735701322556,0.490433095023036,0.51181457098573446,0.43743681162595749,0.82683670520782471,0.55776903033256531,0.39900036156177521,0.56844416260719299,0.32591705024242401,0.34234043955802917,0.7564297616481781,0.55383142083883286,0.40048933774232864,0.53922232985496521,0.55631235614418983,0.70043537020683289,0.55908068642020226,0.57392533123493195,0.88804572820663452,0.44297520816326141,0.62118304520845413,0.40902670472860336,0.48162338882684708,0.56312468647956848
"DASCMOP1_BC",1,10000,10080,49,10,"generated","GAN_generated",0,0,NaN,1.6239108115467569,2.1968742944459168,0.32282228767871857,0.52417825348675251,0.73245422542095184,0.66070100665092468,0.84703472256660461,0.4028734490275383,0.10310783982276917,0.68986600637435913,0.25435575842857361,0.58628686517477036,0.68069057166576385,0.58183082193136215,0.65388847887516022,0.68959125876426697,0.47406222112476826,0.098742127418518066,0.63114090263843536,0.64310985803604126,0.73952414095401764,0.65710367262363434,0.4946220382116735,0.28932127356529236,0.51132257468998432,0.80604508519172668,0.3933599442243576,0.3820967972278595,0.7100023627281189,0.42832259833812714,0.8621794581413269,0.65580402314662933
"DASCMOP1_BC",1,10000,10080,49,11,"generated","GAN_generated",0,0,NaN,1.6462018462062769,2.356854671798593,0.23440259695053101,0.39221495389938354,0.47544116526842117,0.48534186463803053,0.39165982604026794,0.75448331236839294,0.41274344176054001,0.37980225682258606,0.46655512601137161,0.56806232035160065,0.71931532025337219,0.31238742172718048,0.54536079987883568,0.47381905652582645,0.52411768585443497,0.29796777665615082,0.65495049953460693,0.61438177525997162,0.53182549774646759,0.51537698972970247,0.60013053566217422,0.65869677066802979,0.52666643448174,0.66365328431129456,0.55296601727604866,0.46693409234285355,0.71759670972824097,0.65671545267105103,0.73827263712882996,0.60792040824890137
"DASCMOP1_BC",1,10000,10080,49,12,"generated","GAN_generated",0,0,NaN,1.5884461368793861,2.1394189123508096,0.33607847988605499,0.49530017375946045,0.43543315678834915,0.79340091347694397,0.64707343280315399,0.15622848272323608,0.40474990010261536,0.73390683531761169,0.70016632974147797,0.7704940140247345,0.48257635347545147,0.42866295576095581,0.55696610361337662,0.57105839252471924,0.72781948745250702,0.061126410961151123,0.47575634904205799,0.66746126115322113,0.55433755740523338,0.35128606855869293,0.5270947702229023,0.34232911467552185,0.67805220186710358,0.80713903903961182,0.72000919282436371,0.27175839245319366,0.13839119672775269,0.21838492155075073,0.61739662289619446,0.32657249271869659
"DASCMOP1_BC",1,10000,10080,49,13,"generated","GAN_generated",1,0,NaN,1.5653429925838933,1.962765680763898,0.42335113137960434,0.23898598551750183,0.6402767151594162,0.61185797303915024,0.49290252290666103,0.65210290253162384,0.77807855606079102,0.62157271802425385,0.56766454130411148,0.31348469853401184,0.68980205059051514,0.65418006479740143,0.33531416952610016,0.32734531164169312,0.33405722677707672,0.70911921560764313,0.58853840827941895,0.44319697096943855,0.2685280442237854,0.54760363698005676,0.64391869306564331,0.83236002922058105,0.66243422031402588,0.25119642913341522,0.49414846720173955,0.86498346924781799,0.90679416060447693,0.71902048587799072,0.84278634190559387,0.67212074995040894
"DASCMOP1_BC",1,10000,10080,49,14,"generated","GAN_generated",0,0,NaN,2.3032939288663248,3.0222724568074004,0.22871220111846924,0.62862184643745422,0.83331441879272461,0.53067084215581417,0.49649668065831065,0.6938805878162384,0.37794344872236252,0.32812529802322388,0.47488071955740452,0.78382414579391479,0.84270066022872925,0.35206741094589233,0.5209046509116888,0.51135544572025537,0.51399800088256598,0.28038479387760162,0.6885346919298172,0.59221547096967697,0.70987176895141602,0.51231484580785036,0.47858952917158604,0.53468057513237,0.5447215810418129,0.75451019406318665,0.4338170662522316,0.15861338376998901,0.814475417137146,0.57125063240528107,0.60741539299488068,0.67308893799781799
"DASCMOP1_BC",1,10000,10080,49,15,"generated","GAN_generated",0,0,NaN,1.708901643519501,2.1191123276481862,0.41640019416809082,0.4100370928645134,0.43131774663925171,0.68166691064834595,0.7591748833656311,0.31172485649585724,0.20667511224746704,0.6301044225692749,0.45064006373286247,0.6095554307103157,0.48916652426123619,0.31583763659000397,0.61533407866954803,0.59330394864082336,0.61194723844528198,0.10458210110664368,0.46398379653692245,0.639722540974617,0.65353648364543915,0.42934780567884445,0.56683633476495743,0.29414589703083038,0.48104255273938179,0.89703240990638733,0.71109485626220703,0.43247830122709274,0.2589995414018631,0.33239011466503143,0.69231724739074707,0.44965017586946487
"DASCMOP1_BC",1,10000,10080,49,16,"generated","GAN_generated",0,0,NaN,2.0850605101816333,2.7808224883185115,0.24447163939476013,0.70254765450954437,0.83703464269638062,0.35775244235992432,0.21977221965789795,0.51221258193254471,0.59659611433744431,0.52621417120099068,0.61803529411554337,0.82271659374237061,0.8755500316619873,0.36415086686611176,0.47870108485221863,0.36801856756210327,0.60446884483098984,0.14027261734008789,0.77154091000556946,0.76454371213912964,0.60604717582464218,0.44026001915335655,0.37753370404243469,0.48835803382098675,0.53510434180498123,0.68780970573425293,0.68003231287002563,0.086327344179153442,0.51372709684073925,0.38504549115896225,0.42756777256727219,0.60800192505121231
"DASCMOP1_BC",1,10000,10080,49,17,"generated","GAN_generated",1,0,NaN,1.4018497005688531,1.7962171526670276,0.42500407993793488,0.39944573491811752,0.56906576454639435,0.82521197199821472,0.85502296686172485,0.33317393064498901,0.57884997129440308,0.71543166041374207,0.57167407125234604,0.43224614858627319,0.61343672871589661,0.78453090786933899,0.4377790130674839,0.46096862480044365,0.28623312711715698,0.55343649536371231,0.57961971312761307,0.38479404896497726,0.37250664830207825,0.63791520893573761,0.60177439451217651,0.63026906549930573,0.62452270835638046,0.53387480229139328,0.27985250949859619,0.85600817203521729,0.91492277383804321,0.65239305794239044,0.85225951671600342,0.76239916682243347
"DASCMOP1_BC",1,10000,10080,49,18,"generated","GAN_generated",0,0,NaN,1.0334496899499788,1.5710616022363444,0.34403085708618164,0.53023464232683182,0.83457541465759277,0.47092758305370808,0.53195185214281082,0.66845928132534027,0.3747800886631012,0.47105449251830578,0.42252841591835022,0.62071019411087036,0.84108278155326843,0.58697955310344696,0.4980002089869231,0.53235327079892159,0.27570587396621704,0.25295831263065338,0.6659705638885498,0.43672346323728561,0.51135009247809649,0.6587788313627243,0.46237118914723396,0.50087262678425759,0.63826055824756622,0.56343080103397369,0.56522601842880249,0.23298880457878113,0.72840914130210876,0.36707302927970886,0.60959202796220779,0.66901759803295135
"DASCMOP1_BC",1,10000,10080,49,19,"generated","GAN_generated",0,0,NaN,1.0291554981745681,1.4821098688806771,0.39277411997318268,0.44576006382703781,0.60178812593221664,0.77790734171867371,0.66543373465538025,0.55638942867517471,0.36292135715484619,0.61755754798650742,0.4753859918564558,0.56716571748256683,0.69307228922843933,0.58885108679533005,0.49084277264773846,0.69386619329452515,0.59423667937517166,0.17753010988235474,0.56279419362545013,0.52803240530192852,0.56194744631648064,0.49064741749316454,0.59021142870187759,0.27463111281394958,0.59273433685302734,0.80665898323059082,0.65642170608043671,0.39606137573719025,0.41498450934886932,0.35954561829566956,0.67106972634792328,0.51831721514463425
"DASCMOP1_BC",1,10000,10080,49,20,"generated","GAN_generated",0,0,NaN,0.9832534086885788,1.4838089868792474,0.36570458114147186,0.36502552032470703,0.36102487146854401,0.61284694820642471,0.44341783598065376,0.33573116362094879,0.4842507466673851,0.5660838857293129,0.615217424929142,0.55203614756464958,0.47499675862491131,0.50689136702567339,0.52372545562684536,0.44587036594748497,0.81696125864982605,0.12846237421035767,0.41250237822532654,0.71235169470310211,0.50617390312254429,0.37364427745342255,0.60897775739431381,0.49686993705108762,0.61860751360654831,0.70298062264919281,0.6519223153591156,0.47825173661112785,0.46238513290882111,0.49935273808659986,0.71531765162944794,0.39076901972293854
"DASCMOP1_BC",1,10000,10080,49,21,"generated","GAN_generated",0,0,NaN,1.5855177313602944,2.2026018955101296,0.2955600768327713,0.52813192084431648,0.64757111668586731,0.76326185464859009,0.6573459804058075,0.16522467136383057,0.79357436299324036,0.72050219774246216,0.84228688478469849,0.66275155544281006,0.66948482394218445,0.72825226187705994,0.28389303386211395,0.33500427007675171,0.50917447358369827,0.51712322980165482,0.68909952044487,0.54971832036972046,0.28940626978874207,0.51547674275934696,0.42834977805614471,0.65929542481899261,0.74592152237892151,0.44954602420330048,0.36414808034896851,0.56096729263663292,0.74233341217041016,0.48172040469944477,0.66374832391738892,0.64423641562461853
"DASCMOP1_BC",1,10000,10080,49,22,"generated","GAN_generated",0,0,NaN,0.97017288632700338,1.4789732754057749,0.36092950403690338,0.37747830152511597,0.40094546228647232,0.80538591742515564,0.6719965934753418,0.25651475787162781,0.66692766547203064,0.69999408721923828,0.7660682201385498,0.6387658566236496,0.66603128612041473,0.58106707036495209,0.40409764647483826,0.50084645854076371,0.6397520899772644,0.42175240069627762,0.636961430311203,0.56645563989877701,0.43729506433010101,0.5031175201293081,0.5491880290210247,0.65063032507896423,0.65391585230827332,0.70468661189079285,0.44749220460653305,0.75487962365150452,0.72368299961090088,0.4566468708217144,0.67891836166381836,0.60089171677827835
"DASCMOP1_BC",1,10000,10080,49,23,"generated","GAN_generated",1,0,NaN,1.3438589551830347,1.9062284636852262,0.32923488318920135,0.49183003138750792,0.61524411290884018,0.72773838043212891,0.67817141115665436,0.55744316056370735,0.13706451654434204,0.42563910782337189,0.43102099001407623,0.61872275918722153,0.5656205341219902,0.45345431566238403,0.55815508589148521,0.6827370673418045,0.6462429016828537,0.11757302284240723,0.52897648513317108,0.59044522047042847,0.72395260632038116,0.35448929667472839,0.69747492671012878,0.24558916687965393,0.39647476375102997,0.89657935500144958,0.40261282026767731,0.2023148238658905,0.56618728488683701,0.5559522770345211,0.69458474218845367,0.62632408738136292
"DASCMOP1_BC",1,10000,10080,49,24,"generated","GAN_generated",0,0,NaN,1.951390704587862,2.6261777526449803,0.2584279477596283,0.56004713475704193,0.58462913334369659,0.77815285325050354,0.61208204925060272,0.68707135319709778,0.28523139655590057,0.29065628349781036,0.62565542757511139,0.79428806900978088,0.65567634999752045,0.29143673181533813,0.4541207067668438,0.59166204929351807,0.76011162996292114,0.24447917938232422,0.56850812584161758,0.64905111491680145,0.70056049525737762,0.3209889829158783,0.68396502733230591,0.34983259439468384,0.55127944797277451,0.89525297284126282,0.3594328910112381,0.12847462296485901,0.62527342140674591,0.60393849015235901,0.51928941905498505,0.67843514680862427
"DASCMOP1_BC",1,10000,10080,49,25,"generated","GAN_generated",0,0,NaN,2.6866627300768631,3.4511954188376501,0.19675484299659729,0.45080529153347015,0.8644135594367981,0.55551011487841606,0.31000541150569916,0.87759089469909668,0.47980198264122009,0.38636088371276855,0.49420799827203155,0.47974234819412231,0.83154082298278809,0.58062510192394257,0.45068550109863281,0.61317761242389679,0.28768599033355713,0.34531831741333008,0.74627016484737396,0.55871058255434036,0.49395583523437381,0.42244204133749008,0.53073506057262421,0.61920194327831268,0.49328086897730827,0.57842204719781876,0.64679566025733948,0.33688277006149292,0.69934287667274475,0.532496627420187,0.61553262174129486,0.72534932196140289
"DASCMOP1_BC",1,10000,10080,49,26,"generated","GAN_generated",1,0,NaN,1.4600305574298105,1.9218808347598839,0.38777796924114227,0.32166127860546112,0.37950838357210159,0.67727328836917877,0.32477137446403503,0.32574236392974854,0.76633444428443909,0.54168197140097618,0.86602377891540527,0.66886128485202789,0.63572382926940918,0.57455037534236908,0.36019976437091827,0.47410645522177219,0.81846052408218384,0.15315556526184082,0.42781997472047806,0.67615637183189392,0.31082072854042053,0.31779658794403076,0.6969107985496521,0.63265368342399597,0.74575628340244293,0.56132807210087776,0.78391620516777039,0.39517991989850998,0.41584663838148117,0.43792460486292839,0.46114003285765648,0.39539850503206253
"DASCMOP1_BC",1,10000,10080,49,27,"generated","GAN_generated",0,0,NaN,1.632393524564443,2.2880112341674232,0.27096192538738251,0.43638254702091217,0.59861604869365692,0.47151512280106544,0.49083708878606558,0.73058611154556274,0.1463543176651001,0.42590712010860443,0.24511680006980896,0.41315647959709167,0.60905022174119949,0.39033748209476471,0.60641321539878845,0.66105473041534424,0.60912865400314331,0.13365006446838379,0.61065282672643661,0.69703052937984467,0.69177150726318359,0.55095523223280907,0.64836174249649048,0.36002068221569061,0.39621866494417191,0.83983257412910461,0.63970229029655457,0.37835672497749329,0.69127292931079865,0.67965766787528992,0.80942064523696899,0.57388670742511749
"DASCMOP1_BC",1,10000,10080,49,28,"generated","GAN_generated",0,0,NaN,2.013045406918903,2.573762098121164,0.33023087680339813,0.43579631298780441,0.31339991092681885,0.50654430268332362,0.14182361960411072,0.20217195153236389,0.69802060723304749,0.48990524932742119,0.82894036173820496,0.74562402069568634,0.59251794964075089,0.25458389520645142,0.367935910820961,0.36343896389007568,0.89481288194656372,0.095459192991256714,0.40813308209180832,0.79756602644920349,0.43551822751760483,0.25777657330036163,0.59287691116333008,0.67732113599777222,0.71350976824760437,0.75859534740447998,0.89209133386611938,0.21533474326133728,0.21128633618354797,0.26651214063167572,0.29195210337638855,0.28825682401657104
"DASCMOP1_BC",1,10000,10080,49,29,"generated","GAN_generated",0,0,NaN,1.5779031193748245,2.2286682403406077,0.27410262823104858,0.39873377978801727,0.37692472338676453,0.52697796747088432,0.17735791206359863,0.39886149019002914,0.69469939172267914,0.47202072292566299,0.83813363313674927,0.69951030611991882,0.6164063885807991,0.37257732450962067,0.3738214373588562,0.40205532312393188,0.87424397468566895,0.14277651906013489,0.41945686936378479,0.78475520014762878,0.40305490791797638,0.27539286017417908,0.63262829184532166,0.63203302025794983,0.66250844299793243,0.65541030466556549,0.78463593125343323,0.25978198647499084,0.29002134501934052,0.34056542813777924,0.4393889382481575,0.40708405524492264
"DASCMOP1_BC",1,10000,10080,49,30,"generated","GAN_generated",0,0,NaN,2.1768673417356013,2.8778965379221182,0.24092563986778259,0.56651246547698975,0.69857855141162872,0.69152618944644928,0.72630009055137634,0.47390535287559032,0.16101184487342834,0.5126414280384779,0.3927030935883522,0.67246067523956299,0.65998853743076324,0.4692608118057251,0.63132156431674957,0.59844865649938583,0.63613440096378326,0.11011368036270142,0.55660988762974739,0.61794036626815796,0.76672044396400452,0.43265963345766068,0.5920136347413063,0.22879683971405029,0.48495724145323038,0.83165645599365234,0.29464748501777649,0.21021679043769836,0.73107472062110901,0.54943222552537918,0.75437596440315247,0.72057068347930908
"DASCMOP1_BC",1,10000,10080,49,31,"generated","GAN_generated",0,0,NaN,1.1360400271418951,1.7020086546780602,0.32706189155578613,0.33381646871566772,0.73409777879714966,0.78036773204803467,0.67583347856998444,0.67908725142478943,0.2971951812505722,0.59272009134292603,0.35463322699069977,0.39446216076612473,0.65038010478019714,0.72476436197757721,0.50097066024318337,0.62091881036758423,0.28189674019813538,0.21820902824401855,0.53810738399624825,0.52427350729703903,0.46366801112890244,0.52480013109743595,0.65884378552436829,0.43437369912862778,0.42467992007732391,0.68470799922943115,0.59904249757528305,0.54960251227021217,0.66601942479610443,0.5023409859277308,0.80158945918083191,0.67675063014030457
"DASCMOP1_BC",1,10000,10080,49,32,"generated","GAN_generated",0,0,NaN,1.9368491093293356,2.5605880027325769,0.29136660695075989,0.35525137186050415,0.7111893892288208,0.80996990203857422,0.77027320861816406,0.31372572481632233,0.4972958171274513,0.71912029385566711,0.61007238179445267,0.42655308544635773,0.70428083837032318,0.79998913407325745,0.36344289779663086,0.53606660664081573,0.26108928024768829,0.57998527586460114,0.71817341446876526,0.41891349852085114,0.43408505618572235,0.67875009775161743,0.50312531949020922,0.70299093425273895,0.66076314449310303,0.48145055212080479,0.33403782546520233,0.82146731019020081,0.93842124938964844,0.53972651064395905,0.82326307892799377,0.75628143548965454
"DASCMOP1_BC",1,10000,10080,49,33,"generated","GAN_generated",1,0,NaN,1.2415051998264635,1.7670192896718757,0.35116738080978394,0.47364448755979538,0.52987958490848541,0.74730047583580017,0.50133783533237875,0.407731793820858,0.4339936375617981,0.5682225301861763,0.71986754238605499,0.54003623500466347,0.61897276341915131,0.6869138777256012,0.35171239078044891,0.61055499315261841,0.53516883030533791,0.089328944683074951,0.48418251238763332,0.51513479556888342,0.33082287013530731,0.47029370628297329,0.55576736479997635,0.33479559421539307,0.61936945468187332,0.68352450430393219,0.82713264226913452,0.26456980407238007,0.18211796879768372,0.24856090545654297,0.57827194035053253,0.40035151690244675
"DASCMOP1_BC",1,10000,10080,49,34,"generated","GAN_generated",0,0,NaN,1.7252207115815388,2.3982750961872927,0.25956936180591583,0.51014082226902246,0.80727082490921021,0.67515566945075989,0.6346202939748764,0.53571492061018944,0.48861649259924889,0.59686025232076645,0.56471008807420731,0.56109023839235306,0.76216894388198853,0.57819614559412003,0.48061425611376762,0.52054313383996487,0.24819943308830261,0.44924737513065338,0.65095491707324982,0.44244128838181496,0.4627167209982872,0.63710580766201019,0.49812067486345768,0.66638067364692688,0.44468865543603897,0.50499392580240965,0.35390715301036835,0.56128524616360664,0.87805122137069702,0.52722719684243202,0.78225773572921753,0.77155283093452454
"DASCMOP1_BC",1,10000,10080,49,35,"generated","GAN_generated",0,0,NaN,0.89841035148969606,1.441897863563403,0.34054297208786011,0.35732957720756531,0.49238082254305482,0.58336800336837769,0.43295861035585403,0.6590663343667984,0.52478060126304626,0.48905489780008793,0.53288248181343079,0.5702936202287674,0.67580673098564148,0.4539775624871254,0.44656507670879364,0.50756698846817017,0.73549996316432953,0.17829585075378418,0.51332086604088545,0.62288638204336166,0.42643464356660843,0.351131871342659,0.70567460358142853,0.43722087144851685,0.6197354644536972,0.7244599461555481,0.65016241371631622,0.24214059114456177,0.4202006459236145,0.57907894253730774,0.64309787750244141,0.4546414278447628
"DASCMOP1_BC",1,10000,10080,49,36,"generated","GAN_generated",0,0,NaN,1.6029876939424157,2.2440087337065768,0.2803710401058197,0.45675020292401314,0.64852336049079895,0.29081141948699951,0.18344709277153015,0.72343914210796356,0.57379605621099472,0.35695961117744446,0.55950294435024261,0.6100938469171524,0.77318850159645081,0.31946189701557159,0.49129000306129456,0.32648971676826477,0.68973001837730408,0.27860337495803833,0.6524665504693985,0.6998823881149292,0.48717189207673073,0.45171182975172997,0.61721822619438171,0.76156777143478394,0.72435694932937622,0.43567158281803131,0.62091854214668274,0.24870529770851135,0.83584105968475342,0.70821627974510193,0.64783589541912079,0.61702243238687515
"DASCMOP1_BC",1,10000,10080,49,37,"generated","GAN_generated",1,0,NaN,1.3046015508406617,1.8987593355826105,0.3098408579826355,0.56830319762229919,0.89932796359062195,0.35661867260932922,0.27628256380558014,0.63760493695735931,0.46870092302560806,0.43186508864164352,0.37042616307735443,0.59326776117086411,0.89289286732673645,0.5431879460811615,0.41516723483800888,0.51680351234972477,0.36649470031261444,0.21237173676490784,0.76765218377113342,0.58986986428499222,0.56094733253121376,0.50951947271823883,0.53144702687859535,0.56719090789556503,0.60900244861841202,0.6250443160533905,0.68963529169559479,0.20724675059318542,0.75548911094665527,0.42481721192598343,0.51851879805326462,0.62142891436815262
"DASCMOP1_BC",1,10000,10080,49,38,"generated","GAN_generated",0,0,NaN,1.0435792688194265,1.561071536467727,0.35586665570735931,0.47000064700841904,0.66267605125904083,0.67047935724258423,0.52040909789502621,0.38171766698360443,0.65287370979785919,0.69199474155902863,0.57888176292181015,0.65211470425128937,0.75442469120025635,0.52900078892707825,0.3904399573802948,0.44501714035868645,0.67245523631572723,0.23308783769607544,0.56217322871088982,0.70777077972888947,0.40095658600330353,0.43019214272499084,0.49396732728928328,0.47491763718426228,0.66559086740016937,0.71222490072250366,0.75408795475959778,0.30478748679161072,0.27840520441532135,0.28237676620483398,0.60158941149711609,0.46451427415013313
"DASCMOP1_BC",1,10000,10080,49,39,"generated","GAN_generated",1,0,NaN,1.2515982214568107,1.8779684106033487,0.28970235586166382,0.51148478128015995,0.55262904241681099,0.45584702491760254,0.31603652238845825,0.70029845833778381,0.44023149088025093,0.35448205471038818,0.33172789216041565,0.64126759767532349,0.65702849626541138,0.23572593927383423,0.60287680476903915,0.30630533397197723,0.73636536300182343,0.16710355877876282,0.43057158589363098,0.71193376183509827,0.64437255263328552,0.26395006477832794,0.65192948281764984,0.41368613392114639,0.48853333108127117,0.71181680262088776,0.55070521682500839,0.15586462616920471,0.47235959768295288,0.6752515584230423,0.68877530097961426,0.48183723539113998
"DASCMOP1_BC",1,10000,10080,49,40,"generated","GAN_generated",0,0,NaN,0.98569451808992659,1.5581018501315476,0.32316017150878906,0.4944387748837471,0.68709905445575714,0.49227727204561234,0.39872969686985016,0.66907563805580139,0.38491508364677429,0.44735055789351463,0.3997228592634201,0.53202161937952042,0.78349533677101135,0.53688700869679451,0.54558270424604416,0.62220821529626846,0.6290934681892395,0.2082335352897644,0.6501089334487915,0.59560087323188782,0.62126041948795319,0.45198946818709373,0.64738538861274719,0.41636335849761963,0.57471932470798492,0.75853258371353149,0.53082936815917492,0.24303016066551208,0.71968525648117065,0.58526196330785751,0.610529825091362,0.58645088225603104
"DASCMOP1_BC",1,10000,10080,49,41,"generated","GAN_generated",0,0,NaN,1.1513117937996094,1.649382917090064,0.3671383261680603,0.27170786261558533,0.61504692584276199,0.45447415485978127,0.26067520678043365,0.72000660002231598,0.52788994461297989,0.41287143528461456,0.59938450902700424,0.61551343649625778,0.81278455257415771,0.40043967962265015,0.4541439414024353,0.47340848483145237,0.68161556124687195,0.1954311728477478,0.58001099526882172,0.61297883838415146,0.45320736989378929,0.42616190761327744,0.70646768808364868,0.60446172207593918,0.76476597785949707,0.56197183951735497,0.82140064239501953,0.29057951271533966,0.53029763326048851,0.46308086439967155,0.46079610288143158,0.40861980617046356
"DASCMOP1_BC",1,10000,10080,49,42,"generated","GAN_generated",1,0,NaN,1.6144100033545552,1.9617465651606936,0.45008601620793343,0.49024125002324581,0.62854038178920746,0.47959381528198719,0.39102386683225632,0.22309476137161255,0.82037007808685303,0.67467841506004333,0.74973994493484497,0.73154734075069427,0.71375615894794464,0.45638897269964218,0.37667104601860046,0.18966445326805115,0.66772857308387756,0.35619214177131653,0.59299817681312561,0.6559067964553833,0.37728255987167358,0.45936645194888115,0.56197972968220711,0.74612897634506226,0.76148140430450439,0.32485531270503998,0.52135992422699928,0.43956749886274338,0.77049589157104492,0.52201038226485252,0.74281349778175354,0.53924259915947914
"DASCMOP1_BC",1,10000,10080,49,43,"generated","GAN_generated",1,0,NaN,1.3568548805619089,1.8384688369396975,0.37657631933689117,0.6799309104681015,0.87935298681259155,0.45271393284201622,0.30166184902191162,0.58311177045106888,0.70148965716362,0.47110412083566189,0.52263652719557285,0.83746504783630371,0.8979705274105072,0.40956701338291168,0.46994802355766296,0.33084218204021454,0.48135877586901188,0.27619470655918121,0.76390859484672546,0.6613326370716095,0.59624166041612625,0.4569924883544445,0.37260422110557556,0.59518485516309738,0.65289893746376038,0.61074861139059067,0.70812837779521942,0.13809850811958313,0.60009951144456863,0.41580264270305634,0.39034092426300049,0.59257517755031586
"DASCMOP1_BC",1,10000,10080,49,44,"generated","GAN_generated",0,0,NaN,1.8751995471867644,2.2238630244772541,0.44938744604587555,0.30926412343978882,0.37350799143314362,0.86882120370864868,0.75800982117652893,0.21145758032798767,0.81561222672462463,0.66264855861663818,0.81386393308639526,0.44529984146356583,0.50278506241738796,0.81814208626747131,0.32162517309188843,0.33722585439682007,0.60655304789543152,0.60115672647953033,0.54611987248063087,0.47293846309185028,0.26300992071628571,0.47623425349593163,0.64007286727428436,0.8145807683467865,0.68281081318855286,0.40415587276220322,0.28914697468280792,0.89687898755073547,0.87626266479492188,0.64387223124504089,0.84176751971244812,0.66675814986228943
"DASCMOP1_BC",1,10000,10080,49,45,"generated","GAN_generated",0,0,NaN,3.701568455983463,4.468782087184394,0.19482830166816711,0.5663909986615181,0.88484302163124084,0.62926739454269409,0.75329089164733887,0.68810899555683136,0.11840540170669556,0.47518856078386307,0.20309191942214966,0.52311570942401886,0.8225458562374115,0.5488852895796299,0.60224461555480957,0.72983384132385254,0.29932400584220886,0.23405113816261292,0.75824072957038879,0.48101428337395191,0.76714739203453064,0.65411774814128876,0.52897446788847446,0.45185983180999756,0.43555518239736557,0.80984988808631897,0.31828328967094421,0.36029040813446045,0.92122441530227661,0.61547103524208069,0.79451990127563477,0.77540749311447144
"DASCMOP1_BC",1,10000,10080,49,46,"generated","GAN_generated",0,0,NaN,1.1266609933485379,1.5918347675083302,0.38590418547391891,0.25001886487007141,0.64647166430950165,0.42472024261951447,0.32000283896923065,0.62398479878902435,0.45630164071917534,0.60698004066944122,0.45466682314872742,0.48686269670724869,0.78518477082252502,0.49064332339912653,0.42724521458148956,0.4766742866486311,0.75021263957023621,0.16677802801132202,0.57208941876888275,0.71080037951469421,0.49505413742735982,0.38284291326999664,0.73878982663154602,0.60641247034072876,0.7283402681350708,0.6549435555934906,0.73769374191761017,0.38483592867851257,0.61323916912078857,0.52568956278264523,0.61698102951049805,0.46791168302297592
"DASCMOP1_BC",1,10000,10080,49,47,"generated","GAN_generated",0,0,NaN,2.5127815906791264,3.2642463166057789,0.20607030391693115,0.55947015807032585,0.74824385344982147,0.56905166804790497,0.48429005034267902,0.66972881555557251,0.33673189580440521,0.36782045662403107,0.55494632199406624,0.81923198699951172,0.8064098060131073,0.25578847527503967,0.58608795702457428,0.56170742213726044,0.50986994709819555,0.20116278529167175,0.63393504917621613,0.65711665153503418,0.74179834127426147,0.41382231563329697,0.5427091009914875,0.4552270732820034,0.39866966009140015,0.81684941053390503,0.45012455433607101,0.14922088384628296,0.68601536750793457,0.50109817006159574,0.55257799103856087,0.64158438146114349
"DASCMOP1_BC",1,10000,10080,49,48,"generated","GAN_generated",1,0,NaN,1.2177572558187557,1.7303535499505467,0.35872213542461395,0.61921163648366928,0.85713458061218262,0.48422027379274368,0.38058411329984665,0.64315035939216614,0.6550246924161911,0.41356907039880753,0.51245183497667313,0.82583004236221313,0.88978198170661926,0.32672245800495148,0.45746274292469025,0.38078831881284714,0.4814688041806221,0.32275067269802094,0.74488359689712524,0.62071530520915985,0.63505928218364716,0.49681212636642158,0.33742769062519073,0.50086677743820474,0.60690207034349442,0.65076981484889984,0.69402976334095001,0.1596236526966095,0.58789627999067307,0.3821636289358139,0.47353279590606689,0.53092714212834835
"DASCMOP1_BC",1,10000,10080,49,49,"generated","GAN_generated",0,0,NaN,2.0871156758802565,2.827094539775854,0.21415764093399048,0.43102142214775085,0.370639368891716,0.77569007873535156,0.56352371722459793,0.18960332870483398,0.43564379960298538,0.67457424104213715,0.74907723069190979,0.66768284142017365,0.45697294548153877,0.45573411136865616,0.5463305190205574,0.62358492612838745,0.77326363325119019,0.1294684112071991,0.52821352146565914,0.73025114834308624,0.46454866230487823,0.34986685216426849,0.50535577954724431,0.3231038898229599,0.49760496965609491,0.88129448890686035,0.61649302393198013,0.35133759677410126,0.2024821937084198,0.29667407274246216,0.585342638194561,0.42274374514818192
"DASCMOP1_BC",1,10000,10080,49,50,"generated","GAN_generated",0,0,NaN,1.1187150546883999,1.7165117733220543,0.3075910359621048,0.32403092086315155,0.60654212534427643,0.35730369389057159,0.22091469168663025,0.68781654536724091,0.39282907545566559,0.41953304409980774,0.47274948097765446,0.54178991541266441,0.76258739829063416,0.29478985071182251,0.51714934222400188,0.45525331050157547,0.66927348077297211,0.14273703098297119,0.54675541073083878,0.66980293393135071,0.57959617674350739,0.39916752278804779,0.64746256172657013,0.59663092344999313,0.60437843203544617,0.69005607068538666,0.79396986961364746,0.30857747793197632,0.53762254863977432,0.46157217770814896,0.60406222939491272,0.42705751955509186
"DASCMOP1_BC",1,10000,10080,49,51,"generated","GAN_generated",1,0,NaN,1.3990706511015552,2.0418542843692578,0.27924089133739471,0.39398753643035889,0.6622893214225769,0.58336413651704788,0.59716443717479706,0.45872383564710617,0.44310795143246651,0.59167490899562836,0.47185146808624268,0.43951277807354927,0.72720041871070862,0.59391426295042038,0.58416783064603806,0.52142691798508167,0.24510163068771362,0.32739107310771942,0.6753697544336319,0.45087937638163567,0.40532856434583664,0.74161405861377716,0.44725284725427628,0.68505392968654633,0.55779419839382172,0.50141258432995528,0.60632885992527008,0.73541173338890076,0.82264643907546997,0.50817594677209854,0.80761623382568359,0.67002397775650024
"DASCMOP1_BC",1,10000,10080,49,52,"generated","GAN_generated",1,0,NaN,1.4469812802134649,2.0919552500961567,0.27783419191837311,0.43672084808349609,0.79381731152534485,0.5413590706884861,0.47795277833938599,0.38283912092447281,0.5258263498544693,0.63387064635753632,0.539197638630867,0.46394370496273041,0.82812204957008362,0.60979011654853821,0.44093431904911995,0.49749157158657908,0.2535082995891571,0.38751405477523804,0.76978534460067749,0.50470134615898132,0.42772707343101501,0.60061917454004288,0.49255115957930684,0.70759761333465576,0.62289352715015411,0.42230677604675293,0.56210048124194145,0.58283638954162598,0.84987431764602661,0.46091940626502037,0.75059652328491211,0.67630521953105927
"DASCMOP1_BC",1,10000,10080,49,53,"generated","GAN_generated",0,0,NaN,1.0729904549470843,1.5115511892219771,0.40079923719167709,0.40696133673191071,0.54931644722819328,0.53005094267427921,0.52653012983500957,0.46523274481296539,0.35329900681972504,0.53198910504579544,0.47765477374196053,0.58330376446247101,0.71095757186412811,0.33647322654724121,0.53316303342580795,0.46575360745191574,0.63603931665420532,0.15346896648406982,0.53906632587313652,0.57732924818992615,0.57577671855688095,0.34980176389217377,0.60622595250606537,0.50988796073943377,0.59891391545534134,0.7758776843547821,0.65718480944633484,0.3451017439365387,0.43802118301391602,0.42780924588441849,0.64552272856235504,0.53861888498067856
"DASCMOP1_BC",1,10000,10080,49,54,"generated","GAN_generated",0,0,NaN,0.98810218157402807,1.477035448031097,0.37239138782024384,0.4209710955619812,0.6961783766746521,0.52890592254698277,0.60857198387384415,0.53053939342498779,0.28981210291385651,0.6494901180267334,0.39642477035522461,0.57572480291128159,0.76676109433174133,0.53828136622905731,0.5071937101893127,0.55821634456515312,0.57881429046392441,0.12256321310997009,0.59361822903156281,0.60372843593358994,0.62872025370597839,0.53241903334856033,0.57090570777654648,0.33801446855068207,0.59343596547842026,0.77946516871452332,0.57640313357114792,0.27589024603366852,0.60526284575462341,0.52364020794630051,0.66939161717891693,0.56091876700520515
"DASCMOP1_BC",1,10000,10080,49,55,"generated","GAN_generated",0,0,NaN,2.1644505575088724,2.8246633737678417,0.26797603070735931,0.49038025550544262,0.5958288237452507,0.80954077839851379,0.69419920444488525,0.29622840881347656,0.67841704189777374,0.54131966829299927,0.76749560236930847,0.55619038641452789,0.62900365889072418,0.71958349645137787,0.3623453676700592,0.51682309992611408,0.5375661663711071,0.54707414656877518,0.67124585807323456,0.55390864238142967,0.45855272933840752,0.40325453132390976,0.63625368475914001,0.76740863919258118,0.56314107030630112,0.59258446842432022,0.20183050632476807,0.69218379259109497,0.92737957835197449,0.75484275817871094,0.83822935819625854,0.74995742738246918
"DASCMOP1_BC",1,10000,10080,49,56,"generated","GAN_generated",1,0,NaN,1.4443074074598903,2.0405602083217289,0.30854634940624237,0.37222257256507874,0.72094070911407471,0.68536293506622314,0.5126407528296113,0.27303408086299896,0.70565880835056305,0.71043682098388672,0.74262985587120056,0.48382512852549553,0.74861523509025574,0.71402677893638611,0.27883374691009521,0.39065289497375488,0.34975123405456543,0.57594732195138931,0.73168912529945374,0.51590500026941299,0.32773508131504059,0.59033617377281189,0.49413429806008935,0.73821145296096802,0.72442646324634552,0.34896722435951233,0.48468307685106993,0.65695373713970184,0.84365254640579224,0.42069503664970398,0.73635244369506836,0.63864767551422119
"DASCMOP1_BC",1,10000,10080,49,57,"generated","GAN_generated",0,0,NaN,1.7314328361622922,2.1256144334196647,0.4251045361161232,0.41689033806324005,0.52210204675793648,0.56845677644014359,0.29154038429260254,0.34901221096515656,0.85834813117980957,0.44707299023866653,0.87631192803382874,0.80229243636131287,0.74380871653556824,0.36024145781993866,0.30376057326793671,0.21023181080818176,0.69414225220680237,0.4648883268237114,0.64693360030651093,0.64034286141395569,0.33032490313053131,0.37553549557924271,0.57363913208246231,0.84528514742851257,0.86817058920860291,0.2951618880033493,0.6159680187702179,0.40557058155536652,0.72618567943572998,0.48888013698160648,0.5815381184220314,0.44507560506463051
"DASCMOP1_BC",1,10000,10080,49,58,"generated","GAN_generated",0,0,NaN,1.6636786701713411,2.337241662386917,0.25923448801040649,0.3770652636885643,0.32803130149841309,0.56719855964183807,0.202607661485672,0.45882711187005043,0.70838703215122223,0.43015874177217484,0.83513396978378296,0.74307000637054443,0.592378169298172,0.30352160334587097,0.41595616936683655,0.42905086278915405,0.84732294082641602,0.18063083291053772,0.46395496279001236,0.76510420441627502,0.41220127046108246,0.26619590818881989,0.58933320641517639,0.65733914077281952,0.69887593388557434,0.66982048749923706,0.76959991455078125,0.29893417656421661,0.26842108368873596,0.35903339087963104,0.41843509674072266,0.3499811589717865
"DASCMOP1_BC",1,10000,10080,49,59,"generated","GAN_generated",0,0,NaN,1.7672989457210686,2.4386526792429284,0.26068802177906036,0.36496664583683014,0.81158396601676941,0.62652909755706787,0.36928457021713257,0.8001379668712616,0.46439775824546814,0.5027623656205833,0.49854896229226142,0.29301974177360535,0.78780880570411682,0.78202006220817566,0.36779649555683136,0.6440897136926651,0.15834003686904907,0.37326818704605103,0.67764958739280701,0.37654657661914825,0.27115708589553833,0.62540118396282196,0.5539509616792202,0.64401102066040039,0.609327033162117,0.41039655357599258,0.71199250221252441,0.49470543721690774,0.73074477910995483,0.4300258457660675,0.65788331627845764,0.68639513850212097
"DASCMOP1_BC",1,10000,10080,49,60,"generated","GAN_generated",0,0,NaN,2.04486494368774,2.4504631176241931,0.41891339421272278,0.39053846150636673,0.5261436253786087,0.58066410571336746,0.649349644780159,0.42212004959583282,0.11435133218765259,0.6779024600982666,0.33011694252490997,0.66122102737426758,0.54839826375246048,0.30117647349834442,0.72354289889335632,0.62328550964593887,0.62486177682876587,0.035879135131835938,0.43830883130431175,0.72418758273124695,0.75766071677207947,0.41681989282369614,0.58889857679605484,0.22302955389022827,0.49859739991370589,0.8935503363609314,0.7445959746837616,0.27584341168403625,0.28204168379306793,0.31895215809345245,0.71245516836643219,0.42169035971164703
"DASCMOP1_BC",1,10000,10080,49,61,"generated","GAN_generated",1,0,NaN,1.5183951059552541,1.9295613297318159,0.41587869077920914,0.33231830596923828,0.78813228011131287,0.6563962996006012,0.49318958865478635,0.28971239924430847,0.81901296973228455,0.68497718870639801,0.7827494740486145,0.60096359252929688,0.81959375739097595,0.74221360683441162,0.22912368178367615,0.29387418925762177,0.38145685940980911,0.6033141240477562,0.71350526809692383,0.53616323322057724,0.28928248584270477,0.49389820825308561,0.5868789330124855,0.82850316166877747,0.72606387734413147,0.27748093008995056,0.55613088980317116,0.70938237011432648,0.86083552241325378,0.49739454197697341,0.65955841541290283,0.69961409270763397
"DASCMOP1_BC",1,10000,10080,49,62,"generated","GAN_generated",1,0,NaN,1.4617861082222614,2.0168377475788066,0.33363562822341919,0.38860543817281723,0.69016644358634949,0.67420573532581329,0.70308767259120941,0.58861025422811508,0.13824805617332458,0.51457138266414404,0.22563868761062622,0.27794964611530304,0.56256137043237686,0.62282147258520126,0.6443212628364563,0.72547976672649384,0.21604037284851074,0.15844318270683289,0.57706736773252487,0.45516054332256317,0.58654549717903137,0.60292526334524155,0.62683017551898956,0.40744311362504959,0.30120119452476501,0.76886186003684998,0.64097362756729126,0.62092894315719604,0.73015441000461578,0.53527408465743065,0.88484281301498413,0.67390266060829163
"DASCMOP1_BC",1,10000,10080,49,63,"generated","GAN_generated",0,0,NaN,1.1147114380777681,1.6992896754166842,0.31573387980461121,0.48649727925658226,0.47449066676199436,0.56496638059616089,0.40714503079652786,0.67818017303943634,0.44630082696676254,0.30194748938083649,0.40529530495405197,0.67962603271007538,0.69650812447071075,0.26943603157997131,0.53701730817556381,0.33774891495704651,0.70920842885971069,0.14414602518081665,0.414716936647892,0.68152511119842529,0.63667595386505127,0.29642216861248016,0.6365007758140564,0.4079158678650856,0.59765145182609558,0.6892404705286026,0.61531192064285278,0.13758111000061035,0.40051156282424927,0.56500080227851868,0.62078728526830673,0.47050001658499241
"DASCMOP1_BC",1,10000,10080,49,64,"generated","GAN_generated",1,0,NaN,1.4824592519077264,2.0252083687944049,0.3409820944070816,0.38220834732055664,0.62136295437812805,0.43304196000099182,0.19071269035339355,0.73785033822059631,0.66299852728843689,0.37253935635089874,0.51701227761805058,0.69455705583095551,0.78657656908035278,0.28889419138431549,0.41070950031280518,0.30742314457893372,0.80952247977256775,0.19069033861160278,0.45110286772251129,0.70411574840545654,0.43400507420301437,0.27736914157867432,0.75441789627075195,0.48785205744206905,0.67840190231800079,0.68105946481227875,0.76205688714981079,0.14743110537528992,0.40128215402364731,0.61204794049263,0.32003471255302429,0.42331179231405258
"DASCMOP1_BC",1,10000,10080,49,65,"generated","GAN_generated",0,0,NaN,2.2760274224728558,2.6402488444530805,0.44115810468792915,0.35295197367668152,0.66337238252162933,0.49951130076078698,0.62487358599901199,0.46021866798400879,0.12878596782684326,0.69984446465969086,0.33360768854618073,0.59527651965618134,0.67381060123443604,0.31346765160560608,0.62163287401199341,0.58395303785800934,0.57106325775384903,0.028895139694213867,0.49662113073281944,0.74817322194576263,0.72268414497375488,0.39881289005279541,0.62893414497375488,0.22477388381958008,0.54643267393112183,0.87722563743591309,0.82309716939926147,0.2640431672334671,0.2469867467880249,0.27539636194705963,0.68823280930519104,0.49790280126035213
"DASCMOP1_BC",1,10000,10080,49,66,"generated","GAN_generated",0,0,NaN,2.0844586916533419,2.7888380593855069,0.23866137862205505,0.46113543212413788,0.59362039715051651,0.47627830691635609,0.47969518415629864,0.71465173363685608,0.12463298439979553,0.37909587472677231,0.27440202236175537,0.48185929656028748,0.60424292832612991,0.38452894985675812,0.65121455490589142,0.65730956196784973,0.55285142362117767,0.10436338186264038,0.61506892740726471,0.71508340537548065,0.72655035555362701,0.48928632494062185,0.6894729882478714,0.3399074375629425,0.3174872100353241,0.83220919966697693,0.58114864677190781,0.31365077197551727,0.72129008173942566,0.69344194233417511,0.79543501138687134,0.67541073262691498
"DASCMOP1_BC",1,10000,10080,49,67,"generated","GAN_generated",1,0,NaN,1.1776805730007818,1.7928032233662601,0.29679191112518311,0.32082535326480865,0.66637597978115082,0.32676917314529419,0.20988404750823975,0.72917754948139191,0.41084441542625427,0.41104314476251602,0.45088176056742668,0.55181011557579041,0.79026705026626587,0.29114781320095062,0.54000845551490784,0.49106187094002962,0.58974035084247589,0.16262784600257874,0.6183011457324028,0.63837021589279175,0.58309023827314377,0.42233910411596298,0.65095561742782593,0.57948341965675354,0.56910198181867599,0.68060551583766937,0.79340279102325439,0.33646029233932495,0.56928656995296478,0.47470832243561745,0.60030035674571991,0.44484348595142365
"DASCMOP1_BC",1,10000,10080,49,68,"generated","GAN_generated",1,0,NaN,1.2624458120025377,1.8417709360572037,0.31894741952419281,0.47509385086596012,0.52339429967105389,0.87752452492713928,0.81579509377479553,0.2353515625,0.5419333279132843,0.70567421615123749,0.66993372142314911,0.60144691914319992,0.62476503849029541,0.74329511821269989,0.40664562582969666,0.56543242931365967,0.65504400432109833,0.3900584876537323,0.64979544281959534,0.53591359406709671,0.45554230734705925,0.49175315909087658,0.49842258263379335,0.49387142295017838,0.65507203340530396,0.7301756888628006,0.33483290672302246,0.66224616765975952,0.6988530308008194,0.46625139936804771,0.76945814490318298,0.64382176101207733
"DASCMOP1_BC",1,10000,10080,49,69,"generated","GAN_generated",0,0,NaN,1.1358321589898219,1.7470821298113535,0.29921838641166687,0.42002763599157333,0.56068503111600876,0.50959351845085621,0.3341234028339386,0.5098583959043026,0.31130160391330719,0.51474230457097292,0.4906034842133522,0.55297418311238289,0.66396872699260712,0.36754201352596283,0.55521902441978455,0.45194116607308388,0.75553232431411743,0.067856490612030029,0.45506285130977631,0.71061812341213226,0.61966302990913391,0.30895896255970001,0.65275207161903381,0.43137892335653305,0.4811958484351635,0.69745193421840668,0.70789517462253571,0.22127941250801086,0.43741105496883392,0.52955226972699165,0.77133005857467651,0.4635489210486412
"DASCMOP1_BC",1,10000,10080,49,70,"generated","GAN_generated",1,0,NaN,1.2946664864205377,1.8888612939421827,0.30981799960136414,0.48513706866651773,0.72531478106975555,0.4619014747440815,0.56595196574926376,0.53731563687324524,0.19504675269126892,0.5755370631814003,0.29622279107570648,0.55230477824807167,0.77036857604980469,0.43223300576210022,0.61329284310340881,0.50078231072984636,0.66913698613643646,0.10730978846549988,0.60622336715459824,0.68981358408927917,0.71507963538169861,0.45967045798897743,0.57792557030916214,0.38109899312257767,0.53909375891089439,0.7476678341627121,0.4954367121681571,0.26603196561336517,0.70214684307575226,0.55793584883213043,0.79927068948745728,0.61963751167058945
"DASCMOP1_BC",1,10000,10080,49,71,"generated","GAN_generated",0,0,NaN,1.6800825113834579,2.3019222352916442,0.29256562888622284,0.66512976586818695,0.9248487651348114,0.36413885653018951,0.26668347418308258,0.79651087522506714,0.58765576779842377,0.38246627897024155,0.45083088427782059,0.76518112421035767,0.93685364723205566,0.41668417304754257,0.45199624076485634,0.44063924252986908,0.3947562500834465,0.21371883153915405,0.74505423009395599,0.6069580540060997,0.62593333423137665,0.39096347242593765,0.47721781954169273,0.47827280685305595,0.54478797689080238,0.59793223440647125,0.69061584770679474,0.060791164636611938,0.59741814434528351,0.36652624607086182,0.37961006164550781,0.69489817321300507
"DASCMOP1_BC",1,10000,10080,49,72,"generated","GAN_generated",0,0,NaN,1.5385483917534968,2.1448881975620848,0.3022843599319458,0.38677466660737991,0.58994307368993759,0.69524288177490234,0.64146193861961365,0.30694630742073059,0.57504325360059738,0.63414064049720764,0.63196153938770294,0.35451662540435791,0.64794458448886871,0.79092958569526672,0.35143385827541351,0.465087890625,0.44316340237855911,0.48351811803877354,0.66659639775753021,0.56007939949631691,0.31727200746536255,0.5522393025457859,0.68468604981899261,0.73560830950737,0.67354351282119751,0.5360967330634594,0.3583003431558609,0.77594712376594543,0.88552260398864746,0.67763140797615051,0.8194572925567627,0.75754868984222412
"DASCMOP1_BC",1,10000,10080,49,73,"generated","GAN_generated",0,0,NaN,2.5385973720859623,3.2368256566997236,0.24281337857246399,0.61975368857383728,0.81945398449897766,0.66200602054595947,0.83440908789634705,0.57929674535989761,0.17063173651695251,0.58078311383724213,0.25413191318511963,0.64338546991348267,0.70895147323608398,0.52160423435270786,0.69717489182949066,0.68473213911056519,0.27959181368350983,0.2922181636095047,0.72598183155059814,0.534176055341959,0.66290292143821716,0.78737139701843262,0.32571351528167725,0.34105347096920013,0.45261229947209358,0.80751019716262817,0.39768663048744202,0.4503231979906559,0.80687263607978821,0.53061335347592831,0.8006838858127594,0.74663901329040527
"DASCMOP1_BC",1,10000,10080,49,74,"generated","GAN_generated",0,0,NaN,1.6056281934815622,2.0721621369986729,0.38513617962598801,0.39259421825408936,0.53496158123016357,0.58404890447854996,0.53987831249833107,0.25717377662658691,0.32340724766254425,0.60800101608037949,0.54387535154819489,0.5640847310423851,0.68458807468414307,0.34663598239421844,0.53664630278944969,0.60473717749118805,0.6325647234916687,0.089090287685394287,0.52866310998797417,0.59017916023731232,0.56406337022781372,0.41791560500860214,0.53777220472693443,0.33979207277297974,0.53624552488327026,0.83635655045509338,0.86463680863380432,0.26217859983444214,0.17605283856391907,0.17856237292289734,0.49243467021733522,0.34465202689170837
"DASCMOP1_BC",1,10000,10080,49,75,"generated","GAN_generated",0,0,NaN,1.1109061214574982,1.6119156336146014,0.36544236540794373,0.24706855416297913,0.69112767279148102,0.70934537053108215,0.54520376026630402,0.43155159056186676,0.66900593042373657,0.66918161511421204,0.69568903744220734,0.60963031649589539,0.82360905408859253,0.59072479605674744,0.37446810305118561,0.47479495219886303,0.34434443712234497,0.56416739523410797,0.71541140973567963,0.42948447167873383,0.39804306626319885,0.58125367760658264,0.57275567203760147,0.74160048365592957,0.78757390379905701,0.33695940673351288,0.54594903066754341,0.68573063611984253,0.85789385437965393,0.44919347018003464,0.62640614807605743,0.63159668445587158
"DASCMOP1_BC",1,10000,10080,49,76,"generated","GAN_generated",0,0,NaN,1.7144435027785707,2.3709754383907065,0.2703687846660614,0.48196155205368996,0.59822133928537369,0.67930890619754791,0.68924404680728912,0.5312480591237545,0.109773188829422,0.49313834495842457,0.34422120451927185,0.64721785485744476,0.55967241153120995,0.26935729384422302,0.56270752102136612,0.56264574825763702,0.69439001381397247,0.098738014698028564,0.48642317391932011,0.67341217398643494,0.75106826424598694,0.3516269326210022,0.62842115759849548,0.21216404438018799,0.38468275219202042,0.89696919918060303,0.38261307775974274,0.21488717198371887,0.56350628286600113,0.580095574259758,0.77777019143104553,0.65477403998374939
"DASCMOP1_BC",1,10000,10080,49,77,"generated","GAN_generated",0,0,NaN,1.7271090108539175,2.3045880495179469,0.32007375359535217,0.32948119938373566,0.77397322654724121,0.66110199689865112,0.33264704048633575,0.66782507300376892,0.82868587970733643,0.44659428671002388,0.80207920074462891,0.66659459471702576,0.86064440011978149,0.59661407023668289,0.26370100677013397,0.26225432753562927,0.38610447943210602,0.60549869388341904,0.63936322927474976,0.46350902691483498,0.35199069976806641,0.33340677618980408,0.6105024665594101,0.84264647960662842,0.80809295177459717,0.15639021992683411,0.42650658637285233,0.37118399143218994,0.85504484176635742,0.56684713065624237,0.55618022754788399,0.72216427326202393
"DASCMOP1_BC",1,10000,10080,49,78,"generated","GAN_generated",0,0,NaN,1.1625569832256994,1.6719327627730667,0.36059527099132538,0.47359803691506386,0.51001450140029192,0.84234076738357544,0.64416612684726715,0.16408103704452515,0.72371888160705566,0.71687775850296021,0.83059307932853699,0.57279770076274872,0.56458089500665665,0.77314209938049316,0.28641989827156067,0.4809379056096077,0.69340933859348297,0.38401082903146744,0.5932324156165123,0.55403639003634453,0.28240463137626648,0.45065488293766975,0.51217321492731571,0.62596021592617035,0.66703233122825623,0.58329670131206512,0.39300424605607986,0.61699086427688599,0.65587440133094788,0.41552971303462982,0.72913162410259247,0.5617511048913002
"DASCMOP1_BC",1,10000,10080,49,79,"generated","GAN_generated",0,0,NaN,1.9548005468960947,2.273745017680445,0.46491218730807304,0.39686931669712067,0.52516724169254303,0.58556900173425674,0.32456034421920776,0.37896506488323212,0.88001319766044617,0.5617801770567894,0.86409926414489746,0.78094840049743652,0.74117857217788696,0.33512991666793823,0.24364840984344482,0.17330092191696167,0.69826698303222656,0.44500250741839409,0.60775215178728104,0.63217325508594513,0.33047628402709961,0.3555656224489212,0.66968214511871338,0.81082630157470703,0.79446807503700256,0.35166822373867035,0.55802068486809731,0.47211700491607189,0.73382100462913513,0.5143574234098196,0.58988568186759949,0.53867440670728683
"DASCMOP1_BC",1,10000,10080,49,80,"generated","GAN_generated",0,0,NaN,1.4498791096754275,2.1334220857014992,0.25263339281082153,0.39607890695333481,0.46363560110330582,0.55512776225805283,0.30609393119812012,0.76891955733299255,0.59199745208024979,0.37862467020750046,0.57993575185537338,0.61308310925960541,0.76493838429450989,0.38488723337650299,0.45532428473234177,0.45766368508338928,0.62551182508468628,0.40757439285516739,0.66854773461818695,0.59899421036243439,0.4048994854092598,0.48728418722748756,0.64346702396869659,0.68743273615837097,0.7244219183921814,0.56435098499059677,0.68417362868785858,0.37493644654750824,0.57656560093164444,0.57210812717676163,0.56456642597913742,0.53440019115805626
"DASCMOP1_BC",1,10000,10080,49,81,"generated","GAN_generated",0,0,NaN,1.7096088946811097,2.3815251675092974,0.26031817495822906,0.49018776789307594,0.6174641028046608,0.35354533791542053,0.1154325008392334,0.77237600088119507,0.64437566697597504,0.25966258347034454,0.6034669354557991,0.7006428986787796,0.84692180156707764,0.25128813087940216,0.40334530174732208,0.29110176861286163,0.67842976748943329,0.27713978290557861,0.66896979510784149,0.67435407638549805,0.46213026717305183,0.37221883237361908,0.66787740588188171,0.70513814687728882,0.67043967545032501,0.48257702775299549,0.77193433046340942,0.1917441189289093,0.45754009485244751,0.47210729867219925,0.41145507246255875,0.51246245484799147
"DASCMOP1_BC",1,10000,10080,49,82,"generated","GAN_generated",0,0,NaN,2.5187309831325173,2.9159138762902366,0.42348097264766693,0.35078094899654388,0.35781304538249969,0.48971374426037073,0.1855824887752533,0.26539222896099091,0.67142058908939362,0.5507965087890625,0.74758933484554291,0.74007484316825867,0.60632873326539993,0.2281421422958374,0.38261328637599945,0.38791733980178833,0.86855840682983398,0.10270547866821289,0.36177489161491394,0.76725742220878601,0.49084531888365746,0.30094417929649353,0.60221236199140549,0.59182324260473251,0.70374344289302826,0.78180688619613647,0.89603495597839355,0.28027684986591339,0.20921802520751953,0.24312442541122437,0.30619651079177856,0.25250965356826782
"DASCMOP1_BC",1,10000,10080,49,83,"generated","GAN_generated",1,0,NaN,1.5730055070030493,1.9956638351544125,0.40958324074745178,0.38098608702421188,0.55693716928362846,0.50809617340564728,0.25833532214164734,0.34744071960449219,0.87027502059936523,0.49341498827561736,0.79720529913902283,0.76354041695594788,0.7199874222278595,0.28468836843967438,0.32630661129951477,0.17526721954345703,0.69287066161632538,0.51871429570019245,0.6175350621342659,0.68865552544593811,0.37814497202634811,0.30916127562522888,0.5864776074886322,0.80461376905441284,0.77554741501808167,0.37931747734546661,0.56557285785675049,0.39228083193302155,0.64921911060810089,0.50939662102609873,0.64640015363693237,0.41624578833580017
"DASCMOP1_BC",1,10000,10080,49,84,"generated","GAN_generated",0,0,NaN,0.95634004736788314,1.388946859817495,0.40409799665212631,0.37160663306713104,0.53124381043016911,0.64994421601295471,0.71339362859725952,0.34198902547359467,0.386533223092556,0.64779622852802277,0.41588988900184631,0.50475368509069085,0.63134825229644775,0.52512930706143379,0.57905010879039764,0.61373923718929291,0.56995365023612976,0.19840702414512634,0.57478234171867371,0.48914038483053446,0.5520135723054409,0.55528485774993896,0.57468950003385544,0.38060064613819122,0.53520705550909042,0.77822047472000122,0.58474403619766235,0.6011936292052269,0.62757617235183716,0.48202412575483322,0.72582089900970459,0.51099545136094093
"DASCMOP1_BC",1,10000,10080,49,85,"generated","GAN_generated",0,0,NaN,1.0380530088814923,1.5526569255187972,0.35755237936973572,0.38374236226081848,0.49797491077333689,0.72765225172042847,0.57858655601739883,0.43716207891702652,0.30329844355583191,0.54118325561285019,0.48970124218612909,0.5647675022482872,0.48542002774775028,0.4606020450592041,0.54191668331623077,0.56203499808907509,0.64504662156105042,0.15910202264785767,0.50300655490718782,0.65999066829681396,0.48175092414021492,0.47934181056916714,0.56674631685018539,0.34199318289756775,0.50204276852309704,0.81003597378730774,0.74552853405475616,0.43040968477725983,0.2630026638507843,0.34016160666942596,0.71974034607410431,0.38160719722509384
"DASCMOP1_BC",1,10000,10080,49,86,"generated","GAN_generated",1,0,NaN,1.5190623626718782,2.0262255289093112,0.36187982559204102,0.33462338149547577,0.79442301392555237,0.69557890295982361,0.4535837434232235,0.47601665928959846,0.82555827498435974,0.55123845115303993,0.7074560672044754,0.64484874904155731,0.77880221605300903,0.6051582396030426,0.29166877269744873,0.26117622852325439,0.44779549539089203,0.64820538461208344,0.61782141029834747,0.47495762072503567,0.36989764869213104,0.32708744704723358,0.56209925189614296,0.86031374335289001,0.73313456773757935,0.24631360173225403,0.31932666897773743,0.62573301792144775,0.921794593334198,0.7361828088760376,0.74100252985954285,0.75433582067489624
"DASCMOP1_BC",1,10000,10080,49,87,"generated","GAN_generated",0,0,NaN,1.01081478551305,1.5469564638276621,0.34490136802196503,0.42146711051464081,0.70016522705554962,0.62736271321773529,0.65235285460948944,0.52696035243570805,0.29668106138706207,0.61653889715671539,0.28978055715560913,0.35703526437282562,0.67228019237518311,0.62378989905118942,0.5829586386680603,0.62452084571123123,0.34199231863021851,0.19857925176620483,0.63997678458690643,0.502134810667485,0.54423611983656883,0.63934734463691711,0.54271790757775307,0.39006844162940979,0.52416408434510231,0.64661861956119537,0.62224514037370682,0.56455586105585098,0.74496613442897797,0.48664414137601852,0.82957339286804199,0.63283410668373108
"DASCMOP1_BC",1,10000,10080,49,88,"generated","GAN_generated",0,0,NaN,1.5651058978999577,2.1750287004046451,0.30004824697971344,0.25248101353645325,0.70764443278312683,0.68465672433376312,0.24428644776344299,0.73121857643127441,0.7332986444234848,0.52319399826228619,0.57753850519657135,0.28676076233386993,0.75794938206672668,0.61256081610918045,0.38607856631278992,0.63071282207965851,0.34466582536697388,0.56704171001911163,0.76157322525978088,0.38120444864034653,0.3652326911687851,0.50092906935606152,0.6168944239616394,0.82407701015472412,0.55189548432826996,0.42533274739980698,0.753437340259552,0.73818802833557129,0.81636989116668701,0.60667131096124649,0.63461066782474518,0.58471948653459549
"DASCMOP1_BC",1,10000,10080,49,89,"generated","GAN_generated",0,0,NaN,1.8647197982949879,2.5252861500707078,0.26774582266807556,0.64775426685810089,0.74438852071762085,0.71877239644527435,0.46225684881210327,0.69590206444263458,0.35366234183311462,0.35471621155738831,0.556902926415205,0.72211594879627228,0.80434176325798035,0.32531175017356873,0.41618920862674713,0.55099789798259735,0.67155921459197998,0.23751741647720337,0.66868264973163605,0.64672057330608368,0.75029191374778748,0.26967473328113556,0.66645310819149017,0.34271930158138275,0.49458774691447616,0.85502931475639343,0.40803954005241394,0.094699710607528687,0.66627037525177002,0.5549958199262619,0.51881374046206474,0.68817497789859772
"DASCMOP1_BC",1,10000,10080,49,90,"generated","GAN_generated",1,0,NaN,1.3730004157977094,1.859802929172262,0.37361174821853638,0.26494629681110382,0.77841147780418396,0.58729228377342224,0.32199503481388092,0.40406185388565063,0.73811280727386475,0.69640019536018372,0.77677604556083679,0.63137775659561157,0.85484573245048523,0.63184814155101776,0.31718131899833679,0.40356066077947617,0.45924158021807671,0.35539641976356506,0.73304961621761322,0.49357072543352842,0.39271447062492371,0.57693199813365936,0.59561897069215775,0.79686063528060913,0.7711046040058136,0.21401524543762207,0.76767587661743164,0.65772803127765656,0.76170447468757629,0.36466754972934723,0.5657670646905899,0.57988236844539642
"DASCMOP1_BC",1,10000,10080,49,91,"generated","GAN_generated",0,0,NaN,1.862750489500925,2.1307730510213494,0.49094774760305882,0.25652430951595306,0.56851711124181747,0.7030099630355835,0.5798574835062027,0.5330483689904213,0.45920213311910629,0.65973623096942902,0.47577442415058613,0.45521600544452667,0.67127960920333862,0.52862542122602463,0.46974028088152409,0.65201304852962494,0.50321223377250135,0.24161612987518311,0.53599587827920914,0.49582801572978497,0.46152163669466972,0.5790882483124733,0.51289935875684023,0.50986721552908421,0.6076991856098175,0.70873288810253143,0.84522718191146851,0.7042720764875412,0.40413504838943481,0.29572701454162598,0.64626911282539368,0.37878119200468063
"DASCMOP1_BC",1,10000,10080,49,92,"generated","GAN_generated",0,0,NaN,1.817928024606829,2.4922058293614153,0.25876359641551971,0.35062278807163239,0.73366805911064148,0.74945646524429321,0.67428995668888092,0.53765450417995453,0.53609222918748856,0.5707191526889801,0.60697411000728607,0.62147322297096252,0.72034260630607605,0.57766004651784897,0.55767614394426346,0.55000585317611694,0.22655123472213745,0.45519707351922989,0.59451180696487427,0.44170517101883888,0.3964698389172554,0.61386445164680481,0.50964519195258617,0.72499980032444,0.57886147499084473,0.51271864492446184,0.46116211265325546,0.74950858950614929,0.85485213994979858,0.51677148416638374,0.71545121073722839,0.73625710606575012
"DASCMOP1_BC",1,10000,10080,49,93,"generated","GAN_generated",0,0,NaN,0.87548089036266663,1.4724296073201457,0.3081158846616745,0.43281079828739166,0.5636817142367363,0.56760570406913757,0.36161188781261444,0.68994840979576111,0.49682469386607409,0.41415859013795853,0.50382502935826778,0.49017520155757666,0.71853204071521759,0.51484316494315863,0.45282691344618797,0.54776008799672127,0.68142127990722656,0.19571155309677124,0.57072720676660538,0.58654699474573135,0.48417097888886929,0.33876165747642517,0.66589075326919556,0.43095076829195023,0.61104065179824829,0.63386262953281403,0.61429596692323685,0.22961032390594482,0.5498487763106823,0.57700181752443314,0.63490134477615356,0.51268290635198355
"DASCMOP1_BC",1,10000,10080,49,94,"generated","GAN_generated",1,0,NaN,1.4356820868922573,2.0480341432526044,0.29852861166000366,0.33279933035373688,0.83605176210403442,0.53973156958818436,0.41961032897233963,0.72605262696743011,0.40486632287502289,0.5829424113035202,0.31873609125614166,0.30451451241970062,0.76842319965362549,0.72857207059860229,0.40159451216459274,0.6314481645822525,0.21740862727165222,0.30240079760551453,0.67943593859672546,0.53987981751561165,0.34732556343078613,0.64736856520175934,0.53850141540169716,0.60357821732759476,0.65701629221439362,0.53514604642987251,0.77089223265647888,0.62006331980228424,0.71974775195121765,0.47058858349919319,0.7681921124458313,0.6254279762506485
"DASCMOP1_BC",1,10000,10080,49,95,"generated","GAN_generated",1,0,NaN,1.5910551203273344,2.0297450051323587,0.40072754770517349,0.57509990781545639,0.76337236166000366,0.48908353038132191,0.67032681405544281,0.46466370671987534,0.28331798315048218,0.5345044918358326,0.30885818600654602,0.78432029485702515,0.76730784773826599,0.26069146394729614,0.59382704645395279,0.41747098416090012,0.62037191540002823,0.10802701115608215,0.52375062555074692,0.69429434835910797,0.75186803936958313,0.51462058909237385,0.41251120716333389,0.29859659075737,0.55568308010697365,0.82362881302833557,0.60202989727258682,0.16890701651573181,0.48943671118468046,0.3498121052980423,0.69443133473396301,0.51688356511294842
"DASCMOP1_BC",1,10000,10080,49,96,"generated","GAN_generated",0,0,NaN,1.6731877219594993,2.0403875883893159,0.43957444280385971,0.33519037067890167,0.7396567165851593,0.65624868869781494,0.63889166712760925,0.62391159683465958,0.22244700789451599,0.62918086349964142,0.22082522511482239,0.24783548712730408,0.61017842590808868,0.62962938845157623,0.53459048643708229,0.72318510711193085,0.27558158338069916,0.17423507571220398,0.60514677315950394,0.46975944191217422,0.51182457990944386,0.59112963080406189,0.63344158232212067,0.41145110130310059,0.45605402812361717,0.73164638876914978,0.78389808535575867,0.676131471991539,0.6813267320394516,0.49457224830985069,0.84647586941719055,0.57075398415327072
"DASCMOP1_BC",1,10000,10080,49,97,"generated","GAN_generated",0,0,NaN,1.5156198389913564,2.1507928974013213,0.28410901129245758,0.54830939695239067,0.86642658710479736,0.46221606433391571,0.45947782322764397,0.7176414281129837,0.48114528879523277,0.37533831596374512,0.38359862565994263,0.79362738132476807,0.85953712463378906,0.3138001561164856,0.49965801590587944,0.46379008889198303,0.59047268331050873,0.24605917930603027,0.68260978162288666,0.68446828424930573,0.70278288424015045,0.39018534123897552,0.40655046701431274,0.42876385152339935,0.64286358654499054,0.75026682019233704,0.63299950957298279,0.14203420281410217,0.59776750952005386,0.47863190062344074,0.48896010033786297,0.5569695420563221
"DASCMOP1_BC",1,10000,10080,49,98,"generated","GAN_generated",1,0,NaN,1.3687693701098,1.9356868522591195,0.32648806273937225,0.58018189668655396,0.89040076732635498,0.58314172178506851,0.71807265281677246,0.52725383453071117,0.30177530646324158,0.70445987582206726,0.37163472175598145,0.63884934782981873,0.82693541049957275,0.67947268486022949,0.53193717449903488,0.63589611649513245,0.29836367070674896,0.2319362461566925,0.77051460742950439,0.56396039575338364,0.60053800791501999,0.71564221382141113,0.39160183072090149,0.47230046056210995,0.58814865350723267,0.66014295816421509,0.52306745946407318,0.38141746073961258,0.76815909147262573,0.4059733971953392,0.71033173799514771,0.720384880900383
"DASCMOP1_BC",1,10000,10080,49,99,"generated","GAN_generated",0,0,NaN,1.1388217672331167,1.7238353877372936,0.31546697020530701,0.46341032162308693,0.69584305584430695,0.62886692583560944,0.66907946765422821,0.49738167878240347,0.2588467001914978,0.58574932068586349,0.31185409426689148,0.3704705536365509,0.69256937503814697,0.64739271998405457,0.60643616318702698,0.62351074069738388,0.32397499680519104,0.17909729480743408,0.64645981788635254,0.5001443395158276,0.57259067893028259,0.62300801277160645,0.5468217208981514,0.38717422634363174,0.48934785462915897,0.64708246290683746,0.56977199763059616,0.51216454710811377,0.75720220804214478,0.50667748460546136,0.84029880166053772,0.66776421666145325
"DASCMOP1_BC",1,10000,10080,49,100,"generated","GAN_generated",0,0,NaN,1.6696263122509813,2.1661101907647562,0.36805306375026703,0.54425811022520065,0.64904609322547913,0.68447941541671753,0.71760672330856323,0.50457915896549821,0.1658729612827301,0.60027734935283661,0.30932855606079102,0.64427469670772552,0.61815353482961655,0.32616652548313141,0.57995063811540604,0.54573508352041245,0.76927837729454041,0.091105520725250244,0.46938638761639595,0.72100967168807983,0.75601944327354431,0.23356175422668457,0.65715788304805756,0.19591754674911499,0.45991721376776695,0.91104978322982788,0.44758982211351395,0.16749835014343262,0.33314105868339539,0.5318799614906311,0.71718944609165192,0.58831498026847839
