problem,run,condition_mode,gen,bmem_count,boundary_count,bmem_ref_coverage,finite_gap_count,inf_gap_count,median_gap,max_gap,train_count,query_count,condition_dim,train_param_ratio,gan_sample_reuse,train_pair_dec_dist50,train_pair_dec_dist90,train_tau_iqr,train_tau_range,train_tau_nonzero_rate,train_x_rec90,train_y_rec90,sample_z_mode,missing_ref_query_count,large_gap_query_count,raw_generated_count,feasible_generated_count,generated_per_train,boundary_dist50,boundary_dist90,query_width90,segment_width90,segment_width90_ratio,side_rate,pair_margin50,ref_cover,query_obj_dist50,query_obj_dist90,missing_ref_query_obj_dist90,large_gap_query_obj_dist90,feasible_rate,boundary_sample_current_count,boundary_sample_prev_pair_count,boundary_sample_merged_count,boundary_sample_finite_count,boundary_feasible_count,boundary_infeasible_count,boundary_main_feasible_count,boundary_ref_with_main_feasible_count,boundary_ref_with_neighbor_infeasible_count,boundary_ref_pairable_count,boundary_pair_distance_count,boundary_pair_dominated_skip_count,boundary_pair_appended_count,boundary_candidate_raw_count,boundary_candidate_finite_count,boundary_candidate_pareto_count,boundary_candidate_gap_count,boundary_candidate_dedup_count,boundary_candidate_final_count,dataset_bmem_input_count,dataset_valid_train_count,dataset_invalid_train_count,dataset_query_count
LIRCMOP6_BC,1,ref_tau,1,0,0,NaN,0,0,NaN,NaN,0,0,3,0,NaN,NaN,NaN,NaN,NaN,NaN,NaN,NaN,zero,0,0,0,0,NaN,NaN,NaN,NaN,NaN,NaN,NaN,NaN,NaN,NaN,NaN,NaN,NaN,NaN,400,0,400,400,400,0,5,5,0,0,0,0,0,0,0,0,0,0,0,0,0,0,0
LIRCMOP6_BC,1,ref_tau,2,0,0,NaN,0,0,NaN,NaN,0,0,3,0,NaN,NaN,NaN,NaN,NaN,NaN,NaN,NaN,zero,0,0,0,0,NaN,NaN,NaN,NaN,NaN,NaN,NaN,NaN,NaN,NaN,NaN,NaN,NaN,NaN,400,0,400,400,400,0,11,9,0,0,0,0,0,0,0,0,0,0,0,0,0,0,0
LIRCMOP6_BC,1,ref_tau,3,0,0,NaN,0,0,NaN,NaN,0,0,3,0,NaN,NaN,NaN,NaN,NaN,NaN,NaN,NaN,zero,0,0,0,0,NaN,NaN,NaN,NaN,NaN,NaN,NaN,NaN,NaN,NaN,NaN,NaN,NaN,NaN,400,0,400,400,400,0,13,10,0,0,0,0,0,0,0,0,0,0,0,0,0,0,0
LIRCMOP6_BC,1,ref_tau,4,0,0,NaN,0,0,NaN,NaN,0,0,3,0,NaN,NaN,NaN,NaN,NaN,NaN,NaN,NaN,zero,0,0,0,0,NaN,NaN,NaN,NaN,NaN,NaN,NaN,NaN,NaN,NaN,NaN,NaN,NaN,NaN,400,0,400,400,400,0,9,8,0,0,0,0,0,0,0,0,0,0,0,0,0,0,0
LIRCMOP6_BC,1,ref_tau,5,0,0,NaN,0,0,NaN,NaN,0,0,3,0,NaN,NaN,NaN,NaN,NaN,NaN,NaN,NaN,zero,0,0,0,0,NaN,NaN,NaN,NaN,NaN,NaN,NaN,NaN,NaN,NaN,NaN,NaN,NaN,NaN,400,0,400,400,400,0,11,8,0,0,0,0,0,0,0,0,0,0,0,0,0,0,0
LIRCMOP6_BC,1,ref_tau,6,0,0,NaN,0,0,NaN,NaN,0,0,3,0,NaN,NaN,NaN,NaN,NaN,NaN,NaN,NaN,zero,0,0,0,0,NaN,NaN,NaN,NaN,NaN,NaN,NaN,NaN,NaN,NaN,NaN,NaN,NaN,NaN,400,0,400,400,400,0,12,7,0,0,0,0,0,0,0,0,0,0,0,0,0,0,0
LIRCMOP6_BC,1,ref_tau,7,0,0,NaN,0,0,NaN,NaN,0,0,3,0,NaN,NaN,NaN,NaN,NaN,NaN,NaN,NaN,zero,0,0,0,0,NaN,NaN,NaN,NaN,NaN,NaN,NaN,NaN,NaN,NaN,NaN,NaN,NaN,NaN,400,0,400,400,400,0,21,12,0,0,0,0,0,0,0,0,0,0,0,0,0,0,0
LIRCMOP6_BC,1,ref_tau,8,0,0,NaN,0,0,NaN,NaN,0,0,3,0,NaN,NaN,NaN,NaN,NaN,NaN,NaN,NaN,zero,0,0,0,0,NaN,NaN,NaN,NaN,NaN,NaN,NaN,NaN,NaN,NaN,NaN,NaN,NaN,NaN,400,0,400,400,400,0,19,8,0,0,0,0,0,0,0,0,0,0,0,0,0,0,0
LIRCMOP6_BC,1,ref_tau,9,0,0,NaN,0,0,NaN,NaN,0,0,3,0,NaN,NaN,NaN,NaN,NaN,NaN,NaN,NaN,zero,0,0,0,0,NaN,NaN,NaN,NaN,NaN,NaN,NaN,NaN,NaN,NaN,NaN,NaN,NaN,NaN,400,0,400,400,400,0,24,15,0,0,0,0,0,0,0,0,0,0,0,0,0,0,0
LIRCMOP6_BC,1,ref_tau,10,0,0,NaN,0,0,NaN,NaN,0,0,3,0,NaN,NaN,NaN,NaN,NaN,NaN,NaN,NaN,zero,0,0,0,0,NaN,NaN,NaN,NaN,NaN,NaN,NaN,NaN,NaN,NaN,NaN,NaN,NaN,NaN,400,0,400,400,400,0,26,18,0,0,0,0,0,0,0,0,0,0,0,0,0,0,0
LIRCMOP6_BC,1,ref_tau,11,0,0,NaN,0,0,NaN,NaN,0,0,3,0,NaN,NaN,NaN,NaN,NaN,NaN,NaN,NaN,zero,0,0,0,0,NaN,NaN,NaN,NaN,NaN,NaN,NaN,NaN,NaN,NaN,NaN,NaN,NaN,NaN,400,0,400,400,400,0,52,28,0,0,0,0,0,0,0,0,0,0,0,0,0,0,0
LIRCMOP6_BC,1,ref_tau,12,0,0,NaN,0,0,NaN,NaN,0,0,3,0,NaN,NaN,NaN,NaN,NaN,NaN,NaN,NaN,zero,0,0,0,0,NaN,NaN,NaN,NaN,NaN,NaN,NaN,NaN,NaN,NaN,NaN,NaN,NaN,NaN,400,0,400,400,400,0,59,26,0,0,0,0,0,0,0,0,0,0,0,0,0,0,0
LIRCMOP6_BC,1,ref_tau,13,0,0,NaN,0,0,NaN,NaN,0,0,3,0,NaN,NaN,NaN,NaN,NaN,NaN,NaN,NaN,zero,0,0,0,0,NaN,NaN,NaN,NaN,NaN,NaN,NaN,NaN,NaN,NaN,NaN,NaN,NaN,NaN,400,0,400,400,400,0,53,22,0,0,0,0,0,0,0,0,0,0,0,0,0,0,0
LIRCMOP6_BC,1,ref_tau,14,0,0,NaN,0,0,NaN,NaN,0,0,3,0,NaN,NaN,NaN,NaN,NaN,NaN,NaN,NaN,zero,0,0,0,0,NaN,NaN,NaN,NaN,NaN,NaN,NaN,NaN,NaN,NaN,NaN,NaN,NaN,NaN,400,0,400,400,400,0,55,27,0,0,0,0,0,0,0,0,0,0,0,0,0,0,0
LIRCMOP6_BC,1,ref_tau,15,0,0,NaN,0,0,NaN,NaN,0,0,3,0,NaN,NaN,NaN,NaN,NaN,NaN,NaN,NaN,zero,0,0,0,0,NaN,NaN,NaN,NaN,NaN,NaN,NaN,NaN,NaN,NaN,NaN,NaN,NaN,NaN,400,0,400,400,400,0,56,27,0,0,0,0,0,0,0,0,0,0,0,0,0,0,0
LIRCMOP6_BC,1,ref_tau,16,0,0,NaN,0,0,NaN,NaN,0,0,3,0,NaN,NaN,NaN,NaN,NaN,NaN,NaN,NaN,zero,0,0,0,0,NaN,NaN,NaN,NaN,NaN,NaN,NaN,NaN,NaN,NaN,NaN,NaN,NaN,NaN,400,0,400,400,400,0,86,33,0,0,0,0,0,0,0,0,0,0,0,0,0,0,0
LIRCMOP6_BC,1,ref_tau,17,0,0,NaN,0,0,NaN,NaN,0,0,3,0,NaN,NaN,NaN,NaN,NaN,NaN,NaN,NaN,zero,0,0,0,0,NaN,NaN,NaN,NaN,NaN,NaN,NaN,NaN,NaN,NaN,NaN,NaN,NaN,NaN,400,0,400,400,400,0,64,33,0,0,0,0,0,0,0,0,0,0,0,0,0,0,0
LIRCMOP6_BC,1,ref_tau,18,0,0,NaN,0,0,NaN,NaN,0,0,3,0,NaN,NaN,NaN,NaN,NaN,NaN,NaN,NaN,zero,0,0,0,0,NaN,NaN,NaN,NaN,NaN,NaN,NaN,NaN,NaN,NaN,NaN,NaN,NaN,NaN,400,0,400,400,400,0,89,33,0,0,0,0,0,0,0,0,0,0,0,0,0,0,0
LIRCMOP6_BC,1,ref_tau,19,0,0,NaN,0,0,NaN,NaN,0,0,3,0,NaN,NaN,NaN,NaN,NaN,NaN,NaN,NaN,zero,0,0,0,0,NaN,NaN,NaN,NaN,NaN,NaN,NaN,NaN,NaN,NaN,NaN,NaN,NaN,NaN,400,0,400,400,400,0,98,41,0,0,0,0,0,0,0,0,0,0,0,0,0,0,0
LIRCMOP6_BC,1,ref_tau,20,0,0,NaN,0,0,NaN,NaN,0,0,3,0,NaN,NaN,NaN,NaN,NaN,NaN,NaN,NaN,zero,0,0,0,0,NaN,NaN,NaN,NaN,NaN,NaN,NaN,NaN,NaN,NaN,NaN,NaN,NaN,NaN,400,0,400,400,400,0,130,49,0,0,0,0,0,0,0,0,0,0,0,0,0,0,0
LIRCMOP6_BC,1,ref_tau,21,0,0,NaN,0,0,NaN,NaN,0,0,3,0,NaN,NaN,NaN,NaN,NaN,NaN,NaN,NaN,zero,0,0,0,0,NaN,NaN,NaN,NaN,NaN,NaN,NaN,NaN,NaN,NaN,NaN,NaN,NaN,NaN,400,0,400,400,400,0,105,37,0,0,0,0,0,0,0,0,0,0,0,0,0,0,0
LIRCMOP6_BC,1,ref_tau,22,0,0,NaN,0,0,NaN,NaN,0,0,3,0,NaN,NaN,NaN,NaN,NaN,NaN,NaN,NaN,zero,0,0,0,0,NaN,NaN,NaN,NaN,NaN,NaN,NaN,NaN,NaN,NaN,NaN,NaN,NaN,NaN,400,0,400,400,400,0,122,40,0,0,0,0,0,0,0,0,0,0,0,0,0,0,0
LIRCMOP6_BC,1,ref_tau,23,0,0,NaN,0,0,NaN,NaN,0,0,3,0,NaN,NaN,NaN,NaN,NaN,NaN,NaN,NaN,zero,0,0,0,0,NaN,NaN,NaN,NaN,NaN,NaN,NaN,NaN,NaN,NaN,NaN,NaN,NaN,NaN,400,0,400,400,400,0,115,35,0,0,0,0,0,0,0,0,0,0,0,0,0,0,0
LIRCMOP6_BC,1,ref_tau,24,0,0,NaN,0,0,NaN,NaN,0,0,3,0,NaN,NaN,NaN,NaN,NaN,NaN,NaN,NaN,zero,0,0,0,0,NaN,NaN,NaN,NaN,NaN,NaN,NaN,NaN,NaN,NaN,NaN,NaN,NaN,NaN,400,0,400,400,400,0,105,37,0,0,0,0,0,0,0,0,0,0,0,0,0,0,0
LIRCMOP6_BC,1,ref_tau,25,0,0,NaN,0,0,NaN,NaN,0,0,3,0,NaN,NaN,NaN,NaN,NaN,NaN,NaN,NaN,zero,0,0,0,0,NaN,NaN,NaN,NaN,NaN,NaN,NaN,NaN,NaN,NaN,NaN,NaN,NaN,NaN,400,0,400,400,400,0,124,36,0,0,0,0,0,0,0,0,0,0,0,0,0,0,0
LIRCMOP6_BC,1,ref_tau,26,0,0,NaN,0,0,NaN,NaN,0,0,3,0,NaN,NaN,NaN,NaN,NaN,NaN,NaN,NaN,zero,0,0,0,0,NaN,NaN,NaN,NaN,NaN,NaN,NaN,NaN,NaN,NaN,NaN,NaN,NaN,NaN,400,0,400,400,400,0,122,38,0,0,0,0,0,0,0,0,0,0,0,0,0,0,0
LIRCMOP6_BC,1,ref_tau,27,0,0,NaN,0,0,NaN,NaN,0,0,3,0,NaN,NaN,NaN,NaN,NaN,NaN,NaN,NaN,zero,0,0,0,0,NaN,NaN,NaN,NaN,NaN,NaN,NaN,NaN,NaN,NaN,NaN,NaN,NaN,NaN,400,0,400,400,400,0,150,44,0,0,0,0,0,0,0,0,0,0,0,0,0,0,0
LIRCMOP6_BC,1,ref_tau,28,0,0,NaN,0,0,NaN,NaN,0,0,3,0,NaN,NaN,NaN,NaN,NaN,NaN,NaN,NaN,zero,0,0,0,0,NaN,NaN,NaN,NaN,NaN,NaN,NaN,NaN,NaN,NaN,NaN,NaN,NaN,NaN,400,0,400,400,400,0,121,40,0,0,0,0,0,0,0,0,0,0,0,0,0,0,0
LIRCMOP6_BC,1,ref_tau,29,0,0,NaN,0,0,NaN,NaN,0,0,3,0,NaN,NaN,NaN,NaN,NaN,NaN,NaN,NaN,zero,0,0,0,0,NaN,NaN,NaN,NaN,NaN,NaN,NaN,NaN,NaN,NaN,NaN,NaN,NaN,NaN,400,0,400,400,400,0,135,41,0,0,0,0,0,0,0,0,0,0,0,0,0,0,0
LIRCMOP6_BC,1,ref_tau,30,0,0,NaN,0,0,NaN,NaN,0,0,3,0,NaN,NaN,NaN,NaN,NaN,NaN,NaN,NaN,zero,0,0,0,0,NaN,NaN,NaN,NaN,NaN,NaN,NaN,NaN,NaN,NaN,NaN,NaN,NaN,NaN,400,0,400,400,400,0,174,37,0,0,0,0,0,0,0,0,0,0,0,0,0,0,0
LIRCMOP6_BC,1,ref_tau,31,0,0,NaN,0,0,NaN,NaN,0,0,3,0,NaN,NaN,NaN,NaN,NaN,NaN,NaN,NaN,zero,0,0,0,0,NaN,NaN,NaN,NaN,NaN,NaN,NaN,NaN,NaN,NaN,NaN,NaN,NaN,NaN,400,0,400,400,400,0,145,41,0,0,0,0,0,0,0,0,0,0,0,0,0,0,0
LIRCMOP6_BC,1,ref_tau,32,0,0,NaN,0,0,NaN,NaN,0,0,3,0,NaN,NaN,NaN,NaN,NaN,NaN,NaN,NaN,zero,0,0,0,0,NaN,NaN,NaN,NaN,NaN,NaN,NaN,NaN,NaN,NaN,NaN,NaN,NaN,NaN,400,0,400,400,400,0,153,46,0,0,0,0,0,0,0,0,0,0,0,0,0,0,0
LIRCMOP6_BC,1,ref_tau,33,0,0,NaN,0,0,NaN,NaN,0,0,3,0,NaN,NaN,NaN,NaN,NaN,NaN,NaN,NaN,zero,0,0,0,0,NaN,NaN,NaN,NaN,NaN,NaN,NaN,NaN,NaN,NaN,NaN,NaN,NaN,NaN,400,0,400,400,400,0,184,50,0,0,0,0,0,0,0,0,0,0,0,0,0,0,0
LIRCMOP6_BC,1,ref_tau,34,0,0,NaN,0,0,NaN,NaN,0,0,3,0,NaN,NaN,NaN,NaN,NaN,NaN,NaN,NaN,zero,0,0,0,0,NaN,NaN,NaN,NaN,NaN,NaN,NaN,NaN,NaN,NaN,NaN,NaN,NaN,NaN,400,0,400,400,400,0,137,45,0,0,0,0,0,0,0,0,0,0,0,0,0,0,0
LIRCMOP6_BC,1,ref_tau,35,0,0,NaN,0,0,NaN,NaN,0,0,3,0,NaN,NaN,NaN,NaN,NaN,NaN,NaN,NaN,zero,0,0,0,0,NaN,NaN,NaN,NaN,NaN,NaN,NaN,NaN,NaN,NaN,NaN,NaN,NaN,NaN,400,0,400,400,400,0,143,46,0,0,0,0,0,0,0,0,0,0,0,0,0,0,0
LIRCMOP6_BC,1,ref_tau,36,0,0,NaN,0,0,NaN,NaN,0,0,3,0,NaN,NaN,NaN,NaN,NaN,NaN,NaN,NaN,zero,0,0,0,0,NaN,NaN,NaN,NaN,NaN,NaN,NaN,NaN,NaN,NaN,NaN,NaN,NaN,NaN,400,0,400,400,400,0,142,40,0,0,0,0,0,0,0,0,0,0,0,0,0,0,0
LIRCMOP6_BC,1,ref_tau,37,0,0,NaN,0,0,NaN,NaN,0,0,3,0,NaN,NaN,NaN,NaN,NaN,NaN,NaN,NaN,zero,0,0,0,0,NaN,NaN,NaN,NaN,NaN,NaN,NaN,NaN,NaN,NaN,NaN,NaN,NaN,NaN,400,0,400,400,400,0,163,44,0,0,0,0,0,0,0,0,0,0,0,0,0,0,0
LIRCMOP6_BC,1,ref_tau,38,0,0,NaN,0,0,NaN,NaN,0,0,3,0,NaN,NaN,NaN,NaN,NaN,NaN,NaN,NaN,zero,0,0,0,0,NaN,NaN,NaN,NaN,NaN,NaN,NaN,NaN,NaN,NaN,NaN,NaN,NaN,NaN,400,0,400,400,400,0,171,40,0,0,0,0,0,0,0,0,0,0,0,0,0,0,0
LIRCMOP6_BC,1,ref_tau,39,0,0,NaN,0,0,NaN,NaN,0,0,3,0,NaN,NaN,NaN,NaN,NaN,NaN,NaN,NaN,zero,0,0,0,0,NaN,NaN,NaN,NaN,NaN,NaN,NaN,NaN,NaN,NaN,NaN,NaN,NaN,NaN,400,0,400,400,400,0,69,31,0,0,0,0,0,0,0,0,0,0,0,0,0,0,0
LIRCMOP6_BC,1,ref_tau,40,3,1,0.02,3,0,0.0125149603710269,0.0125149603710269,3,5,3,0.000157043396325185,100,0.299773574727974,0.299773574727974,0,0,0,1.36061918175861,22.1660299170153,zero,3,2,5,5,1.66666666666667,0.329646955959375,0.33004963894536,0,0.33004963894536,155.616462287929,1,0.106208227626174,1,0.329860563721816,0.33004963894536,0.329953143571323,0.33004963894536,1,400,0,400,400,399,1,121,36,9,2,3,0,3,3,3,3,3,3,3,3,3,0,5
LIRCMOP6_BC,1,ref_tau,41,12,1,0.02,12,0,0.0122944295120249,0.0129034472645683,12,13,3,0.000628173585300738,100,0.271956296186008,0.299773574727974,0,0,0,1.05351042269041,11.3462678927177,zero,2,11,13,13,1.08333333333333,0.16882820456827,0.169030917275384,0,0.169336337855716,NaN,1,0.11828389353377,1,0.168961345017394,0.169336337855716,0.169131972825401,0.169336337855716,1,400,3,406,406,402,4,176,43,9,2,24,0,12,12,12,12,12,12,12,12,12,0,13
LIRCMOP6_BC,1,ref_tau,42,12,1,0.02,12,0,0.0124615135067747,0.0140013478267153,12,14,3,0.000628173585300738,100,0.295552916966905,0.346966816289767,0,0,0,0.767734517052844,2.81520097917332,zero,3,11,14,14,1.16666666666667,0.0480242925056132,0.0481582744204495,0,0.0503937665413831,NaN,0.571428571428571,0.0131225600395365,1,0.0491052262549426,0.0503937665413831,0.0497396469720034,0.0503937665413831,1,400,12,424,424,410,14,156,40,13,2,203,0,12,12,12,12,12,12,12,12,12,0,14
LIRCMOP6_BC,1,ref_tau,43,18,1,0.03,18,0,0.0113913997794156,0.0114275861372267,18,18,3,0.000942260377951107,100,0.216361304724049,0.244139017644042,0.190038486902325,0.190038486902325,0.333333333333333,0.776550416417292,8.0088759360149,zero,1,17,18,18,1,0.138220541406847,0.139520437627029,0,0.142492949627218,NaN,1,0.0242846377137673,1,0.138220541406847,0.142492949627218,0.140347335380853,0.142492949627218,1,400,12,424,424,410,14,139,39,13,3,70,0,18,18,18,18,18,18,18,18,18,0,18
LIRCMOP6_BC,1,ref_tau,44,38,1,0.07,38,0,0.0115113101225542,0.0167007479426106,38,30,3,0.00198921635345234,84.2105263157895,0.249896632665512,0.33548647131376,0.190038486902325,0.315645088269172,0.315789473684211,0.651636761422351,5.46946666976953,zero,19,11,30,30,0.789473684210526,0.0848039419499623,0.0953969838482643,0,0.112203951311027,NaN,0.6,0.0141413956196952,1,0.0947866897433649,0.114126183695428,0.110559973436456,0.116645684070914,1,400,18,436,436,415,21,155,37,21,7,392,0,38,38,38,38,38,38,38,38,38,0,30
LIRCMOP6_BC,1,ref_tau,45,36,1,0.06,36,0,0.00884071999011337,0.00989218368732104,36,30,3,0.00188452075590221,88.8888888888889,0.246114929075409,0.327296977991456,0.190038486902325,0.315645088269172,0.333333333333333,0.437092884110155,3.26076551791845,zero,18,12,30,30,0.833333333333333,0.0355173903101211,0.0440696025851454,0,0.0552622724490635,NaN,0.766666666666667,0.0378054826632441,1,0.0423061335575995,0.0589760271801059,0.0598453821573983,0.0539100681659711,1,400,38,476,476,434,42,189,37,24,7,713,0,42,42,42,42,36,36,36,36,36,0,30
LIRCMOP6_BC,1,ref_tau,46,27,1,0.07,27,0,0.00607831427231223,0.0141000425156284,27,30,3,0.00141339056692666,100,0.294404955596065,0.305909246458146,0,0.901411603754908,0.222222222222222,0.379514723740973,0.989321250248838,zero,24,6,30,2,1.11111111111111,0.00548614270741097,0.00589044906230964,0,0.0200898909175483,NaN,0.833333333333333,0.027069116613144,0.285714285714286,0.0127117289344183,0.0218405702958359,0.0216901195524664,0.0217901236941182,0.0666666666666667,400,36,472,472,429,43,157,34,33,7,312,0,32,32,32,27,27,27,27,27,27,0,30
LIRCMOP6_BC,1,ref_tau,47,70,1,0.12,70,0,0.00689497049614209,0.0240525709670532,70,30,3,0.00366434591425431,45.7142857142857,0.342795045506718,0.473231522971928,0.242028861710422,1,0.285714285714286,0.431871697148048,1.38799911562182,zero,16,14,30,30,0.428571428571429,0.00214620263501883,0.00671481926380654,0,0.0252858585224512,NaN,0.333333333333333,-0.0108556892598049,1,0.0155185267800521,0.0259686543483646,0.0266441802410895,0.0252410813968234,1,400,27,454,454,388,66,132,40,34,13,668,0,76,76,76,76,70,70,70,70,70,0,30
LIRCMOP6_BC,1,ref_tau,48,85,1,0.15,85,0,0.00363961070393579,0.0100625126338881,85,30,3,0.00444956289588023,37.6470588235294,0.378945474441411,0.470867847843596,0,0.421304603253163,0.141176470588235,0.341480618978946,1.30174566061497,zero,22,8,30,0,0.352941176470588,0.00779128170996015,0.00795123441409796,0,0.0285292629087902,NaN,0.766666666666667,0.0331334285343354,0,0.0149733188946332,0.0304458918549065,0.0304718492623276,0.0294902865466196,0,400,70,540,540,428,112,192,43,48,18,2756,0,94,94,94,94,85,85,85,85,85,0,30
LIRCMOP6_BC,1,ref_tau,49,125,1,0.21,125,0,0.00334979828851202,0.0112643491643749,125,30,3,0.00654347484688269,25.6,0.294741496866155,0.414620348738652,0.0285101742628728,1,0.288,0.376622494374681,1.27693883826855,zero,24,6,30,10,0.24,0.00306236301584054,0.00982964152902713,0,0.0445655613081607,NaN,0.866666666666667,0.055080764867544,0.19047619047619,0.0115754197679769,0.0445655613081607,0.0444511116948645,0.0420727550218862,0.333333333333333,400,85,570,570,429,141,194,46,49,24,3485,0,130,130,130,130,125,125,125,125,125,0,30
LIRCMOP6_BC,1,ref_tau,50,109,1,0.19,109,0,0.00252135315934752,0.00798960911022999,109,30,3,0.0057059100664817,29.3577981651376,0.309605124865337,0.414620348738652,0,0.618080894430764,0.00917431192660551,0.366376395750731,1.32853482213203,zero,28,2,30,0,0.275229357798165,0.0040962333593168,0.00456422316778038,0,0.0251053343620239,NaN,0.6,0.0129711864989586,0,0.0146677759961407,0.0281004141429727,0.0278105094060794,0.0281004141429727,0,400,125,650,650,488,162,220,47,53,23,4082,0,128,128,128,122,109,109,109,109,109,0,30
LIRCMOP6_BC,1,ref_tau,51,129,1,0.22,129,0,0.0031597113922083,0.0112459548217075,129,30,3,0.00675286604198293,24.8062015503876,0.324439221399802,0.419146025067455,0,0.684020544770457,0.0930232558139535,0.375081072921073,1.16799424421664,zero,14,16,30,0,0.232558139534884,0.0071820548676552,0.00770115813652612,0,0.0204586171581227,NaN,0.633333333333333,0.00879846770507725,0,0.0150606966264574,0.022658671658193,0.0232739008601091,0.0209150666607436,0,400,109,618,618,463,155,248,51,44,28,6264,0,165,165,165,165,129,129,129,129,129,0,30
LIRCMOP6_BC,1,ref_tau,52,144,1,0.24,144,0,0.0027121981003774,0.00976413374867855,144,30,3,0.00753808302360886,22.2222222222222,0.287528773883146,0.413709177559478,0,0.682707860885378,0.243055555555556,0.380993289560442,1.08234349659211,zero,25,5,30,18,0.208333333333333,0.0021021114379969,0.00436752462060478,0,0.0158743918436352,NaN,0.633333333333333,0.0211361695408255,0.541666666666667,0.00933871608541211,0.0182282363147307,0.0182282363147307,0.0182282363147307,0.6,400,129,658,658,495,163,292,55,54,26,5305,0,156,156,156,156,144,144,144,144,144,0,30
LIRCMOP6_BC,1,ref_tau,53,151,1,0.26,151,0,0.00338602962851808,0.0100715482817889,151,30,3,0.00790451761503429,21.1920529801325,0.309605124865337,0.446142076929069,-0,0.790556210083598,0.119205298013245,0.441268400178589,2.09621773277176,zero,15,15,30,30,0.198675496688742,0.00316405288793947,0.0184458605069593,0,0.0355602908434648,NaN,0.6,0.00808035331993368,0.923076923076923,0.00961966316103875,0.0371167507847592,0.0362032888564268,0.0380302127130916,1,400,144,688,688,504,184,299,60,47,30,8331,0,180,180,180,176,151,151,151,151,151,0,30
LIRCMOP6_BC,1,ref_tau,54,162,1,0.27,162,0,0.00303785562983328,0.00902821612329139,162,30,3,0.00848034340155996,19.7530864197531,0.316758021547311,0.419171721488331,0,0.722616188033144,0.154320987654321,0.353911124075566,0.677212620878184,zero,14,16,30,8,0.185185185185185,0.00433373172902673,0.0063019332039003,0,0.0101114430504838,NaN,0.7,0.0190230643615693,0.111111111111111,0.00985909565586153,0.011658747300813,0.0110505061742753,0.0118734565216917,0.266666666666667,400,151,702,702,509,193,259,55,47,31,8813,0,186,186,186,186,162,162,162,162,162,0,30
LIRCMOP6_BC,1,ref_tau,55,180,1,0.3,180,0,0.0024931833455712,0.00686366063001065,180,30,3,0.00942260377951107,17.7777777777778,0.317509738120442,0.430365849241186,0,0.76623878007027,0.2,0.342187001408699,0.733856639857883,zero,18,12,30,13,0.166666666666667,0.0044203415074381,0.00837091565331195,0,0.0123517804237646,NaN,0.666666666666667,0.0279685327719474,0.4,0.00633014646371083,0.0146067147930395,0.0158300374956724,0.0131176635966059,0.433333333333333,400,162,724,724,516,208,322,58,55,34,9022,0,204,204,204,198,180,180,180,180,180,0,30
LIRCMOP6_BC,1,ref_tau,56,174,1,0.29,174,0,0.00246079422600923,0.00718965226645175,174,30,3,0.0091085169868607,18.3908045977011,0.306197099897019,0.407052824361501,0,0.866316377809991,0.17816091954023,0.345633507547994,0.777734024468564,zero,17,13,30,5,0.172413793103448,0.00595279303817486,0.0103809718625161,0,0.0140192710451913,NaN,0.766666666666667,0.0276811410890548,0.137931034482759,0.00974476636974053,0.0149097420509548,0.0137974788131233,0.0160268177221127,0.166666666666667,400,180,760,760,550,210,328,57,52,33,9854,0,198,198,198,186,174,174,174,174,174,0,30
LIRCMOP6_BC,1,ref_tau,57,177,1,0.3,177,0,0.00220478991191594,0.00748193398634254,177,30,3,0.00926556038318589,18.0790960451977,0.299286069677081,0.398155800576026,0,0.722616188033144,0.101694915254237,0.353529660333472,0.540776257917808,zero,14,16,30,9,0.169491525423729,0.0036381599388659,0.00653313738231078,0,0.00800905014695322,NaN,0.666666666666667,0.0240357669586615,0.133333333333333,0.00668183491490887,0.00959270895716561,0.0112765376660449,0.00799073392196941,0.3,400,174,748,748,524,224,317,56,49,33,11742,0,195,195,195,195,177,177,177,177,177,0,30
LIRCMOP6_BC,1,ref_tau,58,183,1,0.31,183,0,0.00226036994663736,0.00722744008154524,183,30,3,0.00957964717583626,17.4863387978142,0.309605124865337,0.404429566839162,-0,0.866316377809991,0.163934426229508,0.320032816528124,0.551296199807759,zero,16,14,30,11,0.163934426229508,0.00555274078373615,0.00914571567394075,0,0.00960886167134074,NaN,0.633333333333333,0.0273325712811271,0.193548387096774,0.00713229380371019,0.00970612210934008,0.00877677985976629,0.0106622992576446,0.366666666666667,400,177,754,754,531,223,331,60,54,37,11050,0,216,216,216,192,183,183,183,183,183,0,30
LIRCMOP6_BC,1,ref_tau,59,204,1,0.34,204,0,0.00237169779045176,0.00702726488216578,204,30,3,0.0106789509501125,15.6862745098039,0.305024566231787,0.389735308526554,0,0.504897628570052,0.147058823529412,0.324866041439744,0.428485469161727,zero,15,15,30,11,0.147058823529412,0.0050599399476719,0.00761732153850382,0,0.00822943244789291,NaN,0.6,0.0105474112649944,0.294117647058824,0.00584097031921726,0.00846862712365596,0.0083712055525738,0.00848018519708667,0.366666666666667,400,183,766,766,543,223,336,58,55,39,10939,0,234,234,234,228,204,204,204,204,204,0,30
LIRCMOP6_BC,1,ref_tau,60,216,1,0.36,216,0,0.00232930795577399,0.00643747074484774,216,30,3,0.0113071245354133,14.8148148148148,0.307901112381178,0.393768442042338,0,0.76623878007027,0.138888888888889,0.329149740141377,0.841954301851211,zero,16,14,30,11,0.138888888888889,0.00719522683730093,0.0122037992609747,0,0.0126624138059441,NaN,0.766666666666667,0.0139722780315849,0.194444444444444,0.00761452068517891,0.0126632530734817,0.0107659505683861,0.0126918219016178,0.366666666666667,400,204,808,808,563,245,334,58,58,41,11467,0,246,246,246,246,216,216,216,216,216,0,30
LIRCMOP6_BC,1,ref_tau,61,213,1,0.36,213,0,0.00186023004682644,0.00376079222479381,213,30,3,0.0111500811390881,15.0234741784038,0.312279713823453,0.447037703554152,0,0.932093840760847,0.112676056338028,0.316762450770393,0.787498994345716,zero,15,15,30,2,0.140845070422535,0.0101669755013128,0.013120168295233,0,0.0131846746036255,NaN,0.733333333333333,0.0213569018257638,0.0555555555555556,0.0121492886534653,0.0135803238240186,0.0135803238240186,0.0135803238240186,0.0666666666666667,400,216,832,832,573,259,336,54,65,42,11501,0,249,249,249,242,213,213,213,213,213,0,30
LIRCMOP6_BC,1,ref_tau,62,180,1,0.3,180,0,0.00220956436737673,0.0048240704717442,180,30,3,0.00942260377951107,17.7777777777778,0.336092805444888,0.447055553404699,-0,1,0.0944444444444444,0.371590032767281,0.539365921820878,zero,8,22,30,25,0.166666666666667,0.00245985246588706,0.00900895732141979,0,0.00915604774268873,NaN,0.7,0.0213468155493399,0.833333333333333,0.00499769859308076,0.00965875963149297,0.0103342998838293,0.00898321937915667,0.833333333333333,400,213,826,826,555,271,363,51,50,37,19080,0,211,211,211,211,180,180,180,180,180,0,30
LIRCMOP6_BC,1,ref_tau,63,217,1,0.37,217,0,0.00194198899918863,0.00527408297243343,217,30,3,0.0113594723341883,14.7465437788018,0.319281484103385,0.450553483185386,0,0.932093840760847,0.0829493087557604,0.345002971779981,0.494669297014241,zero,8,22,30,10,0.138248847926267,0.00339716333428832,0.00533399068486432,0,0.00718772017230556,NaN,0.866666666666667,0.0707316286124042,0.324324324324324,0.00483672782074667,0.00790974577874213,0.00744095047241876,0.00850783741288905,0.333333333333333,400,180,760,760,539,221,355,61,58,44,11084,0,259,259,259,259,217,217,217,217,217,0,30
LIRCMOP6_BC,1,ref_tau,64,202,1,0.34,202,0,0.00190438034956884,0.00623237358316994,202,30,3,0.0105742553525624,15.8415841584158,0.321113007632655,0.450553483185386,0,1,0.178217821782178,0.361783403348286,0.574092047279689,zero,8,22,30,14,0.148514851485149,0.00508091726431751,0.0071959434452744,0,0.00939677154747142,NaN,0.933333333333333,0.0705759037582591,0.470588235294118,0.0061925233808878,0.00939677154747142,0.00886083865757486,0.00938644478319045,0.466666666666667,400,217,834,834,579,255,385,59,56,41,14948,0,232,232,232,232,202,202,202,202,202,0,30
LIRCMOP6_BC,1,ref_tau,65,199,1,0.34,199,0,0.00184628170998819,0.00575499275279879,199,30,3,0.0104172119562372,16.0804020100502,0.319281484103385,0.443380052715244,-0,0.932093840760847,0.150753768844221,0.388214139780754,0.631379567901056,zero,11,19,30,13,0.150753768844221,0.00375538774908505,0.0064741686779437,0,0.00829721641821099,NaN,0.8,0.0663547039125946,0.382352941176471,0.00699636180510353,0.0100024806689595,0.00891789375680061,0.0100077563694004,0.433333333333333,400,202,804,804,563,241,372,61,55,38,13435,0,225,225,225,225,199,199,199,199,199,0,30
LIRCMOP6_BC,1,ref_tau,66,200,1,0.34,200,0,0.00168829500858365,0.00584465654164159,200,30,3,0.0104695597550123,16,0.319281484103385,0.432546347293877,-0,0.932093840760847,0.18,0.488688740145133,3.23013819745533,zero,11,19,30,30,0.15,0.0196872544502705,0.0540848346514567,0,0.0650565112092907,NaN,0.966666666666667,0.0691570705248773,0.911764705882353,0.0285438461425854,0.0650565112092907,0.071236796950826,0.0677920386717047,1,400,199,798,798,552,246,354,60,54,38,13347,0,228,228,228,228,200,200,200,200,200,0,30
LIRCMOP6_BC,1,ref_tau,67,230,1,0.39,230,0,0.0021949241995632,0.00546497934073256,230,30,3,0.0120399937182641,13.9130434782609,0.34681752082446,0.447908865279787,0,1,0.234782608695652,0.424151781048873,1.1389149375372,zero,16,14,30,19,0.130434782608696,0.00600605617926175,0.0126617868551487,0,0.0140227561056455,NaN,0.766666666666667,0.0385858700786727,0.333333333333333,0.00965385982891873,0.0157559743925385,0.0161849386414396,0.0146151166405753,0.633333333333333,400,200,800,800,569,231,364,68,61,43,11491,0,254,254,254,254,230,230,230,230,230,0,30
LIRCMOP6_BC,1,ref_tau,68,219,1,0.37,219,0,0.00202450431477323,0.00522114853154222,219,30,3,0.0114641679317385,14.6118721461187,0.33456723788126,0.432546347293877,-0,1,0.178082191780822,0.430850463960647,0.647235276289353,zero,22,8,30,16,0.136986301369863,0.00384329156661104,0.00765198532476967,0,0.00880381768790406,NaN,0.766666666666667,0.0467812341161092,0.27027027027027,0.00672437413522686,0.00953000365754799,0.0096512400371492,0.00946467551667706,0.533333333333333,400,230,860,860,601,259,392,62,64,41,13476,0,243,243,243,243,219,219,219,219,219,0,30
LIRCMOP6_BC,1,ref_tau,69,222,1,0.37,222,0,0.00224810559749482,0.00733876804925117,222,30,3,0.0116212113280637,14.4144144144144,0.319281484103385,0.466444374032956,-0,1,0.135135135135135,0.380750176862224,0.814000023589749,zero,15,15,30,22,0.135135135135135,0.00585498445362198,0.0116632493603293,0,0.0141458807056437,NaN,0.766666666666667,0.068281921976471,0.324324324324324,0.0106639606560258,0.0148459700597459,0.0140011965044748,0.0149298369335135,0.733333333333333,400,219,838,838,587,251,373,62,55,40,15086,0,240,240,240,240,222,222,222,222,222,0,30
LIRCMOP6_BC,1,ref_tau,70,258,1,0.43,258,0,0.00191625905263138,0.00567515005816884,258,30,3,0.0135057320839659,12.4031007751938,0.319281484103385,0.447908865279787,0,1,0.162790697674419,0.467531407241608,0.767775607512464,zero,19,11,30,20,0.116279069767442,0.00572048898224018,0.00857518288812283,0,0.0118382529657573,NaN,0.766666666666667,0.0174780895379273,0.302325581395349,0.00697734082544527,0.0123442890265473,0.0124210759117656,0.0127860363848429,0.666666666666667,400,222,844,844,591,253,394,66,67,48,11646,0,288,288,288,288,258,258,258,258,258,0,30
LIRCMOP6_BC,1,ref_tau,71,252,1,0.42,252,0,0.00200389476173401,0.00472338025672342,252,30,3,0.0131916452913155,12.6984126984127,0.320857780196125,0.466444374032956,0,1,0.166666666666667,0.493529494769332,0.89266112626294,zero,20,10,30,19,0.119047619047619,0.0050740155024299,0.00967918325002343,0,0.0117232411517733,NaN,0.733333333333333,0.06619107157361,0.30952380952381,0.010681659943332,0.0138001646419497,0.0138001646419497,0.0134088677936104,0.633333333333333,400,258,916,916,629,287,417,66,67,47,14272,0,282,282,282,282,252,252,252,252,252,0,30
LIRCMOP6_BC,1,ref_tau,72,253,1,0.43,253,0,0.00191995809123124,0.00553016463046821,253,30,3,0.0132439930900906,12.6482213438735,0.328490009900682,0.466444374032956,0,0.958100929997476,0.193675889328063,0.515985562667771,0.974857720694971,zero,15,15,30,11,0.118577075098814,0.00201411064345635,0.00723028625445458,0,0.00745796868643349,NaN,0.5,0.00019320278148352,0.116279069767442,0.00433369438032736,0.0102821343601416,0.0105826330729279,0.00998163564735529,0.366666666666667,400,252,904,904,620,284,433,70,62,48,14991,0,288,288,288,288,253,253,253,253,253,0,30
LIRCMOP6_BC,1,ref_tau,73,276,1,0.46,276,0,0.00158352578831114,0.00486312372586647,276,30,3,0.014447992461917,11.5942028985507,0.338117402500062,0.460786092669914,0.21220835903723,1,0.257246376811594,0.492445277017576,1.631353847617,zero,16,14,30,8,0.108695652173913,0.00828042988732776,0.0144402504433746,0,0.0165420583577198,NaN,0.433333333333333,-0.012704070189431,0.239130434782609,0.012299246761081,0.0167374368002072,0.0141198411995351,0.0197507396164467,0.266666666666667,400,253,906,906,614,292,400,73,67,51,12456,0,306,306,306,306,276,276,276,276,276,0,30
LIRCMOP6_BC,1,ref_tau,74,258,1,0.43,258,0,0.00160994262864654,0.00422894725753188,258,30,3,0.0135057320839659,12.4031007751938,0.352888095752748,0.496138866203762,-0,1,0.162790697674419,0.461238323591153,1.69160291143054,zero,16,14,30,24,0.116279069767442,0.00342003322161749,0.0177488564501027,0,0.0236842286177883,NaN,0.533333333333333,0.00375058694610975,0.441860465116279,0.0224313480606682,0.024638399137133,0.023818600779404,0.0286885050386117,0.8,400,276,952,952,646,306,416,70,67,48,14909,0,288,288,288,288,258,258,258,258,258,0,30
LIRCMOP6_BC,1,ref_tau,75,230,1,0.39,230,0,0.001717195960241,0.00429182450527988,230,30,3,0.0120399937182641,13.9130434782609,0.353686088688722,0.466444374032956,0,1,0.156521739130435,0.467812068018764,1.17278070883589,zero,22,8,30,5,0.130434782608696,0.00710366138910075,0.0140592595652184,0,0.0227397767151992,NaN,0.166666666666667,-0.0143061849952891,0.102564102564103,0.0120747621729099,0.0235411164922645,0.0224380471659872,0.0239787590446291,0.166666666666667,400,258,916,916,619,297,408,65,66,43,14878,0,254,254,254,254,230,230,230,230,230,0,30
LIRCMOP6_BC,1,ref_tau,76,210,1,0.35,210,0,0.00197727763263973,0.00605880591566128,210,30,3,0.0109930377427629,15.2380952380952,0.353686088688722,0.496138866203762,0,0.958100929997476,0.2,0.454234657584052,1.26998377614507,zero,15,15,30,21,0.142857142857143,0.00847309019754466,0.0407189880978254,0,0.0408553604162775,NaN,0.433333333333333,-0.00438955117435799,0.371428571428571,0.0163025014325153,0.0410662391080672,0.0410796288886521,0.0258453770675891,0.7,400,230,860,860,593,267,392,63,53,37,17801,0,222,222,222,222,210,210,210,210,210,0,30
LIRCMOP6_BC,1,ref_tau,77,240,1,0.4,240,0,0.0018893569445162,0.00431964200728749,240,30,3,0.0125634717060148,13.3333333333333,0.353287092220735,0.490649289816901,-0,1,0.2,0.472453490251549,0.982394612661646,zero,17,13,30,21,0.125,0.00249301167260959,0.0233161151934554,0,0.0233161151934554,NaN,0.566666666666667,0.00489247078205682,0.325,0.0110777714350209,0.0236537701993922,0.0236624097503891,0.0189854831557489,0.7,400,210,820,820,575,245,347,63,62,44,11030,0,260,260,260,260,240,240,240,240,240,0,30
LIRCMOP6_BC,1,ref_tau,78,213,1,0.36,213,0,0.0016628180668794,0.00539942294128486,213,30,3,0.0111500811390881,15.0234741784038,0.347744795099442,0.490649289816901,-0,0.892935645547171,0.183098591549296,0.624299445299495,2.5554524340906,zero,14,16,30,17,0.140845070422535,0.0110864310038314,0.194608533887902,0,0.194608533887902,NaN,0.333333333333333,-0.0214160346939109,0.194444444444444,0.0177535116986365,0.195051650278788,0.208877128513933,0.172429713722339,0.566666666666667,400,240,880,880,605,275,403,62,54,39,18694,0,234,234,234,234,213,213,213,213,213,0,30
LIRCMOP6_BC,1,ref_tau,79,246,1,0.41,246,0,0.00216379149822286,0.00556643041804069,246,30,3,0.0128775584986651,13.0081300813008,0.306197099897019,0.466444374032956,-0,1,0.191056910569106,0.560224776553226,1.31124074226845,zero,17,13,30,12,0.121951219512195,0.00925407331934649,0.0327998524854144,0,0.0328946446573243,NaN,0.466666666666667,-0.0224937613815958,0.219512195121951,0.012036520422658,0.0330113568503119,0.0241324006047005,0.0535246097875629,0.4,400,213,826,826,581,245,377,63,62,44,11681,0,264,264,264,258,246,246,246,246,246,0,30
LIRCMOP6_BC,1,ref_tau,80,248,1,0.42,248,0,0.0019637307714124,0.00724526119845059,248,30,3,0.0129822540962153,12.9032258064516,0.352888095752748,0.466444374032956,0,0.958320817616807,0.193548387096774,0.682351790719985,1.93116477228102,zero,16,14,30,14,0.120967741935484,0.00965157500999465,0.0446079299138949,0,0.0474114252084958,NaN,0.366666666666667,-0.0169500905053567,0.214285714285714,0.0137598440749088,0.0476867667961959,0.066391819744087,0.0294452744261272,0.466666666666667,400,246,892,892,604,288,410,65,61,45,16273,0,270,270,270,270,248,248,248,248,248,0,30
LIRCMOP6_BC,1,ref_tau,81,282,1,0.47,282,0,0.00201541646688975,0.00478851614845201,282,30,3,0.0147620792545673,11.3475177304965,0.353686088688722,0.496138866203762,-0,1,0.191489361702128,0.44600870549558,1.10393793030357,zero,16,14,30,8,0.106382978723404,0.0109364817379907,0.0173954426252101,0,0.0195180937991891,NaN,0.366666666666667,-0.00178862169884531,0.127659574468085,0.0136212703586956,0.0197578855825814,0.0196579205061519,0.0201893818596207,0.266666666666667,400,248,896,896,604,292,415,71,69,52,13904,0,312,312,312,312,282,282,282,282,282,0,30
LIRCMOP6_BC,1,ref_tau,82,210,1,0.35,210,0,0.00176941748866968,0.00503100702157394,210,30,3,0.0109930377427629,15.2380952380952,0.353686088688722,0.496138866203762,0,0.892935645547171,0.142857142857143,0.476713536578108,0.8050405227059,zero,17,13,30,16,0.142857142857143,0.00589629767513068,0.0235262108795661,0,0.0235262108795661,NaN,0.4,-0.00983177471248022,0.257142857142857,0.00849527299060228,0.023860635113132,0.0240266705043493,0.0245145983616677,0.533333333333333,400,282,964,964,643,321,446,62,61,40,23695,0,237,237,237,237,210,210,210,210,210,0,30
LIRCMOP6_BC,1,ref_tau,83,258,1,0.43,258,0,0.00199853965083842,0.00529619082587186,258,30,3,0.0135057320839659,12.4031007751938,0.353686088688722,0.518280723152202,0.0783709497574716,1,0.251937984496124,0.436929370485272,0.676621781831696,zero,18,12,30,2,0.116279069767442,0.0069646668379863,0.0121153552861418,0,0.0141250851443221,NaN,0.5,-0.000810147384252252,0.0465116279069767,0.00962424868355105,0.0147291048578363,0.0146955172826187,0.0147731074809374,0.0666666666666667,400,210,820,820,572,248,365,67,71,50,10590,0,292,292,292,292,258,258,258,258,258,0,30
LIRCMOP6_BC,1,ref_tau,84,247,1,0.42,247,0,0.00202662575359079,0.00706825783055944,247,30,3,0.0129299062974402,12.9554655870445,0.362333911531195,0.499732738997861,0.0783709497574716,1,0.267206477732794,0.438729002248404,0.906665837702107,zero,19,11,30,0,0.121457489878543,0.00962541134641811,0.016414198087655,0,0.0195370369439645,NaN,0.3,-0.0243527706504685,0,0.0162675870257844,0.0207006824751713,0.0207953720960129,0.019085751047582,0,400,258,916,916,629,287,427,65,66,46,16809,0,271,271,271,271,247,247,247,247,247,0,30
LIRCMOP6_BC,1,ref_tau,85,252,1,0.42,252,0,0.00187628240802154,0.00629105020489992,252,30,3,0.0131916452913155,12.6984126984127,0.364337768454893,0.518280723152202,0,0.91082614409842,0.238095238095238,0.468222657711356,0.5698180184285,zero,17,13,30,11,0.119047619047619,0.00487587109690172,0.00882787879794416,0,0.0108769280818515,NaN,0.5,-0.00771100062002752,0.166666666666667,0.00755487364197099,0.0111406644654298,0.0110901978667233,0.0112647682975794,0.366666666666667,400,247,894,894,612,282,409,67,67,47,13825,0,280,280,280,280,252,252,252,252,252,0,30
LIRCMOP6_BC,1,ref_tau,86,259,1,0.44,259,0,0.00172462952938917,0.00522483740867969,259,30,3,0.0135580798827409,12.3552123552124,0.353686088688722,0.518280723152202,0,1,0.231660231660232,0.532697333707207,1.02387295271971,zero,23,7,30,18,0.115830115830116,0.0131719096293352,0.0549746847113051,0,0.0549746847113051,NaN,0.466666666666667,-0.0330899356351615,0.25,0.0161847415727326,0.0569733212395717,0.0564677356612275,0.0555327580246714,0.6,400,252,904,904,609,295,417,66,73,48,12787,0,283,283,283,283,259,259,259,259,259,0,30
LIRCMOP6_BC,1,ref_tau,87,88,1,0.15,88,0,0.00166969428245266,0.00655208222179158,88,30,3,0.00460660629220541,36.3636363636364,0.39814612935372,0.497916306216523,0,0.787261492192814,0.204545454545455,0.477278114335936,0.739826717402887,zero,30,0,30,27,0.340909090909091,0.00321996531493744,0.00495879082524546,0,0.00495879082524546,NaN,1,0.0921011054286137,0.133333333333333,0.00596798551853538,0.00842023272071497,0.00842023272071497,NaN,0.9,400,259,918,918,605,313,232,43,66,20,5908,68,113,113,113,107,88,88,88,88,88,0,30
LIRCMOP6_BC,1,ref_tau,88,90,1,0.15,90,0,0.00167008082201711,0.00474237382505916,90,30,3,0.00471130188975554,35.5555555555556,0.39814612935372,0.497916306216523,-0,0.787261492192814,0.2,0.463514645765226,0.954234422336335,zero,30,0,30,0,0.333333333333333,0.00181208610837051,0.00607455492445748,0,0.00607455492445748,NaN,1,0.106060444309567,0,0.0042749410445212,0.00743962243045464,0.00743962243045464,NaN,0,400,88,576,576,444,132,231,40,75,21,3608,4,122,122,122,122,90,90,90,90,90,0,30
LIRCMOP6_BC,1,ref_tau,89,84,1,0.14,84,0,0.0019050466899577,0.00759372788980146,84,30,3,0.00439721509710517,38.0952380952381,0.385673737532594,0.497916306216523,0.0783709497574716,1,0.285714285714286,0.480799816847622,0.9585252541922,zero,30,0,30,0,0.357142857142857,0.00553496686758865,0.00738233907494629,0,0.00769421626252861,NaN,0.966666666666667,0.1432677384028,0,0.00625064044241703,0.00809875576675188,0.00809875576675188,NaN,0,400,90,580,580,447,133,241,45,61,18,4597,0,108,108,108,108,84,84,84,84,84,0,30
LIRCMOP6_BC,1,ref_tau,90,84,1,0.14,84,0,0.00191613810486489,0.00644252532147562,84,30,3,0.00439721509710517,38.0952380952381,0.348741431896701,0.497916306216523,-0,0.787261492192814,0.214285714285714,0.502881793752461,0.866431352994992,zero,30,0,30,0,0.357142857142857,0.0130480391862983,0.0133915605901365,0,0.0151468634653757,NaN,0.9,0.0597902543401492,0,0.0134059211165855,0.0165741392539642,0.0165741392539642,NaN,0,400,84,568,568,439,129,240,48,58,17,3713,3,102,102,102,102,84,84,84,84,84,0,30
LIRCMOP6_BC,1,ref_tau,91,108,1,0.18,108,0,0.00237593260839374,0.007968330876173,108,30,3,0.00565356226770664,29.6296296296296,0.362499015282547,0.497916306216523,0,0.787261492192814,0.222222222222222,0.577930576951851,1.26788377793137,zero,30,0,30,3,0.277777777777778,0.00746203342022844,0.00993699724084009,0,0.00993699724084009,NaN,0.6,0.036031740455851,0.222222222222222,0.00824212219828883,0.0101202396497312,0.0101202396497312,NaN,0.1,400,84,568,568,433,135,217,40,72,23,3437,3,138,138,138,138,108,108,108,108,108,0,30
LIRCMOP6_BC,1,ref_tau,92,109,1,0.19,109,0,0.00207487485013495,0.00742970742200953,109,30,3,0.0057059100664817,29.3577981651376,0.373201345711469,0.60922962875798,0,0.654008315630128,0.165137614678899,0.521701020874043,1.13469125947751,zero,30,0,30,6,0.275229357798165,0.00875639557421956,0.012934674428209,0,0.012934674428209,NaN,1,0.0933606350298607,0.105263157894737,0.0113664455540767,0.0186002354429885,0.0186002354429885,NaN,0.2,400,108,616,616,457,159,240,44,69,24,5736,20,136,136,136,136,109,109,109,109,109,0,30
LIRCMOP6_BC,1,ref_tau,93,120,1,0.2,120,0,0.00219004364566471,0.00722940794577535,120,30,3,0.00628173585300738,26.6666666666667,0.338212290317437,0.553572967487251,0.0352242232843977,0.837567113957189,0.25,0.517931676714147,1.52637418735091,zero,30,0,30,17,0.25,0.0117265474580425,0.0198325640482726,0,0.0204381233137059,NaN,0.9,0.041149572932067,0.3,0.0156207494290682,0.0216850633752214,0.0216850633752214,NaN,0.566666666666667,400,109,618,618,473,145,283,44,75,26,4865,9,147,147,147,141,120,120,120,120,120,0,30
LIRCMOP6_BC,1,ref_tau,94,117,1,0.21,117,0,0.00208389712635356,0.00850255398792149,117,30,3,0.0061246924566822,27.3504273504273,0.388750788696103,0.591955724238583,0.0269533805427857,0.837567113957189,0.256410256410256,0.533647317069774,1.10621224557246,zero,30,0,30,6,0.256410256410256,0.00452839024146672,0.00980112564727239,0,0.0113922103223935,NaN,0.833333333333333,0.152227404188018,0.19047619047619,0.0104750459877017,0.014932470640122,0.014932470640122,NaN,0.2,400,120,640,640,475,165,273,41,73,24,5874,2,140,140,140,140,117,117,117,117,117,0,30
LIRCMOP6_BC,1,ref_tau,95,132,1,0.22,132,0,0.00216869608075411,0.0075709636556794,132,30,3,0.00690990943830812,24.2424242424242,0.393448459024911,0.557251759330681,0.313227709808778,0.837567113957189,0.272727272727273,0.407284085013753,1.07818538291929,zero,30,0,30,1,0.227272727272727,0.004768538372816,0.00916767948577479,0,0.00916767948577479,NaN,1,0.122834298429961,0.0909090909090909,0.00690681683637362,0.0138237113798139,0.0138237113798139,NaN,0.0333333333333333,400,117,634,634,474,160,281,41,77,25,5220,0,150,150,150,150,132,132,132,132,132,0,30
LIRCMOP6_BC,1,ref_tau,96,104,1,0.19,104,0,0.00270032299859771,0.00853361460361965,104,30,3,0.0054441710726064,30.7692307692308,0.39814612935372,0.522860106160997,0,0.837567113957189,0.230769230769231,0.643416416142056,1.99412615017133,zero,30,0,30,8,0.288461538461538,0.00878045533623645,0.0259776212470844,0,0.0259776212470844,NaN,0.966666666666667,0.0625232831634771,0.315789473684211,0.00984305496869324,0.0261712051990588,0.0261712051990588,NaN,0.266666666666667,400,132,664,664,498,166,260,42,71,21,6606,3,116,116,116,116,104,104,104,104,104,0,30
LIRCMOP6_BC,1,ref_tau,97,107,1,0.19,107,0,0.00282442166400233,0.0107891080784218,107,30,3,0.00560121446893158,29.9065420560748,0.26241497933017,0.451697028550221,0.116095001387916,0.837567113957189,0.271028037383178,0.47186676764461,1.13944981049431,zero,30,0,30,11,0.280373831775701,0.00980076430960143,0.0166083110892358,0,0.0166083110892358,NaN,1,0.0567146040458214,0.210526315789474,0.0156192717977895,0.01976465924849,0.01976465924849,NaN,0.366666666666667,400,104,608,608,463,145,241,39,80,24,3634,9,125,125,125,125,107,107,107,107,107,0,30
LIRCMOP6_BC,1,ref_tau,98,118,1,0.2,118,0,0.00253616260852195,0.00850536405080696,118,30,3,0.00617704025545726,27.1186440677966,0.26241497933017,0.478111018166242,0.126489361354617,0.837567113957189,0.254237288135593,0.435784120175058,1.44779574230038,zero,30,0,30,7,0.254237288135593,0.00395070790638978,0.00653971346220763,0,0.0125722739721842,NaN,1,0.0619326491717413,0.2,0.013107773301729,0.0210274020869247,0.0210274020869247,NaN,0.233333333333333,400,107,614,614,477,137,231,42,80,26,5385,19,136,136,136,130,118,118,118,118,118,0,30
LIRCMOP6_BC,1,ref_tau,99,96,1,0.16,96,0,0.00299366171111118,0.00939998458071924,96,30,3,0.0050253886824059,33.3333333333333,0.257248467466282,0.447519094632637,0.219063239552224,0.837567113957189,0.25,0.500218135834798,1.61587657725266,zero,30,0,30,5,0.3125,0.00629581200954041,0.0104985960424993,0,0.0129011861509294,NaN,0.733333333333333,0.0237438017800259,0.125,0.0179092753811334,0.027714289013503,0.027714289013503,NaN,0.166666666666667,400,118,636,636,483,153,257,41,74,22,6605,28,114,114,114,114,96,96,96,96,96,0,30
LIRCMOP6_BC,1,ref_tau,100,67,1,0.12,67,0,0.00335018530444656,0.0193888662725262,67,30,3,0.00350730251792912,47.7611940298507,0.248871217967579,0.432982407731892,0.437443729590291,0.644678809708333,0.26865671641791,0.443745090943223,1.07657326435587,zero,30,0,30,9,0.447761194029851,0.00120921926581037,0.0112117917339795,0,0.0112117917339795,NaN,0.4,-0.0209830925949851,0.25,0.00875504222913315,0.0165515198629841,0.0165515198629841,NaN,0.3,400,96,592,592,440,152,196,40,63,18,4060,39,90,90,90,90,67,67,67,67,67,0,30
LIRCMOP6_BC,1,ref_tau,101,108,1,0.19,108,0,0.00460895125393555,0.016607064341148,108,30,3,0.00565356226770664,29.6296296296296,0.26241497933017,0.457699923745467,0,0.837567113957189,0.194444444444444,0.453570190290972,1.47013061190312,zero,30,0,30,2,0.277777777777778,0.00219461048783793,0.00650099623319783,0,0.0144597563466113,NaN,0.533333333333333,0.00662818674951751,0.210526315789474,0.0100461167201444,0.0196572604499919,0.0196572604499919,NaN,0.0666666666666667,400,67,534,534,418,116,210,41,72,22,2716,28,122,122,122,122,108,108,108,108,108,0,30
LIRCMOP6_BC,1,ref_tau,102,114,1,0.2,114,0,0.00521356667904392,0.0154396360177624,114,30,3,0.00596764906035701,28.0701754385965,0.262692035255056,0.483098646469366,0,0.837948736839005,0.166666666666667,0.50707205005134,2.15376149714793,zero,30,0,30,4,0.263157894736842,0.00267824616785066,0.0117123807182804,0,0.0144152913253011,NaN,0.666666666666667,0.0231750829253013,0.25,0.0101541334780509,0.0157015413302233,0.0157015413302233,NaN,0.133333333333333,400,108,616,616,452,164,234,37,75,23,4566,15,126,126,126,126,114,114,114,114,114,0,30
LIRCMOP6_BC,1,ref_tau,103,105,1,0.18,105,0,0.00426881991814781,0.0110276918169408,105,30,3,0.00549651887138146,30.4761904761905,0.266536361066538,0.489869455076706,0,0.837567113957189,0.142857142857143,0.523047528008923,2.45345238368328,zero,30,0,30,12,0.285714285714286,0.00714012388661787,0.0257556799225982,0,0.0622888306159322,NaN,0.566666666666667,0.0201104477850928,0.277777777777778,0.0207297277027303,0.0643231495864304,0.0643231495864304,NaN,0.4,400,114,628,628,463,165,246,40,74,25,4523,45,147,147,147,135,105,105,105,105,105,0,30
LIRCMOP6_BC,1,ref_tau,104,148,1,0.25,148,0,0.0044518820480503,0.0166041370029929,148,30,3,0.0077474742187091,21.6216216216216,0.264701980236922,0.489869455076706,0.146517520575941,0.837567113957189,0.344594594594595,0.599891702205683,2.29383846910723,zero,30,0,30,21,0.202702702702703,0.00778631903290334,0.0360317138941444,0,0.0382426637513018,NaN,0.8,0.048205546634713,0.4,0.0117676831449167,0.0397092611887936,0.0397092611887936,NaN,0.7,400,105,610,610,446,164,256,43,78,28,3787,20,168,168,168,168,148,148,148,148,148,0,30
LIRCMOP6_BC,1,ref_tau,105,134,1,0.23,134,0,0.00351628416554234,0.0114068748628897,134,30,3,0.00701460503585824,23.8805970149254,0.26241497933017,0.477056140237133,0,0.937166719896381,0.223880597014925,0.702124529549004,1.81303178953879,zero,30,0,30,4,0.223880597014925,0.0100159747781113,0.0169675779162811,0,0.0221019729683112,NaN,0.533333333333333,0.0004474202924864,0.260869565217391,0.0122246541479294,0.0225282147878394,0.0225282147878394,NaN,0.133333333333333,400,148,696,696,504,192,281,47,73,27,6301,27,160,160,160,154,134,134,134,134,134,0,30
LIRCMOP6_BC,1,ref_tau,106,121,1,0.21,121,0,0.00265529566250195,0.00648349661711277,121,30,3,0.00633408365178244,26.4462809917355,0.264282169155602,0.523726137322513,-0,0.937166719896381,0.148760330578512,0.564163093925157,1.7718848701463,zero,30,0,30,9,0.247933884297521,0.0043597675698893,0.013826617908043,0,0.013826617908043,NaN,0.566666666666667,0.0101806741085612,0.380952380952381,0.010104913467031,0.0204774650167836,0.0204774650167836,NaN,0.3,400,134,668,668,491,177,277,45,73,25,5550,17,148,148,148,130,121,121,121,121,121,0,30
LIRCMOP6_BC,1,ref_tau,107,133,1,0.23,133,0,0.00257924120599417,0.00768861012481308,133,30,3,0.00696225723708318,24.0601503759398,0.264282169155602,0.47279018423229,-0,0.937166719896381,0.135338345864662,0.544042163228939,0.806041857231743,zero,30,0,30,5,0.225563909774436,0.00232961376088767,0.00282734532530166,0,0.00689750944013516,NaN,0.766666666666667,0.022734212842004,0.173913043478261,0.00515659077704253,0.00938843305818841,0.00938843305818841,NaN,0.166666666666667,400,121,642,642,473,169,287,46,78,28,4448,18,160,160,160,160,133,133,133,133,133,0,30
LIRCMOP6_BC,1,ref_tau,108,108,1,0.18,108,0,0.00254880153102123,0.00623982460873147,108,30,3,0.00565356226770664,29.6296296296296,0.353916863811679,0.47279018423229,0,0,0,0.548094763938,0.616978801635903,zero,30,0,30,14,0.277777777777778,0.00122186963961769,0.00263683812336993,0,0.00683486473545043,NaN,0.8,0.0173027401984969,0.333333333333333,0.00944686038010986,0.0122187096021749,0.0122187096021749,NaN,0.466666666666667,400,133,666,666,488,178,246,44,72,24,4679,6,138,138,138,135,108,108,108,108,108,0,30
LIRCMOP6_BC,1,ref_tau,109,110,1,0.19,110,0,0.00298274194472057,0.00980753398643521,110,30,3,0.00575825786525677,29.0909090909091,0.296912418975915,0.449084589948831,0,0.702867902986159,0.127272727272727,0.513592629121458,1.20648909291462,zero,30,0,30,6,0.272727272727273,0.00403748294188762,0.0115358645824381,0,0.0169970054650996,NaN,0.866666666666667,0.0162667548953639,0.105263157894737,0.00901510595474916,0.0192811080060182,0.0192811080060182,NaN,0.2,400,108,616,616,462,154,214,38,72,24,5156,26,131,131,131,126,110,110,110,110,110,0,30
LIRCMOP6_BC,1,ref_tau,110,104,1,0.18,104,0,0.00279996846052526,0.00884606487012316,104,30,3,0.0054441710726064,30.7692307692308,0.33969429616852,0.475162166489357,0,0.26048574890787,0.115384615384615,0.445251131273828,0.926130041469999,zero,30,0,30,12,0.288461538461538,0.00285904612671843,0.00709074914044289,0,0.0114031677049918,NaN,0.966666666666667,0.0261113076357756,0.333333333333333,0.00344506485464611,0.0127470776975772,0.0127470776975772,NaN,0.4,400,110,620,620,463,157,242,35,72,23,6290,14,130,130,130,130,104,104,104,104,104,0,30
LIRCMOP6_BC,1,ref_tau,111,126,1,0.21,126,0,0.00249196303254772,0.00896127021931663,126,30,3,0.00659582264565775,25.3968253968254,0.296912418975915,0.519642579236648,0,0.309871013967158,0.134920634920635,0.414298290362839,0.483978790378299,zero,30,0,30,12,0.238095238095238,0.00255162988988159,0.00637055137918128,0,0.00658159986471488,NaN,0.933333333333333,0.00827230579801594,0.19047619047619,0.00502339321939102,0.0072554048271335,0.0072554048271335,NaN,0.4,400,104,608,608,461,147,246,40,76,26,5229,18,150,150,150,148,126,126,126,126,126,0,30
LIRCMOP6_BC,1,ref_tau,112,133,1,0.23,133,0,0.00265834780700225,0.00824018828077263,133,30,3,0.00696225723708318,24.0601503759398,0.33108963923802,0.515523149119703,0,0.938433119156629,0.142857142857143,0.482041625329199,1.02105487709025,zero,30,0,30,9,0.225563909774436,0.00317262405389797,0.00751133409315091,0,0.0176892938010335,NaN,0.933333333333333,0.01797142637171,0.173913043478261,0.00398779673643809,0.020139098338621,0.020139098338621,NaN,0.3,400,126,652,652,480,172,267,41,76,27,5553,2,157,157,157,157,133,133,133,133,133,0,30
LIRCMOP6_BC,1,ref_tau,113,154,1,0.26,154,0,0.00327425251879424,0.00900396322959682,154,30,3,0.00806156101135947,20.7792207792208,0.245676105467577,0.43434588754388,0,0.938433119156629,0.194805194805195,0.478900871884555,0.873369451492643,zero,30,0,30,16,0.194805194805195,0.00273962744134936,0.00506659948063556,0,0.0051694494712463,NaN,0.566666666666667,0.00253779055952251,0.384615384615385,0.00425061451909491,0.00680038571263902,0.00680038571263902,NaN,0.533333333333333,400,133,666,666,488,178,281,44,77,31,7322,15,178,178,178,178,154,154,154,154,154,0,30
LIRCMOP6_BC,1,ref_tau,114,158,1,0.27,158,0,0.00316835997555441,0.008721787758908,158,30,3,0.00827095220645972,20.253164556962,0.33108963923802,0.427199455411636,0,0.938433119156629,0.20253164556962,0.42867246085989,1.11915306421385,zero,30,0,30,1,0.189873417721519,0.0033022631082288,0.00460477339026851,0,0.00816185242658906,NaN,0.666666666666667,0.00850976103911298,0.0740740740740741,0.00885200570996153,0.0106082011844526,0.0106082011844526,NaN,0.0333333333333333,400,154,708,708,494,214,310,46,80,33,8960,33,188,188,188,182,158,158,158,158,158,0,30
LIRCMOP6_BC,1,ref_tau,115,150,1,0.25,150,0,0.00253655926308092,0.0069490931793457,150,30,3,0.00785216981625923,21.3333333333333,0.361163304615144,0.493659570743479,0,0.618679239470863,0.16,0.42003333082414,0.472798973878383,zero,30,0,30,8,0.2,0.00154365025049029,0.00529046172328653,0,0.00627592260190226,NaN,0.266666666666667,-0.0240118751928885,0.16,0.00451646378117681,0.00733187314378187,0.00733187314378187,NaN,0.266666666666667,400,158,716,716,505,211,289,47,75,32,9222,98,180,180,180,174,150,150,150,150,150,0,30
LIRCMOP6_BC,1,ref_tau,116,189,1,0.32,189,0,0.00270696025494668,0.0101408378590928,189,30,3,0.00989373396848662,16.9312169312169,0.340448705033613,0.512474749708539,0,0.702831742174538,0.238095238095238,0.387180709618036,0.555883846611266,zero,30,0,30,9,0.158730158730159,0.00357908223877943,0.00418382511441338,0,0.00687849213457229,NaN,0.733333333333333,0.0796731598674447,0.28125,0.00637740787307026,0.00790436414158764,0.00790436414158764,NaN,0.3,400,150,700,700,489,211,251,49,80,38,6679,69,216,216,216,212,189,189,189,189,189,0,30
LIRCMOP6_BC,1,ref_tau,117,196,1,0.33,196,0,0.00313031540363832,0.0104467322930249,196,30,3,0.0102601685599121,16.3265306122449,0.362737711408321,0.500534372839381,0,0.747672461022648,0.244897959183673,0.557559698775205,1.65800699111687,zero,30,0,30,8,0.153061224489796,0.00705855737781224,0.0287022993063439,0,0.0334500714791063,NaN,0.666666666666667,0.0297127678292729,0.212121212121212,0.00959315481707691,0.0343697977922836,0.0343697977922836,NaN,0.266666666666667,400,189,778,778,516,262,329,52,76,37,10436,233,220,220,220,220,196,196,196,196,196,0,30
LIRCMOP6_BC,1,ref_tau,118,198,1,0.33,198,0,0.00279600238267913,0.00890958721393642,198,30,3,0.0103648641574622,16.1616161616162,0.361163304615144,0.493659570743479,0,0.747672461022648,0.207070707070707,0.487905186769983,1.29896647978804,zero,30,0,30,5,0.151515151515152,0.0049152020930475,0.00990130702529635,0,0.0108572931310797,NaN,0.433333333333333,-0.0106715125324447,0.151515151515152,0.00648692940711668,0.0131645759468768,0.0131645759468768,NaN,0.166666666666667,400,196,792,792,527,265,323,52,77,39,9704,237,228,228,228,228,198,198,198,198,198,0,30
LIRCMOP6_BC,1,ref_tau,119,186,1,0.31,186,0,0.00346797967467159,0.0102552861980124,186,30,3,0.00973669057216144,17.2043010752688,0.391930501888006,0.500534372839381,0.102121216238505,0.747672461022648,0.290322580645161,0.539767737066471,2.10433870688008,zero,30,0,30,9,0.161290322580645,0.00986598819744778,0.0219602471970994,0,0.0321200371450427,NaN,0.566666666666667,0.0150680937519939,0.225806451612903,0.0150562889995366,0.0370952594037749,0.0370952594037749,NaN,0.3,400,198,796,796,524,272,313,47,85,38,8936,287,228,228,228,226,186,186,186,186,186,0,30
LIRCMOP6_BC,1,ref_tau,120,156,1,0.26,156,0,0.00339608722541276,0.0115164695571311,156,30,3,0.00816625660890959,20.5128205128205,0.388725513186283,0.512474749708539,-0,0.675818056349418,0.153846153846154,0.498334693888869,1.70612382817946,zero,30,0,30,12,0.192307692307692,0.00363457882515201,0.0342367106459019,0,0.0350813670285842,NaN,0.633333333333333,0.0294668737467394,0.423076923076923,0.00678984671877719,0.0356608202962434,0.0356608202962434,NaN,0.4,400,186,772,772,513,259,330,43,82,33,9136,356,186,186,186,183,156,156,156,156,156,0,30
LIRCMOP6_BC,1,ref_tau,121,171,1,0.31,171,0,0.00338549945502736,0.012497629880525,171,30,3,0.00895147359053552,18.7134502923977,0.366710421472903,0.485580319850568,0,0.774582885310526,0.245614035087719,0.434641783336548,0.699742224448431,zero,30,0,30,6,0.175438596491228,0.00288184431110647,0.00695534821433371,0,0.0123088787259701,NaN,0.666666666666667,0.0234011790979965,0.290322580645161,0.00812390251713355,0.0133195711611387,0.0133195711611387,NaN,0.2,400,156,712,712,491,221,275,48,81,35,7829,48,199,199,199,198,171,171,171,171,171,0,30
LIRCMOP6_BC,1,ref_tau,122,206,1,0.35,206,0,0.00300374384440736,0.0102128599345352,206,30,3,0.0107836465476627,15.5339805825243,0.356511393869313,0.493659570743479,0,0.972271542157459,0.233009708737864,0.52322746876167,1.25895722291432,zero,30,0,30,16,0.145631067961165,0.00206586906091754,0.0131004451210354,0,0.0185086359677419,NaN,0.833333333333333,0.0766223446640949,0.342857142857143,0.00450114229619923,0.0199365293505457,0.0199365293505457,NaN,0.533333333333333,400,171,742,742,498,244,309,49,82,39,9084,66,224,224,224,223,206,206,206,206,206,0,30
LIRCMOP6_BC,1,ref_tau,123,181,1,0.31,181,0,0.00254702542416715,0.00752040811544569,181,30,3,0.00947495157828613,17.6795580110497,0.362737711408321,0.49640949158184,0,0.815344513907863,0.132596685082873,0.5427729493828,3.51159407195239,zero,30,0,30,12,0.165745856353591,0.0104917389078494,0.0342751621986236,0,0.0387705590799301,NaN,0.833333333333333,0.140296305303478,0.387096774193548,0.0121227941498998,0.0393879536513129,0.0393879536513129,NaN,0.4,400,206,812,812,531,281,307,49,81,37,11365,62,206,206,206,198,181,181,181,181,181,0,30
LIRCMOP6_BC,1,ref_tau,124,200,1,0.34,200,0,0.00262699878619681,0.00818645935856419,200,30,3,0.0104695597550123,16,0.366710421472903,0.493659570743479,0,0.815344513907863,0.095,0.529059883710077,1.36100068424512,zero,30,0,30,16,0.15,0.00913082740694557,0.0227537664846348,0,0.0238959136194813,NaN,0.966666666666667,0.0651406109268303,0.352941176470588,0.0109687802793091,0.0240200481606919,0.0240200481606919,NaN,0.533333333333333,400,181,762,762,519,243,353,52,81,41,11628,28,224,224,224,218,200,200,200,200,200,0,30
LIRCMOP6_BC,1,ref_tau,125,196,1,0.34,196,0,0.00280910937910942,0.0107079508827387,196,30,3,0.0102601685599121,16.3265306122449,0.366710421472903,0.493659570743479,0,0.815344513907863,0.137755102040816,0.633323008626472,3.48805877745703,zero,30,0,30,10,0.153061224489796,0.0171162122130032,0.0312158490089314,0,0.0312158490089314,NaN,0.9,0.126121396684551,0.176470588235294,0.0229178920885469,0.0341105758272484,0.0341105758272484,NaN,0.333333333333333,400,200,800,800,529,271,362,54,84,43,12522,91,228,228,228,228,196,196,196,196,196,0,30
LIRCMOP6_BC,1,ref_tau,126,225,1,0.38,225,0,0.00258806555053935,0.00935344796741962,225,30,3,0.0117782547243888,14.2222222222222,0.358358696052552,0.493659570743479,0.192635350542505,0.938433119156629,0.288888888888889,0.50391988143104,2.56002979293168,zero,30,0,30,15,0.133333333333333,0.00303221233510431,0.0399304355038916,0,0.0510881503952028,NaN,0.933333333333333,0.0890868367480139,0.315789473684211,0.00903158807899596,0.052773047546157,0.052773047546157,NaN,0.5,400,196,792,792,520,272,312,54,87,45,10743,48,248,248,248,247,225,225,225,225,225,0,30
LIRCMOP6_BC,1,ref_tau,127,228,1,0.38,228,0,0.0028525068009354,0.00939380308683138,228,30,3,0.011935298120714,14.0350877192982,0.366710421472903,0.517253121437812,0,0.711499448065322,0.166666666666667,0.400351330336809,1.24682510932202,zero,30,0,30,9,0.131578947368421,0.00388591598217863,0.0145986461340813,0,0.0169187218963625,NaN,0.866666666666667,0.0970166290735728,0.0789473684210526,0.00673121919818222,0.0179383601192524,0.0179383601192524,NaN,0.3,400,225,850,850,561,289,397,57,81,47,16160,53,253,253,253,253,228,228,228,228,228,0,30
LIRCMOP6_BC,1,ref_tau,128,223,1,0.38,223,0,0.00265811732471482,0.00786908264367314,223,30,3,0.0116735591268387,14.3497757847534,0.397112043209866,0.522572919383653,0,0.815344513907863,0.121076233183857,0.556772352130747,1.62807792294174,zero,30,0,30,16,0.134529147982063,0.033552152836462,0.140743618175922,0,0.151045400549616,NaN,0.633333333333333,0.0549286884684489,0.0789473684210526,0.0396414311133391,0.151059772427953,0.151059772427953,NaN,0.533333333333333,400,228,856,856,560,296,367,59,88,51,12026,84,279,279,279,264,223,223,223,223,223,0,30
LIRCMOP6_BC,1,ref_tau,129,194,1,0.33,194,0,0.00224246515457237,0.0069623827511765,194,30,3,0.0101554729623619,16.4948453608247,0.366710421472903,0.488469157020652,0,0.653703071626945,0.123711340206186,0.423570935491381,0.517701441090426,zero,30,0,30,9,0.154639175257732,0.0072452143135338,0.0258908647742115,0,0.0258908647742115,NaN,0.533333333333333,0.00710642201090836,0.242424242424242,0.008794493889641,0.026216994751681,0.026216994751681,NaN,0.3,400,223,846,846,553,293,375,56,78,44,16541,36,229,229,229,229,194,194,194,194,194,0,30
LIRCMOP6_BC,1,ref_tau,130,216,1,0.36,216,0,0.00240865636626095,0.00530333489603028,216,30,3,0.0113071245354133,14.8148148148148,0.366710421472903,0.488469157020652,0,0.653703071626945,0.111111111111111,0.456506417505537,0.926775720035209,zero,30,0,30,11,0.138888888888889,0.0069283718089175,0.0268318647049838,0,0.0268318647049838,NaN,0.4,-0.0164277054692061,0.194444444444444,0.0113513661841128,0.0274639237936279,0.0274639237936279,NaN,0.366666666666667,400,194,788,788,528,260,358,62,83,49,12331,87,264,264,264,251,216,216,216,216,216,0,30
LIRCMOP6_BC,1,ref_tau,131,210,1,0.35,210,0,0.00257025852681523,0.00582863317450123,210,30,3,0.0109930377427629,15.2380952380952,0.366710421472903,0.475247148516788,0,0.653703071626945,0.114285714285714,0.489716825850891,1.50271885051478,zero,30,0,30,11,0.142857142857143,0.00691000338917256,0.0116996379846028,0,0.0116996379846028,NaN,0.433333333333333,-0.0341050505096341,0.285714285714286,0.00935177452779053,0.0138601972818283,0.0138601972818283,NaN,0.366666666666667,400,216,832,832,538,294,359,61,83,49,14600,89,252,252,252,243,210,210,210,210,210,0,30
LIRCMOP6_BC,1,ref_tau,132,210,1,0.35,210,0,0.00226963207225766,0.00547419144001407,210,30,3,0.0109930377427629,15.2380952380952,0.356652092401906,0.475247148516788,-0,0.62299785329497,0.114285714285714,0.576610510998341,1.00396139973885,zero,15,15,30,6,0.142857142857143,0.00589894983580855,0.0206362489730532,0,0.021606161867776,NaN,0.933333333333333,0.0405791694578943,0.114285714285714,0.00773240492903096,0.0230029944750715,0.0294528379598968,0.0140171009599621,0.2,400,210,820,820,532,288,335,59,84,48,13331,102,249,249,249,247,210,210,210,210,210,0,30
LIRCMOP6_BC,1,ref_tau,133,246,1,0.41,246,0,0.00221927134219339,0.00557121371846688,246,30,3,0.0128775584986651,13.0081300813008,0.378491325104082,0.49088509289836,0,0.816793863005375,0.170731707317073,0.455268524513868,0.35352949845576,zero,16,14,30,10,0.121951219512195,0.0029548538263992,0.0182330024027109,0,0.0182330024027109,NaN,0.8,0.0576538635155255,0.219512195121951,0.00359923001972134,0.0191624836546972,0.0207545541417155,0.0172277657532846,0.333333333333333,400,210,820,820,536,284,368,64,87,55,11805,131,296,296,296,296,246,246,246,246,246,0,30
LIRCMOP6_BC,1,ref_tau,134,232,1,0.39,232,0,0.00274450384010457,0.00835060237899309,232,30,3,0.0121446893158143,13.7931034482759,0.366710421472903,0.512196506164612,0,0.678310459304787,0.142241379310345,0.453246232168572,0.676136115077128,zero,20,10,30,4,0.129310344827586,0.00617626748820459,0.0257492486312308,0,0.0257492486312308,NaN,0.833333333333333,0.0638987978309192,0.0512820512820513,0.00852332849414624,0.026240516016361,0.0274536615604514,0.0213651441599839,0.133333333333333,400,246,892,892,564,328,403,61,86,51,17997,60,262,262,262,256,232,232,232,232,232,0,30
LIRCMOP6_BC,1,ref_tau,135,222,1,0.37,222,0,0.00273037723916699,0.00868107103177365,222,30,3,0.0116212113280637,14.4144144144144,0.378491325104082,0.512196506164612,-0,0.678310459304787,0.189189189189189,0.536131113973509,1.40253076223002,zero,14,16,30,13,0.135135135135135,0.00384824620101068,0.0266459311175245,0,0.0272597823482941,NaN,0.9,0.0709579125398235,0.324324324324324,0.00631949038225106,0.0272597823482941,0.030520270969766,0.0212170955175864,0.433333333333333,400,232,864,864,532,332,378,61,73,45,18444,46,240,240,240,240,222,222,222,222,222,0,30
LIRCMOP6_BC,1,ref_tau,136,225,1,0.38,225,0,0.00212682678091047,0.00604785433843194,225,30,3,0.0117782547243888,14.2222222222222,0.378491325104082,0.49088509289836,0,0.816793863005375,0.106666666666667,0.752295645231235,3.31774720641721,zero,21,9,30,10,0.133333333333333,0.00969949041859129,0.0597708200567853,0,0.0785034806219947,NaN,0.466666666666667,-0.00345347193868178,0.157894736842105,0.0260152796577875,0.0793083335781974,0.0794562627110286,0.0753688074807941,0.333333333333333,400,222,844,844,540,304,373,58,78,46,14394,27,252,252,252,249,225,225,225,225,225,0,30
LIRCMOP6_BC,1,ref_tau,137,243,1,0.42,243,0,0.00239600432047424,0.00689059401479593,243,30,3,0.0127205151023399,13.1687242798354,0.364305703349647,0.478663956835976,0.134850850520101,0.816793863005375,0.251028806584362,0.94737891985755,2.92949337602856,zero,20,10,30,18,0.123456790123457,0.0271193187630539,0.0618687628711097,0,0.06225217533971,NaN,0.1,-0.0363050947870494,0.19047619047619,0.0359036955157116,0.0624859526835702,0.0636824478073993,0.0624859526835702,0.6,400,225,850,850,551,299,384,58,84,50,15299,47,260,260,260,254,243,243,243,243,243,0,30
LIRCMOP6_BC,1,ref_tau,138,222,1,0.37,222,0,0.00204490007673339,0.00463513804093417,222,30,3,0.0116212113280637,14.4144144144144,0.35331287836625,0.512196506164612,0,0.679058766871954,0.135135135135135,0.492118097274422,2.34833744165351,zero,21,9,30,19,0.135135135135135,0.0209396797097683,0.032304551951801,0,0.0331315194222058,NaN,0.666666666666667,0.05479034327444,0.243243243243243,0.0216754850379798,0.0334084229852654,0.0334070847198411,0.0325963987898638,0.633333333333333,400,243,886,886,581,305,412,54,74,45,18708,18,234,234,234,228,222,222,222,222,222,0,30
LIRCMOP6_BC,1,ref_tau,139,240,1,0.4,240,0,0.00220799139115555,0.00546229762076334,240,30,3,0.0125634717060148,13.3333333333333,0.384815049443831,0.545872386538533,0,0.68094915356229,0.2,0.474316042361466,1.95751479726688,zero,22,8,30,5,0.125,0.0093432283272902,0.0303182871331892,0,0.0312056608332565,NaN,0.566666666666667,0.0223420213338406,0.175,0.0111828598882198,0.0312453062466545,0.0322303560308239,0.0215344345574718,0.166666666666667,400,222,844,844,551,293,369,56,75,45,14384,17,258,258,258,257,240,240,240,240,240,0,30
LIRCMOP6_BC,1,ref_tau,140,222,1,0.37,222,0,0.00218827687056012,0.00582545732518303,222,30,3,0.0116212113280637,14.4144144144144,0.378491325104082,0.509157760504037,0,0.673554312158154,0.135135135135135,0.495738438070644,0.818531051559933,zero,21,9,30,17,0.135135135135135,0.00175462699156889,0.0230656186597101,0,0.0230656186597101,NaN,0.8,0.0287870111119189,0.297297297297297,0.00689012109686402,0.0236748965703371,0.0242902519411185,0.0191785303868167,0.566666666666667,400,240,880,880,569,311,401,52,74,42,19081,32,240,240,240,240,222,222,222,222,222,0,30
LIRCMOP6_BC,1,ref_tau,141,240,1,0.4,240,0,0.00214002961183952,0.00688898219721511,240,30,3,0.0125634717060148,13.3333333333333,0.373146731328666,0.577851561152687,0,0.679058766871954,0.175,0.439320868932801,0.662246538141765,zero,25,5,30,5,0.125,0.00443809911851316,0.00817538055045476,0,0.0115875038614755,NaN,0.7,0.0501864882099022,0.05,0.00862312924837958,0.0118246657399849,0.0119391699462515,0.0117101615337184,0.166666666666667,400,222,844,844,546,298,390,58,76,44,13870,22,258,258,258,258,240,240,240,240,240,0,30
LIRCMOP6_BC,1,ref_tau,142,240,1,0.4,240,0,0.00193116284850216,0.00611316960035139,240,30,3,0.0125634717060148,13.3333333333333,0.388702057409319,0.545562211431961,0,0.521787540443532,0.15,0.519030575310263,2.22916222466253,zero,24,6,30,5,0.125,0.00280560192203352,0.00712346134587122,0,0.0106620655910532,NaN,0.8,0.0991080173695051,0.2,0.00544356321193549,0.0112739703572805,0.0145540905709705,0.00851801234305396,0.166666666666667,400,240,880,880,565,315,402,58,79,45,16415,34,258,258,258,254,240,240,240,240,240,0,30
LIRCMOP6_BC,1,ref_tau,143,264,1,0.44,264,0,0.00227659005811791,0.00618992182203929,264,30,3,0.0138198188766162,12.1212121212121,0.398123028696782,0.566436606293431,0,0.679058766871954,0.227272727272727,0.479983631520549,1.03685030718978,zero,23,7,30,5,0.113636363636364,0.0129206915620826,0.0199241835676617,0,0.0199241835676617,NaN,0.633333333333333,0.00905085946421785,0.0909090909090909,0.013924901930999,0.0201514536967678,0.0201653407890434,0.0195989605848908,0.166666666666667,400,240,880,880,562,318,403,60,84,48,16252,2,276,276,276,271,264,264,264,264,264,0,30
LIRCMOP6_BC,1,ref_tau,144,234,1,0.39,234,0,0.00211807081616562,0.0053825569346119,234,30,3,0.0122493849133644,13.6752136752137,0.39748989762315,0.577273253236692,0,0.800214186372603,0.179487179487179,0.477049429048922,1.10637080269109,zero,26,4,30,9,0.128205128205128,0.00509696694392894,0.00782652510500989,0,0.0138222372898163,NaN,0.7,0.0238519317553472,0.128205128205128,0.00701519735398163,0.0157981990084307,0.0166822966910289,0.014621454105295,0.3,400,264,928,928,595,333,419,60,80,46,17451,30,264,264,264,263,234,234,234,234,234,0,30
LIRCMOP6_BC,1,ref_tau,145,234,1,0.39,234,0,0.00239783672544274,0.00607741226608289,234,30,3,0.0122493849133644,13.6752136752137,0.39748989762315,0.577273253236692,-0,0.948628301328513,0.205128205128205,0.549623060074517,1.25797128615578,zero,26,4,30,2,0.128205128205128,0.0109144124860661,0.0194122385616192,0,0.0228856087499008,NaN,0.833333333333333,0.0443568345651967,0.0512820512820513,0.011846443556431,0.0245036749981923,0.0250065090835348,0.0238152127689327,0.0666666666666667,400,234,868,868,577,291,415,61,82,46,13969,20,267,267,267,265,234,234,234,234,234,0,30
LIRCMOP6_BC,1,ref_tau,146,243,1,0.43,243,0,0.00239620942475866,0.00748637218846015,243,30,3,0.0127205151023399,13.1687242798354,0.39809441322759,0.579671905791742,0,0.948628301328513,0.222222222222222,0.558575241075632,1.27978626486484,zero,30,0,30,9,0.123456790123457,0.00441769287082666,0.0106273672081424,0,0.0108816747782,NaN,0.833333333333333,0.0441574608277182,0.162790697674419,0.00831449659881718,0.0122662888427655,0.0122662888427655,NaN,0.3,400,234,868,868,563,305,401,64,80,47,14527,19,265,265,265,262,243,243,243,243,243,0,30
LIRCMOP6_BC,1,ref_tau,147,255,1,0.43,255,0,0.00237388136282473,0.00820537412912187,255,30,3,0.0133486886876407,12.5490196078431,0.396786857743427,0.589266516011942,-0,1,0.188235294117647,0.552855021625746,1.91090564474569,zero,30,0,30,15,0.117647058823529,0.00776969069570356,0.0150374684895119,0,0.0188580023167004,NaN,0.7,0.023230025763627,0.27906976744186,0.00874838636325567,0.0190049538331377,0.0190049538331377,NaN,0.5,400,243,886,886,570,316,380,57,82,46,14077,13,274,274,274,268,255,255,255,255,255,0,30
LIRCMOP6_BC,1,ref_tau,148,258,1,0.43,258,0,0.00192043617719873,0.00634895632996457,258,30,3,0.0135057320839659,12.4031007751938,0.39809441322759,0.577273253236692,0,1,0.209302325581395,0.684887821358269,2.56786312921398,zero,30,0,30,13,0.116279069767442,0.007258452625464,0.0158398650115697,0,0.0172919069401176,NaN,0.3,-0.0137620815823301,0.209302325581395,0.00768083991693364,0.0177252124086449,0.0177252124086449,NaN,0.433333333333333,400,255,910,910,589,321,411,59,78,46,16028,12,276,276,276,271,258,258,258,258,258,0,30
LIRCMOP6_BC,1,ref_tau,149,246,1,0.41,246,0,0.00189847860009214,0.0059071581022241,246,30,3,0.0128775584986651,13.0081300813008,0.39748989762315,0.567056956506574,-0,0.948628301328513,0.195121951219512,0.605568001877653,2.16902969446683,zero,30,0,30,1,0.121951219512195,0.0192125020525792,0.022643000310493,0,0.0313698997732142,NaN,0.8,0.0510619132857183,0.0487804878048781,0.0235156646985579,0.0317879696373062,0.0317879696373062,NaN,0.0333333333333333,400,258,916,916,584,332,393,58,76,44,17411,6,264,264,264,264,246,246,246,246,246,0,30
LIRCMOP6_BC,1,ref_tau,150,258,1,0.43,258,0,0.00196660241759193,0.00593290465344758,258,30,3,0.0135057320839659,12.4031007751938,0.39809441322759,0.567056956506574,0,1,0.228682170542636,0.546868323721652,2.147483296413,zero,30,0,30,11,0.116279069767442,0.00812022526652506,0.0414972222251507,0,0.04219138646965,NaN,0.4,-0.0256109682894878,0.27906976744186,0.011135762889406,0.0423317826571873,0.0423317826571873,NaN,0.366666666666667,400,246,892,892,566,326,420,59,82,48,14683,12,285,285,285,282,258,258,258,258,258,0,30
LIRCMOP6_BC,1,ref_tau,151,283,1,0.48,283,0,0.00208298797151884,0.00665915187220105,283,30,3,0.0148144270533424,11.3074204946996,0.396781873042049,0.567056956506574,0,1,0.208480565371025,0.579886291317236,0.893028008419673,zero,30,0,30,4,0.106007067137809,0.0016410572468097,0.0101541505806404,0,0.0148417893585033,NaN,0.666666666666667,0.030842768257749,0.104166666666667,0.0101636464346877,0.015413970469644,0.015413970469644,NaN,0.133333333333333,400,258,916,916,571,345,400,62,86,52,14986,14,307,307,307,307,283,283,283,283,283,0,30
LIRCMOP6_BC,1,ref_tau,152,252,1,0.42,252,0,0.00220930176636515,0.00566709781845231,252,30,3,0.0131916452913155,12.6984126984127,0.39779215542537,0.589266516011942,0,1,0.19047619047619,0.572169931067945,1.07343148702693,zero,30,0,30,22,0.119047619047619,0.00215327237020127,0.0118670266365472,0,0.0145394058602027,NaN,0.8,0.0514480088794554,0.261904761904762,0.00354670272067659,0.0148055346037948,0.0148055346037948,NaN,0.733333333333333,400,283,966,966,596,370,439,55,81,45,21200,8,270,270,270,270,252,252,252,252,252,0,30
LIRCMOP6_BC,1,ref_tau,153,276,1,0.46,276,0,0.00257764702753855,0.00906262984979289,276,30,3,0.014447992461917,11.5942028985507,0.39779215542537,0.589266516011942,-0,0.948628301328513,0.195652173913043,0.830436617344001,2.0848733469854,zero,30,0,30,7,0.108695652173913,0.0117685630058975,0.0185184896336918,0,0.0220171491110596,NaN,0.833333333333333,0.0547116188048308,0.195652173913043,0.0126628361115803,0.0221476673053753,0.0221476673053753,NaN,0.233333333333333,400,252,904,904,576,328,394,58,88,50,14118,0,300,300,300,300,276,276,276,276,276,0,30
LIRCMOP6_BC,1,ref_tau,154,264,1,0.44,264,0,0.00228476978625727,0.00801350427440743,264,30,3,0.0138198188766162,12.1212121212121,0.399640351418603,0.621656369018135,0.288641736377326,0.948628301328513,0.272727272727273,0.610271969094704,1.31724446905079,zero,30,0,30,1,0.113636363636364,0.0136651885555098,0.0175775992105713,0,0.0178788792290972,NaN,0.766666666666667,0.0419122850295044,0.0454545454545455,0.0147337408629221,0.0179262108234827,0.0179262108234827,NaN,0.0333333333333333,400,276,952,952,590,362,412,57,84,48,19734,0,286,286,286,279,264,264,264,264,264,0,30
LIRCMOP6_BC,1,ref_tau,155,264,1,0.44,264,0,0.00207139920964323,0.00592693566658307,264,30,3,0.0138198188766162,12.1212121212121,0.39809441322759,0.589266516011942,-0,1,0.159090909090909,0.585335380296997,1.21405429017103,zero,30,0,30,17,0.113636363636364,0.00335932785460949,0.0100692347681017,0,0.0105766751046239,NaN,0.8,0.0559914476392283,0.159090909090909,0.00383043213674474,0.01057723511357,0.01057723511357,NaN,0.566666666666667,400,264,928,928,585,343,389,56,87,49,16297,0,294,294,294,294,264,264,264,264,264,0,30
LIRCMOP6_BC,1,ref_tau,156,294,1,0.49,294,0,0.00211593191352766,0.00744533209156082,294,30,3,0.0153902528398681,10.8843537414966,0.420484894740792,0.621656369018135,0,0.948628301328513,0.227891156462585,0.537158952499795,0.751183573192733,zero,30,0,30,10,0.102040816326531,0.00275156834530877,0.0055998589114368,0,0.0068780522362194,NaN,0.866666666666667,0.0604322006711569,0.0816326530612245,0.00315143888858314,0.00725110900333924,0.00725110900333924,NaN,0.333333333333333,400,264,928,928,580,348,411,61,86,53,18022,0,318,318,318,318,294,294,294,294,294,0,30
LIRCMOP6_BC,1,ref_tau,157,294,1,0.49,294,0,0.00233354901066509,0.00550424870150877,294,30,3,0.0153902528398681,10.8843537414966,0.421113033012552,0.622734347651964,-0,1,0.224489795918367,0.659177376395973,2.74848492598532,zero,30,0,30,8,0.102040816326531,0.00641615136910733,0.0350314018465733,0,0.0359860533613553,NaN,0.933333333333333,0.0747529266311301,0.163265306122449,0.00844257334368696,0.0375992431382269,0.0375992431382269,NaN,0.266666666666667,400,294,988,988,601,387,442,61,90,53,17772,1,318,318,318,318,294,294,294,294,294,0,30
LIRCMOP6_BC,1,ref_tau,158,282,1,0.47,282,0,0.00204879478997846,0.00694090571191676,282,30,3,0.0147620792545673,11.3475177304965,0.401186289609616,0.621037849478762,-0,0.82093636513848,0.106382978723404,0.561405618311469,1.49843741717031,zero,30,0,30,8,0.106382978723404,0.00533009812001985,0.0178513090907092,0,0.0188342601520154,NaN,0.866666666666667,0.0547535333804954,0.127659574468085,0.0087359030781805,0.0190615945476434,0.0190615945476434,NaN,0.266666666666667,400,294,988,988,598,390,446,59,87,50,21644,2,300,300,300,300,282,282,282,282,282,0,30
LIRCMOP6_BC,1,ref_tau,159,276,1,0.46,276,0,0.00269570653829004,0.00812404739716928,276,30,3,0.014447992461917,11.5942028985507,0.405122265508239,0.621037849478762,0,0.912502053070437,0.108695652173913,0.586967674159894,1.94323353566147,zero,30,0,30,11,0.108695652173913,0.00588721783866708,0.0427816520559332,0,0.0437781636383002,NaN,0.866666666666667,0.0556170507646753,0.217391304347826,0.0117339007944428,0.0445995637567308,0.0445995637567308,NaN,0.366666666666667,400,282,964,964,593,371,438,59,91,52,15679,6,312,312,312,310,276,276,276,276,276,0,30
LIRCMOP6_BC,1,ref_tau,160,288,1,0.48,288,0,0.00198783728256193,0.00614230032706108,288,30,3,0.0150761660472177,11.1111111111111,0.396781873042049,0.583569800681172,0,1,0.138888888888889,0.576593313444755,1.30087133850655,zero,30,0,30,10,0.104166666666667,0.0109487520269763,0.0148360581111608,0,0.0179770841837865,NaN,0.7,0.0749904029647957,0.208333333333333,0.0135257634944761,0.0187268659324965,0.0187268659324965,NaN,0.333333333333333,400,276,952,952,592,360,413,61,86,51,18151,0,306,306,306,306,288,288,288,288,288,0,30
LIRCMOP6_BC,1,ref_tau,161,277,1,0.47,277,0,0.00152578608875828,0.00464536244646023,277,30,3,0.014500340260692,11.5523465703971,0.395509906952759,0.565981055389176,0,0.82093636513848,0.108303249097473,0.556483894842425,3.1394371574955,zero,30,0,30,11,0.108303249097473,0.00484091479453178,0.0121086472534515,0,0.0123807945746008,NaN,0.933333333333333,0.03618173021975,0.148936170212766,0.00654237564899793,0.0124601252242994,0.0124601252242994,NaN,0.366666666666667,400,288,976,976,607,369,400,60,88,51,16608,0,306,306,306,300,277,277,277,277,277,0,30
LIRCMOP6_BC,1,ref_tau,162,303,1,0.51,303,0,0.00235471917159043,0.00754885437842696,303,30,3,0.0158613830288436,10.5610561056106,0.401186289609616,0.579072266792258,0,0.872670145852745,0.178217821782178,0.525657633451688,1.12471325252231,zero,30,0,30,3,0.099009900990099,0.0155518909679155,0.0213690575640162,0,0.0217128841673676,NaN,0.733333333333333,0.0503823531475362,0.0980392156862745,0.0176176923359203,0.021792155745127,0.021792155745127,NaN,0.1,400,277,954,954,581,373,418,61,91,55,15838,0,330,330,330,330,303,303,303,303,303,0,30
LIRCMOP6_BC,1,ref_tau,163,348,1,0.58,348,0,0.00241430140968843,0.00880353281434318,348,30,3,0.0182170339737214,9.19540229885057,0.389845488867164,0.577273253236692,0,1,0.172413793103448,0.487392783754614,2.18116224816067,zero,30,0,30,19,0.0862068965517241,0.00697438113662814,0.0250886700749412,0,0.0267498984394984,NaN,0.833333333333333,0.0561006101570359,0.310344827586207,0.00837037520605649,0.0269834418026715,0.0269834418026715,NaN,0.633333333333333,400,303,1006,1006,614,392,459,69,100,69,15941,8,409,409,409,401,348,348,348,348,348,0,30
LIRCMOP6_BC,1,ref_tau,164,306,1,0.51,306,0,0.00253637876356022,0.00732220817480375,306,30,3,0.0160184264251688,10.4575163398693,0.390617452649786,0.565981055389176,0,0.942586111783658,0.117647058823529,0.578771136006832,1.4999468378126,zero,30,0,30,9,0.0980392156862745,0.00883842036445282,0.0236991838641982,0,0.0335253647898912,NaN,0.833333333333333,0.0509252190415626,0.137254901960784,0.0194053108440137,0.0340903775713036,0.0340903775713036,NaN,0.3,400,348,1096,1096,656,440,502,63,92,56,23064,0,336,336,336,336,306,306,306,306,306,0,30
LIRCMOP6_BC,1,ref_tau,165,324,1,0.54,324,0,0.00236249997929755,0.0070858097864949,324,30,3,0.0169606868031199,9.87654320987654,0.393699662845917,0.577273253236692,0,1,0.222222222222222,0.565539170096188,1.60947783804002,zero,30,0,30,17,0.0925925925925926,0.00752316717786213,0.0215485423439788,0,0.0245367252563769,NaN,0.8,0.0795749348530711,0.314814814814815,0.00965026133772145,0.0248062130206667,0.0248062130206667,NaN,0.566666666666667,400,306,1012,1012,623,389,486,65,94,59,16682,0,349,349,349,349,324,324,324,324,324,0,30
LIRCMOP6_BC,1,ref_tau,166,319,1,0.54,319,0,0.00221965686799398,0.00813600810573,319,30,3,0.0166989478092446,10.0313479623824,0.396781873042049,0.622734347651964,0,1,0.225705329153605,0.620042500729982,0.985091969119391,zero,30,0,30,21,0.0940438871473354,0.004421579062524,0.00782069602876353,0,0.00884107732198973,NaN,0.6,0.0369765924664945,0.259259259259259,0.00533784992940598,0.0089344903597682,0.0089344903597682,NaN,0.7,400,324,1048,1048,633,415,487,68,91,60,21623,0,351,351,351,339,319,319,319,319,319,0,30
LIRCMOP6_BC,1,ref_tau,167,354,1,0.59,354,0,0.00223075136903125,0.00724569556009845,354,30,3,0.0185311207663718,9.03954802259887,0.389073525084543,0.597111564428581,0,0.942586111783658,0.19774011299435,0.676526424986044,1.010864890684,zero,28,2,30,13,0.0847457627118644,0.00225013576964127,0.00426194647014269,0,0.0137029772271637,NaN,0.833333333333333,0.0492598302916433,0.203389830508475,0.0105669894043244,0.0139866403382967,0.0141213092456147,0.0116066256117428,0.433333333333333,400,319,1038,1038,616,422,486,72,93,65,19066,0,387,387,387,387,354,354,354,354,354,0,30
LIRCMOP6_BC,1,ref_tau,168,360,1,0.6,360,0,0.00244094126854293,0.00919374853940253,360,30,3,0.0188452075590221,8.88888888888889,0.398984081325833,0.611466187887429,0,1,0.116666666666667,0.632599657212523,1.71334130652344,zero,28,2,30,13,0.0833333333333333,0.019726875266016,0.0342930440112454,0,0.0364261518205146,NaN,0.6,0.0193760617775178,0.2,0.0236865730451887,0.0365276813549889,0.0368796773626763,0.0308366544099975,0.433333333333333,400,354,1108,1108,674,434,508,72,94,66,20145,0,391,391,391,385,360,360,360,360,360,0,30
LIRCMOP6_BC,1,ref_tau,169,342,1,0.57,342,0,0.00216031255895622,0.00623324349240718,342,30,3,0.017902947181071,9.35672514619883,0.402921411504236,0.615484414116053,0,0.942586111783658,0.172514619883041,0.609556675625722,1.91250766305683,zero,28,2,30,19,0.087719298245614,0.00133818318819509,0.00294871605001736,0,0.0099669181812649,NaN,0.866666666666667,0.0577725021817595,0.298245614035088,0.00471641335945064,0.0102772189832741,0.010371837808936,0.00868474710123106,0.633333333333333,400,360,1120,1120,673,447,517,69,92,61,23914,0,366,366,366,366,342,342,342,342,342,0,30
LIRCMOP6_BC,1,ref_tau,170,354,1,0.59,354,0,0.00173386586926005,0.00528841525569028,354,30,3,0.0185311207663718,9.03954802259887,0.403805547704202,0.591873685013469,-0,0.82093636513848,0.186440677966102,0.521742363300495,0.680832215802365,zero,26,4,30,14,0.0847457627118644,0.00468487914757556,0.0105444959516517,0,0.017121378125894,NaN,0.933333333333333,0.0380443157664176,0.271186440677966,0.0094753678690469,0.0173727777741807,0.016596912826961,0.0187106881362768,0.466666666666667,400,342,1084,1084,650,434,509,72,91,63,22586,0,378,378,378,376,354,354,354,354,354,0,30
LIRCMOP6_BC,1,ref_tau,171,372,1,0.62,372,0,0.00189724112605832,0.00602425357843483,372,30,3,0.0194733811443229,8.60215053763441,0.40330072973876,0.577273253236692,-0,0.942586111783658,0.161290322580645,0.568815597465155,1.32755944164889,zero,24,6,30,3,0.0806451612903226,0.0117419479934672,0.0150674101707327,0,0.0153808951749565,NaN,0.533333333333333,0.0101866364474467,0.0967741935483871,0.01367697773414,0.0153955156547192,0.0151470542415323,0.0155718579248544,0.1,400,354,1108,1108,655,453,508,75,93,68,21890,0,405,405,405,404,372,372,372,372,372,0,30
LIRCMOP6_BC,1,ref_tau,172,354,1,0.59,354,0,0.00171639836710167,0.0053581469996193,354,30,3,0.0185311207663718,9.03954802259887,0.403354254424579,0.615484414116053,0,0.825048880992063,0.101694915254237,0.734879366837163,3.04893117975262,zero,27,3,30,22,0.0847457627118644,0.0382827130124336,0.0651736723815142,0,0.0657559503416583,NaN,0.5,-0.00171899928826799,0.305084745762712,0.0403859096980564,0.0658056575049787,0.0669708710187119,0.0619043141953765,0.733333333333333,400,372,1144,1144,676,468,543,71,93,64,23998,0,384,384,384,384,354,354,354,354,354,0,30
LIRCMOP6_BC,1,ref_tau,173,360,1,0.6,360,0,0.00184622234917415,0.0057406448604235,360,30,3,0.0188452075590221,8.88888888888889,0.407118354050234,0.622734347651964,-0,0.873886002531064,0.133333333333333,0.582542522814645,0.650080656541679,zero,27,3,30,8,0.0833333333333333,0.00273641691253088,0.0179222554635434,0,0.0219618609452745,NaN,0.966666666666667,0.0548344035260195,0.116666666666667,0.00615609251733156,0.0224828629150891,0.0195319410691447,0.0237179702009879,0.266666666666667,400,354,1108,1108,667,441,509,74,95,69,20089,0,414,414,414,408,360,360,360,360,360,0,30
LIRCMOP6_BC,1,ref_tau,174,348,1,0.58,348,0,0.00164506774761518,0.00519077293820476,348,30,3,0.0182170339737214,9.19540229885057,0.414244225816161,0.625820811346277,0,0.825048880992063,0.0862068965517241,0.714517996889175,4.73262106537657,zero,27,3,30,13,0.0862068965517241,0.00670743118725778,0.034295718545901,0,0.0405194324222474,NaN,0.8,0.0607770571090039,0.327586206896552,0.00816394794422004,0.0414695559448465,0.046098721069522,0.0207117937875981,0.433333333333333,400,360,1120,1120,663,457,512,70,94,65,22755,0,390,390,390,390,348,348,348,348,348,0,30
LIRCMOP6_BC,1,ref_tau,175,355,1,0.6,355,0,0.00179261505387867,0.00548322781965178,355,30,3,0.0185834685651468,9.01408450704225,0.403805547704202,0.625820811346277,0,0.942586111783658,0.104225352112676,0.635034041782617,1.98799792940523,zero,25,5,30,14,0.0845070422535211,0.0204157160682676,0.0370334758270261,0,0.0373175086076712,NaN,0.7,0.0768730395201734,0.216666666666667,0.0206035505728907,0.0373718152075575,0.0373798179120019,0.0373638125031132,0.466666666666667,400,348,1096,1096,664,432,511,71,93,65,21040,0,390,390,390,390,355,355,355,355,355,0,30
LIRCMOP6_BC,1,ref_tau,176,372,1,0.62,372,0,0.00160058716015412,0.00536409394549652,372,30,3,0.0194733811443229,8.60215053763441,0.410665017612631,0.625820811346277,0,1,0.14247311827957,0.547622281559733,1.07484435481097,zero,25,5,30,14,0.0806451612903226,0.00484053899736742,0.00937092231501316,0,0.011079225675841,NaN,0.8,0.113088294407917,0.161290322580645,0.00560528247645901,0.0114600867823212,0.013278272134136,0.00820926618542048,0.466666666666667,400,355,1110,1110,666,444,498,72,95,67,20846,0,402,402,402,402,372,372,372,372,372,0,30
LIRCMOP6_BC,1,ref_tau,177,402,1,0.67,402,0,0.00150726488153912,0.00498087081172616,402,30,3,0.0210438151075747,7.96019900497512,0.418057291236056,0.625820811346277,-0,0.942586111783658,0.159203980099502,0.642768139910642,1.25453287364259,zero,24,6,30,4,0.0746268656716418,0.0115215099264237,0.0219129445306142,0,0.0223681545518311,NaN,0.566666666666667,0.0255675216616586,0.119402985074627,0.0122995768828029,0.0224105620543737,0.0229747370304199,0.0214915191664559,0.133333333333333,400,372,1144,1144,673,471,526,76,100,76,23071,0,454,454,454,442,402,402,402,402,402,0,30
LIRCMOP6_BC,1,ref_tau,178,372,1,0.62,372,0,0.00152293550782514,0.00503720725871292,372,30,3,0.0194733811443229,8.60215053763441,0.411344694157546,0.625820811346277,-0,0.942586111783658,0.129032258064516,0.533675272183631,0.896894597667746,zero,29,1,30,3,0.0806451612903226,0.0071489742808259,0.0194964017771455,0,0.0209668400570207,NaN,0.866666666666667,0.0800660750239765,0.0806451612903226,0.00779219001130326,0.0210070967503901,0.0197409853049796,0.0214876854764151,0.1,400,402,1204,1204,708,496,558,71,100,71,25140,0,426,426,426,426,372,372,372,372,372,0,30
LIRCMOP6_BC,1,ref_tau,179,348,1,0.58,348,0,0.00120578782629716,0.00393885937344266,348,30,3,0.0182170339737214,9.19540229885057,0.414361154424344,0.6670815764571,0,0.607111041522477,0.0172413793103448,0.589458697061346,2.4636075727858,zero,30,0,30,11,0.0862068965517241,0.0141725946799135,0.0252034833858612,0,0.0283356632419167,NaN,0.833333333333333,0.0547870010612926,0.310344827586207,0.0166631291811067,0.029117161592902,0.029117161592902,NaN,0.366666666666667,400,372,1144,1144,678,466,519,71,100,71,23221,0,414,414,414,408,348,348,348,348,348,0,30
LIRCMOP6_BC,1,ref_tau,180,342,1,0.57,342,0,0.00165001233638938,0.0047905231201758,342,30,3,0.017902947181071,9.35672514619883,0.401810482639023,0.622734347651964,-0,0.942586111783658,0.105263157894737,0.505982765942141,0.632415303717158,zero,30,0,30,3,0.087719298245614,0.00510906641203729,0.00838794317039705,0,0.0106024169190375,NaN,0.8,0.0353962848304793,0.0526315789473684,0.00666656318302239,0.0108265413460581,0.0108265413460581,NaN,0.1,400,348,1096,1096,654,442,469,65,100,65,20469,0,384,384,384,374,342,342,342,342,342,0,30
LIRCMOP6_BC,1,ref_tau,181,372,1,0.62,372,0,0.00177552602415616,0.00582304985773469,372,30,3,0.0194733811443229,8.60215053763441,0.403137832964407,0.625820811346277,0,0.899730155020527,0.0645161290322581,0.757124604275358,4.03078206250762,zero,27,3,30,18,0.0806451612903226,0.0263931692044938,0.0433390616255316,0,0.0537976870670242,NaN,0.6,0.00922391825093927,0.225806451612903,0.0327630171565453,0.0541164522026143,0.0538176822799283,0.0541164522026143,0.6,400,342,1084,1084,641,443,482,72,100,72,21089,0,432,432,432,429,372,372,372,372,372,0,30
LIRCMOP6_BC,1,ref_tau,182,366,1,0.61,366,0,0.00157661314087397,0.00469046325406118,366,30,3,0.0191592943516725,8.7431693989071,0.403354254424579,0.625820811346277,0,0.679058766871954,0.0491803278688525,0.509873791145623,1.05699311825225,zero,28,2,30,16,0.0819672131147541,0.00813440050242955,0.0166119901358532,0,0.0169277070539415,NaN,0.733333333333333,0.0547567712428756,0.278688524590164,0.00890970849279644,0.0171578691737116,0.0166591973270119,0.0175248581753946,0.533333333333333,400,372,1144,1144,675,469,518,70,100,70,25853,0,420,420,420,420,366,366,366,366,366,0,30
LIRCMOP6_BC,1,ref_tau,183,378,1,0.63,378,0,0.0018737705940887,0.00632870164441689,378,30,3,0.0197874679369732,8.46560846560847,0.403354254424579,0.622734347651964,-0,0.942586111783658,0.0793650793650794,0.547571502974512,1.13888169704255,zero,27,3,30,6,0.0793650793650794,0.00486981222671265,0.0113984722598447,0,0.0212862695684777,NaN,0.7,0.0538494496781564,0.126984126984127,0.0163415668933166,0.0215817867828763,0.0211633735006165,0.0217869048942276,0.2,400,366,1132,1132,661,471,515,71,100,71,23379,0,426,426,426,426,378,378,378,378,378,0,30
LIRCMOP6_BC,1,ref_tau,184,373,1,0.63,373,0,0.00149337302978415,0.00477130327410714,373,30,3,0.0195257289430979,8.57908847184987,0.424700864055848,0.625820811346277,0,0.931205401855563,0.096514745308311,0.5376247756825,0.364209614961481,zero,30,0,30,7,0.0804289544235925,0.00330193471355023,0.00524149276731299,0,0.0155102900133499,NaN,0.7,0.0189925635478359,0.126984126984127,0.00387507431031981,0.017216421973527,0.017216421973527,NaN,0.233333333333333,400,378,1156,1156,672,484,550,72,100,72,24158,0,432,432,432,426,373,373,373,373,373,0,30
LIRCMOP6_BC,1,ref_tau,185,372,1,0.62,372,0,0.00147064661987404,0.00489339024629881,372,30,3,0.0194733811443229,8.60215053763441,0.419271092988424,0.622734347651964,0,0.942586111783658,0.0967741935483871,0.532617289545744,0.923259260170373,zero,27,3,30,5,0.0806451612903226,0.00257532509745969,0.00754849206731164,0,0.0131424868964096,NaN,0.9,0.117554608176883,0.112903225806452,0.00347403502196359,0.0131424868964096,0.0103878849624793,0.0157945408093471,0.166666666666667,400,373,1146,1146,680,466,545,73,100,73,24765,0,419,419,419,417,372,372,372,372,372,0,30
LIRCMOP6_BC,1,ref_tau,186,408,1,0.68,408,0,0.00145500353265879,0.00469678279502452,408,30,3,0.0213579019002251,7.84313725490196,0.415040830969259,0.620029992428977,0,0.942586111783658,0.205882352941176,0.587562372681865,2.06610249555888,zero,23,7,30,17,0.0735294117647059,0.0050305234253017,0.0328769311723102,0,0.0364217442273217,NaN,0.866666666666667,0.0698472288335704,0.264705882352941,0.00671256068765465,0.0369199785141425,0.036850681517722,0.036897147893815,0.566666666666667,400,372,1144,1144,672,472,517,76,100,76,22227,0,456,456,456,454,408,408,408,408,408,0,30
LIRCMOP6_BC,1,ref_tau,187,391,1,0.66,391,0,0.00151004336472885,0.00440845051922226,391,30,3,0.0204679893210491,8.18414322250639,0.420484894740792,0.615484414116053,0,0.942586111783658,0.122762148337596,0.570636476705023,1.8467667671155,zero,27,3,30,8,0.0767263427109974,0.006759876853622,0.0330674573725269,0,0.0369451774439577,NaN,0.766666666666667,0.0291943048178803,0.181818181818182,0.0104497551151296,0.0410483614953982,0.0383404262017524,0.0442374208693642,0.266666666666667,400,408,1216,1216,705,511,568,74,100,74,27530,0,444,444,444,438,391,391,391,391,391,0,30
LIRCMOP6_BC,1,ref_tau,188,386,1,0.65,386,0,0.00133505694912229,0.00387318541937937,386,30,3,0.0202062503271737,8.29015544041451,0.418057291236056,0.620029992428977,0,0.939179874386801,0.170984455958549,0.57226236998007,0.910772176874554,zero,28,2,30,18,0.077720207253886,0.00426455875925152,0.0174735089881522,0,0.018973197560004,NaN,0.5,0.00509110488188497,0.338461538461538,0.00579832280031533,0.0192195566864304,0.0184346728471643,0.0199895688895795,0.6,400,391,1182,1182,696,486,550,73,100,73,24086,0,438,438,438,435,386,386,386,386,386,0,30
LIRCMOP6_BC,1,ref_tau,189,396,1,0.66,396,0,0.00161099963017179,0.00470191330000007,396,30,3,0.0207297283149244,8.08080808080808,0.422951071966182,0.622734347651964,0,0.939179874386801,0.136363636363636,0.586738561390142,1.30232665802528,zero,26,4,30,8,0.0757575757575758,0.00450827471938435,0.0172093321870207,0,0.0224013836328248,NaN,0.7,0.0496677237254184,0.151515151515152,0.00668536715965761,0.0228926784642114,0.0195433629400803,0.027888413217638,0.266666666666667,400,386,1172,1172,686,486,540,75,100,75,23858,0,450,450,450,448,396,396,396,396,396,0,30
LIRCMOP6_BC,1,ref_tau,190,414,1,0.69,414,0,0.00185418462371534,0.00526675913205137,414,30,3,0.0216719886928755,7.72946859903382,0.425367839879825,0.620029992428977,-0,0.942586111783658,0.144927536231884,0.64229359107181,0.960709074418196,zero,24,6,30,5,0.072463768115942,0.00749443871855236,0.018434138971575,0,0.0191803902300153,NaN,0.733333333333333,0.0185964260519026,0.101449275362319,0.0120766971805951,0.0193468084378852,0.0188807467036691,0.0218705887384544,0.166666666666667,400,396,1192,1192,692,500,548,77,100,77,24544,0,462,462,462,462,414,414,414,414,414,0,30
LIRCMOP6_BC,1,ref_tau,191,372,1,0.62,372,0,0.00130662544242455,0.00465618108443764,372,30,3,0.0194733811443229,8.60215053763441,0.425034351967837,0.620029992428977,0,0.942586111783658,0.112903225806452,0.600545743079569,1.19859408994119,zero,30,0,30,9,0.0806451612903226,0.00329010289805372,0.0102224663342847,0,0.0150797001149385,NaN,0.7,0.0731560640175307,0.17741935483871,0.00959611152362506,0.0161064707277248,0.0161064707277248,NaN,0.3,400,414,1228,1228,706,522,577,71,100,71,29713,0,424,424,424,424,372,372,372,372,372,0,30
LIRCMOP6_BC,1,ref_tau,192,397,1,0.67,397,0,0.0019042907835925,0.00636277735255816,397,30,3,0.0207820761136994,8.06045340050378,0.418057291236056,0.615484414116053,-0,0.938404382490959,0.153652392947103,0.587018310829182,2.67607579783322,zero,24,6,30,17,0.0755667506297229,0.00683159428813165,0.0480332849094382,0,0.0482721396793999,NaN,0.766666666666667,0.0562896666786279,0.313432835820896,0.00911575690317578,0.0484262222206401,0.0462070424747939,0.0484904895913245,0.566666666666667,400,372,1144,1144,652,492,510,73,100,73,23423,0,438,438,438,432,397,397,397,397,397,0,30
LIRCMOP6_BC,1,ref_tau,193,378,1,0.63,378,0,0.00133036812807235,0.00421463497106258,378,30,3,0.0197874679369732,8.46560846560847,0.415361256342354,0.620029992428977,0,0.942586111783658,0.126984126984127,0.604357189453335,0.870576887972332,zero,27,3,30,8,0.0793650793650794,0.00211948864527222,0.00897994634548393,0,0.011540021774038,NaN,0.833333333333333,0.0850143386288701,0.126984126984127,0.00457811171550703,0.0117880088785264,0.0119493200405403,0.00516937170433471,0.266666666666667,400,397,1194,1194,697,497,552,73,100,73,25358,0,438,438,438,428,378,378,378,378,378,0,30
LIRCMOP6_BC,1,ref_tau,194,384,1,0.64,384,0,0.00157462814278567,0.0049950198256667,384,30,3,0.0201015547296236,8.33333333333333,0.420843087308654,0.615484414116053,0,0.938404382490959,0.140625,0.586523063867178,0.804228893988511,zero,26,4,30,16,0.078125,0.00638382674610639,0.0146622109590281,0,0.0236038666773812,NaN,0.633333333333333,0.0239036627606001,0.3125,0.0073836543509358,0.0239347651018755,0.0146590608594713,0.0331583706157522,0.533333333333333,400,378,1156,1156,657,499,544,74,100,74,25062,3,444,444,444,440,384,384,384,384,384,0,30
LIRCMOP6_BC,1,ref_tau,195,384,1,0.64,384,0,0.00166907423763766,0.00451643887817293,384,30,3,0.0201015547296236,8.33333333333333,0.41537056513379,0.615484414116053,0,0.942586111783658,0.109375,0.616329273134148,2.04869336153715,zero,26,4,30,15,0.078125,0.0231067351151569,0.0362748879161221,0,0.0371579769882494,NaN,0.633333333333333,0.0205648705446752,0.3125,0.0290252878533934,0.037177734493371,0.0378692597854474,0.0348596297292895,0.5,400,384,1168,1168,668,500,540,72,100,72,24120,3,432,432,432,432,384,384,384,384,384,0,30
LIRCMOP6_BC,1,ref_tau,196,372,1,0.62,372,0,0.00152565376636361,0.00460008569498301,372,30,3,0.0194733811443229,8.60215053763441,0.419271092988424,0.620029992428977,0,0.93794418766611,0.112903225806452,0.521291232878962,1.03945663475417,zero,29,1,30,2,0.0806451612903226,0.00769583452068758,0.0100149201172132,0,0.0141705999011044,NaN,0.8,0.0679505659014529,0.0645161290322581,0.0130898014898681,0.0142608431808033,0.0142925493452228,0.013292288389258,0.0666666666666667,400,384,1168,1168,656,512,540,71,100,71,25371,3,426,426,426,423,372,372,372,372,372,0,30
LIRCMOP6_BC,1,ref_tau,197,390,1,0.65,390,0,0.00118176475369227,0.0042873211237108,390,30,3,0.020415641522274,8.2051282051282,0.415361256342354,0.620029992428977,-0,1,0.105128205128205,0.546202654201541,0.839086206742113,zero,26,4,30,12,0.0769230769230769,0.00404122903535207,0.00672802529012324,0,0.00829366288227828,NaN,0.7,0.0560970142214498,0.169230769230769,0.0049960109411036,0.0086675913683654,0.00918335761157843,0.0067842756982908,0.4,400,372,1144,1144,660,484,539,74,100,74,23710,0,444,444,444,438,390,390,390,390,390,0,30
LIRCMOP6_BC,1,ref_tau,198,384,1,0.64,384,0,0.00114848987068832,0.00414448749091278,384,30,3,0.0201015547296236,8.33333333333333,0.420843087308654,0.620029992428977,0,1,0.078125,0.633254858440822,1.48168452043475,zero,27,3,30,2,0.078125,0.00406455274170591,0.010939619584708,0,0.017323231105414,NaN,0.566666666666667,0.00963047288932883,0.0625,0.00608836216417538,0.0177310875569031,0.0179453875114621,0.00643687551872573,0.0666666666666667,400,390,1180,1180,678,502,548,73,100,73,26280,6,438,438,438,431,384,384,384,384,384,0,30
LIRCMOP6_BC,1,ref_tau,199,402,1,0.67,402,0,0.00130742139932809,0.00488173979432319,402,30,3,0.0210438151075747,7.96019900497512,0.420484894740792,0.606330085065462,0,1,0.149253731343284,0.605423724383579,0.686305200457975,zero,24,6,30,12,0.0746268656716418,0.00147389998617355,0.00525388763341013,0,0.0106640905667214,NaN,0.766666666666667,0.0311961601747645,0.164179104477612,0.00712620403912468,0.0111082169075122,0.0112286932980406,0.0107835931269302,0.4,400,384,1168,1168,672,496,541,76,100,76,24153,0,456,456,456,445,402,402,402,402,402,0,30
LIRCMOP6_BC,1,ref_tau,200,396,1,0.66,396,0,0.00136722221672873,0.00376057166684258,396,30,3,0.0207297283149244,8.08080808080808,0.420843087308654,0.620029992428977,0,1,0.151515151515152,0.694286668684352,1.15343807781958,zero,25,5,30,8,0.0757575757575758,0.00371531243973944,0.0161064692736696,0,0.0192727237939876,NaN,0.733333333333333,0.0385374053277108,0.196969696969697,0.00998028267965983,0.0195106640703915,0.0194613089684167,0.0195600191723662,0.266666666666667,400,402,1204,1204,663,541,555,74,100,74,26394,1,444,444,444,432,396,396,396,396,396,0,30
LIRCMOP6_BC,1,ref_tau,201,390,1,0.65,390,0,0.00149517748863465,0.00497811097368313,390,30,3,0.020415641522274,8.2051282051282,0.418057291236056,0.615484414116053,-0,1,0.2,0.676974644663514,1.17396851993846,zero,26,4,30,12,0.0769230769230769,0.0037843786778798,0.0137638714498961,0,0.0181947050416696,NaN,0.6,0.0159212060058315,0.2,0.00791935976876651,0.0181947050416696,0.0181237410840199,0.0181947050416696,0.4,400,396,1192,1192,684,508,548,73,100,73,25156,19,438,438,438,432,390,390,390,390,390,0,30
LIRCMOP6_BC,1,ref_tau,202,384,1,0.64,384,0,0.00145988260882235,0.00485032807694556,384,30,3,0.0201015547296236,8.33333333333333,0.417179882330306,0.598605924884046,0,1,0.234375,0.598130236149717,1.01942538789038,zero,27,3,30,7,0.078125,0.00524613414749254,0.0141513600631644,0,0.0153689648218033,NaN,0.8,0.095038616278367,0.1875,0.00762754563070388,0.0156371684887512,0.0159530529538472,0.0151106943802581,0.233333333333333,400,390,1180,1180,663,517,551,72,100,72,26303,0,432,432,432,426,384,384,384,384,384,0,30
LIRCMOP6_BC,1,ref_tau,203,414,1,0.69,414,0,0.00144645039137164,0.00377703082183774,414,30,3,0.0216719886928755,7.72946859903382,0.418057291236056,0.620029992428977,0,1,0.173913043478261,0.551606444586912,1.3335519897104,zero,22,8,30,10,0.072463768115942,0.00163852164561052,0.00583964482084764,0,0.0100487158690707,NaN,0.766666666666667,0.065612618895041,0.173913043478261,0.00433350203348742,0.010317267850733,0.0111040140812205,0.00592191645052119,0.333333333333333,400,384,1168,1168,674,494,541,78,100,78,24341,0,468,468,468,459,414,414,414,414,414,0,30
LIRCMOP6_BC,1,ref_tau,204,396,1,0.66,396,0,0.00192087442046101,0.00562799487004561,396,30,3,0.0207297283149244,8.08080808080808,0.416713928184923,0.615484414116053,0,0.985777866396767,0.242424242424242,0.633320225174054,1.25566513367465,zero,24,6,30,4,0.0757575757575758,0.00454253331189936,0.0096296776744929,0,0.0182682669184671,NaN,0.933333333333333,0.0810890997165248,0.106060606060606,0.00566401535542383,0.0195073016640665,0.0197860593801584,0.0187148930302019,0.133333333333333,400,414,1228,1228,700,528,567,75,100,75,28145,6,450,450,450,437,396,396,396,396,396,0,30
LIRCMOP6_BC,1,ref_tau,205,420,1,0.7,420,0,0.00147642871693026,0.00378493628717514,420,30,3,0.0219860754855258,7.61904761904762,0.416577999041614,0.619109380884009,-0,1,0.228571428571429,0.609085913875901,0.849096311497299,zero,22,8,30,12,0.0714285714285714,0.0023467893927606,0.0103176841909008,0,0.0158676694201165,NaN,0.633333333333333,0.042355891688371,0.242857142857143,0.00684737837449738,0.0160292819452685,0.014830809976322,0.017227753914215,0.4,400,396,1192,1192,683,509,552,77,100,77,25660,0,462,462,462,461,420,420,420,420,420,0,30
LIRCMOP6_BC,1,ref_tau,206,384,1,0.64,384,0,0.00132949887492738,0.00387316820405019,384,30,3,0.0201015547296236,8.33333333333333,0.415084005036554,0.671682575673917,0,0.942586111783658,0.203125,0.676652420222017,1.01436719439144,zero,28,2,30,14,0.078125,0.00251934337978775,0.01185690122188,0,0.0145707078818148,NaN,0.566666666666667,0.0150629710190419,0.296875,0.00575591601702571,0.0146983172908332,0.0148710100444019,0.00502462538042347,0.466666666666667,400,420,1240,1240,700,540,563,72,100,72,27516,0,432,432,432,427,384,384,384,384,384,0,30
LIRCMOP6_BC,1,ref_tau,207,414,1,0.69,414,0,0.00144062382366735,0.00473216807798905,414,30,3,0.0216719886928755,7.72946859903382,0.416302473424556,0.671682575673917,0,0.942586111783658,0.173913043478261,0.745753362146411,1.38179170686358,zero,23,7,30,10,0.072463768115942,0.00152640161775453,0.00687218846200836,0,0.00986664230731703,NaN,0.7,0.030130044174078,0.202898550724638,0.0030315169631409,0.0102229619360194,0.0104370876361866,0.00700835506540372,0.333333333333333,400,384,1168,1168,676,492,553,76,100,76,25627,0,456,456,456,450,414,414,414,414,414,0,30
LIRCMOP6_BC,1,ref_tau,208,384,1,0.64,384,0,0.00135636793981905,0.00436013013445971,384,30,3,0.0201015547296236,8.33333333333333,0.415554613577655,0.671682575673917,0,0.926854694684972,0.15625,0.614265167423322,0.790288379761731,zero,29,1,30,11,0.078125,0.00273220601957157,0.0113767062443231,0,0.0137905876516836,NaN,0.7,0.0469352304145271,0.25,0.00446229025731837,0.0141954988500679,0.0143656233984265,0.00044563393401675,0.366666666666667,400,414,1228,1228,707,521,580,71,100,71,27578,2,426,426,426,426,384,384,384,384,384,0,30
LIRCMOP6_BC,1,ref_tau,209,390,1,0.65,390,0,0.00165818158259405,0.005041015429504,390,30,3,0.020415641522274,8.2051282051282,0.416302473424556,0.684790485756115,0,1,0.184615384615385,0.636755340125945,1.62781957531986,zero,28,2,30,14,0.0769230769230769,0.0063838339114148,0.0188394086444579,0,0.0225956515836397,NaN,0.7,0.0473044316726341,0.215384615384615,0.0070731901821904,0.0226814275371286,0.0227840863015125,0.00597519755626451,0.466666666666667,400,384,1168,1168,682,486,533,72,100,72,23903,0,432,432,432,418,390,390,390,390,390,0,30
LIRCMOP6_BC,1,ref_tau,210,408,1,0.68,408,0,0.00128554640445328,0.00401068884094579,408,30,3,0.0213579019002251,7.84313725490196,0.419027402267594,0.684790485756115,-0,0.942586111783658,0.117647058823529,0.612856194147103,0.748287084626739,zero,24,6,30,14,0.0735294117647059,0.00325590570078357,0.0106057206394669,0,0.0130117496545455,NaN,0.6,0.0240706648598748,0.220588235294118,0.00385249409953865,0.0132175070058704,0.0141129760415823,0.00723396487413956,0.466666666666667,400,390,1180,1180,673,507,534,75,100,75,24690,0,450,450,450,445,408,408,408,408,408,0,30
LIRCMOP6_BC,1,ref_tau,211,402,1,0.67,402,0,0.00154890234432366,0.00431014235271226,402,30,3,0.0210438151075747,7.96019900497512,0.416853524658673,0.684790485756115,0,1,0.17910447761194,0.598814385148777,0.977021592972547,zero,26,4,30,11,0.0746268656716418,0.00569537260483177,0.0102676248011742,0,0.012945339376823,NaN,0.766666666666667,0.077674357329119,0.208955223880597,0.00766961962017003,0.0132645205962761,0.0145008836127103,0.00885632269016278,0.366666666666667,400,408,1216,1216,694,522,567,73,100,73,26472,3,438,438,438,436,402,402,402,402,402,0,30
LIRCMOP6_BC,1,ref_tau,212,378,1,0.63,378,0,0.00144114982225246,0.00514260152759914,378,30,3,0.0197874679369732,8.46560846560847,0.425367839879825,0.711946741901638,0,0.938404382490959,0.142857142857143,0.786997113993937,2.04432193851728,zero,30,0,30,11,0.0793650793650794,0.0127962872145438,0.0260599716198316,0,0.029716812301478,NaN,0.8,0.0562322535343193,0.285714285714286,0.0139695474988558,0.0302877200019173,0.0302877200019173,NaN,0.366666666666667,400,402,1204,1204,694,510,554,70,100,70,26200,3,420,420,420,414,378,378,378,378,378,0,30
LIRCMOP6_BC,1,ref_tau,213,396,1,0.66,396,0,0.00160349108136317,0.00458329315470865,396,30,3,0.0207297283149244,8.08080808080808,0.422951071966182,0.726940920498304,0,1,0.151515151515152,0.692739960055804,1.8852932215938,zero,27,3,30,12,0.0757575757575758,0.0202905932045847,0.0298131321877238,0,0.0312821106781171,NaN,0.533333333333333,0.00176021913052227,0.212121212121212,0.0232582157362821,0.0314149792491429,0.0316595867803742,0.0309944579444647,0.4,400,378,1156,1156,670,486,540,72,100,72,23704,0,432,432,432,432,396,396,396,396,396,0,30
LIRCMOP6_BC,1,ref_tau,214,384,1,0.64,384,0,0.001290983145607,0.00441062812423971,384,30,3,0.0201015547296236,8.33333333333333,0.419027402267594,0.622734347651964,0,1,0.171875,0.627394458307078,1.60182355331096,zero,29,1,30,16,0.078125,0.0044181623631125,0.0122406935900444,0,0.0129157067265589,NaN,0.666666666666667,0.0880779727108573,0.265625,0.00504067636339399,0.0130393056706744,0.0133930490543769,0.0057385146569477,0.533333333333333,400,396,1192,1192,689,503,558,71,100,71,26839,0,426,426,426,420,384,384,384,384,384,0,30
LIRCMOP6_BC,1,ref_tau,215,378,1,0.63,378,0,0.00141253441455293,0.00438063443065161,378,30,3,0.0197874679369732,8.46560846560847,0.416853524658673,0.711946741901638,0,1,0.142857142857143,0.629384369089652,0.860515856080223,zero,30,0,30,10,0.0793650793650794,0.00248945510767041,0.0150449437731454,0,0.0178723341745081,NaN,0.8,0.0542226738520961,0.19047619047619,0.00403226159400977,0.0181474135671331,0.0181474135671331,NaN,0.333333333333333,400,384,1168,1168,671,497,535,69,100,69,24476,2,414,414,414,414,378,378,378,378,378,0,30
LIRCMOP6_BC,1,ref_tau,216,390,1,0.65,390,0,0.00107419566031403,0.00368928262913468,390,30,3,0.020415641522274,8.2051282051282,0.416853524658673,0.622734347651964,0,1,0.138461538461538,0.638578360312339,1.94891706353832,zero,27,3,30,12,0.0769230769230769,0.00997972543374962,0.0271123734844812,0,0.0305986865641171,NaN,0.666666666666667,0.0121457611777993,0.276923076923077,0.01186386088529,0.030882806360928,0.0309845281884407,0.0291026227426677,0.4,400,378,1156,1156,663,493,535,73,100,73,24864,8,438,438,438,429,390,390,390,390,390,0,30
LIRCMOP6_BC,1,ref_tau,217,390,1,0.65,390,0,0.00129502614606721,0.00426329855988367,390,30,3,0.020415641522274,8.2051282051282,0.410665017612631,0.684790485756115,0,1,0.138461538461538,0.587391312636007,1.58989567166789,zero,28,2,30,9,0.0769230769230769,0.00570252467127053,0.0177879105549868,0,0.0180607322318028,NaN,0.733333333333333,0.0689674911344369,0.261538461538462,0.00739054886052441,0.0181482080594451,0.0184139987095552,0.0172390022856775,0.3,400,390,1180,1180,682,498,560,71,100,71,25000,4,426,426,426,424,390,390,390,390,390,0,30
LIRCMOP6_BC,1,ref_tau,218,372,1,0.62,372,0,0.000990183609956676,0.00326020396092453,372,30,3,0.0194733811443229,8.60215053763441,0.436195447314435,0.635892984943339,0,0.938404382490959,0.126344086021505,0.636369286447114,1.28461016608477,zero,30,0,30,4,0.0806451612903226,0.00549024193066718,0.0153286709246502,0,0.0161166395270772,NaN,0.733333333333333,0.0549601917026533,0.0967741935483871,0.00887625815464524,0.0164416820233612,0.0164416820233612,NaN,0.133333333333333,400,390,1180,1180,681,499,559,70,100,70,26497,0,420,420,420,416,372,372,372,372,372,0,30
LIRCMOP6_BC,1,ref_tau,219,396,1,0.66,396,0,0.00123734544240277,0.00439711331033811,396,30,3,0.0207297283149244,8.08080808080808,0.407503767848359,0.662912771333956,0,0.938404382490959,0.0909090909090909,0.653875540047758,2.28663024855735,zero,30,0,30,10,0.0757575757575758,0.00681607289754117,0.0224650364634991,0,0.028848584762541,NaN,0.733333333333333,0.0358785237004301,0.257575757575758,0.00906390636063975,0.033281366351032,0.033281366351032,NaN,0.333333333333333,400,372,1144,1144,653,491,537,72,100,72,22939,4,432,432,432,426,396,396,396,396,396,0,30
LIRCMOP6_BC,1,ref_tau,220,390,1,0.65,390,0,0.00159533271493554,0.00509626859988276,390,30,3,0.020415641522274,8.2051282051282,0.400806793119985,0.711946741901638,0,1,0.153846153846154,0.667795379793899,1.09776236252645,zero,30,0,30,12,0.0769230769230769,0.00566538394991058,0.0349110196486713,0,0.0376654617614537,NaN,0.766666666666667,0.0594696705350015,0.246153846153846,0.00679874867004539,0.0397800106943537,0.0397800106943537,NaN,0.4,400,396,1192,1192,688,504,557,71,100,71,24654,4,426,426,426,426,390,390,390,390,390,0,30
LIRCMOP6_BC,1,ref_tau,221,378,1,0.63,378,0,0.00107706181927941,0.00402890579422579,378,30,3,0.0197874679369732,8.46560846560847,0.397336209417006,0.617665449810773,0,1,0.0793650793650794,0.641973148773821,1.02312490476647,zero,30,0,30,7,0.0793650793650794,0.00536712063032851,0.0157027021394336,0,0.0179030343902118,NaN,0.633333333333333,0.0202808967868445,0.19047619047619,0.00577393471971143,0.0183193444193326,0.0183193444193326,NaN,0.233333333333333,400,390,1180,1180,673,507,545,69,100,69,25333,8,414,414,414,414,378,378,378,378,378,0,30
LIRCMOP6_BC,1,ref_tau,222,414,1,0.69,414,0,0.00123836700158419,0.00396770177334156,414,30,3,0.0216719886928755,7.72946859903382,0.397336209417006,0.635892984943339,0,1,0.115942028985507,0.651361910710256,0.688286447372262,zero,26,4,30,1,0.072463768115942,0.00585865003274577,0.0140026671777744,0,0.0233002869905149,NaN,0.766666666666667,0.0724410179849364,0.0289855072463768,0.00781726544927573,0.0240255538210281,0.0207788874760304,0.0297780503884491,0.0333333333333333,400,378,1156,1156,667,489,541,75,100,75,24569,4,450,450,450,450,414,414,414,414,414,0,30
LIRCMOP6_BC,1,ref_tau,223,420,1,0.7,420,0,0.00152701463088814,0.00487583796240445,420,30,3,0.0219860754855258,7.61904761904762,0.395380154120855,0.660341735349727,0,1,0.142857142857143,0.687145735460809,1.95102991543221,zero,26,4,30,9,0.0714285714285714,0.00590109525710591,0.0274204496515005,0,0.0292534391509284,NaN,0.9,0.0543699034973765,0.228571428571429,0.00919068991464995,0.0294846237307119,0.0315040532620945,0.0248768218614927,0.3,400,414,1228,1228,711,517,581,76,100,76,26250,2,456,456,456,456,420,420,420,420,420,0,30
LIRCMOP6_BC,1,ref_tau,224,416,1,0.7,416,0,0.00139858102287659,0.00437892863723957,416,30,3,0.0217766842904256,7.69230769230769,0.397336209417006,0.652363914135884,-0,0.938404382490959,0.129807692307692,0.600107181728114,1.08851337573127,zero,26,4,30,11,0.0721153846153846,0.00693599803860353,0.0168947644444665,0,0.022353654365416,NaN,0.7,0.0393556085030504,0.257142857142857,0.00835991726547399,0.0227288410163353,0.0231334535486981,0.0219923406905655,0.366666666666667,400,420,1240,1240,705,535,569,75,100,75,26842,2,450,450,450,450,416,416,416,416,416,0,30
LIRCMOP6_BC,1,ref_tau,225,432,1,0.72,432,0,0.00145988385829953,0.00450800459675968,432,30,3,0.0226142490708266,7.40740740740741,0.395380154120855,0.635892984943339,-0,0.938404382490959,0.111111111111111,0.52966887264827,0.980795251766176,zero,23,7,30,7,0.0694444444444444,0.00587565383057977,0.0120303937008601,0,0.0128821906626266,NaN,0.733333333333333,0.0334436352048749,0.125,0.00785075989746183,0.0152385846282902,0.0155509697067366,0.0142717620964326,0.233333333333333,400,416,1232,1232,698,534,572,77,100,77,27402,0,462,462,462,456,432,432,432,432,432,0,30
LIRCMOP6_BC,1,ref_tau,226,414,1,0.69,414,0,0.0015621750461869,0.00545570680008844,414,30,3,0.0216719886928755,7.72946859903382,0.397336209417006,0.606330085065462,0,0.938404382490959,0.115942028985507,0.649212400174258,0.599431610114661,zero,25,5,30,2,0.072463768115942,0.00313004573293831,0.00954982600777816,0,0.0102293616987151,NaN,0.566666666666667,0.0143711244183452,0.0579710144927536,0.00410754919378794,0.0105042832895372,0.0118222779237784,0.00915990216010539,0.0666666666666667,400,432,1264,1264,724,540,602,76,100,76,30288,0,456,456,456,450,414,414,414,414,414,0,30
LIRCMOP6_BC,1,ref_tau,227,414,1,0.69,414,0,0.00128751502932643,0.00493183289015876,414,30,3,0.0216719886928755,7.72946859903382,0.391526870541071,0.635892984943339,0,1,0.159420289855072,0.6203170289598,0.792407078648016,zero,26,4,30,8,0.072463768115942,0.00510700812427812,0.0104505335761328,0,0.0108854235257613,NaN,0.633333333333333,0.0598166722996487,0.202898550724638,0.00626987732027918,0.0112308799686464,0.011164771628537,0.011286185379711,0.266666666666667,400,414,1228,1228,704,524,562,75,100,75,27287,2,450,450,450,444,414,414,414,414,414,0,30
LIRCMOP6_BC,1,ref_tau,228,432,1,0.72,432,0,0.00119545281212896,0.00392187311010581,432,30,3,0.0226142490708266,7.40740740740741,0.399071501268496,0.60783551120725,0,0.938404382490959,0.138888888888889,0.585128972196365,1.4206009793214,zero,23,7,30,7,0.0694444444444444,0.00494385550621176,0.0218287636067183,0,0.0239307195204582,NaN,0.9,0.0630493083671992,0.152777777777778,0.00527344686085204,0.0263967228039177,0.0296994289707698,0.0127622732616718,0.233333333333333,400,414,1228,1228,708,520,541,77,100,77,25713,0,462,462,462,452,432,432,432,432,432,0,30
LIRCMOP6_BC,1,ref_tau,229,396,1,0.66,396,0,0.000896400182340614,0.0034031583371739,396,30,3,0.0207297283149244,8.08080808080808,0.407231884648556,0.635892984943339,0,1,0.121212121212121,1.05717121697127,5.720128957867,zero,26,4,30,30,0.0757575757575758,0.0699342642615728,0.108443008223238,0,0.109871439364357,NaN,0.533333333333333,0.0250466936288077,0.545454545454545,0.0768315097444497,0.110020161754092,0.101533803433224,0.118289065483941,1,400,432,1264,1264,721,543,580,75,100,75,31767,0,450,450,450,438,396,396,396,396,396,0,30
LIRCMOP6_BC,1,ref_tau,230,366,1,0.61,366,0,0.00085644823108186,0.00302507665293858,366,30,3,0.0191592943516725,8.7431693989071,0.409114724150333,0.606330085065462,0,1,0.0983606557377049,0.708547371334598,1.0070311762871,zero,30,0,30,9,0.0819672131147541,0.00580605058465917,0.0216571833421658,0,0.0221066496897033,NaN,0.733333333333333,0.0428061525858058,0.180327868852459,0.00637907612421581,0.0222857811496293,0.0222857811496293,NaN,0.3,400,396,1192,1192,685,507,545,71,100,71,27384,0,426,426,426,420,366,366,366,366,366,0,30
LIRCMOP6_BC,1,ref_tau,231,408,1,0.68,408,0,0.0014158123702934,0.00546647659988874,408,30,3,0.0213579019002251,7.84313725490196,0.40186410231211,0.60783551120725,0,1,0.188725490196078,0.664141271989836,1.61183809366916,zero,25,5,30,4,0.0735294117647059,0.00667857816106954,0.0185015778849488,0,0.0288672723662787,NaN,0.6,0.0189637139079464,0.117647058823529,0.00962148681856522,0.0290665045043925,0.0323887029613062,0.0150434503153363,0.133333333333333,400,366,1132,1132,653,479,522,74,100,74,23320,0,444,444,444,444,408,408,408,408,408,0,30
LIRCMOP6_BC,1,ref_tau,232,396,1,0.66,396,0,0.000953264184115909,0.00327890165777019,396,30,3,0.0207297283149244,8.08080808080808,0.406018067827284,0.60783551120725,0,0.938404382490959,0.121212121212121,0.592454173062157,1.30573660082991,zero,26,4,30,6,0.0757575757575758,0.00649582853833724,0.011641144559461,0,0.0173688718948491,NaN,0.7,0.0719714759225246,0.0909090909090909,0.00925718198821098,0.0174294098757831,0.0214802114142582,0.0111475464393109,0.2,400,408,1216,1216,682,534,573,74,100,74,28492,0,444,444,444,436,396,396,396,396,396,0,30
LIRCMOP6_BC,1,ref_tau,233,414,1,0.69,414,0,0.00124216802099145,0.00403411811543338,414,30,3,0.0216719886928755,7.72946859903382,0.402921411504236,0.635892984943339,0,0.938404382490959,0.159420289855072,0.600816045486854,0.824337349609104,zero,22,8,30,6,0.072463768115942,0.0054566081799623,0.0105437311296966,0,0.0138532668960706,NaN,0.733333333333333,0.0906648111375152,0.130434782608696,0.00641956019939621,0.0140818642816322,0.013121231351034,0.0150424972122304,0.2,400,396,1192,1192,680,512,546,77,100,77,25514,0,462,462,462,462,414,414,414,414,414,0,30
LIRCMOP6_BC,1,ref_tau,234,414,1,0.69,414,0,0.00118581855954937,0.00379274194118636,414,30,3,0.0216719886928755,7.72946859903382,0.402921411504236,0.606330085065462,-0,0.954108462287597,0.115942028985507,0.589935391647384,0.890202510538792,zero,22,8,30,13,0.072463768115942,0.00335821325317704,0.0104038588332771,0,0.012671805237977,NaN,0.9,0.0930797039552415,0.246376811594203,0.00627472894074467,0.012671805237977,0.0141095597991998,0.0122000509006368,0.433333333333333,400,414,1228,1228,697,531,560,77,100,77,27534,8,462,462,462,458,414,414,414,414,414,0,30
LIRCMOP6_BC,1,ref_tau,235,408,1,0.68,408,0,0.00112280259907369,0.00366464787414639,408,30,3,0.0213579019002251,7.84313725490196,0.40186410231211,0.684790485756115,0,1,0.191176470588235,0.586807322199458,1.37798086819319,zero,22,8,30,5,0.0735294117647059,0.00701890728228584,0.0181907858761697,0,0.0198697648486892,NaN,0.733333333333333,0.0666799179770773,0.132352941176471,0.0108221883205641,0.0199444599154221,0.0232147997546237,0.0150832511742722,0.166666666666667,400,414,1228,1228,689,539,576,76,100,76,27705,0,456,456,456,452,408,408,408,408,408,0,30
LIRCMOP6_BC,1,ref_tau,236,396,1,0.66,396,0,0.00104695999180384,0.00352363601727497,396,30,3,0.0207297283149244,8.08080808080808,0.40186410231211,0.595753880075303,-0,1,0.121212121212121,0.581521377917737,0.759252444717089,zero,26,4,30,21,0.0757575757575758,0.00272910526838336,0.0102316390284592,0,0.0132212449247907,NaN,0.9,0.0902969716169216,0.318181818181818,0.0033587102519749,0.0136239701281025,0.0139759937823698,0.00578212391707873,0.7,400,408,1216,1216,689,527,562,74,100,74,27433,0,444,444,444,438,396,396,396,396,396,0,30
LIRCMOP6_BC,1,ref_tau,237,390,1,0.65,390,0,0.0012475568217309,0.00425848920022408,390,30,3,0.020415641522274,8.2051282051282,0.391526870541071,0.604282511163435,-0,1,0.138461538461538,0.605612290180862,1.36831192585541,zero,26,4,30,11,0.0769230769230769,0.00752470402265529,0.0218395475018211,0,0.0231299273982043,NaN,0.833333333333333,0.0673046871419456,0.276923076923077,0.00837252205373782,0.0232522830015491,0.0234726458671056,0.0199391355592328,0.366666666666667,400,396,1192,1192,680,512,558,73,100,73,26243,0,438,438,438,428,390,390,390,390,390,0,30
LIRCMOP6_BC,1,ref_tau,238,384,1,0.64,384,0,0.00107633842564853,0.00365226458231089,384,30,3,0.0201015547296236,8.33333333333333,0.40186410231211,0.684790485756115,-0,1,0.15625,0.56442836226957,0.781466390366579,zero,26,4,30,11,0.078125,0.00474754307556112,0.0102404628627063,0,0.0115040786322217,NaN,0.833333333333333,0.0767032568530217,0.21875,0.00620269103480853,0.0116506046316571,0.0120009557051867,0.00938368161128914,0.366666666666667,400,390,1180,1180,671,509,537,73,100,73,24418,0,438,438,438,435,384,384,384,384,384,0,30
LIRCMOP6_BC,1,ref_tau,239,384,1,0.64,384,0,0.000984794939918943,0.00333796530241408,384,30,3,0.0201015547296236,8.33333333333333,0.40186410231211,0.684790485756115,0,1,0.125,0.603138386316402,0.857662422393967,zero,27,3,30,11,0.078125,0.00426852356022881,0.0225788210870821,0,0.0230265072080631,NaN,0.8,0.0551341395300627,0.234375,0.00469798012398934,0.0230265072080631,0.0225730671415874,0.0230265072080631,0.366666666666667,400,384,1168,1168,663,505,536,72,100,72,23929,0,432,432,432,432,384,384,384,384,384,0,30
LIRCMOP6_BC,1,ref_tau,240,396,1,0.66,396,0,0.000952526751359868,0.00331531298423972,396,30,3,0.0207297283149244,8.08080808080808,0.40186410231211,0.604282511163435,0,1,0.136363636363636,0.595343826318644,1.13591948743359,zero,25,5,30,7,0.0757575757575758,0.00529935504726175,0.0163243338914569,0,0.0183743628045993,NaN,0.666666666666667,0.0614379928514893,0.136363636363636,0.00659483909114232,0.0186757925718203,0.0187523066598385,0.0164872689059434,0.233333333333333,400,384,1168,1168,661,507,530,73,100,73,23445,0,438,438,438,438,396,396,396,396,396,0,30
LIRCMOP6_BC,1,ref_tau,241,384,1,0.64,384,0,0.00102325710902781,0.00350713316916498,384,30,3,0.0201015547296236,8.33333333333333,0.399415073367026,0.60300668057084,0,1,0.109375,0.591088486764154,0.677567674556328,zero,29,1,30,12,0.078125,0.00439412491948493,0.0160427426563377,0,0.016828961541876,NaN,0.8,0.0639760272157205,0.296875,0.00727328985205561,0.0170316575190909,0.0170950516677028,0.0149791691179613,0.4,400,396,1192,1192,685,507,545,70,100,70,24639,0,420,420,420,420,384,384,384,384,384,0,30
LIRCMOP6_BC,1,ref_tau,242,384,1,0.64,384,0,0.000903392126707451,0.00289762386172072,384,30,3,0.0201015547296236,8.33333333333333,0.408116970222137,0.635892984943339,0,1,0.109375,0.644212091087965,0.989483119624284,zero,25,5,30,4,0.078125,0.00884737828435444,0.0153795436453748,0,0.0181416522545814,NaN,0.666666666666667,0.016884053442112,0.125,0.0110433544763915,0.0183209584076097,0.0182835992524192,0.0183583175628002,0.133333333333333,400,384,1168,1168,668,500,533,73,100,73,25041,0,438,438,438,438,384,384,384,384,384,0,30
LIRCMOP6_BC,1,ref_tau,243,378,1,0.63,378,0,0.000967507164145364,0.00298781918286555,378,30,3,0.0197874679369732,8.46560846560847,0.402921411504236,0.635892984943339,0,1,0.0952380952380952,0.649392535008693,0.790970278248805,zero,26,4,30,3,0.0793650793650794,0.00438338265922929,0.0102505065544722,0,0.0174228515228222,NaN,0.7,0.0326177312643512,0.0793650793650794,0.0106833756064901,0.0177920046093379,0.0169924020560793,0.0188127943419654,0.1,400,384,1168,1168,660,508,543,71,100,71,26096,0,426,426,426,426,378,378,378,378,378,0,30
LIRCMOP6_BC,1,ref_tau,244,385,1,0.65,385,0,0.000935806148024076,0.00301773360551089,385,30,3,0.0201539025283987,8.31168831168831,0.400806793119985,0.684790485756115,0,1,0.127272727272727,0.569325853071444,1.38312590222835,zero,29,1,30,10,0.0779220779220779,0.01653493532921,0.0427984529648163,0,0.0467028739725772,NaN,0.7,0.0152371059617865,0.123076923076923,0.0179525818698452,0.0510952254319302,0.0521850951615831,0.0454587886159548,0.333333333333333,400,378,1156,1156,659,497,537,73,100,73,24494,0,438,438,438,432,385,385,385,385,385,0,30
LIRCMOP6_BC,1,ref_tau,245,392,1,0.66,392,0,0.000814556058930486,0.00234392174612673,392,30,3,0.0205203371198241,8.16326530612245,0.419744858495912,0.670843117079579,0,1,0.122448979591837,0.621614287488646,2.49398258704429,zero,28,2,30,16,0.076530612244898,0.0258451232292569,0.0879278815272496,0,0.0881440518262362,NaN,0.633333333333333,0.0113213727554694,0.196969696969697,0.0275218352627258,0.0947765403694035,0.09322461722818,0.097244941723656,0.533333333333333,400,385,1170,1170,669,501,534,74,100,74,25056,0,444,444,444,441,392,392,392,392,392,0,30
LIRCMOP6_BC,1,ref_tau,246,390,1,0.65,390,0,0.000952273978902757,0.0028690736057677,390,30,3,0.020415641522274,8.2051282051282,0.413312528940038,0.670843117079579,0,1,0.0923076923076923,0.749723064279521,1.38389030653709,zero,30,0,30,11,0.0769230769230769,0.00745637022258536,0.0291437279505108,0,0.0389974442405574,NaN,0.566666666666667,0.00626369040895508,0.215384615384615,0.00980410789647923,0.0392122033273516,0.0392122033273516,NaN,0.366666666666667,400,392,1184,1184,679,505,542,72,100,72,24025,0,432,432,432,432,390,390,390,390,390,0,30
LIRCMOP6_BC,1,ref_tau,247,372,1,0.62,372,0,0.00101568594839664,0.00309038523803049,372,30,3,0.0194733811443229,8.60215053763441,0.400655921037157,0.599167584600997,0,1,0.0645161290322581,1.12830699835909,11.3505476771268,zero,30,0,30,15,0.0806451612903226,0.0136236405064161,0.194178880194166,0,0.203955530177239,NaN,0.633333333333333,0.0371896153347944,0.338709677419355,0.0155983127143046,0.211159989425828,0.211159989425828,NaN,0.5,400,390,1180,1180,674,506,521,69,100,69,23251,0,414,414,414,414,372,372,372,372,372,0,30
LIRCMOP6_BC,1,ref_tau,248,378,1,0.63,378,0,0.000898504989578668,0.00247411270284399,378,30,3,0.0197874679369732,8.46560846560847,0.397336209417006,0.595753880075303,0,1,0.0793650793650794,0.644241789901915,1.01925917769322,zero,30,0,30,10,0.0793650793650794,0.00968833273160572,0.041736478914866,0,0.0605064733468997,NaN,0.466666666666667,-0.002237204314048,0.111111111111111,0.0147795031361569,0.0605476989763364,0.0605476989763364,NaN,0.333333333333333,400,372,1144,1144,662,482,529,71,100,71,24693,0,426,426,426,426,378,378,378,378,378,0,30
LIRCMOP6_BC,1,ref_tau,249,378,1,0.63,378,0,0.000938620864855797,0.00272594140480661,378,30,3,0.0197874679369732,8.46560846560847,0.40050504895433,0.604282511163435,0,1,0.0952380952380952,0.601495402436174,0.894470719220924,zero,30,0,30,7,0.0793650793650794,0.00208159431204681,0.0118639987585881,0,0.0175384707320174,NaN,0.433333333333333,-0.0206517828917892,0.174603174603175,0.00404843894573029,0.0183204317174086,0.0183204317174086,NaN,0.233333333333333,400,378,1156,1156,671,485,533,70,100,70,22239,0,420,420,420,420,378,378,378,378,378,0,30
LIRCMOP6_BC,1,ref_tau,250,378,1,0.63,378,0,0.00101546000319336,0.00280059761056343,378,30,3,0.0197874679369732,8.46560846560847,0.40050504895433,0.604282511163435,-0,1,0.126984126984127,0.594518902058026,1.05257454052157,zero,30,0,30,5,0.0793650793650794,0.00717330272660875,0.0149881081446203,0,0.0185974416775176,NaN,0.633333333333333,0.0332123920801315,0.126984126984127,0.0109952355833168,0.0208708483119377,0.0208708483119377,NaN,0.166666666666667,400,378,1156,1156,660,496,516,70,100,70,22463,0,420,420,420,414,378,378,378,378,378,0,30
LIRCMOP6_BC,1,ref_tau,251,372,1,0.62,372,0,0.000878852788084218,0.00233401186574857,372,30,3,0.0194733811443229,8.60215053763441,0.394431539979039,0.604282511163435,0,1,0.129032258064516,0.559964298414795,0.644657099498147,zero,30,0,30,7,0.0806451612903226,0.00479359809997319,0.0216669738951685,0,0.0232191392736774,NaN,0.533333333333333,0.0065737325767965,0.129032258064516,0.00779114104089347,0.0234604239199646,0.0234604239199646,NaN,0.233333333333333,400,378,1156,1156,668,488,528,71,100,71,24497,0,426,426,426,420,372,372,372,372,372,0,30
LIRCMOP6_BC,1,ref_tau,252,366,1,0.61,366,0,0.000761392887991912,0.00210909767077239,366,30,3,0.0191592943516725,8.7431693989071,0.391526870541071,0.604282511163435,0,1,0.131147540983607,0.594952067351714,0.742232459036066,zero,30,0,30,6,0.0819672131147541,0.00438974618229452,0.0141282309118498,0,0.0155974032203257,NaN,0.633333333333333,0.0127743466320644,0.180327868852459,0.00571892404391444,0.0156263657102536,0.0156263657102536,NaN,0.2,400,372,1144,1144,648,496,525,69,100,69,24316,0,414,414,414,414,366,366,366,366,366,0,30
LIRCMOP6_BC,1,ref_tau,253,372,1,0.62,372,0,0.00102656693079299,0.00302806048617242,372,30,3,0.0194733811443229,8.60215053763441,0.40278199071292,0.595753880075303,0,1,0.112903225806452,0.594232882371566,0.746508243919619,zero,29,1,30,7,0.0806451612903226,0.0047780775563263,0.0124290358643626,0,0.016744423375351,NaN,0.766666666666667,0.0351547843042966,0.17741935483871,0.00748501664534571,0.0168065766566074,0.0169030608623224,0.0135408575274006,0.233333333333333,400,366,1132,1132,649,483,514,69,100,69,21971,1,414,414,414,402,372,372,372,372,372,0,30
LIRCMOP6_BC,1,ref_tau,254,384,1,0.64,384,0,0.000862905620918446,0.0023271250282485,384,30,3,0.0201015547296236,8.33333333333333,0.398920629185668,0.595753880075303,0,1,0.171875,0.571878680165786,0.891291054579535,zero,25,5,30,7,0.078125,0.00266004312562806,0.0109603775010144,0,0.0189264557902462,NaN,0.7,0.0250167346970072,0.15625,0.00734247810694069,0.0194662264495777,0.0200305509342071,0.0189019019649483,0.233333333333333,400,372,1144,1144,661,483,525,73,100,73,24770,0,438,438,438,430,384,384,384,384,384,0,30
LIRCMOP6_BC,1,ref_tau,255,348,1,0.58,348,0,0.000922438965362986,0.00234976682934966,348,30,3,0.0182170339737214,9.19540229885057,0.400655921037157,0.670843117079579,-0,1,0.103448275862069,0.632785138259351,0.973570108776177,zero,25,5,30,10,0.0862068965517241,0.0135072060533197,0.0328667969161427,0,0.0376924980130039,NaN,0.566666666666667,0.0104453656852408,0.137931034482759,0.0136133932830669,0.0376924980130039,0.0376924980130039,0.0376924980130039,0.333333333333333,400,384,1168,1168,666,502,534,70,100,70,29182,0,415,415,415,403,348,348,348,348,348,0,30
LIRCMOP6_BC,1,ref_tau,256,366,1,0.61,366,0,0.000854249381343719,0.00244316027019857,366,30,3,0.0191592943516725,8.7431693989071,0.404757188305855,0.591873685013469,0,1,0.0983606557377049,0.57548583720677,0.918660100577108,zero,28,2,30,17,0.0819672131147541,0.00160097055702873,0.0155035314461658,0,0.0169143127069315,NaN,0.7,0.0206864499600006,0.327868852459016,0.00446438222699583,0.0169216032248491,0.0172210917441964,0.00982638345585678,0.566666666666667,400,348,1096,1096,635,461,491,69,100,69,20643,8,414,414,414,412,366,366,366,366,366,0,30
LIRCMOP6_BC,1,ref_tau,257,372,1,0.62,372,0,0.000765992611843481,0.00245361331126887,372,30,3,0.0194733811443229,8.60215053763441,0.412251023400883,0.595753880075303,-0,1,0.129032258064516,0.600786863890578,2.58473178187786,zero,25,5,30,16,0.0806451612903226,0.0180235116354049,0.0827491403175578,0,0.0929597845089987,NaN,0.566666666666667,0.0338937778253014,0.258064516129032,0.0261610361909448,0.0933061264636193,0.0868425744540927,0.132632300337431,0.533333333333333,400,366,1132,1132,648,484,524,72,100,72,24600,0,432,432,432,420,372,372,372,372,372,0,30
LIRCMOP6_BC,1,ref_tau,258,336,1,0.56,336,0,0.000879872576776721,0.00228393997882791,336,30,3,0.0175888603884207,9.52380952380952,0.39788237565203,0.595753880075303,0,1,0.125,0.565697707580922,1.56207419185957,zero,28,2,30,5,0.0892857142857143,0.00552103216678349,0.0149671533050911,0,0.0222255882162435,NaN,0.533333333333333,0.00857663750673388,0.0892857142857143,0.0103958942357049,0.0225059158461964,0.0225219443278957,0.0191441481133633,0.166666666666667,400,372,1144,1144,672,472,531,67,100,67,25962,2,402,402,402,400,336,336,336,336,336,0,30
LIRCMOP6_BC,1,ref_tau,259,342,1,0.57,342,0,0.00094304219550633,0.00239676348486514,342,30,3,0.017902947181071,9.35672514619883,0.404757188305855,0.595753880075303,0,1,0.157894736842105,0.564967001942365,1.19358146702758,zero,26,4,30,2,0.087719298245614,0.00480357206310101,0.00997104891642489,0,0.0258669578407978,NaN,0.4,-0.0250923779266502,0.0701754385964912,0.0126440529582365,0.0266904568014801,0.025151440082193,0.0278837380884857,0.0666666666666667,400,336,1072,1072,632,440,491,69,100,69,22855,8,414,414,414,412,342,342,342,342,342,0,30
LIRCMOP6_BC,1,ref_tau,260,342,1,0.57,342,0,0.000741525157661683,0.00212998995316917,342,30,3,0.017902947181071,9.35672514619883,0.400806793119985,0.670843117079579,0,1,0.157894736842105,0.534417668228112,0.617499259218749,zero,29,1,30,9,0.087719298245614,0.00322832507852013,0.00734575722150191,0,0.0115312149459554,NaN,0.7,0.0211323223151688,0.298245614035088,0.00466524552609171,0.0121332670934949,0.0123151546694459,0.00453180303555276,0.3,400,342,1084,1084,637,447,487,67,100,67,20885,0,402,402,402,392,342,342,342,342,342,0,30
LIRCMOP6_BC,1,ref_tau,261,342,1,0.57,342,0,0.000920891965134537,0.00240018617939964,342,30,3,0.017902947181071,9.35672514619883,0.404757188305855,0.670843117079579,0,1,0.140350877192982,0.67350449721039,1.08716232006017,zero,26,4,30,6,0.087719298245614,0.01524467449552,0.0168196544764821,0,0.0175014825584002,NaN,0.6,0.0396346510077472,0.192982456140351,0.01575498741989,0.0177459749648895,0.0175334483100325,0.0179284590050242,0.2,400,342,1084,1084,642,442,503,69,95,64,23145,0,380,380,380,380,342,342,342,342,342,0,30
LIRCMOP6_BC,1,ref_tau,262,336,1,0.56,336,0,0.000692066107512271,0.00195809371449568,336,30,3,0.0175888603884207,9.52380952380952,0.412251023400883,0.636558591312783,0,1,0.178571428571429,0.586738022982456,0.805231335518206,zero,28,2,30,5,0.0892857142857143,0.00536734952320326,0.0142883534918602,0,0.0203113314707735,NaN,0.666666666666667,0.0123069472839509,0.107142857142857,0.00729123101814175,0.0209521935600923,0.0202444067839474,0.0209521935600923,0.166666666666667,400,342,1084,1084,639,445,502,67,100,67,21643,0,402,402,402,388,336,336,336,336,336,0,30
LIRCMOP6_BC,1,ref_tau,263,348,1,0.58,348,0,0.000717624303299828,0.0017877398254983,348,30,3,0.0182170339737214,9.19540229885057,0.40278199071292,0.636558591312783,0,1,0.206896551724138,0.731299010069323,1.03418214748536,zero,27,3,30,6,0.0862068965517241,0.00251049511055999,0.00768096732082639,0,0.0206028562675155,NaN,0.6,0.00453948647375327,0.103448275862069,0.00697207227431909,0.0211779996181255,0.0193477177852222,0.0212930309784228,0.2,400,336,1072,1072,630,442,495,69,100,69,20753,0,414,414,414,405,348,348,348,348,348,0,30
LIRCMOP6_BC,1,ref_tau,264,342,1,0.57,342,0,0.000659000313124643,0.00198624238489695,342,30,3,0.017902947181071,9.35672514619883,0.404757188305855,0.595753880075303,-0,1,0.210526315789474,0.604257303751752,1.99581107524925,zero,29,1,30,17,0.087719298245614,0.00536393683360155,0.0518775965463277,0,0.0602732569011612,NaN,0.733333333333333,0.0497920399411328,0.333333333333333,0.00799129367379253,0.0606689683137271,0.0525756356201026,0.0627559768933515,0.566666666666667,400,348,1096,1096,650,446,505,67,100,67,21597,0,402,402,402,379,342,342,342,342,342,0,30
LIRCMOP6_BC,1,ref_tau,265,330,1,0.55,330,0,0.000861744656826681,0.00300819882880622,330,30,3,0.0172747735957703,9.6969696969697,0.398428541887054,0.591873685013469,0.0115404169144742,1,0.254545454545455,0.607290291187737,1.08472930022428,zero,27,3,30,6,0.0909090909090909,0.00582727532836322,0.0108898364689093,0,0.0124960257149636,NaN,0.6,0.0195842041481333,0.2,0.00741324181778897,0.0129904494404063,0.013050284458496,0.012548277157041,0.2,400,342,1084,1084,648,436,488,67,94,61,22078,0,364,364,364,358,330,330,330,330,330,0,30
LIRCMOP6_BC,1,ref_tau,266,366,1,0.61,366,0,0.000741766221958087,0.00218762522049273,366,30,3,0.0191592943516725,8.7431693989071,0.400806793119985,0.595753880075303,-0,1,0.213114754098361,0.543818798837576,1.20471814914487,zero,24,6,30,4,0.0819672131147541,0.00784000670431586,0.0172717131505021,0,0.020363266252721,NaN,0.666666666666667,0.0116767579389774,0.0655737704918033,0.0104361512672883,0.0207503081071406,0.020083579064072,0.0207902455956654,0.133333333333333,400,330,1060,1060,615,445,479,71,95,66,19838,0,396,396,396,396,366,366,366,366,366,0,30
LIRCMOP6_BC,1,ref_tau,267,354,1,0.59,354,0,0.000739365536594454,0.00232278398440672,354,30,3,0.0185311207663718,9.03954802259887,0.398428541887054,0.591873685013469,0,1,0.23728813559322,0.887916335420496,5.13109940874836,zero,28,2,30,19,0.0847457627118644,0.00268826123216436,0.0427811645726347,0,0.0459891527988994,NaN,0.6,0.0225309403231685,0.440677966101695,0.00518749616883579,0.0462156592419014,0.0515252581782564,0.006322329059951,0.633333333333333,400,366,1132,1132,663,469,522,69,100,69,23083,2,414,414,414,413,354,354,354,354,354,0,30
LIRCMOP6_BC,1,ref_tau,268,354,1,0.59,354,0,0.000737054218398011,0.00259792646766188,354,30,3,0.0185311207663718,9.03954802259887,0.398428541887054,0.595753880075303,0.125852050240681,1,0.254237288135593,0.724887022726909,2.73748054450929,zero,27,3,30,12,0.0847457627118644,0.00743160520761969,0.0340133409320208,0,0.0414032680672043,NaN,0.633333333333333,0.0135457156610849,0.203389830508475,0.0108852760671926,0.0418627315622267,0.0393991067435476,0.0438220227578502,0.4,400,354,1108,1108,641,467,511,68,100,68,22337,0,408,408,408,404,354,354,354,354,354,0,30
LIRCMOP6_BC,1,ref_tau,269,348,1,0.58,348,0,0.000755218650735572,0.00244969125135726,348,30,3,0.0182170339737214,9.19540229885057,0.40278199071292,0.635892984943339,0,1,0.241379310344828,0.662202752884429,1.42479692403904,zero,29,1,30,4,0.0862068965517241,0.00357415068301111,0.0163454854492496,0,0.0207798302760249,NaN,0.533333333333333,0.00205189094189726,0.137931034482759,0.0107725483842844,0.0214612978211555,0.0216267468512739,0.0116574241857179,0.133333333333333,400,354,1108,1108,646,462,488,68,100,68,20417,0,408,408,408,400,348,348,348,348,348,0,30
LIRCMOP6_BC,1,ref_tau,270,360,1,0.6,360,0,0.00082729214645845,0.00298057665204191,360,30,3,0.0188452075590221,8.88888888888889,0.399617667503519,0.606057832525971,0,1,0.233333333333333,0.578107434178332,0.717496772747485,zero,26,4,30,4,0.0833333333333333,0.00481647376452561,0.00946633946366624,0,0.015732786185754,NaN,0.6,0.0092286764446002,0.116666666666667,0.00768302891098799,0.0163083588163138,0.0155672601260256,0.0168495097290339,0.133333333333333,400,348,1096,1096,638,458,495,69,100,69,21592,0,414,414,414,414,360,360,360,360,360,0,30
LIRCMOP6_BC,1,ref_tau,271,342,1,0.57,342,0,0.000707440710934206,0.00263776222561281,342,30,3,0.017902947181071,9.35672514619883,0.404757188305855,0.595753880075303,-0,1,0.228070175438596,0.607451543956769,1.07821419209945,zero,29,1,30,7,0.087719298245614,0.00309754143312571,0.00665644926182542,0,0.0111161025273503,NaN,0.566666666666667,0.0107459734614972,0.228070175438596,0.00638113756351567,0.0117040692203779,0.0112928170726173,0.0117040692203779,0.233333333333333,400,360,1120,1120,652,468,509,68,100,68,22533,0,408,408,408,400,342,342,342,342,342,0,30
LIRCMOP6_BC,1,ref_tau,272,354,1,0.59,354,0,0.000720082056479476,0.00220770425442757,354,30,3,0.0185311207663718,9.03954802259887,0.404757188305855,0.595753880075303,-0,1,0.203389830508475,0.639773891777839,1.59309478426153,zero,26,4,30,7,0.0847457627118644,0.00962826291712473,0.0278056248339669,0,0.0347183409226212,NaN,0.6,0.00515846277800966,0.152542372881356,0.0128870394685336,0.0351828115933536,0.0326773359596313,0.0367991561978985,0.233333333333333,400,342,1084,1084,640,444,493,70,100,70,20885,0,420,420,420,414,354,354,354,354,354,0,30
LIRCMOP6_BC,1,ref_tau,273,342,1,0.57,342,0,0.000711994534698961,0.00225458236323062,342,30,3,0.017902947181071,9.35672514619883,0.406585120758661,0.591873685013469,-0,1,0.210526315789474,0.618278211694714,1.04463435071376,zero,30,0,30,14,0.087719298245614,0.00141964912459743,0.0318420267686243,0,0.0407107744092868,NaN,0.6,0.0318777942799696,0.350877192982456,0.00413764034410129,0.0412911332257742,0.0412911332257742,NaN,0.466666666666667,400,354,1108,1108,650,458,498,68,100,68,20864,0,408,408,408,402,342,342,342,342,342,0,30
LIRCMOP6_BC,1,ref_tau,274,354,1,0.59,354,0,0.000841926199640894,0.00321891165848659,354,30,3,0.0185311207663718,9.03954802259887,0.409476290158727,0.635892984943339,0,1,0.23728813559322,0.603166446773539,0.906909238755371,zero,27,3,30,7,0.0847457627118644,0.00367253670752034,0.00651656538577686,0,0.013900206475943,NaN,0.466666666666667,-0.00100457610238583,0.186440677966102,0.00562090363968298,0.0141385832724228,0.0146346731662868,0.00613564876789409,0.233333333333333,400,342,1084,1084,639,445,494,69,100,69,20463,0,414,414,414,406,354,354,354,354,354,0,30
LIRCMOP6_BC,1,ref_tau,275,342,1,0.57,342,0,0.000756712430116061,0.0031084549654014,342,30,3,0.017902947181071,9.35672514619883,0.404757188305855,0.635892984943339,0,1,0.245614035087719,0.592607049719107,0.802804116936695,zero,29,1,30,7,0.087719298245614,0.00398611493393917,0.00878383899498424,0,0.0120574194176969,NaN,0.566666666666667,0.0192155265124601,0.175438596491228,0.0050180019154382,0.0120708834642757,0.0122029234046823,0.00344757751295423,0.233333333333333,400,354,1108,1108,636,472,499,67,100,67,22304,0,402,402,402,397,342,342,342,342,342,0,30
LIRCMOP6_BC,1,ref_tau,276,354,1,0.59,354,0,0.000839691974472654,0.00205834420061701,354,30,3,0.0185311207663718,9.03954802259887,0.409476290158727,0.635892984943339,-0,1,0.203389830508475,0.619674009229372,0.895895269656041,zero,26,4,30,13,0.0847457627118644,0.00447162102849011,0.0191002297565068,0,0.0192154496074286,NaN,0.6,0.0352856589403416,0.338983050847458,0.00547278487914407,0.0192965865228202,0.017193860852943,0.0233932520121235,0.433333333333333,400,342,1084,1084,653,431,489,70,100,70,19236,0,420,420,420,415,354,354,354,354,354,0,30
LIRCMOP6_BC,1,ref_tau,277,360,1,0.6,360,0,0.000728588499730905,0.00200154729552656,360,30,3,0.0188452075590221,8.88888888888889,0.408030705458694,0.613883334978404,-0,1,0.233333333333333,0.634961903744059,1.09448988958414,zero,27,3,30,7,0.0833333333333333,0.00360501900511804,0.00754910967155528,0,0.0130073391549839,NaN,0.6,0.0118633202380337,0.166666666666667,0.00748552122635892,0.0130073391549839,0.0130565273044651,0.00799470284383483,0.233333333333333,400,354,1108,1108,656,452,508,69,100,69,20445,2,414,414,414,408,360,360,360,360,360,0,30
LIRCMOP6_BC,1,ref_tau,278,354,1,0.59,354,0,0.000638371186347838,0.00189836389517885,354,30,3,0.0185311207663718,9.03954802259887,0.409476290158727,0.591873685013469,0,1,0.23728813559322,0.699489160151606,1.50772557508445,zero,28,2,30,4,0.0847457627118644,0.00538178610871258,0.0197221815979778,0,0.0373388263418936,NaN,0.566666666666667,0.0232249420243887,0.135593220338983,0.0149940346981714,0.0379180624713788,0.0376706048106091,0.0378350739437942,0.133333333333333,400,360,1120,1120,669,451,505,72,100,72,20711,2,432,432,432,418,354,354,354,354,354,0,30
LIRCMOP6_BC,1,ref_tau,279,318,1,0.53,318,0,0.000872969239466326,0.0022611310667227,318,30,3,0.0166466000104696,10.062893081761,0.410889861045894,0.635892984943339,0,1,0.245283018867925,0.672009122016916,1.46960189931486,zero,29,1,30,10,0.0943396226415094,0.0103226164795765,0.0286023128464292,0,0.0293592634764197,NaN,0.5,0.0226186270725654,0.188679245283019,0.012727077337995,0.0296760283456448,0.0287819339030068,0.0296760283456448,0.333333333333333,400,354,1108,1108,649,459,506,67,95,62,23668,0,366,366,366,366,318,318,318,318,318,0,30
LIRCMOP6_BC,1,ref_tau,280,325,1,0.55,325,0,0.000884515454779972,0.00322528981225543,325,30,3,0.017013034601895,9.84615384615385,0.410889861045894,0.635892984943339,0.0498733343878628,1,0.258461538461538,0.820368465102437,1.19696006591271,zero,30,0,30,5,0.0923076923076923,0.00318743729252988,0.0114082972337474,0,0.0200822301516861,NaN,0.5,-0.00127292323662725,0.0909090909090909,0.00923911872082648,0.0235319480842305,0.0235319480842305,NaN,0.166666666666667,400,318,1036,1036,619,417,465,67,94,61,19472,0,356,356,356,356,325,325,325,325,325,0,30
LIRCMOP6_BC,1,ref_tau,281,308,1,0.52,308,0,0.000848639748689804,0.00306988289925662,308,30,3,0.0161231220227189,10.3896103896104,0.409476290158727,0.635892984943339,-0,1,0.194805194805195,0.883559643378974,1.99512588634116,zero,30,0,30,4,0.0974025974025974,0.0053867099277758,0.0171445984994606,0,0.0289073816032972,NaN,0.533333333333333,0.00743304266474434,0.115384615384615,0.0112073855164635,0.0307433014747125,0.0307433014747125,NaN,0.133333333333333,400,325,1050,1050,620,430,472,66,93,59,19871,0,349,349,349,343,308,308,308,308,308,0,30
LIRCMOP6_BC,1,ref_tau,282,318,1,0.53,318,0,0.000773941534323995,0.00283776085842799,318,30,3,0.0166466000104696,10.062893081761,0.404757188305855,0.635892984943339,0,1,0.169811320754717,0.948222055031122,2.64565056490371,zero,30,0,30,8,0.0943396226415094,0.0057689267095257,0.011728115109803,0,0.01668348537349,NaN,0.366666666666667,-0.0269501031525813,0.150943396226415,0.00765471068341088,0.0184769807012188,0.0184769807012188,NaN,0.266666666666667,400,308,1016,1016,607,409,472,63,95,58,17277,0,348,348,348,348,318,318,318,318,318,0,30
LIRCMOP6_BC,1,ref_tau,283,306,1,0.51,306,0,0.000685561260181174,0.0024751007052407,306,30,3,0.0160184264251688,10.4575163398693,0.410889861045894,0.646810814267845,-0,1,0.137254901960784,0.611696854043651,1.36001150895911,zero,30,0,30,5,0.0980392156862745,0.00516130379295706,0.0142106862991499,0,0.0192448798301489,NaN,0.466666666666667,-0.0106546294082634,0.176470588235294,0.00864843690616238,0.0195419569357939,0.0195419569357939,NaN,0.166666666666667,400,318,1036,1036,615,421,474,60,100,60,17693,0,360,360,360,342,306,306,306,306,306,0,30
LIRCMOP6_BC,1,ref_tau,284,318,1,0.53,318,0,0.000825296847463144,0.00239583918145802,318,30,3,0.0166466000104696,10.062893081761,0.409476290158727,0.646810814267845,0,1,0.169811320754717,0.634764626922326,1.92111032543519,zero,30,0,30,12,0.0943396226415094,0.0050439418287803,0.0217291312922878,0,0.0332847621111794,NaN,0.566666666666667,0.0150343114932217,0.283018867924528,0.00681343835127983,0.0341235153035045,0.0341235153035045,NaN,0.4,400,306,1012,1012,611,401,457,65,95,60,17084,0,353,353,353,353,318,318,318,318,318,0,30
LIRCMOP6_BC,1,ref_tau,285,330,1,0.55,330,0,0.000853239712404228,0.00279102288370447,330,30,3,0.0172747735957703,9.6969696969697,0.409476290158727,0.646810814267845,0,1,0.181818181818182,0.588229753159764,0.796697299520614,zero,29,1,30,10,0.0909090909090909,0.0026886079237231,0.01025348431376,0,0.0137785045873162,NaN,0.666666666666667,0.0458836867244407,0.290909090909091,0.00744762108210548,0.0146086952053718,0.0147349711420188,0.00281106641149961,0.333333333333333,400,318,1036,1036,602,434,465,66,94,60,19860,0,350,350,350,349,330,330,330,330,330,0,30
LIRCMOP6_BC,1,ref_tau,286,330,1,0.55,330,0,0.000849656849979149,0.00235941282368733,330,30,3,0.0172747735957703,9.6969696969697,0.410889861045894,0.646810814267845,0,1,0.163636363636364,0.561567299879637,1.30917107404068,zero,27,3,30,15,0.0909090909090909,0.00682548945916316,0.0287373919755681,0,0.0306907592692874,NaN,0.4,-0.00707908206021757,0.272727272727273,0.00984162089567771,0.0311632680979755,0.0314691777234117,0.0291032659589098,0.5,400,330,1060,1060,631,429,486,68,93,61,20818,0,358,358,358,358,330,330,330,330,330,0,30
LIRCMOP6_BC,1,ref_tau,287,336,1,0.56,336,0,0.00077052056642507,0.00277882335220507,336,30,3,0.0175888603884207,9.52380952380952,0.41018307560231,0.646810814267845,0,1,0.214285714285714,0.581482359397722,0.958090663482772,zero,29,1,30,5,0.0892857142857143,0.010624533897847,0.0165817551828286,0,0.018339787583265,NaN,0.5,0.00413984945397611,0.160714285714286,0.0161532617980102,0.0186121017999078,0.0186522910420546,0.017601947778677,0.166666666666667,400,330,1060,1060,628,432,472,68,95,63,19521,0,365,365,365,365,336,336,336,336,336,0,30
LIRCMOP6_BC,1,ref_tau,288,336,1,0.56,336,0,0.000760006870084778,0.00209948047521664,336,30,3,0.0175888603884207,9.52380952380952,0.421240789904114,0.646810814267845,0,1,0.214285714285714,0.673054283910977,1.30177459357507,zero,28,2,30,10,0.0892857142857143,0.00681550947604355,0.0208982111161683,0,0.0322262385653119,NaN,0.433333333333333,-0.0132089784927103,0.232142857142857,0.0128519927657508,0.0324584420960586,0.0327124855547122,0.0253502667438319,0.333333333333333,400,336,1072,1072,649,423,502,69,95,64,19582,0,372,372,372,372,336,336,336,336,336,0,30
LIRCMOP6_BC,1,ref_tau,289,324,1,0.54,324,0,0.000805592328129449,0.00225109567205323,324,30,3,0.0169606868031199,9.87654320987654,0.421240789904114,0.635892984943339,0,0.982641185637079,0.203703703703704,0.653527115287536,0.546670861031753,zero,27,3,30,15,0.0925925925925926,0.00232597679001965,0.00707439936169101,0,0.0101446580440967,NaN,0.533333333333333,0.00150429310247635,0.333333333333333,0.00538581936915628,0.0104967308819134,0.0109107499086891,0.00785114763336748,0.5,400,336,1072,1072,645,427,486,68,92,61,21201,0,350,350,350,349,324,324,324,324,324,0,30
LIRCMOP6_BC,1,ref_tau,290,318,1,0.53,318,0,0.000768107893625659,0.00220584025392751,318,30,3,0.0166466000104696,10.062893081761,0.410889861045894,0.609045074352398,0,0.982641185637079,0.207547169811321,0.688980690600573,0.902684446171676,zero,28,2,30,7,0.0943396226415094,0.00545938182204107,0.023856190318963,0,0.0240158716704926,NaN,0.4,-0.00980134006411326,0.207547169811321,0.00779868049262034,0.0241477013558968,0.0242846076326245,0.0214433473978562,0.233333333333333,400,324,1048,1048,624,424,473,67,93,60,20329,0,354,354,354,354,318,318,318,318,318,0,30
LIRCMOP6_BC,1,ref_tau,291,348,1,0.58,348,0,0.000747663122638378,0.00202955620672178,348,30,3,0.0182170339737214,9.19540229885057,0.421240789904114,0.711946741901638,0,0.982641185637079,0.206896551724138,0.793426963788802,0.722221987270543,zero,24,6,30,7,0.0862068965517241,0.00620160471334615,0.0157922981695365,0,0.0168603453640401,NaN,0.3,-0.00926090121816145,0.155172413793103,0.00888520476822056,0.0170044992435897,0.0163944485641699,0.0173090780769224,0.233333333333333,400,318,1036,1036,614,422,476,71,93,64,19096,0,378,378,378,378,348,348,348,348,348,0,30
LIRCMOP6_BC,1,ref_tau,292,306,1,0.51,306,0,0.000852408766902663,0.00238834596848396,306,30,3,0.0160184264251688,10.4575163398693,0.410889861045894,0.646810814267845,-0,1,0.215686274509804,0.719949233719695,2.27965816268054,zero,23,7,30,18,0.0980392156862745,0.0272779536344512,0.0587993016881532,0,0.062694628737974,NaN,0.5,-0.001417708551639,0.215686274509804,0.0276665905885786,0.0628217498548922,0.0622607747445606,0.062359761636368,0.6,400,348,1096,1096,647,449,492,67,87,56,28210,0,336,336,336,336,306,306,306,306,306,0,30
LIRCMOP6_BC,1,ref_tau,293,300,1,0.5,300,0,0.000793592004136749,0.00248186728750731,300,30,3,0.0157043396325185,10.6666666666667,0.407116739232291,0.641351899605592,0,1,0.24,0.651151523571941,0.675295104165907,zero,26,4,30,3,0.1,0.0084015182923892,0.00993089418731381,0,0.0103184363371659,NaN,0.5,0.000873489290256477,0.12,0.00906179934757537,0.0104325930429207,0.0101975219432607,0.0106530769007058,0.1,400,306,1012,1012,603,409,449,66,90,56,19903,0,332,332,332,332,300,300,300,300,300,0,30
LIRCMOP6_BC,1,ref_tau,294,294,1,0.49,294,0,0.00109236962438805,0.0027360298121605,294,30,3,0.0153902528398681,10.8843537414966,0.410889861045894,0.711946741901638,0,1,0.244897959183673,0.744298232214382,0.821130723655284,zero,24,6,30,5,0.102040816326531,0.00482740757555011,0.00844800415444972,0,0.0149679319149969,NaN,0.3,-0.0199230035733586,0.183673469387755,0.00604627891381006,0.0153068674412429,0.0146299940089607,0.0155073047150699,0.166666666666667,400,300,1000,1000,597,403,446,67,87,55,22239,4,318,318,318,318,294,294,294,294,294,0,30
LIRCMOP6_BC,1,ref_tau,295,300,1,0.5,300,0,0.000981440799446738,0.00300365862636332,300,30,3,0.0157043396325185,10.6666666666667,0.423776805103024,0.679378778084741,0.0498733343878628,1,0.28,0.670896752969924,0.625492194026513,zero,24,6,30,17,0.1,0.00260941389232913,0.00558717491656625,0,0.00977057845012531,NaN,0.466666666666667,-0.0060457568070682,0.3,0.00648679193215041,0.0101383805178876,0.0107276184106848,0.00950191070782204,0.566666666666667,400,294,988,988,583,405,443,67,89,57,20360,0,335,335,335,335,300,300,300,300,300,0,30
LIRCMOP6_BC,1,ref_tau,296,337,1,0.57,337,0,0.000874670703949907,0.00269016158110811,337,30,3,0.0176412081871957,9.49554896142433,0.443655772906683,0.646810814267845,0.00471924643991348,1,0.249258160237389,0.642140516085591,1.59035502851475,zero,22,8,30,14,0.0890207715133531,0.0186611197853695,0.0379848378264343,0,0.0397533922231675,NaN,0.433333333333333,-0.00588210118615165,0.140350877192982,0.0187441112744306,0.040093368810193,0.0393100698358108,0.0403551827170657,0.466666666666667,400,300,1000,1000,602,398,445,71,92,63,17650,4,368,368,368,368,337,337,337,337,337,0,30
LIRCMOP6_BC,1,ref_tau,297,332,1,0.56,332,0,0.000895997819882433,0.00270416028887918,332,30,3,0.0173794691933204,9.63855421686747,0.404757188305855,0.711946741901638,0,1,0.216867469879518,0.680985286833919,0.799675875135432,zero,22,8,30,11,0.0903614457831325,0.00181576199035885,0.00756512245162725,0,0.012991777374784,NaN,0.433333333333333,-0.0182190718450971,0.214285714285714,0.0040339043197396,0.0139527428819324,0.0144980303876067,0.013399744124539,0.366666666666667,400,337,1074,1074,632,442,481,71,91,64,21840,4,374,374,374,364,332,332,332,332,332,0,30
LIRCMOP6_BC,1,ref_tau,298,324,1,0.54,324,0,0.00101051699018539,0.00333229085762914,324,30,3,0.0169606868031199,9.87654320987654,0.407823524675874,0.711946741901638,0,1,0.240740740740741,0.639344201935961,1.03950480051634,zero,20,10,30,10,0.0925925925925926,0.00361875902236815,0.0232491923667388,0,0.0352818115727705,NaN,0.433333333333333,-0.0228085735906581,0.240740740740741,0.00775944582638596,0.0359069903055694,0.0359069903055694,0.0361632845944553,0.333333333333333,400,332,1064,1064,637,427,487,70,88,60,24402,7,347,347,347,341,324,324,324,324,324,0,30
LIRCMOP6_BC,1,ref_tau,299,300,1,0.5,300,0,0.00102065448548693,0.00360291417854866,300,30,3,0.0157043396325185,10.6666666666667,0.411976407501636,0.725172694536184,0.0188769857596539,0.741686466077528,0.26,0.688164998987154,1.52304879676245,zero,22,8,30,23,0.1,0.0240179693318566,0.0419297501719223,0,0.0513877162484,NaN,0.4,-0.00413688765997824,0.28,0.0294099580848521,0.0516077787213454,0.0514825967433267,0.0546976546241277,0.766666666666667,400,324,1048,1048,617,431,472,68,84,54,24102,12,317,317,317,317,300,300,300,300,300,0,30
LIRCMOP6_BC,1,ref_tau,300,360,1,0.6,360,0,0.00105235464567426,0.00375860499927217,360,30,3,0.0188452075590221,8.88888888888889,0.411976407501636,0.711946741901638,0,1,0.213888888888889,0.725657789845068,0.760120013532202,zero,18,12,30,11,0.0833333333333333,0.00246383800697451,0.00620188333563933,0,0.00725873878046699,NaN,0.533333333333333,0.0135072239616862,0.15,0.00367905742362168,0.00815978952411651,0.00798359575302891,0.00872039329694415,0.366666666666667,400,300,1000,1000,587,413,460,77,89,66,18843,7,385,385,385,383,360,360,360,360,360,0,30
LIRCMOP6_BC,1,ref_tau,301,330,1,0.55,330,0,0.000894884251305684,0.00296382034569142,330,30,3,0.0172747735957703,9.6969696969697,0.404757188305855,0.73839864717073,-0,1,0.163636363636364,0.722434567852744,0.653759753017906,zero,23,7,30,3,0.0909090909090909,0.00325431345267424,0.0128011424310129,0,0.016423066661628,NaN,0.433333333333333,-0.0205081558004776,0.0727272727272727,0.0118408593679066,0.0166687861251533,0.0163937110711934,0.0165022337211421,0.1,400,360,1120,1120,654,466,514,71,90,62,24408,16,362,362,362,358,330,330,330,330,330,0,30
LIRCMOP6_BC,1,ref_tau,302,348,1,0.58,348,0,0.000873522885455013,0.00273450088810516,348,30,3,0.0182170339737214,9.19540229885057,0.411976407501636,0.711946741901638,0,1,0.155172413793103,0.694045509721935,0.754554246545108,zero,20,10,30,11,0.0862068965517241,0.00381602705828475,0.00988033416578597,0,0.0105691656508823,NaN,0.6,0.0166906147806214,0.172413793103448,0.00565277600231773,0.0109062109438636,0.0106500618305054,0.0115846203768339,0.366666666666667,400,330,1060,1060,621,439,467,75,91,67,21391,4,398,398,398,392,348,348,348,348,348,0,30
LIRCMOP6_BC,1,ref_tau,303,330,1,0.55,330,0,0.00095356469265831,0.00295047165227185,330,30,3,0.0172747735957703,9.6969696969697,0.404757188305855,0.646810814267845,0,1,0.2,0.711378632392481,1.57892060206694,zero,19,11,30,6,0.0909090909090909,0.00329562990356601,0.00492358283250313,0,0.014881546302719,NaN,0.733333333333333,0.018521883703476,0.127272727272727,0.0087767806088341,0.0155163083554143,0.0157303897171016,0.0148263862261959,0.2,400,348,1096,1096,652,444,500,73,89,63,25618,12,366,366,366,366,330,330,330,330,330,0,30
LIRCMOP6_BC,1,ref_tau,304,348,1,0.58,348,0,0.000785961007273314,0.00261103532523674,348,30,3,0.0182170339737214,9.19540229885057,0.411976407501636,0.73839864717073,0,1,0.189655172413793,0.798388798978298,2.00517785409827,zero,23,7,30,19,0.0862068965517241,0.0233089057305551,0.0436214008637577,0,0.0540938933668779,NaN,0.533333333333333,0.00455268836276171,0.275862068965517,0.0294408794799033,0.054592167557472,0.0520630009509686,0.060566736749621,0.633333333333333,400,330,1060,1060,622,438,489,73,94,67,19617,10,390,390,390,386,348,348,348,348,348,0,30
LIRCMOP6_BC,1,ref_tau,305,342,1,0.57,342,0,0.000978395196285972,0.00305189756521749,342,30,3,0.017902947181071,9.35672514619883,0.410889861045894,0.711946741901638,-0,1,0.140350877192982,0.71528702455745,1.16169647996111,zero,21,9,30,7,0.087719298245614,0.00906156137244292,0.0191318864903274,0,0.0204103556934855,NaN,0.533333333333333,0.00711188317813155,0.12280701754386,0.0104503154745549,0.020736518519323,0.0203194413055354,0.020973487195792,0.233333333333333,400,348,1096,1096,646,450,497,73,92,65,22374,14,383,383,383,381,342,342,342,342,342,0,30
LIRCMOP6_BC,1,ref_tau,306,312,1,0.52,312,0,0.00104091482686418,0.00375154015382939,312,30,3,0.0163325132178192,10.2564102564103,0.398130947740996,0.646810814267845,-0,1,0.211538461538462,0.681649267114465,0.742796779281456,zero,19,11,30,8,0.0961538461538462,0.00462282996401558,0.00840600211395078,0,0.0143454832616423,NaN,0.633333333333333,0.013474182116689,0.134615384615385,0.00704682982257856,0.0154768804507353,0.0142668702637803,0.0154893885485871,0.266666666666667,400,342,1084,1084,634,450,494,72,87,60,26633,14,350,350,350,350,312,312,312,312,312,0,30
LIRCMOP6_BC,1,ref_tau,307,330,1,0.55,330,0,0.00101548048501165,0.00370053609314358,330,30,3,0.0172747735957703,9.6969696969697,0.397505603472278,0.646810814267845,0,1,0.218181818181818,0.664695386034227,0.880194918939819,zero,17,13,30,0,0.0909090909090909,0.0110419191168605,0.0152627692856823,0,0.0172475838956575,NaN,0.6,0.00411259691562188,0,0.0119398073214697,0.0174994840970321,0.0173383120008553,0.0178439688140445,0,400,312,1024,1024,603,421,453,74,88,64,21886,9,373,373,373,373,330,330,330,330,330,0,30
LIRCMOP6_BC,1,ref_tau,308,318,1,0.53,318,0,0.000945779781603674,0.00284977016163538,318,30,3,0.0166466000104696,10.062893081761,0.397505603472278,0.646810814267845,0,1,0.207547169811321,0.672290094019736,0.949843480827162,zero,19,11,30,15,0.0943396226415094,0.00301521747542061,0.00923301926116016,0,0.0198698289186834,NaN,0.4,-0.00765004791540624,0.207547169811321,0.00787265435841944,0.0203629495433205,0.0207701366591086,0.0206936186222965,0.5,400,330,1060,1060,633,427,448,66,87,57,23211,5,333,333,333,327,318,318,318,318,318,0,30
LIRCMOP6_BC,1,ref_tau,309,342,1,0.57,342,0,0.000896088012558443,0.00291483893414829,342,30,3,0.017902947181071,9.35672514619883,0.398428541887054,0.711946741901638,-0,1,0.175438596491228,0.741455361037025,0.697277985629793,zero,21,9,30,3,0.087719298245614,0.00820968785116213,0.0227456800529736,0,0.0273057220190156,NaN,0.666666666666667,0.0284474138656644,0.0350877192982456,0.00858414844105473,0.0275607735631063,0.0270682742973504,0.0280527711033177,0.1,400,318,1036,1036,627,409,460,70,91,62,19577,2,357,357,357,357,342,342,342,342,342,0,30
LIRCMOP6_BC,1,ref_tau,310,342,1,0.57,342,0,0.000869465267707675,0.0028313388080375,342,30,3,0.017902947181071,9.35672514619883,0.394287142256201,0.646810814267845,0,1,0.192982456140351,2.17837780283373,68.9572962152825,zero,21,9,30,28,0.087719298245614,0.7286600868337,1.4143624686723,0,1.41785244058325,NaN,0.433333333333333,-0.00541282872426407,0.350877192982456,0.729572266652597,1.41795512850163,1.41327725531556,1.42264082515027,0.933333333333333,400,342,1084,1084,650,434,504,71,91,62,22496,2,359,359,359,359,342,342,342,342,342,0,30
LIRCMOP6_BC,1,ref_tau,311,330,1,0.55,330,0,0.000857265306207675,0.00278945624952496,330,30,3,0.0172747735957703,9.6969696969697,0.398428541887054,0.711946741901638,0,1,0.2,1.85007494462003,17.5462404186735,zero,19,11,30,27,0.0909090909090909,0.211099012748132,0.427404900844267,0,0.460601260632874,NaN,0.433333333333333,-0.00177583095610989,0.363636363636364,0.236380751344687,0.460986393828094,0.463428687135045,0.451222648941632,0.9,400,342,1084,1084,642,442,475,72,88,60,24807,2,353,353,353,351,330,330,330,330,330,0,30
LIRCMOP6_BC,1,ref_tau,312,336,1,0.56,336,0,0.000848818467682152,0.00272284815385508,336,30,3,0.0175888603884207,9.52380952380952,0.396357842071627,0.711946741901638,0,1,0.178571428571429,2.34379803142466,31.8445491693453,zero,18,12,30,27,0.0892857142857143,0.426627039941656,0.648265454786851,0,0.666475842962334,NaN,0.5,-0.00166539801995746,0.357142857142857,0.440127746816649,0.666715178405373,0.670230016358236,0.657061756837139,0.9,400,330,1060,1060,623,437,484,74,90,64,23696,2,369,369,369,362,336,336,336,336,336,0,30
LIRCMOP6_BC,1,ref_tau,313,324,1,0.54,324,0,0.000949339065153257,0.00296691958334084,324,30,3,0.0169606868031199,9.87654320987654,0.393371536811642,0.73839864717073,0,1,0.203703703703704,1.47402577207231,6.235052222201,zero,15,15,30,20,0.0925925925925926,0.0396609940094325,0.14498058224074,0,0.173579449191207,NaN,0.5,0.00282003322995084,0.240740740740741,0.0543478955348502,0.174091160394354,0.178273429579816,0.169908891208892,0.666666666666667,400,336,1072,1072,621,451,494,74,84,60,28261,9,337,337,337,331,324,324,324,324,324,0,30
LIRCMOP6_BC,1,ref_tau,314,318,1,0.53,318,0,0.00100636332332039,0.00329834720251966,318,30,3,0.0166466000104696,10.062893081761,0.391526870541071,0.646810814267845,0.0188769857596539,1,0.264150943396226,1.88338950846068,18.7892437517871,zero,17,13,30,20,0.0943396226415094,0.158100989644603,0.42813332021883,0,0.450861375179731,NaN,0.633333333333333,0.0163799237752535,0.264150943396226,0.170875461377151,0.451253088208526,0.454406675424281,0.452140441966185,0.666666666666667,400,324,1048,1048,609,439,476,72,84,58,24148,6,328,328,328,328,318,318,318,318,318,0,30
LIRCMOP6_BC,1,ref_tau,315,330,1,0.55,330,0,0.000862487493381487,0.00285238211603108,330,30,3,0.0172747735957703,9.6969696969697,0.400806793119985,0.711946741901638,0,1,0.236363636363636,2.35884153718473,30.9936459739141,zero,20,10,30,27,0.0909090909090909,0.434435383474764,0.676978599861738,0,0.692157372143651,NaN,0.366666666666667,-0.020953924840224,0.4,0.447492751070656,0.692330265908002,0.692330265908002,0.696520770513987,0.9,400,318,1036,1036,606,430,455,73,89,62,20664,21,350,350,350,350,330,330,330,330,330,0,30
LIRCMOP6_BC,1,ref_tau,316,312,1,0.52,312,0,0.000658573501696583,0.00242231613282884,312,30,3,0.0163325132178192,10.2564102564103,0.399617667503519,0.711946741901638,0,1,0.192307692307692,1.57564709628531,4.67996191148681,zero,12,18,30,19,0.0961538461538462,0.0385176955938202,0.095494671156769,0,0.11564022251031,NaN,0.3,-0.0146466092137331,0.288461538461538,0.0558135303443751,0.116008340099123,0.118563745705633,0.113457855671898,0.633333333333333,400,330,1060,1060,609,451,486,74,78,57,27761,16,331,331,331,331,312,312,312,312,312,0,30
LIRCMOP6_BC,1,ref_tau,317,276,1,0.46,276,0,0.000827199372908848,0.00245994153370434,276,30,3,0.014447992461917,11.5942028985507,0.392907006398636,0.646810814267845,0,1,0.195652173913043,1.47015898430909,6.7089057758711,zero,9,21,30,14,0.108695652173913,0.019399292548913,0.138875249779088,0,0.171526412789629,NaN,0.7,0.0137059432794407,0.304347826086957,0.0216025969701217,0.171970782089349,0.180804190045022,0.158146608516949,0.466666666666667,400,312,1024,1024,593,431,455,69,71,53,31269,0,306,306,306,298,276,276,276,276,276,0,30
LIRCMOP6_BC,1,ref_tau,318,282,1,0.47,282,0,0.000824496323448896,0.00284455796228035,282,30,3,0.0147620792545673,11.3475177304965,0.398428541887054,0.711946741901638,0,1,0.191489361702128,1.48671792247247,3.94678446442638,zero,11,19,30,14,0.106382978723404,0.0149716025750886,0.071455200146978,0,0.0874694268026035,NaN,0.566666666666667,0.00626576420107317,0.276595744680851,0.0253458231926263,0.0878241036856195,0.0904986401190145,0.0851561307185197,0.466666666666667,400,276,952,952,562,390,438,71,71,53,22905,8,314,314,314,308,282,282,282,282,282,0,30
LIRCMOP6_BC,1,ref_tau,319,282,1,0.47,282,0,0.000714222895769471,0.00250627918517221,282,30,3,0.0147620792545673,11.3475177304965,0.398428541887054,0.711946741901638,0,1,0.191489361702128,1.51923453468834,4.67047974579114,zero,11,19,30,18,0.106382978723404,0.0349152342240918,0.0939802550290298,0,0.116414238893283,NaN,0.5,-0.00587251982342382,0.361702127659574,0.0455088442040538,0.116801929583476,0.120758747547539,0.11282754164015,0.6,400,282,964,964,573,391,404,67,75,55,22252,4,322,322,322,322,282,282,282,282,282,0,30
LIRCMOP6_BC,1,ref_tau,320,276,1,0.46,276,0,0.000734380042835771,0.00222049255426003,276,30,3,0.014447992461917,11.5942028985507,0.401592865096454,0.717015582433063,0,1,0.195652173913043,1.5786613218825,7.64373779493324,zero,11,19,30,23,0.108695652173913,0.0514321074807071,0.132721068562181,0,0.162627511443494,NaN,0.333333333333333,-0.0138637348942348,0.5,0.0602399844630263,0.163051713893457,0.164445268549099,0.161387102803303,0.766666666666667,400,282,964,964,556,408,432,67,74,54,25610,6,317,317,317,317,276,276,276,276,276,0,30
LIRCMOP6_BC,1,ref_tau,321,324,1,0.54,324,0,0.000698778768416355,0.00265590530869722,324,30,3,0.0169606868031199,9.87654320987654,0.408127865181896,0.717015582433063,0,1,0.222222222222222,1.65007971816791,5.73040282454663,zero,9,21,30,18,0.0925925925925926,0.0290189852860308,0.107500177007926,0,0.144529277553877,NaN,0.366666666666667,-0.00579011565821064,0.425925925925926,0.0454522401598888,0.145017145666044,0.152022473099369,0.138134091573898,0.6,400,276,952,952,557,395,422,75,79,62,20014,18,362,362,362,362,324,324,324,324,324,0,30
LIRCMOP6_BC,1,ref_tau,322,306,1,0.51,306,0,0.000830505602741659,0.00280259493445492,306,30,3,0.0160184264251688,10.4575163398693,0.408127865181896,0.73839864717073,0,1,0.23202614379085,1.58696173548929,16.1193088722343,zero,7,23,30,20,0.0980392156862745,0.0348848817055657,0.298309433580239,0,0.298684842523077,NaN,0.5,0.0061742338551154,0.450980392156863,0.035600965412629,0.298828613607079,0.32621471539209,0.258313160437603,0.666666666666667,400,324,1048,1048,619,429,475,73,73,58,29675,5,333,333,333,333,306,306,306,306,306,0,30
LIRCMOP6_BC,1,ref_tau,323,288,1,0.48,288,0,0.000705736687737519,0.00213842572441594,288,30,3,0.0150761660472177,11.1111111111111,0.408910071131616,0.717015582433063,0,1,0.1875,1.82418581940834,13.8931683630667,zero,10,20,30,16,0.104166666666667,0.0237742270284571,0.269450989481043,0,0.28417513925077,NaN,0.633333333333333,0.0177348740302261,0.3125,0.0245206976441572,0.284498444909894,0.284563507154531,0.275631193486825,0.533333333333333,400,306,1012,1012,591,421,443,75,72,55,24398,0,321,321,321,321,288,288,288,288,288,0,30
LIRCMOP6_BC,1,ref_tau,324,282,1,0.47,282,0,0.000765700427946379,0.00262018319666903,282,30,3,0.0147620792545673,11.3475177304965,0.413062953957378,0.711946741901638,0,1,0.191489361702128,1.84549051991157,13.6614319350487,zero,9,21,30,19,0.106382978723404,0.0711980866584588,0.22731139761042,0,0.24016827662519,NaN,0.533333333333333,0.00924286054605852,0.404255319148936,0.0736444506832356,0.240510346106758,0.228510444225267,0.238321924305034,0.633333333333333,400,288,976,976,580,396,446,72,73,54,24263,2,317,317,317,317,282,282,282,282,282,0,30
LIRCMOP6_BC,1,ref_tau,325,294,1,0.49,294,0,0.00064771683598737,0.00212846543653673,294,30,3,0.0153902528398681,10.8843537414966,0.434490656248671,0.717015582433063,0,1,0.142857142857143,1.71912290372263,12.7059826264992,zero,10,20,30,21,0.102040816326531,0.090741292170038,0.220406828229078,0,0.241250494346527,NaN,0.633333333333333,0.0154371431410522,0.408163265306122,0.104820086394307,0.241465416642099,0.248348159518441,0.241465416642099,0.7,400,282,964,964,585,379,434,74,76,57,20928,6,334,334,334,334,294,294,294,294,294,0,30
LIRCMOP6_BC,1,ref_tau,326,264,1,0.44,264,0,0.000713426275656571,0.00187151579402891,264,30,3,0.0138198188766162,12.1212121212121,0.423776805103024,0.717015582433063,0,1,0.181818181818182,1.5710919830922,11.5384816135881,zero,11,19,30,24,0.113636363636364,0.0949401646783861,0.207232497285714,0,0.211705065685491,NaN,0.4,-0.00463521177312465,0.522727272727273,0.101082206704788,0.21206755830046,0.301020155876783,0.206090519449743,0.8,400,294,988,988,582,406,444,71,72,53,26138,10,310,310,310,310,264,264,264,264,264,0,30
LIRCMOP6_BC,1,ref_tau,327,276,1,0.46,276,0,0.000782761402986914,0.002220566197755,276,30,3,0.014447992461917,11.5942028985507,0.415750263238304,0.717015582433063,-0,1,0.173913043478261,1.76205789072558,12.6054328357153,zero,10,20,30,19,0.108695652173913,0.0568688994675589,0.222783019660149,0,0.223670069187036,NaN,0.433333333333333,-0.0165678955181041,0.434782608695652,0.0583492732380852,0.223715391860131,0.229470645895189,0.215164701512608,0.633333333333333,400,264,928,928,555,373,412,75,72,56,22001,10,326,326,326,318,276,276,276,276,276,0,30
LIRCMOP6_BC,1,ref_tau,328,282,1,0.47,282,0,0.000763115827157406,0.00221765319930402,282,30,3,0.0147620792545673,11.3475177304965,0.41843757251923,0.717015582433063,0,1,0.191489361702128,1.79751718543444,18.3630820916757,zero,12,18,30,22,0.106382978723404,0.200389703135732,0.294893880073412,0,0.295023395384061,NaN,0.533333333333333,0.0283069797423439,0.404255319148936,0.202573425578697,0.295037801317161,0.297353953267483,0.292676482329101,0.733333333333333,400,276,952,952,580,372,434,72,74,55,20822,4,326,326,326,326,282,282,282,282,282,0,30
LIRCMOP6_BC,1,ref_tau,329,247,1,0.42,247,0,0.000711678161624522,0.0022706541304896,247,30,3,0.0129299062974402,12.9554655870445,0.435051926899329,0.698929546604944,0,1,0.194331983805668,0.759790574616527,3.70250496082073,zero,9,21,30,17,0.121457489878543,0.0186726923244238,0.0670527841586578,0,0.0706177822733688,NaN,0.433333333333333,-0.0105039745633299,0.5,0.0191515459675549,0.0712927465234786,0.0867463234426626,0.0701104176774016,0.566666666666667,400,282,964,964,572,392,423,67,67,48,26242,4,278,278,278,278,247,247,247,247,247,0,30
LIRCMOP6_BC,1,ref_tau,330,236,1,0.4,236,0,0.000716533151599139,0.0023938696386347,236,30,3,0.0123540805109145,13.5593220338983,0.435051926899329,0.698325934080626,0,1,0.177966101694915,0.738698968943857,2.0592202105374,zero,11,19,30,7,0.127118644067797,0.0134415817715076,0.0289124905681817,0,0.0289124905681817,NaN,0.733333333333333,0.0293770782882817,0.175,0.0146334571223195,0.0290138643792195,0.064659914429636,0.0279449645767596,0.233333333333333,400,247,894,894,535,359,401,64,67,45,21750,2,266,266,266,266,236,236,236,236,236,0,30
LIRCMOP6_BC,1,ref_tau,331,264,1,0.44,264,0,0.000765053805167343,0.00219178325079127,264,30,3,0.0138198188766162,12.1212121212121,0.447399832359664,0.717015582433063,0,1,0.181818181818182,0.701131103292814,1.63127171654073,zero,9,21,30,4,0.113636363636364,0.00829830514844763,0.0210283236575923,0,0.0285460694568429,NaN,0.7,0.0495036961205835,0.136363636363636,0.011510449639304,0.0289327134694823,0.0371145250494831,0.0259130514495239,0.133333333333333,400,236,872,872,522,350,396,70,70,51,19476,4,292,292,292,292,264,264,264,264,264,0,30
LIRCMOP6_BC,1,ref_tau,332,276,1,0.46,276,0,0.000613371227999945,0.00278713516510575,276,30,3,0.014447992461917,11.5942028985507,0.462465881558089,0.711946741901638,0,1,0.152173913043478,0.709305011525059,1.27482316783357,zero,14,16,30,9,0.108695652173913,0.00488709323037767,0.0175282736329283,0,0.0192325982378158,NaN,0.733333333333333,0.0283712478068279,0.217391304347826,0.00660520851399047,0.0195780436272359,0.0250043122248186,0.0146648120527433,0.3,400,264,928,928,567,361,386,71,76,57,17219,0,337,337,337,337,276,276,276,276,276,0,30
LIRCMOP6_BC,1,ref_tau,333,246,1,0.41,246,0,0.000647261652086776,0.00141237976147957,246,30,3,0.0128775584986651,13.0081300813008,0.413062953957378,0.646810814267845,0,1,0.121951219512195,0.662926369793033,0.804815127354926,zero,13,17,30,3,0.121951219512195,0.00349405589898892,0.0051469480323145,0,0.0110798617369981,NaN,0.7,0.015339062173557,0.0975609756097561,0.009293650475395,0.0121066757383233,0.0121604911358698,0.0118488968647762,0.1,400,276,952,952,572,380,416,67,72,52,23149,6,308,308,308,302,246,246,246,246,246,0,30
LIRCMOP6_BC,1,ref_tau,334,262,1,0.46,262,0,0.000782011543674762,0.00300077199610803,262,30,3,0.0137151232790661,12.2137404580153,0.45974773782,0.711946741901638,0,1,0.114503816793893,0.74113596945961,3.06631675519432,zero,26,4,30,19,0.114503816793893,0.0822137422410835,0.262115240317031,0,0.294352851101523,NaN,0.566666666666667,0.0053453167295983,0.108695652173913,0.0994678108985299,0.294543570008054,0.301055542781765,0.236250337484166,0.633333333333333,400,246,892,892,543,349,401,67,75,52,18241,12,303,303,303,303,262,262,262,262,262,0,30
LIRCMOP6_BC,1,ref_tau,335,283,1,0.48,283,0,0.000806461805202765,0.00253273110608383,283,30,3,0.0148144270533424,11.3074204946996,0.413062953957378,0.646810814267845,0,1,0.127208480565371,0.79143517216367,7.58988066693641,zero,23,7,30,20,0.106007067137809,0.13063014388715,0.249551698287848,0,0.287930881364291,NaN,1,0.0211792712430728,0.166666666666667,0.156079325945597,0.287967912273985,0.288997408675824,0.215218193931162,0.666666666666667,400,262,924,924,547,377,417,71,73,54,21185,5,316,316,316,316,283,283,283,283,283,0,30
LIRCMOP6_BC,1,ref_tau,336,292,1,0.5,292,0,0.000845191023757721,0.00314034678507303,292,30,3,0.015285557242318,10.958904109589,0.452669236548712,0.711946741901638,0,1,0.123287671232877,0.764519970023251,0.998149549581154,zero,23,7,30,2,0.102739726027397,0.00576085688558893,0.0158683073767092,0,0.0421844487401287,NaN,0.5,0.00216889729033196,0.04,0.0140540622352675,0.0498171985458543,0.0530777334951841,0.031353198841586,0.0666666666666667,400,283,966,966,577,389,426,70,78,57,20794,2,340,340,340,336,292,292,292,292,292,0,30
LIRCMOP6_BC,1,ref_tau,337,297,1,0.51,297,0,0.000770211938831155,0.00352156223345421,297,30,3,0.0155472962361933,10.7744107744108,0.435051926899329,0.706914910476338,0,1,0.158249158249158,0.773387204888232,0.753628003935108,zero,24,6,30,2,0.101010101010101,0.00637988206236375,0.0119793666015176,0,0.0158420026084454,NaN,0.266666666666667,-0.0124028330526887,0.0392156862745098,0.010522259268623,0.0207176989748526,0.0214571849928446,0.0159714376090337,0.0666666666666667,400,292,984,984,571,413,451,70,79,57,22227,6,340,340,340,340,297,297,297,297,297,0,30
LIRCMOP6_BC,1,ref_tau,338,304,1,0.51,304,0,0.000957925226155104,0.00377716562397408,304,30,3,0.0159137308276187,10.5263157894737,0.45974773782,0.699528592683475,-0,1,0.138157894736842,0.798542999927844,0.798860382069806,zero,24,6,30,9,0.0986842105263158,0.0109992125806028,0.0285203828763115,0,0.031930487263509,NaN,0.633333333333333,0.0163582021913092,0.0784313725490196,0.0159266818524951,0.0322575508030903,0.0334222054289264,0.0250770168614153,0.3,400,297,994,994,575,419,442,69,79,58,22637,2,346,346,346,340,304,304,304,304,304,0,30
LIRCMOP6_BC,1,ref_tau,339,354,1,0.59,354,0,0.000874930562651529,0.00320957774846023,354,30,3,0.0185311207663718,9.03954802259887,0.481817262324911,0.711946741901638,0,1,0.186440677966102,0.87753392301024,1.09757982063315,zero,21,9,30,15,0.0847457627118644,0.00981745558108387,0.147775664914453,0,0.184705508282485,NaN,0.6,0.00221414227029065,0.11864406779661,0.011038826432038,0.184932253566026,0.226711123390974,0.0630118582423489,0.5,400,304,1008,1008,599,409,465,78,84,65,20381,3,390,390,390,390,354,354,354,354,354,0,30
LIRCMOP6_BC,1,ref_tau,340,306,1,0.51,306,0,0.000743118255915092,0.00278355586752424,306,30,3,0.0160184264251688,10.4575163398693,0.45974773782,0.717015582433063,0,1,0.117647058823529,0.839539814513473,1.64903128910884,zero,24,6,30,22,0.0980392156862745,0.0341296132393372,0.0711760286416548,0,0.0711760286416548,NaN,0.5,0.00205537803836481,0.196078431372549,0.0436394486616482,0.0740831524186582,0.0757964964019773,0.06239699287642,0.733333333333333,400,354,1108,1108,643,465,489,73,79,59,28532,0,354,354,354,354,306,306,306,306,306,0,30
LIRCMOP6_BC,1,ref_tau,341,354,1,0.59,354,0,0.000572252542426603,0.00259077960407885,354,30,3,0.0185311207663718,9.03954802259887,0.45974773782,0.717015582433063,-0,1,0.149717514124294,0.960004108774708,8.82340598884499,zero,20,10,30,28,0.0847457627118644,0.148351763368933,0.265578385216107,0,0.307501156704281,NaN,0.733333333333333,0.0288536281697689,0.271186440677966,0.187178579260264,0.3093099871945,0.320695179312887,0.247025020113766,0.933333333333333,400,306,1012,1012,599,413,437,77,86,66,20136,2,391,391,391,391,354,354,354,354,354,0,30
LIRCMOP6_BC,1,ref_tau,342,336,1,0.56,336,0,0.000629443695128062,0.00221656841792903,336,30,3,0.0175888603884207,9.52380952380952,0.473500643810545,0.765455060588185,0,1,0.160714285714286,0.761831566220038,1.25260563722207,zero,23,7,30,9,0.0892857142857143,0.00903243981090835,0.0344694033626828,0,0.0538264012643643,NaN,0.566666666666667,0.00875324001875599,0.0714285714285714,0.0187563957877581,0.05611008619892,0.0584260735556983,0.0398629537101416,0.3,400,354,1108,1108,639,469,503,73,85,63,27171,0,378,378,378,378,336,336,336,336,336,0,30
LIRCMOP6_BC,1,ref_tau,343,294,1,0.49,294,0,0.000691450583840074,0.00236201993240351,294,30,3,0.0153902528398681,10.8843537414966,0.49553940957907,0.717015582433063,0,1,0.122448979591837,0.764772138930312,1.55223399065483,zero,14,16,30,3,0.102040816326531,0.00528651943475081,0.00998895053584033,0,0.0207882923211701,NaN,0.666666666666667,0.063462669408936,0.0816326530612245,0.00759237235017434,0.0212648314880588,0.022009600943803,0.020806496271817,0.1,400,336,1072,1072,637,435,488,72,83,59,25641,3,349,349,349,349,294,294,294,294,294,0,30
LIRCMOP6_BC,1,ref_tau,344,289,1,0.49,289,0,0.000782567013485347,0.00266050330116844,289,30,3,0.0151285138459928,11.0726643598616,0.481817262324911,0.746342245316987,0,1,0.124567474048443,0.943363079371888,1.59881961041511,zero,26,4,30,11,0.103806228373702,0.00910845504078864,0.0389726131607352,0,0.0447812198851356,NaN,0.8,0.0681688194019998,0.0816326530612245,0.0184450895089499,0.0448029574142484,0.0457775974688078,0.0366907581931721,0.366666666666667,400,294,988,988,586,402,435,74,82,60,22669,2,349,349,349,349,289,289,289,289,289,0,30
LIRCMOP6_BC,1,ref_tau,345,304,1,0.51,304,0,0.000798727471247652,0.00319634455285656,304,30,3,0.0159137308276187,10.5263157894737,0.465184025296179,0.719259359207157,0,1,0.157894736842105,0.868629289099433,1.62074827784114,zero,24,6,30,15,0.0986842105263158,0.0200488296138545,0.404089292703728,0,0.444759116802807,NaN,0.566666666666667,0.0194582257469306,0.0784313725490196,0.0252670131323548,0.445011640727879,0.464165461819758,0.25305952181579,0.5,400,289,978,978,587,391,432,73,82,61,21924,10,356,356,356,356,304,304,304,304,304,0,30
LIRCMOP6_BC,1,ref_tau,346,294,1,0.49,294,0,0.000735628260321065,0.00255212216272468,294,30,3,0.0153902528398681,10.8843537414966,0.483724798941719,0.77875326703509,-0,1,0.122448979591837,0.801812375052599,3.07410027747007,zero,15,15,30,6,0.102040816326531,0.00893226327413572,0.0244596798981047,0,0.028222073460936,NaN,0.633333333333333,0.0222032357042009,0.122448979591837,0.00945449052460839,0.0285286226569346,0.0285286226569346,0.0285286226569346,0.2,400,304,1008,1008,586,422,429,73,84,59,22629,7,345,345,345,345,294,294,294,294,294,0,30
LIRCMOP6_BC,1,ref_tau,347,331,1,0.56,331,0,0.000823974330741146,0.00365503512662034,331,30,3,0.0173271213945454,9.66767371601208,0.465184025296179,0.742461905379964,-0,1,0.163141993957704,0.778098687253781,2.32312110837051,zero,12,18,30,14,0.0906344410876133,0.00849428495955261,0.042892150720209,0,0.0629962708539505,NaN,0.7,0.0317956264434543,0.214285714285714,0.0153145205525041,0.0631983650127961,0.13013106591642,0.0670161521190792,0.466666666666667,400,294,988,988,583,405,452,76,86,65,21869,8,372,372,372,372,331,331,331,331,331,0,30
LIRCMOP6_BC,1,ref_tau,348,368,1,0.62,368,0,0.00104106926175405,0.00443249012120106,368,30,3,0.0192639899492226,8.69565217391304,0.446777632194576,0.765455060588185,0,1,0.244565217391304,0.8451140334309,3.13146383354475,zero,19,11,30,10,0.0815217391304348,0.0104426748575994,0.0497652152969114,0,0.0596124210074767,NaN,0.433333333333333,-0.0265677449294239,0.161290322580645,0.0158285360839674,0.0602538724637845,0.0600065629749245,0.0663600514164256,0.333333333333333,400,331,1062,1062,613,449,479,75,94,69,21431,5,407,407,407,398,368,368,368,368,368,0,30
LIRCMOP6_BC,1,ref_tau,349,331,1,0.56,331,0,0.000851601283868554,0.00322957883179441,331,30,3,0.0173271213945454,9.66767371601208,0.465184025296179,0.775780004635949,0,0.972284037377261,0.108761329305136,0.827295425964185,1.86605360842032,zero,9,21,30,7,0.0906344410876133,0.00550877415809655,0.0228977395646745,0,0.0287772670092192,NaN,0.866666666666667,0.0799782414339823,0.142857142857143,0.00919309169599681,0.0290190294070696,0.0295746706857802,0.028463388128359,0.233333333333333,400,368,1136,1136,650,486,493,73,84,63,30584,6,366,366,366,366,331,331,331,331,331,0,30
LIRCMOP6_BC,1,ref_tau,350,361,1,0.61,361,0,0.000703838884103032,0.00288607995522886,361,30,3,0.0188975553577972,8.86426592797784,0.45974773782,0.725990689529437,0,0.972284037377261,0.146814404432133,0.766837211459739,0.824822704590509,zero,13,17,30,9,0.0831024930747922,0.00419114449486543,0.0106379452926635,0,0.0135916782515708,NaN,0.6,0.041089437687,0.163934426229508,0.00660038444519733,0.0140991164700905,0.0133520656106294,0.0409101925071292,0.3,400,331,1062,1062,616,446,491,78,90,68,22407,5,407,407,407,407,361,361,361,361,361,0,30
LIRCMOP6_BC,1,ref_tau,351,356,1,0.6,356,0,0.000778091162363172,0.00311857983346055,356,30,3,0.0186358163639219,8.98876404494382,0.483724798941719,0.764490011540891,0,0.972284037377261,0.117977528089888,0.830604570007855,0.793123944179005,zero,10,20,30,14,0.0842696629213483,0.00217303037925569,0.013341145353104,0,0.0149906210270723,NaN,0.666666666666667,0.0450296011587547,0.283333333333333,0.00545828309796451,0.0152610485724108,0.0137420308843845,0.0152610485724108,0.466666666666667,400,361,1122,1122,658,464,526,79,87,67,26891,0,401,401,401,401,356,356,356,356,356,0,30
LIRCMOP6_BC,1,ref_tau,352,344,1,0.58,344,0,0.000827930547928129,0.0034498588146168,344,30,3,0.0180076427786212,9.30232558139535,0.462465881558089,0.755804570115247,0,0.972867409394366,0.145348837209302,0.993876793974266,1.02552091032922,zero,10,20,30,13,0.0872093023255814,0.00328525957063966,0.0102496530145555,0,0.0120379101453949,NaN,0.6,0.0282330379678216,0.258620689655172,0.00470834543399852,0.012232294271624,0.012232294271624,0.012232294271624,0.433333333333333,400,356,1112,1112,645,467,513,79,86,65,26202,18,378,378,378,378,344,344,344,344,344,0,30
LIRCMOP6_BC,1,ref_tau,353,312,1,0.52,312,0,0.000941812917684003,0.00372683313705845,312,30,3,0.0163325132178192,10.2564102564103,0.484808738449762,0.739453350173996,0,0.943749179057301,0.134615384615385,0.841846014280638,1.46776247066667,zero,14,16,30,6,0.0961538461538462,0.00543162437250175,0.0124083764444455,0,0.0250847854459351,NaN,0.666666666666667,0.0340683200946075,0.115384615384615,0.0105715145688079,0.0255627186369466,0.0264852866932365,0.0245050894706318,0.2,400,344,1088,1088,634,454,498,74,84,59,25180,25,347,347,347,347,312,312,312,312,312,0,30
LIRCMOP6_BC,1,ref_tau,354,342,1,0.57,342,0,0.00092368297311899,0.00336695634843178,342,30,3,0.017902947181071,9.35672514619883,0.465184025296179,0.755804570115247,0,1,0.12280701754386,0.826121065546539,2.04075752426283,zero,10,20,30,20,0.087719298245614,0.0270656372655042,0.0335621043850433,0,0.0351477700771134,NaN,0.733333333333333,0.0569930750436176,0.315789473684211,0.0288737092705802,0.0352135541843659,0.0343006410010958,0.0352135541843659,0.666666666666667,400,312,1024,1024,608,416,458,79,85,64,21004,12,379,379,379,379,342,342,342,342,342,0,30
LIRCMOP6_BC,1,ref_tau,355,306,1,0.51,306,0,0.00102520376431794,0.00407225123621048,306,30,3,0.0160184264251688,10.4575163398693,0.481817262324911,0.717015582433063,0,1,0.137254901960784,0.799421634940321,1.05360148119699,zero,15,15,30,0,0.0980392156862745,0.006561000936586,0.0140873972587193,0,0.0141318850530754,NaN,0.466666666666667,-0.00267580444528601,0,0.010639103184007,0.0142025691460871,0.0142025691460871,0.0142025691460871,0,400,342,1084,1084,646,438,482,71,84,59,24636,3,350,350,350,350,306,306,306,306,306,0,30
LIRCMOP6_BC,1,ref_tau,356,354,1,0.59,354,0,0.00094661010864093,0.00421084735126338,354,30,3,0.0185311207663718,9.03954802259887,0.465184025296179,0.755804570115247,0,1,0.11864406779661,0.871544733803927,2.5210109703165,zero,12,18,30,15,0.0847457627118644,0.0170345374001138,0.0340526127550559,0,0.0488477715131337,NaN,0.6,0.029651709230454,0.254237288135593,0.0216814737663832,0.0492629269152596,0.0507358613223734,0.0482289935963108,0.5,400,306,1012,1012,606,406,426,76,88,67,19187,0,398,398,398,398,354,354,354,354,354,0,30
LIRCMOP6_BC,1,ref_tau,357,360,1,0.6,360,0,0.00108118068448538,0.00405726285735235,360,30,3,0.0188452075590221,8.88888888888889,0.459367741022073,0.770617532612067,0,1,0.15,0.933116543644815,1.55789979485938,zero,16,14,30,7,0.0833333333333333,0.00920711032502825,0.0249450735277359,0,0.0251902338869484,NaN,0.533333333333333,0.0201273412295753,0.133333333333333,0.00959994479751183,0.0253716945618107,0.0267648989121057,0.0239851521250502,0.233333333333333,400,354,1108,1108,644,464,497,75,91,68,23095,4,399,399,399,399,360,360,360,360,360,0,30
LIRCMOP6_BC,1,ref_tau,358,342,1,0.57,342,0,0.000776711476954561,0.00299372523825463,342,30,3,0.017902947181071,9.35672514619883,0.45974773782,0.711946741901638,0,1,0.12280701754386,0.746252631631026,2.37976132605497,zero,16,14,30,3,0.087719298245614,0.00734962918504772,0.0213649213135968,0,0.022138399286134,NaN,0.7,0.0226628606223006,0.0701754385964912,0.00859130039800546,0.0223326193725809,0.0215894804459832,0.0254758547161235,0.1,400,360,1120,1120,673,447,502,74,88,66,24460,4,387,387,387,381,342,342,342,342,342,0,30
LIRCMOP6_BC,1,ref_tau,359,354,1,0.59,354,0,0.000974177142145173,0.00380019505449941,354,30,3,0.0185311207663718,9.03954802259887,0.458987744224146,0.765455060588185,0,1,0.152542372881356,0.81587141704785,1.92599432452888,zero,17,13,30,15,0.0847457627118644,0.00753288320060556,0.0330242656377085,0,0.0346399881449668,NaN,0.5,0.0219504860524136,0.23728813559322,0.00956084506342011,0.0346811133242048,0.0331533319036025,0.0365655290595663,0.5,400,342,1084,1084,628,456,481,70,92,65,23323,3,382,382,382,379,354,354,354,354,354,0,30
LIRCMOP6_BC,1,ref_tau,360,366,1,0.61,366,0,0.000963824538273721,0.00372697809921502,366,30,3,0.0191592943516725,8.7431693989071,0.446777632194576,0.765455060588185,-0,1,0.180327868852459,0.778678390382733,1.23010812924886,zero,20,10,30,8,0.0819672131147541,0.00500698750733273,0.0158868025761101,0,0.0172061246253652,NaN,0.5,0.0105390106019747,0.147540983606557,0.00717440972001277,0.0173618305978287,0.0198014682282043,0.0164919865417186,0.266666666666667,400,354,1108,1108,662,446,492,69,94,66,22749,0,394,394,394,394,366,366,366,366,366,0,30
LIRCMOP6_BC,1,ref_tau,361,348,1,0.58,348,0,0.000975765456798123,0.00299273829803252,348,30,3,0.0182170339737214,9.19540229885057,0.453956546528629,0.775780004635949,0,0.972284037377261,0.0862068965517241,0.915766169488107,0.788366470228196,zero,15,15,30,6,0.0862068965517241,0.00477389333813309,0.00892812759214355,0,0.0139345536462034,NaN,0.6,0.0618055392510429,0.103448275862069,0.00554510990885656,0.0142148963189994,0.0142148963189994,0.0142148963189994,0.2,400,366,1132,1132,662,470,492,67,90,63,26190,0,378,378,378,378,348,348,348,348,348,0,30
LIRCMOP6_BC,1,ref_tau,362,330,1,0.55,330,0,0.00141618689905647,0.00502185712980646,330,30,3,0.0172747735957703,9.6969696969697,0.458987744224146,0.775780004635949,0,0.972284037377261,0.0909090909090909,0.884073818225578,0.979043152356798,zero,14,16,30,12,0.0909090909090909,0.00446157974968819,0.034310985826107,0,0.034310985826107,NaN,0.733333333333333,0.0128698085762731,0.218181818181818,0.00647896909866776,0.034836552965752,0.0385908939510448,0.0329462607491294,0.4,400,348,1096,1096,620,476,489,65,89,62,28709,18,366,366,366,366,330,330,330,330,330,0,30
LIRCMOP6_BC,1,ref_tau,363,348,1,0.58,348,0,0.00105963104565191,0.0035651801796829,348,30,3,0.0182170339737214,9.19540229885057,0.445135032141355,0.775780004635949,0,0.972284037377261,0.0862068965517241,0.814318767789702,1.54105476168614,zero,15,15,30,6,0.0862068965517241,0.00950836266297974,0.0304048606254484,0,0.0398647640761169,NaN,0.666666666666667,0.0364887400339478,0.103448275862069,0.0136948127416747,0.0407592280788584,0.0407592280788584,0.0407592280788584,0.2,400,330,1060,1060,607,453,487,69,92,65,26061,21,379,379,379,379,348,348,348,348,348,0,30
LIRCMOP6_BC,1,ref_tau,364,367,1,0.62,367,0,0.000983807364756444,0.00384953847762816,367,30,3,0.0192116421504476,8.71934604904632,0.441344715449597,0.765455060588185,-0,0.972284037377261,0.147138964577657,0.716944597523666,3.47118159798643,zero,17,13,30,11,0.0817438692098093,0.0120803799954156,0.0508831051049097,0,0.0802759425178284,NaN,0.4,-0.0300223514616687,0.193548387096774,0.0271792949476669,0.0807281840189528,0.0775868239426665,0.0836957609017175,0.366666666666667,400,348,1096,1096,638,458,507,69,93,66,23791,0,390,390,390,390,367,367,367,367,367,0,30
LIRCMOP6_BC,1,ref_tau,365,384,1,0.64,384,0,0.00106528075622401,0.00455131142153797,384,30,3,0.0201015547296236,8.33333333333333,0.445135032141355,0.765604076124012,0,0.972284037377261,0.140625,0.820099070705495,0.876126485163771,zero,16,14,30,14,0.078125,0.00277445488045972,0.00862670459705792,0,0.0144646991748974,NaN,0.466666666666667,-0.0228476871156337,0.203125,0.00585688801238129,0.0149475121497044,0.014857780182676,0.0154098156639806,0.466666666666667,400,367,1134,1134,639,495,530,73,95,70,26736,0,414,414,414,414,384,384,384,384,384,0,30
LIRCMOP6_BC,1,ref_tau,366,354,1,0.59,354,0,0.00111729987129046,0.00360994103371741,354,30,3,0.0185311207663718,9.03954802259887,0.437000102199162,0.775780004635949,0,0.972284037377261,0.0677966101694915,0.884738463889109,1.01189633743862,zero,12,18,30,10,0.0847457627118644,0.0034730563602521,0.0212869536560221,0,0.0220196885691824,NaN,0.666666666666667,0.0433134686114204,0.186440677966102,0.00463972851823249,0.0221205985677517,0.0249002991521782,0.019316237862809,0.333333333333333,400,384,1168,1168,659,509,527,69,88,65,31799,2,380,380,380,380,354,354,354,354,354,0,30
LIRCMOP6_BC,1,ref_tau,367,372,1,0.62,372,0,0.00142381519678082,0.00500353631464809,372,30,3,0.0194733811443229,8.60215053763441,0.437000102199162,0.765455060588185,0,0.972284037377261,0.139784946236559,0.768022136464649,1.39462417649939,zero,18,12,30,15,0.0806451612903226,0.00381014068776805,0.0241394795652983,0,0.0244467208842271,NaN,0.433333333333333,-0.0145438644436302,0.258064516129032,0.00773868708159578,0.0246005277942666,0.0247682617347756,0.0299977346689904,0.5,400,354,1108,1108,635,473,497,72,91,68,24137,24,390,390,390,390,372,372,372,372,372,0,30
LIRCMOP6_BC,1,ref_tau,368,414,1,0.69,414,0,0.00140539783822413,0.0054748918343746,414,30,3,0.0216719886928755,7.72946859903382,0.446577664809359,0.775851326615498,0,1,0.140096618357488,0.787825704572712,1.78882792853396,zero,14,16,30,2,0.072463768115942,0.00963941030108784,0.0236805064135703,0,0.0394093929104545,NaN,0.466666666666667,-0.0268941069169954,0.0289855072463768,0.011486466576185,0.0398948842265289,0.0288834393552086,0.0422806758721883,0.0666666666666667,400,372,1144,1144,651,493,519,77,90,73,25793,23,426,426,426,426,414,414,414,414,414,0,30
LIRCMOP6_BC,1,ref_tau,369,414,1,0.69,414,0,0.00163611168590644,0.00632268948159987,414,30,3,0.0216719886928755,7.72946859903382,0.446577664809359,0.76960306935919,0,1,0.144927536231884,0.880633289017913,1.82170444503336,zero,13,17,30,9,0.072463768115942,0.00900724199201277,0.0261329298197398,0,0.0289454140434485,NaN,0.566666666666667,0.0284045264545192,0.173913043478261,0.0110579622898639,0.0292289527472612,0.0284883529853865,0.0299770079418428,0.3,400,414,1228,1228,697,531,561,77,100,77,31158,9,441,441,441,440,414,414,414,414,414,0,30
LIRCMOP6_BC,1,ref_tau,370,378,1,0.63,378,0,0.00186408536065182,0.00669522409202385,378,30,3,0.0197874679369732,8.46560846560847,0.446577664809359,0.765455060588185,-0,1,0.108465608465608,0.759759462353228,1.5941836027572,zero,21,9,30,2,0.0793650793650794,0.00790231700580761,0.020828405402184,0,0.0279686028487176,NaN,0.5,-0.003198041002449,0.0634920634920635,0.00989047296873632,0.0284926619250541,0.0304394463620333,0.0272695768684593,0.0666666666666667,400,414,1228,1228,691,537,587,73,100,73,30686,12,413,413,413,407,378,378,378,378,378,0,30
LIRCMOP6_BC,1,ref_tau,371,390,1,0.65,390,0,0.00196358127181065,0.0073724534844761,390,30,3,0.020415641522274,8.2051282051282,0.441344715449597,0.76960306935919,0,0.953584237097979,0.123076923076923,0.820874322237574,0.808319803989672,zero,23,7,30,8,0.0769230769230769,0.00655755133117899,0.00969772293928575,0,0.0161867646856471,NaN,0.733333333333333,0.0772470419086925,0.138461538461538,0.00994244961615186,0.0165665595104147,0.0164803316939005,0.0160123233443257,0.266666666666667,400,378,1156,1156,663,493,531,74,100,74,25363,20,436,436,436,427,390,390,390,390,390,0,30
LIRCMOP6_BC,1,ref_tau,372,378,1,0.63,378,0,0.00157282786383987,0.00448582931572819,378,30,3,0.0197874679369732,8.46560846560847,0.45974773782,0.76960306935919,0,0.953584237097979,0.158730158730159,0.789035981376287,1.61883689059577,zero,26,4,30,12,0.0793650793650794,0.0125355282399622,0.0416930878360766,0,0.0416930878360766,NaN,0.733333333333333,0.110537190232946,0.142857142857143,0.0160018960599338,0.0419085426934875,0.0397216054988187,0.0434946649440167,0.4,400,390,1180,1180,680,500,537,72,100,72,26598,6,421,421,421,418,378,378,378,378,378,0,30
LIRCMOP6_BC,1,ref_tau,373,421,1,0.71,421,0,0.00214402805815134,0.00765470438552604,421,30,3,0.0220384232843009,7.60095011876485,0.443134049559284,0.776628802783899,0,0.920367780254952,0.156769596199525,0.86490139828045,0.930605683725577,zero,20,10,30,9,0.0712589073634204,0.00746405934349054,0.0179509200258853,0,0.0229902425167529,NaN,0.666666666666667,0.0349745615699571,0.0845070422535211,0.00864254350153832,0.0238675465433893,0.0238675465433893,0.0217538313285391,0.3,400,378,1156,1156,652,504,517,78,100,78,25133,7,455,455,455,454,421,421,421,421,421,0,30
LIRCMOP6_BC,1,ref_tau,374,370,1,0.62,370,0,0.00218756188940612,0.00741474527193064,370,30,3,0.0193686855467728,8.64864864864865,0.45974773782,0.777902000005824,0,0.920367780254952,0.0972972972972973,0.775677497857876,1.14224153342369,zero,30,0,30,11,0.0810810810810811,0.00639114013858074,0.0164082822442089,0,0.018397025460598,NaN,0.6,0.0151842821379418,0.225806451612903,0.00893896615252858,0.018858965112345,0.018858965112345,NaN,0.366666666666667,400,421,1242,1242,710,532,575,70,100,70,30635,10,416,416,416,416,370,370,370,370,370,0,30
LIRCMOP6_BC,1,ref_tau,375,414,1,0.69,414,0,0.00253887977405001,0.00817214846435146,414,30,3,0.0216719886928755,7.72946859903382,0.448925348833112,0.777902000005824,0,0.862121812335698,0.130434782608696,0.849334158109627,1.50657496956703,zero,23,7,30,7,0.072463768115942,0.0117399280671448,0.0265183990102144,0,0.0279824651939896,NaN,0.7,0.02579754505875,0.072463768115942,0.0148998040969992,0.0281004738127844,0.0276096379721223,0.027896001887576,0.233333333333333,400,370,1140,1140,667,473,525,73,100,73,23707,0,438,438,438,436,414,414,414,414,414,0,30
LIRCMOP6_BC,1,ref_tau,376,402,1,0.67,402,0,0.00183886731551243,0.00542129526346809,402,30,3,0.0210438151075747,7.96019900497512,0.446777632194576,0.777902000005824,-0,0.773723044917537,0.0895522388059701,0.811773583029284,0.963635320552842,zero,26,4,30,20,0.0746268656716418,0.0121131300711727,0.0674146612048417,0,0.0674146612048417,NaN,0.733333333333333,0.0433372082154661,0.149253731343284,0.0184975639151763,0.0675276108296583,0.0636496718763426,0.0703316685780466,0.666666666666667,400,414,1228,1228,704,524,568,72,100,72,28744,0,432,432,432,432,402,402,402,402,402,0,30
LIRCMOP6_BC,1,ref_tau,377,354,1,0.59,354,0,0.00185936296355005,0.00774215136146159,354,30,3,0.0185311207663718,9.03954802259887,0.456430148721587,0.820208941062989,0,1,0.101694915254237,0.842621893084124,1.3415868827283,zero,30,0,30,17,0.0847457627118644,0.00568568470484875,0.0156909605609564,0,0.0163562847851741,NaN,0.666666666666667,0.0822267318235822,0.254237288135593,0.00802301993190061,0.0164729991652987,0.0164729991652987,NaN,0.566666666666667,400,402,1204,1204,682,522,559,64,100,64,33865,7,384,384,384,384,354,354,354,354,354,0,30
LIRCMOP6_BC,1,ref_tau,378,342,1,0.57,342,0,0.00139587254578458,0.00495062116098025,342,30,3,0.017902947181071,9.35672514619883,0.500993429770994,0.820208941062989,0,0.773723044917537,0.087719298245614,1.72614172337977,14.0589072419135,zero,30,0,30,14,0.087719298245614,0.00729046412606606,0.0275088763588238,0,0.0287529192030692,NaN,0.666666666666667,0.0278390322562789,0.157894736842105,0.0119723888637757,0.0289232898626261,0.0289232898626261,NaN,0.466666666666667,400,354,1108,1108,640,468,520,64,100,64,24799,8,384,384,384,384,342,342,342,342,342,0,30
LIRCMOP6_BC,1,ref_tau,379,378,1,0.63,378,0,0.00217425325100453,0.00801102957005267,378,30,3,0.0197874679369732,8.46560846560847,0.487800214574614,0.882620277364807,-0,1,0.158730158730159,0.835271259877357,1.93312637153019,zero,30,0,30,11,0.0793650793650794,0.0159669365875233,0.0466699755571629,0,0.0480416263749038,NaN,0.733333333333333,0.0559414028476672,0.0952380952380952,0.0210863557256682,0.0480997110189947,0.0480997110189947,NaN,0.366666666666667,400,342,1084,1084,637,447,490,68,100,68,21826,9,408,408,408,408,378,378,378,378,378,0,30
LIRCMOP6_BC,1,ref_tau,380,372,1,0.62,372,0,0.00192993941110939,0.00743719594576233,372,30,3,0.0194733811443229,8.60215053763441,0.451394110320676,0.820208941062989,0,0.820004050253005,0.112903225806452,0.828659042397005,1.11263053594172,zero,30,0,30,13,0.0806451612903226,0.00486217869115022,0.0194780919436792,0,0.030680125532024,NaN,0.666666666666667,0.0593523982761777,0.209677419354839,0.00893543697083019,0.0315935493259629,0.0315935493259629,NaN,0.433333333333333,400,378,1156,1156,656,500,527,68,100,68,25884,0,408,408,408,408,372,372,372,372,372,0,30
LIRCMOP6_BC,1,ref_tau,381,348,1,0.58,348,0,0.00205335903270826,0.00811382331584406,348,30,3,0.0182170339737214,9.19540229885057,0.450220268308799,0.877835514585788,0,1,0.155172413793103,0.839072605962567,1.77926472172504,zero,30,0,30,7,0.0862068965517241,0.0131059807190281,0.0189500318611392,0,0.0238494770548972,NaN,0.733333333333333,0.0397723579680061,0.137931034482759,0.0140434475139234,0.0241411556906495,0.0241411556906495,NaN,0.233333333333333,400,372,1144,1144,647,497,502,63,100,63,27316,1,378,378,378,378,348,348,348,348,348,0,30
LIRCMOP6_BC,1,ref_tau,382,360,1,0.6,360,0,0.0023566119889439,0.00821940541459839,360,30,3,0.0188452075590221,8.88888888888889,0.453862871808239,0.777902000005824,0,1,0.183333333333333,1.05927662266032,2.33495409991714,zero,30,0,30,12,0.0833333333333333,0.0184527162190251,0.0425714926861892,0,0.0440899439659152,NaN,0.8,0.086580902353474,0.183333333333333,0.0264648652048682,0.0443137985510031,0.0443137985510031,NaN,0.4,400,348,1096,1096,632,464,495,65,100,65,22053,0,390,390,390,390,360,360,360,360,360,0,30
LIRCMOP6_BC,1,ref_tau,383,348,1,0.58,348,0,0.00177766226163202,0.00747970461463825,348,30,3,0.0182170339737214,9.19540229885057,0.458088943270793,0.820208941062989,-0,1,0.120689655172414,1.0129335502168,3.25995428779494,zero,30,0,30,10,0.0862068965517241,0.0113985281554642,0.055693537070584,0,0.0726013310297971,NaN,0.733333333333333,0.0973538303369686,0.189655172413793,0.0175629587269833,0.0755295000810289,0.0755295000810289,NaN,0.333333333333333,400,360,1120,1120,629,491,510,65,100,65,26604,0,390,390,390,389,348,348,348,348,348,0,30
LIRCMOP6_BC,1,ref_tau,384,366,1,0.61,366,0,0.00217647497145434,0.00818044296146551,366,30,3,0.0191592943516725,8.7431693989071,0.456430148721587,0.882620277364807,0,1,0.19672131147541,0.898701616240343,2.60661315105636,zero,30,0,30,17,0.0819672131147541,0.00461499470311217,0.0366401499204636,0,0.0762291896933354,NaN,0.766666666666667,0.0656962130026751,0.278688524590164,0.00943695581609971,0.0783306272894176,0.0783306272894176,NaN,0.566666666666667,400,348,1096,1096,613,483,476,68,100,68,21723,0,408,408,408,397,366,366,366,366,366,0,30
LIRCMOP6_BC,1,ref_tau,385,360,1,0.6,360,0,0.00181225856688522,0.00625168441348938,360,30,3,0.0188452075590221,8.88888888888889,0.456430148721587,1.00232643645714,0,1,0.197222222222222,0.771394841558745,3.6037085919098,zero,30,0,30,11,0.0833333333333333,0.00746979513551129,0.0644150657991582,0,0.102092255643825,NaN,0.633333333333333,0.0673504864789805,0.133333333333333,0.00941050555795417,0.105425370447551,0.105425370447551,NaN,0.366666666666667,400,366,1132,1132,631,501,520,66,100,66,25746,0,396,396,396,396,360,360,360,360,360,0,30
LIRCMOP6_BC,1,ref_tau,386,397,1,0.67,397,0,0.00171963097192304,0.006004671117713,397,30,3,0.0207820761136994,8.06045340050378,0.533289928690308,0.975373504660966,0,1,0.201511335012594,0.819593036404227,1.54847716696329,zero,27,3,30,5,0.0755667506297229,0.0128981982290143,0.0280364516266691,0,0.0327495774394634,NaN,0.833333333333333,0.0789025856666713,0.104477611940299,0.0152141031201813,0.0341118338903226,0.0339660371786169,0.0341118338903226,0.166666666666667,400,360,1120,1120,623,497,508,75,100,75,25200,0,450,450,450,438,397,397,397,397,397,0,30
LIRCMOP6_BC,1,ref_tau,387,366,1,0.61,366,0,0.00179416210130097,0.00665931956118695,366,30,3,0.0191592943516725,8.7431693989071,0.500993429770994,1.00232643645714,0,1,0.213114754098361,0.875831155623746,1.7832770190434,zero,30,0,30,11,0.0819672131147541,0.0106903525363635,0.0618350642601362,0,0.0627286964769928,NaN,0.7,0.063851843860591,0.114754098360656,0.0172970950129018,0.0628555754359637,0.0628555754359637,NaN,0.366666666666667,400,397,1194,1194,656,538,526,66,100,66,29391,0,396,396,396,390,366,366,366,366,366,0,30
LIRCMOP6_BC,1,ref_tau,388,354,1,0.59,354,0,0.00163523477786823,0.00762078404036047,354,30,3,0.0185311207663718,9.03954802259887,0.481817262324911,0.890730831184605,0,1,0.200564971751412,0.843498049289092,1.54623698507124,zero,30,0,30,15,0.0847457627118644,0.0073732011873451,0.0357666734873378,0,0.0368298325255714,NaN,0.666666666666667,0.0913189002807457,0.186440677966102,0.013048009004083,0.0370530791434782,0.0370530791434782,NaN,0.5,400,366,1132,1132,620,512,515,65,100,65,29214,1,390,390,390,390,354,354,354,354,354,0,30
LIRCMOP6_BC,1,ref_tau,389,372,1,0.62,372,0,0.00206046470392202,0.00847538441379817,372,30,3,0.0194733811443229,8.60215053763441,0.515037460767389,0.882620277364807,0,1,0.217741935483871,0.909663574779992,1.33909825297151,zero,30,0,30,7,0.0806451612903226,0.00945470236697379,0.0154191124840274,0,0.0300562084302998,NaN,0.633333333333333,0.0186427899652771,0.161290322580645,0.0129727824061404,0.0316848879600881,0.0316848879600881,NaN,0.233333333333333,400,354,1108,1108,603,505,477,69,100,69,25168,0,414,414,414,414,372,372,372,372,372,0,30
LIRCMOP6_BC,1,ref_tau,390,348,1,0.58,348,0,0.00155107426485988,0.00618649200487822,348,30,3,0.0182170339737214,9.19540229885057,0.491405346047952,0.882620277364807,-0,0.741686466077528,0.120689655172414,0.878233917278045,1.90941100306419,zero,30,0,30,11,0.0862068965517241,0.0136467845755593,0.0265791597160022,0,0.0283192874281544,NaN,0.566666666666667,0.0240847481035171,0.155172413793103,0.0155571882276514,0.0285991005398778,0.0285991005398778,NaN,0.366666666666667,400,372,1144,1144,618,526,509,68,100,68,28894,4,408,408,408,402,348,348,348,348,348,0,30
LIRCMOP6_BC,1,ref_tau,391,385,1,0.65,385,0,0.00237185176141125,0.00766739003323671,385,30,3,0.0201539025283987,8.31168831168831,0.501621572612036,0.975373504660966,0,1,0.233766233766234,0.761145482537186,0.984260297006799,zero,30,0,30,7,0.0779220779220779,0.00416014318892483,0.0108795335343254,0,0.0161347718379044,NaN,0.9,0.118288842793032,0.138461538461538,0.0092899649026974,0.016244506351786,0.016244506351786,NaN,0.233333333333333,400,348,1096,1096,597,499,472,70,100,70,23306,0,420,420,420,420,385,385,385,385,385,0,30
LIRCMOP6_BC,1,ref_tau,392,386,1,0.65,386,0,0.00167556647332816,0.00636914808408606,386,30,3,0.0202062503271737,8.29015544041451,0.501621572612036,0.882620277364807,0,1,0.233160621761658,0.884743490718319,1.34559305403479,zero,30,0,30,8,0.077720207253886,0.00586608184720335,0.0127747772842018,0,0.0165271581933842,NaN,0.8,0.0929055709088978,0.107692307692308,0.0101784292868894,0.0166515007274425,0.0166515007274425,NaN,0.266666666666667,400,385,1170,1170,648,522,524,72,100,72,28023,0,432,432,432,426,386,386,386,386,386,0,30
LIRCMOP6_BC,1,ref_tau,393,378,1,0.63,378,0,0.00186134878954934,0.0072844078882731,378,30,3,0.0197874679369732,8.46560846560847,0.481817262324911,0.882620277364807,0,0.933995001497255,0.206349206349206,0.783873734734894,1.11601386952085,zero,30,0,30,5,0.0793650793650794,0.00339774479672935,0.0106789969788474,0,0.0118060472616776,NaN,0.8,0.0634956993300478,0.111111111111111,0.00565571250446277,0.0121213968773836,0.0121213968773836,NaN,0.166666666666667,400,386,1172,1172,639,533,528,69,100,69,28068,0,414,414,414,414,378,378,378,378,378,0,30
LIRCMOP6_BC,1,ref_tau,394,351,1,0.6,351,0,0.0016170075994616,0.00612113315329031,351,30,3,0.0183740773700466,9.11680911680912,0.500993429770994,1.00232643645714,0,0.741686466077528,0.13960113960114,0.830613203324658,1.40067495890817,zero,30,0,30,7,0.0854700854700855,0.00532367510191497,0.0150443901490276,0,0.0166198710392574,NaN,0.6,0.0493458231115654,0.15,0.00911414813659226,0.0168398406505156,0.0168398406505156,NaN,0.233333333333333,400,378,1156,1156,608,548,511,65,100,65,30286,0,390,390,390,390,351,351,351,351,351,0,30
LIRCMOP6_BC,1,ref_tau,395,408,1,0.68,408,0,0.00255601041284021,0.00893258536902405,408,30,3,0.0213579019002251,7.84313725490196,0.475878291955206,1.00232643645714,0,1,0.235294117647059,0.922364072010503,1.14982878630698,zero,30,0,30,8,0.0735294117647059,0.00358480789454414,0.00661019254405581,0,0.0169498224283227,NaN,0.833333333333333,0.0478483994815548,0.0735294117647059,0.010774249750179,0.0180174821569161,0.0180174821569161,NaN,0.266666666666667,400,351,1102,1102,595,507,480,73,100,73,22773,0,438,438,438,426,408,408,408,408,408,0,30
LIRCMOP6_BC,1,ref_tau,396,432,1,0.72,432,0,0.00247752353773526,0.00839152450561153,432,30,3,0.0226142490708266,7.40740740740741,0.498900594057498,0.917624183719196,0,1,0.222222222222222,1.00160297357479,1.64447923238043,zero,28,2,30,10,0.0694444444444444,0.0115296739219357,0.0528757753113053,0,0.0792122099501196,NaN,0.7,0.0474071788656598,0.194444444444444,0.0145980221298192,0.0817864347417133,0.0767288527108694,0.0848012226742632,0.333333333333333,400,408,1216,1216,650,566,551,75,100,75,28842,0,450,450,450,450,432,432,432,432,432,0,30
LIRCMOP6_BC,1,ref_tau,397,445,1,0.75,445,0,0.002564871216463,0.00870805514706966,445,30,3,0.0232947704549024,7.19101123595506,0.456430148721587,0.8851400181201,0,1,0.240449438202247,0.99811227583819,1.51830251904155,zero,25,5,30,21,0.0674157303370786,0.0024810155314795,0.0295869828850276,0,0.0325107487258833,NaN,0.866666666666667,0.0785599390436833,0.186666666666667,0.0064931312353377,0.0327655599767857,0.0334775783593848,0.0293772078323725,0.7,400,432,1264,1264,673,591,568,77,100,77,31396,0,462,462,462,462,445,445,445,445,445,0,30
LIRCMOP6_BC,1,ref_tau,398,152,1,0.26,152,0,0.00311954612262404,0.0104445859457168,152,30,3,0.00795686541380935,21.0526315789474,0.375431713666502,0.635471342237358,0.680231463187722,1,0.315789473684211,1.99605663218087,2.88167826711347,zero,30,0,30,9,0.197368421052632,0.0030087808798719,0.0128031139902997,0,0.0130049148334897,NaN,0.5,0.0087014409352516,0.0769230769230769,0.0204112918086624,0.0249929822529332,0.0249929822529332,NaN,0.3,400,445,1290,1290,684,606,210,28,100,28,8871,63,162,162,162,162,152,152,152,152,152,0,30
LIRCMOP6_BC,1,ref_tau,399,144,1,0.24,144,0,0.0036269189099386,0.0123727350129514,144,30,3,0.00753808302360886,22.2222222222222,0.374851282768049,0.564638858229198,0.593709369391306,1,0.291666666666667,2.13221002617994,2.18737230492968,zero,30,0,30,24,0.208333333333333,0.00259738192426551,0.00917661318157689,0,0.0102506048935452,NaN,0.533333333333333,0.0106476172424273,0.0833333333333333,0.00603475805383416,0.0184303894876085,0.0184303894876085,NaN,0.8,400,152,704,704,443,261,247,26,100,26,11031,18,150,150,150,150,144,144,144,144,144,0,30
LIRCMOP6_BC,1,ref_tau,400,156,1,0.26,156,0,0.00356165900509418,0.0108403179830853,156,30,3,0.00816625660890959,20.5128205128205,0.356750022604962,0.578998997993037,0.449409171341492,0.944486840881777,0.275641025641026,2.10726355000989,2.54700188221095,zero,30,0,30,11,0.192307692307692,0.0230235927529999,0.0451251199523081,0,0.0460658622985858,NaN,0.333333333333333,-0.0231755211398098,0.192307692307692,0.0244409507740583,0.0590914112260629,0.0590914112260629,NaN,0.366666666666667,400,144,688,688,429,259,268,28,100,28,10161,56,162,162,162,162,156,156,156,156,156,0,30
LIRCMOP6_BC,1,ref_tau,401,162,1,0.27,162,0,0.00342054330735941,0.0120613860625233,162,30,3,0.00848034340155996,19.7530864197531,0.361328121050694,0.612804360355489,0.511627956783641,1,0.296296296296296,2.15729298759075,2.95951051717855,zero,30,0,30,9,0.185185185185185,0.0187055931250709,0.0397671811120807,0,0.0709196000583909,NaN,0.0333333333333333,-0.0697874626848044,0.222222222222222,0.0208439566941651,0.0711581042559395,0.0711581042559395,NaN,0.3,400,156,712,712,432,280,286,28,100,28,11695,0,168,168,168,168,162,162,162,162,162,0,30
LIRCMOP6_BC,1,ref_tau,402,138,1,0.23,138,0,0.00344390030689285,0.00911085680986161,138,30,3,0.00722399623095849,23.1884057971014,0.361328121050694,0.612804360355489,0,0.820004050253005,0.173913043478261,2.20605693581407,2.58209901294084,zero,30,0,30,25,0.217391304347826,0.0352057674139227,0.0563691694662961,0,0.0621648196804426,NaN,0.3,-0.027975150987199,0.173913043478261,0.0362522758766137,0.0719342254011457,0.0719342254011457,NaN,0.833333333333333,400,162,724,724,428,296,287,28,100,28,12222,11,162,162,162,162,138,138,138,138,138,0,30
LIRCMOP6_BC,1,ref_tau,403,138,1,0.23,138,0,0.00267765971619969,0.00772523849350156,138,30,3,0.00722399623095849,23.1884057971014,0.361328121050694,0.612804360355489,-0,0.841850340181669,0.217391304347826,1.88639043834868,2.50723587061097,zero,30,0,30,23,0.217391304347826,0.0869876045300505,0.128546222565847,0,0.142579736774822,NaN,0.0666666666666667,-0.110410835398334,0.173913043478261,0.110297666085712,0.152180023015777,0.152180023015777,NaN,0.766666666666667,400,138,676,676,395,281,293,27,100,27,10690,57,158,158,158,152,138,138,138,138,138,0,30
LIRCMOP6_BC,1,ref_tau,404,156,1,0.26,156,0,0.00480128313809476,0.016240417736518,156,30,3,0.00816625660890959,20.5128205128205,0.377065608179422,0.612804360355489,0.511627956783641,0.820004050253005,0.346153846153846,1.89584777380276,1.8864609414837,zero,30,0,30,12,0.192307692307692,0.0126807326036076,0.0544972332364453,0,0.0544972332364453,NaN,0.0333333333333333,-0.20405334154294,0.153846153846154,0.0191980238071634,0.0594832393510599,0.0594832393510599,NaN,0.4,400,138,676,676,372,304,202,29,100,29,7210,23,168,168,168,168,156,156,156,156,156,0,30
LIRCMOP6_BC,1,ref_tau,405,154,1,0.26,154,0,0.003657835158388,0.0114094795741869,154,30,3,0.00806156101135947,20.7792207792208,0.361328121050694,0.612804360355489,0.381208899515759,0.811181012701387,0.311688311688312,1.91157257872302,2.44820759671784,zero,30,0,30,27,0.194805194805195,0.0350190840520863,0.0766366722524575,0,0.104878521805198,NaN,0,-0.144811858604636,0.0769230769230769,0.0454577310390031,0.105773884167678,0.105773884167678,NaN,0.9,400,156,712,712,430,282,223,28,100,28,11230,34,160,160,160,154,154,154,154,154,154,0,30
LIRCMOP6_BC,1,ref_tau,406,150,1,0.25,150,0,0.00326107465965804,0.0105702775440718,150,30,3,0.00785216981625923,21.3333333333333,0.339416130727185,0.612804360355489,0.0848878417310734,0.810212698040853,0.28,1.76285867953174,13.0825438417027,zero,30,0,30,30,0.2,0.196866188832705,0.242996943825504,0,0.272373168676635,NaN,0,-0.172651650969686,0.08,0.227121212562321,0.272866125002506,0.272866125002506,NaN,1,400,154,708,708,422,286,248,26,100,26,12205,32,150,150,150,150,150,150,150,150,150,0,30
LIRCMOP6_BC,1,ref_tau,407,156,1,0.26,156,0,0.00407346300596359,0.0138476233330736,156,30,3,0.00816625660890959,20.5128205128205,0.309473364171654,0.612804360355489,0.0848878417310734,0.74597488021287,0.256410256410256,1.78152126416804,2.14653630116249,zero,30,0,30,15,0.192307692307692,0.0209753158493812,0.058200266102089,0,0.0857571171761086,NaN,0.0333333333333333,-0.128052063084095,0.0769230769230769,0.0268958716656528,0.0871852305056622,0.0871852305056622,NaN,0.5,400,150,700,700,429,271,258,27,100,27,11366,96,156,156,156,156,156,156,156,156,156,0,30
LIRCMOP6_BC,1,ref_tau,408,107,1,0.18,107,0,0.00336490374282087,0.0113102468104655,107,30,3,0.00560121446893158,29.9065420560748,0.312395598433581,0.698543410875969,0,0.820004050253005,0.214953271028037,2.2380481091657,1.94485599630175,zero,30,0,30,7,0.280373831775701,0.0109809485126266,0.0263673145639273,0,0.0514603814910745,NaN,0.0333333333333333,-0.207248066384142,0.111111111111111,0.0233777296373695,0.0520995221413754,0.0520995221413754,NaN,0.233333333333333,400,156,712,712,437,275,236,20,100,20,10487,85,108,108,108,108,107,107,107,107,107,0,30
LIRCMOP6_BC,1,ref_tau,409,116,1,0.21,116,0,0.00288401139759353,0.00845367712782569,116,30,3,0.00607234465790714,27.5862068965517,0.26053018198367,0.719830831314323,0,0.820004050253005,0.146551724137931,1.74014324255639,4.29137215978985,zero,30,0,30,12,0.258620689655172,0.00829527579685785,0.035613481686628,0,0.0626153669410449,NaN,0.1,-0.191898478194335,0.285714285714286,0.0190000723665783,0.0637483015022891,0.0637483015022891,NaN,0.4,400,107,614,614,394,220,201,24,100,24,7660,93,123,123,123,123,116,116,116,116,116,0,30
LIRCMOP6_BC,1,ref_tau,410,132,1,0.22,132,0,0.00329880212917373,0.00740968904564377,132,30,3,0.00690990943830812,24.2424242424242,0.1620972150164,0.564638858229198,-0,0.812362742882711,0.181818181818182,1.16147503032629,3.39368805322292,zero,30,0,30,21,0.227272727272727,0.0374154973581073,0.0459136242708294,0,0.0690614549651155,NaN,0.0333333333333333,-0.145435658678213,0.0909090909090909,0.0541908573240638,0.0703798319981437,0.0703798319981437,NaN,0.7,400,116,632,632,379,253,255,23,100,23,10947,24,132,132,132,132,132,132,132,132,132,0,30
LIRCMOP6_BC,1,ref_tau,411,114,1,0.19,114,0,0.00337818241287295,0.00707286206855636,114,30,3,0.00596764906035701,28.0701754385965,0.1620972150164,0.706462709422202,0,0.648990248656214,0.210526315789474,2.16379201832718,3.39218093218088,zero,30,0,30,13,0.263157894736842,0.0265687380116079,0.0341477686220607,0,0.0426485335355863,NaN,0,-0.0492086261258123,0.157894736842105,0.0357576612259629,0.0460952701280615,0.0460952701280615,NaN,0.433333333333333,400,132,664,664,399,265,285,22,99,22,13760,46,120,120,120,114,114,114,114,114,114,0,30
LIRCMOP6_BC,1,ref_tau,412,122,1,0.21,122,0,0.00385349470847283,0.00826376904621378,122,30,3,0.0063864314505575,26.2295081967213,0.157201850848702,0.57460211809652,0,0.820004050253005,0.204918032786885,2.08251798375831,1.68307064034611,zero,30,0,30,2,0.245901639344262,0.00860229658512686,0.0233244647127186,0,0.0314521088297219,NaN,0,-0.0791379984464812,0.0952380952380952,0.0104556200091933,0.0347418821044036,0.0347418821044036,NaN,0.0666666666666667,400,114,628,628,374,254,219,22,100,22,9266,66,122,122,122,122,122,122,122,122,122,0,30
LIRCMOP6_BC,1,ref_tau,413,141,1,0.24,141,0,0.00516228064217559,0.0127108041704392,141,30,3,0.00738103962728367,22.6950354609929,0.1620972150164,0.612804360355489,-0,0.820004050253005,0.212765957446809,1.92937713543078,3.5253199372627,zero,30,0,30,13,0.212765957446809,0.0288490871682973,0.0382727308788211,0,0.0714420475823531,NaN,0.0666666666666667,-0.10085012345935,0.166666666666667,0.0423677723591671,0.0715451527830328,0.0715451527830328,NaN,0.433333333333333,400,122,644,644,363,281,270,25,100,25,11272,64,148,148,148,148,141,141,141,141,141,0,30
LIRCMOP6_BC,1,ref_tau,414,135,1,0.24,135,0,0.00481198945279715,0.0123914975851761,135,30,3,0.0070669528346333,23.7037037037037,0.1620972150164,0.498035614826738,0,0.875116292366809,0.207407407407407,1.60995099264308,0.977678717643194,zero,30,0,30,6,0.222222222222222,0.00528133601797857,0.0220316530729006,0,0.0268870478119227,NaN,0.0666666666666667,-0.154154594569787,0.0833333333333333,0.00813569155810836,0.0283470344050329,0.0283470344050329,NaN,0.2,400,141,682,682,385,297,277,25,100,25,11415,141,142,142,142,136,135,135,135,135,135,0,30
LIRCMOP6_BC,1,ref_tau,415,135,1,0.23,135,0,0.00367057750274044,0.00829798605369506,135,30,3,0.0070669528346333,23.7037037037037,0.163691260865927,0.498035614826738,0,0.789368461494705,0.222222222222222,1.93460855991273,0.826347849715702,zero,30,0,30,3,0.222222222222222,0.00993437287267679,0.0207761934333626,0,0.0391912132488455,NaN,0.133333333333333,-0.11848937639923,0.0869565217391304,0.0165294701278434,0.0401116486983414,0.0401116486983414,NaN,0.1,400,135,670,670,394,276,253,25,100,25,12754,132,135,135,135,135,135,135,135,135,135,0,30
LIRCMOP6_BC,1,ref_tau,416,176,1,0.3,176,0,0.00574801611061329,0.0154752731478098,176,30,3,0.00921321258441083,18.1818181818182,0.177258734078285,0.607346897175637,0.046745781078177,0.966761410768269,0.301136363636364,1.68318027435094,0.856179163883027,zero,30,0,30,5,0.170454545454545,0.00897136824190536,0.0167664871751222,0,0.0415615056322391,NaN,0.133333333333333,-0.163570319123096,0.0666666666666667,0.00951658121580093,0.0419020608626653,0.0419020608626653,NaN,0.166666666666667,400,135,670,670,378,292,283,31,100,31,11147,270,176,176,176,176,176,176,176,176,176,0,30
LIRCMOP6_BC,1,ref_tau,417,174,1,0.29,174,0,0.00395460846771762,0.0100537745188735,174,30,3,0.0091085169868607,18.3908045977011,0.1892370921068,0.558229728556962,-0,0.966761410768269,0.247126436781609,1.89565676194522,1.11359401015252,zero,30,0,30,10,0.172413793103448,0.00606073104561241,0.0148637179696414,0,0.037962758982404,NaN,0.233333333333333,-0.129461680638204,0.0689655172413793,0.00746095760979639,0.0382881463618999,0.0382881463618999,NaN,0.333333333333333,400,176,752,752,408,344,292,30,100,30,13382,335,174,174,174,174,174,174,174,174,174,0,30
LIRCMOP6_BC,1,ref_tau,418,181,1,0.31,181,0,0.00590466177202104,0.0129813756244693,181,30,3,0.00947495157828613,17.6795580110497,0.241124750701581,0.580059581276373,0.137335880114481,0.966761410768269,0.265193370165746,1.74615924195198,1.43643738865952,zero,30,0,30,4,0.165745856353591,0.0186991490541247,0.029219982533284,0,0.0507239131040927,NaN,0.233333333333333,-0.156824246894753,0.0645161290322581,0.0226223709996647,0.051215496200039,0.051215496200039,NaN,0.133333333333333,400,174,748,748,417,331,299,32,100,32,13273,281,181,181,181,181,181,181,181,181,181,0,30
LIRCMOP6_BC,1,ref_tau,419,186,1,0.31,186,0,0.00542409842847709,0.0130390038499823,186,30,3,0.00973669057216144,17.2043010752688,0.168627007181566,0.612804360355489,0.0919411827877525,0.859079592297279,0.258064516129032,1.80941072485646,1.4438253467636,zero,30,0,30,23,0.161290322580645,0.0373283245987645,0.0808396013957936,0,0.116432293663344,NaN,0.233333333333333,-0.152162826410894,0.0645161290322581,0.0465644953141803,0.116466809516393,0.116466809516393,NaN,0.766666666666667,400,181,762,762,425,337,306,32,100,32,15034,194,186,186,186,186,186,186,186,186,186,0,30
LIRCMOP6_BC,1,ref_tau,420,148,1,0.26,148,0,0.00442408631460446,0.015573398417478,148,30,3,0.0077474742187091,21.6216216216216,0.155097433637819,0.498035614826738,0,0.648990248656214,0.189189189189189,1.71048589623154,0.855078430600932,zero,30,0,30,11,0.202702702702703,0.00919482076321166,0.0432143882836316,0,0.0789126771734076,NaN,0.0666666666666667,-0.171706083178894,0.0769230769230769,0.0138346313550563,0.0789127706299253,0.0789127706299253,NaN,0.366666666666667,400,186,772,772,445,327,297,29,100,29,15324,363,159,159,159,153,148,148,148,148,148,0,30
LIRCMOP6_BC,1,ref_tau,421,178,1,0.31,178,0,0.00421115115733699,0.0107377777416402,178,30,3,0.00931790818196095,17.9775280898876,0.188978101462401,0.697217596298238,0.149176190128196,0.820637479902227,0.308988764044944,1.81102237742962,1.4175018065743,zero,30,0,30,1,0.168539325842697,0.0138030234665795,0.0208734646022429,0,0.0521132109366136,NaN,0.233333333333333,-0.167268585396822,0.0645161290322581,0.0175793027030486,0.0521708635015647,0.0521708635015647,NaN,0.0333333333333333,400,148,696,696,401,295,300,32,100,32,12492,155,181,181,181,181,178,178,178,178,178,0,30
LIRCMOP6_BC,1,ref_tau,422,186,1,0.31,186,0,0.00510757053253594,0.0120318042642485,186,30,3,0.00973669057216144,17.2043010752688,0.177258734078285,0.643716863612615,0.2650895356563,0.820637479902227,0.301075268817204,1.67561960736856,1.09924583583028,zero,30,0,30,6,0.161290322580645,0.0128391265163654,0.0273033463810136,0,0.0602160880574674,NaN,0.3,-0.127848883006949,0.129032258064516,0.0187619667140098,0.0603701763960452,0.0603701763960452,NaN,0.2,400,178,756,756,429,327,319,32,100,32,14681,290,186,186,186,186,186,186,186,186,186,0,30
LIRCMOP6_BC,1,ref_tau,423,198,1,0.33,198,0,0.00505163573060953,0.0134370655306024,198,30,3,0.0103648641574622,16.1616161616162,0.199144098736698,0.643716863612615,0.469769830181116,0.93142709993602,0.363636363636364,1.64777604192126,1.26563383282342,zero,30,0,30,8,0.151515151515152,0.0166268275128782,0.0261062232932528,0,0.0586562411346827,NaN,0.333333333333333,-0.0445791427084005,0.242424242424242,0.0237273513804871,0.059049287692807,0.059049287692807,NaN,0.266666666666667,400,186,772,772,441,331,339,36,100,36,14544,475,204,204,204,198,198,198,198,198,198,0,30
LIRCMOP6_BC,1,ref_tau,424,180,1,0.3,180,0,0.00439051200979404,0.0123411448309868,180,30,3,0.00942260377951107,17.7777777777778,0.176100643126523,0.595489873314536,0.0441901234007186,0.820004050253005,0.266666666666667,1.78957882184676,1.00937167340329,zero,30,0,30,22,0.166666666666667,0.0393653749072026,0.0459164174987207,0,0.0701240670203833,NaN,0.333333333333333,-0.120510697046121,0.133333333333333,0.0448673960093887,0.071037663300847,0.071037663300847,NaN,0.733333333333333,400,198,796,796,450,346,337,32,100,32,17925,457,180,180,180,180,180,180,180,180,180,0,30
LIRCMOP6_BC,1,ref_tau,425,72,1,0.12,72,0,0.00318795427753648,0.00903883221008787,72,30,3,0.00376904151180443,44.4444444444444,0.150390040043027,0.308680512705339,0.460851683256687,0.812133931313492,0.416666666666667,0.546494374975057,1.47619681724209,zero,30,0,30,15,0.416666666666667,0.0209250425176859,0.0469270032405132,0,0.0550106939079694,NaN,1,0.0739082880459789,0.166666666666667,0.0479621972310205,0.057235024174616,0.057235024174616,NaN,0.5,400,180,760,760,440,320,165,15,100,15,6063,327,84,84,84,75,72,72,72,72,72,0,30
LIRCMOP6_BC,1,ref_tau,426,66,1,0.11,66,0,0.00557629233602295,0.0159262226941714,66,30,3,0.00345495471915406,48.4848484848485,0.150123260963166,0.308680512705339,0.231888066810475,0.812133931313492,0.348484848484849,0.501846314080509,1.71122365741367,zero,30,0,30,27,0.454545454545455,0.0659737995801567,0.0992837555548336,0,0.116577583129328,NaN,1,0.0187783638573252,0.181818181818182,0.0752409089366396,0.117674220231993,0.117674220231993,NaN,0.9,400,72,544,544,330,214,167,14,100,14,4974,194,72,72,72,66,66,66,66,66,66,0,30
LIRCMOP6_BC,1,ref_tau,427,72,1,0.12,72,0,0.00422683044596087,0.00873377656189571,72,30,3,0.00376904151180443,44.4444444444444,0.150390040043027,0.308680512705339,0.341194536266531,0.812133931313492,0.416666666666667,0.31905500883927,1.04514739299049,zero,30,0,30,16,0.416666666666667,0.024822009606228,0.0453777098649544,0,0.0581163787443071,NaN,1,0.0968364925337824,0.166666666666667,0.0275014719697844,0.0525472739030232,0.0525472739030232,NaN,0.533333333333333,400,66,532,532,315,217,198,16,100,16,5874,208,72,72,72,72,72,72,72,72,72,0,30
LIRCMOP6_BC,1,ref_tau,428,74,1,0.13,74,0,0.00240787935600346,0.00939054685749304,74,30,3,0.00387373710935455,43.2432432432432,0.10728432646607,0.308680512705339,0.409640469297767,0.812133931313492,0.405405405405405,0.46786536497133,1.37064369469139,zero,30,0,30,20,0.405405405405405,0.0481935243762272,0.0702143597289817,0,0.0838212506811939,NaN,1,0.0809158369629962,0.153846153846154,0.0523578925786322,0.0844738068087204,0.0844738068087204,NaN,0.666666666666667,400,72,544,544,333,211,223,17,100,17,6195,186,74,74,74,74,74,74,74,74,74,0,30
LIRCMOP6_BC,1,ref_tau,429,72,1,0.12,72,0,0.00184353638560379,0.00751988518053799,72,30,3,0.00376904151180443,44.4444444444444,0.129254273207041,0.256947843791379,0.420897236876656,0.727874901208252,0.416666666666667,0.559451454967124,1.25419236725869,zero,30,0,30,20,0.416666666666667,0.0342906369399777,0.0540861407822523,0,0.0540861407822523,NaN,0.966666666666667,0.0994418094522996,0.166666666666667,0.0381593696434304,0.0567288001770435,0.0567288001770435,NaN,0.666666666666667,400,74,548,548,344,204,210,17,100,17,5678,181,78,78,78,78,72,72,72,72,72,0,30
LIRCMOP6_BC,1,ref_tau,430,60,1,0.1,60,0,0.00172860175538426,0.0072241065226436,60,30,3,0.00314086792650369,53.3333333333333,0.120707325591714,0.282814178248359,0.447643210373234,0.725868927830725,0.3,0.630896060383557,1.51498286981555,zero,30,0,30,14,0.5,0.0322305858312596,0.0489251898453115,0,0.0489251898453115,NaN,1,0.104738595019198,0.2,0.0354432254974296,0.0556258862635885,0.0556258862635885,NaN,0.466666666666667,400,72,544,544,342,202,193,18,100,18,5440,182,66,66,66,66,60,60,60,60,60,0,30
LIRCMOP6_BC,1,ref_tau,431,47,1,0.09,47,0,0.00188788454074102,0.00918228093259258,47,30,3,0.00246034654242789,68.0851063829787,0.150656819122889,0.308680512705339,-0,0.630839694070513,0.0425531914893617,0.492284594692374,0.708945372372312,zero,30,0,30,2,0.638297872340426,0.00321651298957332,0.00704396300621853,0,0.00840744268513648,NaN,0.766666666666667,0.0147647978802452,0.222222222222222,0.00636911713659315,0.00850869512779851,0.00850869512779851,NaN,0.0666666666666667,400,60,520,520,343,177,135,19,100,19,3114,290,74,74,74,59,47,47,47,47,47,0,30
LIRCMOP6_BC,1,ref_tau,432,88,1,0.16,88,0,0.00366993128381755,0.00701064186999282,88,30,3,0.00460660629220541,36.3636363636364,0.143692777972997,0.308680512705339,0.279864947985151,0.662748973659712,0.375,0.52436577132651,0.816316316114769,zero,30,0,30,14,0.340909090909091,0.038447772576978,0.0649159158041802,0,0.0746674617815139,NaN,0.8,0.0617934225337166,0.125,0.0388677728872465,0.0748728652348488,0.0748728652348488,NaN,0.466666666666667,400,47,494,494,313,181,179,23,100,23,3591,291,99,99,99,99,88,88,88,88,88,0,30
LIRCMOP6_BC,1,ref_tau,433,74,1,0.14,74,0,0.00284241346356023,0.00898005885287645,74,30,3,0.00387373710935455,43.2432432432432,0.146630129601195,0.308680512705339,0.191887162202911,0.662748973659712,0.337837837837838,0.467479428694239,1.17986800285061,zero,30,0,30,4,0.405405405405405,0.0241743439021701,0.0406639357561583,0,0.0406639357561583,NaN,0.7,0.00457229602455039,0.142857142857143,0.0243201086097323,0.0406849577494496,0.0406849577494496,NaN,0.133333333333333,400,88,576,576,340,236,207,22,100,22,5852,530,86,86,86,86,74,74,74,74,74,0,30
LIRCMOP6_BC,1,ref_tau,434,69,1,0.12,69,0,0.00322920822989884,0.00883693266321343,69,30,3,0.00361199811547924,46.3768115942029,0.129582638070783,0.256947843791379,0.10461505572774,0.527509552694829,0.391304347826087,0.360489355556753,0.744807124693301,zero,30,0,30,5,0.434782608695652,0.0175923533974969,0.0304238525050279,0,0.0304238525050279,NaN,0.4,-0.00111044286265852,0.166666666666667,0.0182455650569671,0.0321153509931033,0.0321153509931033,NaN,0.166666666666667,400,74,548,548,340,208,217,22,100,22,6335,475,85,85,85,79,69,69,69,69,69,0,30
LIRCMOP6_BC,1,ref_tau,435,75,1,0.14,75,0,0.00495800294251784,0.014891522180129,75,30,3,0.00392608490812961,42.6666666666667,0.123083308178737,0.308680512705339,0.332004979475378,0.662748973659712,0.533333333333333,0.365734796053307,0.621142907313368,zero,30,0,30,0,0.4,0.0138762050150089,0.0176900636011056,0,0.0176900636011056,NaN,0.666666666666667,0.00825356833625404,0,0.0144026508247248,0.0185478368911134,0.0185478368911134,NaN,0,400,69,538,538,328,210,169,21,100,21,4147,459,84,84,84,81,75,75,75,75,75,0,30
LIRCMOP6_BC,1,ref_tau,436,96,1,0.16,96,0,0.00393658008202806,0.0157504206201163,96,30,3,0.0050253886824059,33.3333333333333,0.154163470509021,0.308680512705339,0.261078913191196,0.665979561035666,0.458333333333333,0.380363593216231,1.07950253960688,zero,30,0,30,1,0.3125,0.00780556419621383,0.0268142786445493,0,0.0350077234814192,NaN,1,0.206330276492859,0.125,0.00929593495777702,0.0373114054177159,0.0373114054177159,NaN,0.0333333333333333,400,75,550,550,331,219,202,22,100,22,5463,620,96,96,96,96,96,96,96,96,96,0,30
LIRCMOP6_BC,1,ref_tau,437,66,1,0.11,66,0,0.00370640737966204,0.0105797405430548,66,30,3,0.00345495471915406,48.4848484848485,0.154320357345325,0.308680512705339,0.145508418608105,0.665979561035666,0.272727272727273,0.454025975875798,0.814938339839059,zero,30,0,30,4,0.454545454545455,0.0102080189987905,0.0243224619055789,0,0.0315987423596289,NaN,0.7,0.0169377591561897,0.181818181818182,0.0115968389740759,0.0345211178568242,0.0345211178568242,NaN,0.133333333333333,400,96,592,592,355,237,205,19,100,19,5809,654,84,84,84,72,66,66,66,66,66,0,30
LIRCMOP6_BC,1,ref_tau,438,68,1,0.12,68,0,0.00477121683604947,0.021225301485968,68,30,3,0.00355965031670418,47.0588235294118,0.173366492902174,0.256947843791379,0.290911819766994,0.448742980498618,0.470588235294118,0.457510758961322,0.938135104439719,zero,30,0,30,9,0.441176470588235,0.0158710469515388,0.0549574872153392,0,0.0898889847898714,NaN,0.666666666666667,0.0297259404257011,0.166666666666667,0.0263076279052808,0.096733574071622,0.096733574071622,NaN,0.3,400,66,532,532,314,218,173,20,100,20,4800,699,78,78,78,72,68,68,68,68,68,0,30
LIRCMOP6_BC,1,ref_tau,439,74,1,0.13,74,0,0.00766322959725868,0.0220081651425514,74,30,3,0.00387373710935455,43.2432432432432,0.163013105547146,0.308680512705339,0.356512113697183,0.553652915017011,0.405405405405405,0.395974674839979,0.793562683502228,zero,30,0,30,5,0.405405405405405,0.0103380329379541,0.0277785075784405,0,0.0538933173156926,NaN,0.733333333333333,0.00700826076416677,0.153846153846154,0.0138871023951408,0.0598314333523803,0.0598314333523803,NaN,0.166666666666667,400,68,536,536,312,224,193,23,100,23,5794,969,74,74,74,74,74,74,74,74,74,0,30
LIRCMOP6_BC,1,ref_tau,440,79,1,0.14,79,0,0.00704075592936293,0.0165849767313205,79,30,3,0.00413547610322986,40.5063291139241,0.156336491315957,0.308680512705339,0.304292783608048,0.652314934868171,0.392405063291139,0.380281454813679,0.632920715792542,zero,30,0,30,9,0.379746835443038,0.0211479247542305,0.0344626178237802,0,0.054096487567217,NaN,0,-0.0236649643177996,0.142857142857143,0.0357582953890538,0.0585453802127689,0.0585453802127689,NaN,0.3,400,74,548,548,337,211,202,24,100,24,5590,858,79,79,79,79,79,79,79,79,79,0,30
