problem,run,condition_mode,gen,bmem_count,boundary_count,bmem_ref_coverage,finite_gap_count,inf_gap_count,median_gap,max_gap,train_count,query_count,condition_dim,train_param_ratio,gan_sample_reuse,train_pair_dec_dist50,train_pair_dec_dist90,train_tau_iqr,train_tau_range,train_tau_nonzero_rate,train_x_rec90,train_y_rec90,sample_z_mode,missing_ref_query_count,large_gap_query_count,raw_generated_count,feasible_generated_count,generated_per_train,boundary_dist50,boundary_dist90,query_width90,segment_width90,segment_width90_ratio,side_rate,pair_margin50,ref_cover,query_obj_dist50,query_obj_dist90,missing_ref_query_obj_dist90,large_gap_query_obj_dist90,feasible_rate,boundary_sample_current_count,boundary_sample_prev_pair_count,boundary_sample_merged_count,boundary_sample_finite_count,boundary_feasible_count,boundary_infeasible_count,boundary_main_feasible_count,boundary_ref_with_main_feasible_count,boundary_ref_with_neighbor_infeasible_count,boundary_ref_pairable_count,boundary_pair_distance_count,boundary_pair_dominated_skip_count,boundary_pair_appended_count,boundary_candidate_raw_count,boundary_candidate_finite_count,boundary_candidate_pareto_count,boundary_candidate_gap_count,boundary_candidate_dedup_count,boundary_candidate_final_count,dataset_bmem_input_count,dataset_valid_train_count,dataset_invalid_train_count,dataset_query_count
LIRCMOP6_BC,1,ref_tau,1,0,0,NaN,0,0,NaN,NaN,0,0,3,0,NaN,NaN,NaN,NaN,NaN,NaN,NaN,NaN,zero,0,0,0,0,NaN,NaN,NaN,NaN,NaN,NaN,NaN,NaN,NaN,NaN,NaN,NaN,NaN,NaN,400,0,400,400,400,0,5,5,0,0,0,0,0,0,0,0,0,0,0,0,0,0,0
LIRCMOP6_BC,1,ref_tau,2,0,0,NaN,0,0,NaN,NaN,0,0,3,0,NaN,NaN,NaN,NaN,NaN,NaN,NaN,NaN,zero,0,0,0,0,NaN,NaN,NaN,NaN,NaN,NaN,NaN,NaN,NaN,NaN,NaN,NaN,NaN,NaN,400,0,400,400,400,0,11,9,0,0,0,0,0,0,0,0,0,0,0,0,0,0,0
LIRCMOP6_BC,1,ref_tau,3,0,0,NaN,0,0,NaN,NaN,0,0,3,0,NaN,NaN,NaN,NaN,NaN,NaN,NaN,NaN,zero,0,0,0,0,NaN,NaN,NaN,NaN,NaN,NaN,NaN,NaN,NaN,NaN,NaN,NaN,NaN,NaN,400,0,400,400,400,0,13,10,0,0,0,0,0,0,0,0,0,0,0,0,0,0,0
LIRCMOP6_BC,1,ref_tau,4,0,0,NaN,0,0,NaN,NaN,0,0,3,0,NaN,NaN,NaN,NaN,NaN,NaN,NaN,NaN,zero,0,0,0,0,NaN,NaN,NaN,NaN,NaN,NaN,NaN,NaN,NaN,NaN,NaN,NaN,NaN,NaN,400,0,400,400,400,0,9,8,0,0,0,0,0,0,0,0,0,0,0,0,0,0,0
LIRCMOP6_BC,1,ref_tau,5,0,0,NaN,0,0,NaN,NaN,0,0,3,0,NaN,NaN,NaN,NaN,NaN,NaN,NaN,NaN,zero,0,0,0,0,NaN,NaN,NaN,NaN,NaN,NaN,NaN,NaN,NaN,NaN,NaN,NaN,NaN,NaN,400,0,400,400,400,0,11,8,0,0,0,0,0,0,0,0,0,0,0,0,0,0,0
LIRCMOP6_BC,1,ref_tau,6,0,0,NaN,0,0,NaN,NaN,0,0,3,0,NaN,NaN,NaN,NaN,NaN,NaN,NaN,NaN,zero,0,0,0,0,NaN,NaN,NaN,NaN,NaN,NaN,NaN,NaN,NaN,NaN,NaN,NaN,NaN,NaN,400,0,400,400,400,0,12,7,0,0,0,0,0,0,0,0,0,0,0,0,0,0,0
LIRCMOP6_BC,1,ref_tau,7,0,0,NaN,0,0,NaN,NaN,0,0,3,0,NaN,NaN,NaN,NaN,NaN,NaN,NaN,NaN,zero,0,0,0,0,NaN,NaN,NaN,NaN,NaN,NaN,NaN,NaN,NaN,NaN,NaN,NaN,NaN,NaN,400,0,400,400,400,0,21,12,0,0,0,0,0,0,0,0,0,0,0,0,0,0,0
LIRCMOP6_BC,1,ref_tau,8,0,0,NaN,0,0,NaN,NaN,0,0,3,0,NaN,NaN,NaN,NaN,NaN,NaN,NaN,NaN,zero,0,0,0,0,NaN,NaN,NaN,NaN,NaN,NaN,NaN,NaN,NaN,NaN,NaN,NaN,NaN,NaN,400,0,400,400,400,0,19,8,0,0,0,0,0,0,0,0,0,0,0,0,0,0,0
LIRCMOP6_BC,1,ref_tau,9,0,0,NaN,0,0,NaN,NaN,0,0,3,0,NaN,NaN,NaN,NaN,NaN,NaN,NaN,NaN,zero,0,0,0,0,NaN,NaN,NaN,NaN,NaN,NaN,NaN,NaN,NaN,NaN,NaN,NaN,NaN,NaN,400,0,400,400,400,0,24,15,0,0,0,0,0,0,0,0,0,0,0,0,0,0,0
LIRCMOP6_BC,1,ref_tau,10,0,0,NaN,0,0,NaN,NaN,0,0,3,0,NaN,NaN,NaN,NaN,NaN,NaN,NaN,NaN,zero,0,0,0,0,NaN,NaN,NaN,NaN,NaN,NaN,NaN,NaN,NaN,NaN,NaN,NaN,NaN,NaN,400,0,400,400,400,0,26,18,0,0,0,0,0,0,0,0,0,0,0,0,0,0,0
LIRCMOP6_BC,1,ref_tau,11,0,0,NaN,0,0,NaN,NaN,0,0,3,0,NaN,NaN,NaN,NaN,NaN,NaN,NaN,NaN,zero,0,0,0,0,NaN,NaN,NaN,NaN,NaN,NaN,NaN,NaN,NaN,NaN,NaN,NaN,NaN,NaN,400,0,400,400,400,0,52,28,0,0,0,0,0,0,0,0,0,0,0,0,0,0,0
LIRCMOP6_BC,1,ref_tau,12,0,0,NaN,0,0,NaN,NaN,0,0,3,0,NaN,NaN,NaN,NaN,NaN,NaN,NaN,NaN,zero,0,0,0,0,NaN,NaN,NaN,NaN,NaN,NaN,NaN,NaN,NaN,NaN,NaN,NaN,NaN,NaN,400,0,400,400,400,0,59,26,0,0,0,0,0,0,0,0,0,0,0,0,0,0,0
LIRCMOP6_BC,1,ref_tau,13,0,0,NaN,0,0,NaN,NaN,0,0,3,0,NaN,NaN,NaN,NaN,NaN,NaN,NaN,NaN,zero,0,0,0,0,NaN,NaN,NaN,NaN,NaN,NaN,NaN,NaN,NaN,NaN,NaN,NaN,NaN,NaN,400,0,400,400,400,0,53,22,0,0,0,0,0,0,0,0,0,0,0,0,0,0,0
LIRCMOP6_BC,1,ref_tau,14,0,0,NaN,0,0,NaN,NaN,0,0,3,0,NaN,NaN,NaN,NaN,NaN,NaN,NaN,NaN,zero,0,0,0,0,NaN,NaN,NaN,NaN,NaN,NaN,NaN,NaN,NaN,NaN,NaN,NaN,NaN,NaN,400,0,400,400,400,0,55,27,0,0,0,0,0,0,0,0,0,0,0,0,0,0,0
LIRCMOP6_BC,1,ref_tau,15,0,0,NaN,0,0,NaN,NaN,0,0,3,0,NaN,NaN,NaN,NaN,NaN,NaN,NaN,NaN,zero,0,0,0,0,NaN,NaN,NaN,NaN,NaN,NaN,NaN,NaN,NaN,NaN,NaN,NaN,NaN,NaN,400,0,400,400,400,0,56,27,0,0,0,0,0,0,0,0,0,0,0,0,0,0,0
LIRCMOP6_BC,1,ref_tau,16,0,0,NaN,0,0,NaN,NaN,0,0,3,0,NaN,NaN,NaN,NaN,NaN,NaN,NaN,NaN,zero,0,0,0,0,NaN,NaN,NaN,NaN,NaN,NaN,NaN,NaN,NaN,NaN,NaN,NaN,NaN,NaN,400,0,400,400,400,0,86,33,0,0,0,0,0,0,0,0,0,0,0,0,0,0,0
LIRCMOP6_BC,1,ref_tau,17,0,0,NaN,0,0,NaN,NaN,0,0,3,0,NaN,NaN,NaN,NaN,NaN,NaN,NaN,NaN,zero,0,0,0,0,NaN,NaN,NaN,NaN,NaN,NaN,NaN,NaN,NaN,NaN,NaN,NaN,NaN,NaN,400,0,400,400,400,0,64,33,0,0,0,0,0,0,0,0,0,0,0,0,0,0,0
LIRCMOP6_BC,1,ref_tau,18,0,0,NaN,0,0,NaN,NaN,0,0,3,0,NaN,NaN,NaN,NaN,NaN,NaN,NaN,NaN,zero,0,0,0,0,NaN,NaN,NaN,NaN,NaN,NaN,NaN,NaN,NaN,NaN,NaN,NaN,NaN,NaN,400,0,400,400,400,0,89,33,0,0,0,0,0,0,0,0,0,0,0,0,0,0,0
LIRCMOP6_BC,1,ref_tau,19,0,0,NaN,0,0,NaN,NaN,0,0,3,0,NaN,NaN,NaN,NaN,NaN,NaN,NaN,NaN,zero,0,0,0,0,NaN,NaN,NaN,NaN,NaN,NaN,NaN,NaN,NaN,NaN,NaN,NaN,NaN,NaN,400,0,400,400,400,0,98,41,0,0,0,0,0,0,0,0,0,0,0,0,0,0,0
LIRCMOP6_BC,1,ref_tau,20,0,0,NaN,0,0,NaN,NaN,0,0,3,0,NaN,NaN,NaN,NaN,NaN,NaN,NaN,NaN,zero,0,0,0,0,NaN,NaN,NaN,NaN,NaN,NaN,NaN,NaN,NaN,NaN,NaN,NaN,NaN,NaN,400,0,400,400,400,0,130,49,0,0,0,0,0,0,0,0,0,0,0,0,0,0,0
LIRCMOP6_BC,1,ref_tau,21,0,0,NaN,0,0,NaN,NaN,0,0,3,0,NaN,NaN,NaN,NaN,NaN,NaN,NaN,NaN,zero,0,0,0,0,NaN,NaN,NaN,NaN,NaN,NaN,NaN,NaN,NaN,NaN,NaN,NaN,NaN,NaN,400,0,400,400,400,0,105,37,0,0,0,0,0,0,0,0,0,0,0,0,0,0,0
LIRCMOP6_BC,1,ref_tau,22,0,0,NaN,0,0,NaN,NaN,0,0,3,0,NaN,NaN,NaN,NaN,NaN,NaN,NaN,NaN,zero,0,0,0,0,NaN,NaN,NaN,NaN,NaN,NaN,NaN,NaN,NaN,NaN,NaN,NaN,NaN,NaN,400,0,400,400,400,0,122,40,0,0,0,0,0,0,0,0,0,0,0,0,0,0,0
LIRCMOP6_BC,1,ref_tau,23,0,0,NaN,0,0,NaN,NaN,0,0,3,0,NaN,NaN,NaN,NaN,NaN,NaN,NaN,NaN,zero,0,0,0,0,NaN,NaN,NaN,NaN,NaN,NaN,NaN,NaN,NaN,NaN,NaN,NaN,NaN,NaN,400,0,400,400,400,0,115,35,0,0,0,0,0,0,0,0,0,0,0,0,0,0,0
LIRCMOP6_BC,1,ref_tau,24,0,0,NaN,0,0,NaN,NaN,0,0,3,0,NaN,NaN,NaN,NaN,NaN,NaN,NaN,NaN,zero,0,0,0,0,NaN,NaN,NaN,NaN,NaN,NaN,NaN,NaN,NaN,NaN,NaN,NaN,NaN,NaN,400,0,400,400,400,0,105,37,0,0,0,0,0,0,0,0,0,0,0,0,0,0,0
LIRCMOP6_BC,1,ref_tau,25,0,0,NaN,0,0,NaN,NaN,0,0,3,0,NaN,NaN,NaN,NaN,NaN,NaN,NaN,NaN,zero,0,0,0,0,NaN,NaN,NaN,NaN,NaN,NaN,NaN,NaN,NaN,NaN,NaN,NaN,NaN,NaN,400,0,400,400,400,0,124,36,0,0,0,0,0,0,0,0,0,0,0,0,0,0,0
LIRCMOP6_BC,1,ref_tau,26,0,0,NaN,0,0,NaN,NaN,0,0,3,0,NaN,NaN,NaN,NaN,NaN,NaN,NaN,NaN,zero,0,0,0,0,NaN,NaN,NaN,NaN,NaN,NaN,NaN,NaN,NaN,NaN,NaN,NaN,NaN,NaN,400,0,400,400,400,0,122,38,0,0,0,0,0,0,0,0,0,0,0,0,0,0,0
LIRCMOP6_BC,1,ref_tau,27,0,0,NaN,0,0,NaN,NaN,0,0,3,0,NaN,NaN,NaN,NaN,NaN,NaN,NaN,NaN,zero,0,0,0,0,NaN,NaN,NaN,NaN,NaN,NaN,NaN,NaN,NaN,NaN,NaN,NaN,NaN,NaN,400,0,400,400,400,0,150,44,0,0,0,0,0,0,0,0,0,0,0,0,0,0,0
LIRCMOP6_BC,1,ref_tau,28,0,0,NaN,0,0,NaN,NaN,0,0,3,0,NaN,NaN,NaN,NaN,NaN,NaN,NaN,NaN,zero,0,0,0,0,NaN,NaN,NaN,NaN,NaN,NaN,NaN,NaN,NaN,NaN,NaN,NaN,NaN,NaN,400,0,400,400,400,0,121,40,0,0,0,0,0,0,0,0,0,0,0,0,0,0,0
LIRCMOP6_BC,1,ref_tau,29,0,0,NaN,0,0,NaN,NaN,0,0,3,0,NaN,NaN,NaN,NaN,NaN,NaN,NaN,NaN,zero,0,0,0,0,NaN,NaN,NaN,NaN,NaN,NaN,NaN,NaN,NaN,NaN,NaN,NaN,NaN,NaN,400,0,400,400,400,0,135,41,0,0,0,0,0,0,0,0,0,0,0,0,0,0,0
LIRCMOP6_BC,1,ref_tau,30,0,0,NaN,0,0,NaN,NaN,0,0,3,0,NaN,NaN,NaN,NaN,NaN,NaN,NaN,NaN,zero,0,0,0,0,NaN,NaN,NaN,NaN,NaN,NaN,NaN,NaN,NaN,NaN,NaN,NaN,NaN,NaN,400,0,400,400,400,0,174,37,0,0,0,0,0,0,0,0,0,0,0,0,0,0,0
LIRCMOP6_BC,1,ref_tau,31,0,0,NaN,0,0,NaN,NaN,0,0,3,0,NaN,NaN,NaN,NaN,NaN,NaN,NaN,NaN,zero,0,0,0,0,NaN,NaN,NaN,NaN,NaN,NaN,NaN,NaN,NaN,NaN,NaN,NaN,NaN,NaN,400,0,400,400,400,0,145,41,0,0,0,0,0,0,0,0,0,0,0,0,0,0,0
LIRCMOP6_BC,1,ref_tau,32,0,0,NaN,0,0,NaN,NaN,0,0,3,0,NaN,NaN,NaN,NaN,NaN,NaN,NaN,NaN,zero,0,0,0,0,NaN,NaN,NaN,NaN,NaN,NaN,NaN,NaN,NaN,NaN,NaN,NaN,NaN,NaN,400,0,400,400,400,0,153,46,0,0,0,0,0,0,0,0,0,0,0,0,0,0,0
LIRCMOP6_BC,1,ref_tau,33,0,0,NaN,0,0,NaN,NaN,0,0,3,0,NaN,NaN,NaN,NaN,NaN,NaN,NaN,NaN,zero,0,0,0,0,NaN,NaN,NaN,NaN,NaN,NaN,NaN,NaN,NaN,NaN,NaN,NaN,NaN,NaN,400,0,400,400,400,0,184,50,0,0,0,0,0,0,0,0,0,0,0,0,0,0,0
LIRCMOP6_BC,1,ref_tau,34,0,0,NaN,0,0,NaN,NaN,0,0,3,0,NaN,NaN,NaN,NaN,NaN,NaN,NaN,NaN,zero,0,0,0,0,NaN,NaN,NaN,NaN,NaN,NaN,NaN,NaN,NaN,NaN,NaN,NaN,NaN,NaN,400,0,400,400,400,0,137,45,0,0,0,0,0,0,0,0,0,0,0,0,0,0,0
LIRCMOP6_BC,1,ref_tau,35,0,0,NaN,0,0,NaN,NaN,0,0,3,0,NaN,NaN,NaN,NaN,NaN,NaN,NaN,NaN,zero,0,0,0,0,NaN,NaN,NaN,NaN,NaN,NaN,NaN,NaN,NaN,NaN,NaN,NaN,NaN,NaN,400,0,400,400,400,0,143,46,0,0,0,0,0,0,0,0,0,0,0,0,0,0,0
LIRCMOP6_BC,1,ref_tau,36,0,0,NaN,0,0,NaN,NaN,0,0,3,0,NaN,NaN,NaN,NaN,NaN,NaN,NaN,NaN,zero,0,0,0,0,NaN,NaN,NaN,NaN,NaN,NaN,NaN,NaN,NaN,NaN,NaN,NaN,NaN,NaN,400,0,400,400,400,0,142,40,0,0,0,0,0,0,0,0,0,0,0,0,0,0,0
LIRCMOP6_BC,1,ref_tau,37,0,0,NaN,0,0,NaN,NaN,0,0,3,0,NaN,NaN,NaN,NaN,NaN,NaN,NaN,NaN,zero,0,0,0,0,NaN,NaN,NaN,NaN,NaN,NaN,NaN,NaN,NaN,NaN,NaN,NaN,NaN,NaN,400,0,400,400,400,0,163,44,0,0,0,0,0,0,0,0,0,0,0,0,0,0,0
LIRCMOP6_BC,1,ref_tau,38,0,0,NaN,0,0,NaN,NaN,0,0,3,0,NaN,NaN,NaN,NaN,NaN,NaN,NaN,NaN,zero,0,0,0,0,NaN,NaN,NaN,NaN,NaN,NaN,NaN,NaN,NaN,NaN,NaN,NaN,NaN,NaN,400,0,400,400,400,0,171,40,0,0,0,0,0,0,0,0,0,0,0,0,0,0,0
LIRCMOP6_BC,1,ref_tau,39,0,0,NaN,0,0,NaN,NaN,0,0,3,0,NaN,NaN,NaN,NaN,NaN,NaN,NaN,NaN,zero,0,0,0,0,NaN,NaN,NaN,NaN,NaN,NaN,NaN,NaN,NaN,NaN,NaN,NaN,NaN,NaN,400,0,400,400,400,0,69,31,0,0,0,0,0,0,0,0,0,0,0,0,0,0,0
LIRCMOP6_BC,1,ref_tau,40,3,1,0.02,3,0,0.0125149603710269,0.0125149603710269,3,5,3,0.00073837066207236,40,0.299773574727974,0.299773574727974,0,0,0,1.38359607782069,24.8047574937904,random,3,2,5,5,1.66666666666667,0.366927470734171,0.375303576316885,0,0.375303576316885,176.953427420989,1,0.0903328519100897,1,0.367314289312613,0.375700154033183,0.370293122700887,0.375700154033183,1,400,0,400,400,399,1,121,36,9,2,3,0,3,3,3,3,3,3,3,3,3,0,5
LIRCMOP6_BC,1,ref_tau,41,9,1,0.03,9,0,0.0115526963800119,0.0129925455052698,9,12,3,0.00221511198621708,40,0.246266882993517,0.299773574727974,0,0,0,1.38929959469097,24.8931416415856,random,4,8,12,12,1.33333333333333,0.361246607923549,0.368033282853943,0,0.368033282853943,NaN,1,0.0587083339987813,1,0.36242998847341,0.368472711923526,0.371193112628557,0.366154220323981,1,400,3,406,406,402,4,141,41,9,3,28,0,9,9,9,9,9,9,9,9,9,0,12
LIRCMOP6_BC,1,ref_tau,42,15,1,0.06,15,0,0.012987049989121,0.0176088546585743,15,30,3,0.0036918533103618,40,0.293907776450987,0.323552793515365,0,0.22878623890191,0.2,1.38323689211201,24.7132557630385,random,24,6,30,30,2,0.347014694699981,0.354553388421717,0,0.358988079872455,NaN,1,0.0838858997595299,1,0.35252535448068,0.359337539900474,0.356508013552932,0.359548716944535,1,400,9,418,418,407,11,160,41,18,7,122,0,17,17,17,17,15,15,15,15,15,0,30
LIRCMOP6_BC,1,ref_tau,43,26,1,0.1,26,0,0.0137400101352712,0.024148352848059,26,30,3,0.00639921240462712,40,0.287364185770265,0.322575466974042,0.22878623890191,0.632659448063763,0.384615384615385,1.40845858002557,23.7780965690977,random,21,9,30,30,1.15384615384615,0.338389919042949,0.346952274860488,0,0.348461863467778,NaN,1,0.0501914001207926,0.9,0.344085701530437,0.350062426814918,0.352158837095269,0.348308540825987,1,400,15,430,430,410,20,145,40,30,11,183,0,29,29,29,27,26,26,26,26,26,0,30
LIRCMOP6_BC,1,ref_tau,44,31,1,0.11,31,0,0.00956041389133108,0.0278125370570122,31,30,3,0.00762983017474772,40,0.320748461483605,0.394851907796947,0,0.632659448063763,0.193548387096774,1.37614756717861,22.6290169416927,random,28,2,30,30,0.967741935483871,0.320989026563858,0.332755245651954,0,0.333078160312648,NaN,0.533333333333333,0.00801161158278252,1,0.327445412828819,0.333905040758368,0.334210796433927,0.332761656437191,1,400,26,452,452,420,32,187,35,39,13,376,0,37,37,37,34,31,31,31,31,31,0,30
LIRCMOP6_BC,1,ref_tau,45,33,1,0.11,33,0,0.0103645340947491,0.0219272803126621,33,30,3,0.00812207728279596,38.7878787878788,0.294618984770866,0.371288275656375,0.0223046143238165,0.605233140193388,0.272727272727273,1.32854650060173,20.4365742770731,random,25,5,30,30,0.909090909090909,0.285444298170826,0.294766217175877,0,0.300657397637923,NaN,0.4,-0.0096270514340987,1,0.291304200031526,0.300657397637923,0.30003439936529,0.301280395910555,1,400,31,462,462,423,39,126,34,42,12,426,0,36,36,36,33,33,33,33,33,33,0,30
LIRCMOP6_BC,1,ref_tau,46,34,1,0.12,34,0,0.00562768772928068,0.0143429716075685,34,30,3,0.00836820083682008,37.6470588235294,0.294618984770866,0.33796438652478,0,0.33254567095012,0.0588235294117647,1.31334062329577,18.0477489617077,random,20,10,30,30,0.882352941176471,0.258499736801639,0.263375059308153,0,0.266850536026652,NaN,0.333333333333333,-0.0204376648664518,0.833333333333333,0.263518092434831,0.268690673130317,0.267507880640453,0.276660524242023,1,400,33,466,466,423,43,175,37,40,14,585,0,42,42,42,39,34,34,34,34,34,0,30
LIRCMOP6_BC,1,ref_tau,47,42,1,0.14,42,0,0.00629707624900181,0.011327571077783,42,30,3,0.010337189269013,30.4761904761905,0.291348083483235,0.347874489454708,0,0.415877395515527,0.142857142857143,1.30113987042977,17.8761463070107,random,22,8,30,30,0.714285714285714,0.2582401729292,0.266676375844267,0,0.267959862857819,NaN,0.333333333333333,-0.0124911093070675,0.857142857142857,0.260617113381954,0.268339561851968,0.267748667701443,0.268509025893963,1,400,34,468,468,425,43,150,38,41,15,608,0,45,45,45,45,42,42,42,42,42,0,30
LIRCMOP6_BC,1,ref_tau,48,51,1,0.17,51,0,0.00619725586133982,0.0111395667992805,51,30,3,0.0125523012552301,25.0980392156863,0.300375569133347,0.381297541360116,0,0.415877395515527,0.176470588235294,1.30533344417252,16.2416006109662,random,20,10,30,30,0.588235294117647,0.235986711959885,0.251252576641261,0,0.253177220699933,NaN,0.5,0.000795886539188162,0.941176470588235,0.237424878458451,0.253415743495403,0.248796498987742,0.257519443714251,1,400,42,484,484,431,53,209,47,42,19,979,0,57,57,57,57,51,51,51,51,51,0,30
LIRCMOP6_BC,1,ref_tau,49,51,1,0.17,51,0,0.00553323173744505,0.0088261194927647,51,30,3,0.0125523012552301,25.0980392156863,0.300375569133347,0.376125927823328,0,0.415877395515527,0.117647058823529,1.28315582893007,12.4060478752822,random,15,15,30,30,0.588235294117647,0.189628430642242,0.194003352251598,0,0.195050980016448,NaN,0.633333333333333,0.00743940243720476,1,0.191176109884462,0.195610427922053,0.195297435752455,0.19592342009165,1,400,51,502,502,439,63,175,45,44,20,1375,0,60,60,60,60,51,51,51,51,51,0,30
LIRCMOP6_BC,1,ref_tau,50,55,1,0.19,55,0,0.00486324942882732,0.015598068822084,55,30,3,0.0135367954713266,23.2727272727273,0.294618984770866,0.499254069045252,0,0.488666883006634,0.109090909090909,1.25780679372491,10.4830615681916,random,15,15,30,30,0.545454545454545,0.15496012401656,0.159322429346184,0,0.16279998444774,NaN,0.4,-0.00708082092440698,0.947368421052632,0.15644711874168,0.16279998444774,0.161470859437855,0.167202961829277,1,400,51,502,502,437,65,198,44,42,24,1845,0,70,70,70,69,55,55,55,55,55,0,30
LIRCMOP6_BC,1,ref_tau,51,59,1,0.2,59,0,0.00516842028857084,0.0113772768635003,59,30,3,0.0145212896874231,21.6949152542373,0.294618984770866,0.502367402793887,0,0.415877395515527,0.152542372881356,1.17358011284804,10.0547699519119,random,27,3,30,30,0.508474576271186,0.153685215581098,0.159333999744501,0,0.161675469728837,NaN,0.7,0.0135206991253642,0.85,0.155997122315967,0.161719372632759,0.161748505978169,0.155728926160161,1,400,55,510,510,436,74,181,43,52,22,1454,0,65,65,65,65,59,59,59,59,59,0,30
LIRCMOP6_BC,1,ref_tau,52,72,1,0.24,72,0,0.00505389130832631,0.0107837949785127,72,30,3,0.0177208958897366,17.7777777777778,0.285724414938896,0.475642638577224,0.00572096492301552,0.488721664462473,0.25,0.952692697297445,6.03418102165034,random,26,4,30,30,0.416666666666667,0.0911690832651684,0.0958114293788314,0,0.100185703581078,NaN,0.633333333333333,0.0187221226452705,0.875,0.0956211682718417,0.101100271828059,0.101664227156293,0.0972988363797644,1,400,59,518,518,441,77,198,50,55,28,1471,0,83,83,83,83,72,72,72,72,72,0,30
LIRCMOP6_BC,1,ref_tau,53,78,1,0.26,78,0,0.00555347584438478,0.0107487791761933,78,30,3,0.0191976372138814,16.4102564102564,0.297994194739057,0.485751047663674,0,0.780868864035189,0.115384615384615,0.791583408308838,3.12403796739527,random,17,13,30,30,0.384615384615385,0.0390889527930449,0.0403574870162094,0,0.0561610075320539,NaN,0.566666666666667,0.001035465587022,0.807692307692308,0.0428338511893306,0.0561610075320539,0.054588404063299,0.0580056429389091,1,400,72,544,544,456,88,224,52,49,32,3000,0,96,96,96,96,78,78,78,78,78,0,30
LIRCMOP6_BC,1,ref_tau,54,66,1,0.22,66,0,0.00472877333339055,0.011164903475265,66,30,3,0.0162441545655919,19.3939393939394,0.320146069915261,0.485751047663674,0,0.780868864035189,0.136363636363636,0.892107641311585,4.81787949613664,random,14,16,30,30,0.454545454545455,0.0680636037584035,0.0707565216409375,0,0.0884454857287028,NaN,0.4,-0.0134832600369236,1,0.0710405372784365,0.0899016778987979,0.0828261740357595,0.0930959313895219,1,400,78,556,556,449,107,247,57,48,28,3375,0,84,84,84,81,66,66,66,66,66,0,30
LIRCMOP6_BC,1,ref_tau,55,74,1,0.25,74,0,0.0048701931574858,0.00792619142876666,74,30,3,0.0182131429977849,17.2972972972973,0.32046175800276,0.509140927495886,-0,0.780868864035189,0.162162162162162,1.08974234746728,7.89214229812475,random,21,9,30,30,0.405405405405405,0.12468936057702,0.129902881247594,0,0.144456468790224,NaN,0.366666666666667,-0.0376132014877887,0.64,0.12738441643821,0.146009744523365,0.141298084126783,0.162032432530701,1,400,66,532,532,433,99,221,54,53,32,2651,0,95,95,95,95,74,74,74,74,74,0,30
LIRCMOP6_BC,1,ref_tau,56,75,1,0.25,75,0,0.00528606603636266,0.0126800020177343,75,30,3,0.018459266551809,17.0666666666667,0.325960296617941,0.545925474299774,0,0.780868864035189,0.12,1.10848082869819,9.44668770908305,random,20,10,30,30,0.4,0.151941029559784,0.157566760932181,0,0.174782034338574,NaN,0.366666666666667,-0.0208316306478539,0.68,0.160387779332357,0.175688837316616,0.172749812274794,0.175688837316616,1,400,74,548,548,450,98,223,55,53,30,3477,0,90,90,90,90,75,75,75,75,75,0,30
LIRCMOP6_BC,1,ref_tau,57,81,1,0.27,81,0,0.00455649944104188,0.0154574074243592,81,30,3,0.0199360078759537,15.8024691358025,0.326085896483344,0.56785431231618,0,0.780868864035189,0.185185185185185,1.0289774844339,8.48762960820391,random,21,9,30,30,0.37037037037037,0.122776509134538,0.128188636154489,0,0.130267967159341,NaN,0.466666666666667,-0.00816511183796687,0.555555555555556,0.126982848409058,0.131379844504168,0.132167133984666,0.129356509164413,1,400,75,550,550,440,110,183,57,56,32,2748,0,96,96,96,96,81,81,81,81,81,0,30
LIRCMOP6_BC,1,ref_tau,58,75,1,0.25,75,0,0.00357373427265385,0.0125571517181705,75,30,3,0.018459266551809,17.0666666666667,0.365285349600787,0.558292830371631,0,0.780868864035189,0.16,1.04728276483857,7.19535631942701,random,21,9,30,30,0.4,0.100998953935105,0.118430291479956,0,0.124511952096313,NaN,0.366666666666667,-0.0168401970691714,0.72,0.106879338491986,0.12453832482938,0.124193622937954,0.120808601695647,1,400,81,562,562,449,113,216,53,54,29,3473,0,87,87,87,87,75,75,75,75,75,0,30
LIRCMOP6_BC,1,ref_tau,59,83,1,0.29,83,0,0.00370440832674831,0.0105035218422697,83,30,3,0.020428254984002,15.421686746988,0.44733135741438,0.606289004616593,0,0.938483419903633,0.228915662650602,1.01575259583098,6.60339072768187,random,21,9,30,30,0.36144578313253,0.0874246580149404,0.0993982775963495,0,0.104759923693744,NaN,0.466666666666667,-0.00376112016123048,0.724137931034483,0.0915443404935151,0.10570010759595,0.105846607796326,0.101599695005212,1,400,75,550,550,444,106,219,55,60,34,2707,0,102,102,102,99,83,83,83,83,83,0,30
LIRCMOP6_BC,1,ref_tau,60,82,1,0.28,82,0,0.00424566175410482,0.0099201179289135,82,30,3,0.0201821314299778,15.609756097561,0.44733135741438,0.606289004616593,0,0.780868864035189,0.146341463414634,0.953629728405698,6.93817922745346,random,20,10,30,30,0.365853658536585,0.0906260652654983,0.100553990385096,0,0.106042697343633,NaN,0.4,-0.00270460561001934,0.642857142857143,0.0955896711221821,0.10625752897811,0.10625752897811,0.105095250546622,1,400,83,566,566,458,108,241,51,53,32,3435,0,94,94,94,94,82,82,82,82,82,0,30
LIRCMOP6_BC,1,ref_tau,61,81,1,0.27,81,0,0.00361740518260273,0.0100749859733209,81,30,3,0.0199360078759537,15.8024691358025,0.365285349600787,0.606289004616593,0,0.780868864035189,0.111111111111111,0.951929206665287,6.42143313367947,random,30,0,30,30,0.37037037037037,0.088344743694707,0.0916911918649912,0,0.101938104516471,NaN,0.433333333333333,-0.0101947645996028,0.851851851851852,0.0923700778334152,0.102725337181686,0.102725337181686,NaN,1,400,82,564,564,449,115,199,49,62,32,2791,0,96,96,96,90,81,81,81,81,81,0,30
LIRCMOP6_BC,1,ref_tau,62,42,1,0.14,42,0,0.00451452310594322,0.0091646640807048,42,30,3,0.010337189269013,30.4761904761905,0.336832123354911,0.486518593722227,0.203105558399248,0.608378194184757,0.261904761904762,0.97567205910199,7.55877518513122,random,30,0,30,30,0.714285714285714,0.0963984361656556,0.0995034945738079,0,0.102099581558957,NaN,0.4,-0.00479783324897676,0.285714285714286,0.103123912294915,0.110504123987574,0.110504123987574,NaN,1,400,81,562,562,449,113,162,39,62,20,1443,20,57,57,57,51,42,42,42,42,42,0,30
LIRCMOP6_BC,1,ref_tau,63,39,1,0.13,39,0,0.00494718632741869,0.017018097011441,39,30,3,0.00959881860694068,32.8205128205128,0.305518707239207,0.509140927495886,0,0.51993711695903,0.230769230769231,1.04976436939601,6.98250992472935,random,30,0,30,30,0.769230769230769,0.0949821847518118,0.0976822173169837,0,0.0999276887477008,NaN,0.833333333333333,0.0125527879537282,0.307692307692308,0.102309581358984,0.109777691410576,0.109777691410576,NaN,1,400,42,484,484,412,72,185,41,62,18,1545,8,51,51,51,51,39,39,39,39,39,0,30
LIRCMOP6_BC,1,ref_tau,64,45,1,0.15,45,0,0.00496594347035296,0.0103772516648141,45,30,3,0.0110755599310854,28.4444444444444,0.321071698961733,0.486518593722227,0,0.608378194184757,0.2,1.00551376361898,6.00921814800359,random,30,0,30,30,0.666666666666667,0.0773984455989301,0.0807215968832845,0,0.0815480380409292,NaN,1,0.0144909845943884,0.333333333333333,0.0833780834593396,0.0902751201437239,0.0902751201437239,NaN,1,400,39,478,478,418,60,173,42,56,20,1385,4,57,57,57,51,45,45,45,45,45,0,30
LIRCMOP6_BC,1,ref_tau,65,50,1,0.17,50,0,0.00384750037764864,0.00972510278785919,50,30,3,0.012306177701206,25.6,0.294505823392418,0.509140927495886,0,0.608378194184757,0.2,0.931014113498526,4.49776652533297,random,30,0,30,30,0.6,0.056063794465667,0.0602976454666465,0,0.0766591886828731,NaN,0.966666666666667,0.0740490230169795,0.470588235294118,0.073561584648302,0.0818560512962812,0.0818560512962812,NaN,1,400,45,490,490,419,71,182,42,60,21,1243,0,62,62,62,62,50,50,50,50,50,0,30
LIRCMOP6_BC,1,ref_tau,66,28,1,0.1,28,0,0.0107956050235546,0.0402517311683917,28,30,3,0.00689145951267536,40,0.266987492459584,0.310683140941054,0.110352414506557,0.693500720428486,0.357142857142857,1.01459443264566,4.98822222823722,random,30,0,30,30,1.07142857142857,0.0594026612708825,0.0651231010839365,0,0.0811827328797288,NaN,0.0666666666666667,-0.00385485182591949,0.4,0.082663762868943,0.0882854464628761,0.0882854464628761,NaN,1,400,50,500,500,417,83,202,34,62,13,1117,25,34,34,34,34,28,28,28,28,28,0,30
LIRCMOP6_BC,1,ref_tau,67,29,1,0.1,29,0,0.00486347100343096,0.0164698217965682,29,30,3,0.00713758306669948,40,0.194736282693663,0.302650098782864,0,0.913239327685193,0.206896551724138,0.913047012269834,5.94309683669636,random,30,0,30,30,1.03448275862069,0.098130513904963,0.111988136580876,0,0.114179219931734,NaN,0.3,-0.0070299683851196,0.7,0.112099152294669,0.141958486300349,0.141958486300349,NaN,1,400,28,456,456,382,74,177,35,69,14,1631,20,39,39,39,33,29,29,29,29,29,0,30
LIRCMOP6_BC,1,ref_tau,68,28,1,0.1,28,0,0.00433126408875488,0.0115080870082541,28,30,3,0.00689145951267536,40,0.222312213474668,0.316516695159508,0.0859142527758591,0.525573772053702,0.321428571428571,0.907560153778818,6.94233037708129,random,30,0,30,30,1.07142857142857,0.0851046773565973,0.0940281176411338,0,0.108229894346418,NaN,0.566666666666667,0.00400500175827584,0.7,0.102096557360251,0.109842162955855,0.109842162955855,NaN,1,400,29,458,458,382,76,192,32,73,15,1689,44,40,40,40,37,28,28,28,28,28,0,30
LIRCMOP6_BC,1,ref_tau,69,32,1,0.12,32,0,0.00513362345940421,0.0151110401346741,32,30,3,0.00787595372877184,40,0.194596610895563,0.305562587054194,0.021252742595794,0.343572168918688,0.25,0.864049882373986,8.2524153108802,random,30,0,30,30,0.9375,0.10378987393834,0.110700360189162,0,0.120235068530696,NaN,0.333333333333333,-0.0277735873354718,0.583333333333333,0.117049808015369,0.122255115402192,0.122255115402192,NaN,1,400,28,456,456,370,86,122,40,70,18,880,55,44,44,44,39,32,32,32,32,32,0,30
LIRCMOP6_BC,1,ref_tau,70,36,1,0.12,36,0,0.00421209045895319,0.00728353126365797,36,30,3,0.00886044794486832,35.5555555555556,0.183127461836531,0.310939395972405,-0,0.600953652937122,0.138888888888889,0.958843767458642,13.4765176121246,random,30,0,30,30,0.833333333333333,0.172394790856109,0.184460191848996,0,0.185252454758066,NaN,0.466666666666667,-0.000526309403347192,0.75,0.176164679937285,0.187937929867456,0.187937929867456,NaN,1,400,32,464,464,395,69,168,40,64,18,1236,13,51,51,51,48,36,36,36,36,36,0,30
LIRCMOP6_BC,1,ref_tau,71,44,1,0.15,44,0,0.00470525977170143,0.0117712430588603,44,30,3,0.0108294363770613,29.0909090909091,0.161152014663354,0.32241033647823,0.042505485191588,0.987785214279646,0.272727272727273,1.08323233165117,16.259007201051,random,30,0,30,30,0.681818181818182,0.171203715162069,0.186200432626373,0,0.220555611069425,NaN,0.633333333333333,0.00710252002250084,0.733333333333333,0.203310739085485,0.220808428919161,0.220808428919161,NaN,1,400,36,472,472,385,87,202,41,67,19,1231,16,57,57,57,57,44,44,44,44,44,0,30
LIRCMOP6_BC,1,ref_tau,72,54,1,0.18,54,0,0.00403908338234291,0.0102371443234584,54,30,3,0.0132906719173025,23.7037037037037,0.212644649259636,0.367255949982597,0,0.332117311627101,0.222222222222222,1.09205133970529,13.4057093337966,random,30,0,30,30,0.555555555555556,0.123668063142092,0.13347562856799,0,0.169278331576177,NaN,0.533333333333333,0.000825305431815637,0.666666666666667,0.155651590507543,0.170393253359323,0.170393253359323,NaN,1,400,44,488,488,387,101,198,40,74,22,1176,24,66,66,66,63,54,54,54,54,54,0,30
LIRCMOP6_BC,1,ref_tau,73,57,1,0.19,57,0,0.00322046229833042,0.00562791687749678,57,30,3,0.0140290425793748,22.4561403508772,0.205653804742999,0.320116148377065,0,0.243028205306972,0.105263157894737,1.01235886922414,7.12376260081779,random,30,0,30,30,0.526315789473684,0.0545493811954761,0.0623299586711986,0,0.0905802620099564,NaN,0.4,-0.00481340130924007,0.789473684210526,0.0806833091236656,0.0911993289764457,0.0911993289764457,NaN,1,400,54,508,508,409,99,213,40,70,22,1886,12,66,66,66,60,57,57,57,57,57,0,30
LIRCMOP6_BC,1,ref_tau,74,55,1,0.19,55,0,0.00332913458120035,0.00906756471831951,55,30,3,0.0135367954713266,23.2727272727273,0.169888828066732,0.303599754439865,0,0.243028205306972,0.109090909090909,0.941621472298151,3.65106384407881,random,30,0,30,30,0.545454545454545,0.0438855068712317,0.0480377628959469,0,0.0649193298929583,NaN,0.466666666666667,-0.0068730754808039,0.789473684210526,0.0617484031609068,0.065692099437725,0.065692099437725,NaN,1,400,57,514,514,407,107,233,40,67,22,2475,0,64,64,64,61,55,55,55,55,55,0,30
LIRCMOP6_BC,1,ref_tau,75,60,1,0.2,60,0,0.00241740270395602,0.00606683295877568,60,30,3,0.0147674132414472,21.3333333333333,0.171048010705468,0.343450282022003,0,0.738660911802332,0.1,1.01285008875569,5.44912807624681,random,30,0,30,30,0.5,0.0706662350521242,0.0738009867885168,0,0.0982591125864239,NaN,0.433333333333333,-0.0102618140092523,0.7,0.0961228682472381,0.0985932544449362,0.0985932544449362,NaN,1,400,55,510,510,406,104,192,35,78,23,1618,12,69,69,69,60,60,60,60,60,60,0,30
LIRCMOP6_BC,1,ref_tau,76,66,1,0.22,66,0,0.00278838644837806,0.00574383858124493,66,30,3,0.0162441545655919,19.3939393939394,0.220738575953566,0.319397633843474,0,1,0.136363636363636,1.16169645702709,8.33724177137735,random,30,0,30,30,0.454545454545455,0.108573402433528,0.115428407590885,0,0.129633952314889,NaN,0.666666666666667,0.00968097323612715,0.818181818181818,0.122142975586876,0.130523400081951,0.130523400081951,NaN,1,400,60,520,520,419,101,189,40,71,25,1838,0,75,75,75,75,66,66,66,66,66,0,30
LIRCMOP6_BC,1,ref_tau,77,65,1,0.23,65,0,0.00218278587645604,0.00674728092810714,65,30,3,0.0159980310115678,19.6923076923077,0.26986607890984,0.344521487698739,0,0.52492404766613,0.138461538461538,1.03112485342,8.19918595209789,random,30,0,30,30,0.461538461538462,0.0942557345067835,0.0980478737027998,0,0.121276024377655,NaN,0.366666666666667,-0.00529328425097991,0.782608695652174,0.115722740343553,0.121445028821578,0.121445028821578,NaN,1,400,66,532,532,413,119,212,41,76,26,2057,11,76,76,76,74,65,65,65,65,65,0,30
LIRCMOP6_BC,1,ref_tau,78,77,1,0.26,77,0,0.00266391832420157,0.00577073314605058,77,30,3,0.0189515136598572,16.6233766233766,0.26986607890984,0.392382729049186,0,0.52492404766613,0.038961038961039,0.92913882580131,7.93939087967116,random,30,0,30,30,0.38961038961039,0.0784557234435411,0.0902822496912847,0,0.1156042136054,NaN,0.333333333333333,-0.0135883695428172,0.692307692307692,0.108906732297009,0.116207744298564,0.116207744298564,NaN,1,400,65,530,530,414,116,208,43,79,29,1873,2,87,87,87,87,77,77,77,77,77,0,30
LIRCMOP6_BC,1,ref_tau,79,78,1,0.26,78,0,0.00348606511297632,0.00699545804445566,78,30,3,0.0191976372138814,16.4102564102564,0.239133404754404,0.344521487698739,0,0.616789796364678,0.192307692307692,0.854372246942924,6.19349845017124,random,30,0,30,30,0.384615384615385,0.0439663469202224,0.0554139714808675,0,0.0846306023311975,NaN,0.433333333333333,-0.0027161767658353,0.730769230769231,0.0800974688629095,0.0867201566365591,0.0867201566365591,NaN,1,400,77,554,554,411,143,213,48,72,30,2772,19,87,87,87,87,78,78,78,78,78,0,30
LIRCMOP6_BC,1,ref_tau,80,64,1,0.22,64,0,0.00269816845812072,0.00983406590476279,64,30,3,0.0157519074575437,20,0.196049555208612,0.371427662876487,-0,0.8247987256607,0.234375,0.769259146485934,2.59671295595614,random,30,0,30,30,0.46875,0.0351153219898043,0.0390109315337823,0,0.0446098179514099,NaN,0.566666666666667,0.00944775095921357,0.818181818181818,0.036908498308727,0.0452974364676389,0.0452974364676389,NaN,1,400,78,556,556,428,128,214,46,79,30,2280,38,79,79,79,76,64,64,64,64,64,0,30
LIRCMOP6_BC,1,ref_tau,81,63,1,0.21,63,0,0.00282424243161175,0.00641636876035455,63,30,3,0.0155057839035196,20.3174603174603,0.21036237041473,0.375599375770378,0,0.838552447220646,0.19047619047619,0.729697310813624,3.01992644971066,random,30,0,30,30,0.476190476190476,0.031767798782345,0.0349894971188123,0,0.0566159287480216,NaN,0.8,0.0437219784008064,0.904761904761905,0.044224896958538,0.0575115203204979,0.0575115203204979,NaN,1,400,64,528,528,420,108,230,48,77,31,1949,62,78,78,78,75,63,63,63,63,63,0,30
LIRCMOP6_BC,1,ref_tau,82,66,1,0.22,66,0,0.0028754197362708,0.00729077703159744,66,30,3,0.0162441545655919,19.3939393939394,0.268310850300545,0.374298233364092,-0,0.706379212096231,0.0909090909090909,0.800335849522529,8.68182098465974,random,30,0,30,30,0.454545454545455,0.109600801903782,0.124665314224727,0,0.149792745734888,NaN,0.666666666666667,0.0365401764521306,0.818181818181818,0.137847255489571,0.150207241578239,0.150207241578239,NaN,1,400,63,526,526,427,99,207,46,75,31,1741,51,80,80,80,80,66,66,66,66,66,0,30
LIRCMOP6_BC,1,ref_tau,83,69,1,0.23,69,0,0.00287907895507327,0.00723064207294176,69,30,3,0.0169825252276643,18.5507246376812,0.276223649711197,0.399000275942105,0,0.52492404766613,0.173913043478261,0.789776854225498,10.989021577184,random,30,0,30,30,0.434782608695652,0.134492797980749,0.15298914897054,0,0.176316011499082,NaN,0.466666666666667,-0.00230467090858899,0.826086956521739,0.161090417826779,0.180819341917627,0.180819341917627,NaN,1,400,66,532,532,415,117,234,47,76,31,1930,61,81,81,81,81,69,69,69,69,69,0,30
LIRCMOP6_BC,1,ref_tau,84,74,1,0.25,74,0,0.00282850614800127,0.00725762177292342,74,30,3,0.0182131429977849,17.2972972972973,0.256992649913804,0.374298233364092,0.101606047944311,0.816419800394299,0.27027027027027,0.705134954566631,6.20604307964068,random,30,0,30,30,0.405405405405405,0.0537825319085889,0.0643247184711092,0,0.0716289125225254,NaN,0.266666666666667,-0.0108357563746107,0.68,0.0602541268897657,0.0722608502986116,0.0722608502986116,NaN,1,400,69,538,538,422,116,244,51,79,37,1853,99,91,91,91,91,74,74,74,74,74,0,30
LIRCMOP6_BC,1,ref_tau,85,81,1,0.28,81,0,0.00351468564629086,0.0112668195599692,81,30,3,0.0199360078759537,15.8024691358025,0.212272238240708,0.367255949982597,0,0.596226876466643,0.209876543209877,0.633634246337628,2.63741373503625,random,30,0,30,0,0.37037037037037,0.010974258085918,0.0145299423981223,0,0.0286913843165353,NaN,0.5,-0.00561458438717813,0,0.0189618908130573,0.0347630575233982,0.0347630575233982,NaN,0,400,74,548,548,431,117,244,58,68,34,2519,75,90,90,90,86,81,81,81,81,81,0,30
LIRCMOP6_BC,1,ref_tau,86,84,1,0.29,84,0,0.00348615124604198,0.011121938466618,84,30,3,0.0206743785380261,15.2380952380952,0.233612547284545,0.382566154085398,0,0.684556346648181,0.19047619047619,0.767299813765307,3.49952158175582,random,30,0,30,30,0.357142857142857,0.0373019706860851,0.0483648500557938,0,0.0647252764448389,NaN,0.5,0.00298530680287967,0.862068965517241,0.0462975469918419,0.065270507578537,0.065270507578537,NaN,1,400,81,562,562,433,129,247,58,68,33,2889,73,93,93,93,93,84,84,84,84,84,0,30
LIRCMOP6_BC,1,ref_tau,87,80,1,0.27,80,0,0.00321632264181162,0.00885497526484348,80,30,3,0.0196898843219296,16,0.27223003587183,0.396749372002104,0,0.684556346648181,0.15,0.618773297446986,3.15893797450959,random,30,0,30,30,0.375,0.030252361482219,0.0436883534830368,0,0.0585168556391034,NaN,0.566666666666667,0.001625225988822,0.777777777777778,0.0415619574484951,0.059159559676997,0.059159559676997,NaN,1,400,84,568,568,433,135,209,55,71,30,2371,13,87,87,87,87,80,80,80,80,80,0,30
LIRCMOP6_BC,1,ref_tau,88,72,1,0.24,72,0,0.00257670163562503,0.00714456852908727,72,30,3,0.0177208958897366,17.7777777777778,0.269790247002542,0.399343535711498,0,0.684556346648181,0.125,0.61876685402371,3.39584298852672,random,30,0,30,30,0.416666666666667,0.0334423572933564,0.0454795571749961,0,0.0628838105897411,NaN,0.6,0.0125766523058881,0.875,0.0460387977199019,0.0637837811374099,0.0637837811374099,NaN,1,400,80,560,560,426,134,227,50,73,29,2580,4,84,84,84,84,72,72,72,72,72,0,30
LIRCMOP6_BC,1,ref_tau,89,81,1,0.27,81,0,0.00342252170180597,0.00810696308580199,81,30,3,0.0199360078759537,15.8024691358025,0.271524254508523,0.399343535711498,0,0.52492404766613,0.111111111111111,0.66177160975359,3.3478212562282,random,30,0,30,30,0.37037037037037,0.0354530907894124,0.0434900440970802,0,0.0574297086254443,NaN,0.366666666666667,-0.0131904187276232,0.740740740740741,0.0469441563025576,0.0578178010949906,0.0578178010949906,NaN,1,400,72,544,544,430,114,219,52,69,31,2662,2,88,88,88,88,81,81,81,81,81,0,30
LIRCMOP6_BC,1,ref_tau,90,87,1,0.29,87,0,0.00191514490688419,0.00712927409456233,87,30,3,0.0214127492000984,14.7126436781609,0.27223003587183,0.399343535711498,0,0.684556346648181,0.229885057471264,0.662482036452305,2.91624616476068,random,30,0,30,30,0.344827586206897,0.0336879050576518,0.0414797114394631,0,0.0554975905655344,NaN,0.7,0.0128729363203017,0.655172413793103,0.0436186252893896,0.0558839694773797,0.0558839694773797,NaN,1,400,81,562,562,427,135,210,51,81,37,2156,6,101,101,101,101,87,87,87,87,87,0,30
LIRCMOP6_BC,1,ref_tau,91,84,1,0.28,84,0,0.00165434890891535,0.00597056982168844,84,30,3,0.0206743785380261,15.2380952380952,0.290628948243618,0.489798052585026,-0,0.684556346648181,0.107142857142857,0.580380495885194,1.88433007743723,random,30,0,30,11,0.357142857142857,0.0202645511625009,0.0332402557205613,0,0.0343547645635608,NaN,0.833333333333333,0.0325008136782098,0.428571428571429,0.021489498522777,0.0348962731800088,0.0348962731800088,NaN,0.366666666666667,400,87,574,574,435,139,227,53,81,37,2479,7,102,102,102,102,84,84,84,84,84,0,30
LIRCMOP6_BC,1,ref_tau,92,75,1,0.25,75,0,0.00203365281915425,0.0062095111374109,75,30,3,0.018459266551809,17.0666666666667,0.304036608316255,0.489798052585026,-0,0.684556346648181,0.08,0.501595766233737,1.17134001547531,random,26,4,30,0,0.4,0.00561790786119756,0.0109314607611838,0,0.0154014539229823,NaN,0.633333333333333,0.0200880479066761,0,0.0113479372329445,0.0180623135057342,0.018078176443326,0.0169125343005164,0,400,84,568,568,423,145,228,50,79,33,2945,29,91,91,91,91,75,75,75,75,75,0,30
LIRCMOP6_BC,1,ref_tau,93,81,1,0.27,81,0,0.00176604866490687,0.00549247769158879,81,30,3,0.0199360078759537,15.8024691358025,0.281281574563452,0.489798052585026,0,0.684556346648181,0.037037037037037,0.527168559846588,2.65248391922055,random,26,4,30,12,0.37037037037037,0.01716840343081,0.0333353777235879,0,0.0351665024431817,NaN,0.733333333333333,0.031102639291216,0.37037037037037,0.0204970299261633,0.03541224111512,0.0343315939966816,0.0364650887722251,0.4,400,75,550,550,420,130,242,51,81,35,2627,13,98,98,98,98,81,81,81,81,81,0,30
LIRCMOP6_BC,1,ref_tau,94,82,1,0.28,82,0,0.00171961408852533,0.00651283883627523,82,30,3,0.0201821314299778,15.609756097561,0.307245400769427,0.408973078921501,0,0.867072991899233,0.109756097560976,0.535478147692372,5.17819836533124,random,30,0,30,25,0.365853658536585,0.0365759141239889,0.0855146241063825,0,0.0882867366707163,NaN,0.6,0.0302509620211886,0.928571428571429,0.0380460631602754,0.0886653457208542,0.0886653457208542,NaN,0.833333333333333,400,81,562,562,423,139,255,53,84,39,2742,23,105,105,105,102,82,82,82,82,82,0,30
LIRCMOP6_BC,1,ref_tau,95,75,1,0.25,75,0,0.00178231389729834,0.0051950705844197,75,30,3,0.018459266551809,17.0666666666667,0.301704221896516,0.408973078921501,0,0,0,0.547877157826234,3.77304751953248,random,23,7,30,30,0.4,0.0352683920961056,0.0600972630052313,0,0.0619429206702974,NaN,0.766666666666667,0.0235008429215044,0.76,0.0368058188634244,0.0623875158964183,0.0627552683552684,0.0603301233820759,1,400,82,564,564,425,139,255,56,74,36,3747,9,101,101,101,98,75,75,75,75,75,0,30
LIRCMOP6_BC,1,ref_tau,96,84,1,0.28,84,0,0.00199549538849797,0.00593145931773168,84,30,3,0.0206743785380261,15.2380952380952,0.304036608316255,0.417055576287854,-0,0.867072991899233,0.119047619047619,0.542452928018145,2.84255823868305,random,30,0,30,20,0.357142857142857,0.0324819211739756,0.0496566892959831,0,0.0505527052071209,NaN,0.533333333333333,0.00105666789562878,0.5,0.0337502115380745,0.0512571625324347,0.0512571625324347,NaN,0.666666666666667,400,75,550,550,410,140,229,53,82,37,2998,1,109,109,109,103,84,84,84,84,84,0,30
LIRCMOP6_BC,1,ref_tau,97,100,1,0.35,100,0,0.00220905597778357,0.00880968773020977,100,30,3,0.024612355402412,12.8,0.28353361241927,0.399343535711498,0,0.684556346648181,0.21,0.596817902512476,2.03090696051962,random,30,0,30,0,0.3,0.00963523682426753,0.0162522044544209,0,0.0318662851911299,NaN,0.5,0.000102475829088317,0,0.0133171655880611,0.0327764697889291,0.0327764697889291,NaN,0,400,84,568,568,414,154,219,56,79,38,3127,8,111,111,111,111,100,100,100,100,100,0,30
LIRCMOP6_BC,1,ref_tau,98,83,1,0.28,83,0,0.00193753695733666,0.0059684880620405,83,30,3,0.020428254984002,15.421686746988,0.307245400769427,0.510129041436239,-0,0.684556346648181,0.072289156626506,0.492379796064319,1.14839568026233,random,30,0,30,9,0.36144578313253,0.00195034115307229,0.00664366839005608,0,0.0156650404718557,NaN,0.833333333333333,0.041317871414993,0.25,0.0108689504532209,0.0286153776555964,0.0286153776555964,NaN,0.3,400,100,600,600,441,159,253,55,81,39,2925,23,114,114,114,111,83,83,83,83,83,0,30
LIRCMOP6_BC,1,ref_tau,99,102,1,0.34,102,0,0.00187995800510591,0.00609613650330867,102,30,3,0.0251046025104603,12.5490196078431,0.309646311553654,0.489798052585026,0,0.79575523638291,0.235294117647059,0.544056195698592,0.980879158997892,random,30,0,30,4,0.294117647058824,0.00280656036058205,0.00682302865573534,0,0.00987701758345413,NaN,0.3,-0.0265807484176821,0.117647058823529,0.0109448366729301,0.0296786824417113,0.0296786824417113,NaN,0.133333333333333,400,83,566,566,427,139,260,60,81,43,2840,10,126,126,126,126,102,102,102,102,102,0,30
LIRCMOP6_BC,1,ref_tau,100,98,1,0.34,98,0,0.00219630329785836,0.00696366460190587,98,30,3,0.0241201082943638,13.0612244897959,0.301704221896516,0.450717510888819,0,0.79575523638291,0.193877551020408,0.551433378601076,1.41475081176873,random,30,0,30,16,0.306122448979592,0.00299230866167642,0.0204758184005518,0,0.0245319076296818,NaN,0.266666666666667,-0.0086632170123109,0.235294117647059,0.0117492299926696,0.0253773621547553,0.0253773621547553,NaN,0.533333333333333,400,102,604,604,439,165,207,55,80,43,3731,17,123,123,123,123,98,98,98,98,98,0,30
LIRCMOP6_BC,1,ref_tau,101,97,1,0.33,97,0,0.00180942809789434,0.00577562667051132,97,30,3,0.0238739847403397,13.1958762886598,0.309646311553654,0.481981944245784,0,0.79575523638291,0.134020618556701,0.494353109953812,1.62092827765554,random,30,0,30,18,0.309278350515464,0.00299585931986493,0.0226914792778654,0,0.0267943342330295,NaN,0.3,-0.0134865390026328,0.333333333333333,0.016119207341918,0.0281678240697032,0.0281678240697032,NaN,0.6,400,98,596,596,443,153,224,50,80,40,3173,49,114,114,114,114,97,97,97,97,97,0,30
LIRCMOP6_BC,1,ref_tau,102,114,1,0.38,114,0,0.00184625356718127,0.00667656865729247,114,30,3,0.0280580851587497,11.2280701754386,0.299022287927076,0.47942249940737,0,0.79575523638291,0.157894736842105,0.48582647993979,1.09776113619072,random,30,0,30,3,0.263157894736842,0.00309490293127176,0.0151941594204663,0,0.020626826549464,NaN,0.5,-0.00288256943584408,0.105263157894737,0.0161645427837957,0.0280083414188869,0.0280083414188869,NaN,0.1,400,97,594,594,443,151,278,58,83,45,3155,44,132,132,132,130,114,114,114,114,114,0,30
LIRCMOP6_BC,1,ref_tau,103,103,1,0.35,103,0,0.00252647198451579,0.00826833654230817,103,30,3,0.0253507260644844,12.4271844660194,0.313189046105434,0.489798052585026,0,0.79575523638291,0.116504854368932,0.526378445480132,1.37148180591639,random,30,0,30,12,0.29126213592233,0.0159524530956022,0.0278640429406931,0,0.0319054801178048,NaN,0.666666666666667,0.0177710730252423,0.285714285714286,0.0244215708039029,0.0365200188032893,0.0365200188032893,NaN,0.4,400,114,628,628,460,168,233,58,74,42,4928,39,117,117,117,117,103,103,103,103,103,0,30
LIRCMOP6_BC,1,ref_tau,104,108,1,0.37,108,0,0.00169772334716757,0.00716194453706465,108,30,3,0.026581343834605,11.8518518518519,0.305063080306014,0.450717510888819,0,0.79575523638291,0.138888888888889,0.457845258466666,1.46976108644309,random,30,0,30,3,0.277777777777778,0.00452825769765238,0.0159178342399454,0,0.0280183331014466,NaN,0.4,-0.00924596456846971,0.135135135135135,0.0162372900121315,0.0354802969811399,0.0354802969811399,NaN,0.1,400,103,606,606,443,163,243,57,83,44,3409,45,126,126,126,126,108,108,108,108,108,0,30
LIRCMOP6_BC,1,ref_tau,105,102,1,0.34,102,0,0.00175241794535841,0.00580566624677878,102,30,3,0.0251046025104603,12.5490196078431,0.331606824041888,0.461360004744485,0,0.79575523638291,0.205882352941176,0.406481212664255,1.11952572929646,random,30,0,30,2,0.294117647058824,0.00585055047857437,0.00817880223114641,0,0.0260702839499615,NaN,0.4,-0.0187577217924449,0.0882352941176471,0.0206844361655051,0.0467074101539471,0.0467074101539471,NaN,0.0666666666666667,400,108,616,616,440,176,258,57,86,47,3835,41,127,127,127,127,102,102,102,102,102,0,30
LIRCMOP6_BC,1,ref_tau,106,116,1,0.39,116,0,0.00172294858514159,0.00827627682928754,116,30,3,0.0285503322667979,11.0344827586207,0.32959069265839,0.487718263331074,0,0.79575523638291,0.232758620689655,0.415488532658739,1.2937672124609,random,30,0,30,2,0.258620689655172,0.00684541545642951,0.010074591120665,0,0.0304722091912118,NaN,0.4,-0.00894826834830223,0.0769230769230769,0.0211229661638073,0.0351745137462503,0.0351745137462503,NaN,0.0666666666666667,400,102,604,604,426,178,230,61,86,49,3799,83,137,137,137,134,116,116,116,116,116,0,30
LIRCMOP6_BC,1,ref_tau,107,117,1,0.4,117,0,0.00184134189208678,0.00608558890802938,117,30,3,0.0287964558208221,10.9401709401709,0.332895343514426,0.493201346207668,0.162277190381429,0.79575523638291,0.282051282051282,0.592962686404303,2.71434696325689,random,30,0,30,7,0.256410256410256,0.0162438202704787,0.0285747956387102,0,0.0460567085849616,NaN,0.6,0.00584416188802858,0.125,0.0275913675174107,0.0481339762491596,0.0481339762491596,NaN,0.233333333333333,400,116,632,632,431,201,282,62,87,51,4709,38,144,144,144,137,117,117,117,117,117,0,30
LIRCMOP6_BC,1,ref_tau,108,120,1,0.4,120,0,0.00190908213124061,0.00601729430996528,120,30,3,0.0295348264828944,10.6666666666667,0.320739243146026,0.481441271630742,0.0834175668300222,0.79575523638291,0.283333333333333,0.526604980821961,1.31199837341495,random,30,0,30,0,0.25,0.00730739805810363,0.0117588818948216,0,0.0219528493560209,NaN,0.5,0.00221096305130494,0,0.0138356253771665,0.0258546392991346,0.0258546392991346,NaN,0,400,117,634,634,429,205,282,62,86,50,4860,49,141,141,141,136,120,120,120,120,120,0,30
LIRCMOP6_BC,1,ref_tau,109,120,1,0.4,120,0,0.0021162750907697,0.00692115556090748,120,30,3,0.0295348264828944,10.6666666666667,0.32995449861387,0.479399106315265,0,0.79575523638291,0.2,0.509900478765321,1.78274437998727,random,21,9,30,14,0.25,0.00255581718892893,0.0131278707392243,0,0.0271422473189282,NaN,0.466666666666667,-0.0086092814883828,0.325,0.0126506061853315,0.0278805985597901,0.027681024992467,0.0279924852227713,0.466666666666667,400,120,640,640,446,194,266,63,84,50,4567,51,139,139,139,139,120,120,120,120,120,0,30
LIRCMOP6_BC,1,ref_tau,110,130,1,0.44,130,0,0.00201783998659468,0.00816145782052425,130,30,3,0.0319960620231356,9.84615384615385,0.320739243146026,0.469000160045505,0.294932456398443,1,0.276923076923077,0.548466491532229,3.25265878510316,random,30,0,30,19,0.230769230769231,0.017742582955564,0.045681678676045,0,0.0629860140914778,NaN,0.433333333333333,-0.00703237725696618,0.386363636363636,0.0319571406562883,0.0656728297705023,0.0656728297705023,NaN,0.633333333333333,400,120,640,640,446,194,287,64,89,54,5026,30,156,156,156,153,130,130,130,130,130,0,30
LIRCMOP6_BC,1,ref_tau,111,126,1,0.42,126,0,0.0018344977217009,0.00610880562569093,126,30,3,0.0310115678070391,10.1587301587302,0.311417678829544,0.469000160045505,-0,0.79575523638291,0.238095238095238,0.458283843349885,1.36569867294988,random,30,0,30,0,0.238095238095238,0.00415523111226722,0.00809160694349377,0,0.0259917277797078,NaN,0.666666666666667,0.0155361517240291,0,0.0178023373149813,0.0302329191729907,0.0302329191729907,NaN,0,400,130,660,660,443,217,304,64,90,55,5343,46,159,159,159,159,126,126,126,126,126,0,30
LIRCMOP6_BC,1,ref_tau,112,141,1,0.47,141,0,0.00211570700349401,0.00803723585375207,141,30,3,0.0347034211174009,9.07801418439716,0.32959069265839,0.494052169613329,0,1,0.234042553191489,0.434802297854814,0.914410864754949,random,28,2,30,5,0.212765957446809,0.00529371418476402,0.00799065749790305,0,0.0241162712097628,NaN,0.766666666666667,0.0319389599228132,0.0851063829787234,0.0147833424905213,0.0321361585574349,0.0317862579221701,0.032368164109441,0.166666666666667,400,126,652,652,437,215,297,70,84,57,6086,41,165,165,165,164,141,141,141,141,141,0,30
LIRCMOP6_BC,1,ref_tau,113,147,1,0.49,147,0,0.00200516528711657,0.00954692266631959,147,30,3,0.0361801624415457,8.70748299319728,0.320739243146026,0.493201346207669,0.380551476571603,0.986709786765786,0.340136054421769,0.413826137361077,0.846630321520368,random,30,0,30,4,0.204081632653061,0.0040613651493834,0.00693673979392861,0,0.0253905746194265,NaN,0.633333333333333,0.0120411263373156,0.0816326530612245,0.0136392138201076,0.0287039083144754,0.0287039083144754,NaN,0.133333333333333,400,141,682,682,443,239,267,67,89,58,5993,30,174,174,174,174,147,147,147,147,147,0,30
LIRCMOP6_BC,1,ref_tau,114,141,1,0.47,141,0,0.00211490175694923,0.0074940828040344,141,30,3,0.0347034211174009,9.07801418439716,0.313189046105434,0.489798052585026,0,0.79575523638291,0.212765957446809,0.416189191521432,1.00779828990107,random,30,0,30,3,0.212765957446809,0.00574139371361734,0.00812683501190613,0,0.0202847787863818,NaN,0.666666666666667,0.0186623769514264,0.0425531914893617,0.0153808297390681,0.0282445060431134,0.0282445060431134,NaN,0.1,400,147,694,694,440,254,293,66,90,58,6226,27,174,174,174,174,141,141,141,141,141,0,30
LIRCMOP6_BC,1,ref_tau,115,138,1,0.46,138,0,0.00208767156378007,0.00772916483070922,138,30,3,0.0339650504553286,9.27536231884058,0.311748109228833,0.469000160045505,0,1,0.217391304347826,0.406232942132957,0.865469782212143,random,30,0,30,9,0.217391304347826,0.00575381765932303,0.00965094264149826,0,0.0239771242253083,NaN,0.5,-0.00450622030051046,0.108695652173913,0.0154363703496386,0.0279066670442362,0.0279066670442362,NaN,0.3,400,141,682,682,450,232,290,66,87,56,6189,8,164,164,164,164,138,138,138,138,138,0,30
LIRCMOP6_BC,1,ref_tau,116,150,1,0.5,150,0,0.00204227483287425,0.00786737022944185,150,30,3,0.036918533103618,8.53333333333333,0.311748109228833,0.471634669788274,0,0.754666036434759,0.2,0.380931536812067,0.967301158343495,random,30,0,30,4,0.2,0.00589146521972285,0.0106721504128188,0,0.0206081226807978,NaN,0.533333333333333,0.00163665618655429,0.04,0.0182264720985034,0.0368690949011697,0.0368690949011697,NaN,0.133333333333333,400,138,676,676,443,233,298,68,91,60,5747,6,178,178,178,175,150,150,150,150,150,0,30
LIRCMOP6_BC,1,ref_tau,117,156,1,0.52,156,0,0.00208596887041278,0.00734552389298228,156,30,3,0.0383952744277627,8.2051282051282,0.316963321801698,0.474269179531043,-0,0.986709786765786,0.237179487179487,0.38299855344276,1.01099743661924,random,26,4,30,1,0.192307692307692,0.00697244816289279,0.0112966633438844,0,0.0253217590580785,NaN,0.366666666666667,-0.0350579602030995,0.0384615384615385,0.0189447692393978,0.0301853811793564,0.0306033284991941,0.0296331560265569,0.0333333333333333,400,150,700,700,455,245,303,72,89,62,6795,10,186,186,186,180,156,156,156,156,156,0,30
LIRCMOP6_BC,1,ref_tau,118,156,1,0.52,156,0,0.00213799847863708,0.00718713076006608,156,30,3,0.0383952744277627,8.2051282051282,0.316963321801698,0.468177113986503,0.0698135320189354,0.986709786765786,0.282051282051282,0.369471200907239,0.927717677794488,random,27,3,30,9,0.192307692307692,0.00511005167305225,0.0113131469936634,0,0.0254052410647637,NaN,0.433333333333333,-0.0588766462450995,0.0576923076923077,0.0170829187681423,0.0335328890771572,0.0334537382350569,0.0329482833420616,0.3,400,156,712,712,477,235,319,72,90,62,6796,15,184,184,184,184,156,156,156,156,156,0,30
LIRCMOP6_BC,1,ref_tau,119,160,1,0.54,160,0,0.00262058979126064,0.00943060739181839,160,30,3,0.0393797686438592,8,0.33031830456935,0.469000160045505,0,0.754666036434759,0.1875,0.376402223609108,0.979047742050304,random,30,0,30,0,0.1875,0.0087546593850524,0.0117098918030204,0,0.0177620908110496,NaN,0.6,0.0141648241571469,0,0.0162595737758632,0.0269773548285183,0.0269773548285183,NaN,0,400,156,712,712,462,250,307,69,93,62,6660,41,186,186,186,186,160,160,160,160,160,0,30
LIRCMOP6_BC,1,ref_tau,120,156,1,0.52,156,0,0.00202457243104789,0.00622894610749269,156,30,3,0.0383952744277627,8.2051282051282,0.338617128044956,0.474269179531043,0,0.754666036434759,0.211538461538462,0.390824997249002,0.896095110384736,random,25,5,30,4,0.192307692307692,0.00724209066997493,0.01122649339298,0,0.0160698249208886,NaN,0.766666666666667,0.0347100880495897,0.0384615384615385,0.0158214010398012,0.0247706332380741,0.0252398156260206,0.0229511524371384,0.133333333333333,400,160,720,720,477,243,327,71,91,64,6919,44,189,189,189,183,156,156,156,156,156,0,30
LIRCMOP6_BC,1,ref_tau,121,157,1,0.53,157,0,0.00180648503884938,0.00512773352272241,157,30,3,0.0386413979817869,8.15286624203822,0.33031830456935,0.540976885557317,0,0.754666036434759,0.178343949044586,0.419657448984471,0.774177545533031,random,23,7,30,5,0.191082802547771,0.00555315169049149,0.00887140357450928,0,0.0121351035180588,NaN,0.8,0.0226074732115183,0.0754716981132075,0.0108215809201472,0.0163827843530154,0.0165853531991969,0.0156415418155335,0.166666666666667,400,156,712,712,483,229,324,72,90,62,6817,76,182,182,182,182,157,157,157,157,157,0,30
LIRCMOP6_BC,1,ref_tau,122,148,1,0.5,148,0,0.00186717777672218,0.00593926394739619,148,30,3,0.0364262859955698,8.64864864864865,0.338617128044956,0.553356460489696,0,1,0.155405405405405,0.405976658039117,0.653482526460408,random,25,5,30,6,0.202702702702703,0.00518943414310425,0.00825405235489829,0,0.0107359867683228,NaN,0.5,-0.000609415047094233,0.08,0.0104625397437165,0.0142803994863327,0.0148423622362288,0.0125966371273822,0.2,400,157,714,714,477,237,305,70,87,58,7275,41,167,167,167,167,148,148,148,148,148,0,30
LIRCMOP6_BC,1,ref_tau,123,164,1,0.55,164,0,0.00208067552279898,0.00607583246530633,164,30,3,0.0403642628599557,7.80487804878049,0.3502679866806,0.540976885557317,-0,0.765416549784025,0.146341463414634,0.404127039931655,0.82719862510987,random,24,6,30,5,0.182926829268293,0.00474326555417515,0.00861731584794583,0,0.0150977944532747,NaN,0.433333333333333,-0.0124812189878746,0.0727272727272727,0.0145145015231162,0.0217518243474281,0.023930964217185,0.0179070106400255,0.166666666666667,400,148,696,696,466,230,319,72,89,63,6453,36,185,185,185,182,164,164,164,164,164,0,30
LIRCMOP6_BC,1,ref_tau,124,159,1,0.53,159,0,0.00189076174242303,0.00565208793916662,159,30,3,0.0391336450898351,8.05031446540881,0.330390396382786,0.540976885557317,0,0.765416549784025,0.132075471698113,0.406329270053745,0.840323826243378,random,26,4,30,5,0.188679245283019,0.00499086091740747,0.00979741405337455,0,0.0167795903314202,NaN,0.3,-0.0323069287353558,0.0566037735849057,0.0159836574820582,0.0232848381895564,0.0245961305626499,0.0216141100487236,0.166666666666667,400,164,728,728,489,239,342,71,89,60,6818,39,177,177,177,177,159,159,159,159,159,0,30
LIRCMOP6_BC,1,ref_tau,125,153,1,0.51,153,0,0.0019481614098039,0.00617694627488932,153,30,3,0.0376569037656904,8.36601307189543,0.330390396382786,0.482745894700143,0,0.725127428557569,0.176470588235294,0.397501860133111,0.885620843708441,random,28,2,30,5,0.196078431372549,0.00804963228898008,0.0135959271177208,0,0.017024878934968,NaN,0.333333333333333,-0.0196727890832071,0.0392156862745098,0.0168061276442835,0.0280111396968938,0.0283851171880424,0.0232639796782832,0.166666666666667,400,159,718,718,480,238,327,67,94,61,6040,40,183,183,183,180,153,153,153,153,153,0,30
LIRCMOP6_BC,1,ref_tau,126,138,1,0.46,138,0,0.00173366268227654,0.00565560027479997,138,30,3,0.0339650504553286,9.27536231884058,0.329257559982311,0.484797204879676,0,0.765416549784025,0.152173913043478,0.422986744206018,0.804428065586358,random,30,0,30,6,0.217391304347826,0.00655374938304423,0.011839186100407,0,0.0141743545213626,NaN,0.466666666666667,-0.00784303292072644,0.0869565217391304,0.0133216743539835,0.0191921167311311,0.0191921167311311,NaN,0.2,400,153,706,706,475,231,319,67,90,58,6595,29,165,165,165,161,138,138,138,138,138,0,30
LIRCMOP6_BC,1,ref_tau,127,153,1,0.51,153,0,0.00192266270755954,0.00627719459277287,153,30,3,0.0376569037656904,8.36601307189543,0.333616767020801,0.47637478460077,0,0.725127428557569,0.156862745098039,0.394810234134154,0.840154697395443,random,28,2,30,8,0.196078431372549,0.00712576856394685,0.0132979102392422,0,0.0145760088250744,NaN,0.466666666666667,-0.002055131503165,0.0392156862745098,0.0138422673520045,0.0210947364880465,0.021198898844839,0.0186904215549896,0.266666666666667,400,138,676,676,452,224,303,70,93,63,5642,6,186,186,186,186,153,153,153,153,153,0,30
LIRCMOP6_BC,1,ref_tau,128,156,1,0.52,156,0,0.00171840361582306,0.00652204486615615,156,30,3,0.0383952744277627,8.2051282051282,0.336172293089896,0.474269179531043,-0,0.725127428557569,0.166666666666667,0.421183399871869,0.80048097205685,random,27,3,30,8,0.192307692307692,0.00793916962465501,0.0129070688707033,0,0.0153592011753322,NaN,0.366666666666667,-0.0278180389383422,0.0576923076923077,0.0130761591145049,0.0169835805657433,0.0172623986899223,0.0138493375366109,0.266666666666667,400,153,706,706,463,243,320,72,93,65,6240,20,193,193,193,193,156,156,156,156,156,0,30
LIRCMOP6_BC,1,ref_tau,129,150,1,0.5,150,0,0.0018656113194042,0.00566033805814581,150,30,3,0.036918533103618,8.53333333333333,0.347673362621729,0.518671127251214,0,1,0.16,0.445892556828156,0.652537438065709,random,29,1,30,4,0.2,0.00598605452628477,0.0103624732416325,0,0.0115236965311037,NaN,0.266666666666667,-0.036441525638563,0.08,0.00975662665802348,0.0138725201372032,0.0139452485482225,0.0100833818929687,0.133333333333333,400,156,712,712,452,260,321,70,95,65,6497,36,192,192,192,182,150,150,150,150,150,0,30
LIRCMOP6_BC,1,ref_tau,130,153,1,0.51,153,0,0.00206226263944747,0.00738079481446476,153,30,3,0.0376569037656904,8.36601307189543,0.330390396382786,0.514645654673029,0,1,0.137254901960784,0.408745318928006,0.740315503786702,random,27,3,30,9,0.196078431372549,0.00536007080898292,0.0111991965037914,0,0.0132450914070299,NaN,0.5,-0.000595220877647532,0.137254901960784,0.0101159551513912,0.0134922546305702,0.0135425402207166,0.011856504574661,0.3,400,150,700,700,477,223,304,73,91,64,6002,17,188,188,188,188,153,153,153,153,153,0,30
LIRCMOP6_BC,1,ref_tau,131,150,1,0.5,150,0,0.00175189416142147,0.00629014842243607,150,30,3,0.036918533103618,8.53333333333333,0.34323023605415,0.526469445922444,0,1,0.12,0.427838302693845,0.706875010816271,random,29,1,30,4,0.2,0.00605629462129965,0.00894772174236582,0,0.0117706612820712,NaN,0.3,-0.0301190575533213,0.14,0.00925689394551606,0.0128660076907326,0.0129226361753601,0.0107207397191566,0.133333333333333,400,153,706,706,458,248,311,71,93,64,6301,9,189,189,189,189,150,150,150,150,150,0,30
LIRCMOP6_BC,1,ref_tau,132,156,1,0.52,156,0,0.00164718771095305,0.00525648314579462,156,30,3,0.0383952744277627,8.2051282051282,0.34323023605415,0.469000160045505,0,1,0.0769230769230769,0.433120710459881,0.736145696810429,random,26,4,30,4,0.192307692307692,0.0062393214756889,0.0119260004272005,0,0.0130765039754025,NaN,0.233333333333333,-0.0276419783634225,0.0769230769230769,0.0109993728952929,0.0138335451114007,0.0138987554865929,0.0131662616238987,0.133333333333333,400,150,700,700,457,243,313,73,95,68,6045,11,204,204,204,204,156,156,156,156,156,0,30
LIRCMOP6_BC,1,ref_tau,133,150,1,0.5,150,0,0.00169993111362564,0.00438290529455376,150,30,3,0.036918533103618,8.53333333333333,0.345365091322495,0.526469445922444,0,1,0.1,0.424326162326449,0.773863032047796,random,16,14,30,0,0.2,0.00955289535981607,0.0123975068847802,0,0.0155470877321946,NaN,0.6,0.0188603674239141,0,0.0115511021902443,0.0156598372477486,0.0158189838849599,0.015449687898976,0,400,156,712,712,448,264,292,72,94,66,6801,19,196,196,196,193,150,150,150,150,150,0,30
LIRCMOP6_BC,1,ref_tau,134,150,1,0.5,150,0,0.00158681584657115,0.00419663733129668,150,30,3,0.036918533103618,8.53333333333333,0.349505428117415,0.505947774737998,0,1,0.08,0.407863824692838,0.680833836961951,random,17,13,30,4,0.2,0.00971078682380212,0.0109936038529396,0,0.0122431275281256,NaN,0.633333333333333,0.0270421630919575,0.06,0.0103046566277619,0.0124949304565085,0.0120981075441154,0.0127061261795836,0.133333333333333,400,150,700,700,460,240,312,74,95,69,6292,10,206,206,206,206,150,150,150,150,150,0,30
LIRCMOP6_BC,1,ref_tau,135,157,1,0.53,157,0,0.00160183131199264,0.00408411176487036,157,30,3,0.0386413979817869,8.15286624203822,0.346603855689227,0.511962006287571,0,1,0.0764331210191083,0.418162287634406,0.763783193461367,random,26,4,30,9,0.191082802547771,0.00627294913395101,0.0112529446461356,0,0.012502317501989,NaN,0.533333333333333,0.00415742436909945,0.0566037735849057,0.0104984514969763,0.0135067238563827,0.0137413062054354,0.0129942272164687,0.3,400,150,700,700,453,247,316,75,94,70,6518,20,209,209,209,201,157,157,157,157,157,0,30
LIRCMOP6_BC,1,ref_tau,136,159,1,0.53,159,0,0.00180369392142547,0.00475288964624903,159,30,3,0.0391336450898351,8.05031446540881,0.348742869554231,0.505225592196959,0,1,0.113207547169811,0.40930872868778,0.74128639898583,random,26,4,30,11,0.188679245283019,0.00464194613505984,0.0115047789542202,0,0.0133082967017382,NaN,0.233333333333333,-0.0287580889506432,0.0377358490566038,0.0120318750051754,0.0143566173072379,0.01458917344604,0.0134705404392191,0.366666666666667,400,157,714,714,456,258,314,75,93,69,7065,36,204,204,204,192,159,159,159,159,159,0,30
LIRCMOP6_BC,1,ref_tau,137,162,1,0.54,162,0,0.00183437105355883,0.00448250531419926,162,30,3,0.0398720157519075,7.90123456790123,0.369057903352691,0.540976885557317,-0,1,0.111111111111111,0.4419192727019,0.782680161295508,random,25,5,30,5,0.185185185185185,0.00654365979420655,0.0122707358654848,0,0.0139207887585702,NaN,0.2,-0.0192180008896841,0.0555555555555556,0.00917935065098951,0.0141874579036526,0.0141850185038951,0.0141898973034101,0.166666666666667,400,159,718,718,449,269,321,76,91,69,7345,9,204,204,204,204,162,162,162,162,162,0,30
LIRCMOP6_BC,1,ref_tau,138,156,1,0.52,156,0,0.00162990592429984,0.00414888188648194,156,30,3,0.0383952744277627,8.2051282051282,0.342860976222991,0.505225592196959,0,1,0.0961538461538462,0.416051815031381,0.647000809718961,random,27,3,30,10,0.192307692307692,0.00588117369381784,0.0093660771204536,0,0.0116643305269719,NaN,0.4,-0.0129659554003216,0.0769230769230769,0.0109913446062657,0.0156347973111225,0.0157328983229577,0.0127852094333638,0.333333333333333,400,162,724,724,466,258,310,72,100,72,7156,20,215,215,215,209,156,156,156,156,156,0,30
LIRCMOP6_BC,1,ref_tau,139,157,1,0.53,157,0,0.00153930563290909,0.00535027566044572,157,30,3,0.0386413979817869,8.15286624203822,0.346603855689227,0.512767017943773,0,1,0.101910828025478,0.421735650636293,0.728386231841986,random,26,4,30,3,0.191082802547771,0.00496573385987154,0.0105479176303589,0,0.0136752658352518,NaN,0.766666666666667,0.0173087935473164,0.0377358490566038,0.0125891018928938,0.0199196911571686,0.0203755386980075,0.0178224414690752,0.1,400,156,712,712,453,259,315,73,100,73,6903,24,218,218,218,210,157,157,157,157,157,0,30
LIRCMOP6_BC,1,ref_tau,140,153,1,0.51,153,0,0.00148841204213885,0.00413976522647786,153,30,3,0.0376569037656904,8.36601307189543,0.372139727118968,0.54074831426598,0,1,0.117647058823529,0.412523009974831,0.757270761811654,random,27,3,30,0,0.196078431372549,0.00692965580443477,0.0114955438060939,0,0.0135942519722007,NaN,0.433333333333333,-0.0115961432957577,0,0.0134550856220332,0.0214450961640021,0.0220949335708863,0.0189953025291816,0,400,157,714,714,448,266,304,73,100,73,7117,37,219,219,219,209,153,153,153,153,153,0,30
LIRCMOP6_BC,1,ref_tau,141,165,1,0.55,165,0,0.00146578407109224,0.00500275097944425,165,30,3,0.0406103864139798,7.75757575757576,0.3502679866806,0.512767017943773,0,1,0.127272727272727,0.489598054835325,0.560937944465626,random,23,7,30,5,0.181818181818182,0.0046459715562816,0.00825772677998242,0,0.00891898258605178,NaN,0.5,-0.00428327720623681,0.145454545454545,0.00823739223303491,0.0132951215650126,0.0147548413664831,0.0115289147940959,0.166666666666667,400,153,706,706,440,266,302,76,100,76,6927,37,228,228,228,214,165,165,165,165,165,0,30
LIRCMOP6_BC,1,ref_tau,142,157,1,0.53,157,0,0.00173495160043567,0.00551290160753826,157,30,3,0.0386413979817869,8.15286624203822,0.364965050182678,0.540691171443145,0,1,0.114649681528662,0.43373169399707,0.763033282594661,random,25,5,30,0,0.191082802547771,0.00761095228183696,0.0122727959202879,0,0.0141111057861829,NaN,0.533333333333333,0.0159033533987553,0,0.0132455225531504,0.0197093114334631,0.0201362316788653,0.019282391188061,0,400,165,730,730,450,280,319,73,100,73,7629,49,219,219,219,218,157,157,157,157,157,0,30
LIRCMOP6_BC,1,ref_tau,143,166,1,0.56,166,0,0.00169924114676007,0.00465074634730274,166,30,3,0.0408565099680039,7.71084337349398,0.364965050182678,0.512767017943773,0,1,0.132530120481928,0.409104156262144,0.732891257118774,random,23,7,30,6,0.180722891566265,0.00320388136357601,0.00956104162788867,0,0.0139694722469407,NaN,0.766666666666667,0.0439649571864325,0.0714285714285714,0.0129074238583113,0.0206873587550823,0.0218485765037939,0.0151345068241311,0.2,400,157,714,714,443,271,312,78,94,72,7166,10,213,213,213,213,166,166,166,166,166,0,30
LIRCMOP6_BC,1,ref_tau,144,174,1,0.58,174,0,0.00169683825957879,0.00417008402514609,174,30,3,0.0428254984001969,7.35632183908046,0.364965050182678,0.540691171443145,-0,1,0.137931034482759,0.457971655683349,0.672958431800221,random,21,9,30,10,0.172413793103448,0.00423535386146368,0.0105035409216695,0,0.0120503220124432,NaN,0.7,0.0254017624266032,0.0344827586206897,0.00958398158950781,0.0136549767975231,0.014081884289647,0.012932708939291,0.333333333333333,400,166,732,732,446,286,321,81,100,81,7800,12,242,242,242,226,174,174,174,174,174,0,30
LIRCMOP6_BC,1,ref_tau,145,174,1,0.58,174,0,0.00203515408904855,0.00604241563884474,174,30,3,0.0428254984001969,7.35632183908046,0.374692709350268,0.540691171443145,0,1,0.120689655172414,0.44323236906108,0.717820347336194,random,21,9,30,6,0.172413793103448,0.00507285065252352,0.0114521960257162,0,0.0121036245196231,NaN,0.6,0.00816287055016429,0.103448275862069,0.00570255383740434,0.0124043426366545,0.0123293648171953,0.0125687301640356,0.2,400,174,748,748,456,292,340,80,93,73,8299,24,216,216,216,213,174,174,174,174,174,0,30
LIRCMOP6_BC,1,ref_tau,146,162,1,0.54,162,0,0.0020604325577208,0.0048905616554829,162,30,3,0.0398720157519075,7.90123456790123,0.376433695213373,0.540691171443145,-0,1,0.12962962962963,0.39523279489773,0.947076185338306,random,23,7,30,10,0.185185185185185,0.00427734220633738,0.0123323079074702,0,0.0181475840206076,NaN,0.6,0.0182332564116377,0.037037037037037,0.011018240523421,0.018393683490167,0.0175119406652739,0.0195631564196931,0.333333333333333,400,174,748,748,464,284,315,78,86,66,9325,12,195,195,195,192,162,162,162,162,162,0,30
LIRCMOP6_BC,1,ref_tau,147,168,1,0.56,168,0,0.00174921178294058,0.00482924737540046,168,30,3,0.0413487570760522,7.61904761904762,0.349276973320473,0.540691171443145,0,1,0.107142857142857,0.402755356052855,0.769806837594225,random,23,7,30,11,0.178571428571429,0.0049264308632232,0.0121516715551326,0,0.0146568320894747,NaN,0.7,0.0153669980150691,0.0535714285714286,0.00972897738430655,0.0149437838398136,0.014699129591179,0.0149236844794945,0.366666666666667,400,162,724,724,459,265,328,78,93,71,7254,31,210,210,210,210,168,168,168,168,168,0,30
LIRCMOP6_BC,1,ref_tau,148,183,1,0.61,183,0,0.00167166845822894,0.00471377870623907,183,30,3,0.045040610386414,6.99453551912568,0.372139727118968,0.518351848643648,0,1,0.131147540983607,0.434794844587512,0.616389612886109,random,17,13,30,2,0.163934426229508,0.00721868688842063,0.0100813939817882,0,0.0114506426714169,NaN,0.3,-0.0167069143380714,0.0327868852459016,0.00846964828607056,0.0116485696162505,0.0118596872201437,0.0115316345085186,0.0666666666666667,400,168,736,736,457,279,325,81,95,76,7861,9,225,225,225,225,183,183,183,183,183,0,30
LIRCMOP6_BC,1,ref_tau,149,159,1,0.53,159,0,0.00170183204526513,0.00460966205311715,159,30,3,0.0391336450898351,8.05031446540881,0.372139727118968,0.505225592196959,0,1,0.119496855345912,0.461796643434463,0.661866342542673,random,25,5,30,4,0.188679245283019,0.00686749572978975,0.0105246213054077,0,0.0125769564773279,NaN,0.466666666666667,-0.000822166215412423,0.0754716981132075,0.00791910709122556,0.0129332322814398,0.0129174893734736,0.0132721347915172,0.133333333333333,400,183,766,766,483,283,334,77,92,69,8345,22,201,201,201,193,159,159,159,159,159,0,30
LIRCMOP6_BC,1,ref_tau,150,173,1,0.59,173,0,0.00244452716677522,0.00881878903625091,173,30,3,0.0425793748461728,7.39884393063584,0.370581513113599,0.456556155400522,-0,1,0.173410404624277,0.413770347996306,0.727546253682899,random,24,6,30,4,0.173410404624277,0.00996511681125389,0.0143486417304314,0,0.0143486417304314,NaN,0.7,0.0264144548137399,0.0847457627118644,0.0120914080481354,0.0183669080689024,0.0177869681675829,0.0186173948348675,0.133333333333333,400,159,718,718,454,264,296,74,100,74,7639,41,218,218,218,214,173,173,173,173,173,0,30
LIRCMOP6_BC,1,ref_tau,151,160,1,0.54,160,0,0.00139750179414403,0.00429097091189262,160,30,3,0.0393797686438592,8,0.368794894487939,0.484797204879676,0,1,0.13125,0.427427820446514,0.716209456871292,random,23,7,30,0,0.1875,0.00660658191201142,0.0107409801131986,0,0.013341312285855,NaN,0.666666666666667,0.0201966577866143,0,0.0125220241411893,0.0189050797044813,0.0197681523030496,0.0177249426791374,0,400,173,746,746,463,283,331,73,100,73,7957,33,219,219,219,202,160,160,160,160,160,0,30
LIRCMOP6_BC,1,ref_tau,152,168,1,0.56,168,0,0.00150767268700962,0.00537240528108671,168,30,3,0.0413487570760522,7.61904761904762,0.369688203800769,0.484797204879676,-0,1,0.142857142857143,0.432931619054066,0.444441949727607,random,22,8,30,11,0.178571428571429,0.00491251888846341,0.0075244945188323,0,0.00759491920662476,NaN,0.5,0.000132860893554285,0.196428571428571,0.00570216208268159,0.00833782294951161,0.0092909454885846,0.00759191858098585,0.366666666666667,400,160,720,720,449,271,329,73,100,73,7642,1,217,217,217,217,168,168,168,168,168,0,30
LIRCMOP6_BC,1,ref_tau,153,159,1,0.53,159,0,0.00180318713270537,0.00563052654918853,159,30,3,0.0391336450898351,8.05031446540881,0.370581513113599,0.484797204879676,0,1,0.132075471698113,0.458464433218934,0.573035959437027,random,17,13,30,7,0.188679245283019,0.00404012591780066,0.00675576266234026,0,0.0097313734371346,NaN,0.766666666666667,0.0246826848743336,0.132075471698113,0.0082984481231038,0.0102503367999353,0.0105635033765472,0.0100762396834393,0.233333333333333,400,168,736,736,451,285,309,72,100,72,7934,41,215,215,215,206,159,159,159,159,159,0,30
LIRCMOP6_BC,1,ref_tau,154,171,1,0.57,171,0,0.00155798217370352,0.00535236673780513,171,30,3,0.0420871277381245,7.48538011695906,0.370581513113599,0.511962006287571,-0,1,0.175438596491228,0.404448571699837,0.732716058856927,random,14,16,30,0,0.175438596491228,0.0101407995404574,0.0119995949143263,0,0.0134040698387922,NaN,0.466666666666667,-0.00143550471489509,0,0.0114758112778953,0.0137794192872333,0.013651648477564,0.0139207815857401,0,400,159,718,718,445,273,310,75,100,75,7651,9,218,218,218,218,171,171,171,171,171,0,30
LIRCMOP6_BC,1,ref_tau,155,174,1,0.58,174,0,0.00169059703506862,0.00555117747561724,174,30,3,0.0428254984001969,7.35632183908046,0.373619781049947,0.511962006287571,-0,1,0.189655172413793,0.403306089239958,0.60542016396307,random,13,17,30,4,0.172413793103448,0.00803269113193692,0.010548073832615,0,0.0111311057147656,NaN,0.733333333333333,0.030173322618308,0.0689655172413793,0.00884326417741991,0.0113842867293074,0.0113960219596373,0.011396870348127,0.133333333333333,400,171,742,742,469,273,327,77,94,71,7980,3,211,211,211,211,174,174,174,174,174,0,30
LIRCMOP6_BC,1,ref_tau,156,172,1,0.58,172,0,0.00142377571359857,0.00418400771826865,172,30,3,0.0423332512921487,7.44186046511628,0.371004899922063,0.558661992603572,-0,1,0.191860465116279,0.524885905522993,0.731253675558384,random,17,13,30,7,0.174418604651163,0.00423848091935216,0.0138619963266392,0,0.0139116564937266,NaN,0.666666666666667,0.0243874630818635,0.137931034482759,0.00719627996930545,0.0142036104550768,0.0143933975550544,0.0139518946220796,0.233333333333333,400,174,748,748,473,275,313,75,92,69,7843,1,204,204,204,204,172,172,172,172,172,0,30
LIRCMOP6_BC,1,ref_tau,157,177,1,0.59,177,0,0.00157249857924815,0.00474464789531578,177,30,3,0.0435638690622693,7.2316384180791,0.3502679866806,0.505225592196959,0,1,0.203389830508475,0.476963290002701,0.821435963968675,random,17,13,30,2,0.169491525423729,0.00548511358225374,0.0164151198367966,0,0.0166702804760557,NaN,0.666666666666667,0.0314542049721664,0.0338983050847458,0.0114424382607407,0.0166839426669142,0.0174819277443323,0.0161229116640208,0.0666666666666667,400,172,744,744,465,279,304,76,95,71,7889,6,210,210,210,210,177,177,177,177,177,0,30
LIRCMOP6_BC,1,ref_tau,158,181,1,0.61,181,0,0.00166788375829219,0.00477463433375492,181,30,3,0.0445483632783657,7.07182320441989,0.350594396548833,0.508762300686411,0,1,0.215469613259669,0.448872915082157,0.364538853540868,random,18,12,30,5,0.165745856353591,0.00403796860815757,0.00822444690232719,0,0.0096014385147762,NaN,0.633333333333333,0.00516015557454716,0.0983606557377049,0.00477908203615217,0.00995269915329532,0.0102532476691981,0.00757364944740208,0.166666666666667,400,177,754,754,453,301,335,76,93,70,8811,2,209,209,209,207,181,181,181,181,181,0,30
LIRCMOP6_BC,1,ref_tau,159,188,1,0.63,188,0,0.00145561647690432,0.00432820891883986,188,30,3,0.0462712281565346,6.80851063829787,0.348285959960346,0.511962006287571,0,1,0.207446808510638,0.453799348016778,1.11421260488877,random,16,14,30,3,0.159574468085106,0.00785974736296878,0.020848137341408,0,0.021504957625551,NaN,0.766666666666667,0.0306919346726503,0.0317460317460317,0.0156776384555366,0.0220484971970326,0.0222852145049059,0.0217725057597701,0.1,400,181,762,762,447,315,337,78,100,78,9196,4,232,232,232,226,188,188,188,188,188,0,30
LIRCMOP6_BC,1,ref_tau,160,185,1,0.62,185,0,0.00187065231261668,0.0064498198766739,185,30,3,0.0455328574944622,6.91891891891892,0.350594396548833,0.505225592196959,0,0.749285707836293,0.162162162162162,0.424962857730828,0.783170238338478,random,19,11,30,7,0.162162162162162,0.00588091470371336,0.0132447880634055,0,0.0140578608557604,NaN,0.566666666666667,0.00261928533518803,0.0806451612903226,0.00809803532878184,0.0142317211172513,0.0142355358873932,0.0147022475294409,0.233333333333333,400,188,776,776,460,316,351,78,95,74,9486,0,222,222,222,222,185,185,185,185,185,0,30
LIRCMOP6_BC,1,ref_tau,161,172,1,0.58,172,0,0.00133311741807413,0.00553457997989717,172,30,3,0.0423332512921487,7.44186046511628,0.358248749977115,0.484797204879676,-0,0.749285707836293,0.191860465116279,0.461670416092293,0.652911153816731,random,30,0,30,11,0.174418604651163,0.00667879414461604,0.00926020765958826,0,0.0181511039190461,NaN,0.9,0.0114533654156962,0.0862068965517241,0.0135565526929315,0.0199597379035999,0.0199597379035999,NaN,0.366666666666667,400,185,770,770,462,308,326,67,100,67,10898,0,201,201,201,195,172,172,172,172,172,0,30
LIRCMOP6_BC,1,ref_tau,162,186,1,0.62,186,0,0.00189846971320532,0.00619885629958121,186,30,3,0.0457789810484863,6.88172043010753,0.351359483864734,0.484797204879676,0,0.749285707836293,0.145161290322581,0.464619138896267,0.797278724867758,random,19,11,30,5,0.161290322580645,0.00634853492950656,0.0125037178050086,0,0.0144188031599327,NaN,0.6,0.0262882913247478,0.0483870967741935,0.00865065863817057,0.0148196552152264,0.0149227314222458,0.0143966136327958,0.166666666666667,400,172,744,744,440,304,336,75,100,75,8418,0,224,224,224,224,186,186,186,186,186,0,30
LIRCMOP6_BC,1,ref_tau,163,180,1,0.6,180,0,0.00142242433254871,0.00520333911963575,180,30,3,0.0443022397243416,7.11111111111111,0.353543075974027,0.496785074044156,-0,0.749285707836293,0.15,0.449920289118727,0.604544360936489,random,20,10,30,7,0.166666666666667,0.00408171161043549,0.0169646412894905,0,0.017301265567729,NaN,0.633333333333333,0.0114440504960982,0.166666666666667,0.00528700713221341,0.0175122001663701,0.0175122001663701,0.0177243095143899,0.233333333333333,400,186,772,772,475,297,352,72,100,72,9144,11,216,216,216,210,180,180,180,180,180,0,30
LIRCMOP6_BC,1,ref_tau,164,183,1,0.61,183,0,0.00167761597839787,0.0062007560486262,183,30,3,0.045040610386414,6.99453551912568,0.359637613655717,0.513667285002482,0,0.749285707836293,0.163934426229508,0.416816128118362,1.15349485845673,random,20,10,30,0,0.163934426229508,0.0124028527417225,0.0172349124453626,0,0.0224035118774334,NaN,0.833333333333333,0.0409431895615049,0,0.0159475892767832,0.0228640605125179,0.0228640605125179,0.0223504576602995,0,400,180,760,760,473,287,342,74,100,74,7929,1,222,222,222,220,183,183,183,183,183,0,30
LIRCMOP6_BC,1,ref_tau,165,180,1,0.6,180,0,0.00161532724890158,0.00543275017258192,180,30,3,0.0443022397243416,7.11111111111111,0.362301331919197,0.555121649703382,0,0.74570602598315,0.15,0.421767018874773,0.55041175469136,random,19,11,30,0,0.166666666666667,0.0067410883676939,0.00996485929888554,0,0.0105003101070533,NaN,0.7,0.0355579405553157,0,0.00793876316811163,0.0106952671661655,0.0107376791778355,0.0108509062308742,0,400,183,766,766,473,293,357,74,100,74,8372,8,219,219,219,215,180,180,180,180,180,0,30
LIRCMOP6_BC,1,ref_tau,166,196,1,0.66,196,0,0.00159391327072279,0.00471680212730806,196,30,3,0.0482402165887275,6.53061224489796,0.352124571180636,0.566784330656261,0,1,0.198979591836735,0.423525693302504,0.84303917620548,random,14,16,30,3,0.153061224489796,0.00775608221836788,0.0156863511532832,0,0.0161367627623911,NaN,0.766666666666667,0.0382681138250635,0.0606060606060606,0.00930604735880805,0.0166862063254599,0.016881616835683,0.0164554077195677,0.1,400,180,760,760,494,266,339,79,95,74,7440,7,221,221,221,216,196,196,196,196,196,0,30
LIRCMOP6_BC,1,ref_tau,167,174,1,0.58,174,0,0.00135953862049631,0.00476212595286325,174,30,3,0.0428254984001969,7.35632183908046,0.353543075974027,0.50944643859972,0,0.899171857625678,0.132183908045977,0.476650898975918,0.708798272319187,random,23,7,30,4,0.172413793103448,0.00881822247242974,0.0132013633477535,0,0.0134892471523296,NaN,0.666666666666667,0.0264535957464295,0.0517241379310345,0.00955953352486099,0.013772004237277,0.0134945268527987,0.0147360509444609,0.133333333333333,400,196,792,792,507,285,344,69,100,69,9843,0,207,207,207,200,174,174,174,174,174,0,30
LIRCMOP6_BC,1,ref_tau,168,186,1,0.62,186,0,0.0016069308443978,0.00501332111250524,186,30,3,0.0457789810484863,6.88172043010753,0.352923058890375,0.533105671713123,-0,0.74570602598315,0.155913978494624,0.45862112784278,0.929076747245594,random,18,12,30,3,0.161290322580645,0.00869659108559285,0.0143927444513759,0,0.017926149352221,NaN,0.633333333333333,0.0171210392442573,0.032258064516129,0.0116216989720213,0.0181817935648314,0.0179073948083656,0.018438283713774,0.1,400,174,748,748,482,266,341,76,92,68,7326,0,204,204,204,204,186,186,186,186,186,0,30
LIRCMOP6_BC,1,ref_tau,169,177,1,0.59,177,0,0.00123077462737999,0.00394490632373985,177,30,3,0.0435638690622693,7.2316384180791,0.352923058890375,0.535616156157931,0,1,0.152542372881356,0.473124226039563,0.674549310511398,random,30,0,30,2,0.169491525423729,0.0077030381002074,0.00994680709667966,0,0.0108542622008598,NaN,0.833333333333333,0.0342937200622266,0.0508474576271186,0.00997225772955473,0.0121628995235251,0.0121628995235251,NaN,0.0666666666666667,400,186,772,772,497,275,359,69,100,69,10337,17,207,207,207,204,177,177,177,177,177,0,30
LIRCMOP6_BC,1,ref_tau,170,174,1,0.58,174,0,0.00123668807938249,0.00431714473315735,174,30,3,0.0428254984001969,7.35632183908046,0.352523815035506,0.547434056224574,0,1,0.155172413793103,0.548131243002233,1.02850807225197,random,30,0,30,12,0.172413793103448,0.0162939586612386,0.02883048720845,0,0.0313591388997271,NaN,0.466666666666667,-0.0036346792372112,0.0862068965517241,0.0202513860512372,0.0322992434153781,0.0322992434153781,NaN,0.4,400,177,754,754,490,264,335,66,100,66,10151,30,198,198,198,194,174,174,174,174,174,0,30
LIRCMOP6_BC,1,ref_tau,171,174,1,0.58,174,0,0.0012696593261159,0.00436966769791259,174,30,3,0.0428254984001969,7.35632183908046,0.349384319043343,0.566784330656261,0,1,0.155172413793103,0.477265058511132,0.85850860649475,random,30,0,30,2,0.172413793103448,0.00950900068352522,0.0198965354370526,0,0.0198965354370526,NaN,0.566666666666667,0.0157710397404995,0.0344827586206897,0.0111493402165976,0.0204780551916642,0.0204780551916642,NaN,0.0666666666666667,400,174,748,748,481,267,338,67,100,67,8051,11,201,201,201,195,174,174,174,174,174,0,30
LIRCMOP6_BC,1,ref_tau,172,174,1,0.58,174,0,0.00158245534913977,0.00471104029054686,174,30,3,0.0428254984001969,7.35632183908046,0.356205921517397,0.571653913102109,0,1,0.189655172413793,0.441224056914541,0.861000198138338,random,30,0,30,2,0.172413793103448,0.00776902143111035,0.0116103576185721,0,0.0136603629260104,NaN,0.566666666666667,0.0127053157341479,0.0689655172413793,0.0118485478265491,0.0142927474853057,0.0142927474853057,NaN,0.0666666666666667,400,174,748,748,475,273,346,68,100,68,8467,13,204,204,204,201,174,174,174,174,174,0,30
LIRCMOP6_BC,1,ref_tau,173,168,1,0.56,168,0,0.0014971806302855,0.00543655706607287,168,30,3,0.0413487570760522,7.61904761904762,0.353143832119158,0.505225592196959,0,1,0.125,0.425822560615933,0.868321142645385,random,30,0,30,3,0.178571428571429,0.00733120900396743,0.0107773363888522,0,0.0125318093372014,NaN,0.566666666666667,0.00968489477760819,0.0892857142857143,0.00950710725669424,0.0129183070662458,0.0129183070662458,NaN,0.1,400,174,748,748,481,267,319,67,100,67,7797,10,201,201,201,200,168,168,168,168,168,0,30
LIRCMOP6_BC,1,ref_tau,174,194,1,0.65,194,0,0.00146743919373028,0.00437337769566404,194,30,3,0.0477479694806793,6.5979381443299,0.358248749977115,0.547434056224574,0,1,0.139175257731959,0.434623383850739,0.849990347186597,random,29,1,30,8,0.154639175257732,0.0105168314758788,0.0141598421628441,0,0.0161963633482962,NaN,0.6,0.0040320869456151,0.107692307692308,0.0143915128016471,0.0177676584876071,0.0179095033168393,0.0139978254356556,0.266666666666667,400,168,736,736,468,268,332,74,100,74,8293,23,222,222,222,217,194,194,194,194,194,0,30
LIRCMOP6_BC,1,ref_tau,175,191,1,0.64,191,0,0.00151747963922591,0.00449091297283365,191,30,3,0.0470095988186069,6.70157068062827,0.352124571180636,0.500398699593974,0,0.775223257372047,0.157068062827225,0.416040258922071,0.925787783792232,random,27,3,30,2,0.157068062827225,0.0105160070699303,0.0162359096817952,0,0.0173723341576226,NaN,0.6,0.0216533807243777,0.0625,0.0124870048049536,0.018934502351242,0.0190130430343397,0.0170682899313536,0.0666666666666667,400,194,788,788,475,313,343,75,100,75,9620,31,225,225,225,219,191,191,191,191,191,0,30
LIRCMOP6_BC,1,ref_tau,176,201,1,0.67,201,0,0.00177676511690591,0.0054019586951438,201,30,3,0.0494708343588481,6.3681592039801,0.358248749977115,0.574531633605724,0,0.775223257372047,0.104477611940299,0.457549273833976,0.900357820215675,random,23,7,30,2,0.149253731343284,0.00795600330099891,0.01375072311656,0,0.0160587473606104,NaN,0.733333333333333,0.0270953915993971,0.0597014925373134,0.0122192594245732,0.0214741067408846,0.0229978796030348,0.0161396642256332,0.0666666666666667,400,191,782,782,490,292,346,78,100,78,8457,0,234,234,234,231,201,201,201,201,201,0,30
LIRCMOP6_BC,1,ref_tau,177,180,1,0.6,180,0,0.00150603030257997,0.00398699120044026,180,30,3,0.0443022397243416,7.11111111111111,0.376623859903048,0.559543984663342,0,0.832429612882201,0.0833333333333333,0.428474881489166,0.714936133656916,random,22,8,30,7,0.166666666666667,0.00665275525716256,0.0106342874529063,0,0.0141638195247556,NaN,0.9,0.0278367136374967,0.1,0.00747206942426033,0.0144371984632101,0.0149646529813807,0.0132345112590784,0.233333333333333,400,201,802,802,493,309,335,72,100,72,9022,1,213,213,213,208,180,180,180,180,180,0,30
LIRCMOP6_BC,1,ref_tau,178,168,1,0.56,168,0,0.00129540009909912,0.00437368140744419,168,30,3,0.0413487570760522,7.61904761904762,0.359054039260009,0.571653913102109,0,0.86238156285306,0.0892857142857143,0.521573477459615,0.827725777973621,random,24,6,30,1,0.178571428571429,0.00576189413425376,0.0102949248278165,0,0.0108234986891615,NaN,0.633333333333333,0.017494694977792,0.0357142857142857,0.00649820584457114,0.0112548771687165,0.0113711067248136,0.0100999563212822,0.0333333333333333,400,180,760,760,494,266,334,67,98,67,11237,0,201,201,201,198,168,168,168,168,168,0,30
LIRCMOP6_BC,1,ref_tau,179,165,1,0.55,165,0,0.0014235939779747,0.00495684855424114,165,30,3,0.0406103864139798,7.75757575757576,0.364965050182678,0.568435366043113,0,0.902840090452838,0.127272727272727,0.483225112997235,0.978530604697786,random,21,9,30,3,0.181818181818182,0.00657045602468912,0.011227470957168,0,0.0118053138283063,NaN,0.633333333333333,0.0197190003699013,0.0545454545454545,0.00719722848895,0.0120084144993442,0.012125411655899,0.0111403927056161,0.1,400,168,736,736,469,267,334,67,100,67,10082,9,201,201,201,190,165,165,165,165,165,0,30
LIRCMOP6_BC,1,ref_tau,180,180,1,0.6,180,0,0.00150730852436532,0.00486669463598088,180,30,3,0.0443022397243416,7.11111111111111,0.364965050182678,0.559543984663342,0,0.86238156285306,0.183333333333333,0.480888403695065,0.86058525578859,random,20,10,30,3,0.166666666666667,0.00705794003927171,0.00948461895088586,0,0.0133669356044364,NaN,0.666666666666667,0.0243512675526311,0.0333333333333333,0.00734464310836522,0.0137009995664581,0.0135661921802783,0.0137009995664581,0.1,400,165,730,730,458,272,308,71,100,71,8299,0,213,213,213,213,180,180,180,180,180,0,30
LIRCMOP6_BC,1,ref_tau,181,169,1,0.57,169,0,0.00128410240666526,0.00311787175286664,169,30,3,0.0415948806300763,7.57396449704142,0.35416309305768,0.571653913102109,-0,0.86238156285306,0.14792899408284,0.494981648568155,0.945784539097355,random,30,0,30,3,0.177514792899408,0.0109451805790232,0.0150261431370929,0,0.0151647251520095,NaN,0.466666666666667,-0.0258882839670076,0.0701754385964912,0.0132777524317099,0.0157363946663003,0.0157363946663003,NaN,0.1,400,180,760,760,470,290,319,69,100,69,11722,1,205,205,205,204,169,169,169,169,169,0,30
LIRCMOP6_BC,1,ref_tau,182,176,1,0.59,176,0,0.00144756970829317,0.00373379347829729,176,30,3,0.0433177455082451,7.27272727272727,0.370581513113599,0.543378762165337,0,0.86238156285306,0.0852272727272727,0.455914787758834,0.831287143374988,random,30,0,30,5,0.170454545454545,0.00618097664835312,0.00865290363668549,0,0.00879707876613866,NaN,0.466666666666667,-0.00677543499232598,0.0508474576271186,0.00729699175445807,0.0116103801535027,0.0116103801535027,NaN,0.166666666666667,400,169,738,738,462,276,337,70,100,70,9946,7,209,209,209,206,176,176,176,176,176,0,30
LIRCMOP6_BC,1,ref_tau,183,177,1,0.59,177,0,0.001435013146292,0.00370148313043582,177,30,3,0.0435638690622693,7.2316384180791,0.370581513113599,0.572285023431608,0,0.86238156285306,0.11864406779661,0.490298794494436,0.810254081821329,random,30,0,30,2,0.169491525423729,0.00868551179635739,0.012503823243276,0,0.012503823243276,NaN,0.5,-0.00398123104509293,0.0338983050847458,0.0102412672695418,0.0139735345052646,0.0139735345052646,NaN,0.0666666666666667,400,176,752,752,463,289,341,70,100,70,10757,6,209,209,209,206,177,177,177,177,177,0,30
LIRCMOP6_BC,1,ref_tau,184,180,1,0.6,180,0,0.00123430531445712,0.00314249892704334,180,30,3,0.0443022397243416,7.11111111111111,0.352124571180636,0.578497765233366,0,1,0.127777777777778,0.495334855934512,0.932862163151087,random,30,0,30,2,0.166666666666667,0.0101440193526334,0.0135315876484014,0,0.0135315876484014,NaN,0.466666666666667,-0.0158564867746334,0.05,0.0121759702533754,0.0149970877595228,0.0149970877595228,NaN,0.0666666666666667,400,177,754,754,469,285,346,72,100,72,11292,8,216,216,216,213,180,180,180,180,180,0,30
LIRCMOP6_BC,1,ref_tau,185,180,1,0.6,180,0,0.00135708588403281,0.00347088214356595,180,30,3,0.0443022397243416,7.11111111111111,0.382666206692498,0.575075839167738,0,1,0.183333333333333,0.51513300946305,0.902511505989506,random,30,0,30,2,0.166666666666667,0.00557390875000198,0.00787371233904633,0,0.00837240147028229,NaN,0.366666666666667,-0.0239089328644716,0.05,0.00706377333141719,0.011089765068447,0.011089765068447,NaN,0.0666666666666667,400,180,760,760,491,269,340,72,100,72,9637,11,215,215,215,212,180,180,180,180,180,0,30
LIRCMOP6_BC,1,ref_tau,186,168,1,0.56,168,0,0.0011237299298645,0.00420141293287365,168,30,3,0.0413487570760522,7.61904761904762,0.378494054845472,0.594150548609531,0,0.86238156285306,0.125,0.469634056707565,0.847409714590351,random,30,0,30,6,0.178571428571429,0.00232199429272946,0.00362409136335591,0,0.00583055676527281,NaN,0.5,-0.00883150539795817,0.0714285714285714,0.00461856273149084,0.00739293509110158,0.00739293509110158,NaN,0.2,400,180,760,760,476,284,334,69,100,69,10682,4,207,207,207,201,168,168,168,168,168,0,30
LIRCMOP6_BC,1,ref_tau,187,178,1,0.6,178,0,0.00137633630977032,0.00466285219493309,178,30,3,0.0438099926162934,7.19101123595506,0.364965050182678,0.589454713596682,0,0.869616117995895,0.117977528089888,0.479033356044931,0.894253474736049,random,30,0,30,3,0.168539325842697,0.00648074341383724,0.00883469477553299,0,0.0150756635762508,NaN,0.766666666666667,0.0621745611664304,0.0666666666666667,0.0107383180177943,0.0153901467944151,0.0153901467944151,NaN,0.1,400,168,736,736,456,280,331,71,100,71,10317,4,213,213,213,210,178,178,178,178,178,0,30
LIRCMOP6_BC,1,ref_tau,188,168,1,0.57,168,0,0.00135807780945735,0.00509739865465247,168,30,3,0.0413487570760522,7.61904761904762,0.358544810681657,0.594150548609531,-0,0.717724463821157,0.107142857142857,0.47589280467428,0.982782128450421,random,30,0,30,5,0.178571428571429,0.00745719226923087,0.0122477007510087,0,0.0128670190422254,NaN,0.733333333333333,0.0318007065545597,0.0526315789473684,0.00894152332793151,0.0139891872821564,0.0139891872821564,NaN,0.166666666666667,400,178,756,756,467,289,340,68,100,68,11682,5,204,204,204,201,168,168,168,168,168,0,30
LIRCMOP6_BC,1,ref_tau,189,159,1,0.53,159,0,0.00139917058834673,0.00512584033760026,159,30,3,0.0391336450898351,8.05031446540881,0.352118165500574,0.578497765233366,0,0.717724463821157,0.0754716981132075,0.554722723137719,0.776144420484795,random,30,0,30,6,0.188679245283019,0.00300590758041988,0.00378940807720551,0,0.00927834033153964,NaN,0.933333333333333,0.0727023592772122,0.0566037735849057,0.00535784007805952,0.00976951747815885,0.00976951747815885,NaN,0.2,400,168,736,736,450,286,326,64,95,59,12029,7,177,177,177,174,159,159,159,159,159,0,30
LIRCMOP6_BC,1,ref_tau,190,189,1,0.63,189,0,0.00152401193116516,0.00509516391429828,189,30,3,0.0465173517105587,6.77248677248677,0.370581513113599,0.611014628689916,0,0.86238156285306,0.0793650793650794,0.513783066558659,0.63021741579496,random,28,2,30,12,0.158730158730159,0.00293310491051306,0.00668671178555359,0,0.00731500058749035,NaN,0.833333333333333,0.0910508309856195,0.111111111111111,0.00451581247602934,0.00918594775544444,0.00964605793190254,0.0044341091356667,0.4,400,159,718,718,448,270,319,74,100,74,7756,0,222,222,222,216,189,189,189,189,189,0,30
LIRCMOP6_BC,1,ref_tau,191,189,1,0.63,189,0,0.00157565241304806,0.00492890346052883,189,30,3,0.0465173517105587,6.77248677248677,0.386406596577345,0.624536396867486,0,0.624595001481884,0.0634920634920635,0.527020633874622,0.982807458399217,random,28,2,30,2,0.158730158730159,0.00717302528715755,0.0123895086167528,0,0.0177492634857676,NaN,0.9,0.0764027678467758,0.0634920634920635,0.00954621676030987,0.0194238642657025,0.0190164930507944,0.0196545313742927,0.0666666666666667,400,189,778,778,474,304,341,73,100,73,9813,3,219,219,219,216,189,189,189,189,189,0,30
LIRCMOP6_BC,1,ref_tau,192,172,1,0.58,172,0,0.0011776413308129,0.00404471733210279,172,30,3,0.0423332512921487,7.44186046511628,0.370581513113599,0.578497765233366,0,0.717724463821157,0.0872093023255814,0.526482224491652,1.07712725155303,random,30,0,30,7,0.174418604651163,0.00570708257706251,0.00837813304810843,0,0.0100497112995935,NaN,0.733333333333333,0.0200394208127405,0.0862068965517241,0.00649003611026794,0.0104576935431863,0.0104576935431863,NaN,0.233333333333333,400,189,778,778,478,300,347,69,100,69,11130,1,207,207,207,207,172,172,172,172,172,0,30
LIRCMOP6_BC,1,ref_tau,193,165,1,0.55,165,0,0.00156268834321149,0.00603312757146547,165,30,3,0.0406103864139798,7.75757575757576,0.352118165500574,0.594150548609531,0,0.950584487269127,0.127272727272727,0.507131730666085,1.14328761149304,random,30,0,30,4,0.181818181818182,0.00786757060393292,0.0113971082573141,0,0.0122780420977792,NaN,0.8,0.0221688294363295,0.0545454545454545,0.00822521637824805,0.0128965337624018,0.0128965337624018,NaN,0.133333333333333,400,172,744,744,461,283,336,65,100,65,10698,0,195,195,195,192,165,165,165,165,165,0,30
LIRCMOP6_BC,1,ref_tau,194,183,1,0.61,183,0,0.00138917945795487,0.00528935562148968,183,30,3,0.045040610386414,6.99453551912568,0.352118165500574,0.618949915476914,0,0.950584487269127,0.131147540983607,0.482053903433078,1.13686294384267,random,30,0,30,7,0.163934426229508,0.00523235296679977,0.00925891654255793,0,0.0136783828452889,NaN,0.766666666666667,0.0738369682840541,0.0655737704918033,0.00733005591642425,0.0160798420344126,0.0160798420344126,NaN,0.233333333333333,400,165,730,730,456,274,315,70,100,70,8023,2,210,210,210,204,183,183,183,183,183,0,30
LIRCMOP6_BC,1,ref_tau,195,183,1,0.61,183,0,0.00155027440296969,0.00467018635873548,183,30,3,0.045040610386414,6.99453551912568,0.364965050182678,0.597523364625609,0,1,0.0819672131147541,0.547245944580369,1.21020513390426,random,29,1,30,8,0.163934426229508,0.00488428089503964,0.0105929739924111,0,0.0145059938831918,NaN,0.733333333333333,0.039082066278961,0.0819672131147541,0.007890815012324,0.0192367052834047,0.0193034778155974,0.00602965801704119,0.266666666666667,400,183,766,766,477,289,357,72,100,72,9218,3,216,216,216,214,183,183,183,183,183,0,30
LIRCMOP6_BC,1,ref_tau,196,168,1,0.56,168,0,0.00167881759681449,0.00552864757667396,168,30,3,0.0413487570760522,7.61904761904762,0.339595417237993,0.594150548609531,0,1,0.125,0.553200245155317,1.14614877320312,random,30,0,30,8,0.178571428571429,0.0044513564597524,0.00619431990688973,0,0.00680095277087508,NaN,0.766666666666667,0.0147683084676782,0.0714285714285714,0.00494985894315302,0.00872183003481587,0.00872183003481587,NaN,0.266666666666667,400,183,766,766,469,297,336,67,95,62,11735,6,186,186,186,183,168,168,168,168,168,0,30
LIRCMOP6_BC,1,ref_tau,197,186,1,0.62,186,0,0.00117850791448227,0.00395788547607436,186,30,3,0.0457789810484863,6.88172043010753,0.358541607841626,0.594150548609531,0,1,0.155913978494624,0.50996823940226,1.20691878048952,random,30,0,30,9,0.161290322580645,0.00376879119354723,0.0107820215456288,0,0.0140538725109414,NaN,0.6,0.00854304421589848,0.129032258064516,0.0053936280058714,0.0161362773797642,0.0161362773797642,NaN,0.3,400,168,736,736,449,287,324,71,100,71,8183,6,213,213,213,211,186,186,186,186,186,0,30
LIRCMOP6_BC,1,ref_tau,198,192,1,0.64,192,0,0.00172728559046292,0.00712219972224149,192,30,3,0.0472557223726311,6.66666666666667,0.352118165500574,0.611014628689916,-0,1,0.1875,0.497457657381063,1.10615819647441,random,28,2,30,7,0.15625,0.00474793713076776,0.00923135246312273,0,0.0102052802138813,NaN,0.8,0.033104823972618,0.09375,0.0053392949685421,0.013497396780601,0.0141891165676867,0.00912076121897808,0.233333333333333,400,186,772,772,476,296,348,74,100,74,9387,0,222,222,222,219,192,192,192,192,192,0,30
LIRCMOP6_BC,1,ref_tau,199,174,1,0.58,174,0,0.00147214630525607,0.00493909754580285,174,30,3,0.0428254984001969,7.35632183908046,0.333348398677717,0.571653913102109,0,1,0.155172413793103,0.494894947946216,1.05909644579429,random,30,0,30,2,0.172413793103448,0.00465554050029353,0.00509235232731102,0,0.00699048491221083,NaN,0.666666666666667,0.0165853049932677,0.0344827586206897,0.00564587971212784,0.00866197040755538,0.00866197040755538,NaN,0.0666666666666667,400,192,784,784,488,296,326,70,100,70,9228,8,210,210,210,198,174,174,174,174,174,0,30
LIRCMOP6_BC,1,ref_tau,200,147,1,0.49,147,0,0.00114272980699675,0.00440132463589536,147,30,3,0.0361801624415457,8.70748299319728,0.344475654273855,0.544231557845086,0,1,0.17687074829932,0.468232275024585,1.0290955966387,random,30,0,30,3,0.204081632653061,0.00423952739875998,0.00470847293803501,0,0.0125472215235848,NaN,0.333333333333333,-0.0158205129915515,0.0816326530612245,0.00955239339400055,0.0128357467092942,0.0128357467092942,NaN,0.1,400,174,748,748,463,285,319,61,93,54,11350,2,161,161,161,159,147,147,147,147,147,0,30
LIRCMOP6_BC,1,ref_tau,201,186,1,0.62,186,0,0.00130495846140342,0.00414161254631371,186,30,3,0.0457789810484863,6.88172043010753,0.354720352228266,0.611014628689916,0,1,0.188172043010753,0.515035221687108,1.06466496694987,random,30,0,30,11,0.161290322580645,0.00350263802755899,0.00992540640170121,0,0.0119968291402076,NaN,0.566666666666667,0.0130694875186222,0.145161290322581,0.00456380373663176,0.0141351940203518,0.0141351940203518,NaN,0.366666666666667,400,147,694,694,431,263,304,72,100,72,7330,0,216,216,216,213,186,186,186,186,186,0,30
LIRCMOP6_BC,1,ref_tau,202,183,1,0.61,183,0,0.00133174619391906,0.00411980152004646,183,30,3,0.045040610386414,6.99453551912568,0.335803027182541,0.590311928294223,0,1,0.180327868852459,0.491272440552082,1.04388775097845,random,30,0,30,8,0.163934426229508,0.00336023002484805,0.00910561215611557,0,0.0117731628815601,NaN,0.733333333333333,0.0294318463246694,0.163934426229508,0.00419987958210532,0.0140101590219977,0.0140101590219977,NaN,0.266666666666667,400,186,772,772,484,288,333,70,100,70,9509,0,210,210,210,208,183,183,183,183,183,0,30
LIRCMOP6_BC,1,ref_tau,203,180,1,0.6,180,0,0.00132498147265048,0.00439575819816123,180,30,3,0.0443022397243416,7.11111111111111,0.335602788136755,0.594756196961641,0,1,0.183333333333333,0.521018853516323,1.09389507181668,random,30,0,30,10,0.166666666666667,0.00260221173309361,0.0075382492876685,0,0.00772198993482237,NaN,0.8,0.0409692665197513,0.133333333333333,0.00439928230008217,0.010223452094878,0.010223452094878,NaN,0.333333333333333,400,183,766,766,468,298,326,68,100,68,9789,0,204,204,204,202,180,180,180,180,180,0,30
LIRCMOP6_BC,1,ref_tau,204,162,1,0.54,162,0,0.00134838784972402,0.00500740206857334,162,30,3,0.0398720157519075,7.90123456790123,0.318056369439603,0.531421564327136,0,1,0.166666666666667,0.510230467701632,0.724044639462775,random,30,0,30,0,0.185185185185185,0.00564539392395069,0.00619547294571861,0,0.00979019285843387,NaN,0.7,0.0313143034199629,0,0.00763062244443465,0.00988061226270866,0.00988061226270866,NaN,0,400,180,760,760,486,274,342,64,93,57,11200,2,171,171,171,171,162,162,162,162,162,0,30
LIRCMOP6_BC,1,ref_tau,205,135,1,0.45,135,0,0.000979387483334538,0.00444843707882443,135,30,3,0.0332266797932562,9.48148148148148,0.33540254909097,0.547434056224574,0,1,0.111111111111111,0.525568163157951,1.07505052143888,random,30,0,30,0,0.222222222222222,0.00347279139242108,0.00377997178240474,0,0.0149042202075778,NaN,0.733333333333333,0.0661788270464403,0,0.0122505852724403,0.0150557372140289,0.0150557372140289,NaN,0,400,162,724,724,446,278,309,60,92,52,10579,0,156,156,156,156,135,135,135,135,135,0,30
LIRCMOP6_BC,1,ref_tau,206,180,1,0.6,180,0,0.00114424127351285,0.0042812174880762,180,30,3,0.0443022397243416,7.11111111111111,0.354720352228266,0.617775512778701,0,1,0.183333333333333,0.500682804132115,1.10560574594532,random,30,0,30,14,0.166666666666667,0.00171187950177055,0.0103123362232207,0,0.0119697008877657,NaN,0.7,0.0403781718725009,0.133333333333333,0.00476355822498974,0.0146937493107965,0.0146937493107965,NaN,0.466666666666667,400,135,670,670,431,239,290,69,100,69,6075,0,207,207,207,206,180,180,180,180,180,0,30
LIRCMOP6_BC,1,ref_tau,207,186,1,0.62,186,0,0.00133437253244089,0.00539562421745787,186,30,3,0.0457789810484863,6.88172043010753,0.340139340728198,0.578497765233366,0,1,0.193548387096774,0.517241980386004,0.922116377317036,random,30,0,30,11,0.161290322580645,0.00314725739277418,0.00721830578104004,0,0.00791861542834221,NaN,0.766666666666667,0.0526394237425668,0.145161290322581,0.00364976203042962,0.0114348987330712,0.0114348987330712,NaN,0.366666666666667,400,180,760,760,476,284,324,71,100,71,9573,9,213,213,213,212,186,186,186,186,186,0,30
LIRCMOP6_BC,1,ref_tau,208,162,1,0.54,162,0,0.00120797894360521,0.00486090700847527,162,30,3,0.0398720157519075,7.90123456790123,0.326396569799686,0.547434056224574,0,1,0.203703703703704,0.528470093523285,1.02091518907155,random,30,0,30,0,0.185185185185185,0.00310760277609713,0.00364282940023622,0,0.00906633170788954,NaN,0.833333333333333,0.0591350394256583,0,0.00744881411527966,0.00951956965925806,0.00951956965925806,NaN,0,400,186,772,772,487,285,342,66,94,60,12100,10,180,180,180,180,162,162,162,162,162,0,30
LIRCMOP6_BC,1,ref_tau,209,156,1,0.52,156,0,0.00141714036477526,0.00459877251118771,156,30,3,0.0383952744277627,8.2051282051282,0.326396569799686,0.547434056224574,0,1,0.153846153846154,0.504817540084684,1.06717184231491,random,30,0,30,6,0.192307692307692,0.00228971832191748,0.00364672407715838,0,0.00617735149667005,NaN,0.833333333333333,0.0772072445151871,0.0961538461538462,0.00507004723020082,0.00815441455794938,0.00815441455794938,NaN,0.2,400,162,724,724,455,269,307,65,94,59,9403,0,177,177,177,173,156,156,156,156,156,0,30
LIRCMOP6_BC,1,ref_tau,210,186,1,0.62,186,0,0.00132409553363748,0.00460002852962853,186,30,3,0.0457789810484863,6.88172043010753,0.354720352228266,0.611014628689916,0,1,0.21505376344086,0.513928886321923,0.919928232594468,random,29,1,30,9,0.161290322580645,0.00394403826375638,0.00815033305797642,0,0.0084040245423753,NaN,0.766666666666667,0.0551388757948153,0.129032258064516,0.00542182337352836,0.0134304950048811,0.0134633802882963,0.0120139106197929,0.3,400,156,712,712,466,246,327,72,100,72,7402,3,216,216,216,212,186,186,186,186,186,0,30
LIRCMOP6_BC,1,ref_tau,211,150,1,0.5,150,0,0.00132950833330875,0.00527840337035503,150,30,3,0.036918533103618,8.53333333333333,0.334781386939933,0.557836188109675,0,1,0.16,0.524636959804624,0.923049860045291,random,30,0,30,0,0.2,0.00408756892516287,0.00440679617051483,0,0.0105450661758022,NaN,0.833333333333333,0.078810870261753,0,0.00810872394560453,0.0106770310163807,0.0106770310163807,NaN,0,400,186,772,772,480,292,344,62,92,54,14610,4,161,161,161,161,150,150,150,150,150,0,30
LIRCMOP6_BC,1,ref_tau,212,177,1,0.59,177,0,0.00127080765643334,0.00455081995252145,177,30,3,0.0435638690622693,7.2316384180791,0.344475654273855,0.624536396867486,0,1,0.186440677966102,0.511570101957771,0.819426517240411,random,30,0,30,14,0.169491525423729,0.00266761557412185,0.00836041251238463,0,0.00892817115389256,NaN,0.766666666666667,0.0602127215769853,0.203389830508475,0.00408569137826093,0.0117466168516726,0.0117466168516726,NaN,0.466666666666667,400,150,700,700,436,264,310,70,100,70,7408,18,210,210,210,210,177,177,177,177,177,0,30
LIRCMOP6_BC,1,ref_tau,213,162,1,0.54,162,0,0.00157441744095837,0.0062562863196141,162,30,3,0.0398720157519075,7.90123456790123,0.326396569799686,0.611014628689916,0,1,0.166666666666667,0.531445270070214,0.7133140535047,random,30,0,30,22,0.185185185185185,0.00214133843783708,0.00317637717767385,0,0.00455554435847107,NaN,0.966666666666667,0.0664886221263122,0.166666666666667,0.00291069507553849,0.0116603333685843,0.0116603333685843,NaN,0.733333333333333,400,177,754,754,469,285,340,65,94,59,12053,21,177,177,177,175,162,162,162,162,162,0,30
LIRCMOP6_BC,1,ref_tau,214,174,1,0.58,174,0,0.00122306090768985,0.005259809943744,174,30,3,0.0428254984001969,7.35632183908046,0.335602788136755,0.572338298315235,0,1,0.17816091954023,0.49816336813295,0.884941967202565,random,30,0,30,7,0.172413793103448,0.00157075810104051,0.00668113350475036,0,0.00772444559539892,NaN,0.733333333333333,0.0214554719495136,0.0344827586206897,0.00467240684862721,0.0151553588163766,0.0151553588163766,NaN,0.233333333333333,400,162,724,724,462,262,316,69,100,69,8535,3,207,207,207,207,174,174,174,174,174,0,30
LIRCMOP6_BC,1,ref_tau,215,165,1,0.55,165,0,0.00142859377267879,0.00511288844486017,165,30,3,0.0406103864139798,7.75757575757576,0.370581513113599,0.624536396867486,0,1,0.109090909090909,0.532007426013546,0.852290709047175,random,30,0,30,16,0.181818181818182,0.00298166271249899,0.00484383755822992,0,0.00525735767796523,NaN,0.866666666666667,0.0447593051264373,0.181818181818182,0.00391417352775573,0.0127537566232871,0.0127537566232871,NaN,0.533333333333333,400,174,748,748,456,292,324,68,95,63,10146,4,189,189,189,186,165,165,165,165,165,0,30
LIRCMOP6_BC,1,ref_tau,216,153,1,0.51,153,0,0.00127315369570014,0.00459704021724793,153,30,3,0.0376569037656904,8.36601307189543,0.335803027182541,0.557275226666281,-0,1,0.0980392156862745,0.539534507771651,0.935102399584899,random,30,0,30,9,0.196078431372549,0.00313686221818517,0.00403970482011854,0,0.00522499127914962,NaN,0.6,0.0248392531128401,0.137254901960784,0.00474506003417323,0.00909999422616909,0.00909999422616909,NaN,0.3,400,165,730,730,457,273,320,65,92,57,9997,0,171,171,171,168,153,153,153,153,153,0,30
LIRCMOP6_BC,1,ref_tau,217,170,1,0.57,170,0,0.00126228709827305,0.00430232972059692,170,30,3,0.0418410041841004,7.52941176470588,0.386406596577345,0.611014628689916,0,1,0.135294117647059,0.59028379542088,1.09613520634909,random,30,0,30,2,0.176470588235294,0.0108657837948271,0.0163056338133986,0,0.0234070510391677,NaN,0.566666666666667,0.015559348104446,0.0701754385964912,0.0150752400180205,0.0241560232844151,0.0241560232844151,NaN,0.0666666666666667,400,153,706,706,449,257,312,67,100,67,7800,0,201,201,201,201,170,170,170,170,170,0,30
LIRCMOP6_BC,1,ref_tau,218,165,1,0.55,165,0,0.00130307755012179,0.0050612316254876,165,30,3,0.0406103864139798,7.75757575757576,0.386406596577345,0.578497765233366,0,1,0.109090909090909,0.589786931584563,0.987533174173564,random,30,0,30,3,0.181818181818182,0.00719704091068967,0.00847403244668287,0,0.00986315237697351,NaN,0.566666666666667,0.0156965247976502,0.0727272727272727,0.008137538402711,0.0105153926646421,0.0105153926646421,NaN,0.1,400,170,740,740,464,276,336,67,94,61,10139,0,183,183,183,180,165,165,165,165,165,0,30
LIRCMOP6_BC,1,ref_tau,219,174,1,0.58,174,0,0.00116446790466114,0.00358414111058305,174,30,3,0.0428254984001969,7.35632183908046,0.403109374575514,0.611014628689916,0,1,0.137931034482759,0.552465277589663,0.987561241061785,random,30,0,30,15,0.172413793103448,0.00283366157706521,0.00729476003276232,0,0.0105066146532484,NaN,0.6,0.0245270558121535,0.172413793103448,0.00399073260001235,0.0128205508960374,0.0128205508960374,NaN,0.5,400,165,730,730,459,271,333,69,100,69,7899,2,207,207,207,201,174,174,174,174,174,0,30
LIRCMOP6_BC,1,ref_tau,220,159,1,0.53,159,0,0.00141588571244627,0.00480846337609635,159,30,3,0.0391336450898351,8.05031446540881,0.370581513113599,0.578497765233366,0,1,0.169811320754717,0.636587202878043,1.12132615378589,random,30,0,30,12,0.188679245283019,0.00227873875472729,0.00511941945132611,0,0.00652941787587431,NaN,0.7,0.031214376579532,0.0943396226415094,0.0044601329435934,0.0137951980308104,0.0137951980308104,NaN,0.4,400,174,748,748,469,279,320,65,94,59,8456,1,177,177,177,174,159,159,159,159,159,0,30
LIRCMOP6_BC,1,ref_tau,221,171,1,0.57,171,0,0.00117587501704547,0.00397584392916635,171,30,3,0.0420871277381245,7.48538011695906,0.413483564554649,0.624536396867486,0,1,0.157894736842105,0.652376624017862,0.772749258501618,random,30,0,30,10,0.175438596491228,0.00420217235814103,0.00681022849475739,0,0.00701328950123202,NaN,0.5,0.00239555564059515,0.192982456140351,0.00530743149927088,0.00887166262240277,0.00887166262240277,NaN,0.333333333333333,400,159,718,718,446,272,314,68,100,68,7541,3,204,204,204,203,171,171,171,171,171,0,30
LIRCMOP6_BC,1,ref_tau,222,150,1,0.5,150,0,0.00125362886676449,0.00353946404890535,150,30,3,0.036918533103618,8.53333333333333,0.378494054845472,0.59256328402506,0,1,0.1,0.612727511028355,1.38649947475113,random,30,0,30,0,0.2,0.00707198218581358,0.007853909695777,0,0.0154284974799122,NaN,0.4,-0.00365837696384712,0,0.0121635695430328,0.0154517596406762,0.0154517596406762,NaN,0,400,171,742,742,474,268,323,65,92,57,9762,0,171,171,171,171,150,150,150,150,150,0,30
LIRCMOP6_BC,1,ref_tau,223,156,1,0.53,156,0,0.00130545857880666,0.00531442747676713,156,30,3,0.0383952744277627,8.2051282051282,0.378494054845472,0.571653913102109,0,1,0.0961538461538462,0.64617409137723,0.847866202516164,random,30,0,30,9,0.192307692307692,0.00564221530086393,0.00791979404126025,0,0.00811676743875174,NaN,0.5,0.00451566642771536,0.132075471698113,0.00617081764490459,0.00961334847091014,0.00961334847091014,NaN,0.3,400,150,700,700,440,260,303,66,94,60,6804,0,180,180,180,177,156,156,156,156,156,0,30
LIRCMOP6_BC,1,ref_tau,224,156,1,0.52,156,0,0.00113168432438715,0.00402015510942593,156,30,3,0.0383952744277627,8.2051282051282,0.399945080565997,0.578497765233366,0,1,0.0769230769230769,0.58790785002922,0.968694561979428,random,30,0,30,12,0.192307692307692,0.00372918988385005,0.00420712748077629,0,0.00713069157973307,NaN,0.466666666666667,-0.00976357167801166,0.173076923076923,0.00540787511054101,0.00758488582147405,0.00758488582147405,NaN,0.4,400,156,712,712,444,268,310,67,93,60,7510,0,180,180,180,180,156,156,156,156,156,0,30
LIRCMOP6_BC,1,ref_tau,225,143,1,0.48,143,0,0.00108658699169048,0.00323880630851599,143,30,3,0.0351956682254492,8.95104895104895,0.370581513113599,0.578497765233366,0,1,0.104895104895105,0.560743908631156,0.828829493810556,random,30,0,30,6,0.20979020979021,0.00546252354603833,0.00585416305967502,0,0.00865409462072854,NaN,0.466666666666667,-0.0093644692206519,0.0833333333333333,0.00695914605976749,0.00894419605231802,0.00894419605231802,NaN,0.2,400,156,712,712,434,278,308,65,90,55,9261,3,165,165,165,165,143,143,143,143,143,0,30
LIRCMOP6_BC,1,ref_tau,226,153,1,0.51,153,0,0.000935459575008148,0.00286303867464633,153,30,3,0.0376569037656904,8.36601307189543,0.386406596577345,0.584123972750044,0,1,0.117647058823529,0.513865927204225,0.800657789543075,random,30,0,30,2,0.196078431372549,0.00707265436287683,0.00774745524790257,0,0.0107256658505198,NaN,0.566666666666667,0.0198199821443973,0.0588235294117647,0.00889800234431673,0.0115172387381965,0.0115172387381965,NaN,0.0666666666666667,400,143,686,686,434,252,292,67,92,59,6473,0,177,177,177,177,153,153,153,153,153,0,30
LIRCMOP6_BC,1,ref_tau,227,159,1,0.53,159,0,0.000967532983933131,0.00370127441463571,159,30,3,0.0391336450898351,8.05031446540881,0.386406596577345,0.578497765233366,0,1,0.113207547169811,0.538434273793191,0.921737521577841,random,30,0,30,2,0.188679245283019,0.0110653050949358,0.0153751105013541,0,0.0154650997654155,NaN,0.5,0.010911507793823,0.0754716981132075,0.0116752660535505,0.0160535574718775,0.0160535574718775,NaN,0.0666666666666667,400,153,706,706,437,269,298,67,94,61,7095,0,183,183,183,181,159,159,159,159,159,0,30
LIRCMOP6_BC,1,ref_tau,228,144,1,0.48,144,0,0.00109995712400743,0.00324568780229268,144,30,3,0.0354417917794733,8.88888888888889,0.378494054845472,0.578497765233366,0,1,0.125,0.56517301207022,0.861999182352771,random,30,0,30,1,0.208333333333333,0.00951763930332756,0.0119287256402361,0,0.0144097143474789,NaN,0.533333333333333,0.0155217010706934,0.0416666666666667,0.0120205268589757,0.0151894600702688,0.0151894600702688,NaN,0.0333333333333333,400,159,718,718,449,269,307,65,90,56,9067,2,168,168,168,162,144,144,144,144,144,0,30
LIRCMOP6_BC,1,ref_tau,229,150,1,0.5,150,0,0.000994102356768181,0.00382283828472203,150,30,3,0.036918533103618,8.53333333333333,0.414510168305344,0.608821715753335,0,1,0.1,0.555432559145803,0.826726606054681,random,30,0,30,3,0.2,0.00917401702870418,0.0125853173092855,0,0.0131372840884072,NaN,0.5,0.00316924513366332,0.1,0.0106230469789916,0.0140733507345835,0.0140733507345835,NaN,0.1,400,144,688,688,431,257,282,64,94,58,6430,0,174,174,174,174,150,150,150,150,150,0,30
LIRCMOP6_BC,1,ref_tau,230,158,1,0.53,158,0,0.00110799414031888,0.00344973166692894,158,30,3,0.038887521535811,8.10126582278481,0.367773281648138,0.569178652530729,0,1,0.151898734177215,0.560929620610398,0.922453433729319,random,30,0,30,10,0.189873417721519,0.00309408051661658,0.0104987492165571,0,0.0125078292387961,NaN,0.533333333333333,0.00230809889048288,0.150943396226415,0.00625818583219813,0.0152011271261135,0.0152011271261135,NaN,0.333333333333333,400,150,700,700,433,267,295,68,92,60,7455,0,180,180,180,171,158,158,158,158,158,0,30
LIRCMOP6_BC,1,ref_tau,231,159,1,0.53,159,0,0.00123882745405128,0.00449371463771932,159,30,3,0.0391336450898351,8.05031446540881,0.364965050182678,0.563702784194841,0,1,0.169811320754717,0.566491013176596,0.927514418689029,random,30,0,30,12,0.188679245283019,0.00262035165746813,0.00674801619500288,0,0.00674801619500288,NaN,0.5,0.016100294225016,0.132075471698113,0.00371547063173703,0.0111973184747287,0.0111973184747287,NaN,0.4,400,158,716,716,434,282,303,69,90,59,8653,0,177,177,177,177,159,159,159,159,159,0,30
LIRCMOP6_BC,1,ref_tau,232,159,1,0.53,159,0,0.00112051603045864,0.00381350057846101,159,30,3,0.0391336450898351,8.05031446540881,0.364965050182678,0.595376387783399,0,1,0.150943396226415,0.555163666084744,0.966234194555861,random,30,0,30,10,0.188679245283019,0.00237785431008784,0.00769351804172326,0,0.00807253999944386,NaN,0.533333333333333,0.0427013495822903,0.0943396226415094,0.003957028732447,0.0126279504398549,0.0126279504398549,NaN,0.333333333333333,400,159,718,718,440,278,309,68,91,60,8510,6,180,180,180,180,159,159,159,159,159,0,30
LIRCMOP6_BC,1,ref_tau,233,156,1,0.52,156,0,0.00117572086182003,0.00347053317387846,156,30,3,0.0383952744277627,8.2051282051282,0.354720352228266,0.611014628689916,0,1,0.153846153846154,0.554819982463648,0.989795058494442,random,30,0,30,13,0.192307692307692,0.00290453490441925,0.00516628277408854,0,0.00629274078337021,NaN,0.633333333333333,0.0245327520614031,0.134615384615385,0.00407899462135703,0.0110976862060875,0.0110976862060875,NaN,0.433333333333333,400,159,718,718,442,276,306,67,90,58,8238,0,174,174,174,174,156,156,156,156,156,0,30
LIRCMOP6_BC,1,ref_tau,234,153,1,0.51,153,0,0.00105910841202258,0.00372748517551758,153,30,3,0.0376569037656904,8.36601307189543,0.344475654273855,0.553646798026333,0,1,0.215686274509804,0.653059121616625,1.10700654127421,random,30,0,30,3,0.196078431372549,0.00643187442056354,0.00701174823821343,0,0.0171731797514735,NaN,0.533333333333333,0.00463954063253719,0.0392156862745098,0.0115293020122963,0.0173364568258025,0.0173364568258025,NaN,0.1,400,156,712,712,438,274,302,67,89,57,8534,4,171,171,171,165,153,153,153,153,153,0,30
LIRCMOP6_BC,1,ref_tau,235,156,1,0.52,156,0,0.00106959681460503,0.00330387382388552,156,30,3,0.0383952744277627,8.2051282051282,0.344814082553586,0.611014628689916,0,1,0.192307692307692,0.530984137946148,1.17319421585502,random,29,1,30,7,0.192307692307692,0.00329936803832117,0.00494411931107656,0,0.0158453706646536,NaN,0.466666666666667,-0.00375936780374034,0.153846153846154,0.0100613902694124,0.0158959453397669,0.0159191007804122,0.00888455987466089,0.233333333333333,400,153,706,706,440,266,299,67,86,55,8836,0,165,165,165,165,156,156,156,156,156,0,30
LIRCMOP6_BC,1,ref_tau,236,150,1,0.5,150,0,0.00122232013244442,0.00346092602454307,150,30,3,0.036918533103618,8.53333333333333,0.344814082553586,0.59256328402506,0,1,0.2,0.525175689769721,0.987588071629706,random,30,0,30,7,0.2,0.00489034730763817,0.0088755442993027,0,0.00916489750376146,NaN,0.366666666666667,-0.0302853584076856,0.18,0.00663656233327342,0.012589445778139,0.012589445778139,NaN,0.233333333333333,400,156,712,712,451,261,316,71,84,56,9507,0,168,168,168,165,150,150,150,150,150,0,30
LIRCMOP6_BC,1,ref_tau,237,159,1,0.53,159,0,0.00124882766370749,0.00341720146952958,159,30,3,0.0391336450898351,8.05031446540881,0.335803027182541,0.606628802816754,0,1,0.207547169811321,0.528152663500169,0.851142552948751,random,27,3,30,0,0.188679245283019,0.00998987439915805,0.011603050903285,0,0.0137582558072863,NaN,0.4,-0.0047788453540008,0,0.0116733839651361,0.0144681824940445,0.0145362032263751,0.0139552443160441,0,400,150,700,700,455,245,281,69,83,58,8530,8,174,174,174,171,159,159,159,159,159,0,30
LIRCMOP6_BC,1,ref_tau,238,174,1,0.58,174,0,0.00110160463611499,0.00421674305569837,174,30,3,0.0428254984001969,7.35632183908046,0.348977963003,0.624536396867486,0.091427676687428,1,0.258620689655172,0.549605253734172,1.1670199930025,random,25,5,30,8,0.172413793103448,0.00758785722773215,0.0103670880027044,0,0.0194228256951364,NaN,0.433333333333333,-0.00847554221895147,0.0344827586206897,0.0142817754009215,0.019896089588404,0.0201538769203013,0.0183160432184319,0.266666666666667,400,159,718,718,456,262,299,74,87,63,7835,0,188,188,188,187,174,174,174,174,174,0,30
LIRCMOP6_BC,1,ref_tau,239,165,1,0.55,165,0,0.0012077312671984,0.00398181016509606,165,30,3,0.0406103864139798,7.75757575757576,0.362152898823459,0.624536396867486,0.328685209125593,1,0.303030303030303,0.758030039504586,0.971403863355272,random,27,3,30,11,0.181818181818182,0.00751389783459595,0.0106614036292671,0,0.0138908430372259,NaN,0.366666666666667,-0.0365778978927359,0.163636363636364,0.0112726270537076,0.0155463783473554,0.0160275242680336,0.0139337085439697,0.366666666666667,400,174,748,748,462,286,326,70,86,61,9134,2,183,183,183,180,165,165,165,165,165,0,30
LIRCMOP6_BC,1,ref_tau,240,159,1,0.53,159,0,0.00132714794062958,0.00490379588474123,159,30,3,0.0391336450898351,8.05031446540881,0.335803027182541,0.709851928947803,0.230250425469027,1,0.283018867924528,0.664866178084888,0.778729555029384,random,29,1,30,5,0.188679245283019,0.00418418914435653,0.00972660294698612,0,0.010953379625799,NaN,0.3,-0.0247550421496006,0.0943396226415094,0.00767591920798796,0.0113867738512695,0.0113963509759074,0.00624315570159564,0.166666666666667,400,165,730,730,456,274,301,68,84,58,9202,4,171,171,171,167,159,159,159,159,159,0,30
LIRCMOP6_BC,1,ref_tau,241,153,1,0.51,153,0,0.00139263387108804,0.0049319064104017,153,30,3,0.0376569037656904,8.36601307189543,0.335803027182541,0.713304738590468,0,1,0.235294117647059,0.719725427143649,0.795193868897268,random,30,0,30,4,0.196078431372549,0.00766090223955965,0.0101386889326574,0,0.0126196711224909,NaN,0.366666666666667,-0.0134137155366799,0.117647058823529,0.00978015905878271,0.0132888961097279,0.0132888961097279,NaN,0.133333333333333,400,159,718,718,445,273,303,67,88,59,8550,6,174,174,174,174,153,153,153,153,153,0,30
LIRCMOP6_BC,1,ref_tau,242,154,1,0.52,154,0,0.00125194400721226,0.00516505224370853,154,30,3,0.0379030273197145,8.31168831168831,0.33540254909097,0.712666004027338,0,1,0.214285714285714,0.798156800205298,1.58420729094509,random,29,1,30,17,0.194805194805195,0.010753171847641,0.0160309743697479,0,0.0235542637627419,NaN,0.533333333333333,0.00282036335437706,0.25,0.0167414836763919,0.02592874616092,0.0251798074096135,0.0290609334253754,0.566666666666667,400,153,706,706,428,278,308,68,86,58,9876,15,172,172,172,172,154,154,154,154,154,0,30
LIRCMOP6_BC,1,ref_tau,243,171,1,0.57,171,0,0.00134896300021595,0.00483381554174797,171,30,3,0.0420871277381245,7.48538011695906,0.386406596577345,0.675254718166692,-0,1,0.239766081871345,0.757061632227493,1.49333072060583,random,26,4,30,18,0.175438596491228,0.0109491903003661,0.0185213914418311,0,0.0215536652488579,NaN,0.433333333333333,-0.019127958853072,0.263157894736842,0.0142392766461416,0.0267722817341862,0.0263150378749115,0.0273260820828021,0.6,400,154,708,708,438,270,292,72,88,64,7968,4,191,191,191,191,171,171,171,171,171,0,30
LIRCMOP6_BC,1,ref_tau,244,150,1,0.5,150,0,0.00106139640299257,0.0035472215168802,150,30,3,0.036918533103618,8.53333333333333,0.335602788136755,0.661032612803293,0,1,0.22,0.921825031389594,0.823025401215265,random,27,3,30,6,0.2,0.00389208200144378,0.00996477580491527,0,0.0101594088409654,NaN,0.366666666666667,-0.0402324719049795,0.16,0.00520767689318908,0.0103055908297656,0.010564543756349,0.00477179829284791,0.2,400,171,742,742,453,289,315,66,82,57,12463,6,167,167,167,167,150,150,150,150,150,0,30
LIRCMOP6_BC,1,ref_tau,245,150,1,0.5,150,0,0.00118210859909365,0.003953110390241,150,30,3,0.036918533103618,8.53333333333333,0.330518725179471,0.71535426664522,0.091427676687428,1,0.26,0.740348796090433,0.916811271673998,random,30,0,30,10,0.2,0.00425400789482661,0.0102790913522107,0,0.0131616330221479,NaN,0.3,-0.0365774341728193,0.12,0.0106155891818577,0.017211431167415,0.017211431167415,NaN,0.333333333333333,400,150,700,700,430,270,288,65,83,56,9076,0,166,166,166,166,150,150,150,150,150,0,30
LIRCMOP6_BC,1,ref_tau,246,168,1,0.56,168,0,0.00120375188933396,0.00453239734718216,168,30,3,0.0413487570760522,7.61904761904762,0.350384038682609,0.84248007835359,0.332642619105334,1,0.303571428571429,0.801210389825817,1.11192628277311,random,28,2,30,15,0.178571428571429,0.00846098885233833,0.0196041517064949,0,0.0218623075211673,NaN,0.566666666666667,0.0145824376509375,0.178571428571429,0.0169395931545652,0.0286666601060657,0.0288931127898838,0.0235493716970022,0.5,400,150,700,700,426,274,297,68,89,61,8134,2,182,182,182,182,168,168,168,168,168,0,30
LIRCMOP6_BC,1,ref_tau,247,150,1,0.5,150,0,0.00117025315983533,0.00452506101933546,150,30,3,0.036918533103618,8.53333333333333,0.350384038682609,0.716045073303396,0.177277703980743,1,0.28,0.763664248518165,1.26142354506776,random,28,2,30,14,0.2,0.00442720367508511,0.0110474322949672,0,0.0148073952020578,NaN,0.433333333333333,-0.0215187814371311,0.16,0.0114304276445044,0.0215719036105585,0.0220012848614966,0.020477150148381,0.466666666666667,400,168,736,736,444,292,317,63,82,53,11513,0,159,159,159,159,150,150,150,150,150,0,30
LIRCMOP6_BC,1,ref_tau,248,147,1,0.49,147,0,0.00119000951505661,0.0041594532283175,147,30,3,0.0361801624415457,8.70748299319728,0.364965050182678,0.825074825707623,-0,1,0.238095238095238,0.872934538703056,1.15042480890678,random,30,0,30,12,0.204081632653061,0.00708962417156601,0.0177095065896379,0,0.0192714767060547,NaN,0.433333333333333,-0.006206965890415,0.102040816326531,0.0157731245198537,0.0265002087518142,0.0265002087518142,NaN,0.4,400,150,700,700,435,265,269,66,83,54,8108,0,162,162,162,161,147,147,147,147,147,0,30
LIRCMOP6_BC,1,ref_tau,249,139,1,0.47,139,0,0.00116850359082141,0.00411885435643829,139,30,3,0.0342111740093527,9.20863309352518,0.364965050182678,0.723926821667467,0,1,0.194244604316547,0.850247058243377,1.17466429222988,random,30,0,30,13,0.215827338129496,0.00861145384533623,0.0161776552706585,0,0.0187309018614235,NaN,0.266666666666667,-0.0454914602033325,0.170212765957447,0.0144988224785314,0.0240313576179193,0.0240313576179193,NaN,0.433333333333333,400,147,694,694,436,258,289,62,82,51,8660,2,153,153,153,150,139,139,139,139,139,0,30
LIRCMOP6_BC,1,ref_tau,250,157,1,0.53,157,0,0.00103152651218948,0.00362474626971581,157,30,3,0.0386413979817869,8.15286624203822,0.369961618164038,0.84248007835359,0,1,0.203821656050955,0.722731044497113,1.28559926601891,random,28,2,30,14,0.191082802547771,0.0098826097133929,0.016693786581298,0,0.0207029269270567,NaN,0.233333333333333,-0.0349965046590402,0.150943396226415,0.0160242056407868,0.0260041122430963,0.0260756463847823,0.0256819225768675,0.466666666666667,400,139,678,678,417,261,255,67,86,56,7658,2,168,168,168,168,157,157,157,157,157,0,30
LIRCMOP6_BC,1,ref_tau,251,159,1,0.53,159,0,0.00096672306323182,0.0033367391308826,159,30,3,0.0391336450898351,8.05031446540881,0.416535614806507,0.84248007835359,-0,1,0.245283018867925,0.712715084319265,1.1167180969042,random,21,9,30,8,0.188679245283019,0.0108879953038899,0.020842706464145,0,0.0210214393384062,NaN,0.366666666666667,-0.022444215583139,0.113207547169811,0.0111494957091082,0.0211828868049128,0.0208627099200029,0.0209744147123862,0.266666666666667,400,157,714,714,436,278,304,65,89,57,8451,9,168,168,168,165,159,159,159,159,159,0,30
LIRCMOP6_BC,1,ref_tau,252,138,1,0.46,138,0,0.00117548518739806,0.00344182711236131,138,30,3,0.0339650504553286,9.27536231884058,0.388992538257848,0.68863737464571,0,1,0.195652173913043,0.694278867083742,0.933767772463831,random,18,12,30,4,0.217391304347826,0.00716764866267217,0.017934802857403,0,0.0182402565445817,NaN,0.433333333333333,-0.0191033723689862,0.152173913043478,0.00752549512385906,0.0183288816268443,0.0169160425895403,0.0210562941901012,0.133333333333333,400,159,718,718,458,260,300,62,74,49,12337,4,146,146,146,146,138,138,138,138,138,0,30
LIRCMOP6_BC,1,ref_tau,253,148,1,0.5,148,0,0.0010805922868197,0.00391764986269965,148,30,3,0.0364262859955698,8.64864864864865,0.417690267925556,0.755453815123749,0,1,0.222972972972973,0.81262193155838,1.44090263897942,random,21,9,30,7,0.202702702702703,0.0101004146233808,0.025094098198181,0,0.0260382201704516,NaN,0.4,-0.00883191439620493,0.14,0.0126998047194346,0.0261715823490744,0.025824213975956,0.0273867234284669,0.233333333333333,400,138,676,676,432,244,282,65,85,54,7869,2,159,159,159,157,148,148,148,148,148,0,30
LIRCMOP6_BC,1,ref_tau,254,146,1,0.49,146,0,0.00112630166904234,0.00373450387964529,146,30,3,0.0359340388875215,8.76712328767123,0.416535614806507,0.748772171075946,0,1,0.205479452054795,0.829661957238794,1.12794077993039,random,20,10,30,5,0.205479452054795,0.0087748942788426,0.0186329341134951,0,0.0215258018713341,NaN,0.533333333333333,0.0207777598804258,0.102040816326531,0.013110163928825,0.0216654865921597,0.0217329269579332,0.0212086348265274,0.166666666666667,400,148,696,696,440,256,289,65,83,54,9478,12,161,161,161,161,146,146,146,146,146,0,30
LIRCMOP6_BC,1,ref_tau,255,153,1,0.51,153,0,0.00103289408756221,0.00349358436093082,153,30,3,0.0376569037656904,8.36601307189543,0.417690267925556,0.845214216704812,0,1,0.176470588235294,1.0037003535161,1.38302707393219,random,18,12,30,0,0.196078431372549,0.0086465679409523,0.0104500146645581,0,0.0183207511161338,NaN,0.5,0.0107457118243498,0,0.0165263337332169,0.0185895104637217,0.0187139042509019,0.01874748047505,0,400,146,692,692,429,263,285,66,82,55,9334,2,162,162,162,162,153,153,153,153,153,0,30
LIRCMOP6_BC,1,ref_tau,256,141,1,0.47,141,0,0.00100212208824885,0.00376635733820649,141,30,3,0.0347034211174009,9.07801418439716,0.442949800188834,0.856150770109698,0,1,0.0851063829787234,0.972242619654819,3.00850017883103,random,21,9,30,17,0.212765957446809,0.0314664792750275,0.0477295494883943,0,0.0495488598886186,NaN,0.566666666666667,0.0262216386806914,0.148936170212766,0.0337708265526592,0.0496586849603435,0.0493082133100666,0.0533058461697217,0.566666666666667,400,153,706,706,453,253,293,64,79,51,10414,11,151,151,151,148,141,141,141,141,141,0,30
LIRCMOP6_BC,1,ref_tau,257,147,1,0.49,147,0,0.00125573418833831,0.00438055108011837,147,30,3,0.0361801624415457,8.70748299319728,0.447310774044757,0.84248007835359,0,1,0.122448979591837,0.956424709233722,0.777758405884161,random,21,9,30,8,0.204081632653061,0.00299444346797293,0.00885080051733026,0,0.00998385992378169,NaN,0.6,0.0373219085708511,0.102040816326531,0.00594791161229507,0.010201583175863,0.0100335818620846,0.0102051575681482,0.266666666666667,400,141,682,682,416,266,285,65,81,53,9578,11,158,158,158,158,147,147,147,147,147,0,30
LIRCMOP6_BC,1,ref_tau,258,135,1,0.45,135,0,0.0010686129908884,0.00307972620541927,135,30,3,0.0332266797932562,9.48148148148148,0.473963543408795,0.856150770109698,-0,1,0.111111111111111,0.898856207024918,1.07100552677204,random,20,10,30,7,0.222222222222222,0.00844712157909518,0.0187860256773247,0,0.0192135135079951,NaN,0.533333333333333,0.0348148432233026,0.177777777777778,0.00984792022364055,0.0192427413542184,0.0198240191047049,0.018834923483446,0.233333333333333,400,147,694,694,421,273,300,65,79,52,11070,11,150,150,150,146,135,135,135,135,135,0,30
LIRCMOP6_BC,1,ref_tau,259,135,1,0.45,135,0,0.00103739670121121,0.00386363605761911,135,30,3,0.0332266797932562,9.48148148148148,0.500398699593974,0.890864154512783,0,1,0.0666666666666667,0.903826136167065,0.926927366343043,random,20,10,30,7,0.222222222222222,0.0088487060918561,0.0201370114934615,0,0.0208513241187551,NaN,0.633333333333333,0.056240144629203,0.2,0.00916703700101145,0.0209236983098715,0.0182884023723483,0.0240790380994332,0.233333333333333,400,135,670,670,404,266,277,64,78,49,9220,16,143,143,143,143,135,135,135,135,135,0,30
LIRCMOP6_BC,1,ref_tau,260,133,1,0.45,133,0,0.00106042156590271,0.00280163576058447,133,30,3,0.032734432685208,9.62406015037594,0.473963543408795,0.859644687222401,0,1,0.0902255639097744,0.847131834948927,0.932029841666563,random,28,2,30,12,0.225563909774436,0.010271140068232,0.0234650696746891,0,0.0234650696746891,NaN,0.566666666666667,0.022582232753657,0.0888888888888889,0.0136902182968195,0.0263233599588096,0.0263023135472128,0.0259259389716597,0.4,400,135,670,670,417,253,288,66,76,48,10190,8,139,139,139,137,133,133,133,133,133,0,30
LIRCMOP6_BC,1,ref_tau,261,134,1,0.45,134,0,0.00107027639334396,0.0042537195118889,134,30,3,0.0329805562392321,9.55223880597015,0.490287848860039,0.856150770109698,0,1,0.0671641791044776,0.872676368648836,2.07287120140323,random,27,3,30,17,0.223880597014925,0.0182440024547078,0.034214566677661,0,0.034214566677661,NaN,0.5,-0.00028025398197562,0.177777777777778,0.0260994184380348,0.0398762118993386,0.040671127601158,0.0375145366797328,0.566666666666667,400,133,666,666,414,252,266,67,76,51,8324,8,152,152,152,149,134,134,134,134,134,0,30
LIRCMOP6_BC,1,ref_tau,262,129,1,0.44,129,0,0.000968813291165274,0.003857885647145,129,30,3,0.0317499384691115,9.92248062015504,0.473963543408795,0.856150770109698,0,1,0.0542635658914729,0.95944734616248,1.47863439261019,random,26,4,30,17,0.232558139534884,0.0102318209607777,0.0276546666611212,0,0.0276546666611212,NaN,0.466666666666667,-0.0104965263146942,0.159090909090909,0.0226025190414762,0.0317886603435806,0.0317960886954569,0.0266766054988668,0.566666666666667,400,134,668,668,421,247,278,64,73,47,9333,6,140,140,140,140,129,129,129,129,129,0,30
LIRCMOP6_BC,1,ref_tau,263,128,1,0.43,128,0,0.00108228946950606,0.00419844049477352,128,30,3,0.0315038149150874,10,0.473963543408795,0.856150770109698,-0,1,0.0546875,0.913723980654891,0.965678480199451,random,24,6,30,14,0.234375,0.0121168069177427,0.0248067018120689,0,0.0248067018120689,NaN,0.766666666666667,0.032203116670803,0.162790697674419,0.0148314546868831,0.0273864937231251,0.0277670925714442,0.0227098009544981,0.466666666666667,400,129,658,658,420,238,248,64,71,47,9358,9,140,140,140,140,128,128,128,128,128,0,30
LIRCMOP6_BC,1,ref_tau,264,148,1,0.5,148,0,0.00104319221242624,0.00407776537445327,148,30,3,0.0364262859955698,8.64864864864865,0.447310774044757,0.881498314325669,-0,1,0.162162162162162,0.99441178187449,0.918491095402768,random,24,6,30,5,0.202702702702703,0.00698673263787159,0.00988486287323042,0,0.0101865006756196,NaN,0.666666666666667,0.0202962571178883,0.08,0.00760989064788385,0.0102206154541823,0.0103268086063297,0.00893729185548833,0.166666666666667,400,128,656,656,402,254,272,70,78,53,8460,5,159,159,159,159,148,148,148,148,148,0,30
LIRCMOP6_BC,1,ref_tau,265,129,1,0.43,129,0,0.00108259430948207,0.00416365946890119,129,30,3,0.0317499384691115,9.92248062015504,0.490287848860039,0.923188502431251,-0,1,0.0465116279069767,1.05819994274131,0.929065575526003,random,28,2,30,17,0.232558139534884,0.0141033511057876,0.0256605472025909,0,0.0256605472025909,NaN,0.733333333333333,0.0149293592692937,0.116279069767442,0.0176811267434601,0.0289068613524803,0.0289416102876684,0.0226303199758426,0.566666666666667,400,148,696,696,422,274,281,66,75,49,11164,0,147,147,147,144,129,129,129,129,129,0,30
LIRCMOP6_BC,1,ref_tau,266,138,1,0.46,138,0,0.00106812461839811,0.00271532585373333,138,30,3,0.0339650504553286,9.27536231884058,0.482125696134417,1.0734595716578,-0,1,0.0434782608695652,1.02167529228613,1.5852898768996,random,25,5,30,16,0.217391304347826,0.0136249941171122,0.0332845861134271,0,0.0332845861134271,NaN,0.8,0.035881945615401,0.130434782608696,0.0226990464421472,0.0361342354969391,0.0364874532985394,0.0298844817912148,0.533333333333333,400,129,658,658,418,240,281,68,75,50,8788,0,150,150,150,150,138,138,138,138,138,0,30
LIRCMOP6_BC,1,ref_tau,267,139,1,0.47,139,0,0.000884350456446614,0.00336460635794721,139,30,3,0.0342111740093527,9.20863309352518,0.490287848860039,1.0734595716578,0,1,0.172661870503597,1.03736934646201,0.865131619400875,random,26,4,30,8,0.215827338129496,0.00965948501872031,0.0132563760385069,0,0.0157756044509019,NaN,0.833333333333333,0.0483044035177406,0.148936170212766,0.0113928976154121,0.0161775781284071,0.0161916763327952,0.015823150717682,0.266666666666667,400,138,676,676,419,257,272,67,78,52,9184,4,154,154,154,154,139,139,139,139,139,0,30
LIRCMOP6_BC,1,ref_tau,268,120,1,0.4,120,0,0.000950761256042909,0.00399263723289179,120,30,3,0.0295348264828944,10.6666666666667,0.460637158726776,1.00753822049302,-0,1,0.05,1.03721228006975,2.6036187179953,random,23,7,30,23,0.25,0.0342971736941118,0.0625195571188687,0,0.0625195571188687,NaN,0.866666666666667,0.0480321600793165,0.15,0.0420318107893192,0.0651544233312223,0.066307855710502,0.0566728236113055,0.766666666666667,400,139,678,678,427,251,275,60,70,46,12103,3,137,137,137,137,120,120,120,120,120,0,30
LIRCMOP6_BC,1,ref_tau,269,120,1,0.4,120,0,0.000928404670584777,0.00234970975166135,120,30,3,0.0295348264828944,10.6666666666667,0.443848987369576,1.01603840319602,-0,1,0.1,0.860065822299993,1.03618514232478,random,25,5,30,15,0.25,0.011481611643116,0.0280474020836745,0,0.0280474020836745,NaN,0.666666666666667,0.0317345983905936,0.1,0.0187795368655758,0.0312796171495719,0.0314311431383189,0.0291330186346468,0.5,400,120,640,640,405,235,262,59,72,46,8791,6,137,137,137,137,120,120,120,120,120,0,30
LIRCMOP6_BC,1,ref_tau,270,120,1,0.4,120,0,0.000805352237772608,0.00256764510890536,120,30,3,0.0295348264828944,10.6666666666667,0.443848987369576,1.03228046131639,-0,0.692535476076907,0.1,1.10134010523638,1.18829969835076,random,24,6,30,14,0.25,0.0141134036303072,0.0263091450848502,0,0.0263091450848502,NaN,0.866666666666667,0.0637918263256251,0.1,0.0179939444255071,0.0288759607423573,0.0296349958628488,0.0260434597713575,0.466666666666667,400,120,640,640,404,236,258,61,70,47,9417,2,136,136,136,136,120,120,120,120,120,0,30
LIRCMOP6_BC,1,ref_tau,271,108,1,0.36,108,0,0.000796978643724934,0.0033509819464977,108,30,3,0.026581343834605,11.8518518518519,0.404333911406816,1.03228046131639,0,0.692535476076907,0.0555555555555556,0.968298164003728,2.12149783405242,random,24,6,30,20,0.277777777777778,0.0241382803274934,0.0502439780496124,0,0.0502439780496124,NaN,0.633333333333333,0.0121481438174317,0.138888888888889,0.0335929868678919,0.053722072244124,0.0543140972551012,0.0492929662390942,0.666666666666667,400,120,640,640,408,232,256,61,66,43,9935,4,124,124,124,121,108,108,108,108,108,0,30
LIRCMOP6_BC,1,ref_tau,272,90,1,0.3,90,0,0.000770949929244327,0.00221290847829243,90,30,3,0.0221511198621708,14.2222222222222,0.37340609611498,0.977734481873823,-0,0,0,0.959916175596364,0.982748604905105,random,15,15,30,12,0.333333333333333,0.0109968586333931,0.0220241196108416,0,0.0220241196108416,NaN,0.566666666666667,0.00171098021739105,0.133333333333333,0.0139665462116441,0.0255344183015109,0.0269092292681822,0.0147658514704242,0.4,400,108,616,616,386,230,256,60,50,35,12910,2,103,103,103,101,90,90,90,90,90,0,30
LIRCMOP6_BC,1,ref_tau,273,114,1,0.38,114,0,0.000802611037597761,0.00315776408788004,114,30,3,0.0280580851587497,11.2280701754386,0.38869207573271,0.923188502431251,0,0.956421035835605,0.0964912280701754,0.988865071437292,1.04190395712006,random,16,14,30,12,0.263157894736842,0.0147251675242039,0.0261909661683972,0,0.0270131806654259,NaN,0.3,-0.0229026899864894,0.210526315789474,0.017633234006407,0.0287615154811183,0.03586396321057,0.0220226277719345,0.4,400,90,580,580,374,206,226,64,59,42,7424,4,126,126,126,126,114,114,114,114,114,0,30
LIRCMOP6_BC,1,ref_tau,274,99,1,0.33,99,0,0.000651612672803127,0.00208395858863728,99,30,3,0.0243662318483879,12.9292929292929,0.386406596577345,0.923188502431251,-0,0,0,0.981917084758413,0.72930080098334,random,16,14,30,15,0.303030303030303,0.00884559199766642,0.0208680115493403,0,0.0208680115493403,NaN,0.7,0.0261714380789102,0.151515151515152,0.0155579156383391,0.0253032933168265,0.0279685961898635,0.0185808570309715,0.5,400,114,628,628,400,228,261,60,54,38,11065,6,112,112,112,112,99,99,99,99,99,0,30
LIRCMOP6_BC,1,ref_tau,275,90,1,0.3,90,0,0.000724513727450008,0.00209521843823633,90,30,3,0.0221511198621708,14.2222222222222,0.37340609611498,0.977734481873823,-0,0,0,0.754452470569129,1.07014688501749,random,15,15,30,12,0.333333333333333,0.0118277676095666,0.0290830294375605,0,0.0290830294375605,NaN,0.733333333333333,0.0276742813394183,0.0666666666666667,0.0151678810836836,0.0337486862246505,0.0341751052151684,0.0158305885593018,0.4,400,99,598,598,377,221,233,54,50,34,11203,2,102,102,102,102,90,90,90,90,90,0,30
LIRCMOP6_BC,1,ref_tau,276,102,1,0.34,102,0,0.000893991738497941,0.00426812454350536,102,30,3,0.0251046025104603,12.5490196078431,0.38869207573271,0.923188502431251,0,0.956421035835605,0.117647058823529,0.906957287582334,0.986800965705175,random,13,17,30,10,0.294117647058824,0.0128001521244324,0.0294905536615461,0,0.0294905536615461,NaN,0.466666666666667,-0.019448382390345,0.0882352941176471,0.0145483260659514,0.031846371551086,0.0359396853422272,0.022540148241494,0.333333333333333,400,90,580,580,377,203,228,58,52,37,9450,0,111,111,111,111,102,102,102,102,102,0,30
LIRCMOP6_BC,1,ref_tau,277,98,1,0.33,98,0,0.000782261562064904,0.00400523440644081,98,30,3,0.0241201082943638,13.0612244897959,0.390977554888076,1.03228046131639,0,0.956421035835605,0.0816326530612245,0.964726568963423,1.0705523195319,random,4,26,30,4,0.306122448979592,0.00652063745567518,0.0144308103602754,0,0.0178707569539052,NaN,0.4,-0.0246008385358097,0.181818181818182,0.011469445186573,0.0179291101575858,0.017469222458008,0.0180482822998041,0.133333333333333,400,102,604,604,383,221,243,58,53,37,10319,0,111,111,111,111,98,98,98,98,98,0,30
LIRCMOP6_BC,1,ref_tau,278,111,1,0.37,111,0,0.000903760265582088,0.00363947422484986,111,30,3,0.0273197144966773,11.5315315315315,0.369961618164038,0.966825285985309,0,1,0.18018018018018,0.985647758965951,2.4315507545351,random,5,25,30,15,0.27027027027027,0.0162997657646056,0.0404050806843416,0,0.0452280465516523,NaN,0.466666666666667,-0.00299359428161211,0.324324324324324,0.0178504398111326,0.0455174549828582,0.0474696774920405,0.0433203463660708,0.5,400,98,596,596,373,223,251,65,58,41,9179,12,120,120,120,120,111,111,111,111,111,0,30
LIRCMOP6_BC,1,ref_tau,279,123,1,0.41,123,0,0.000747702991312469,0.0034061266960603,123,30,3,0.0302731971449668,10.4065040650407,0.390977554888076,0.928311324092458,0,0.848982563590345,0.154471544715447,0.938643349449068,1.36140381141279,random,8,22,30,6,0.24390243902439,0.0109491943787162,0.0171326868952904,0,0.024540013535045,NaN,0.6,0.0212258196974637,0.195121951219512,0.0112906570522661,0.024540013535045,0.0219471405368271,0.0246994949379098,0.2,400,111,622,622,387,235,263,69,65,46,8644,0,137,137,137,134,123,123,123,123,123,0,30
LIRCMOP6_BC,1,ref_tau,280,117,1,0.39,117,0,0.000812597715573831,0.00355587473879455,117,30,3,0.0287964558208221,10.9401709401709,0.390977554888076,0.910479739389481,0,1,0.0769230769230769,0.990626486903767,1.47625845210867,random,6,24,30,11,0.256410256410256,0.0124694060049694,0.029773928109366,0,0.0303421834548471,NaN,0.533333333333333,0.00265694528591237,0.282051282051282,0.0153398383277323,0.0303912616780392,0.0352948492234401,0.0295157545864674,0.366666666666667,400,123,646,646,415,231,275,74,61,44,9898,0,129,129,129,129,117,117,117,117,117,0,30
LIRCMOP6_BC,1,ref_tau,281,108,1,0.36,108,0,0.000894566636476811,0.00340140667037279,108,30,3,0.026581343834605,11.8518518518519,0.465337524777217,0.923188502431251,0,0.702833735646224,0.0555555555555556,0.740536403931878,0.918221016622797,random,6,24,30,2,0.277777777777778,0.00539025843019321,0.0155135489561274,0,0.0185701797521362,NaN,0.566666666666667,0.0327189099991261,0.0833333333333333,0.00777591377285932,0.0187829340074743,0.0129221655962633,0.0195577556398975,0.0666666666666667,400,117,634,634,409,225,261,68,58,41,9249,1,122,122,122,122,108,108,108,108,108,0,30
LIRCMOP6_BC,1,ref_tau,282,96,1,0.32,96,0,0.000785296808272831,0.00429591815569683,96,30,3,0.0236278611863155,13.3333333333333,0.37340609611498,0.859644687222401,0,0.470391838261756,0.0625,0.725825293868711,3.11919274603065,random,4,26,30,14,0.3125,0.0146114502664381,0.0466613855403192,0,0.0472020590832922,NaN,0.366666666666667,-0.0035603114272918,0.40625,0.0147141112826305,0.0472091560160876,0.0481423610920365,0.046214160538096,0.466666666666667,400,108,616,616,413,203,263,66,51,35,9637,2,103,103,103,103,96,96,96,96,96,0,30
LIRCMOP6_BC,1,ref_tau,283,105,1,0.35,105,0,0.00085036843696971,0.00365654293705931,105,30,3,0.0258429731725326,12.1904761904762,0.386406596577345,0.859644687222401,0,1,0.0857142857142857,0.857925945063652,1.07977316715837,random,7,23,30,3,0.285714285714286,0.0039307112935674,0.0123030304383908,0,0.0187658411100871,NaN,0.466666666666667,-0.0003951270493536,0.114285714285714,0.0124340479354293,0.0200021539970504,0.0159466919595772,0.0204311413996856,0.1,400,96,592,592,404,188,241,69,58,40,6336,0,117,117,117,117,105,105,105,105,105,0,30
LIRCMOP6_BC,1,ref_tau,284,90,1,0.3,90,0,0.000581064182947006,0.00316827096358569,90,30,3,0.0221511198621708,14.2222222222222,0.404333911406816,1.01113109119754,0,1,0.0333333333333333,0.759589674209323,0.828602713902854,random,11,19,30,7,0.333333333333333,0.00461759908584879,0.0269487959363419,0,0.0283321224048489,NaN,0.666666666666667,0.0292311760461562,0.3,0.0113231870442324,0.0284936503942319,0.0316813680012013,0.0309820758772465,0.233333333333333,400,105,610,610,416,194,249,70,57,39,7370,10,114,114,114,108,90,90,90,90,90,0,30
LIRCMOP6_BC,1,ref_tau,285,84,1,0.28,84,0,0.000635043867089159,0.0035433633070948,84,30,3,0.0206743785380261,15.2380952380952,0.429159095971753,1.0734595716578,0,1,0.0357142857142857,0.942121340202543,2.07538573868882,random,12,18,30,13,0.357142857142857,0.0134550424641514,0.0384895556908005,0,0.039871215813384,NaN,0.466666666666667,-0.0101645723907451,0.392857142857143,0.0141298440465922,0.0398753672856147,0.0420802735394758,0.0361391900530228,0.433333333333333,400,90,580,580,390,190,228,62,56,34,6857,2,101,101,101,98,84,84,84,84,84,0,30
LIRCMOP6_BC,1,ref_tau,286,111,1,0.37,111,0,0.000779080227910566,0.00370573134752467,111,30,3,0.0273197144966773,11.5315315315315,0.433750209174997,0.933434145753665,0,1,0.162162162162162,0.987975560714929,1.31665552643944,random,11,19,30,3,0.27027027027027,0.0091526817662201,0.014590533608839,0,0.0159158316740098,NaN,0.533333333333333,0.00601162937221428,0.108108108108108,0.0120537915615316,0.016654606359914,0.016339727524583,0.0180054264090099,0.1,400,84,568,568,394,174,234,67,64,41,5086,0,120,120,120,120,111,111,111,111,111,0,30
LIRCMOP6_BC,1,ref_tau,287,87,1,0.29,87,0,0.000587842296348941,0.00275119524431903,87,30,3,0.0214127492000984,14.7126436781609,0.417690267925556,0.948802610737286,0,1,0.0689655172413793,0.899099008540747,0.698375502537319,random,12,18,30,9,0.344827586206897,0.00242024194894049,0.0315320438254141,0,0.0330982791280639,NaN,0.466666666666667,-0.0188452648205488,0.413793103448276,0.00747204602539061,0.0338969323308898,0.025463898977922,0.0427259608727278,0.3,400,111,622,622,423,199,259,66,57,35,8161,0,103,103,103,103,87,87,87,87,87,0,30
LIRCMOP6_BC,1,ref_tau,288,101,1,0.34,101,0,0.000571900962665787,0.00338256147618664,101,30,3,0.0248584789564361,12.6732673267327,0.415259413724742,0.859644687222401,0,1,0.0891089108910891,0.818444716899225,1.43511437721004,random,23,7,30,16,0.297029702970297,0.0140777896242327,0.0263502286436361,0,0.0263502286436361,NaN,0.4,-0.0113357143454551,0.147058823529412,0.0192139966404898,0.0314455925243781,0.0313784089904805,0.0290770247520378,0.533333333333333,400,87,574,574,395,179,232,67,61,38,5587,0,114,114,114,114,101,101,101,101,101,0,30
LIRCMOP6_BC,1,ref_tau,289,96,1,0.32,96,0,0.000649220118205641,0.00296534412594487,96,30,3,0.0236278611863155,13.3333333333333,0.3998320208696,0.859644687222401,0,1,0.03125,1.05988333078095,1.26420616223787,random,26,4,30,14,0.3125,0.0122545752403333,0.0178687291165297,0,0.0178687291165297,NaN,0.233333333333333,-0.0183002752526678,0.1875,0.0161213531839672,0.0203150368259544,0.0205977149615471,0.0193076930214049,0.466666666666667,400,101,602,602,412,190,259,67,62,37,6307,0,111,111,111,111,96,96,96,96,96,0,30
LIRCMOP6_BC,1,ref_tau,290,101,1,0.34,101,0,0.000779453449547915,0.0043972794046418,101,30,3,0.0248584789564361,12.6732673267327,0.390977554888076,0.859644687222401,0,1,0.0891089108910891,0.781671967444023,1.48711696720768,random,19,11,30,15,0.297029702970297,0.0140448558044046,0.0237056980624415,0,0.0252912764949578,NaN,0.166666666666667,-0.0253960227948209,0.147058823529412,0.0214784049637697,0.0278712910336239,0.0279534256810158,0.0401563560694362,0.5,400,96,592,592,414,178,257,70,56,37,6921,2,111,111,111,111,101,101,101,101,101,0,30
LIRCMOP6_BC,1,ref_tau,291,114,1,0.38,114,0,0.000770924187045389,0.00379280253961163,114,30,3,0.0280580851587497,11.2280701754386,0.421129125347033,0.859644687222401,0,1,0.105263157894737,0.972040553965853,1.80287093653274,random,25,5,30,2,0.263157894736842,0.00660392606810174,0.0130889622909198,0,0.0287686105241931,NaN,0.566666666666667,0.0102549445115719,0.105263157894737,0.022627696941261,0.0343884201524017,0.0348709011776375,0.0314497042709631,0.0666666666666667,400,101,602,602,419,183,247,69,66,42,4830,0,126,126,126,126,114,114,114,114,114,0,30
LIRCMOP6_BC,1,ref_tau,292,99,1,0.33,99,0,0.000748200312834089,0.00328755357579018,99,30,3,0.0243662318483879,12.9292929292929,0.417690267925556,0.876349738931425,0,1,0.0606060606060606,0.921965403229297,1.90233048014343,random,22,8,30,5,0.303030303030303,0.00619539825947868,0.010568433126879,0,0.010568433126879,NaN,0.2,-0.0182566329702875,0.121212121212121,0.00673944157270369,0.0131316132359147,0.0137255151189912,0.0114959341789489,0.166666666666667,400,114,628,628,428,200,258,63,59,37,7420,0,111,111,111,111,99,99,99,99,99,0,30
LIRCMOP6_BC,1,ref_tau,293,99,1,0.33,99,0,0.000780525187356854,0.0039598073266971,99,30,3,0.0243662318483879,12.9292929292929,0.417690267925556,0.859644687222401,0,1,0.0909090909090909,0.927813969584288,1.62683739848835,random,20,10,30,13,0.303030303030303,0.0180215775337748,0.0334199982618765,0,0.0383594594282168,NaN,0.5,-0.00106508394609323,0.151515151515152,0.0305176097979594,0.0388046355051696,0.0388046355051696,0.0487563820394253,0.433333333333333,400,99,598,598,410,188,238,62,57,37,6443,0,111,111,111,111,99,99,99,99,99,0,30
LIRCMOP6_BC,1,ref_tau,294,100,1,0.34,100,0,0.000749380355659495,0.00327508892426056,100,30,3,0.024612355402412,12.8,0.390977554888076,0.859644687222401,0,1,0.09,1.06141798247175,1.11441820672373,random,24,6,30,11,0.3,0.010683376403855,0.0208508062923522,0,0.0208508062923522,NaN,0.666666666666667,0.01574977836969,0.235294117647059,0.0129765627762937,0.0208891953774111,0.0214701448911999,0.018790481295317,0.366666666666667,400,99,598,598,415,183,227,60,62,39,5518,5,117,117,117,117,100,100,100,100,100,0,30
LIRCMOP6_BC,1,ref_tau,295,108,1,0.36,108,0,0.000747615658433609,0.00329029393255508,108,30,3,0.026581343834605,11.8518518518519,0.399016397321209,0.859644687222401,0,1,0.0555555555555556,0.94659950536942,1.43125291536001,random,25,5,30,11,0.277777777777778,0.0109031387414296,0.0249254247732574,0,0.0249254247732574,NaN,0.466666666666667,-0.00466087074034247,0.111111111111111,0.0150226364983579,0.0252672347524055,0.0254567415510515,0.0250777279537594,0.366666666666667,400,100,600,600,411,189,239,61,64,41,5686,13,123,123,123,123,108,108,108,108,108,0,30
LIRCMOP6_BC,1,ref_tau,296,105,1,0.35,105,0,0.000850246069081249,0.00295746785901828,105,30,3,0.0258429731725326,12.1904761904762,0.417690267925556,0.859644687222401,0,1,0.0285714285714286,0.970265323360635,1.00385368605349,random,20,10,30,4,0.285714285714286,0.0065506349379298,0.0197518484071379,0,0.0233560768359534,NaN,0.366666666666667,-0.018306705107116,0.0857142857142857,0.0180958931830802,0.0247989988749142,0.025706854677232,0.0217974188820373,0.133333333333333,400,108,616,616,414,202,221,57,59,38,7511,0,114,114,114,114,105,105,105,105,105,0,30
LIRCMOP6_BC,1,ref_tau,297,132,1,0.44,132,0,0.00106296584858225,0.00397069482350608,132,30,3,0.0324883091311839,9.6969696969697,0.41318837738834,0.907188975567438,0,1,0.159090909090909,1.04759582624252,1.95905701121022,random,22,8,30,22,0.227272727272727,0.0129383327743935,0.030745902563797,0,0.0313588097831544,NaN,0.8,0.0272707520451558,0.25,0.0296624185503208,0.0363890549170132,0.0364079970069898,0.0350099836973375,0.733333333333333,400,105,610,610,413,197,241,61,69,46,5689,11,138,138,138,138,132,132,132,132,132,0,30
LIRCMOP6_BC,1,ref_tau,298,126,1,0.42,126,0,0.00113622227833258,0.00473401537414571,126,30,3,0.0310115678070391,10.1587301587302,0.411972950287933,0.859644687222401,0,1,0.0714285714285714,0.950296782844197,0.98337876349459,random,19,11,30,5,0.238095238095238,0.00563176240664608,0.0146157289381551,0,0.0155355187505683,NaN,0.5,0.00464168566466625,0.0952380952380952,0.0142491326803376,0.0167539129781173,0.0177772874624464,0.0159300292397443,0.166666666666667,400,132,664,664,459,205,254,59,64,43,8496,3,129,129,129,129,126,126,126,126,126,0,30
LIRCMOP6_BC,1,ref_tau,299,129,1,0.43,129,0,0.00101158941492066,0.00432086064514775,129,30,3,0.0317499384691115,9.92248062015504,0.408686486851124,0.859644687222401,-0,1,0.13953488372093,1.02569697922596,1.32156825114924,random,22,8,30,3,0.232558139534884,0.00553898080683889,0.00925522403754241,0,0.0149998446354818,NaN,0.633333333333333,0.0373890936927055,0.0697674418604651,0.0146412718749544,0.0207752543755514,0.0204552092709437,0.0223112189367108,0.1,400,126,652,652,442,210,272,63,68,45,7657,1,135,135,135,135,129,129,129,129,129,0,30
LIRCMOP6_BC,1,ref_tau,300,132,1,0.44,132,0,0.000950140652528389,0.00409385744811223,132,30,3,0.0324883091311839,9.6969696969697,0.407106161402093,0.837034063745295,-0,1,0.113636363636364,1.02200116303003,2.0756635369908,random,21,9,30,21,0.227272727272727,0.0136193517745217,0.0330851250823354,0,0.0357804627212404,NaN,0.766666666666667,0.0237966057402687,0.181818181818182,0.0329535082111075,0.0395536992489981,0.0398900202361656,0.0389944245375915,0.7,400,129,658,658,440,218,271,65,69,46,7860,3,138,138,138,138,132,132,132,132,132,0,30
LIRCMOP6_BC,1,ref_tau,301,126,1,0.42,126,0,0.00106735000300588,0.00380294386727653,126,30,3,0.0310115678070391,10.1587301587302,0.41318837738834,0.837034063745295,0,1,0.119047619047619,1.09875502696831,1.19448443585389,random,23,7,30,10,0.238095238095238,0.00843572872414471,0.0190049376603772,0,0.0190049376603772,NaN,0.833333333333333,0.0406790066673252,0.0952380952380952,0.0125715850941028,0.0223470664400201,0.0229272522797202,0.0186810955870074,0.333333333333333,400,132,664,664,450,214,285,65,69,45,7832,3,135,135,135,132,126,126,126,126,126,0,30
LIRCMOP6_BC,1,ref_tau,302,123,1,0.41,123,0,0.00107882703526292,0.00443221201287189,123,30,3,0.0302731971449668,10.4065040650407,0.417690267925556,0.841556188440716,-0,1,0.0975609756097561,0.986358352370779,2.85834480119719,random,23,7,30,22,0.24390243902439,0.0226312040820842,0.0641058571165977,0,0.0641058571165977,NaN,0.733333333333333,0.0511312029924897,0.195121951219512,0.0407098858345022,0.0695738390843466,0.0683526938674716,0.068284040711563,0.733333333333333,400,126,652,652,441,211,260,64,68,43,7081,4,129,129,129,129,123,123,123,123,123,0,30
LIRCMOP6_BC,1,ref_tau,303,135,1,0.45,135,0,0.00127124438031954,0.00508314868510704,135,30,3,0.0332266797932562,9.48148148148148,0.408686486851124,0.837034063745295,-0,1,0.155555555555556,0.994032812521602,1.36628306303634,random,24,6,30,13,0.222222222222222,0.0110579308609272,0.0287667915122192,0,0.0287667915122192,NaN,0.666666666666667,0.0573245479066323,0.0888888888888889,0.0182797765637199,0.0334634611620455,0.0336245445481605,0.0309095569028139,0.433333333333333,400,123,646,646,430,216,258,65,73,47,6497,4,141,141,141,141,135,135,135,135,135,0,30
LIRCMOP6_BC,1,ref_tau,304,132,1,0.44,132,0,0.00109638313606528,0.00464215879111137,132,30,3,0.0324883091311839,9.6969696969697,0.417477358958746,0.837034063745295,0,1,0.113636363636364,0.992188309793636,0.723916239235279,random,25,5,30,9,0.227272727272727,0.00684494450991382,0.0137484722508017,0,0.0137484722508017,NaN,0.666666666666667,0.11276579735547,0.113636363636364,0.00791121627336159,0.0152210440579659,0.015385026005505,0.0115108570711151,0.3,400,135,670,670,438,232,295,66,73,47,7464,5,141,141,141,141,132,132,132,132,132,0,30
LIRCMOP6_BC,1,ref_tau,305,136,1,0.46,136,0,0.0012892395374648,0.00544262499599497,136,30,3,0.0334728033472803,9.41176470588235,0.417690267925556,0.859644687222401,0,1,0.110294117647059,1.03950850732994,2.75214011780518,random,25,5,30,20,0.220588235294118,0.0413274698476134,0.0841048457788763,0,0.0841048457788763,NaN,0.6,0.0136718629226245,0.217391304347826,0.0477496151158762,0.0867906212902311,0.0870430893164476,0.0865381532640145,0.666666666666667,400,132,664,664,436,228,287,64,76,49,7181,1,147,147,147,144,136,136,136,136,136,0,30
LIRCMOP6_BC,1,ref_tau,306,138,1,0.46,138,0,0.00131969575459727,0.00442487948263116,138,30,3,0.0339650504553286,9.27536231884058,0.41318837738834,0.859644687222401,0,1,0.188405797101449,1.02909558141788,2.04503580890034,random,22,8,30,22,0.217391304347826,0.0232354743554255,0.0661636716572905,0,0.0661636716572905,NaN,0.166666666666667,-0.0335161858665647,0.195652173913043,0.0399044186179326,0.071285458094066,0.0711068430796366,0.0666877058200366,0.733333333333333,400,136,672,672,443,229,258,67,72,48,7588,8,144,144,144,143,138,138,138,138,138,0,30
LIRCMOP6_BC,1,ref_tau,307,129,1,0.43,129,0,0.00114031257316812,0.00415124815563098,129,30,3,0.0317499384691115,9.92248062015504,0.444978568977701,0.859644687222401,0,1,0.162790697674419,0.966161779801112,2.57375043428597,random,24,6,30,20,0.232558139534884,0.0420319069321882,0.0828696097412454,0,0.0828696097412454,NaN,0.266666666666667,-0.0519901309580442,0.162790697674419,0.0495753802433951,0.0852824260768291,0.0887143352998248,0.0769209266106134,0.666666666666667,400,138,676,676,436,240,279,64,71,45,8268,0,135,135,135,135,129,129,129,129,129,0,30
LIRCMOP6_BC,1,ref_tau,308,135,1,0.45,135,0,0.00149966035472595,0.0056625811477701,135,30,3,0.0332266797932562,9.48148148148148,0.48771728939937,0.837034063745295,0,1,0.125925925925926,1.05492627716699,1.57496413501157,random,23,7,30,15,0.222222222222222,0.0234445168212909,0.0615308745001916,0,0.0615308745001916,NaN,0.266666666666667,-0.0537136447166844,0.0888888888888889,0.0309042912019937,0.0628247137052427,0.065401305213912,0.0570733127590012,0.5,400,129,658,658,438,220,264,63,72,46,7135,6,138,138,138,138,135,135,135,135,135,0,30
LIRCMOP6_BC,1,ref_tau,309,135,1,0.45,135,0,0.00125954475121129,0.00466694029057996,135,30,3,0.0332266797932562,9.48148148148148,0.48771728939937,0.919094168103072,0,1,0.177777777777778,0.995252936809844,1.84892224331996,random,12,18,30,14,0.222222222222222,0.0124895313967315,0.0471557559635839,0,0.0482900866298685,NaN,0.533333333333333,0.0155125904206603,0.177777777777778,0.013924198368754,0.0484559866194733,0.04949414479444,0.045142805642834,0.466666666666667,400,135,670,670,432,238,272,65,74,48,7993,11,142,142,142,136,135,135,135,135,135,0,30
LIRCMOP6_BC,1,ref_tau,310,126,1,0.42,126,0,0.00119543336619825,0.00490169788296269,126,30,3,0.0310115678070391,10.1587301587302,0.442814156215464,0.923188502431251,0,1,0.142857142857143,0.963915670401945,3.24222838192105,random,14,16,30,16,0.238095238095238,0.0258543184171661,0.0933623009115164,0,0.0950994581970778,NaN,0.433333333333333,-0.0187241306940937,0.238095238095238,0.026816568463776,0.0951108098677972,0.0984194067978559,0.090552929260101,0.533333333333333,400,135,670,670,445,225,280,62,70,44,8809,6,131,131,131,128,126,126,126,126,126,0,30
LIRCMOP6_BC,1,ref_tau,311,114,1,0.38,114,0,0.00109850029586691,0.00435728108057298,114,30,3,0.0280580851587497,11.2280701754386,0.496333287346168,0.919094168103072,0,1,0.105263157894737,1.55216778865352,3.43123718336585,random,15,15,30,27,0.263157894736842,0.0422949811067247,0.0639587909421614,0,0.0698906618649234,NaN,0.566666666666667,0.00370554830457137,0.5,0.0600364559868471,0.0703675683883651,0.0723308211844966,0.0691424367699789,0.9,400,126,652,652,428,224,289,60,68,43,8938,4,129,129,129,129,114,114,114,114,114,0,30
LIRCMOP6_BC,1,ref_tau,312,150,1,0.5,150,0,0.0014509972676201,0.00405134530234524,150,30,3,0.036918533103618,8.53333333333333,0.490702168217211,0.900066613024878,0,1,0.22,1.22841493479469,3.32761361183221,random,15,15,30,19,0.2,0.0354330493166374,0.0738726423150065,0,0.082141085418335,NaN,0.466666666666667,-0.015299056213081,0.28,0.0428131712872766,0.0825139218075117,0.0840772404910882,0.0809506031239353,0.633333333333333,400,114,628,628,418,210,244,68,79,54,5687,6,161,161,161,158,150,150,150,150,150,0,30
LIRCMOP6_BC,1,ref_tau,313,138,1,0.46,138,0,0.00184214152827989,0.00544141483372527,138,30,3,0.0339650504553286,9.27536231884058,0.493169831294584,1.0262108557569,0,1,0.159420289855072,1.28221098393341,3.75988769202092,random,13,17,30,16,0.217391304347826,0.0271401358881449,0.0482347513413279,0,0.0596057395669356,NaN,0.3,-0.0563185737390151,0.347826086956522,0.0361832682105918,0.0599385527025067,0.0597730592053434,0.0599088522387357,0.533333333333333,400,150,700,700,441,259,309,67,76,50,10078,9,149,149,149,147,138,138,138,138,138,0,30
LIRCMOP6_BC,1,ref_tau,314,126,1,0.42,126,0,0.00139392906943541,0.00506632729319878,126,30,3,0.0310115678070391,10.1587301587302,0.466347929188535,0.923188502431251,0,1,0.126984126984127,1.08670934587334,7.47482342577154,random,14,16,30,25,0.238095238095238,0.0970125355586924,0.13842088074765,0,0.138708617032198,NaN,0.233333333333333,-0.0624724428115818,0.476190476190476,0.0981769300528328,0.138908641201271,0.141171994754115,0.132893265734278,0.833333333333333,400,138,676,676,443,233,286,60,73,46,9357,6,136,136,136,136,126,126,126,126,126,0,30
LIRCMOP6_BC,1,ref_tau,315,141,1,0.47,141,0,0.00157736550155946,0.00478242149981273,141,30,3,0.0347034211174009,9.07801418439716,0.444978568977701,0.919094168103072,0,1,0.191489361702128,1.29038788633875,2.3498004259719,random,16,14,30,14,0.212765957446809,0.0210735590450529,0.0394862307434488,0,0.0533201386467575,NaN,0.366666666666667,-0.00766998172333422,0.25531914893617,0.0304002087944298,0.0537344350007752,0.055517933927577,0.0516292094052513,0.466666666666667,400,126,652,652,417,235,257,65,80,52,7288,0,155,155,155,152,141,141,141,141,141,0,30
LIRCMOP6_BC,1,ref_tau,316,156,1,0.52,156,0,0.00183019862285049,0.00569077114729644,156,30,3,0.0383952744277627,8.2051282051282,0.442814156215464,0.859644687222401,0,1,0.173076923076923,1.23672989514469,4.68509990588735,random,14,16,30,13,0.192307692307692,0.00967433524721147,0.078566355579409,0,0.0791297204098653,NaN,0.333333333333333,-0.053748214993435,0.230769230769231,0.0321095625469861,0.079129929841435,0.0797311392236235,0.0772302728587899,0.433333333333333,400,141,682,682,441,241,297,67,82,57,7369,0,170,170,170,170,156,156,156,156,156,0,30
LIRCMOP6_BC,1,ref_tau,317,156,1,0.52,156,0,0.00152347030810742,0.0042691369872532,156,30,3,0.0383952744277627,8.2051282051282,0.466347929188535,0.919094168103072,0,1,0.173076923076923,1.32724946233856,4.33882115284974,random,15,15,30,26,0.192307692307692,0.0527557063777791,0.0747452458660166,0,0.0900306762264102,NaN,0.366666666666667,-0.0376256863701993,0.423076923076923,0.0622543568740432,0.0903458937956451,0.0904797006970247,0.0902120868942654,0.866666666666667,400,156,712,712,447,265,322,67,84,57,8750,6,171,171,171,171,156,156,156,156,156,0,30
LIRCMOP6_BC,1,ref_tau,318,150,1,0.5,150,0,0.00163947540615073,0.00476464936349251,150,30,3,0.036918533103618,8.53333333333333,0.491613508728907,0.921141335267161,0,1,0.16,1.23760505530478,1.83819753269671,random,15,15,30,6,0.2,0.00895846945600077,0.0186294996190762,0,0.0409764368574324,NaN,0.266666666666667,-0.045416249131864,0.12,0.0238266089619863,0.0416328117457684,0.042657836911158,0.0406077865803787,0.2,400,156,712,712,451,261,313,65,83,55,8818,12,162,162,162,159,150,150,150,150,150,0,30
LIRCMOP6_BC,1,ref_tau,319,150,1,0.5,150,0,0.00154935946733459,0.00421654797993339,150,30,3,0.036918533103618,8.53333333333333,0.488628629911066,0.921141335267161,0,1,0.18,1.38672143939845,2.96835535389825,random,16,14,30,24,0.2,0.0359742163667991,0.0500733772638656,0,0.0577198423292925,NaN,0.466666666666667,-0.0174429348322841,0.42,0.0432637059737327,0.0582049785518232,0.0613883330503485,0.0548968731560911,0.8,400,150,700,700,446,254,287,65,85,57,8024,8,166,166,166,166,150,150,150,150,150,0,30
LIRCMOP6_BC,1,ref_tau,320,141,1,0.47,141,0,0.00150169623793893,0.00543590764158237,141,30,3,0.0347034211174009,9.07801418439716,0.489539970422762,1.04711929999067,0,1,0.212765957446809,1.35861306084299,3.15284276748941,random,15,15,30,6,0.212765957446809,0.0116910574446966,0.0295895658330915,0,0.0298166096885057,NaN,0.466666666666667,-0.00747516666381054,0.127659574468085,0.0186265074358534,0.0298903988721949,0.0306121207699008,0.0291686769744889,0.2,400,150,700,700,455,245,289,64,78,52,8952,6,154,154,154,154,141,141,141,141,141,0,30
LIRCMOP6_BC,1,ref_tau,321,141,1,0.47,141,0,0.00133512888942773,0.00435107325938557,141,30,3,0.0347034211174009,9.07801418439716,0.444978568977701,0.922243178290333,0,1,0.191489361702128,1.34089628268852,6.42310909442698,random,17,13,30,8,0.212765957446809,0.0159823083244637,0.0964446223809581,0,0.0966263346428284,NaN,0.333333333333333,-0.0746305606480689,0.170212765957447,0.0354400371717343,0.0967667276844858,0.0935391990078873,0.10316276171346,0.266666666666667,400,141,682,682,452,230,274,63,84,55,7785,3,162,162,162,162,141,141,141,141,141,0,30
LIRCMOP6_BC,1,ref_tau,322,165,1,0.55,165,0,0.00155915923031519,0.00662574402287098,165,30,3,0.0406103864139798,7.75757575757576,0.468737303865173,0.923188502431251,0,1,0.2,1.53029243985426,2.54493593197137,random,14,16,30,11,0.181818181818182,0.0211351132509322,0.0343548318070808,0,0.0549267614499494,NaN,0.266666666666667,-0.042530606075411,0.218181818181818,0.0336763484680169,0.0556803455622037,0.0554964143896618,0.0545860770202605,0.366666666666667,400,141,682,682,433,249,295,71,86,62,8360,13,186,186,186,185,165,165,165,165,165,0,30
LIRCMOP6_BC,1,ref_tau,323,153,1,0.51,153,0,0.00187003744433365,0.00810384464084436,153,30,3,0.0376569037656904,8.36601307189543,0.444978568977701,0.919913034968708,-0,1,0.215686274509804,1.4085015354139,3.79979387996037,random,20,10,30,17,0.196078431372549,0.0250647534952442,0.0580726116035745,0,0.0684575039246536,NaN,0.233333333333333,-0.0387200516025396,0.352941176470588,0.0411105844087179,0.0691602582221404,0.0606261533470723,0.0780149085952483,0.566666666666667,400,165,730,730,461,269,303,63,87,57,8891,0,169,169,169,169,153,153,153,153,153,0,30
LIRCMOP6_BC,1,ref_tau,324,147,1,0.49,147,0,0.00169382936650018,0.0047698939936562,147,30,3,0.0361801624415457,8.70748299319728,0.500398699593974,0.90983738561473,0,1,0.204081632653061,1.3945342573342,6.58528253184639,random,20,10,30,25,0.204081632653061,0.0524888001148753,0.132169432428438,0,0.132177303758321,NaN,0.366666666666667,-0.0159755920742942,0.469387755102041,0.0625753784999789,0.132340066075346,0.128760256482751,0.16366818197288,0.833333333333333,400,153,706,706,453,253,315,63,87,57,8430,4,169,169,169,165,147,147,147,147,147,0,30
LIRCMOP6_BC,1,ref_tau,325,159,1,0.53,159,0,0.00159639254820344,0.00709354372998062,159,30,3,0.0391336450898351,8.05031446540881,0.468737303865173,0.919094168103072,-0,1,0.226415094339623,1.50992659178282,4.68810901825214,random,18,12,30,20,0.188679245283019,0.0341183630503984,0.0865643547545041,0,0.089981756138287,NaN,0.466666666666667,-0.00416935392664564,0.339622641509434,0.0541817125915573,0.090605200370671,0.0852909330164813,0.0982920742992406,0.666666666666667,400,147,694,694,439,255,303,68,87,61,7875,3,181,181,181,181,159,159,159,159,159,0,30
LIRCMOP6_BC,1,ref_tau,326,167,1,0.56,167,0,0.00186517786524157,0.00814777893943544,167,30,3,0.0411026335220281,7.66467065868263,0.500398699593974,0.922243178290333,-0,1,0.227544910179641,1.67506838418674,18.8188008236122,random,21,9,30,23,0.179640718562874,0.0382109650956756,0.391368126099916,0,0.39298116349426,NaN,0.633333333333333,0.0180726326075831,0.375,0.0626303141679267,0.393392418719837,0.386297130268553,0.395743618909692,0.766666666666667,400,159,718,718,451,267,323,71,87,63,8352,22,189,189,189,189,167,167,167,167,167,0,30
LIRCMOP6_BC,1,ref_tau,327,156,1,0.52,156,0,0.00191967251164866,0.00663635236496147,156,30,3,0.0383952744277627,8.2051282051282,0.495515881898954,0.923188502431251,0.146677918949728,1,0.25,1.44287670603993,5.35433671169949,random,21,9,30,28,0.192307692307692,0.0553432742634387,0.0716270061788769,0,0.0889703088809026,NaN,0.7,0.0537839937292587,0.403846153846154,0.0716834119173815,0.0899322683939923,0.124637761059581,0.0869039562194676,0.933333333333333,400,167,734,734,460,274,316,67,82,57,10263,6,167,167,167,167,156,156,156,156,156,0,30
LIRCMOP6_BC,1,ref_tau,328,157,1,0.53,157,0,0.0021897372714714,0.00917725784369577,157,30,3,0.0386413979817869,8.15286624203822,0.500398699593974,0.923188502431251,-0,1,0.21656050955414,1.48770258937707,6.02138672601242,random,24,6,30,27,0.191082802547771,0.0745535456827621,0.0975169166106832,0,0.107359867413187,NaN,0.566666666666667,0.0146751983181694,0.528301886792453,0.0890446144778696,0.107810931247469,0.110888463534125,0.105185127926321,0.9,400,156,712,712,443,269,297,68,87,61,8428,6,182,182,182,182,157,157,157,157,157,0,30
LIRCMOP6_BC,1,ref_tau,329,156,1,0.52,156,0,0.00196518186079839,0.00728439014095885,156,30,3,0.0383952744277627,8.2051282051282,0.498979527657285,0.961097597636896,0,1,0.211538461538462,1.40660990026571,18.3712719912918,random,25,5,30,30,0.192307692307692,0.106706857401221,0.246983136194935,0,0.251115891172438,NaN,0.366666666666667,-0.0640985815963715,0.576923076923077,0.125473507265659,0.251498521581255,0.306905669859909,0.152987366158364,1,400,157,714,714,449,265,315,69,87,60,8800,11,179,179,179,173,156,156,156,156,156,0,30
LIRCMOP6_BC,1,ref_tau,330,171,1,0.57,171,0,0.00245314107964875,0.00693265190027072,171,30,3,0.0420871277381245,7.48538011695906,0.500739317654936,0.945135566233026,0,1,0.216374269005848,1.40248203092572,21.2170166856414,random,19,11,30,30,0.175438596491228,0.12012985221126,0.437622770320186,0,0.438474638869418,NaN,0.466666666666667,-0.00796487062174012,0.473684210526316,0.12289921497539,0.438544971847489,0.427127170182567,0.449650227259143,1,400,156,712,712,452,260,309,73,92,67,7281,12,201,201,201,198,171,171,171,171,171,0,30
LIRCMOP6_BC,1,ref_tau,331,160,1,0.54,160,0,0.00225561128624477,0.00813379914032793,160,30,3,0.0393797686438592,8,0.500739317654936,0.923188502431251,0,1,0.1875,1.27878007416287,12.457076823344,random,20,10,30,25,0.1875,0.0750000574005719,0.208638706413508,0,0.210631595275736,NaN,0.566666666666667,0.00403915091720541,0.444444444444444,0.0767183852803826,0.210809838769007,0.211507572066476,0.200362496863163,0.833333333333333,400,171,742,742,454,288,331,72,89,64,9465,7,192,192,192,189,160,160,160,160,160,0,30
LIRCMOP6_BC,1,ref_tau,332,159,1,0.53,159,0,0.00221747075908248,0.00952871797646144,159,30,3,0.0391336450898351,8.05031446540881,0.500398699593974,0.961097597636896,0,1,0.169811320754717,1.21744920580878,15.2814410473915,random,27,3,30,30,0.188679245283019,0.104903673904105,0.252609171239391,0,0.264039536378649,NaN,0.5,0.000435789156505217,0.622641509433962,0.119391604926111,0.264692051402225,0.267179725634144,0.25598455702984,1,400,160,720,720,451,269,317,69,95,65,7724,0,193,193,193,192,159,159,159,159,159,0,30
LIRCMOP6_BC,1,ref_tau,333,162,1,0.54,162,0,0.00217131529653281,0.00770085367185531,162,30,3,0.0398720157519075,7.90123456790123,0.495515881898954,0.945135566233026,0,1,0.166666666666667,1.20685469475041,11.0710155067679,random,20,10,30,26,0.185185185185185,0.061420326166392,0.18307752273224,0,0.185065753426354,NaN,0.5,-0.0113098215615893,0.462962962962963,0.064681975889779,0.185366519350442,0.184733404018669,0.185366519350442,0.866666666666667,400,159,718,718,441,277,301,73,91,65,8188,9,192,192,192,190,162,162,162,162,162,0,30
LIRCMOP6_BC,1,ref_tau,334,165,1,0.55,165,0,0.00247816361151492,0.00728202094087373,165,30,3,0.0406103864139798,7.75757575757576,0.498979527657285,0.969862764050195,0,1,0.127272727272727,1.33375307226817,12.4403012741645,random,24,6,30,30,0.181818181818182,0.176948307033542,0.243593647715767,0,0.244394571449033,NaN,0.366666666666667,-0.0155967061026823,0.527272727272727,0.183614711567849,0.244494597921,0.248665617406943,0.239965130728933,1,400,162,724,724,450,274,320,72,100,72,7538,18,215,215,215,215,165,165,165,165,165,0,30
LIRCMOP6_BC,1,ref_tau,335,168,1,0.56,168,0,0.00232617314416035,0.00921840784410464,168,30,3,0.0413487570760522,7.61904761904762,0.538952664268517,1.07317441356349,0,1,0.142857142857143,1.19326099049958,10.4744842721677,random,21,9,30,23,0.178571428571429,0.0585660842119301,0.163936531229997,0,0.173584976877937,NaN,0.166666666666667,-0.0484115063519552,0.375,0.0590431490861164,0.174157698070135,0.17413053714078,0.180225332843452,0.766666666666667,400,165,730,730,463,267,314,70,94,66,7412,0,198,198,198,198,168,168,168,168,168,0,30
LIRCMOP6_BC,1,ref_tau,336,174,1,0.58,174,0,0.00242272003059842,0.00860328116832402,174,30,3,0.0428254984001969,7.35632183908046,0.52609464381367,0.961097597636896,0,1,0.155172413793103,1.17919575674131,5.82502613233741,random,20,10,30,25,0.172413793103448,0.0524335803376748,0.0958523478933378,0,0.101494402306879,NaN,0.333333333333333,-0.0379889775861143,0.448275862068966,0.0528848288754713,0.101819154962856,0.102406347358129,0.101819154962856,0.833333333333333,400,168,736,736,458,278,324,75,95,70,7829,0,210,210,210,210,174,174,174,174,174,0,30
LIRCMOP6_BC,1,ref_tau,337,167,1,0.56,167,0,0.00231069310705844,0.00778040632362875,167,30,3,0.0411026335220281,7.66467065868263,0.500398699593974,0.923188502431251,0,1,0.155688622754491,1.27741438119955,8.55065192679704,random,26,4,30,29,0.179640718562874,0.0710659704464289,0.124694349379466,0,0.126291072222425,NaN,0.566666666666667,0.0187009256149631,0.5,0.0769086089670893,0.126552005155932,0.125924105364641,0.126216788989486,0.966666666666667,400,174,748,748,455,293,324,70,92,64,9553,10,192,192,192,189,167,167,167,167,167,0,30
LIRCMOP6_BC,1,ref_tau,338,184,1,0.62,184,0,0.00295856556340033,0.010168800337953,184,30,3,0.0452867339404381,6.95652173913043,0.500739317654936,0.925383208811429,0,1,0.114130434782609,1.07285947092638,4.19041422665404,random,27,3,30,20,0.16304347826087,0.0356379382305439,0.124269532471529,0,0.144466182076347,NaN,0.633333333333333,0.0296584676675078,0.258064516129032,0.0399490197977491,0.144704324551105,0.160088847901945,0.112188270000322,0.666666666666667,400,167,734,734,448,286,310,72,95,70,8032,4,209,209,209,206,184,184,184,184,184,0,30
LIRCMOP6_BC,1,ref_tau,339,180,1,0.6,180,0,0.00217937366447951,0.00778299385391857,180,30,3,0.0443022397243416,7.11111111111111,0.518847587245152,0.921141335267161,0,1,0.166666666666667,0.945499482546327,7.52346604384701,random,27,3,30,30,0.166666666666667,0.0646549565553147,0.131547050005808,0,0.132819614247422,NaN,0.433333333333333,-0.0146231262410218,0.5,0.0717683314418167,0.13500820574709,0.127216686367173,0.142632655999035,1,400,184,768,768,459,309,321,69,100,69,9174,6,207,207,207,201,180,180,180,180,180,0,30
LIRCMOP6_BC,1,ref_tau,340,178,1,0.6,178,0,0.00208832201018544,0.00735059827603063,178,30,3,0.0438099926162934,7.19101123595506,0.536955856835369,0.938551447092494,0,1,0.168539325842697,0.943401248514143,6.60741289323074,random,30,0,30,30,0.168539325842697,0.0670597746257826,0.108742708530472,0,0.110281884922474,NaN,0.533333333333333,0.0169098026847937,0.5,0.0700712700908313,0.114127509559766,0.114127509559766,NaN,1,400,180,760,760,445,315,333,70,100,70,9689,8,207,207,207,206,178,178,178,178,178,0,30
LIRCMOP6_BC,1,ref_tau,341,177,1,0.59,177,0,0.00218334228275881,0.00649345459111139,177,30,3,0.0435638690622693,7.2316384180791,0.500398699593974,0.922369635565615,0,1,0.11864406779661,1.18213186758042,5.65759073302303,random,29,1,30,29,0.169491525423729,0.0713501908899675,0.0819903004608171,0,0.090595237397033,NaN,0.733333333333333,0.0396314202484605,0.389830508474576,0.0801319116043061,0.0910864996479991,0.0912879574082275,0.0797067424063955,0.966666666666667,400,178,756,756,451,305,329,69,92,65,11586,15,195,195,195,194,177,177,177,177,177,0,30
LIRCMOP6_BC,1,ref_tau,342,171,1,0.57,171,0,0.0033036367161398,0.00979072970925673,171,30,3,0.0420871277381245,7.48538011695906,0.500398699593974,0.945135566233026,0,1,0.192982456140351,1.16035383987161,7.65674400662754,random,30,0,30,29,0.175438596491228,0.0580922468344929,0.109617494215831,0,0.113272209302321,NaN,0.433333333333333,-0.0265085789193263,0.508771929824561,0.0771254707708903,0.119109916844604,0.119109916844604,NaN,0.966666666666667,400,177,754,754,447,307,291,66,100,66,8458,13,198,198,198,198,171,171,171,171,171,0,30
LIRCMOP6_BC,1,ref_tau,343,171,1,0.57,171,0,0.00286158067544813,0.0106832636688668,171,30,3,0.0420871277381245,7.48538011695906,0.536955856835369,0.960574260297813,0,1,0.157894736842105,1.0620233892306,4.8876102556373,random,30,0,30,20,0.175438596491228,0.0349883099727986,0.0542981425141738,0,0.0602138765114121,NaN,0.5,-0.00263909366617132,0.298245614035088,0.0385833483900969,0.0603681570094928,0.0603681570094928,NaN,0.666666666666667,400,171,742,742,461,281,315,67,100,67,8260,8,201,201,201,201,171,171,171,171,171,0,30
LIRCMOP6_BC,1,ref_tau,344,165,1,0.55,165,0,0.00304206621624332,0.0089394432177712,165,30,3,0.0406103864139798,7.75757575757576,0.48771728939937,0.923188502431251,0,1,0.139393939393939,0.836466359424131,4.49178703584028,random,30,0,30,25,0.181818181818182,0.0330723684208442,0.0546046497053415,0,0.0583245692011564,NaN,0.6,0.0281698959128953,0.345454545454545,0.0364944671057589,0.0588947251625562,0.0588947251625562,NaN,0.833333333333333,400,171,742,742,443,299,304,66,100,66,8712,11,196,196,196,190,165,165,165,165,165,0,30
LIRCMOP6_BC,1,ref_tau,345,165,1,0.55,165,0,0.00277211598550829,0.00956691876458815,165,30,3,0.0406103864139798,7.75757575757576,0.492052236140623,0.923188502431251,-0,1,0.109090909090909,0.99079005038122,4.34035964678123,random,30,0,30,22,0.181818181818182,0.0283173249906965,0.0437717175992361,0,0.0615262860033379,NaN,0.733333333333333,0.0535445534821218,0.545454545454545,0.0421144583458773,0.0619447072886058,0.0619447072886058,NaN,0.733333333333333,400,165,730,730,452,278,318,66,100,66,7701,4,192,192,192,181,165,165,165,165,165,0,30
LIRCMOP6_BC,1,ref_tau,346,180,1,0.6,180,0,0.00270089156505679,0.00836530065724996,180,30,3,0.0443022397243416,7.11111111111111,0.507803665110185,0.921141335267161,0,1,0.183333333333333,1.39306280577863,7.29410064292424,random,23,7,30,20,0.166666666666667,0.0217781752267073,0.088947877066463,0,0.0914833829180488,NaN,0.466666666666667,-0.0132490086105584,0.383333333333333,0.0219937265561025,0.0917179759982448,0.0883884487992155,0.0954677573320185,0.666666666666667,400,165,730,730,447,283,311,73,100,73,8195,8,208,208,208,204,180,180,180,180,180,0,30
LIRCMOP6_BC,1,ref_tau,347,177,1,0.59,177,0,0.00275369390381332,0.00815120712722075,177,30,3,0.0435638690622693,7.2316384180791,0.498979527657285,0.940746153472671,0,1,0.169491525423729,1.39018962902081,14.4587091530266,random,25,5,30,24,0.169491525423729,0.0575058769928749,0.102474887334453,0,0.10332131378362,NaN,0.566666666666667,0.0179498920240143,0.355932203389831,0.0598856676723154,0.103617329748252,0.106041768988879,0.101192890507624,0.8,400,180,760,760,443,317,334,70,94,65,9391,9,192,192,192,192,177,177,177,177,177,0,30
LIRCMOP6_BC,1,ref_tau,348,177,1,0.59,177,0,0.00233923121366421,0.00820981827903642,177,30,3,0.0435638690622693,7.2316384180791,0.507803665110185,0.922369635565615,0,1,0.152542372881356,1.08527014238845,4.75418018478557,random,23,7,30,18,0.169491525423729,0.0259086926627394,0.083749067304422,0,0.0882511951803024,NaN,0.366666666666667,-0.0140683911702068,0.389830508474576,0.0320350525734716,0.0882594456675279,0.0926160914964543,0.0718531624071688,0.6,400,177,754,754,451,303,292,66,100,66,8991,12,190,190,190,190,177,177,177,177,177,0,30
LIRCMOP6_BC,1,ref_tau,349,171,1,0.57,171,0,0.00220911892442509,0.00776140131980366,171,30,3,0.0420871277381245,7.48538011695906,0.500398699593974,0.945135566233026,0,1,0.12280701754386,0.967911308751167,3.34479205801143,random,26,4,30,11,0.175438596491228,0.0125838982241142,0.0622506350962542,0,0.0635039847697183,NaN,0.333333333333333,-0.042465545619729,0.210526315789474,0.0233102273100849,0.0638223242989131,0.0680774669957935,0.0558686025888075,0.366666666666667,400,177,754,754,449,305,300,65,95,63,8611,5,183,183,183,183,171,171,171,171,171,0,30
LIRCMOP6_BC,1,ref_tau,350,174,1,0.58,174,0,0.00252788462964516,0.00758410647148908,174,30,3,0.0428254984001969,7.35632183908046,0.498979527657285,0.960574260297813,0,1,0.160919540229885,0.916055324815557,2.6706693244567,random,25,5,30,13,0.172413793103448,0.014178503172559,0.0273509524150645,0,0.0358748218103013,NaN,0.5,-0.00363704802504056,0.258620689655172,0.019381896350482,0.0363641372962537,0.0358582165925271,0.0368700579999803,0.433333333333333,400,171,742,742,428,314,309,66,100,66,9435,13,189,189,189,183,174,174,174,174,174,0,30
LIRCMOP6_BC,1,ref_tau,351,171,1,0.57,171,0,0.00246647671085328,0.00770544788872789,171,30,3,0.0420871277381245,7.48538011695906,0.48771728939937,0.923188502431251,-0,1,0.105263157894737,1.02662174253253,3.79950058029553,random,26,4,30,8,0.175438596491228,0.00883879360255178,0.0325280576338062,0,0.0432782496935918,NaN,0.5,0.000700601392087719,0.210526315789474,0.0336964783683437,0.0439080347349711,0.0464927215149296,0.0373130399709229,0.266666666666667,400,174,748,748,442,306,326,67,100,67,9245,10,192,192,192,186,171,171,171,171,171,0,30
LIRCMOP6_BC,1,ref_tau,352,187,1,0.63,187,0,0.00305396222594605,0.0102326863605054,187,30,3,0.0460251046025105,6.84491978609626,0.500398699593974,0.923188502431251,0,1,0.144385026737968,1.06147798525523,4.28665993398312,random,29,1,30,14,0.160427807486631,0.0203670146624434,0.0564879605657414,0,0.0564879605657414,NaN,0.466666666666667,-0.00309713344179102,0.126984126984127,0.0266265359198455,0.0566308896796093,0.0569682900222055,0.0370313790619142,0.466666666666667,400,171,742,742,440,302,318,70,100,70,9295,7,210,210,210,207,187,187,187,187,187,0,30
LIRCMOP6_BC,1,ref_tau,353,195,1,0.65,195,0,0.00229663905492779,0.00779891644590989,195,30,3,0.0479940930347034,6.56410256410256,0.548656427979712,0.960574260297813,0,1,0.138461538461538,1.02290440729046,2.70841976450409,random,25,5,30,24,0.153846153846154,0.0273748636433797,0.0548491703758953,0,0.0552994191839986,NaN,0.766666666666667,0.0401538094601011,0.307692307692308,0.0276261720181237,0.0556643892073443,0.0614192807515906,0.049909497663098,0.8,400,187,774,774,451,323,327,72,95,68,9542,0,204,204,204,204,195,195,195,195,195,0,30
LIRCMOP6_BC,1,ref_tau,354,186,1,0.62,186,0,0.00251621927517721,0.00779586839528529,186,30,3,0.0457789810484863,6.88172043010753,0.495515881898954,0.960574260297813,-0,1,0.129032258064516,1.14059164221983,4.5973870030603,random,27,3,30,23,0.161290322580645,0.0341411813089812,0.054898144169479,0,0.0676099213297485,NaN,0.6,0.0674895859020819,0.370967741935484,0.0462629074914113,0.0680013148368161,0.0683266437804749,0.0496914045642584,0.766666666666667,400,195,790,790,461,329,329,68,100,68,10380,8,199,199,199,199,186,186,186,186,186,0,30
LIRCMOP6_BC,1,ref_tau,355,183,1,0.61,183,0,0.00318135245974731,0.009783667673988,183,30,3,0.045040610386414,6.99453551912568,0.55090587707135,0.964578283301464,0,1,0.0983606557377049,1.11868860333263,3.31562928248352,random,30,0,30,17,0.163934426229508,0.0245336819878386,0.0468325438516749,0,0.0515609208579414,NaN,0.466666666666667,-0.0042796399202551,0.213114754098361,0.0305438574124056,0.0521188789482224,0.0521188789482224,NaN,0.566666666666667,400,186,772,772,440,332,315,66,100,66,11069,0,198,198,198,198,183,183,183,183,183,0,30
LIRCMOP6_BC,1,ref_tau,356,180,1,0.6,180,0,0.00322065958757811,0.00938254026437543,180,30,3,0.0443022397243416,7.11111111111111,0.504101182352079,0.970584317806938,0,1,0.0833333333333333,0.932533115014412,2.55090672287977,random,30,0,30,11,0.166666666666667,0.0220922664130101,0.0310080927634329,0,0.0411313739740833,NaN,0.7,0.0176411484939837,0.233333333333333,0.0337376091266561,0.0419286064368114,0.0419286064368114,NaN,0.366666666666667,400,183,766,766,431,335,324,65,100,65,10550,0,195,195,195,192,180,180,180,180,180,0,30
LIRCMOP6_BC,1,ref_tau,357,198,1,0.66,198,0,0.00303332956552989,0.0102722702035567,198,30,3,0.0487324636967758,6.46464646464646,0.504101182352079,0.945135566233026,0,1,0.131313131313131,1.69850024809355,20.2088817497194,random,25,5,30,21,0.151515151515152,0.0265615276125171,0.0578627553094173,0,0.059349189562399,NaN,0.766666666666667,0.0516325030795124,0.348484848484849,0.0328420293531323,0.0594874970239682,0.0670791692179232,0.0518958248300133,0.7,400,180,760,760,432,328,325,71,100,71,9976,0,213,213,213,213,198,198,198,198,198,0,30
LIRCMOP6_BC,1,ref_tau,358,192,1,0.64,192,0,0.00347728991793954,0.0120675248644345,192,30,3,0.0472557223726311,6.66666666666667,0.550375637731973,0.980594375316063,-0,1,0.15625,1.35278411744553,9.48039633673327,random,29,1,30,29,0.15625,0.0368598775794045,0.0635003001045785,0,0.0635904409905334,NaN,0.433333333333333,-0.0169011005218445,0.390625,0.0373078551065047,0.0637296382699828,0.0643422520355761,0.0452845306459795,0.966666666666667,400,198,796,796,453,343,339,70,100,70,11751,0,210,210,210,210,192,192,192,192,192,0,30
LIRCMOP6_BC,1,ref_tau,359,204,1,0.68,204,0,0.00288331684643096,0.00923345967043824,204,30,3,0.0502092050209205,6.27450980392157,0.528824531751391,0.960574260297813,0,1,0.191176470588235,1.05291085524694,3.00088499652706,random,24,6,30,18,0.147058823529412,0.0298823254316112,0.0652706284197558,0,0.068848783376918,NaN,0.633333333333333,0.0111694465289241,0.294117647058824,0.0303808316288755,0.0690690084496158,0.0626899479401759,0.0728861694798505,0.6,400,192,784,784,438,346,328,73,100,73,10384,0,219,219,219,219,204,204,204,204,204,0,30
LIRCMOP6_BC,1,ref_tau,360,192,1,0.64,192,0,0.00327708622911907,0.0112757500336125,192,30,3,0.0472557223726311,6.66666666666667,0.507803665110185,1.00827953525402,0,1,0.161458333333333,1.09467886632975,4.45980914589087,random,30,0,30,15,0.15625,0.0113655128932339,0.0787966478107071,0,0.0879583601091082,NaN,0.433333333333333,-0.00681851914275561,0.234375,0.0249294781057077,0.0881275555649381,0.0881275555649381,NaN,0.5,400,204,808,808,466,342,341,69,100,69,11661,0,207,207,207,201,192,192,192,192,192,0,30
LIRCMOP6_BC,1,ref_tau,361,192,1,0.64,192,0,0.0028887670217996,0.00939727556041359,192,30,3,0.0472557223726311,6.66666666666667,0.528824531751391,1.00827953525402,-0,1,0.203125,1.135249165883,10.754194957942,random,29,1,30,17,0.15625,0.0283642676598687,0.107765620619225,0,0.108598377113972,NaN,0.566666666666667,0.00630703282777562,0.25,0.0286318815425173,0.108601448317353,0.109907532781775,0.090497247957567,0.566666666666667,400,192,784,784,466,318,336,69,100,69,9759,2,207,207,207,207,192,192,192,192,192,0,30
LIRCMOP6_BC,1,ref_tau,362,195,1,0.65,195,0,0.00348034045533373,0.00978629807507283,195,30,3,0.0479940930347034,6.56410256410256,0.561767913185688,1.0734595716578,-0,0.992399661707658,0.225641025641026,1.28669190592162,6.18703578984458,random,28,2,30,15,0.153846153846154,0.0245505038520941,0.100228268981249,0,0.103713920398036,NaN,0.466666666666667,-0.00318346408002879,0.215384615384615,0.0282664993946319,0.103962048976856,0.104089166710046,0.0898497707432419,0.5,400,192,784,784,466,318,337,71,100,71,9991,0,213,213,213,210,195,195,195,195,195,0,30
LIRCMOP6_BC,1,ref_tau,363,68,1,0.23,68,0,0.00336945790332248,0.0109579217068873,68,30,3,0.0167364016736402,18.8235294117647,0.406943384000671,0.827934445203707,0.273273865032922,0.992399661707658,0.352941176470588,1.46577514160338,10.1849439022605,random,30,0,30,30,0.441176470588235,0.130037468516549,0.133842044363128,0,0.133908376336624,NaN,0.866666666666667,0.213904678773542,0.173913043478261,0.133940247228829,0.138230629051211,0.138230629051211,NaN,1,400,195,790,790,474,316,166,29,100,29,3767,41,86,86,86,83,68,68,68,68,68,0,30
LIRCMOP6_BC,1,ref_tau,364,73,1,0.25,73,0,0.0042522646795368,0.0108673722450798,73,30,3,0.0179670194437608,17.5342465753425,0.412612448401515,1.07442682676066,0.223476892131249,0.992399661707658,0.287671232876712,2.05563305490349,17.9078103181517,random,30,0,30,30,0.410958904109589,0.183336543130872,0.213941258043823,0,0.218010387397609,NaN,0.766666666666667,0.182151112163078,0.16,0.192795089574943,0.219550158920923,0.219550158920923,NaN,1,400,68,536,536,359,177,182,29,100,29,3854,0,87,87,87,87,73,73,73,73,73,0,30
LIRCMOP6_BC,1,ref_tau,365,62,1,0.21,62,0,0.00422846129726956,0.0130204972519771,62,30,3,0.0152596603494954,20.6451612903226,0.437371550051871,0.840283112165791,0,0.792983515241646,0.193548387096774,1.73263481527691,11.2872954495226,random,30,0,30,30,0.483870967741935,0.0661971496549294,0.136746370713178,0,0.139057460260464,NaN,0.0666666666666667,-0.37845902444737,0.238095238095238,0.0757200487046764,0.140078284151293,0.140078284151293,NaN,1,400,73,546,546,357,189,168,27,100,27,4208,0,81,81,81,75,62,62,62,62,62,0,30
LIRCMOP6_BC,1,ref_tau,366,77,1,0.27,77,0,0.00424181668388921,0.0126638948582482,77,30,3,0.0189515136598572,16.6233766233766,0.437371550051871,1.13919086032628,0.0482477198161961,0.60274477718706,0.25974025974026,1.66451656351704,14.571021800423,random,30,0,30,30,0.38961038961039,0.0626376810347387,0.185295183809799,0,0.208769347253997,NaN,0.0666666666666667,-0.159115969200386,0.222222222222222,0.0932945047605925,0.209233450631858,0.209233450631858,NaN,1,400,62,524,524,331,193,172,30,100,30,3444,0,90,90,90,88,77,77,77,77,77,0,30
LIRCMOP6_BC,1,ref_tau,367,85,1,0.29,85,0,0.00426447776360868,0.0108558647662317,85,30,3,0.0209205020920502,15.0588235294118,0.311316279375709,0.970521242917888,0,0.855393190805407,0.2,2.24188181555055,10.5808124262318,random,30,0,30,30,0.352941176470588,0.0829453895405744,0.11942672833867,0,0.143860889307331,NaN,0.766666666666667,0.213511039094192,0.241379310344828,0.107952888577504,0.147273677377717,0.147273677377717,NaN,1,400,77,554,554,348,206,215,31,100,31,5448,6,93,93,93,91,85,85,85,85,85,0,30
LIRCMOP6_BC,1,ref_tau,368,78,1,0.26,78,0,0.00420495933809315,0.0113692833431855,78,30,3,0.0191976372138814,16.4102564102564,0.252101542980103,0.827934445203707,0,0.792983515241646,0.192307692307692,2.19526604923402,7.59878447648253,random,30,0,30,30,0.384615384615385,0.124044033157859,0.183854903127533,0,0.20450909589753,NaN,0.233333333333333,-0.100240458653069,0.192307692307692,0.145696232991104,0.209985155268054,0.209985155268054,NaN,1,400,85,570,570,370,200,224,28,100,28,5609,0,84,84,84,84,78,78,78,78,78,0,30
LIRCMOP6_BC,1,ref_tau,369,78,1,0.26,78,0,0.00445619235148529,0.0113610801074593,78,30,3,0.0191976372138814,16.4102564102564,0.311241639774103,1.11768287020761,0,0.60274477718706,0.179487179487179,2.12185693914658,6.90627724477704,random,30,0,30,30,0.384615384615385,0.0803839930651386,0.0965559491281599,0,0.130032622244383,NaN,0.566666666666667,0.0406942661067992,0.153846153846154,0.115947510713527,0.130017284033478,0.130017284033478,NaN,1,400,78,556,556,365,191,193,28,100,28,5043,0,84,84,84,84,78,78,78,78,78,0,30
LIRCMOP6_BC,1,ref_tau,370,80,1,0.27,80,0,0.0041527993103259,0.0109073838823193,80,30,3,0.0196898843219296,16,0.290967345700327,0.827934445203707,0,0.992399661707658,0.2,1.97088436772674,5.4464855781969,random,30,0,30,30,0.375,0.0495125574214338,0.0993696800352805,0,0.101243518767868,NaN,0.966666666666667,0.0777297702352311,0.148148148148148,0.071463748647032,0.103666864950956,0.103666864950956,NaN,1,400,78,556,556,362,194,232,30,100,30,5953,27,89,89,89,89,80,80,80,80,80,0,30
LIRCMOP6_BC,1,ref_tau,371,73,1,0.25,73,0,0.00391896874590961,0.00834062338670719,73,30,3,0.0179670194437608,17.5342465753425,0.290967345700327,0.807207575193495,0,0.792983515241646,0.164383561643836,1.95277932821137,4.59550088030038,random,30,0,30,24,0.410958904109589,0.0521178087660434,0.0701148797182952,0,0.0726483716609328,NaN,1,0.271935942060755,0.2,0.0644394957135177,0.0745620040904259,0.0745620040904259,NaN,0.8,400,80,560,560,353,207,207,28,100,28,5321,7,84,84,84,73,73,73,73,73,73,0,30
LIRCMOP6_BC,1,ref_tau,372,79,1,0.27,79,0,0.00381462015103443,0.010475055532951,79,30,3,0.0194437607679055,16.2025316455696,0.308706732914478,0.827934445203707,0,1,0.164556962025316,1.84295367930529,7.03592319761066,random,30,0,30,12,0.379746835443038,0.0192915684031107,0.0600784086087711,0,0.0895699751718344,NaN,0.333333333333333,-0.000296711879212708,0.222222222222222,0.0353152650188808,0.0909600196889579,0.0909600196889579,NaN,0.4,400,73,546,546,352,194,193,29,100,29,5325,10,85,85,85,85,79,79,79,79,79,0,30
LIRCMOP6_BC,1,ref_tau,373,75,1,0.25,75,0,0.00429290574881755,0.0118545943734366,75,30,3,0.018459266551809,17.0666666666667,0.253046865987235,0.827934445203707,0,0.792983515241646,0.2,1.33322969248017,5.83994631441486,random,30,0,30,13,0.4,0.0233148042998524,0.221991418599077,0,0.230440843167851,NaN,0.966666666666667,0.207100707817263,0.16,0.0297104234589528,0.233257845523538,0.233257845523538,NaN,0.433333333333333,400,79,558,558,359,199,163,27,100,27,4810,2,81,81,81,81,75,75,75,75,75,0,30
LIRCMOP6_BC,1,ref_tau,374,60,1,0.2,60,0,0.00404472403888582,0.00686776580074921,60,30,3,0.0147674132414472,21.3333333333333,0.17233050637376,0.817571010198601,0,0.962326005739944,0.0333333333333333,1.54930496647825,12.8328022372083,random,30,0,30,30,0.5,0.0839224643411916,0.156230138799211,0,0.157575567687322,NaN,0.133333333333333,-0.0208212698559174,0.35,0.0952414744084476,0.158075597312476,0.158075597312476,NaN,1,400,75,550,550,338,212,209,25,100,25,5641,16,72,72,72,66,60,60,60,60,60,0,30
LIRCMOP6_BC,1,ref_tau,375,81,1,0.27,81,0,0.0038868797666564,0.0107555406851923,81,30,3,0.0199360078759537,15.8024691358025,0.17233050637376,0.827934445203707,0.206418335567633,0.915956817334726,0.296296296296296,1.83161283853534,10.8833348648995,random,30,0,30,30,0.37037037037037,0.0638451008956563,0.150220145491276,0,0.155824331810922,NaN,1,0.0423782128674535,0.222222222222222,0.0806473939641812,0.156496213135481,0.156496213135481,NaN,1,400,60,520,520,336,184,204,29,100,29,5577,40,84,84,84,84,81,81,81,81,81,0,30
LIRCMOP6_BC,1,ref_tau,376,60,1,0.2,60,0,0.00416917247325192,0.008866944497512,60,30,3,0.0147674132414472,21.3333333333333,0.159533047826242,0.736820053801709,-0,0.452346643802477,0.15,1.73806185940139,7.8943826459249,random,30,0,30,23,0.5,0.0669487872715096,0.117344065640842,0,0.136050220982845,NaN,0.1,-0.0330304989277495,0.3,0.0813013443317983,0.137507703640124,0.137507703640124,NaN,0.766666666666667,400,81,562,562,353,209,228,25,100,25,6806,40,72,72,72,69,60,60,60,60,60,0,30
LIRCMOP6_BC,1,ref_tau,377,63,1,0.21,63,0,0.00414585595130588,0.00740886476221674,63,30,3,0.0155057839035196,20.3174603174603,0.146735589278724,0.682151418960512,-0,0.691586388398095,0.142857142857143,1.35346180260505,7.8589394763249,random,30,0,30,26,0.476190476190476,0.0616795577714485,0.106945061784887,0,0.141113491408372,NaN,0.1,-0.0454000338933509,0.333333333333333,0.0869571892802064,0.141201136633353,0.141201136633353,NaN,0.866666666666667,400,60,520,520,337,183,208,28,100,28,4887,89,78,78,78,75,63,63,63,63,63,0,30
LIRCMOP6_BC,1,ref_tau,378,75,1,0.25,75,0,0.00419637866342614,0.0119606814937401,75,30,3,0.018459266551809,17.0666666666667,0.17233050637376,0.827934445203707,-0,0.603168055864972,0.2,1.65591906851802,8.68714431820221,random,30,0,30,22,0.4,0.0486875048629833,0.121021122796286,0,0.138244246183376,NaN,0.0333333333333333,-0.0808125960863904,0.16,0.0647784342520921,0.139675343255511,0.139675343255511,NaN,0.733333333333333,400,63,526,526,344,182,204,27,100,27,5678,16,78,78,78,78,75,75,75,75,75,0,30
LIRCMOP6_BC,1,ref_tau,379,74,1,0.25,74,0,0.00380993630986295,0.0104011848255112,74,30,3,0.0182131429977849,17.2972972972973,0.136457883315926,0.44934447482056,0.08612540534021,0.992399661707658,0.27027027027027,1.2829075757017,8.21938459068806,random,30,0,30,30,0.405405405405405,0.0569438436961688,0.129538818101524,0,0.129866150159571,NaN,0,-0.109167870594715,0.2,0.0688030454947632,0.133923164099505,0.133923164099505,NaN,1,400,75,550,550,344,206,183,29,100,29,5057,73,81,81,81,81,74,74,74,74,74,0,30
LIRCMOP6_BC,1,ref_tau,380,73,1,0.25,73,0,0.00396584885236005,0.0107088968060356,73,30,3,0.0179670194437608,17.5342465753425,0.146735589278724,0.806015747151682,-0,0.992399661707658,0.164383561643836,1.23111029140673,6.46964902599891,random,30,0,30,30,0.410958904109589,0.0729921625014586,0.083631871006948,0,0.116458060087644,NaN,0.966666666666667,0.220750096221844,0.24,0.102579932587217,0.116957301587501,0.116957301587501,NaN,1,400,74,548,548,327,221,175,29,100,29,4726,177,83,83,83,79,73,73,73,73,73,0,30
LIRCMOP6_BC,1,ref_tau,381,78,1,0.26,78,0,0.0029856215682959,0.010393292002796,78,30,3,0.0191976372138814,16.4102564102564,0.142657283596974,0.645705662399712,0,0.992399661707658,0.230769230769231,1.42420463051089,8.36200391006931,random,30,0,30,30,0.384615384615385,0.10081472652125,0.137386781581518,0,0.170784718779582,NaN,0.933333333333333,0.260152249332414,0.153846153846154,0.132411972850115,0.170918403131964,0.170918403131964,NaN,1,400,73,546,546,317,229,201,29,100,29,5400,79,85,85,85,82,78,78,78,78,78,0,30
LIRCMOP6_BC,1,ref_tau,382,69,1,0.23,69,0,0.00266360000767666,0.00737902156813652,69,30,3,0.0169825252276643,18.5507246376812,0.138578977915224,0.645705662399712,0,0.62926770251418,0.217391304347826,1.25763639544338,8.7118083504677,random,30,0,30,30,0.434782608695652,0.123049819124948,0.183919011030077,0,0.219425705869761,NaN,0.366666666666667,-0.0179642956264899,0.347826086956522,0.162225024801007,0.219563330914605,0.219563330914605,NaN,1,400,78,556,556,349,207,210,28,100,28,5315,166,78,78,78,78,69,69,69,69,69,0,30
LIRCMOP6_BC,1,ref_tau,383,74,1,0.25,74,0,0.00351428140207391,0.0120291226441464,74,30,3,0.0182131429977849,17.2972972972973,0.146735589278724,0.645705662399712,0.0356274469096779,0.757931352133572,0.283783783783784,1.86455137585604,6.95487379637404,random,30,0,30,26,0.405405405405405,0.0450622437780509,0.106278381970981,0,0.141502443646567,NaN,0.333333333333333,-0.218904622720494,0.16,0.0641258716257915,0.141713986346254,0.141713986346254,NaN,0.866666666666667,400,69,538,538,325,213,210,31,100,31,5384,266,83,83,83,80,74,74,74,74,74,0,30
LIRCMOP6_BC,1,ref_tau,384,79,1,0.27,79,0,0.00600799419729974,0.0200769777823577,79,30,3,0.0194437607679055,16.2025316455696,0.138578977915224,0.308706732914478,0,0.992399661707658,0.227848101265823,2.11540526496015,3.37447556192719,random,30,0,30,21,0.379746835443038,0.0424127282424516,0.0586840317117274,0,0.0633119116765965,NaN,0.6,0.0301919526740408,0.148148148148148,0.0593427282515469,0.0692353651871,0.0692353651871,NaN,0.7,400,74,548,548,314,234,220,30,100,30,5596,231,85,85,85,79,79,79,79,79,79,0,30
LIRCMOP6_BC,1,ref_tau,385,78,1,0.26,78,0,0.00502743539373653,0.0145553001499434,78,30,3,0.0191976372138814,16.4102564102564,0.148353098228604,0.649426495654271,0.174930622420655,0.992399661707658,0.307692307692308,2.04521092990742,6.13814983011318,random,30,0,30,4,0.384615384615385,0.0133753598918037,0.0177225339600704,0,0.0305404261880062,NaN,0,-0.0711060263624722,0.153846153846154,0.0231923476412141,0.0326748118608719,0.0326748118608719,NaN,0.133333333333333,400,79,558,558,342,216,246,31,100,31,6841,383,87,87,87,84,78,78,78,78,78,0,30
LIRCMOP6_BC,1,ref_tau,386,46,1,0.16,46,0,0.00812086143444053,0.0182806987294831,46,30,3,0.0113216834851095,27.8260869565217,0.149970607178484,0.261862240508471,0.08612540534021,0.802090852345288,0.391304347826087,0.740038584805703,4.22643107723471,random,30,0,30,2,0.652173913043478,0.0226825026427414,0.025993379956801,0,0.052799233700648,NaN,0,-0.133792760886791,0.125,0.0493662118893962,0.0604268323887397,0.0604268323887397,NaN,0.0666666666666667,400,78,556,556,338,218,184,21,100,21,4399,247,57,57,57,49,46,46,46,46,46,0,30
LIRCMOP6_BC,1,ref_tau,387,47,1,0.18,47,0,0.0088947089228906,0.0221060090170193,47,30,3,0.0115678070391336,27.2340425531915,0.155895415517944,0.327439366152084,0.16668881046593,0.691586388398095,0.425531914893617,0.806857535957119,3.8459055767391,random,30,0,30,30,0.638297872340426,0.0628536517458104,0.110333090675986,0,0.146456884929626,NaN,0.333333333333333,-0.0340978447464362,0.111111111111111,0.104218803113269,0.155450206585234,0.155450206585234,NaN,1,400,46,492,492,300,192,198,22,100,22,5479,324,61,61,61,52,47,47,47,47,47,0,30
LIRCMOP6_BC,1,ref_tau,388,55,1,0.19,55,0,0.00609807528446755,0.0125369451090564,55,30,3,0.0135367954713266,23.2727272727273,0.147186241379448,0.327469787931909,0.29645798885683,0.870902165294694,0.4,1.83399235768624,4.98874042859673,random,30,0,30,30,0.545454545454545,0.106356341974618,0.185101137531342,0,0.222808761542341,NaN,0.866666666666667,0.00860975817050735,0.105263157894737,0.149040045389659,0.233681957204875,0.233681957204875,NaN,1,400,47,494,494,303,191,215,21,100,21,5652,444,60,60,60,58,55,55,55,55,55,0,30
LIRCMOP6_BC,1,ref_tau,389,58,1,0.2,58,0,0.00694838518593375,0.012875756170727,58,30,3,0.014275166133399,22.0689655172414,0.147839311636489,0.286844743303291,0.261207609278711,0.692794424389512,0.46551724137931,0.626250557325951,3.46180520062189,random,30,0,30,30,0.517241379310345,0.124905028649358,0.224050499462958,0,0.260673491843415,NaN,0.866666666666667,0.0127489237429461,0.1,0.16079750580562,0.267889216026894,0.267889216026894,NaN,1,400,55,510,510,304,206,197,25,100,25,5752,360,74,74,74,62,58,58,58,58,58,0,30
LIRCMOP6_BC,1,ref_tau,390,60,1,0.2,60,0,0.00685866999202128,0.0107325699897725,60,30,3,0.0147674132414472,21.3333333333333,0.154975586710919,0.277401107973199,0.163392157372795,0.488774081894748,0.5,0.558383927141763,2.64211740482715,random,30,0,30,9,0.5,0.0156413546402369,0.0359406534510864,0,0.0484356664600732,NaN,0.466666666666667,-0.00282505988863305,0.45,0.0203712874047037,0.0486866249841324,0.0486866249841324,NaN,0.3,400,58,516,516,298,218,188,24,97,24,5508,602,66,66,66,66,60,60,60,60,60,0,30
LIRCMOP6_BC,1,ref_tau,391,50,1,0.18,50,0,0.0069615082883807,0.0187700443696946,50,30,3,0.012306177701206,25.6,0.145519997560291,0.313040201308298,0.110725703060411,0.822259116986045,0.32,0.614984791890621,4.45694314706394,random,30,0,30,4,0.6,0.011305526026762,0.0183179287622409,0,0.0209391144482306,NaN,0.3,-0.0121649593202603,0.333333333333333,0.0146389208319673,0.0211814125467372,0.0211814125467372,NaN,0.133333333333333,400,60,520,520,295,225,160,21,100,21,4251,273,56,56,56,51,50,50,50,50,50,0,30
LIRCMOP6_BC,1,ref_tau,392,57,1,0.19,57,0,0.00680808422238543,0.0190681544551502,57,30,3,0.0140290425793748,22.4561403508772,0.145519997560291,0.3098663728357,0.0778594660815689,0.566603602870557,0.315789473684211,0.624975274724983,2.67035567482739,random,30,0,30,30,0.526315789473684,0.26236228954748,0.350924228676522,0,0.390197466708283,NaN,0,-0.0431497570140758,0.105263157894737,0.304369417398259,0.398389936012012,0.398389936012012,NaN,1,400,50,500,500,299,201,216,24,100,24,5217,295,69,69,69,60,57,57,57,57,57,0,30
LIRCMOP6_BC,1,ref_tau,393,48,1,0.17,48,0,0.00661692452191149,0.0198942802691479,48,30,3,0.0118139305931578,26.6666666666667,0.139424948136577,0.31176651212806,0.0955651164186859,0.566603602870557,0.354166666666667,0.602779604504369,2.35476518687074,random,30,0,30,30,0.625,0.240035009378474,0.416768799703998,0,0.455879490932441,NaN,0,-0.0141841558838166,0.117647058823529,0.280340872052108,0.465388912086413,0.465388912086413,NaN,1,400,57,514,514,307,207,188,22,100,22,4222,496,56,56,56,51,48,48,48,48,48,0,30
LIRCMOP6_BC,1,ref_tau,394,45,1,0.15,45,0,0.00758885520749835,0.0169373066360347,45,30,3,0.0110755599310854,28.4444444444444,0.125463264951682,0.35888609573606,0.144391770838064,0.436300535761093,0.533333333333333,0.635571525830806,4.52000406762026,random,30,0,30,30,0.666666666666667,0.222909925043636,0.259406939323811,0,0.297868626027829,NaN,0,-0.00573018239057321,0.133333333333333,0.267204180385512,0.305035549989712,0.305035549989712,NaN,1,400,48,496,496,307,189,173,24,100,24,3928,544,51,51,51,48,45,45,45,45,45,0,30
LIRCMOP6_BC,1,ref_tau,395,52,1,0.18,52,0,0.00776914578120657,0.0206545493588173,52,30,3,0.0127984248092542,24.6153846153846,0.150266186308558,0.315045615434977,0.181208269604001,0.566603602870557,0.538461538461538,0.501008676517369,3.92713100377542,random,30,0,30,30,0.576923076923077,0.196061239066326,0.305009241750288,0,0.343474413121676,NaN,0.7,0.0052372623114528,0.111111111111111,0.237025797955488,0.351984001451178,0.351984001451178,NaN,1,400,45,490,490,313,177,203,27,100,27,4512,647,57,57,57,52,52,52,52,52,52,0,30
LIRCMOP6_BC,1,ref_tau,396,46,1,0.16,46,0,0.00608812513414202,0.0160017137763116,46,30,3,0.0113216834851095,27.8260869565217,0.146160427196443,0.35888609573606,0.0320658424021742,0.452882636495671,0.347826086956522,0.614794078794535,1.7367632864816,random,30,0,30,25,0.652173913043478,0.126468699191311,0.249982114342893,0,0.285478575620643,NaN,0,-0.0419582411209607,0.125,0.162285167399791,0.293140756735835,0.293140756735835,NaN,0.833333333333333,400,52,504,504,322,182,224,31,100,31,5322,843,69,69,69,49,46,46,46,46,46,0,30
LIRCMOP6_BC,1,ref_tau,397,52,1,0.18,52,0,0.00945102480333154,0.0219268209231583,52,30,3,0.0127984248092542,24.6153846153846,0.13133592221972,0.31176651212806,0.19838152735361,0.42919445159599,0.576923076923077,0.742552763638212,3.59158619721336,random,30,0,30,30,0.576923076923077,0.174717537529539,0.210299721577156,0,0.237127714284047,NaN,0,-0.0269560663073775,0.111111111111111,0.191737052390185,0.242016741404174,0.242016741404174,NaN,1,400,46,492,492,305,187,210,32,100,32,4926,1100,61,61,61,53,52,52,52,52,52,0,30
LIRCMOP6_BC,1,ref_tau,398,56,1,0.2,56,0,0.0077589175171708,0.0179991632030477,56,30,3,0.0137829190253507,22.8571428571429,0.153503005950325,0.303425090535073,0.129346165310699,0.452882636495671,0.428571428571429,0.788532004399923,3.5115798240368,random,30,0,30,30,0.535714285714286,0.188675885008579,0.225509580156186,0,0.243908866195005,NaN,0.2,-0.00492809337849931,0.1,0.201865107727135,0.245167125595767,0.245167125595767,NaN,1,400,52,504,504,309,195,207,33,100,33,4467,1404,67,67,67,59,56,56,56,56,56,0,30
LIRCMOP6_BC,1,ref_tau,399,58,1,0.2,58,0,0.00868725457788896,0.0187934914401545,58,30,3,0.014275166133399,22.0689655172414,0.144241723173095,0.289918539314076,0.157247927118496,0.465529463333652,0.517241379310345,0.857836497298649,3.95537541586968,random,30,0,30,30,0.517241379310345,0.139548495607812,0.253098324466814,0,0.278107068780583,NaN,0,-0.0316132969910349,0.1,0.160661582132548,0.281811693428039,0.281811693428039,NaN,1,400,56,512,512,319,193,180,34,100,34,4500,1760,68,68,68,60,58,58,58,58,58,0,30
LIRCMOP6_BC,1,ref_tau,400,54,1,0.19,54,0,0.00907696122646919,0.0221772195916851,54,30,3,0.0132906719173025,23.7037037037037,0.138230266287305,0.31176651212806,0.17169805386376,0.489483378475325,0.611111111111111,0.790735888960588,4.19944421650511,random,30,0,30,30,0.555555555555556,0.0501438023075642,0.0541783777370863,0,0.0621885662458992,NaN,0.833333333333333,0.0133524545748536,0.631578947368421,0.0592889687257668,0.062417278943819,0.062417278943819,NaN,1,400,58,516,516,320,196,200,36,100,36,5123,891,78,78,78,58,54,54,54,54,54,0,30
LIRCMOP6_BC,1,ref_tau,401,47,1,0.16,47,0,0.0106275499300353,0.0384379848626486,47,30,3,0.0115678070391336,27.2340425531915,0.134314184238062,0.261060306324964,0.246635458900478,0.402582398558136,0.297872340425532,0.628324076344911,2.43057314858439,random,30,0,30,0,0.638297872340426,0.0308419690586699,0.031873214447835,0,0.0460959717084714,NaN,0.866666666666667,0.0359611765756568,0,0.0407784456425443,0.0461539951818155,0.0461539951818155,NaN,0,400,54,508,508,315,193,185,32,100,32,4639,2400,59,59,59,50,47,47,47,47,47,0,30
LIRCMOP6_BC,1,ref_tau,402,50,1,0.18,50,0,0.0118387506779321,0.0235830864517606,50,30,3,0.012306177701206,25.6,0.150253180058886,0.266590398885843,0.341171401642397,0.674389943355649,0.5,0.665158311779789,2.57005602858328,random,30,0,30,2,0.6,0.0202278345800522,0.0226170699727468,0,0.0338781053948888,NaN,0.566666666666667,0.00402335003790932,0.222222222222222,0.0268589488205498,0.0342799668845172,0.0342799668845172,NaN,0.0666666666666667,400,47,494,494,308,186,220,30,94,28,6756,969,56,56,56,50,50,50,50,50,50,0,30
LIRCMOP6_BC,1,ref_tau,403,45,1,0.17,45,0,0.0119096012328377,0.0224842045395011,45,30,3,0.0110755599310854,28.4444444444444,0.148923621049465,0.273413467772085,0.144201666871686,0.674389943355649,0.533333333333333,0.592130748155394,2.30009760412949,random,30,0,30,5,0.666666666666667,0.0147331667891706,0.0283813073244515,0,0.0587682393066686,NaN,0.533333333333333,0.0022607356259543,0.294117647058824,0.0202914168330282,0.0594213422168055,0.0594213422168055,NaN,0.166666666666667,400,50,500,500,303,197,158,32,95,30,4231,612,59,59,59,45,45,45,45,45,45,0,30
LIRCMOP6_BC,1,ref_tau,404,52,1,0.18,52,0,0.0109012096436724,0.0212911604501727,52,30,3,0.0127984248092542,24.6153846153846,0.148711292815047,0.382399081730438,0.171459044808439,0.310446088336258,0.480769230769231,0.651160506349292,2.28968712478393,random,30,0,30,3,0.576923076923077,0.0146527527382402,0.0210866322262098,0,0.0353501676556207,NaN,0.733333333333333,0.0175030613719708,0.111111111111111,0.0244190015443856,0.0354557423626826,0.0354557423626826,NaN,0.1,400,45,490,490,299,191,156,32,95,30,3427,654,55,55,55,52,52,52,52,52,52,0,30
LIRCMOP6_BC,1,ref_tau,405,51,1,0.18,51,0,0.0143161877162033,0.0405714351655913,51,30,3,0.0125523012552301,25.0980392156863,0.140851408545952,0.207063067418357,0.198450543391328,0.444641634424011,0.843137254901961,0.613321620120119,2.12700757519016,random,30,0,30,9,0.588235294117647,0.0171066190970508,0.0226090202990389,0,0.032267677071758,NaN,0.5,-0.00322871799449789,0.277777777777778,0.0297453577911022,0.0323706729104786,0.0323706729104786,NaN,0.3,400,52,504,504,313,191,146,36,100,36,3663,1051,74,74,74,52,51,51,51,51,51,0,30
LIRCMOP6_BC,1,ref_tau,406,47,1,0.17,47,0,0.0153531139657544,0.0396627686158445,47,30,3,0.0115678070391336,27.2340425531915,0.153080788146533,0.208267535304498,0.246287891882251,0.53278029218504,0.808510638297872,0.651887842016902,2.22561001411519,random,30,0,30,9,0.638297872340426,0.0156128381554252,0.020828089103531,0,0.026748944988969,NaN,0.533333333333333,0.00558722804762293,0.352941176470588,0.0237793467285223,0.027154569744645,0.027154569744645,NaN,0.3,400,51,502,502,326,176,220,38,100,38,4339,871,68,68,68,47,47,47,47,47,47,0,30
LIRCMOP6_BC,1,ref_tau,407,53,1,0.21,53,0,0.0317372670369006,0.0575905630202379,53,30,3,0.0130445483632784,24.1509433962264,0.161541450503241,0.253011425944113,0.281986671695959,0.517059972612298,0.773584905660377,0.505642394800435,1.45971559134169,random,30,0,30,2,0.566037735849057,0.0119020201291577,0.0169020468205002,0,0.0238696756676303,NaN,0.633333333333333,0.0124245441550406,0.19047619047619,0.0200772976095022,0.0239692887541107,0.0239692887541107,NaN,0.0666666666666667,400,47,494,494,318,176,139,40,100,40,2895,972,66,66,66,53,53,53,53,53,53,0,30
LIRCMOP6_BC,1,ref_tau,408,64,1,0.22,64,0,0.0224577899576351,0.0731200445626299,64,30,3,0.0157519074575437,20,0.151574985440489,0.210316541379912,0.168440536376561,0.751988962337603,0.765625,0.53709187119861,2.585184150888,random,30,0,30,0,0.46875,0.0138287381958735,0.0155635524077583,0,0.0174559820461865,NaN,0.666666666666667,0.0237905868237623,0,0.0163534781625963,0.0174905323279001,0.0174905323279001,NaN,0,400,53,506,506,314,192,175,40,95,38,4022,1048,76,76,76,64,64,64,64,64,64,0,30
LIRCMOP6_BC,1,ref_tau,409,58,1,0.2,58,0,0.014180810140094,0.0371388853284949,58,30,3,0.014275166133399,22.0689655172414,0.147293903554411,0.259484691156549,0.21051445307492,0.504681303119622,0.793103448275862,0.55924298720544,12.7472358887819,random,30,0,30,8,0.517241379310345,0.0143013467697126,0.0775259509284908,0,0.107813185119479,NaN,0.733333333333333,0.0251868334254609,0.3,0.0177595134423459,0.108047099937808,0.108047099937808,NaN,0.266666666666667,400,64,528,528,346,182,218,42,100,42,4486,1055,73,73,73,58,58,58,58,58,58,0,30
LIRCMOP6_BC,1,ref_tau,410,65,1,0.24,65,0,0.0179341790635735,0.0331083524588789,65,30,3,0.0159980310115678,19.6923076923077,0.16471290054244,0.347781903448417,0.221961756232942,0.660605730997466,0.815384615384615,0.46696665105679,7.1269545448733,random,30,0,30,1,0.461538461538462,0.0079681079661228,0.0190362168627838,0,0.0340437124072121,NaN,0.766666666666667,0.0189651265371781,0.0833333333333333,0.0154170941283613,0.0340990152454977,0.0340990152454977,NaN,0.0333333333333333,400,58,516,516,317,199,209,41,100,41,4902,1467,75,75,75,65,65,65,65,65,65,0,30
LIRCMOP6_BC,1,ref_tau,411,53,1,0.19,53,0,0.0172986371690378,0.039692635089763,53,30,3,0.0130445483632784,24.1509433962264,0.140797540795875,0.351426312931101,0.203504391801321,0.600457707860241,0.716981132075472,0.488992322966038,5.05382974099466,random,30,0,30,4,0.566037735849057,0.0067546509273926,0.0428560600077374,0,0.0694165196757783,NaN,0.933333333333333,0.038864039486251,0.315789473684211,0.0180875116292197,0.0695210251275738,0.0695210251275738,NaN,0.133333333333333,400,65,530,530,329,201,214,40,95,38,5112,1516,63,63,63,53,53,53,53,53,53,0,30
LIRCMOP6_BC,1,ref_tau,412,53,1,0.19,53,0,0.013347584171281,0.0455332641961567,53,30,3,0.0130445483632784,24.1509433962264,0.152043729126456,0.351426312931101,0.450309607896669,0.652878442708857,0.773584905660377,0.540924825402938,1.78760325725344,random,30,0,30,1,0.566037735849057,0.00764545012404312,0.0120470465115007,0,0.0257328240379583,NaN,0.6,0.0143909340483788,0.105263157894737,0.0193109340882278,0.0259127696804653,0.0259127696804653,NaN,0.0333333333333333,400,53,506,506,326,180,200,45,93,43,4692,1436,82,82,82,53,53,53,53,53,53,0,30
LIRCMOP6_BC,1,ref_tau,413,57,1,0.2,57,0,0.0189188626683245,0.0564051488536211,57,30,3,0.0140290425793748,22.4561403508772,0.182277423972164,0.367608964723413,0.284051844713758,0.708664232437817,0.842105263157895,0.562923616314437,1.60371930507372,random,30,0,30,1,0.526315789473684,0.00851897649877132,0.012825526987474,0,0.0194857856884656,NaN,0.466666666666667,-0.0046429099472079,0.1,0.0163627828116006,0.0199544792775574,0.0199544792775574,NaN,0.0333333333333333,400,53,506,506,316,190,210,44,92,42,4865,1457,79,79,79,58,57,57,57,57,57,0,30
LIRCMOP6_BC,1,ref_tau,414,62,1,0.22,62,0,0.0228541887348264,0.0673514951313205,62,30,3,0.0152596603494954,20.6451612903226,0.176619398838242,0.245883350240464,0.0970761673136703,0.59925529578462,0.790322580645161,0.483479217103627,1.52341271703399,random,30,0,30,0,0.483870967741935,0.00974648212160983,0.0124766973715135,0,0.0171841845207383,NaN,0.566666666666667,0.00597924101013778,0,0.0152424048364462,0.017192349019436,0.017192349019436,NaN,0,400,57,514,514,322,192,206,51,100,51,4204,1398,80,80,80,64,62,62,62,62,62,0,30
LIRCMOP6_BC,1,ref_tau,415,75,1,0.25,75,0,0.0228039883052931,0.0568584469533739,75,30,3,0.018459266551809,17.0666666666667,0.166861397070843,0.287480515609832,0.0839775562037017,0.50092269461997,0.84,0.409062326257207,1.14691237729746,random,25,5,30,0,0.4,0.0122581677094362,0.0179871862736974,0,0.0185440533091539,NaN,0.6,0.02441987584549,0,0.017270980363181,0.0187337087905153,0.0189468643355777,0.0184791801773919,0,400,62,524,524,331,193,206,46,90,43,4798,1575,95,95,95,75,75,75,75,75,75,0,30
LIRCMOP6_BC,1,ref_tau,416,51,1,0.18,51,0,0.0179270624461723,0.0523936979024195,51,30,3,0.0125523012552301,25.0980392156863,0.161793501203745,0.279280774030268,0.137776533344907,0.218332204661601,0.705882352941177,0.38915749177562,1.26060856799031,random,30,0,30,6,0.588235294117647,0.018400356358973,0.0217604578106075,0,0.0225422082717208,NaN,0.966666666666667,0.136649738427392,0.111111111111111,0.019333436153116,0.0229503648856418,0.0229503648856418,NaN,0.2,400,75,550,550,346,204,231,47,91,45,5056,1557,81,81,81,51,51,51,51,51,51,0,30
LIRCMOP6_BC,1,ref_tau,417,62,1,0.21,62,0,0.013979382674859,0.0494855816202272,62,30,3,0.0152596603494954,20.6451612903226,0.154321952794345,0.287977350249139,0.106419866862546,0.286852238153769,0.806451612903226,0.350084647865118,1.20454927926248,random,30,0,30,0,0.483870967741935,0.0149048963649264,0.0195887730341907,0,0.0212660267905177,NaN,0.933333333333333,0.133050188311737,0,0.0154713018882432,0.0214526730177964,0.0214526730177964,NaN,0,400,51,502,502,333,169,208,53,100,53,3320,1170,81,81,81,62,62,62,62,62,62,0,30
LIRCMOP6_BC,1,ref_tau,418,63,1,0.23,63,0,0.0239550033354001,0.0885299574126883,63,30,3,0.0155057839035196,20.3174603174603,0.146317003942617,0.374362398297912,0.159516899061561,0.692437465277091,0.793650793650794,0.447379759356818,1.44816868589077,random,30,0,30,0,0.476190476190476,0.0116567768995085,0.0193080679470281,0,0.0198878017029743,NaN,0.833333333333333,0.0323175674539663,0,0.0132915804785332,0.0200237832496564,0.0200237832496564,NaN,0,400,62,524,524,326,198,210,51,92,47,4960,1604,88,88,88,63,63,63,63,63,63,0,30
LIRCMOP6_BC,1,ref_tau,419,62,1,0.22,62,0,0.0180982453090784,0.0644714624079144,62,30,3,0.0152596603494954,20.6451612903226,0.141806648290179,0.254459131363768,0.074448484682113,0.220276196737755,0.758064516129032,0.343299182574367,0.944741584309703,random,30,0,30,0,0.483870967741935,0.00949366820461943,0.0143063759704612,0,0.0144487725823978,NaN,0.966666666666667,0.0440380273178545,0,0.0129762364400022,0.014499837195682,0.014499837195682,NaN,0,400,63,526,526,318,208,216,54,100,54,4892,1417,80,80,80,62,62,62,62,62,62,0,30
LIRCMOP6_BC,1,ref_tau,420,55,1,0.19,55,0,0.0225906854575639,0.0476623329673975,55,30,3,0.0135367954713266,23.2727272727273,0.151221381844804,0.211767197271958,0.0956624319850118,0.319232491137309,0.745454545454545,0.432993537443114,1.44819277991249,random,30,0,30,24,0.545454545454545,0.0632491288779981,0.120550001526533,0,0.149653964130991,NaN,0,-0.060456322322275,0.105263157894737,0.0876389989014895,0.155061357733113,0.155061357733113,NaN,0.8,400,62,524,524,324,200,240,53,100,53,5731,1534,94,94,94,55,55,55,55,55,55,0,30
LIRCMOP6_BC,1,ref_tau,421,59,1,0.21,59,0,0.0178856963620898,0.0526624993595044,59,30,3,0.0145212896874231,21.6949152542373,0.141941630676101,0.247035899552847,0.16411111660918,0.510640726508514,0.847457627118644,0.472071771880636,1.50754252444941,random,30,0,30,25,0.508474576271186,0.0853868542595975,0.124999104736952,0,0.135986921550245,NaN,0.0333333333333333,-0.0143340215800178,0.0952380952380952,0.0940089358934545,0.136355024317359,0.136355024317359,NaN,0.833333333333333,400,55,510,510,337,173,222,54,100,54,4226,1372,88,88,88,59,59,59,59,59,59,0,30
LIRCMOP6_BC,1,ref_tau,422,67,1,0.23,67,0,0.0192117616122496,0.0651515840546114,67,30,3,0.016490278119616,19.1044776119403,0.141941630676101,0.211253942857613,0.09568766902446,0.262856977361216,0.73134328358209,0.453758333655804,1.54235172153042,random,30,0,30,19,0.447761194029851,0.0639135634735174,0.106960770631369,0,0.122053943382088,NaN,0.133333333333333,-0.0681415993655506,0.0869565217391304,0.0707179823991777,0.123927970382584,0.123927970382584,NaN,0.633333333333333,400,59,518,518,336,182,223,52,100,52,4097,1211,86,86,86,67,67,67,67,67,67,0,30
LIRCMOP6_BC,1,ref_tau,423,61,1,0.21,61,0,0.0160611113429815,0.055052894790577,61,30,3,0.0150135367954713,20.983606557377,0.155336496092101,0.208016736862375,0.0952575027879873,0.160157896238526,0.754098360655738,0.347882507649117,1.03617830487333,random,30,0,30,0,0.491803278688525,0.00867218973976829,0.0107209163950638,0,0.0107209163950638,NaN,1,0.0383672295469458,0,0.00903820902029039,0.0108211392633227,0.0108211392633227,NaN,0,400,67,534,534,332,202,225,50,100,50,4863,1385,88,88,88,67,61,61,61,61,61,0,30
LIRCMOP6_BC,1,ref_tau,424,55,1,0.19,55,0,0.0105330573140225,0.040509542998112,55,30,3,0.0135367954713266,23.2727272727273,0.152099015835751,0.211253942857613,0.0786267527283533,0.495925573344104,0.781818181818182,0.437682777770721,1.55823987848019,random,30,0,30,0,0.545454545454545,0.00887859424871298,0.0116148996708094,0,0.0129501898250723,NaN,1,0.0656597482506688,0,0.00981540915512632,0.0130571852143171,0.0130571852143171,NaN,0,400,61,522,522,331,191,213,49,100,49,4480,1324,72,72,72,55,55,55,55,55,55,0,30
LIRCMOP6_BC,1,ref_tau,425,49,1,0.17,49,0,0.020053836274549,0.0671067415229806,49,30,3,0.0120600541471819,26.1224489795918,0.172017134431469,0.247035899552847,0.0821807205694549,0.495925573344104,0.816326530612245,0.450048387657421,1.49659216107288,random,30,0,30,0,0.612244897959184,0.00938120265260296,0.0114212423617083,0,0.0134534284478295,NaN,0.933333333333333,0.0352761846970952,0,0.0107399825637336,0.0136982839955655,0.0136982839955655,NaN,0,400,55,510,510,338,172,206,51,100,51,4037,1092,74,74,74,49,49,49,49,49,49,0,30
LIRCMOP6_BC,1,ref_tau,426,52,1,0.18,52,0,0.0134421014310963,0.0536760193776815,52,30,3,0.0127984248092542,24.6153846153846,0.157433330212734,0.247035899552847,0.174166318451371,0.378492611066864,0.846153846153846,0.347344560052095,0.923755063153001,random,30,0,30,0,0.576923076923077,0.00794670112908557,0.00898957185890428,0,0.010067601190521,NaN,1,0.0261042815840961,0,0.0085021963662295,0.0104683245110243,0.0104683245110243,NaN,0,400,49,498,498,323,175,227,51,100,51,4015,1250,69,69,69,58,52,52,52,52,52,0,30
LIRCMOP6_BC,1,ref_tau,427,62,1,0.24,62,0,0.019199657513132,0.0792382988330606,62,30,3,0.0152596603494954,20.6451612903226,0.168800419492302,0.331825764528029,0.186376577558871,0.751646013301658,0.903225806451613,0.385494041444857,1.41160150464275,random,20,10,30,0,0.483870967741935,0.0071629392605401,0.00788469394001837,0,0.00910657484899821,NaN,1,0.0883282058115823,0,0.00872426090556066,0.0107969382657979,0.0110570883701019,0.0107900469596456,0,400,52,504,504,346,158,207,42,86,41,4270,1588,99,99,99,68,62,62,62,62,62,0,30
LIRCMOP6_BC,1,ref_tau,428,51,1,0.18,51,0,0.0145936198828105,0.0378770267314647,51,30,3,0.0125523012552301,25.0980392156863,0.135428987612652,0.303563498395118,0.0507063408162003,0.466549229132123,0.784313725490196,0.355347287264505,2.45226771574755,random,30,0,30,0,0.588235294117647,0.00498091729220865,0.01433257812079,0,0.0146709465664026,NaN,0.933333333333333,0.0964782933814901,0,0.00833999788180076,0.0147634775800618,0.0147634775800618,NaN,0,400,62,524,524,350,174,212,52,94,51,3942,1493,70,70,70,54,51,51,51,51,51,0,30
LIRCMOP6_BC,1,ref_tau,429,62,1,0.22,62,0,0.0211862332550456,0.0903256199796961,62,30,3,0.0152596603494954,20.6451612903226,0.149051866117258,0.303563498395118,0.107823238524031,0.395767866153437,0.854838709677419,0.396768293969924,2.41455009085189,random,30,0,30,1,0.483870967741935,0.00699294276524561,0.0162139969886725,0,0.0189132721864812,NaN,0.933333333333333,0.0809250753858944,0.0909090909090909,0.0113866132462779,0.0190470147885218,0.0190470147885218,NaN,0.0333333333333333,400,51,502,502,340,162,213,49,86,48,4124,1546,76,76,76,62,62,62,62,62,62,0,30
LIRCMOP6_BC,1,ref_tau,430,62,1,0.21,62,0,0.021250975366065,0.0787967998876489,62,30,3,0.0152596603494954,20.6451612903226,0.141578229038313,0.263994179205529,0.333480943377744,0.796441721933656,0.903225806451613,0.405327900523801,1.87095051207638,random,30,0,30,0,0.483870967741935,0.00497229513965906,0.0105753272319913,0,0.010589341856495,NaN,0.9,0.0776703282190879,0,0.00835702509500911,0.0106930606608926,0.0106930606608926,NaN,0,400,62,524,524,350,174,205,50,91,49,3774,1646,66,66,66,62,62,62,62,62,62,0,30
LIRCMOP6_BC,1,ref_tau,431,64,1,0.23,64,0,0.0284923258192775,0.0986335579361581,64,30,3,0.0157519074575437,20,0.176393179251299,0.253131220573557,0.213373191291656,0.482052797786044,0.90625,0.372620054830187,1.06383832437656,random,30,0,30,0,0.46875,0.00557442308254303,0.00661351875790312,0,0.00689426603105469,NaN,0.933333333333333,0.0709376343833415,0,0.00625500904228184,0.00703483629051871,0.00703483629051871,NaN,0,400,62,524,524,356,168,228,54,91,53,4049,1598,78,78,78,64,64,64,64,64,64,0,30
LIRCMOP6_BC,1,ref_tau,432,56,1,0.2,56,0,0.0287905034298668,0.0976314430025174,56,30,3,0.0137829190253507,22.8571428571429,0.141423660668642,0.261665711226834,0.157477955344583,0.606041259881441,0.839285714285714,0.368319971528792,0.855401892421937,random,30,0,30,0,0.535714285714286,0.00696508635607357,0.00845732286584658,0,0.00852707412559241,NaN,1,0.0653213545206003,0,0.00769066075652976,0.00886336168643669,0.00886336168643669,NaN,0,400,64,528,528,357,171,204,51,88,50,4456,1800,88,88,88,56,56,56,56,56,56,0,30
LIRCMOP6_BC,1,ref_tau,433,51,1,0.19,51,0,0.0131869544253834,0.0488514730776698,51,30,3,0.0125523012552301,25.0980392156863,0.125114095341292,0.288580505746776,0.114143593094227,0.575908323485879,0.823529411764706,0.409492922244013,0.98608313148665,random,30,0,30,0,0.588235294117647,0.00737036575053043,0.00853735883685409,0,0.0088770746623435,NaN,1,0.0715962703497521,0,0.00771959939860779,0.00894845164537215,0.00894845164537215,NaN,0,400,56,512,512,344,168,217,51,93,50,3853,1340,70,70,70,51,51,51,51,51,51,0,30
LIRCMOP6_BC,1,ref_tau,434,63,1,0.22,63,0,0.0322682422554138,0.103073025036482,63,30,3,0.0155057839035196,20.3174603174603,0.137945909659481,0.220425143063643,0.164873989774691,0.424424968463868,0.904761904761905,0.365345785798161,0.718661203167391,random,30,0,30,0,0.476190476190476,0.0064528798245562,0.00666872382658243,0,0.00703706692486081,NaN,0.833333333333333,0.10868480104694,0,0.00663146413049651,0.00720186861933815,0.00720186861933815,NaN,0,400,51,502,502,334,168,223,51,94,50,4227,1785,76,76,76,64,63,63,63,63,63,0,30
LIRCMOP6_BC,1,ref_tau,435,51,1,0.17,51,0,0.022055632493527,0.0691393435163672,51,30,3,0.0125523012552301,25.0980392156863,0.133251713353331,0.253716238303529,0.126458328127771,0.18923791459127,0.882352941176471,0.343013667246744,0.798647764766856,random,30,0,30,0,0.588235294117647,0.0050453261579441,0.00637965152886904,0,0.00638811212358921,NaN,0.833333333333333,0.0355805492357875,0,0.00526505689445747,0.00640229378352708,0.00640229378352708,NaN,0,400,63,526,526,334,192,226,51,92,50,4824,2040,78,78,78,51,51,51,51,51,51,0,30
LIRCMOP6_BC,1,ref_tau,436,50,1,0.18,50,0,0.0181746796479062,0.0697551955533178,50,30,3,0.012306177701206,25.6,0.121593548167834,0.285359085864218,0.154656179480432,0.45636954626453,0.94,0.325701655164065,0.931563573870815,random,30,0,30,0,0.6,0.00506692921063328,0.00551774723859274,0,0.00660102300726219,NaN,1,0.0637819973777207,0,0.00554690460209673,0.0067214341113386,0.0067214341113386,NaN,0,400,51,502,502,330,172,206,50,94,49,3801,1576,69,69,69,56,50,50,50,50,50,0,30
LIRCMOP6_BC,1,ref_tau,437,46,1,0.17,46,0,0.0182935277141121,0.0789006850893583,46,30,3,0.0113216834851095,27.8260869565217,0.133251713353331,0.242583757841421,0.160094102926221,0.641377250627728,0.934782608695652,0.353255913440403,0.937936421646779,random,30,0,30,0,0.652173913043478,0.00522368320803338,0.00642508815215592,0,0.00726047095939012,NaN,1,0.0426829333841425,0,0.00528659389381439,0.0072621965233303,0.0072621965233303,NaN,0,400,50,500,500,325,175,203,53,100,53,3844,1479,67,67,67,46,46,46,46,46,46,0,30
LIRCMOP6_BC,1,ref_tau,438,51,1,0.19,51,0,0.0215434555030953,0.0741854259738894,51,30,3,0.0125523012552301,25.0980392156863,0.130698265973462,0.205858599532216,0.243517632817563,0.805427907717984,0.823529411764706,0.362585340316806,0.805626462631739,random,30,0,30,0,0.588235294117647,0.00468442697050982,0.00617976268416384,0,0.00858850594621588,NaN,0.966666666666667,0.05847584301424,0,0.00506843308418628,0.00881703067038771,0.00881703067038771,NaN,0,400,46,492,492,327,165,213,52,88,51,3666,1402,98,98,98,60,51,51,51,51,51,0,30
LIRCMOP6_BC,1,ref_tau,439,54,1,0.2,54,0,0.0227385753951542,0.0794196806674452,54,30,3,0.0132906719173025,23.7037037037037,0.135401992759921,0.301769466056554,0.1194705706053,0.597390339882759,0.722222222222222,0.358102572340291,0.842236125489253,random,30,0,30,0,0.555555555555556,0.00669884007023561,0.00854657458595864,0,0.0117443972338531,NaN,1,0.229050283171868,0,0.00715145978797711,0.0117516412920735,0.0117516412920735,NaN,0,400,51,502,502,329,173,229,56,99,56,4547,1336,80,80,80,57,54,54,54,54,54,0,30
LIRCMOP6_BC,1,ref_tau,440,60,1,0.21,60,0,0.0215216738933872,0.0834038048807877,60,30,3,0.0147674132414472,21.3333333333333,0.141941278240711,0.25851085368272,0.11075177735508,0.406362759240895,0.75,0.330843937655041,0.70049651689041,random,30,0,30,0,0.5,0.0073034466653543,0.00911547408666957,0,0.00964726946469218,NaN,0.966666666666667,0.228154651694087,0,0.00800267855333603,0.00965940756997139,0.00965940756997139,NaN,0,400,54,508,508,335,173,233,58,93,56,5294,1224,80,80,80,61,60,60,60,60,60,0,30
