problem,run,target_FE,actual_FE,gen,pair_index,pair_side,archive_role,intended_feasible,ref,score,obj1,obj2,dec1,dec2,dec3,dec4,dec5,dec6,dec7,dec8,dec9,dec10,dec11,dec12,dec13,dec14,dec15,dec16,dec17,dec18,dec19,dec20,dec21,dec22,dec23,dec24,dec25,dec26,dec27,dec28,dec29,dec30
"LIRCMOP6_BC",1,80000,80100,393,1,"constrained_population","constrained_population",1,NaN,NaN,0.70569999999999999,1.7057,0,1,0,1,0,1,0,1,0,1,0,1,0,1,0,1,0,1,0,1,0,1,0,1,0,1,0,1,0,1
"LIRCMOP6_BC",1,80000,80100,393,2,"constrained_population","constrained_population",1,NaN,NaN,0.83223987568784974,1.7041305417513619,0.065076223985653325,0.997884171559271,0.018660663831182121,0.98983033557208644,0.010704620904759793,0.99177348336575022,0.026303395859994749,0.99909246261949924,0.052440174477339618,0.99856299348405175,0.02661784232317041,1,0.049064779727719526,0.99780048831372259,0.052890324870218636,1,0.065935665125348097,1,0.081559169845275198,1,0.084087186205352216,1,0.089225874046903242,1,0.11128516167903774,1,0.13162481388799169,1,0.14881729232624241,1
"LIRCMOP6_BC",1,80000,80100,393,3,"constrained_population","constrained_population",1,NaN,NaN,0.90604990234824856,1.6931351103436048,0.13775753364419338,0.99714257841847576,0.011848941555234638,0.99733137125376115,0.031188987096278452,0.99112478083376132,0.051338979548196113,0.99853697047281553,0.080353385665512145,1,0.088824390506319795,1,0.10139335303331652,1,0.11203828816919287,0.98342824197589129,0.1368382856150728,1,0.15911485300828263,0.98757536148358294,0.15861107434806879,0.9969913894753113,0.18401675645102653,0.98497908183168814,0.20552287224383084,0.99575991330393454,0.23287116153025114,0.98621795085502506,0.25628060947461262,0.98255634837150674
"LIRCMOP6_BC",1,80000,80100,393,4,"constrained_population","constrained_population",1,NaN,NaN,1.7954831623105887,0.71287457072912341,1,0.99473851266426849,0.16731526371932012,0.98909392479198399,0.26923287379078809,0.94497202330464503,0.36454063606702442,0.90045629133576321,0.46571876962039677,0.87546798506717838,0.57527285938411543,0.81480120894729802,0.63680809478919764,0.74655774348367032,0.71090646656025314,0.65989775672476825,0.80133622902084656,0.58516949790916828,0.85979031935355621,0.49359636714635924,0.94851668486116791,0.4123815675791741,0.97824797850197465,0.31702334748310018,0.99879918783266797,0.20565665673598402,1,0.10909213312431046,0.99954121160358234,0
"LIRCMOP6_BC",1,80000,80100,393,5,"constrained_population","constrained_population",1,NaN,NaN,0.95768231758508948,1.6912743986371606,0.20166716539529383,0.98738303345369693,0.027985291704668014,0.98193188025967393,0.046669017615655686,0.99071390823453154,0.065460672442511678,0.99068047859635899,0.1216570489364477,1,0.11269267663425188,1,0.14421757278441347,1,0.16372965878901113,0.95577958749091652,0.18721945173431553,1,0.2208177028299651,0.97129628304444182,0.2220268224358028,0.98026241006089643,0.26489137667877327,0.95664838423029463,0.28540709713357409,0.97639690503525456,0.31369794241951604,0.96245391886904397,0.33754006599233666,0.93598888492025978
"LIRCMOP6_BC",1,80000,80100,393,6,"constrained_population","constrained_population",1,NaN,NaN,0.94378641873121516,1.6930402105319973,0.21308054036724136,0.99178879435591982,0.035518200240206174,0.9874048092274369,0.052421441256859637,0.98094588022615281,0.067490335338177748,0.9860606206425353,0.12129819855535409,0.98333081976343784,0.11411373534860378,0.98117997644166288,0.14093664592265065,0.98828443968106749,0.16162028973732961,0.97899797359724794,0.19939666530959288,0.98033762149406078,0.21815065243139464,0.96595315049798414,0.22097009732820153,0.95163147155287509,0.26329905165423734,0.94365798637312137,0.29062222740922716,0.93907111135304666,0.31870028240947557,0.9268612668761248,0.34463540523243613,0.91941372628293716
"LIRCMOP6_BC",1,80000,80100,393,7,"constrained_population","constrained_population",1,NaN,NaN,1.7649998687717599,0.71653751455053549,1,0.99379659270259613,0.1629394424529646,0.98173785931520929,0.26603277906712308,0.94040502780145208,0.36302697283515406,0.89427482457583785,0.46714960059513705,0.87753589924097031,0.57625971783444907,0.8143665861848165,0.62997858399316831,0.75391442638152106,0.70314117514617391,0.65799170334827761,0.78329241423919505,0.57890807380716613,0.8527743990259371,0.49612614871285982,0.93572955495206289,0.40800323610787537,0.96634302809995876,0.31412644851222693,1,0.19998614878403115,1,0.10439131839308985,1,0
"LIRCMOP6_BC",1,80000,80100,393,8,"constrained_population","constrained_population",1,NaN,NaN,0.95874358853353914,1.6789881011089773,0.20372761386514104,0.9868155872087504,0.025216106909648449,0.98702603414803436,0.052393832414375133,0.98349908454334622,0.060273029013142534,0.99081718331172164,0.1149749963181538,0.99536044484104913,0.10804147736486025,0.99297074661234652,0.13581213280896459,1,0.15940424449192203,0.99173818030691474,0.18914543189614341,0.98312680399383867,0.22343117715134636,0.97021267375816556,0.21651660460231859,0.97353368044925293,0.26491348562508954,0.96037467824041212,0.28407207028577819,0.98331241229667643,0.31525996641305354,0.95097072922798431,0.34622515210438126,0.9361390995853256
"LIRCMOP6_BC",1,80000,80100,393,9,"constrained_population","constrained_population",1,NaN,NaN,1.1289913693828726,1.5633190716896084,0.39912364743520706,0.9808068558626446,0.057331547709768088,0.97689371119143442,0.092210005203069406,0.97670828141723409,0.11780037974529636,0.98872063446515002,0.20785714876632241,0.96838040949879223,0.21741192122627953,0.96350130320168748,0.27344029468860476,0.9646432230323575,0.30820113687456574,0.952598380886019,0.35817563814436865,0.9290515473052936,0.38629444768479171,0.91439429010668227,0.42757212395885358,0.88658550593390406,0.47452186626083231,0.87239281542690006,0.50089017707423378,0.87170137549600979,0.54143215968584057,0.84400390731909924,0.59368881704170073,0.80541349618774327
"LIRCMOP6_BC",1,80000,80100,393,10,"constrained_population","constrained_population",1,NaN,NaN,0.96528783242995342,1.6746896228948231,0.23648577466414999,0.99385448962294953,0.026522069557784675,0.99481228671964139,0.053959480889985312,0.9841219674251126,0.077508833199588456,0.99755704840721104,0.12345343558044949,0.98754275596773977,0.14118401280233361,0.9909650612875579,0.16600471398541217,0.99521262585451897,0.18427402721197017,0.98183763867344254,0.22231637882009936,0.97211951883907077,0.24185322543569593,0.95912436501470322,0.26138372510959418,0.95015293741181517,0.28883200124205605,0.94285129742999085,0.31326441221416068,0.9434121485343121,0.34673827016341341,0.9269929450800527,0.38435498499929466,0.89360928641559967
"LIRCMOP6_BC",1,80000,80100,393,11,"constrained_population","constrained_population",1,NaN,NaN,1.7570576177524435,0.72550688935078111,1,0.98876671843111508,0.17166717343990176,0.96784086521116386,0.26542019497624048,0.94517168841400889,0.36048689788573718,0.91041200416461909,0.45802420545687622,0.87075664100654526,0.56572159168209368,0.8225879584527771,0.63819356606133137,0.75160180163179358,0.71051051011474398,0.66663483302269344,0.78917140905053684,0.60562085938473875,0.85414951812007656,0.48403492486033184,0.93326999106338837,0.40500312178422326,0.9622105382414986,0.33346323606010259,1,0.18951071707612915,1,0.10513770607591807,1,0
"LIRCMOP6_BC",1,80000,80100,393,12,"constrained_population","constrained_population",1,NaN,NaN,1.7368524861438712,0.7317500279042517,0.99247186894899087,0.99831180835793321,0.18339996024444671,0.98711737486562878,0.25890157431572375,0.94921625721341085,0.36999391218513705,0.89371783896466628,0.43900539727432558,0.87518369544680175,0.56131461995090137,0.80126794621704978,0.62167507220878249,0.75654119618672089,0.68653141674669771,0.67334472656163669,0.78832628570806984,0.59411062474628829,0.82941545031590569,0.50758398217068879,0.90064664719743637,0.41195846359208754,0.96394264679452413,0.31926494045263126,0.97924635924859771,0.2127707973005577,1,0.11268762602052124,0.99487502076796341,0.028051000489673433
"LIRCMOP6_BC",1,80000,80100,393,13,"constrained_population","constrained_population",1,NaN,NaN,1.1541553307897876,1.5541053429902059,0.42648561696624349,0.9837824678860092,0.045812194034258506,0.97551314044845872,0.10051111234022581,0.96432309886956902,0.14232277491593207,0.98934258519565521,0.20379261098226417,0.97505106075283798,0.21859201884915191,0.9546575498980141,0.29667986676261815,0.95158149270788672,0.32552744546104972,0.93891768802431363,0.37718389828007537,0.90131725272963248,0.41286061022556869,0.88804046893188393,0.44953960750866773,0.87300492569115828,0.50161872489522885,0.8420889338411367,0.55050677137015502,0.8286001323252894,0.57206460966063966,0.80480254677045293,0.61316040182468656,0.76142678938281527
"LIRCMOP6_BC",1,80000,80100,393,14,"constrained_population","constrained_population",1,NaN,NaN,0.98428738119540193,1.6745742202544678,0.23152220828934311,0.99317839783461415,0.032401654599135576,1,0.054353173939632876,0.98674147697239412,0.066064854156208663,0.99383537579207992,0.12793875927602263,0.99012784692535427,0.13200005603845849,0.9936487370163245,0.16478897648034502,0.99914798695606433,0.18131964232530151,0.98458482513519385,0.22467918521807206,0.96212544656776189,0.24318084360634434,0.96814717293707664,0.26413355634619939,0.95430869976380173,0.28169059738212809,0.94286429083430767,0.31559996260240331,0.94222909093690699,0.35218129170756901,0.93009155256888509,0.38706458130243032,0.90156998679124312
"LIRCMOP6_BC",1,80000,80100,393,15,"constrained_population","constrained_population",1,NaN,NaN,1.725376863149308,0.73754576871385447,0.99196342174521113,0.98783472540854544,0.1706476176381943,0.97291670467042113,0.2562820378858609,0.93983406414081627,0.37208248683841949,0.90722789121948955,0.44184735885026938,0.87944198737913448,0.54657724061912827,0.80789819410656794,0.6281796201437535,0.75631910511435407,0.69333414595033482,0.67926019449172648,0.77937260800522101,0.59412080273340817,0.83137008274517099,0.50164401983543494,0.85315015738192679,0.41708623515211213,0.94945324229829642,0.34358166018604119,0.98066406656447391,0.20404826077237709,0.99760211807207189,0.12630222488542064,0.99190322525054953,0.021273544350481302
"LIRCMOP6_BC",1,80000,80100,393,16,"constrained_population","constrained_population",1,NaN,NaN,1.0425201029150972,1.6345964398569062,0.30148649801615413,0.99290998403385344,0.028273192543474664,0.9868389609141941,0.068667375565319211,0.98717791034624991,0.1037411407169154,0.99801081709746142,0.1443809356282526,0.98702399164102939,0.18919215159873448,0.9909650612875579,0.20966598620717045,0.99417048291716215,0.23831313662298667,0.98067693745389628,0.27248523714968709,0.96541724997541822,0.30565670848600868,0.94668509932448019,0.33008632281869565,0.94223912105281948,0.3678367270360044,0.91851618086320475,0.40055582452065708,0.92945088796811715,0.42770551422863567,0.90747572584095215,0.48549669746610147,0.86164249442889307
"LIRCMOP6_BC",1,80000,80100,393,17,"constrained_population","constrained_population",1,NaN,NaN,0.99541643394708901,1.6623314791317361,0.23995337555070911,0.99128445283165978,0.022332185840446668,0.9830474217064431,0.054707205691287022,0.97303337361916054,0.06894853224503944,0.99145451949957852,0.12841021092690641,0.99007088404861232,0.11264733906124096,0.97272106652139345,0.16904226191444188,0.98784721009693888,0.18451872504509392,0.98150619595007127,0.23296697464244992,0.97018908294071182,0.24506125629669007,0.96693745503081141,0.26190540944645863,0.96106632527298941,0.30669881962594381,0.94362097675767098,0.31586451966685525,0.95071720593783171,0.36754806249435656,0.93275215445918724,0.39024619211155065,0.92348980495790389
"LIRCMOP6_BC",1,80000,80100,393,18,"constrained_population","constrained_population",1,NaN,NaN,1.1027911994200825,1.5915263327609184,0.36450612076795363,0.98925743209680772,0.057383338512763137,0.99281104747813198,0.088131318373990311,0.96752323398397155,0.10746171636583242,0.97148514728410817,0.18622600791463781,0.97362526745691347,0.19382260128714615,0.96518849875500667,0.23714752415847917,0.97061204384026711,0.27318339129411162,0.95903573134645548,0.33991540344815346,0.92893777431880808,0.35878741702388001,0.93727933533386287,0.36633565265620344,0.90413862742825635,0.44040105868004104,0.88642555303643744,0.47455807748659679,0.8781666297603099,0.50291783158562264,0.84992968546905689,0.54404851494330586,0.83469378966336472
"LIRCMOP6_BC",1,80000,80100,393,19,"constrained_population","constrained_population",1,NaN,NaN,1.1579198312222352,1.5434580389918531,0.4416190558187012,0.98978086962442269,0.068473349710817352,0.9849435326191962,0.09749454205088913,0.96601059108198584,0.16679996807718503,0.98912441597067224,0.20187115418874413,0.96543151813848327,0.23963314052264253,0.95225037456827488,0.30700909436020418,0.95595634144938457,0.33779209334302873,0.93125483388684338,0.38332192216958083,0.89675097070943788,0.42521987936166672,0.88661721013065486,0.45628427666126536,0.85891552100456969,0.51233201288324803,0.82326335419692831,0.55663601823002384,0.82088722935504155,0.58038125216928016,0.78364922329392339,0.63409519491047051,0.74223661695329357
"LIRCMOP6_BC",1,80000,80100,393,20,"constrained_population","constrained_population",1,NaN,NaN,1.0860531289042497,1.6021455089195955,0.3462644127917518,0.98783092255373373,0.050303985924496523,0.98678966330370577,0.073459402718930839,0.97995476968998219,0.099503770474651143,0.97682914497078144,0.17241431938730817,0.98349135447214808,0.17388399382668857,0.96040620778577235,0.23586831681952955,0.96666226846371472,0.2637716650744204,0.96716539502090015,0.31424482040023538,0.93997004685142738,0.32796643856646651,0.93170176678744199,0.37369227352784962,0.91354606163544116,0.42682199883793126,0.90164475005113531,0.44106327249940058,0.91072284779422952,0.47859851921128876,0.88363296537490355,0.53154218587826674,0.84850794640064442
"LIRCMOP6_BC",1,80000,80100,393,21,"constrained_population","constrained_population",1,NaN,NaN,1.0584425052088977,1.6299426087729212,0.33096549872285519,0.98208360828322883,0.045478676827444213,0.98822947564595542,0.077128965342640188,0.97837915925910801,0.10949882653413387,0.99061880384110712,0.17448603294968842,0.98699824092852595,0.18760125150097298,0.98578345932528111,0.22894706015151248,0.98748722089804508,0.26110918379192416,0.93331953419175906,0.30046746722130474,0.96479036991856304,0.34010988958718824,0.9295654070079078,0.35183580276363113,0.92556827311608147,0.40661960377294254,0.8928375248611593,0.43436770284151949,0.90389614171759658,0.46308722214002268,0.88149175448031825,0.50154944406666269,0.84002290091583132
"LIRCMOP6_BC",1,80000,80100,393,22,"constrained_population","constrained_population",1,NaN,NaN,1.0083116794885405,1.6549446052025443,0.25165599269916344,0.99231730046517463,0.017834120499235918,0.98675116045254541,0.055476225507849863,0.97462141721864048,0.073957781175744794,0.99720273338191645,0.12948782943945411,0.99217685215076323,0.12618247778810587,0.97761360894434102,0.18157629594582264,0.99131130318366467,0.1958455937824142,0.98292602848816857,0.24442683139770316,0.96608003161321676,0.25691254279884068,0.96352306228917095,0.28211222333715497,0.96032705820245945,0.31946529441985316,0.94321763228610567,0.32718561206932201,0.95288772452846437,0.38156705637132549,0.93281799356115114,0.41010598199497994,0.91058758502423509
"LIRCMOP6_BC",1,80000,80100,393,23,"constrained_population","constrained_population",1,NaN,NaN,1.0763160933354072,1.6188625652555024,0.33113394194819129,0.99754238417408825,0.055687131679414484,0.9930974539961217,0.073970755104041552,0.96287796204765419,0.099440403763105256,0.97809819171955181,0.16114774659355138,0.97830779166721293,0.16955886626910899,0.96702810329212707,0.21899471756564476,0.97811596112019883,0.24774878343658646,0.96900897047143864,0.31042581220919951,0.93121516151613337,0.32593565031189586,0.95213442830850514,0.33429931863426915,0.92249699854683964,0.40708741894701483,0.9042400427137961,0.44455059670582747,0.90107222389472619,0.46547437365465438,0.87370053994723318,0.50887350669084053,0.86542290604744809
"LIRCMOP6_BC",1,80000,80100,393,24,"constrained_population","constrained_population",1,NaN,NaN,1.1762286269644739,1.5320228123918307,0.45006099683312467,0.98062940341557936,0.062346255580635362,0.99294153631041271,0.097423824986936663,0.97457642188562343,0.16482948059321384,0.99973402530740962,0.21738026858468842,0.9629211987586217,0.25572992174882703,0.9613647849499275,0.3120870942415761,0.94698935418982155,0.34349041729090957,0.93397376587889491,0.38395981517100947,0.90034124390327308,0.43994323218902287,0.87732262847374531,0.47875637145640032,0.86547791850188016,0.50968164791945081,0.82509146324659544,0.56760837268603903,0.83830700883350351,0.59457493516043947,0.78300671641205355,0.66497277597555948,0.73295018157329117
"LIRCMOP6_BC",1,80000,80100,393,25,"constrained_population","constrained_population",1,NaN,NaN,1.7170432957378554,0.76038808669465197,0.97730169082089602,0.98741942153356799,0.16291581040677444,0.96751440064602467,0.25939348783993327,0.95087387608771268,0.36098477674887569,0.9197254876335863,0.45233154949719601,0.86600722395000473,0.56560901948724429,0.81940162038146314,0.61832164923761446,0.7498386653879372,0.68354208084157919,0.67891229107274464,0.76290990313048845,0.60864765377345542,0.82416195579281082,0.50600526813785118,0.90637268427075202,0.43095680163626066,0.9524977152087426,0.35304366064942233,0.97150396276754103,0.24258187998553979,0.99323650642952033,0.1453109450706303,0.98823193289046696,0.046225505202730666
"LIRCMOP6_BC",1,80000,80100,393,26,"constrained_population","constrained_population",1,NaN,NaN,1.191026840368131,1.4999184659193601,0.47438109028523956,0.98089009785076864,0.065359036412120486,0.98219442987164651,0.11996652841022726,0.97530440487081738,0.15792691916310986,0.9789097010754968,0.231712070089102,0.96046403858999174,0.27547535334371387,0.95729742573471455,0.31355816568485045,0.92903499951141499,0.36368376499324867,0.92265345514487784,0.41197660502207223,0.89864636778458973,0.46386306491736318,0.86761771499555462,0.48000677510471856,0.85018055291985095,0.55355126229021034,0.81005773151648153,0.58252227049862659,0.80693856172595635,0.61619578512284212,0.76067227706942964,0.66203627992918879,0.71340663977155483
"LIRCMOP6_BC",1,80000,80100,393,27,"constrained_population","constrained_population",1,NaN,NaN,1.7049095497976476,0.76217698716921423,0.97652552772038237,0.99096778390481932,0.16262482848469295,0.98622558663010951,0.25544358162016523,0.94941186674284106,0.35325845154064051,0.90132271951912002,0.457249011391553,0.8759051619356395,0.55482383697442206,0.81902899431067699,0.61404840122464799,0.76082609476651974,0.68213941788655386,0.66816893253436049,0.76543792962034196,0.59277472062088399,0.82793883968557425,0.52606671374380931,0.90898918861026168,0.43218467738948452,0.93924140080531282,0.34330628288755599,0.96249607408577353,0.23215479678658829,0.99471607640081594,0.14451349410526929,1,0.044726303270341189
"LIRCMOP6_BC",1,80000,80100,393,28,"constrained_population","constrained_population",1,NaN,NaN,1.0273886386729978,1.6456385140750185,0.28445033674279124,0.98928363381726814,0.040606391125771787,0.98452562913856845,0.068102273386913159,0.97248320621861628,0.080897619214306382,0.98421327738941411,0.14211634554634112,0.98413898169002512,0.15778345970771532,0.97359141507553371,0.18529666356101127,0.99049469027448866,0.21414070198728113,0.98573389436839665,0.25857403380809207,0.94994221290480541,0.27993780364506382,0.9500067604176281,0.29949252321447173,0.94361324614015618,0.35922161935417962,0.92429978727163209,0.38179827884730028,0.93965849971524096,0.40918183478207981,0.90859265920360244,0.45870675239245096,0.89415740159644042
"LIRCMOP6_BC",1,80000,80100,393,29,"constrained_population","constrained_population",1,NaN,NaN,1.2061947246111995,1.4972294188645454,0.47581763652409048,0.98012496387605075,0.075379205629682255,1,0.10670114336020602,0.98055871899809399,0.19246786793782014,0.97083978928334935,0.21966939265121063,0.96928943855736938,0.25864619254098231,0.95676505358348851,0.32251017449603386,0.93263254046655575,0.3643023912489507,0.92774916584842448,0.42836560183953953,0.89255681488648864,0.46412944412442059,0.88581792861352104,0.49000152642423433,0.84249265776619553,0.55514199477922033,0.81050709488748096,0.60285351972530732,0.78108427094057464,0.63405997763147093,0.76573660041491542,0.68357486860814198,0.71342154125657209
"LIRCMOP6_BC",1,80000,80100,393,30,"constrained_population","constrained_population",1,NaN,NaN,1.6967293955059777,0.77297607899659149,0.96972057842679094,0.99406371336831267,0.15440076993832114,0.97629698219411121,0.25386553694123931,0.95132876405101596,0.34896119657174612,0.90892197586489276,0.44653536083404149,0.87699250625406955,0.55416213256058089,0.8198018324237395,0.61139046319187673,0.76165063646348574,0.67414360518246275,0.68591778551744031,0.75763156007190813,0.60315919238923943,0.81499187376029869,0.51346460366556868,0.89575699886754734,0.43709758989221364,0.94082074434441254,0.35777389655725883,0.97123344373474896,0.24710171139298306,0.98707389689006897,0.158081125776591,0.99042882437544622,0.058591442169189864
"LIRCMOP6_BC",1,80000,80100,393,31,"constrained_population","constrained_population",1,NaN,NaN,1.3981505566110524,1.2475287837295446,0.68369433432648319,0.98520251403340275,0.10950388999660618,0.99801059987093788,0.1615849228078069,0.97359555551755694,0.24357709770452093,0.95599238140188381,0.31308964936021078,0.95340069345137635,0.37116550701828538,0.91335318631689832,0.45598256419143979,0.86926770991293645,0.50342802727362823,0.84658200939972494,0.57572325705517402,0.80138973856548124,0.62451439596231195,0.75395247632564322,0.69100352802967291,0.70707673853043773,0.72976240136904025,0.64635071973171909,0.78757737954723317,0.59510691279511296,0.82431429765071607,0.55146034284776269,0.87251448088693007,0.46891599448206511
"LIRCMOP6_BC",1,80000,80100,393,32,"constrained_population","constrained_population",1,NaN,NaN,1.4271743573458062,1.2070966747649627,0.71607089623066722,0.97941222102980607,0.11323032219443345,0.9965354953827108,0.17664902874658875,0.95733317182103295,0.25869943955416685,0.94453780072537152,0.32857872163335622,0.92050362969439958,0.40636253786482462,0.89665373095240519,0.46819159203678273,0.86466181265402253,0.52477704264310843,0.83299873526467383,0.59971024559961705,0.78195921167606197,0.64965761200208416,0.72524263878978579,0.70703788864971784,0.66793546033674578,0.7597760368783556,0.61141238776789986,0.80331124535357379,0.55285624708869885,0.83176954515393065,0.50364153209791229,0.88045787359211114,0.42291008095209354
"LIRCMOP6_BC",1,80000,80100,393,33,"constrained_population","constrained_population",1,NaN,NaN,1.4155471363153549,1.217793890637255,0.70564203341120513,0.98342854086451137,0.11117847484742975,0.99413680060407317,0.17567566322927086,0.97474635112616159,0.24915790645505667,0.95342584950346376,0.3199769492993253,0.92579927562812037,0.4023132312744811,0.90345456873179397,0.46280990007039469,0.87873189750137193,0.52170635290161049,0.8350508820636855,0.59378613918749423,0.77973540860708312,0.64422198797186936,0.733162874815105,0.70009307545420796,0.68774214819715962,0.76055919739704714,0.6183616272315986,0.80484720595342496,0.55895437616368882,0.8358720157515318,0.51786220272527217,0.87981805148779624,0.43616616625484406
"LIRCMOP6_BC",1,80000,80100,393,34,"constrained_population","constrained_population",1,NaN,NaN,1.4102033514857104,1.2360781205308928,0.69798406416024328,0.97333068287157842,0.10937660152020115,0.99630543379442282,0.16699219140287014,0.96527859458097831,0.24834118295702406,0.95780893167048842,0.31332555093538539,0.92540588176979199,0.38545310229049023,0.90892966065580216,0.46217195892462742,0.86753754327484611,0.51254225559441102,0.85267196765505315,0.58670133879876318,0.79675211225129361,0.63782110437077133,0.73534109071497944,0.69442689626541876,0.68659975521713423,0.74432010707633167,0.64389756316521907,0.79865072920036795,0.57797381409917836,0.83586785151067944,0.5394035456370978,0.88286912511133275,0.45578971139660901
"LIRCMOP6_BC",1,80000,80100,393,35,"constrained_population","constrained_population",1,NaN,NaN,1.2182378285787159,1.4827230533307345,0.49702644610929197,0.98554171020143011,0.064447555423821079,0.98709836222745984,0.11319463919629627,0.98844389742675398,0.17205004774671814,0.98054244219453901,0.23010296066530339,0.96840033215571264,0.2791028490307097,0.94643962820397309,0.34361141520373661,0.93804909350802201,0.37822469442410428,0.92152382432586499,0.42711212502016904,0.88558824798277147,0.46602574125497975,0.84800002714135603,0.53740851445157745,0.83040373779427701,0.56819356253352482,0.79505102642897496,0.59568264186088538,0.78707623746921207,0.64222282423168786,0.755246224819904,0.70317654706963273,0.67650534306936894
"LIRCMOP6_BC",1,80000,80100,393,36,"constrained_population","constrained_population",1,NaN,NaN,1.6853646914989588,0.79731732795197352,0.95882719969474395,0.99503565973574237,0.15221860217282696,0.98684277033282797,0.25071986500239973,0.95143131767600098,0.33994711118608989,0.89965515931654605,0.4345675396228918,0.88427574038118451,0.54690459137272351,0.82307639418400147,0.60327651237875668,0.76423306492016807,0.67032460005169703,0.69878705325450474,0.76034563176558589,0.6039845876771307,0.80993847089204474,0.52697517346343825,0.89318502716345494,0.4531279682646121,0.93502901891584567,0.36500982473831067,0.96650474184212443,0.26373830343361448,0.9814310383567878,0.17085188999371564,0.98813670403684661,0.074616004786571072
"LIRCMOP6_BC",1,80000,80100,393,37,"constrained_population","constrained_population",1,NaN,NaN,1.6794365950861492,0.8056475484066915,0.95409515532340772,0.99479824200445255,0.15646546811278678,0.98810296571221712,0.24522438383228864,0.94723650412248261,0.339206734469506,0.90425001911347169,0.444242677163458,0.88753725432283692,0.54409926933251784,0.8232180267711795,0.60578225911656458,0.7696536924614803,0.6640822604523815,0.69162019101035743,0.75100047796824654,0.6284147129021922,0.80395382408125293,0.53490049345245827,0.89150012124826983,0.45829787775844394,0.92463777438757777,0.37173811558157799,0.96199261857201979,0.26884210355029908,0.97955598218472639,0.18290398992054346,0.98986392729887562,0.084525939919246382
"LIRCMOP6_BC",1,80000,80100,393,38,"constrained_population","constrained_population",1,NaN,NaN,1.6957830692245961,0.78998196994622771,0.96580320070034464,0.98438711549760227,0.16047653003585402,0.96225772724934666,0.25798194013474229,0.95151773749985158,0.36248606306656828,0.92011821644720837,0.44081234467493768,0.85916599300554031,0.55626276975826006,0.81774529093386927,0.61632551803128477,0.7541992267155152,0.67778092447542182,0.68190738652846483,0.7518957743350394,0.62661375959699361,0.81813153077159939,0.51398565965646748,0.89491616733030888,0.43872658370874473,0.93487610748041328,0.36777742817250852,0.96415782800936223,0.26132243079259299,0.98768196619308646,0.15247884147807256,0.98353336475965669,0.061789702926596357
"LIRCMOP6_BC",1,80000,80100,393,39,"constrained_population","constrained_population",1,NaN,NaN,1.2200063440295295,1.4650067280432126,0.50836341345822589,0.97321096546986174,0.071865763377514658,0.98437071958321676,0.12581566859078663,0.97530113495462056,0.18284259328263935,0.97589832709978497,0.25202767683091698,0.95606646971788423,0.28816061055871689,0.94857116549403397,0.34331470754587301,0.94094850688952114,0.38866130905807905,0.91130835563687707,0.44230110464748879,0.8921961963147873,0.490923412785635,0.85690702418137032,0.52035694470513394,0.8221987787674031,0.57895929234930044,0.78763437484221099,0.61665097979156247,0.77507604108620887,0.65526816803121668,0.73610751433757082,0.70444521141540117,0.68077838418512693
"LIRCMOP6_BC",1,80000,80100,393,40,"constrained_population","constrained_population",1,NaN,NaN,1.3865587908217165,1.263818784018234,0.67502201166956466,0.97401730893249716,0.10039961814350762,0.99410499707032751,0.17047157018160547,0.97093153116050401,0.23878650347838115,0.95186543742315766,0.31765027671409146,0.94323306903201765,0.36665821314862962,0.91014150059810062,0.44537765092746012,0.87203171702813287,0.49462041435082638,0.8574068366605605,0.57690958406269088,0.79905576564642222,0.62316983316617836,0.7556133454200199,0.6783581846333584,0.70352289042595106,0.72547201775543846,0.65146320747022157,0.77457084160087009,0.60655586394222782,0.81761953534290133,0.56058796414019596,0.86088573280695047,0.48045426675373848
"LIRCMOP6_BC",1,80000,80100,393,41,"constrained_population","constrained_population",1,NaN,NaN,1.6757166258543106,0.82109159751684335,0.94805266583618575,0.99423676559359708,0.14164981904580137,0.97275076582414122,0.24707086747733684,0.94571308845463764,0.35355218754849571,0.91172908512278505,0.42984834372573805,0.88439735654889584,0.54956775588904261,0.82994602273658891,0.59445892339587225,0.77995238616932916,0.66705080054578314,0.69693591501270702,0.74291993058072148,0.64125560594768372,0.80609269219083468,0.53898885024827092,0.8833827968147574,0.46446631935086735,0.92666845707725021,0.38663558052643449,0.9556760606010779,0.29004649467627414,0.96638120232156965,0.19359260375684334,0.98549809200521366,0.088127139785108222
"LIRCMOP6_BC",1,80000,80100,393,42,"constrained_population","constrained_population",1,NaN,NaN,1.3757103136762514,1.2737269305204824,0.66472727599833159,0.98062732418531562,0.10464924859883039,0.99729121096161943,0.15942645885513107,0.9754527351602581,0.24003821562418884,0.95300149666964717,0.30719083957122162,0.94527745432504262,0.36779324970546223,0.91276954932871535,0.44276184015528275,0.87780709238686228,0.49142824117220535,0.85473573358988375,0.56197360636346549,0.81027194380972289,0.60976404522886885,0.7670420653507084,0.6692929643642378,0.71524764361948978,0.71498687881462786,0.66065291100572598,0.7702190425476777,0.60749119339611157,0.80979546796577284,0.57394201126883038,0.85804029592466025,0.49369394139905487
"LIRCMOP6_BC",1,80000,80100,393,43,"constrained_population","constrained_population",1,NaN,NaN,1.229795159326923,1.4583243230295648,0.51032739213214318,0.98250386679128277,0.076754120492420447,0.98520195662783872,0.11896130566487625,0.97700216806980134,0.16846043020143117,0.97314042866054107,0.24569818058980827,0.95919654985558112,0.27233008111825097,0.93830223540418434,0.34529848532912466,0.93453942102414489,0.3924057282230376,0.91616449166625369,0.4482673805565166,0.87726784782996903,0.47898558149512976,0.85467851484672996,0.53803425219936896,0.81991912517288856,0.58823460958022378,0.79345298897756722,0.61031544591387887,0.77859458279584737,0.65310706327202117,0.74129886522225408,0.7041873361888753,0.68370830099898661
"LIRCMOP6_BC",1,80000,80100,393,44,"constrained_population","constrained_population",1,NaN,NaN,1.4337457557433477,1.2007114921136968,0.72095074145894822,0.98129525489629044,0.11310616284005363,1,0.17967672865146883,0.96420080640885875,0.25619496187397484,0.94852493901917823,0.32867874195612301,0.91928147602369437,0.40761243498489952,0.89759977555375514,0.47672308438963074,0.86222595428968629,0.52850052804993042,0.82936510501892169,0.6077804095647501,0.77894976458302301,0.65655881770803459,0.71368424620622817,0.7078803541822587,0.66676377824967936,0.76581126115426601,0.60386212606862011,0.80121078357835862,0.54153649948583726,0.83458161120210017,0.49602285332689366,0.88522724728025892,0.41283263612359378
"LIRCMOP6_BC",1,80000,80100,393,45,"constrained_population","constrained_population",1,NaN,NaN,1.3735782850984362,1.2974176929048142,0.65881000182988503,0.98640976274423386,0.1040788179271511,0.98070847446872422,0.1645398560926547,0.96752185662438084,0.22849464411190251,0.96362139468762087,0.31186332893531704,0.93925359524898333,0.37122910303313422,0.91823628021226078,0.43030447056166954,0.88664484140610511,0.48521649503563541,0.85501991861060578,0.55791137213704356,0.78932108490948827,0.60565734178660913,0.75750116896236352,0.66247093259508372,0.71115617135300191,0.70549005807263288,0.65922211575331313,0.75336952834420623,0.60234509148030102,0.78733517308026668,0.56194451611110752,0.82584956744437943,0.49031177608519971
"LIRCMOP6_BC",1,80000,80100,393,46,"constrained_population","constrained_population",1,NaN,NaN,1.2420979724497929,1.456068718565541,0.52401051857791692,0.97958777186137058,0.071475012417772266,0.98917926666402778,0.13487935357663067,0.97498551842355186,0.1717002843106735,0.9679838767537039,0.24874338372914664,0.95897858591308349,0.29588917184051561,0.94469803097824356,0.34268469298030219,0.94385435778613469,0.39381225850761797,0.90926362133875749,0.45307066892721648,0.87299450829738023,0.50476258621464343,0.83679411116571811,0.52451954922674648,0.81740475454783268,0.60058014730016152,0.76955549185621142,0.63085309242297183,0.76278960037852084,0.66738356734482362,0.7099018305906204,0.71172553168515817,0.65422218271274768
"LIRCMOP6_BC",1,80000,80100,393,47,"constrained_population","constrained_population",1,NaN,NaN,1.4417474608000176,1.1794611822760186,0.7326984491040367,0.98350580814888766,0.11791948141952645,0.99132558062455622,0.18366165515189115,0.97273331860521839,0.26371742774988116,0.9489471436135315,0.33154078829844813,0.92337906005208892,0.41658424882288492,0.89491221172093671,0.47839577998708438,0.86455120211463954,0.5385600347549464,0.81975993538215142,0.61098362514310678,0.76491790546686445,0.66292775749090238,0.71193773274297767,0.72094146765992795,0.66059946041445838,0.77587557114172911,0.5930846327292546,0.82202939080437309,0.52248335857727535,0.85207190702304403,0.47894454820036014,0.8916395153668224,0.39610022001195466
"LIRCMOP6_BC",1,80000,80100,393,48,"constrained_population","constrained_population",1,NaN,NaN,1.2494597870149571,1.4388125550528061,0.52853625748519173,0.9837154342329073,0.079002628408465309,0.99008440550942878,0.12292661060063181,0.97861655924561475,0.17391033557117666,0.96727960728786244,0.25102549680849601,0.96170097006365463,0.28141807387491552,0.93355134693769748,0.35735218417939096,0.9262698739695745,0.39565982175966674,0.91070322127214454,0.4608272081694022,0.86734851015446646,0.49259109552391545,0.84329714514604737,0.55553317937033131,0.8113534909819955,0.6044757283555432,0.77900571251559136,0.6326837683438552,0.76143410836530845,0.67982898291018135,0.72647320463395637,0.73245245580823493,0.66303099068660476
"LIRCMOP6_BC",1,80000,80100,393,49,"constrained_population","constrained_population",1,NaN,NaN,1.4400705452789708,1.1904140150155114,0.72616476784359452,0.9878257949559226,0.12026154803368247,0.97641718402967037,0.18420753116873154,0.97162827192842671,0.26000446622820406,0.96005033636404857,0.34174439512270077,0.93386937145649895,0.41633991387910657,0.91009553618191141,0.47715331984222464,0.861253450430568,0.53858832690312564,0.82469540545045172,0.61728212843709551,0.7715696980147595,0.6620090402069525,0.71469085258131559,0.72831281565320372,0.66371858549062246,0.76673016608931643,0.60821031686719151,0.81194082625014652,0.53244716672751702,0.84118516174902125,0.4878737399167043,0.88834441230831163,0.40092901416586091
"LIRCMOP6_BC",1,80000,80100,393,50,"constrained_population","constrained_population",1,NaN,NaN,1.2968895408243917,1.3924055169018366,0.58069135039046649,0.98987221815431659,0.089817546975382689,0.98264780409830021,0.14133147418715081,0.9686526010931743,0.19314627595267003,0.9714663127540617,0.28006780597077341,0.94069855829760618,0.32607387569516699,0.93301446018121115,0.38069702359260266,0.91745317986787678,0.42058884429130916,0.88965558251940258,0.49088297547322313,0.82656137788076645,0.54454310755988855,0.80995263593700395,0.59217864147363952,0.77451084164066286,0.6441213054696604,0.72632551848102178,0.69442642796395093,0.68873349509698722,0.73796037193400532,0.65899819036232865,0.77495940918555073,0.59788459901391544
"LIRCMOP6_BC",1,80000,80100,393,51,"constrained_population","constrained_population",1,NaN,NaN,1.6678294079180067,0.83084719068180113,0.94634006346536459,0.99125086847702037,0.14382577390609219,0.96212423603373121,0.24516452807006303,0.94581292100931957,0.35152531845785207,0.91670694153721299,0.42600106164397777,0.88204168451857923,0.54479212203803173,0.83383939748932845,0.59515165903193912,0.78247441524339079,0.66685282232302856,0.70030445316166956,0.73683752059556662,0.6514812866854689,0.80327229157409485,0.53420812910525717,0.87575944991586763,0.46077709645339193,0.91864973694701213,0.39485552481493569,0.95627646668474386,0.28197352484634669,0.96638120232156965,0.19161539023264715,0.98572748620342243,0.088127139785108222
"LIRCMOP6_BC",1,80000,80100,393,52,"constrained_population","constrained_population",1,NaN,NaN,1.360600762391559,1.3030333880928744,0.64742385276306258,0.98431527421452725,0.10262538577649495,1,0.15131542612687962,0.97767982664997521,0.24064405704909408,0.95510489780246166,0.29547477229668884,0.95383635874922068,0.35964589631669158,0.91501201804770216,0.43456213965215151,0.87510605608493042,0.48157205974509498,0.86273481069030944,0.55022948775784897,0.80702208758919325,0.59213578040742376,0.77566449738219512,0.65863681267209007,0.72891232718597787,0.69737726698381186,0.67026206818238743,0.75237415600317048,0.62676744692003994,0.79141014877061111,0.59303519563493357,0.84259162434151436,0.5097069606121285
"LIRCMOP6_BC",1,80000,80100,393,53,"constrained_population","constrained_population",1,NaN,NaN,1.3106011783610167,1.3769629439450406,0.59576499239687841,0.97255220661892738,0.087017843472168843,0.97663288520110969,0.14627300989714706,0.96634381114202239,0.20661565343149163,0.97130201411899098,0.27916245358873831,0.92803387350125388,0.32678811460840163,0.92690762504259416,0.39231931923909419,0.91845310693113502,0.43687921240007577,0.88472649188741559,0.50375527744968873,0.85768341318983021,0.5629768157136581,0.80138032920563418,0.59989722091202147,0.76388709306635916,0.64092596257684442,0.72710739887084663,0.70195195040367242,0.70238736957938275,0.74642657035671389,0.63511433325802624,0.78746788927309419,0.58347337463690718
"LIRCMOP6_BC",1,80000,80100,393,54,"constrained_population","constrained_population",1,NaN,NaN,1.6282182847701669,0.89903151239325052,0.90988437127379307,0.98005125184268849,0.15222676297192464,0.98082133738125399,0.23898421876725712,0.95163241814618904,0.32024819412978933,0.92573531362599026,0.42541012988247678,0.90018574607810553,0.50619009159827832,0.84243437862226433,0.5801206338055428,0.79607159077036482,0.64152688210894337,0.71601541200792496,0.73694734282655727,0.68032580684115251,0.78307910849003659,0.56178796159298827,0.85470481595552861,0.49488642512104219,0.89523424149749387,0.42880803417191116,0.93453748401584258,0.32515453349970935,0.95829252631630268,0.25222603584990111,0.9627423327486645,0.14105860402917927
"LIRCMOP6_BC",1,80000,80100,393,55,"constrained_population","constrained_population",1,NaN,NaN,1.6517330207999303,0.83850105948224818,0.93546744667791293,0.9934787671763684,0.15151441301508559,0.97765680891414819,0.23474433710422193,0.95005157047867039,0.34703528297816,0.91819166422375964,0.42293924147123474,0.89381176967437181,0.52562607178678189,0.83498567403884039,0.59122619159593981,0.78747331834990897,0.66952815864270998,0.69783040195991597,0.73411579477867572,0.63352686134472735,0.78823186018502278,0.55261888963757588,0.85299047408017115,0.47424628015530979,0.91902906395504447,0.38562793646367099,0.94528177339886155,0.28109403678217343,0.96542542550553301,0.205684472751273,0.97685986411255421,0.10690772247629704
"LIRCMOP6_BC",1,80000,80100,393,56,"constrained_population","constrained_population",1,NaN,NaN,1.6204819447704788,0.90662912570019927,0.89859592560161028,0.98809308924185935,0.15067330298102205,0.98402950286422519,0.23660249270156147,0.94994641917036649,0.31452529005717322,0.91703610207265762,0.42369023781921267,0.89032817529562835,0.51380976949425783,0.84694866217204723,0.57087555123764755,0.80354170610239462,0.63878457765017094,0.72305200537681313,0.7162805553727869,0.67798447460489319,0.77997832909853893,0.58624361834164973,0.86061954848830191,0.50602869203336209,0.88709155549774521,0.42795393226989165,0.9307088022349167,0.33929662424054707,0.95338201796253785,0.2498402947598079,0.97127821469507758,0.16250912338911594
"LIRCMOP6_BC",1,80000,80100,393,57,"constrained_population","constrained_population",1,NaN,NaN,1.4565084301147264,1.1613670784261334,0.74716248484872183,0.98143457083750252,0.11292440126291921,0.98231074401065865,0.19297984312187877,0.95880889874079833,0.26820832061588773,0.95360683295277138,0.3482367706487961,0.92569686511888793,0.42868110666425291,0.89216391318540911,0.48595501602730212,0.86389574212246156,0.5431103414666123,0.81461171858043713,0.6130940710744025,0.7472563929980256,0.67106774945623848,0.68831739206386588,0.73349372757028275,0.64984228151362933,0.78326942315024128,0.58458884463949679,0.82883035065832422,0.52803887177826847,0.86652304321449047,0.46626389182216249,0.90221624990729865,0.38162151292313323
"LIRCMOP6_BC",1,80000,80100,393,58,"constrained_population","constrained_population",1,NaN,NaN,1.644636474557021,0.86898659276832935,0.9213266211199882,0.98661714958073032,0.14680626076507491,0.98452607227067068,0.24876241777034125,0.95636162621396259,0.32245400376345579,0.9053139178838332,0.43573444535159278,0.90195506973227979,0.51104598201469287,0.83235059744448148,0.57990773206151358,0.77771277111537496,0.64243275839470027,0.71684192395372703,0.74413537167140509,0.63141596160291336,0.78920732565200513,0.56230754643210046,0.86727800031322733,0.48768973180056407,0.90746241094685298,0.39917089361234692,0.93749980602885341,0.30886744128566901,0.96943528263162859,0.22709586788968156,0.97222770464814068,0.12884653629527182
"LIRCMOP6_BC",1,80000,80100,393,59,"constrained_population","constrained_population",1,NaN,NaN,1.2847264086842629,1.3978296233929626,0.57197259888715735,0.97994410682866573,0.08391014589797742,0.9845266142596083,0.13788194439945167,0.9717967480366867,0.20522798309468909,0.96831533018239668,0.28068955510242488,0.95169661553786655,0.3201071326916945,0.93554039613218076,0.3836590033136878,0.91824973423728062,0.42966418949252955,0.8876892514951491,0.49208228472311216,0.84761525392873338,0.53678574955536185,0.82099022084355178,0.58402479368770022,0.77214488129796421,0.62557576230337109,0.73483280474468005,0.67777393823578358,0.6971137023408206,0.71216266612921253,0.66851394745079462,0.76260567503750143,0.60500614935458252
"LIRCMOP6_BC",1,80000,80100,393,60,"constrained_population","constrained_population",1,NaN,NaN,1.276061642929154,1.4078480219554497,0.56285232838407473,0.97497547922891226,0.082815171053649272,0.98498510726557387,0.13280030605239795,0.96086743672038011,0.20647816897523802,0.97363345281518898,0.27298733586062868,0.95277735044827416,0.31210110949695535,0.93928390968894226,0.38014416648927996,0.91052146812850343,0.42356766613494801,0.89700292169671891,0.48582913031768288,0.86685260599837788,0.53095194829285153,0.82894845655883631,0.5805735663329088,0.78046049947609886,0.61969440811321086,0.74811019790236966,0.66686073295064063,0.72141529395151482,0.70057613920501627,0.68127675441615931,0.75619996474758844,0.62010838040626393
"LIRCMOP6_BC",1,80000,80100,393,61,"constrained_population","constrained_population",1,NaN,NaN,1.6136052610229057,0.91367214291068488,0.89740077065473467,0.98884519802578408,0.14999882440632295,0.98788269864989686,0.23212599138650772,0.95473926844611268,0.32260418443174194,0.92039195987343048,0.40763021682035799,0.91024730435117895,0.50736255710714429,0.8548427658379103,0.57387019476532619,0.79664306887776282,0.63571106581807668,0.7326073035070656,0.72596540183767599,0.67386291618491834,0.7782241298103233,0.57848001118660097,0.85287454647176419,0.51381823344705024,0.88060611389009202,0.4410057488177842,0.93294503001111861,0.34646832688672352,0.94681612744393262,0.26747277719383916,0.97403392228676056,0.16207904271773546
"LIRCMOP6_BC",1,80000,80100,393,62,"constrained_population","constrained_population",1,NaN,NaN,1.2620202734796933,1.4198985563084487,0.54593070966546309,0.97790311767288862,0.088897042353752953,0.99116233593815983,0.1266026787313313,0.97450961368115596,0.2016986345225332,0.97363876093401014,0.26407022910130384,0.95313194726292449,0.30266903342735363,0.93702349465802204,0.37649612595620302,0.91857596635693328,0.41670205628789836,0.90277220462936991,0.48046633835584313,0.87016785748944603,0.51724580347876481,0.84500430533822812,0.56842477732858987,0.79900237717497802,0.61656325664549083,0.7595253970519682,0.65711583436715926,0.72346584914323997,0.70119765892897812,0.70151306761159471,0.72266494092312628,0.64531104362033287
"LIRCMOP6_BC",1,80000,80100,393,63,"constrained_population","constrained_population",1,NaN,NaN,1.4660060940409063,1.1557996623869933,0.75493877623823336,0.97827193974664661,0.11514200424818666,0.98312263445928583,0.1952943838302913,0.9657610454590082,0.2667806183186488,0.96089775318666437,0.35876430999196351,0.92085470352208809,0.42784026017454824,0.89176856363195633,0.49341439330430958,0.86008997008405141,0.54360817081438739,0.81976579759191093,0.62197880996171029,0.74506680740327769,0.67558537757330106,0.68073049319281553,0.73807025099472556,0.64255176596850527,0.78408204220138533,0.58856492840523245,0.83469216122392775,0.53146814819517774,0.88103801252432135,0.46407017525766214,0.91153066750987133,0.38008103892232115
"LIRCMOP6_BC",1,80000,80100,393,64,"constrained_population","constrained_population",1,NaN,NaN,1.6095294140127714,0.92196151057816333,0.89201021115844648,0.98272574208760788,0.14466094356286577,0.98948615871778689,0.22856022006355467,0.95361186033420409,0.31862273696475191,0.92086752841043384,0.40603437082386407,0.89552738395559661,0.49889616008176918,0.85150998607815087,0.57697581001014875,0.79157641122389477,0.63654939158906165,0.7406457582267757,0.71904808337382486,0.68166932691626847,0.77858934173714833,0.58312631664261083,0.8524571166021353,0.51410011922130183,0.88943724387403167,0.44755232655324761,0.9379578278821441,0.34442263806121232,0.95599931173145047,0.27362544677530926,0.98144925691355045,0.17308974437681751
"LIRCMOP6_BC",1,80000,80100,393,65,"constrained_population","constrained_population",1,NaN,NaN,1.3468279803711747,1.3280342041442237,0.63190412287791453,0.97976664770980681,0.093787440802438143,0.97388291341952471,0.16299042376502582,0.95680862540400324,0.20893804939017707,0.97277017937998167,0.3040208897950511,0.93672218144806507,0.36253892272148197,0.91903597735835652,0.41575391821489394,0.90495483376679275,0.46960171791109778,0.88013122866254589,0.54089241597731719,0.81774930605412166,0.58619191759590561,0.7879160033678867,0.63788268358822686,0.74385151165550356,0.70262509754102043,0.69294650873686425,0.73713842438308108,0.66157915174478932,0.77408237916865208,0.61216267793366519,0.82074735828246648,0.53993518488927061
"LIRCMOP6_BC",1,80000,80100,393,66,"constrained_population","constrained_population",1,NaN,NaN,1.4941227229281446,1.1079108715292132,0.78079916199708888,0.99228359855734971,0.12035947449533836,0.98809859855813387,0.19284629065918935,0.96028483472770365,0.27984046066086166,0.95262290991933452,0.35255507070783471,0.93293736003272321,0.43559620315012537,0.9001324837142366,0.50469959924586183,0.84492110734788706,0.56778244141866341,0.79749344731463578,0.64104665661381077,0.74212777067243829,0.70544137971325749,0.67710652828673357,0.76761632115151723,0.63217332320992115,0.80636899048731925,0.55540328416698714,0.86360586349245827,0.49570732679536506,0.87607011521730382,0.42519365736379028,0.92499935722058546,0.32972316309494132
"LIRCMOP6_BC",1,80000,80100,393,67,"constrained_population","constrained_population",1,NaN,NaN,1.3007281467649499,1.3855354154607573,0.58614502319831008,0.97678482446461856,0.082478216627829851,0.97233624671146812,0.1440292545547372,0.96352533072696978,0.214238820679963,0.98183675203468868,0.27206299866606964,0.95329117317188916,0.3260030949244257,0.94505294319490429,0.39621185561900318,0.91575300490296307,0.44363773056924122,0.89382095774573256,0.48783051258484378,0.84259396107190221,0.55374936028915189,0.80815917830012918,0.5962384934526197,0.77550867238921273,0.65313886219280748,0.74059390054005281,0.70849207511821422,0.69483696412796214,0.72773337674204175,0.67096205149865618,0.7904638246587079,0.59528769513275992
"LIRCMOP6_BC",1,80000,80100,393,68,"constrained_population","constrained_population",1,NaN,NaN,1.3412446328765966,1.3392940900697983,0.61876197263798116,0.97861681869085881,0.091896404214009672,0.98714623199446583,0.14909610530752898,0.96505608831774448,0.2036130807961064,0.97051655649174684,0.30220086323325496,0.94171633539018273,0.34548061406637015,0.93022028393778189,0.39631158165175367,0.90973198427597901,0.44840152513239051,0.87873630097597522,0.52578353504058672,0.82175120154275383,0.57503766575608095,0.78813567151624531,0.62281025479290775,0.748347528921391,0.67616917803350307,0.69763986382467424,0.71664421992003002,0.6649062679652763,0.75753565082958163,0.62077854044314174,0.79686502553471483,0.5523449791891758
"LIRCMOP6_BC",1,80000,80100,393,69,"constrained_population","constrained_population",1,NaN,NaN,1.6464802478867842,0.85629707998453719,0.92903536654213792,0.98426963547266211,0.14776093175794613,0.97371684154584459,0.23554796309501844,0.95073754542705247,0.34071257016694179,0.92593240547192202,0.42933692881860669,0.89365636454378838,0.52824322254305223,0.83947665133298699,0.59377701548022044,0.77292288378714624,0.66894668697262338,0.70336427880125485,0.73369414859906024,0.65003241244114873,0.78668902128345608,0.5421774826010316,0.86158025300162322,0.48182781377518724,0.9133562606634047,0.40421889760715968,0.94961155104860273,0.29639906041901493,0.96183246909229503,0.22292605640126872,0.97501743067664515,0.11293626552149891
"LIRCMOP6_BC",1,80000,80100,393,70,"constrained_population","constrained_population",1,NaN,NaN,1.6042499962332826,0.92866765281166841,0.88765643044101172,0.98645325036698273,0.1450982581899509,0.98459367397242437,0.23254814984989369,0.95316705350583997,0.30805435284359839,0.92492197377926544,0.41414173833307499,0.90151481775611386,0.49944458628775568,0.84789810657290576,0.56489320932405751,0.80467467425477968,0.62649308463536291,0.73183076077230758,0.71776679525130027,0.68288497311862018,0.76670257041245948,0.58174802103007273,0.83833272004384018,0.51684511932100541,0.87663879699916758,0.44879313791844988,0.92182016461781902,0.35386996956774475,0.94381548862068332,0.27997808652144168,0.95974337327350379,0.17756961644088298
"LIRCMOP6_BC",1,80000,80100,393,71,"constrained_population","constrained_population",1,NaN,NaN,1.6604363316154132,0.83816536904245365,0.93585552822816975,0.98901334677766639,0.15165990397612633,0.96830121592210583,0.23671929021410595,0.9507825751511062,0.35089844558227756,0.92739304828099278,0.42048051052405622,0.88886280068155443,0.53101866304319301,0.83517198707423346,0.59336281560242299,0.78197960366061769,0.67022949012022259,0.70320208122910799,0.73285178153374897,0.64146332792101313,0.78634341823864107,0.54258816683459687,0.85168222191041631,0.47363234227869788,0.9256572211567593,0.39049662534460416,0.94978571773974529,0.28630757838164916,0.96468564051988515,0.20608319823395349,0.97097583055778769,0.10765732344249178
"LIRCMOP6_BC",1,80000,80100,393,72,"constrained_population","constrained_population",1,NaN,NaN,1.451122415332323,1.1741821629824927,0.74088612471930704,0.97869769865781919,0.1133509591542412,0.97637700914628645,0.1814596498442369,0.98108230833482835,0.26378379494114612,0.96709952108905761,0.35178534480336771,0.92682076661193213,0.41712172261477815,0.90406011714495582,0.48663436477724631,0.86121813430374428,0.53953811124178375,0.81135579153169979,0.61295595272628434,0.75788809212563257,0.67241479068874677,0.69210970068311928,0.72740837946357662,0.65327148340733954,0.77866007445283092,0.59547609199645857,0.83222111062116122,0.52801656981213352,0.86544559764350437,0.47654636867530864,0.89725089856814333,0.38373609564829708
"LIRCMOP6_BC",1,80000,80100,393,73,"constrained_population","constrained_population",1,NaN,NaN,1.4989853418617951,1.0978898797941925,0.78826838815256328,0.97787733827886636,0.12483277158881144,0.98509439711448121,0.1969171014329324,0.9691785118741586,0.27907504029639407,0.94804958397574324,0.3572535218991737,0.9090694828503838,0.44919618541115502,0.88905189741574442,0.51459450691276465,0.84515876894266373,0.573437716069366,0.80508154211224781,0.64169676935892239,0.74295548087571894,0.70542783136645659,0.67326918592988005,0.76782790555128377,0.6172465514549752,0.82124483967572448,0.54429658806509207,0.85837841095952205,0.49936037191825544,0.8885572242761699,0.4048547849847407,0.93178171476088867,0.32439702242523177
"LIRCMOP6_BC",1,80000,80100,393,74,"constrained_population","constrained_population",1,NaN,NaN,1.3296228616851744,1.3441837536950336,0.61218088579030705,0.97904509579454246,0.092664681964293782,0.9899002212487451,0.14857652972030977,0.97479808640666199,0.22213958392274485,0.9619954433213862,0.29424228187137763,0.95121281480198117,0.34400656166835536,0.92583851317806887,0.41123199403708932,0.89580465459036551,0.44087161439534606,0.87326396348458291,0.51984111147817358,0.83052080926983618,0.56858181862918922,0.79449781367832784,0.62433049073122726,0.75194321878820158,0.66389648528617506,0.70357313386681009,0.72264584261213238,0.66053283777602112,0.76868781017525856,0.63247753592121891,0.81803746853373105,0.5574685602465892
"LIRCMOP6_BC",1,80000,80100,393,75,"constrained_population","constrained_population",1,NaN,NaN,1.3516918092816097,1.3103448021489552,0.63763637404359086,0.97938454676675801,0.10023176236321969,0.99697037612648498,0.15146703995682534,0.97536234767736985,0.23092232083293698,0.96073870669596029,0.30073645012982275,0.9513038041862919,0.35422868906105881,0.92259693290023459,0.42848820696254258,0.88504853813919881,0.4755507665258944,0.86508450405154025,0.54164713610975823,0.82732373151851379,0.59114197829077875,0.78526972361401359,0.65108030468652345,0.73631209256760988,0.68967999795003831,0.68358165358667944,0.74795809509035571,0.63731082386373028,0.78807994589659347,0.60597633137028473,0.84251059060188349,0.52574545946913798
"LIRCMOP6_BC",1,80000,80100,393,76,"constrained_population","constrained_population",1,NaN,NaN,1.6286603936323685,0.8830105938512145,0.91737145690525146,0.98302415295809453,0.14720604314703573,0.97611058654207217,0.23490825449863259,0.9446086022781105,0.33382810166689747,0.92504365756380402,0.41459592962416275,0.89939400740735453,0.50533019164884596,0.84322796092785546,0.58869130150533566,0.79055073684660737,0.65107028863268845,0.7241824296459749,0.7309946801144116,0.64881445159294193,0.78706865297334683,0.55831717641551837,0.8531248735654362,0.49515880786229471,0.89246860210139833,0.42972905887096158,0.94033121709478629,0.30736804315187344,0.95481029052252597,0.24261245499699163,0.96966121213092182,0.12835351170740172
"LIRCMOP6_BC",1,80000,80100,393,77,"constrained_population","constrained_population",1,NaN,NaN,1.4741137024429654,1.1325387899821433,0.76287399327263938,0.98345653931625043,0.12136882659078212,0.98551549796988258,0.19582833911550446,0.9768317600958788,0.26734961253498746,0.95282363064165221,0.36371738260456266,0.92174735533100338,0.42940765453858687,0.89107727902656753,0.50104957248539883,0.85330244168358882,0.55305339806283094,0.80106964774987355,0.63024497061990514,0.74296989078308573,0.68691015482371176,0.68031217652633758,0.75087422961574435,0.63146335348901783,0.79134772193603686,0.56925351240672584,0.84287071979986217,0.50008790152314386,0.87941879534591472,0.44226457598466579,0.90645610639709218,0.35554564974558467
"LIRCMOP6_BC",1,80000,80100,393,78,"constrained_population","constrained_population",1,NaN,NaN,1.4823946527421059,1.1266161257916161,0.76859137013873657,0.97985642806531303,0.11781746793395104,0.99135998181442253,0.1970286282409347,0.9614325182068747,0.26889694041169854,0.949006276198745,0.36091161532914529,0.91126112267960235,0.43390165186382307,0.88714419322289562,0.50443940273721766,0.84795928330096082,0.55479388726384227,0.80527761298338962,0.63738122093997374,0.74824302516939312,0.69251352341780659,0.67186596494577322,0.75055357263564337,0.62269288565474978,0.79765231220632449,0.5636517266867842,0.83863895701388591,0.49986420218292188,0.86988462042768488,0.43369372854257626,0.90750522504633324,0.34878917010126009
"LIRCMOP6_BC",1,80000,80100,393,79,"constrained_population","constrained_population",1,NaN,NaN,1.6381307721576581,0.87929228814388805,0.92092131646234476,0.98193650179246816,0.14993291243834334,0.96883479071161061,0.23730210928840467,0.94712975126258603,0.33852334950578578,0.9316218344672913,0.41656251127276589,0.89293534987615897,0.51279675545756054,0.83983064236936611,0.59199290534481941,0.78223210457816905,0.6529377018918795,0.72483268371545728,0.7357129179045514,0.65545054993733332,0.78625712080652321,0.54664714139638404,0.8550805600477458,0.48928190442623004,0.89867590611617065,0.42791232758270192,0.94214185265127104,0.30731030149505623,0.95547744804536761,0.23398838331414645,0.96028851602086207,0.12288330098486058
"LIRCMOP6_BC",1,80000,80100,393,80,"constrained_population","constrained_population",1,NaN,NaN,1.5983130868350357,0.93821334155721792,0.88135753381387238,0.98445295067919336,0.14014952484320936,0.98283619211156115,0.23182085180291345,0.95655910998933502,0.31418994442828196,0.93123174899819761,0.41822072496513396,0.89677422058312928,0.50162956575964635,0.85286990013165997,0.56542617728724265,0.80509931221358122,0.62362358765416825,0.74145578997583117,0.70707798154410662,0.66089264780784795,0.76643870235815037,0.58463487151731253,0.83918816468561563,0.52163224326562829,0.87561884467624407,0.45333373034159752,0.9202769858947657,0.3674417866980591,0.94777649091707616,0.28313388854312582,0.96042254255622195,0.18927028246075456
"LIRCMOP6_BC",1,80000,80100,393,81,"constrained_population","constrained_population",1,NaN,NaN,1.3131993576647998,1.365254046212419,0.59879213522565611,0.97953094454461576,0.092803729948897323,0.98065543535779143,0.14570486127428944,0.97068590797512866,0.21756716161904585,0.97134392341970521,0.28976424904919618,0.95175019574994435,0.33429898513363948,0.93071841681937451,0.40087177495100523,0.90445333458637511,0.44830205769595466,0.87493525694689356,0.51175951672511022,0.8373924881443251,0.55805699940738451,0.8016019294355079,0.60929424806087729,0.75445681015140165,0.65145544944503708,0.71385221986328162,0.69771883998061834,0.67375183110279036,0.73336114677599951,0.63487086283655336,0.77650917443753509,0.57040844837781646
"LIRCMOP6_BC",1,80000,80100,393,82,"constrained_population","constrained_population",1,NaN,NaN,1.4859807136105854,1.1184108000262458,0.77172003170099357,0.98222404347486747,0.12344442777742777,0.98451018024326264,0.19473194504584213,0.97272200958136756,0.27911320414326757,0.94843202845707497,0.36567914050914962,0.92989657440022833,0.42876504639884089,0.88083320624966022,0.50264771973394506,0.84843802294890791,0.55543710322440043,0.79246895434952613,0.63634679986698472,0.74836251977882418,0.68212449948023668,0.67870783786533151,0.7475398573168095,0.63012046018534396,0.79259795358143093,0.56510868285046945,0.84368527607401933,0.48954205667796613,0.88440140071986295,0.43827283755408114,0.90560676132544649,0.3432404659063526
"LIRCMOP6_BC",1,80000,80100,393,83,"constrained_population","constrained_population",1,NaN,NaN,1.5185077085261551,1.0726466310490674,0.80544985378078915,0.97825297039913128,0.12596487971873044,0.98462229616786978,0.20581782513512398,0.96094363208936573,0.27623856250253231,0.94124547250146251,0.3695888320568716,0.90177286240162213,0.45957552512868116,0.88035770826510196,0.52067137811561981,0.84574200699572477,0.58169485984003888,0.79255818855943305,0.65680491594445001,0.73240540883275029,0.71646282200450306,0.65275228841311517,0.7773766085792424,0.59790753472784908,0.82634317779950806,0.53010426037304925,0.86724164799667736,0.47842537945100477,0.89471534949025844,0.38117439151169424,0.93182543171496479,0.30040661313597761
"LIRCMOP6_BC",1,80000,80100,393,84,"constrained_population","constrained_population",1,NaN,NaN,1.5061044677221569,1.0901762454637498,0.79131839999328235,0.98375738944210545,0.12148603121539779,0.97855240746581862,0.20090547659548155,0.9615134780764778,0.28941575448722301,0.93991787384483305,0.35143477786653998,0.91613832058376188,0.45014078545515079,0.88089879048027675,0.51079410856490881,0.8406991257083809,0.57360024756263139,0.7986198179434616,0.64595472318507308,0.75069622511937673,0.70169934188693128,0.66078738022243944,0.76395543438543778,0.60552976135104142,0.81367870683510846,0.55030670923086844,0.86704581533514169,0.4723936102278844,0.88390683805228742,0.40388583759200536,0.91908969024186016,0.31649551046035773
"LIRCMOP6_BC",1,80000,80100,393,85,"constrained_population","constrained_population",1,NaN,NaN,1.4700964565948129,1.1444541214949941,0.75609748553531608,0.98153212803678525,0.12297677031990702,0.99356014669852077,0.18794534210526284,0.95814789181320847,0.26952551967481803,0.95144037111742752,0.35441175524044199,0.91807578714345239,0.42725643803514668,0.88958338161805806,0.49637024561568099,0.85981204640663755,0.55259213197517043,0.79753567878124942,0.61868040930971702,0.74698438519430843,0.68628529803612559,0.69868141566530628,0.75487140617604498,0.64539437464359661,0.7835760137505996,0.57509718219654204,0.84009692300280103,0.52993035503323593,0.86327897599238623,0.4470795594075555,0.90377853222135907,0.36809659177022569
"LIRCMOP6_BC",1,80000,80100,393,86,"constrained_population","constrained_population",1,NaN,NaN,1.3219421905267226,1.3555322248293358,0.61194770600359361,0.97500647427053722,0.092370758367635364,0.99537640946848127,0.14289672174575399,0.96373849629500064,0.22246386481969838,0.96815763109594699,0.28173196081817964,0.93729289486936107,0.34937360225189118,0.92920593534011919,0.40037088182212566,0.90583669048342375,0.45512690315687254,0.88204412220483241,0.51859892508907168,0.80907364447721641,0.57123792429318321,0.80055569685759709,0.61966911427862992,0.75300250809954017,0.67610875450455876,0.70681692173616983,0.72138580263644769,0.66708850085996318,0.75973707955845793,0.63594751611666711,0.80283973639556461,0.565399934039583
"LIRCMOP6_BC",1,80000,80100,393,87,"constrained_population","constrained_population",1,NaN,NaN,1.5801378183471941,0.96585049363325082,0.86432726161501194,0.9869276905134452,0.1405797723720747,0.98398205256025306,0.23020715928723734,0.95635062615077704,0.3115676497820451,0.92646696148976382,0.41165643561593968,0.90675656251846493,0.48745400256591814,0.85146109297099515,0.55730592156013525,0.81368185844465613,0.61428721659003438,0.7431883499747387,0.70248158827566654,0.69112318082041613,0.75474302047803987,0.60512445652366675,0.82661864582321054,0.54289174126032591,0.86590401288144547,0.46235754626945746,0.91456811620565348,0.37226524555031637,0.93169641643382473,0.30139397491419928,0.96137741951657607,0.20911535520505534
"LIRCMOP6_BC",1,80000,80100,393,88,"constrained_population","constrained_population",1,NaN,NaN,1.514259304533756,1.0869812412896174,0.79978296882021849,0.97805490319037114,0.12625589135570209,0.991915630465519,0.20075046013486558,0.96172395503957797,0.28147823265452898,0.94996340131233026,0.3545239013817435,0.91166202870767443,0.44925034820372933,0.87800771952683188,0.52003442753418194,0.84058417834065557,0.57937849685068543,0.803438043247102,0.66018791763963647,0.74892467235677396,0.71554191368454512,0.65710439467137793,0.77746245100245637,0.61264652296556776,0.83121637200925358,0.5399149027805159,0.87531449760329183,0.48660536038392538,0.89255569720972772,0.39387056380402297,0.94439280871481479,0.30704448335676393
"LIRCMOP6_BC",1,80000,80100,393,89,"constrained_population","constrained_population",1,NaN,NaN,1.5870586600952323,0.96193101959463334,0.87031324756069262,0.98743093261901627,0.13339275324732006,0.98263774581840946,0.22748001367262885,0.95463327435721279,0.3079485575358758,0.91999233420104143,0.39483259981555496,0.90728578878349975,0.48727596902440851,0.84621694333830599,0.55348524217177109,0.80467706774252679,0.61333917492090118,0.76310183949127453,0.7098528675174296,0.69005729391898707,0.74796429689637844,0.59290695886017231,0.81848211506713286,0.53899422459161284,0.8782533426960667,0.46385897012886379,0.91438024579333788,0.37059598617235062,0.93158549228252152,0.29834598902797232,0.96176858899706374,0.20319934142816165
"LIRCMOP6_BC",1,80000,80100,393,90,"constrained_population","constrained_population",1,NaN,NaN,1.5212020625220624,1.0634558584636697,0.80936413114360084,0.97706603995374686,0.12830735217597997,0.98790389968643821,0.21007435421200063,0.95567600123468077,0.28838287699389903,0.94884204273603578,0.36865688510638117,0.90779445457928332,0.46239567534824855,0.87815016560018533,0.51744290016201444,0.82901267192299,0.58314749570939928,0.80073248990019452,0.66382501158131701,0.7339428222691724,0.72193104774556094,0.65538056718916027,0.78440155504002451,0.59626472596333036,0.83906399190498138,0.52807534777115051,0.87764463863689735,0.45575302924211963,0.90475975526863839,0.37909948979291674,0.94167962162210828,0.29694657621440806
"LIRCMOP6_BC",1,80000,80100,393,91,"constrained_population","constrained_population",1,NaN,NaN,1.5292582206000476,1.0558056336297073,0.81385421197899777,0.98298315188716423,0.13548886204847563,0.9864268934768009,0.20650227327156417,0.96245820287053518,0.28841690240773882,0.9437674390612949,0.36430922466803184,0.93151466883349032,0.44511843978209942,0.88339605965025003,0.52351440715979103,0.84040355166813252,0.58422559318575473,0.7848942991113983,0.67414978466891551,0.7131928519216103,0.72247947273763313,0.652345036145489,0.77974158388073145,0.59648504193561225,0.84222263511662021,0.51487746034316928,0.88444203972957913,0.44797303970979285,0.9018550858702824,0.37621448640174238,0.93617014109037999,0.28288940862012918
"LIRCMOP6_BC",1,80000,80100,393,92,"constrained_population","constrained_population",1,NaN,NaN,1.5920886632894589,0.95280982882051779,0.87511618605387587,0.9789792776457833,0.13948242088499496,0.98967760398823557,0.22649743809100564,0.95208076399946373,0.31994663914014182,0.91899304403927928,0.4061646074320297,0.8992432734242809,0.49226105742320936,0.84859353488341815,0.56410485967435819,0.79998925585071823,0.62448950966192629,0.74857853552516584,0.707009552491079,0.68554074438330825,0.76221386966447002,0.5970459221904284,0.84017866515895567,0.52394362147974227,0.8787617339303273,0.45396591156942562,0.9066210151262919,0.38688634160549673,0.93202074332227947,0.27859816013107958,0.95713390108803109,0.18998429182141144
"LIRCMOP6_BC",1,80000,80100,393,93,"constrained_population","constrained_population",1,NaN,NaN,1.5766688630747949,0.97542229419108617,0.85944741638673106,0.98504465664696084,0.14070393172645451,0.98023042705203411,0.22717945938235723,0.94948299156295124,0.31407212746223706,0.92247982319595712,0.41155641529317288,0.90797871618917014,0.48620410544584325,0.8505150483696452,0.54877442920728725,0.81611771680899237,0.61056373118321239,0.74682198022049096,0.69441142431053349,0.6941326279134552,0.74784181477208944,0.61668284910722437,0.82577618029066979,0.54406342334739233,0.85986878860553506,0.46990780796873716,0.90507938635583307,0.3835849931531779,0.9288843503856552,0.30901265368521791,0.9566080458284284,0.21919280003355507
"LIRCMOP6_BC",1,80000,80100,393,94,"constrained_population","constrained_population",1,NaN,NaN,1.5357509185256748,1.0430278107606497,0.82326627505633221,0.98135296455037846,0.13538767149782871,0.98196949604759465,0.20637509290352168,0.97097501615863213,0.30413993540966761,0.94520950304474982,0.36999709877933423,0.92484403334609111,0.45712208642640284,0.87252629572670282,0.53496787596779927,0.81314574624031044,0.58974580177863989,0.78503844415401636,0.67247264651318872,0.73187370493326787,0.72058261718283689,0.64156444852001371,0.78853192806996764,0.58429502750524498,0.84801716102236546,0.51318563588398691,0.88616608474779213,0.43058134987670205,0.91371865800547813,0.37025706244847917,0.94967894832411215,0.26878348010228087
"LIRCMOP6_BC",1,80000,80100,393,95,"constrained_population","constrained_population",1,NaN,NaN,1.547765004831287,1.0235511394350658,0.8341460297878005,0.97576498724726801,0.13953801175181979,0.99042515901233541,0.20786191527981868,0.95951945679821593,0.292122509231665,0.94853200147502892,0.37274907484019915,0.90401371287218868,0.4605746478517172,0.8714411331651819,0.54610322709896653,0.82437013803977421,0.60179045602491887,0.77846927357681883,0.67811463868372079,0.70925504441452925,0.73954368250776126,0.6270473801576999,0.80097093127800301,0.57898332273373754,0.84540014534550068,0.50841910516697697,0.89606867482085151,0.43351899723204124,0.9145144436139796,0.34824805779840645,0.94435768202044645,0.25485371968842485
"LIRCMOP6_BC",1,80000,80100,393,96,"constrained_population","constrained_population",1,NaN,NaN,1.5398139031911664,1.0320496644325821,0.82588345590024059,0.97960735329527304,0.13591866107051828,0.98553959478684916,0.21034042715312024,0.95683762213374612,0.29980693852739138,0.94604893193886053,0.38286547995000375,0.90379745709080983,0.47023472773920538,0.86916993632296036,0.53586290150386073,0.83175106457032455,0.59575101922767626,0.76676389615839513,0.66705510403872437,0.71222636837820175,0.73431940864638801,0.64248740176249153,0.80363560619619234,0.58400351913100024,0.84270339357726221,0.50851464027267601,0.88939127560308051,0.44766757357403042,0.90798115616976727,0.35647791920791372,0.94236076593995011,0.26803033458033354
"LIRCMOP6_BC",1,80000,80100,393,97,"constrained_population","constrained_population",1,NaN,NaN,1.5589357056060358,1.0062146542739743,0.84328793926907153,0.98869066345703138,0.13651681126212956,0.99350513860893086,0.21615400754126712,0.95876533348799919,0.29348514184209296,0.92934937165329512,0.38450253882211227,0.91508773550324185,0.47882052201033665,0.87192747985962482,0.5426984349319468,0.8250044596512276,0.60200370211140486,0.76318919687013365,0.6915704299264509,0.7034979224653557,0.74081259077225736,0.62093029533085564,0.81117776206032421,0.56810360901245271,0.84997336640072807,0.49155973782247209,0.89858066030922235,0.4194103620595504,0.91441634490090817,0.34530808624366321,0.95039099452870812,0.24221093520351428
"LIRCMOP6_BC",1,80000,80100,393,98,"constrained_population","constrained_population",1,NaN,NaN,1.5642928932137408,0.99640809626525095,0.84948663425326765,0.98137129356501929,0.13675989970120261,0.98874524865336988,0.2139432217691708,0.96007169988647956,0.30198455217246412,0.94187471525451949,0.38037528189098679,0.89651538744295933,0.48269342997181552,0.86480016406954863,0.54898703804423477,0.81907096270113511,0.60978071198146622,0.76484601626018489,0.68407726391687573,0.70547562159190014,0.74905570211650518,0.61738321707407617,0.8160998929026636,0.5636370784780238,0.86250007283342656,0.48687236599471345,0.90374109657399737,0.42485822299424159,0.92029989951350144,0.32373813217833231,0.95227612195759237,0.23474053372727807
"LIRCMOP6_BC",1,80000,80100,393,99,"constrained_population","constrained_population",1,NaN,NaN,1.566057159761636,0.9849148599967591,0.85329349918455999,0.98570198612645277,0.1428340419301129,0.98553787586564723,0.21474670244551056,0.96963681307542571,0.31372730843132185,0.938530196727827,0.3894711180176792,0.91610805865363709,0.47868590685270346,0.8652864848741908,0.5527394669183473,0.80350819814865759,0.60997879709401714,0.75687746787793708,0.68755050208024504,0.70398511720455748,0.74463258913636643,0.62278181606360239,0.81923531398792282,0.55552315277525754,0.86644212075160043,0.47717779330253562,0.90409369054350852,0.39573995450224603,0.93149923819250624,0.32733887346753454,0.95965593936535165,0.22555043501939132
"LIRCMOP6_BC",1,80000,80100,393,100,"constrained_population","constrained_population",1,NaN,NaN,1.5519051032007165,1.0124355303999633,0.83766532137799643,0.99313485806834245,0.14155743623398656,0.97917357318055664,0.21396407866620898,0.9720938654745126,0.29906851399780765,0.94018453755688436,0.38863904059397608,0.91781089036775965,0.46703604357434136,0.86719074729473677,0.54290253780358577,0.80931644284088411,0.5927097676612354,0.76068319803522222,0.67369252727232076,0.71272898390633244,0.73128518076971916,0.62748028560330582,0.80549007758542768,0.56627731954581884,0.85044839623415125,0.4869320916749616,0.89061400320726014,0.40656245162075805,0.92061088438027994,0.33886421059036531,0.94571577576034471,0.24179276750655754
"LIRCMOP6_BC",1,80000,80100,393,1,"unconstrained_population","unconstrained_population",0,NaN,NaN,2.2079784658728396,0.7117303319909033,1,0.98059919096972603,0.16235655374403504,0.98788822801997545,0.29063822363748848,0.94793111496507831,0.38267643655666328,0.91451332007824726,0.50306238263533687,0.86855213766197292,0.62660483737088424,0.80662175132224334,0.68325471109733205,0.75284410706661342,0.76229722091777763,0.67040867701208606,0.86562766896510512,0.58982747555914194,0.92852278161895718,0.49624607643270374,1,0.40710969290816523,1,0.29689385917647021,1,0.20425937561565,1,0.10039759273712651,1,0
"LIRCMOP6_BC",1,80000,80100,393,2,"unconstrained_population","unconstrained_population",1,NaN,NaN,0.70569999999999999,1.7057,0,1,0,1,0,1,0,1,0,1,0,1,0,1,0,1,0,1,0,1,0,1,0,1,0,1,0,1,0,1
"LIRCMOP6_BC",1,80000,80100,393,3,"unconstrained_population","unconstrained_population",1,NaN,NaN,0.83223987568784974,1.7041305417513619,0.065076223985653325,0.997884171559271,0.018660663831182121,0.98983033557208644,0.010704620904759793,0.99177348336575022,0.026303395859994749,0.99909246261949924,0.052440174477339618,0.99856299348405175,0.02661784232317041,1,0.049064779727719526,0.99780048831372259,0.052890324870218636,1,0.065935665125348097,1,0.081559169845275198,1,0.084087186205352216,1,0.089225874046903242,1,0.11128516167903774,1,0.13162481388799169,1,0.14881729232624241,1
"LIRCMOP6_BC",1,80000,80100,393,4,"unconstrained_population","unconstrained_population",1,NaN,NaN,0.90604990234824856,1.6931351103436048,0.13775753364419338,0.99714257841847576,0.011848941555234638,0.99733137125376115,0.031188987096278452,0.99112478083376132,0.051338979548196113,0.99853697047281553,0.080353385665512145,1,0.088824390506319795,1,0.10139335303331652,1,0.11203828816919287,0.98342824197589129,0.1368382856150728,1,0.15911485300828263,0.98757536148358294,0.15861107434806879,0.9969913894753113,0.18401675645102653,0.98497908183168814,0.20552287224383084,0.99575991330393454,0.23287116153025114,0.98621795085502506,0.25628060947461262,0.98255634837150674
"LIRCMOP6_BC",1,80000,80100,393,5,"unconstrained_population","unconstrained_population",1,NaN,NaN,1.7954831623105887,0.71287457072912341,1,0.99473851266426849,0.16731526371932012,0.98909392479198399,0.26923287379078809,0.94497202330464503,0.36454063606702442,0.90045629133576321,0.46571876962039677,0.87546798506717838,0.57527285938411543,0.81480120894729802,0.63680809478919764,0.74655774348367032,0.71090646656025314,0.65989775672476825,0.80133622902084656,0.58516949790916828,0.85979031935355621,0.49359636714635924,0.94851668486116791,0.4123815675791741,0.97824797850197465,0.31702334748310018,0.99879918783266797,0.20565665673598402,1,0.10909213312431046,0.99954121160358234,0
"LIRCMOP6_BC",1,80000,80100,393,6,"unconstrained_population","unconstrained_population",1,NaN,NaN,1.7649998687717599,0.71653751455053549,1,0.99379659270259613,0.1629394424529646,0.98173785931520929,0.26603277906712308,0.94040502780145208,0.36302697283515406,0.89427482457583785,0.46714960059513705,0.87753589924097031,0.57625971783444907,0.8143665861848165,0.62997858399316831,0.75391442638152106,0.70314117514617391,0.65799170334827761,0.78329241423919505,0.57890807380716613,0.8527743990259371,0.49612614871285982,0.93572955495206289,0.40800323610787537,0.96634302809995876,0.31412644851222693,1,0.19998614878403115,1,0.10439131839308985,1,0
"LIRCMOP6_BC",1,80000,80100,393,7,"unconstrained_population","unconstrained_population",1,NaN,NaN,0.94378641873121516,1.6930402105319973,0.21308054036724136,0.99178879435591982,0.035518200240206174,0.9874048092274369,0.052421441256859637,0.98094588022615281,0.067490335338177748,0.9860606206425353,0.12129819855535409,0.98333081976343784,0.11411373534860378,0.98117997644166288,0.14093664592265065,0.98828443968106749,0.16162028973732961,0.97899797359724794,0.19939666530959288,0.98033762149406078,0.21815065243139464,0.96595315049798414,0.22097009732820153,0.95163147155287509,0.26329905165423734,0.94365798637312137,0.29062222740922716,0.93907111135304666,0.31870028240947557,0.9268612668761248,0.34463540523243613,0.91941372628293716
"LIRCMOP6_BC",1,80000,80100,393,8,"unconstrained_population","unconstrained_population",1,NaN,NaN,0.95768231758508948,1.6912743986371606,0.20166716539529383,0.98738303345369693,0.027985291704668014,0.98193188025967393,0.046669017615655686,0.99071390823453154,0.065460672442511678,0.99068047859635899,0.1216570489364477,1,0.11269267663425188,1,0.14421757278441347,1,0.16372965878901113,0.95577958749091652,0.18721945173431553,1,0.2208177028299651,0.97129628304444182,0.2220268224358028,0.98026241006089643,0.26489137667877327,0.95664838423029463,0.28540709713357409,0.97639690503525456,0.31369794241951604,0.96245391886904397,0.33754006599233666,0.93598888492025978
"LIRCMOP6_BC",1,80000,80100,393,9,"unconstrained_population","unconstrained_population",1,NaN,NaN,1.1289913693828726,1.5633190716896084,0.39912364743520706,0.9808068558626446,0.057331547709768088,0.97689371119143442,0.092210005203069406,0.97670828141723409,0.11780037974529636,0.98872063446515002,0.20785714876632241,0.96838040949879223,0.21741192122627953,0.96350130320168748,0.27344029468860476,0.9646432230323575,0.30820113687456574,0.952598380886019,0.35817563814436865,0.9290515473052936,0.38629444768479171,0.91439429010668227,0.42757212395885358,0.88658550593390406,0.47452186626083231,0.87239281542690006,0.50089017707423378,0.87170137549600979,0.54143215968584057,0.84400390731909924,0.59368881704170073,0.80541349618774327
"LIRCMOP6_BC",1,80000,80100,393,10,"unconstrained_population","unconstrained_population",1,NaN,NaN,1.7570576177524435,0.72550688935078111,1,0.98876671843111508,0.17166717343990176,0.96784086521116386,0.26542019497624048,0.94517168841400889,0.36048689788573718,0.91041200416461909,0.45802420545687622,0.87075664100654526,0.56572159168209368,0.8225879584527771,0.63819356606133137,0.75160180163179358,0.71051051011474398,0.66663483302269344,0.78917140905053684,0.60562085938473875,0.85414951812007656,0.48403492486033184,0.93326999106338837,0.40500312178422326,0.9622105382414986,0.33346323606010259,1,0.18951071707612915,1,0.10513770607591807,1,0
"LIRCMOP6_BC",1,80000,80100,393,11,"unconstrained_population","unconstrained_population",1,NaN,NaN,1.7368524861438712,0.7317500279042517,0.99247186894899087,0.99831180835793321,0.18339996024444671,0.98711737486562878,0.25890157431572375,0.94921625721341085,0.36999391218513705,0.89371783896466628,0.43900539727432558,0.87518369544680175,0.56131461995090137,0.80126794621704978,0.62167507220878249,0.75654119618672089,0.68653141674669771,0.67334472656163669,0.78832628570806984,0.59411062474628829,0.82941545031590569,0.50758398217068879,0.90064664719743637,0.41195846359208754,0.96394264679452413,0.31926494045263126,0.97924635924859771,0.2127707973005577,1,0.11268762602052124,0.99487502076796341,0.028051000489673433
"LIRCMOP6_BC",1,80000,80100,393,12,"unconstrained_population","unconstrained_population",1,NaN,NaN,1.1541553307897876,1.5541053429902059,0.42648561696624349,0.9837824678860092,0.045812194034258506,0.97551314044845872,0.10051111234022581,0.96432309886956902,0.14232277491593207,0.98934258519565521,0.20379261098226417,0.97505106075283798,0.21859201884915191,0.9546575498980141,0.29667986676261815,0.95158149270788672,0.32552744546104972,0.93891768802431363,0.37718389828007537,0.90131725272963248,0.41286061022556869,0.88804046893188393,0.44953960750866773,0.87300492569115828,0.50161872489522885,0.8420889338411367,0.55050677137015502,0.8286001323252894,0.57206460966063966,0.80480254677045293,0.61316040182468656,0.76142678938281527
"LIRCMOP6_BC",1,80000,80100,393,13,"unconstrained_population","unconstrained_population",1,NaN,NaN,1.725376863149308,0.73754576871385447,0.99196342174521113,0.98783472540854544,0.1706476176381943,0.97291670467042113,0.2562820378858609,0.93983406414081627,0.37208248683841949,0.90722789121948955,0.44184735885026938,0.87944198737913448,0.54657724061912827,0.80789819410656794,0.6281796201437535,0.75631910511435407,0.69333414595033482,0.67926019449172648,0.77937260800522101,0.59412080273340817,0.83137008274517099,0.50164401983543494,0.85315015738192679,0.41708623515211213,0.94945324229829642,0.34358166018604119,0.98066406656447391,0.20404826077237709,0.99760211807207189,0.12630222488542064,0.99190322525054953,0.021273544350481302
"LIRCMOP6_BC",1,80000,80100,393,14,"unconstrained_population","unconstrained_population",1,NaN,NaN,0.95874358853353914,1.6789881011089773,0.20372761386514104,0.9868155872087504,0.025216106909648449,0.98702603414803436,0.052393832414375133,0.98349908454334622,0.060273029013142534,0.99081718331172164,0.1149749963181538,0.99536044484104913,0.10804147736486025,0.99297074661234652,0.13581213280896459,1,0.15940424449192203,0.99173818030691474,0.18914543189614341,0.98312680399383867,0.22343117715134636,0.97021267375816556,0.21651660460231859,0.97353368044925293,0.26491348562508954,0.96037467824041212,0.28407207028577819,0.98331241229667643,0.31525996641305354,0.95097072922798431,0.34622515210438126,0.9361390995853256
"LIRCMOP6_BC",1,80000,80100,393,15,"unconstrained_population","unconstrained_population",0,NaN,NaN,1.1242234440541761,1.5895616064505746,0.39180426481389036,0.97977645944991354,0.044646408691474355,0.98113853060969802,0.096850096312601219,0.98322855920901886,0.13788006958799806,0.98852180070931062,0.21806781128068375,0.97801512952177416,0.22310708466629625,0.97220802754279945,0.26983436915291953,0.96822219598138015,0.30155605553858245,0.93663427551412326,0.34324722211972758,0.90302283047664578,0.38325768248436759,0.89862690078032637,0.39615242139573237,0.88225293459211451,0.4666989616648356,0.85664541203701317,0.49609036653701333,0.84396437192088747,0.51608460862656758,0.83197456531823866,0.57914703289179004,0.79738818714074222
"LIRCMOP6_BC",1,80000,80100,393,16,"unconstrained_population","unconstrained_population",1,NaN,NaN,1.1027911994200825,1.5915263327609184,0.36450612076795363,0.98925743209680772,0.057383338512763137,0.99281104747813198,0.088131318373990311,0.96752323398397155,0.10746171636583242,0.97148514728410817,0.18622600791463781,0.97362526745691347,0.19382260128714615,0.96518849875500667,0.23714752415847917,0.97061204384026711,0.27318339129411162,0.95903573134645548,0.33991540344815346,0.92893777431880808,0.35878741702388001,0.93727933533386287,0.36633565265620344,0.90413862742825635,0.44040105868004104,0.88642555303643744,0.47455807748659679,0.8781666297603099,0.50291783158562264,0.84992968546905689,0.54404851494330586,0.83469378966336472
"LIRCMOP6_BC",1,80000,80100,393,17,"unconstrained_population","unconstrained_population",1,NaN,NaN,0.99541643394708901,1.6623314791317361,0.23995337555070911,0.99128445283165978,0.022332185840446668,0.9830474217064431,0.054707205691287022,0.97303337361916054,0.06894853224503944,0.99145451949957852,0.12841021092690641,0.99007088404861232,0.11264733906124096,0.97272106652139345,0.16904226191444188,0.98784721009693888,0.18451872504509392,0.98150619595007127,0.23296697464244992,0.97018908294071182,0.24506125629669007,0.96693745503081141,0.26190540944645863,0.96106632527298941,0.30669881962594381,0.94362097675767098,0.31586451966685525,0.95071720593783171,0.36754806249435656,0.93275215445918724,0.39024619211155065,0.92348980495790389
"LIRCMOP6_BC",1,80000,80100,393,18,"unconstrained_population","unconstrained_population",1,NaN,NaN,1.0083116794885405,1.6549446052025443,0.25165599269916344,0.99231730046517463,0.017834120499235918,0.98675116045254541,0.055476225507849863,0.97462141721864048,0.073957781175744794,0.99720273338191645,0.12948782943945411,0.99217685215076323,0.12618247778810587,0.97761360894434102,0.18157629594582264,0.99131130318366467,0.1958455937824142,0.98292602848816857,0.24442683139770316,0.96608003161321676,0.25691254279884068,0.96352306228917095,0.28211222333715497,0.96032705820245945,0.31946529441985316,0.94321763228610567,0.32718561206932201,0.95288772452846437,0.38156705637132549,0.93281799356115114,0.41010598199497994,0.91058758502423509
"LIRCMOP6_BC",1,80000,80100,393,19,"unconstrained_population","unconstrained_population",1,NaN,NaN,1.0584425052088977,1.6299426087729212,0.33096549872285519,0.98208360828322883,0.045478676827444213,0.98822947564595542,0.077128965342640188,0.97837915925910801,0.10949882653413387,0.99061880384110712,0.17448603294968842,0.98699824092852595,0.18760125150097298,0.98578345932528111,0.22894706015151248,0.98748722089804508,0.26110918379192416,0.93331953419175906,0.30046746722130474,0.96479036991856304,0.34010988958718824,0.9295654070079078,0.35183580276363113,0.92556827311608147,0.40661960377294254,0.8928375248611593,0.43436770284151949,0.90389614171759658,0.46308722214002268,0.88149175448031825,0.50154944406666269,0.84002290091583132
"LIRCMOP6_BC",1,80000,80100,393,20,"unconstrained_population","unconstrained_population",1,NaN,NaN,0.96528783242995342,1.6746896228948231,0.23648577466414999,0.99385448962294953,0.026522069557784675,0.99481228671964139,0.053959480889985312,0.9841219674251126,0.077508833199588456,0.99755704840721104,0.12345343558044949,0.98754275596773977,0.14118401280233361,0.9909650612875579,0.16600471398541217,0.99521262585451897,0.18427402721197017,0.98183763867344254,0.22231637882009936,0.97211951883907077,0.24185322543569593,0.95912436501470322,0.26138372510959418,0.95015293741181517,0.28883200124205605,0.94285129742999085,0.31326441221416068,0.9434121485343121,0.34673827016341341,0.9269929450800527,0.38435498499929466,0.89360928641559967
"LIRCMOP6_BC",1,80000,80100,393,21,"unconstrained_population","unconstrained_population",1,NaN,NaN,1.0425201029150972,1.6345964398569062,0.30148649801615413,0.99290998403385344,0.028273192543474664,0.9868389609141941,0.068667375565319211,0.98717791034624991,0.1037411407169154,0.99801081709746142,0.1443809356282526,0.98702399164102939,0.18919215159873448,0.9909650612875579,0.20966598620717045,0.99417048291716215,0.23831313662298667,0.98067693745389628,0.27248523714968709,0.96541724997541822,0.30565670848600868,0.94668509932448019,0.33008632281869565,0.94223912105281948,0.3678367270360044,0.91851618086320475,0.40055582452065708,0.92945088796811715,0.42770551422863567,0.90747572584095215,0.48549669746610147,0.86164249442889307
"LIRCMOP6_BC",1,80000,80100,393,22,"unconstrained_population","unconstrained_population",1,NaN,NaN,1.1579198312222352,1.5434580389918531,0.4416190558187012,0.98978086962442269,0.068473349710817352,0.9849435326191962,0.09749454205088913,0.96601059108198584,0.16679996807718503,0.98912441597067224,0.20187115418874413,0.96543151813848327,0.23963314052264253,0.95225037456827488,0.30700909436020418,0.95595634144938457,0.33779209334302873,0.93125483388684338,0.38332192216958083,0.89675097070943788,0.42521987936166672,0.88661721013065486,0.45628427666126536,0.85891552100456969,0.51233201288324803,0.82326335419692831,0.55663601823002384,0.82088722935504155,0.58038125216928016,0.78364922329392339,0.63409519491047051,0.74223661695329357
"LIRCMOP6_BC",1,80000,80100,393,23,"unconstrained_population","unconstrained_population",1,NaN,NaN,1.0860531289042497,1.6021455089195955,0.3462644127917518,0.98783092255373373,0.050303985924496523,0.98678966330370577,0.073459402718930839,0.97995476968998219,0.099503770474651143,0.97682914497078144,0.17241431938730817,0.98349135447214808,0.17388399382668857,0.96040620778577235,0.23586831681952955,0.96666226846371472,0.2637716650744204,0.96716539502090015,0.31424482040023538,0.93997004685142738,0.32796643856646651,0.93170176678744199,0.37369227352784962,0.91354606163544116,0.42682199883793126,0.90164475005113531,0.44106327249940058,0.91072284779422952,0.47859851921128876,0.88363296537490355,0.53154218587826674,0.84850794640064442
"LIRCMOP6_BC",1,80000,80100,393,24,"unconstrained_population","unconstrained_population",1,NaN,NaN,0.98428738119540193,1.6745742202544678,0.23152220828934311,0.99317839783461415,0.032401654599135576,1,0.054353173939632876,0.98674147697239412,0.066064854156208663,0.99383537579207992,0.12793875927602263,0.99012784692535427,0.13200005603845849,0.9936487370163245,0.16478897648034502,0.99914798695606433,0.18131964232530151,0.98458482513519385,0.22467918521807206,0.96212544656776189,0.24318084360634434,0.96814717293707664,0.26413355634619939,0.95430869976380173,0.28169059738212809,0.94286429083430767,0.31559996260240331,0.94222909093690699,0.35218129170756901,0.93009155256888509,0.38706458130243032,0.90156998679124312
"LIRCMOP6_BC",1,80000,80100,393,25,"unconstrained_population","unconstrained_population",1,NaN,NaN,1.1762286269644739,1.5320228123918307,0.45006099683312467,0.98062940341557936,0.062346255580635362,0.99294153631041271,0.097423824986936663,0.97457642188562343,0.16482948059321384,0.99973402530740962,0.21738026858468842,0.9629211987586217,0.25572992174882703,0.9613647849499275,0.3120870942415761,0.94698935418982155,0.34349041729090957,0.93397376587889491,0.38395981517100947,0.90034124390327308,0.43994323218902287,0.87732262847374531,0.47875637145640032,0.86547791850188016,0.50968164791945081,0.82509146324659544,0.56760837268603903,0.83830700883350351,0.59457493516043947,0.78300671641205355,0.66497277597555948,0.73295018157329117
"LIRCMOP6_BC",1,80000,80100,393,26,"unconstrained_population","unconstrained_population",1,NaN,NaN,1.7170432957378554,0.76038808669465197,0.97730169082089602,0.98741942153356799,0.16291581040677444,0.96751440064602467,0.25939348783993327,0.95087387608771268,0.36098477674887569,0.9197254876335863,0.45233154949719601,0.86600722395000473,0.56560901948724429,0.81940162038146314,0.61832164923761446,0.7498386653879372,0.68354208084157919,0.67891229107274464,0.76290990313048845,0.60864765377345542,0.82416195579281082,0.50600526813785118,0.90637268427075202,0.43095680163626066,0.9524977152087426,0.35304366064942233,0.97150396276754103,0.24258187998553979,0.99323650642952033,0.1453109450706303,0.98823193289046696,0.046225505202730666
"LIRCMOP6_BC",1,80000,80100,393,27,"unconstrained_population","unconstrained_population",1,NaN,NaN,1.0763160933354072,1.6188625652555024,0.33113394194819129,0.99754238417408825,0.055687131679414484,0.9930974539961217,0.073970755104041552,0.96287796204765419,0.099440403763105256,0.97809819171955181,0.16114774659355138,0.97830779166721293,0.16955886626910899,0.96702810329212707,0.21899471756564476,0.97811596112019883,0.24774878343658646,0.96900897047143864,0.31042581220919951,0.93121516151613337,0.32593565031189586,0.95213442830850514,0.33429931863426915,0.92249699854683964,0.40708741894701483,0.9042400427137961,0.44455059670582747,0.90107222389472619,0.46547437365465438,0.87370053994723318,0.50887350669084053,0.86542290604744809
"LIRCMOP6_BC",1,80000,80100,393,28,"unconstrained_population","unconstrained_population",1,NaN,NaN,1.7049095497976476,0.76217698716921423,0.97652552772038237,0.99096778390481932,0.16262482848469295,0.98622558663010951,0.25544358162016523,0.94941186674284106,0.35325845154064051,0.90132271951912002,0.457249011391553,0.8759051619356395,0.55482383697442206,0.81902899431067699,0.61404840122464799,0.76082609476651974,0.68213941788655386,0.66816893253436049,0.76543792962034196,0.59277472062088399,0.82793883968557425,0.52606671374380931,0.90898918861026168,0.43218467738948452,0.93924140080531282,0.34330628288755599,0.96249607408577353,0.23215479678658829,0.99471607640081594,0.14451349410526929,1,0.044726303270341189
"LIRCMOP6_BC",1,80000,80100,393,29,"unconstrained_population","unconstrained_population",1,NaN,NaN,1.0273886386729978,1.6456385140750185,0.28445033674279124,0.98928363381726814,0.040606391125771787,0.98452562913856845,0.068102273386913159,0.97248320621861628,0.080897619214306382,0.98421327738941411,0.14211634554634112,0.98413898169002512,0.15778345970771532,0.97359141507553371,0.18529666356101127,0.99049469027448866,0.21414070198728113,0.98573389436839665,0.25857403380809207,0.94994221290480541,0.27993780364506382,0.9500067604176281,0.29949252321447173,0.94361324614015618,0.35922161935417962,0.92429978727163209,0.38179827884730028,0.93965849971524096,0.40918183478207981,0.90859265920360244,0.45870675239245096,0.89415740159644042
"LIRCMOP6_BC",1,80000,80100,393,30,"unconstrained_population","unconstrained_population",1,NaN,NaN,1.191026840368131,1.4999184659193601,0.47438109028523956,0.98089009785076864,0.065359036412120486,0.98219442987164651,0.11996652841022726,0.97530440487081738,0.15792691916310986,0.9789097010754968,0.231712070089102,0.96046403858999174,0.27547535334371387,0.95729742573471455,0.31355816568485045,0.92903499951141499,0.36368376499324867,0.92265345514487784,0.41197660502207223,0.89864636778458973,0.46386306491736318,0.86761771499555462,0.48000677510471856,0.85018055291985095,0.55355126229021034,0.81005773151648153,0.58252227049862659,0.80693856172595635,0.61619578512284212,0.76067227706942964,0.66203627992918879,0.71340663977155483
"LIRCMOP6_BC",1,80000,80100,393,31,"unconstrained_population","unconstrained_population",1,NaN,NaN,1.6967293955059777,0.77297607899659149,0.96972057842679094,0.99406371336831267,0.15440076993832114,0.97629698219411121,0.25386553694123931,0.95132876405101596,0.34896119657174612,0.90892197586489276,0.44653536083404149,0.87699250625406955,0.55416213256058089,0.8198018324237395,0.61139046319187673,0.76165063646348574,0.67414360518246275,0.68591778551744031,0.75763156007190813,0.60315919238923943,0.81499187376029869,0.51346460366556868,0.89575699886754734,0.43709758989221364,0.94082074434441254,0.35777389655725883,0.97123344373474896,0.24710171139298306,0.98707389689006897,0.158081125776591,0.99042882437544622,0.058591442169189864
"LIRCMOP6_BC",1,80000,80100,393,32,"unconstrained_population","unconstrained_population",1,NaN,NaN,1.6794365950861492,0.8056475484066915,0.95409515532340772,0.99479824200445255,0.15646546811278678,0.98810296571221712,0.24522438383228864,0.94723650412248261,0.339206734469506,0.90425001911347169,0.444242677163458,0.88753725432283692,0.54409926933251784,0.8232180267711795,0.60578225911656458,0.7696536924614803,0.6640822604523815,0.69162019101035743,0.75100047796824654,0.6284147129021922,0.80395382408125293,0.53490049345245827,0.89150012124826983,0.45829787775844394,0.92463777438757777,0.37173811558157799,0.96199261857201979,0.26884210355029908,0.97955598218472639,0.18290398992054346,0.98986392729887562,0.084525939919246382
"LIRCMOP6_BC",1,80000,80100,393,33,"unconstrained_population","unconstrained_population",1,NaN,NaN,1.6853646914989588,0.79731732795197352,0.95882719969474395,0.99503565973574237,0.15221860217282696,0.98684277033282797,0.25071986500239973,0.95143131767600098,0.33994711118608989,0.89965515931654605,0.4345675396228918,0.88427574038118451,0.54690459137272351,0.82307639418400147,0.60327651237875668,0.76423306492016807,0.67032460005169703,0.69878705325450474,0.76034563176558589,0.6039845876771307,0.80993847089204474,0.52697517346343825,0.89318502716345494,0.4531279682646121,0.93502901891584567,0.36500982473831067,0.96650474184212443,0.26373830343361448,0.9814310383567878,0.17085188999371564,0.98813670403684661,0.074616004786571072
"LIRCMOP6_BC",1,80000,80100,393,34,"unconstrained_population","unconstrained_population",1,NaN,NaN,1.3981505566110524,1.2475287837295446,0.68369433432648319,0.98520251403340275,0.10950388999660618,0.99801059987093788,0.1615849228078069,0.97359555551755694,0.24357709770452093,0.95599238140188381,0.31308964936021078,0.95340069345137635,0.37116550701828538,0.91335318631689832,0.45598256419143979,0.86926770991293645,0.50342802727362823,0.84658200939972494,0.57572325705517402,0.80138973856548124,0.62451439596231195,0.75395247632564322,0.69100352802967291,0.70707673853043773,0.72976240136904025,0.64635071973171909,0.78757737954723317,0.59510691279511296,0.82431429765071607,0.55146034284776269,0.87251448088693007,0.46891599448206511
"LIRCMOP6_BC",1,80000,80100,393,35,"unconstrained_population","unconstrained_population",1,NaN,NaN,1.4271743573458062,1.2070966747649627,0.71607089623066722,0.97941222102980607,0.11323032219443345,0.9965354953827108,0.17664902874658875,0.95733317182103295,0.25869943955416685,0.94453780072537152,0.32857872163335622,0.92050362969439958,0.40636253786482462,0.89665373095240519,0.46819159203678273,0.86466181265402253,0.52477704264310843,0.83299873526467383,0.59971024559961705,0.78195921167606197,0.64965761200208416,0.72524263878978579,0.70703788864971784,0.66793546033674578,0.7597760368783556,0.61141238776789986,0.80331124535357379,0.55285624708869885,0.83176954515393065,0.50364153209791229,0.88045787359211114,0.42291008095209354
"LIRCMOP6_BC",1,80000,80100,393,36,"unconstrained_population","unconstrained_population",0,NaN,NaN,1.2150470789857146,1.4946327955134655,0.49987322554719987,0.97119210632511899,0.080926239649034129,0.97298839284102256,0.12563073247120266,0.96382849940665039,0.16853036311238748,0.97229136049047948,0.24437667752504452,0.94980395015742669,0.29407868383687991,0.94669675805853859,0.33198798554518805,0.9472026679666623,0.37768588802084396,0.92633802065605697,0.4391099446566214,0.87695362284638823,0.48026746687658045,0.8676097670130809,0.5103528490203566,0.82298118133002895,0.5722404309842839,0.79651214280705962,0.61055517719466768,0.79031464494154191,0.65294190202063329,0.72436396700842021,0.70226196644117922,0.6900324337416478
"LIRCMOP6_BC",1,80000,80100,393,37,"unconstrained_population","unconstrained_population",1,NaN,NaN,1.4155471363153549,1.217793890637255,0.70564203341120513,0.98342854086451137,0.11117847484742975,0.99413680060407317,0.17567566322927086,0.97474635112616159,0.24915790645505667,0.95342584950346376,0.3199769492993253,0.92579927562812037,0.4023132312744811,0.90345456873179397,0.46280990007039469,0.87873189750137193,0.52170635290161049,0.8350508820636855,0.59378613918749423,0.77973540860708312,0.64422198797186936,0.733162874815105,0.70009307545420796,0.68774214819715962,0.76055919739704714,0.6183616272315986,0.80484720595342496,0.55895437616368882,0.8358720157515318,0.51786220272527217,0.87981805148779624,0.43616616625484406
"LIRCMOP6_BC",1,80000,80100,393,38,"unconstrained_population","unconstrained_population",1,NaN,NaN,1.6957830692245961,0.78998196994622771,0.96580320070034464,0.98438711549760227,0.16047653003585402,0.96225772724934666,0.25798194013474229,0.95151773749985158,0.36248606306656828,0.92011821644720837,0.44081234467493768,0.85916599300554031,0.55626276975826006,0.81774529093386927,0.61632551803128477,0.7541992267155152,0.67778092447542182,0.68190738652846483,0.7518957743350394,0.62661375959699361,0.81813153077159939,0.51398565965646748,0.89491616733030888,0.43872658370874473,0.93487610748041328,0.36777742817250852,0.96415782800936223,0.26132243079259299,0.98768196619308646,0.15247884147807256,0.98353336475965669,0.061789702926596357
"LIRCMOP6_BC",1,80000,80100,393,39,"unconstrained_population","unconstrained_population",1,NaN,NaN,1.4102033514857104,1.2360781205308928,0.69798406416024328,0.97333068287157842,0.10937660152020115,0.99630543379442282,0.16699219140287014,0.96527859458097831,0.24834118295702406,0.95780893167048842,0.31332555093538539,0.92540588176979199,0.38545310229049023,0.90892966065580216,0.46217195892462742,0.86753754327484611,0.51254225559441102,0.85267196765505315,0.58670133879876318,0.79675211225129361,0.63782110437077133,0.73534109071497944,0.69442689626541876,0.68659975521713423,0.74432010707633167,0.64389756316521907,0.79865072920036795,0.57797381409917836,0.83586785151067944,0.5394035456370978,0.88286912511133275,0.45578971139660901
"LIRCMOP6_BC",1,80000,80100,393,40,"unconstrained_population","unconstrained_population",1,NaN,NaN,1.6757166258543106,0.82109159751684335,0.94805266583618575,0.99423676559359708,0.14164981904580137,0.97275076582414122,0.24707086747733684,0.94571308845463764,0.35355218754849571,0.91172908512278505,0.42984834372573805,0.88439735654889584,0.54956775588904261,0.82994602273658891,0.59445892339587225,0.77995238616932916,0.66705080054578314,0.69693591501270702,0.74291993058072148,0.64125560594768372,0.80609269219083468,0.53898885024827092,0.8833827968147574,0.46446631935086735,0.92666845707725021,0.38663558052643449,0.9556760606010779,0.29004649467627414,0.96638120232156965,0.19359260375684334,0.98549809200521366,0.088127139785108222
"LIRCMOP6_BC",1,80000,80100,393,41,"unconstrained_population","unconstrained_population",1,NaN,NaN,1.2061947246111995,1.4972294188645454,0.47581763652409048,0.98012496387605075,0.075379205629682255,1,0.10670114336020602,0.98055871899809399,0.19246786793782014,0.97083978928334935,0.21966939265121063,0.96928943855736938,0.25864619254098231,0.95676505358348851,0.32251017449603386,0.93263254046655575,0.3643023912489507,0.92774916584842448,0.42836560183953953,0.89255681488648864,0.46412944412442059,0.88581792861352104,0.49000152642423433,0.84249265776619553,0.55514199477922033,0.81050709488748096,0.60285351972530732,0.78108427094057464,0.63405997763147093,0.76573660041491542,0.68357486860814198,0.71342154125657209
"LIRCMOP6_BC",1,80000,80100,393,42,"unconstrained_population","unconstrained_population",1,NaN,NaN,1.2182748752975021,1.4791949739304373,0.49415708093344268,0.97758798866330254,0.069440042587902678,0.99297319269773543,0.11316457808038723,0.96217808407721106,0.17588654824419497,0.97921292622267841,0.23305872721671084,0.9543862656790687,0.27202056277719633,0.95087403423225925,0.33978890433220627,0.9381140251367025,0.3808711779131827,0.92090665953119344,0.43337576098093994,0.88758919108138468,0.48210576866667931,0.8728093938256416,0.52256663487048527,0.8349408108865185,0.57145872797793662,0.80052736962403626,0.62137450814198236,0.78185832016516821,0.65200910384298971,0.75686981096915262,0.70615378000592255,0.70202380492942029
"LIRCMOP6_BC",1,80000,80100,393,43,"unconstrained_population","unconstrained_population",1,NaN,NaN,1.2200063440295295,1.4650067280432126,0.50836341345822589,0.97321096546986174,0.071865763377514658,0.98437071958321676,0.12581566859078663,0.97530113495462056,0.18284259328263935,0.97589832709978497,0.25202767683091698,0.95606646971788423,0.28816061055871689,0.94857116549403397,0.34331470754587301,0.94094850688952114,0.38866130905807905,0.91130835563687707,0.44230110464748879,0.8921961963147873,0.490923412785635,0.85690702418137032,0.52035694470513394,0.8221987787674031,0.57895929234930044,0.78763437484221099,0.61665097979156247,0.77507604108620887,0.65526816803121668,0.73610751433757082,0.70444521141540117,0.68077838418512693
"LIRCMOP6_BC",1,80000,80100,393,44,"unconstrained_population","unconstrained_population",1,NaN,NaN,1.3865587908217165,1.263818784018234,0.67502201166956466,0.97401730893249716,0.10039961814350762,0.99410499707032751,0.17047157018160547,0.97093153116050401,0.23878650347838115,0.95186543742315766,0.31765027671409146,0.94323306903201765,0.36665821314862962,0.91014150059810062,0.44537765092746012,0.87203171702813287,0.49462041435082638,0.8574068366605605,0.57690958406269088,0.79905576564642222,0.62316983316617836,0.7556133454200199,0.6783581846333584,0.70352289042595106,0.72547201775543846,0.65146320747022157,0.77457084160087009,0.60655586394222782,0.81761953534290133,0.56058796414019596,0.86088573280695047,0.48045426675373848
"LIRCMOP6_BC",1,80000,80100,393,45,"unconstrained_population","unconstrained_population",1,NaN,NaN,1.6201497878099946,0.90938942908899079,0.89863095998968512,0.98432982629668619,0.14527954149392613,0.98715809048132608,0.23199914410634681,0.9613721897984302,0.32441617271822509,0.92437950544717551,0.41157649943830776,0.89263909807816144,0.50993881180268663,0.84563407060771001,0.57740365582915287,0.78766077633090248,0.63543237273298259,0.73575065487688862,0.71888252361751437,0.66845266518360047,0.7771480861307819,0.58043822471970619,0.85336880406980131,0.5140751144849719,0.90046135302356678,0.44021354982836347,0.93913886278090342,0.34712648809155539,0.96901006873170226,0.27050912048286235,0.98571982820375714,0.17135253096395914
"LIRCMOP6_BC",1,80000,80100,393,46,"unconstrained_population","unconstrained_population",1,NaN,NaN,1.6650043361876969,0.83658785406293235,0.93812553308657198,0.99288458201692631,0.15340898912850318,0.98958261426763805,0.24785825357663196,0.95095210754920068,0.33066422946173613,0.90428573989252281,0.43881899111688433,0.88956753846412484,0.53119984236129236,0.83531337419412222,0.59202744838573795,0.78782310837241987,0.66114203077244582,0.70243028793620954,0.74764554337666689,0.62126746140506595,0.80874792853213151,0.55703446609301777,0.88888245928796783,0.47277784405484058,0.9123856493573943,0.38666156733506818,0.96034716137756315,0.28768037948146385,0.97726724540988086,0.19978981873450813,0.99091728461148498,0.10404854053639517
"LIRCMOP6_BC",1,80000,80100,393,47,"unconstrained_population","unconstrained_population",1,NaN,NaN,1.3757103136762514,1.2737269305204824,0.66472727599833159,0.98062732418531562,0.10464924859883039,0.99729121096161943,0.15942645885513107,0.9754527351602581,0.24003821562418884,0.95300149666964717,0.30719083957122162,0.94527745432504262,0.36779324970546223,0.91276954932871535,0.44276184015528275,0.87780709238686228,0.49142824117220535,0.85473573358988375,0.56197360636346549,0.81027194380972289,0.60976404522886885,0.7670420653507084,0.6692929643642378,0.71524764361948978,0.71498687881462786,0.66065291100572598,0.7702190425476777,0.60749119339611157,0.80979546796577284,0.57394201126883038,0.85804029592466025,0.49369394139905487
"LIRCMOP6_BC",1,80000,80100,393,48,"unconstrained_population","unconstrained_population",1,NaN,NaN,1.229795159326923,1.4583243230295648,0.51032739213214318,0.98250386679128277,0.076754120492420447,0.98520195662783872,0.11896130566487625,0.97700216806980134,0.16846043020143117,0.97314042866054107,0.24569818058980827,0.95919654985558112,0.27233008111825097,0.93830223540418434,0.34529848532912466,0.93453942102414489,0.3924057282230376,0.91616449166625369,0.4482673805565166,0.87726784782996903,0.47898558149512976,0.85467851484672996,0.53803425219936896,0.81991912517288856,0.58823460958022378,0.79345298897756722,0.61031544591387887,0.77859458279584737,0.65310706327202117,0.74129886522225408,0.7041873361888753,0.68370830099898661
"LIRCMOP6_BC",1,80000,80100,393,49,"unconstrained_population","unconstrained_population",1,NaN,NaN,1.4337457557433477,1.2007114921136968,0.72095074145894822,0.98129525489629044,0.11310616284005363,1,0.17967672865146883,0.96420080640885875,0.25619496187397484,0.94852493901917823,0.32867874195612301,0.91928147602369437,0.40761243498489952,0.89759977555375514,0.47672308438963074,0.86222595428968629,0.52850052804993042,0.82936510501892169,0.6077804095647501,0.77894976458302301,0.65655881770803459,0.71368424620622817,0.7078803541822587,0.66676377824967936,0.76581126115426601,0.60386212606862011,0.80121078357835862,0.54153649948583726,0.83458161120210017,0.49602285332689366,0.88522724728025892,0.41283263612359378
"LIRCMOP6_BC",1,80000,80100,393,50,"unconstrained_population","unconstrained_population",1,NaN,NaN,1.6095294140127714,0.92196151057816333,0.89201021115844648,0.98272574208760788,0.14466094356286577,0.98948615871778689,0.22856022006355467,0.95361186033420409,0.31862273696475191,0.92086752841043384,0.40603437082386407,0.89552738395559661,0.49889616008176918,0.85150998607815087,0.57697581001014875,0.79157641122389477,0.63654939158906165,0.7406457582267757,0.71904808337382486,0.68166932691626847,0.77858934173714833,0.58312631664261083,0.8524571166021353,0.51410011922130183,0.88943724387403167,0.44755232655324761,0.9379578278821441,0.34442263806121232,0.95599931173145047,0.27362544677530926,0.98144925691355045,0.17308974437681751
"LIRCMOP6_BC",1,80000,80100,393,51,"unconstrained_population","unconstrained_population",1,NaN,NaN,1.6461025765610544,0.86419669646586383,0.92227681085917723,0.99028959163068564,0.15312562829303955,0.97044847209572294,0.2425356018140491,0.95260330510431235,0.33289979713685225,0.92980048743354915,0.42807854294870912,0.88067689922541836,0.53554720847943349,0.84575760705212466,0.58483277139013357,0.79084233245386237,0.65266220332720726,0.70837779079068952,0.7275456517012604,0.64249101031971012,0.7922525559120549,0.55767261283752068,0.86659842980058199,0.48926130393954625,0.90715360485095431,0.4123198438488449,0.94940042947937275,0.30476562124280776,0.9634619551185446,0.22619752638773316,0.97826356118579127,0.1281755786517082
"LIRCMOP6_BC",1,80000,80100,393,52,"unconstrained_population","unconstrained_population",1,NaN,NaN,1.3735782850984362,1.2974176929048142,0.65881000182988503,0.98640976274423386,0.1040788179271511,0.98070847446872422,0.1645398560926547,0.96752185662438084,0.22849464411190251,0.96362139468762087,0.31186332893531704,0.93925359524898333,0.37122910303313422,0.91823628021226078,0.43030447056166954,0.88664484140610511,0.48521649503563541,0.85501991861060578,0.55791137213704356,0.78932108490948827,0.60565734178660913,0.75750116896236352,0.66247093259508372,0.71115617135300191,0.70549005807263288,0.65922211575331313,0.75336952834420623,0.60234509148030102,0.78733517308026668,0.56194451611110752,0.82584956744437943,0.49031177608519971
"LIRCMOP6_BC",1,80000,80100,393,53,"unconstrained_population","unconstrained_population",1,NaN,NaN,1.2420979724497929,1.456068718565541,0.52401051857791692,0.97958777186137058,0.071475012417772266,0.98917926666402778,0.13487935357663067,0.97498551842355186,0.1717002843106735,0.9679838767537039,0.24874338372914664,0.95897858591308349,0.29588917184051561,0.94469803097824356,0.34268469298030219,0.94385435778613469,0.39381225850761797,0.90926362133875749,0.45307066892721648,0.87299450829738023,0.50476258621464343,0.83679411116571811,0.52451954922674648,0.81740475454783268,0.60058014730016152,0.76955549185621142,0.63085309242297183,0.76278960037852084,0.66738356734482362,0.7099018305906204,0.71172553168515817,0.65422218271274768
"LIRCMOP6_BC",1,80000,80100,393,54,"unconstrained_population","unconstrained_population",1,NaN,NaN,1.6506596586465738,0.85475907492352599,0.92805668320057477,0.99389535505975046,0.15493748602252377,0.99164513095231022,0.23604428411653555,0.95805793071655188,0.32992002765733808,0.90735110712882872,0.4342446529643193,0.88915104279747803,0.52724296127133075,0.82758329935779207,0.59302605540724063,0.78187077990131915,0.64734397532125509,0.69783739048843174,0.72678155273999834,0.64565901402042669,0.78383660875042616,0.55627663786240222,0.86844011236165652,0.4836788043568554,0.90675889006337951,0.39434587383191733,0.94672718136957168,0.30142055410283686,0.97099805784818172,0.21924064771987173,0.97759919349162427,0.12198921608704454
"LIRCMOP6_BC",1,80000,80100,393,55,"unconstrained_population","unconstrained_population",1,NaN,NaN,1.4417474608000176,1.1794611822760186,0.7326984491040367,0.98350580814888766,0.11791948141952645,0.99132558062455622,0.18366165515189115,0.97273331860521839,0.26371742774988116,0.9489471436135315,0.33154078829844813,0.92337906005208892,0.41658424882288492,0.89491221172093671,0.47839577998708438,0.86455120211463954,0.5385600347549464,0.81975993538215142,0.61098362514310678,0.76491790546686445,0.66292775749090238,0.71193773274297767,0.72094146765992795,0.66059946041445838,0.77587557114172911,0.5930846327292546,0.82202939080437309,0.52248335857727535,0.85207190702304403,0.47894454820036014,0.8916395153668224,0.39610022001195466
"LIRCMOP6_BC",1,80000,80100,393,56,"unconstrained_population","unconstrained_population",1,NaN,NaN,1.2968895408243917,1.3924055169018366,0.58069135039046649,0.98987221815431659,0.089817546975382689,0.98264780409830021,0.14133147418715081,0.9686526010931743,0.19314627595267003,0.9714663127540617,0.28006780597077341,0.94069855829760618,0.32607387569516699,0.93301446018121115,0.38069702359260266,0.91745317986787678,0.42058884429130916,0.88965558251940258,0.49088297547322313,0.82656137788076645,0.54454310755988855,0.80995263593700395,0.59217864147363952,0.77451084164066286,0.6441213054696604,0.72632551848102178,0.69442642796395093,0.68873349509698722,0.73796037193400532,0.65899819036232865,0.77495940918555073,0.59788459901391544
"LIRCMOP6_BC",1,80000,80100,393,57,"unconstrained_population","unconstrained_population",1,NaN,NaN,1.2494597870149571,1.4388125550528061,0.52853625748519173,0.9837154342329073,0.079002628408465309,0.99008440550942878,0.12292661060063181,0.97861655924561475,0.17391033557117666,0.96727960728786244,0.25102549680849601,0.96170097006365463,0.28141807387491552,0.93355134693769748,0.35735218417939096,0.9262698739695745,0.39565982175966674,0.91070322127214454,0.4608272081694022,0.86734851015446646,0.49259109552391545,0.84329714514604737,0.55553317937033131,0.8113534909819955,0.6044757283555432,0.77900571251559136,0.6326837683438552,0.76143410836530845,0.67982898291018135,0.72647320463395637,0.73245245580823493,0.66303099068660476
"LIRCMOP6_BC",1,80000,80100,393,58,"unconstrained_population","unconstrained_population",1,NaN,NaN,1.4400705452789708,1.1904140150155114,0.72616476784359452,0.9878257949559226,0.12026154803368247,0.97641718402967037,0.18420753116873154,0.97162827192842671,0.26000446622820406,0.96005033636404857,0.34174439512270077,0.93386937145649895,0.41633991387910657,0.91009553618191141,0.47715331984222464,0.861253450430568,0.53858832690312564,0.82469540545045172,0.61728212843709551,0.7715696980147595,0.6620090402069525,0.71469085258131559,0.72831281565320372,0.66371858549062246,0.76673016608931643,0.60821031686719151,0.81194082625014652,0.53244716672751702,0.84118516174902125,0.4878737399167043,0.88834441230831163,0.40092901416586091
"LIRCMOP6_BC",1,80000,80100,393,59,"unconstrained_population","unconstrained_population",1,NaN,NaN,1.6281010590568807,0.8999897498091517,0.91459047860602327,0.97907575266525582,0.14611116886291411,0.97450408490470752,0.23465799925468317,0.9537564454330848,0.3259699833177484,0.93407066442282161,0.41095606692564424,0.88612775939153976,0.51796465638284683,0.85428110321531447,0.58755923758779116,0.80153059117253633,0.65325873979960758,0.73980489014029338,0.72620730623439544,0.66222673476732852,0.79408013523869558,0.56890674146228504,0.85974386015188298,0.50720213357637767,0.89491201318404789,0.42883466199770987,0.94343449823307635,0.3492987967961364,0.96106463555454646,0.23919000684882133,0.98759217286401946,0.1417268075794052
"LIRCMOP6_BC",1,80000,80100,393,60,"unconstrained_population","unconstrained_population",1,NaN,NaN,1.2847264086842629,1.3978296233929626,0.57197259888715735,0.97994410682866573,0.08391014589797742,0.9845266142596083,0.13788194439945167,0.9717967480366867,0.20522798309468909,0.96831533018239668,0.28068955510242488,0.95169661553786655,0.3201071326916945,0.93554039613218076,0.3836590033136878,0.91824973423728062,0.42966418949252955,0.8876892514951491,0.49208228472311216,0.84761525392873338,0.53678574955536185,0.82099022084355178,0.58402479368770022,0.77214488129796421,0.62557576230337109,0.73483280474468005,0.67777393823578358,0.6971137023408206,0.71216266612921253,0.66851394745079462,0.76260567503750143,0.60500614935458252
"LIRCMOP6_BC",1,80000,80100,393,61,"unconstrained_population","unconstrained_population",1,NaN,NaN,1.6517330207999303,0.83850105948224818,0.93546744667791293,0.9934787671763684,0.15151441301508559,0.97765680891414819,0.23474433710422193,0.95005157047867039,0.34703528297816,0.91819166422375964,0.42293924147123474,0.89381176967437181,0.52562607178678189,0.83498567403884039,0.59122619159593981,0.78747331834990897,0.66952815864270998,0.69783040195991597,0.73411579477867572,0.63352686134472735,0.78823186018502278,0.55261888963757588,0.85299047408017115,0.47424628015530979,0.91902906395504447,0.38562793646367099,0.94528177339886155,0.28109403678217343,0.96542542550553301,0.205684472751273,0.97685986411255421,0.10690772247629704
"LIRCMOP6_BC",1,80000,80100,393,62,"unconstrained_population","unconstrained_population",1,NaN,NaN,1.6042499962332826,0.92866765281166841,0.88765643044101172,0.98645325036698273,0.1450982581899509,0.98459367397242437,0.23254814984989369,0.95316705350583997,0.30805435284359839,0.92492197377926544,0.41414173833307499,0.90151481775611386,0.49944458628775568,0.84789810657290576,0.56489320932405751,0.80467467425477968,0.62649308463536291,0.73183076077230758,0.71776679525130027,0.68288497311862018,0.76670257041245948,0.58174802103007273,0.83833272004384018,0.51684511932100541,0.87663879699916758,0.44879313791844988,0.92182016461781902,0.35386996956774475,0.94381548862068332,0.27997808652144168,0.95974337327350379,0.17756961644088298
"LIRCMOP6_BC",1,80000,80100,393,63,"unconstrained_population","unconstrained_population",1,NaN,NaN,1.6372122979526402,0.872166833259168,0.91929148391768889,0.98237569559155968,0.15488033703524609,0.97296758994085164,0.24279778958035469,0.95118261179801267,0.32938366255115015,0.9241650954426669,0.41662499438627454,0.88453334209047396,0.52417984164581544,0.84793838677744549,0.5841422216105705,0.79170631337942665,0.65498339664751715,0.72408569028034941,0.7321273687925941,0.65969140881102173,0.79685871910164319,0.55983821685301405,0.8660116365244277,0.48459468606933037,0.89963659771906201,0.41955995239808586,0.94843165414997932,0.3092239596375902,0.96463756014886881,0.21678487436506066,0.97911128723106966,0.12794776107697664
"LIRCMOP6_BC",1,80000,80100,393,64,"unconstrained_population","unconstrained_population",1,NaN,NaN,1.360600762391559,1.3030333880928744,0.64742385276306258,0.98431527421452725,0.10262538577649495,1,0.15131542612687962,0.97767982664997521,0.24064405704909408,0.95510489780246166,0.29547477229668884,0.95383635874922068,0.35964589631669158,0.91501201804770216,0.43456213965215151,0.87510605608493042,0.48157205974509498,0.86273481069030944,0.55022948775784897,0.80702208758919325,0.59213578040742376,0.77566449738219512,0.65863681267209007,0.72891232718597787,0.69737726698381186,0.67026206818238743,0.75237415600317048,0.62676744692003994,0.79141014877061111,0.59303519563493357,0.84259162434151436,0.5097069606121285
"LIRCMOP6_BC",1,80000,80100,393,65,"unconstrained_population","unconstrained_population",1,NaN,NaN,1.3106011783610167,1.3769629439450406,0.59576499239687841,0.97255220661892738,0.087017843472168843,0.97663288520110969,0.14627300989714706,0.96634381114202239,0.20661565343149163,0.97130201411899098,0.27916245358873831,0.92803387350125388,0.32678811460840163,0.92690762504259416,0.39231931923909419,0.91845310693113502,0.43687921240007577,0.88472649188741559,0.50375527744968873,0.85768341318983021,0.5629768157136581,0.80138032920563418,0.59989722091202147,0.76388709306635916,0.64092596257684442,0.72710739887084663,0.70195195040367242,0.70238736957938275,0.74642657035671389,0.63511433325802624,0.78746788927309419,0.58347337463690718
"LIRCMOP6_BC",1,80000,80100,393,66,"unconstrained_population","unconstrained_population",1,NaN,NaN,1.2620202734796933,1.4198985563084487,0.54593070966546309,0.97790311767288862,0.088897042353752953,0.99116233593815983,0.1266026787313313,0.97450961368115596,0.2016986345225332,0.97363876093401014,0.26407022910130384,0.95313194726292449,0.30266903342735363,0.93702349465802204,0.37649612595620302,0.91857596635693328,0.41670205628789836,0.90277220462936991,0.48046633835584313,0.87016785748944603,0.51724580347876481,0.84500430533822812,0.56842477732858987,0.79900237717497802,0.61656325664549083,0.7595253970519682,0.65711583436715926,0.72346584914323997,0.70119765892897812,0.70151306761159471,0.72266494092312628,0.64531104362033287
"LIRCMOP6_BC",1,80000,80100,393,67,"unconstrained_population","unconstrained_population",1,NaN,NaN,1.4565084301147264,1.1613670784261334,0.74716248484872183,0.98143457083750252,0.11292440126291921,0.98231074401065865,0.19297984312187877,0.95880889874079833,0.26820832061588773,0.95360683295277138,0.3482367706487961,0.92569686511888793,0.42868110666425291,0.89216391318540911,0.48595501602730212,0.86389574212246156,0.5431103414666123,0.81461171858043713,0.6130940710744025,0.7472563929980256,0.67106774945623848,0.68831739206386588,0.73349372757028275,0.64984228151362933,0.78326942315024128,0.58458884463949679,0.82883035065832422,0.52803887177826847,0.86652304321449047,0.46626389182216249,0.90221624990729865,0.38162151292313323
"LIRCMOP6_BC",1,80000,80100,393,68,"unconstrained_population","unconstrained_population",1,NaN,NaN,1.276061642929154,1.4078480219554497,0.56285232838407473,0.97497547922891226,0.082815171053649272,0.98498510726557387,0.13280030605239795,0.96086743672038011,0.20647816897523802,0.97363345281518898,0.27298733586062868,0.95277735044827416,0.31210110949695535,0.93928390968894226,0.38014416648927996,0.91052146812850343,0.42356766613494801,0.89700292169671891,0.48582913031768288,0.86685260599837788,0.53095194829285153,0.82894845655883631,0.5805735663329088,0.78046049947609886,0.61969440811321086,0.74811019790236966,0.66686073295064063,0.72141529395151482,0.70057613920501627,0.68127675441615931,0.75619996474758844,0.62010838040626393
"LIRCMOP6_BC",1,80000,80100,393,69,"unconstrained_population","unconstrained_population",1,NaN,NaN,1.5983130868350357,0.93821334155721792,0.88135753381387238,0.98445295067919336,0.14014952484320936,0.98283619211156115,0.23182085180291345,0.95655910998933502,0.31418994442828196,0.93123174899819761,0.41822072496513396,0.89677422058312928,0.50162956575964635,0.85286990013165997,0.56542617728724265,0.80509931221358122,0.62362358765416825,0.74145578997583117,0.70707798154410662,0.66089264780784795,0.76643870235815037,0.58463487151731253,0.83918816468561563,0.52163224326562829,0.87561884467624407,0.45333373034159752,0.9202769858947657,0.3674417866980591,0.94777649091707616,0.28313388854312582,0.96042254255622195,0.18927028246075456
"LIRCMOP6_BC",1,80000,80100,393,70,"unconstrained_population","unconstrained_population",1,NaN,NaN,1.5920886632894589,0.95280982882051779,0.87511618605387587,0.9789792776457833,0.13948242088499496,0.98967760398823557,0.22649743809100564,0.95208076399946373,0.31994663914014182,0.91899304403927928,0.4061646074320297,0.8992432734242809,0.49226105742320936,0.84859353488341815,0.56410485967435819,0.79998925585071823,0.62448950966192629,0.74857853552516584,0.707009552491079,0.68554074438330825,0.76221386966447002,0.5970459221904284,0.84017866515895567,0.52394362147974227,0.8787617339303273,0.45396591156942562,0.9066210151262919,0.38688634160549673,0.93202074332227947,0.27859816013107958,0.95713390108803109,0.18998429182141144
"LIRCMOP6_BC",1,80000,80100,393,71,"unconstrained_population","unconstrained_population",1,NaN,NaN,1.4660060940409063,1.1557996623869933,0.75493877623823336,0.97827193974664661,0.11514200424818666,0.98312263445928583,0.1952943838302913,0.9657610454590082,0.2667806183186488,0.96089775318666437,0.35876430999196351,0.92085470352208809,0.42784026017454824,0.89176856363195633,0.49341439330430958,0.86008997008405141,0.54360817081438739,0.81976579759191093,0.62197880996171029,0.74506680740327769,0.67558537757330106,0.68073049319281553,0.73807025099472556,0.64255176596850527,0.78408204220138533,0.58856492840523245,0.83469216122392775,0.53146814819517774,0.88103801252432135,0.46407017525766214,0.91153066750987133,0.38008103892232115
"LIRCMOP6_BC",1,80000,80100,393,72,"unconstrained_population","unconstrained_population",1,NaN,NaN,1.6286603936323685,0.8830105938512145,0.91737145690525146,0.98302415295809453,0.14720604314703573,0.97611058654207217,0.23490825449863259,0.9446086022781105,0.33382810166689747,0.92504365756380402,0.41459592962416275,0.89939400740735453,0.50533019164884596,0.84322796092785546,0.58869130150533566,0.79055073684660737,0.65107028863268845,0.7241824296459749,0.7309946801144116,0.64881445159294193,0.78706865297334683,0.55831717641551837,0.8531248735654362,0.49515880786229471,0.89246860210139833,0.42972905887096158,0.94033121709478629,0.30736804315187344,0.95481029052252597,0.24261245499699163,0.96966121213092182,0.12835351170740172
"LIRCMOP6_BC",1,80000,80100,393,73,"unconstrained_population","unconstrained_population",1,NaN,NaN,1.3468279803711747,1.3280342041442237,0.63190412287791453,0.97976664770980681,0.093787440802438143,0.97388291341952471,0.16299042376502582,0.95680862540400324,0.20893804939017707,0.97277017937998167,0.3040208897950511,0.93672218144806507,0.36253892272148197,0.91903597735835652,0.41575391821489394,0.90495483376679275,0.46960171791109778,0.88013122866254589,0.54089241597731719,0.81774930605412166,0.58619191759590561,0.7879160033678867,0.63788268358822686,0.74385151165550356,0.70262509754102043,0.69294650873686425,0.73713842438308108,0.66157915174478932,0.77408237916865208,0.61216267793366519,0.82074735828246648,0.53993518488927061
"LIRCMOP6_BC",1,80000,80100,393,74,"unconstrained_population","unconstrained_population",1,NaN,NaN,1.4941227229281446,1.1079108715292132,0.78079916199708888,0.99228359855734971,0.12035947449533836,0.98809859855813387,0.19284629065918935,0.96028483472770365,0.27984046066086166,0.95262290991933452,0.35255507070783471,0.93293736003272321,0.43559620315012537,0.9001324837142366,0.50469959924586183,0.84492110734788706,0.56778244141866341,0.79749344731463578,0.64104665661381077,0.74212777067243829,0.70544137971325749,0.67710652828673357,0.76761632115151723,0.63217332320992115,0.80636899048731925,0.55540328416698714,0.86360586349245827,0.49570732679536506,0.87607011521730382,0.42519365736379028,0.92499935722058546,0.32972316309494132
"LIRCMOP6_BC",1,80000,80100,393,75,"unconstrained_population","unconstrained_population",1,NaN,NaN,1.3007281467649499,1.3855354154607573,0.58614502319831008,0.97678482446461856,0.082478216627829851,0.97233624671146812,0.1440292545547372,0.96352533072696978,0.214238820679963,0.98183675203468868,0.27206299866606964,0.95329117317188916,0.3260030949244257,0.94505294319490429,0.39621185561900318,0.91575300490296307,0.44363773056924122,0.89382095774573256,0.48783051258484378,0.84259396107190221,0.55374936028915189,0.80815917830012918,0.5962384934526197,0.77550867238921273,0.65313886219280748,0.74059390054005281,0.70849207511821422,0.69483696412796214,0.72773337674204175,0.67096205149865618,0.7904638246587079,0.59528769513275992
"LIRCMOP6_BC",1,80000,80100,393,76,"unconstrained_population","unconstrained_population",1,NaN,NaN,1.3412446328765966,1.3392940900697983,0.61876197263798116,0.97861681869085881,0.091896404214009672,0.98714623199446583,0.14909610530752898,0.96505608831774448,0.2036130807961064,0.97051655649174684,0.30220086323325496,0.94171633539018273,0.34548061406637015,0.93022028393778189,0.39631158165175367,0.90973198427597901,0.44840152513239051,0.87873630097597522,0.52578353504058672,0.82175120154275383,0.57503766575608095,0.78813567151624531,0.62281025479290775,0.748347528921391,0.67616917803350307,0.69763986382467424,0.71664421992003002,0.6649062679652763,0.75753565082958163,0.62077854044314174,0.79686502553471483,0.5523449791891758
"LIRCMOP6_BC",1,80000,80100,393,77,"unconstrained_population","unconstrained_population",1,NaN,NaN,1.4989853418617951,1.0978898797941925,0.78826838815256328,0.97787733827886636,0.12483277158881144,0.98509439711448121,0.1969171014329324,0.9691785118741586,0.27907504029639407,0.94804958397574324,0.3572535218991737,0.9090694828503838,0.44919618541115502,0.88905189741574442,0.51459450691276465,0.84515876894266373,0.573437716069366,0.80508154211224781,0.64169676935892239,0.74295548087571894,0.70542783136645659,0.67326918592988005,0.76782790555128377,0.6172465514549752,0.82124483967572448,0.54429658806509207,0.85837841095952205,0.49936037191825544,0.8885572242761699,0.4048547849847407,0.93178171476088867,0.32439702242523177
"LIRCMOP6_BC",1,80000,80100,393,78,"unconstrained_population","unconstrained_population",1,NaN,NaN,1.5061044677221569,1.0901762454637498,0.79131839999328235,0.98375738944210545,0.12148603121539779,0.97855240746581862,0.20090547659548155,0.9615134780764778,0.28941575448722301,0.93991787384483305,0.35143477786653998,0.91613832058376188,0.45014078545515079,0.88089879048027675,0.51079410856490881,0.8406991257083809,0.57360024756263139,0.7986198179434616,0.64595472318507308,0.75069622511937673,0.70169934188693128,0.66078738022243944,0.76395543438543778,0.60552976135104142,0.81367870683510846,0.55030670923086844,0.86704581533514169,0.4723936102278844,0.88390683805228742,0.40388583759200536,0.91908969024186016,0.31649551046035773
"LIRCMOP6_BC",1,80000,80100,393,79,"unconstrained_population","unconstrained_population",1,NaN,NaN,1.451122415332323,1.1741821629824927,0.74088612471930704,0.97869769865781919,0.1133509591542412,0.97637700914628645,0.1814596498442369,0.98108230833482835,0.26378379494114612,0.96709952108905761,0.35178534480336771,0.92682076661193213,0.41712172261477815,0.90406011714495582,0.48663436477724631,0.86121813430374428,0.53953811124178375,0.81135579153169979,0.61295595272628434,0.75788809212563257,0.67241479068874677,0.69210970068311928,0.72740837946357662,0.65327148340733954,0.77866007445283092,0.59547609199645857,0.83222111062116122,0.52801656981213352,0.86544559764350437,0.47654636867530864,0.89725089856814333,0.38373609564829708
"LIRCMOP6_BC",1,80000,80100,393,80,"unconstrained_population","unconstrained_population",1,NaN,NaN,1.3296228616851744,1.3441837536950336,0.61218088579030705,0.97904509579454246,0.092664681964293782,0.9899002212487451,0.14857652972030977,0.97479808640666199,0.22213958392274485,0.9619954433213862,0.29424228187137763,0.95121281480198117,0.34400656166835536,0.92583851317806887,0.41123199403708932,0.89580465459036551,0.44087161439534606,0.87326396348458291,0.51984111147817358,0.83052080926983618,0.56858181862918922,0.79449781367832784,0.62433049073122726,0.75194321878820158,0.66389648528617506,0.70357313386681009,0.72264584261213238,0.66053283777602112,0.76868781017525856,0.63247753592121891,0.81803746853373105,0.5574685602465892
"LIRCMOP6_BC",1,80000,80100,393,81,"unconstrained_population","unconstrained_population",1,NaN,NaN,1.3516918092816097,1.3103448021489552,0.63763637404359086,0.97938454676675801,0.10023176236321969,0.99697037612648498,0.15146703995682534,0.97536234767736985,0.23092232083293698,0.96073870669596029,0.30073645012982275,0.9513038041862919,0.35422868906105881,0.92259693290023459,0.42848820696254258,0.88504853813919881,0.4755507665258944,0.86508450405154025,0.54164713610975823,0.82732373151851379,0.59114197829077875,0.78526972361401359,0.65108030468652345,0.73631209256760988,0.68967999795003831,0.68358165358667944,0.74795809509035571,0.63731082386373028,0.78807994589659347,0.60597633137028473,0.84251059060188349,0.52574545946913798
"LIRCMOP6_BC",1,80000,80100,393,82,"unconstrained_population","unconstrained_population",1,NaN,NaN,1.4741137024429654,1.1325387899821433,0.76287399327263938,0.98345653931625043,0.12136882659078212,0.98551549796988258,0.19582833911550446,0.9768317600958788,0.26734961253498746,0.95282363064165221,0.36371738260456266,0.92174735533100338,0.42940765453858687,0.89107727902656753,0.50104957248539883,0.85330244168358882,0.55305339806283094,0.80106964774987355,0.63024497061990514,0.74296989078308573,0.68691015482371176,0.68031217652633758,0.75087422961574435,0.63146335348901783,0.79134772193603686,0.56925351240672584,0.84287071979986217,0.50008790152314386,0.87941879534591472,0.44226457598466579,0.90645610639709218,0.35554564974558467
"LIRCMOP6_BC",1,80000,80100,393,83,"unconstrained_population","unconstrained_population",1,NaN,NaN,1.4823946527421059,1.1266161257916161,0.76859137013873657,0.97985642806531303,0.11781746793395104,0.99135998181442253,0.1970286282409347,0.9614325182068747,0.26889694041169854,0.949006276198745,0.36091161532914529,0.91126112267960235,0.43390165186382307,0.88714419322289562,0.50443940273721766,0.84795928330096082,0.55479388726384227,0.80527761298338962,0.63738122093997374,0.74824302516939312,0.69251352341780659,0.67186596494577322,0.75055357263564337,0.62269288565474978,0.79765231220632449,0.5636517266867842,0.83863895701388591,0.49986420218292188,0.86988462042768488,0.43369372854257626,0.90750522504633324,0.34878917010126009
"LIRCMOP6_BC",1,80000,80100,393,84,"unconstrained_population","unconstrained_population",1,NaN,NaN,1.3131993576647998,1.365254046212419,0.59879213522565611,0.97953094454461576,0.092803729948897323,0.98065543535779143,0.14570486127428944,0.97068590797512866,0.21756716161904585,0.97134392341970521,0.28976424904919618,0.95175019574994435,0.33429898513363948,0.93071841681937451,0.40087177495100523,0.90445333458637511,0.44830205769595466,0.87493525694689356,0.51175951672511022,0.8373924881443251,0.55805699940738451,0.8016019294355079,0.60929424806087729,0.75445681015140165,0.65145544944503708,0.71385221986328162,0.69771883998061834,0.67375183110279036,0.73336114677599951,0.63487086283655336,0.77650917443753509,0.57040844837781646
"LIRCMOP6_BC",1,80000,80100,393,85,"unconstrained_population","unconstrained_population",1,NaN,NaN,1.4859807136105854,1.1184108000262458,0.77172003170099357,0.98222404347486747,0.12344442777742777,0.98451018024326264,0.19473194504584213,0.97272200958136756,0.27911320414326757,0.94843202845707497,0.36567914050914962,0.92989657440022833,0.42876504639884089,0.88083320624966022,0.50264771973394506,0.84843802294890791,0.55543710322440043,0.79246895434952613,0.63634679986698472,0.74836251977882418,0.68212449948023668,0.67870783786533151,0.7475398573168095,0.63012046018534396,0.79259795358143093,0.56510868285046945,0.84368527607401933,0.48954205667796613,0.88440140071986295,0.43827283755408114,0.90560676132544649,0.3432404659063526
"LIRCMOP6_BC",1,80000,80100,393,86,"unconstrained_population","unconstrained_population",1,NaN,NaN,1.5185077085261551,1.0726466310490674,0.80544985378078915,0.97825297039913128,0.12596487971873044,0.98462229616786978,0.20581782513512398,0.96094363208936573,0.27623856250253231,0.94124547250146251,0.3695888320568716,0.90177286240162213,0.45957552512868116,0.88035770826510196,0.52067137811561981,0.84574200699572477,0.58169485984003888,0.79255818855943305,0.65680491594445001,0.73240540883275029,0.71646282200450306,0.65275228841311517,0.7773766085792424,0.59790753472784908,0.82634317779950806,0.53010426037304925,0.86724164799667736,0.47842537945100477,0.89471534949025844,0.38117439151169424,0.93182543171496479,0.30040661313597761
"LIRCMOP6_BC",1,80000,80100,393,87,"unconstrained_population","unconstrained_population",1,NaN,NaN,1.4700964565948129,1.1444541214949941,0.75609748553531608,0.98153212803678525,0.12297677031990702,0.99356014669852077,0.18794534210526284,0.95814789181320847,0.26952551967481803,0.95144037111742752,0.35441175524044199,0.91807578714345239,0.42725643803514668,0.88958338161805806,0.49637024561568099,0.85981204640663755,0.55259213197517043,0.79753567878124942,0.61868040930971702,0.74698438519430843,0.68628529803612559,0.69868141566530628,0.75487140617604498,0.64539437464359661,0.7835760137505996,0.57509718219654204,0.84009692300280103,0.52993035503323593,0.86327897599238623,0.4470795594075555,0.90377853222135907,0.36809659177022569
"LIRCMOP6_BC",1,80000,80100,393,88,"unconstrained_population","unconstrained_population",1,NaN,NaN,1.3219421905267226,1.3555322248293358,0.61194770600359361,0.97500647427053722,0.092370758367635364,0.99537640946848127,0.14289672174575399,0.96373849629500064,0.22246386481969838,0.96815763109594699,0.28173196081817964,0.93729289486936107,0.34937360225189118,0.92920593534011919,0.40037088182212566,0.90583669048342375,0.45512690315687254,0.88204412220483241,0.51859892508907168,0.80907364447721641,0.57123792429318321,0.80055569685759709,0.61966911427862992,0.75300250809954017,0.67610875450455876,0.70681692173616983,0.72138580263644769,0.66708850085996318,0.75973707955845793,0.63594751611666711,0.80283973639556461,0.565399934039583
"LIRCMOP6_BC",1,80000,80100,393,89,"unconstrained_population","unconstrained_population",1,NaN,NaN,1.5867077834002767,0.97053769458571126,0.86299727594382436,0.98395700548133447,0.14343080101776212,0.97295463122157255,0.22957331417212931,0.95200414054742677,0.31876737530112537,0.92905800009944439,0.41352299694177602,0.90152005865797458,0.49367066925455783,0.84711772981115585,0.552076033046771,0.80779908454055405,0.61243114444240343,0.74747223428997334,0.69912966210067329,0.70076872625784659,0.74703028260526594,0.60501281408808993,0.82773186677297939,0.5381865199113276,0.86607609262030727,0.46809107668047756,0.90689002191231782,0.38352725149636069,0.92955150790849683,0.30038858200237273,0.94723534971836865,0.21372258931101396
"LIRCMOP6_BC",1,80000,80100,393,90,"unconstrained_population","unconstrained_population",1,NaN,NaN,1.514259304533756,1.0869812412896174,0.79978296882021849,0.97805490319037114,0.12625589135570209,0.991915630465519,0.20075046013486558,0.96172395503957797,0.28147823265452898,0.94996340131233026,0.3545239013817435,0.91166202870767443,0.44925034820372933,0.87800771952683188,0.52003442753418194,0.84058417834065557,0.57937849685068543,0.803438043247102,0.66018791763963647,0.74892467235677396,0.71554191368454512,0.65710439467137793,0.77746245100245637,0.61264652296556776,0.83121637200925358,0.5399149027805159,0.87531449760329183,0.48660536038392538,0.89255569720972772,0.39387056380402297,0.94439280871481479,0.30704448335676393
"LIRCMOP6_BC",1,80000,80100,393,91,"unconstrained_population","unconstrained_population",1,NaN,NaN,1.5239454197398756,1.057062688703222,0.81243826575356315,0.98055435359536902,0.13463286983038769,0.9780315405513722,0.2075272552910043,0.96061075533373486,0.28987011918753963,0.94196530620689356,0.36935471065620096,0.90611003664057266,0.45608131660138596,0.87719359701693955,0.52519840632362724,0.82801863389701347,0.58884187737529292,0.78107304322667903,0.65700629640134312,0.72345482000130312,0.72000385217763752,0.64757444942253517,0.78507612730338205,0.58122393861102406,0.82421474145853613,0.52223243785505336,0.8757478289180366,0.43354325259178494,0.90338664525226053,0.3587786571920224,0.92835156653115436,0.28136623695914148
"LIRCMOP6_BC",1,80000,80100,393,92,"unconstrained_population","unconstrained_population",1,NaN,NaN,1.5375005225778628,1.0389265753766146,0.81993542189462909,0.98805343359873521,0.12535827694012122,0.98518140581044755,0.20722837261538682,0.960628105548892,0.30135314898196819,0.92849668588305956,0.37174678636917924,0.91182423050634465,0.4654627831194541,0.8664440942468925,0.52574719837194761,0.82525901640192745,0.58717825818214975,0.77066143907046714,0.66261000359894706,0.71723788102430786,0.71723940217889681,0.64390162866783707,0.78544421042835477,0.57932475701111852,0.83348110837823386,0.51217987447560354,0.8740780253030388,0.43385902880238347,0.89894609617826093,0.36775014746210966,0.92953404662632533,0.27488478155703999
"LIRCMOP6_BC",1,80000,80100,393,93,"unconstrained_population","unconstrained_population",1,NaN,NaN,1.5410014943679129,1.0275647079005283,0.8299439244912088,0.98098078393617416,0.13544006134045569,0.98113340644527269,0.21263498628869951,0.96888740271181728,0.30586226681679379,0.95047051766251145,0.3814591540180865,0.91991964754646272,0.46587920909686126,0.87792978526112475,0.53893952785834831,0.81512246430478863,0.59811860326047372,0.77868666762163685,0.67769871648229918,0.71160193409826811,0.73593363594022854,0.63696093289105749,0.80460934014990237,0.57449987222964394,0.85087209805803266,0.50667172155737572,0.89086859280610553,0.42875057079985712,0.91988845472695346,0.35928549387916159,0.95106761389765049,0.25919096820624632
"LIRCMOP6_BC",1,80000,80100,393,94,"unconstrained_population","unconstrained_population",1,NaN,NaN,1.5322741517397918,1.0468816876789455,0.81683123702651339,0.98060446244634591,0.12917084794487146,0.98763711229168583,0.20978294467485126,0.95750241317894091,0.29457042503214492,0.94672764964288647,0.37061588473202633,0.90575817998198105,0.47150662914106478,0.875820837952619,0.51812785529081617,0.82888642146421432,0.59179338982357077,0.78991718865701988,0.6623944433959158,0.72694921126101231,0.72197419646161987,0.65335107990826669,0.78270238597135977,0.5884399448895643,0.8525546494252757,0.50936749665210157,0.88146657118113447,0.44525166768541613,0.90936385150589716,0.36514689725282024,0.94702327889057103,0.28933358744322368
"LIRCMOP6_BC",1,80000,80100,393,95,"unconstrained_population","unconstrained_population",1,NaN,NaN,1.5766688630747949,0.97542229419108617,0.85944741638673106,0.98504465664696084,0.14070393172645451,0.98023042705203411,0.22717945938235723,0.94948299156295124,0.31407212746223706,0.92247982319595712,0.41155641529317288,0.90797871618917014,0.48620410544584325,0.8505150483696452,0.54877442920728725,0.81611771680899237,0.61056373118321239,0.74682198022049096,0.69441142431053349,0.6941326279134552,0.74784181477208944,0.61668284910722437,0.82577618029066979,0.54406342334739233,0.85986878860553506,0.46990780796873716,0.90507938635583307,0.3835849931531779,0.9288843503856552,0.30901265368521791,0.9566080458284284,0.21919280003355507
"LIRCMOP6_BC",1,80000,80100,393,96,"unconstrained_population","unconstrained_population",1,NaN,NaN,1.5642928932137408,0.99640809626525095,0.84948663425326765,0.98137129356501929,0.13675989970120261,0.98874524865336988,0.2139432217691708,0.96007169988647956,0.30198455217246412,0.94187471525451949,0.38037528189098679,0.89651538744295933,0.48269342997181552,0.86480016406954863,0.54898703804423477,0.81907096270113511,0.60978071198146622,0.76484601626018489,0.68407726391687573,0.70547562159190014,0.74905570211650518,0.61738321707407617,0.8160998929026636,0.5636370784780238,0.86250007283342656,0.48687236599471345,0.90374109657399737,0.42485822299424159,0.92029989951350144,0.32373813217833231,0.95227612195759237,0.23474053372727807
"LIRCMOP6_BC",1,80000,80100,393,97,"unconstrained_population","unconstrained_population",1,NaN,NaN,1.566057159761636,0.9849148599967591,0.85329349918455999,0.98570198612645277,0.1428340419301129,0.98553787586564723,0.21474670244551056,0.96963681307542571,0.31372730843132185,0.938530196727827,0.3894711180176792,0.91610805865363709,0.47868590685270346,0.8652864848741908,0.5527394669183473,0.80350819814865759,0.60997879709401714,0.75687746787793708,0.68755050208024504,0.70398511720455748,0.74463258913636643,0.62278181606360239,0.81923531398792282,0.55552315277525754,0.86644212075160043,0.47717779330253562,0.90409369054350852,0.39573995450224603,0.93149923819250624,0.32733887346753454,0.95965593936535165,0.22555043501939132
"LIRCMOP6_BC",1,80000,80100,393,98,"unconstrained_population","unconstrained_population",1,NaN,NaN,1.547765004831287,1.0235511394350658,0.8341460297878005,0.97576498724726801,0.13953801175181979,0.99042515901233541,0.20786191527981868,0.95951945679821593,0.292122509231665,0.94853200147502892,0.37274907484019915,0.90401371287218868,0.4605746478517172,0.8714411331651819,0.54610322709896653,0.82437013803977421,0.60179045602491887,0.77846927357681883,0.67811463868372079,0.70925504441452925,0.73954368250776126,0.6270473801576999,0.80097093127800301,0.57898332273373754,0.84540014534550068,0.50841910516697697,0.89606867482085151,0.43351899723204124,0.9145144436139796,0.34824805779840645,0.94435768202044645,0.25485371968842485
"LIRCMOP6_BC",1,80000,80100,393,99,"unconstrained_population","unconstrained_population",1,NaN,NaN,1.5589357056060358,1.0062146542739743,0.84328793926907153,0.98869066345703138,0.13651681126212956,0.99350513860893086,0.21615400754126712,0.95876533348799919,0.29348514184209296,0.92934937165329512,0.38450253882211227,0.91508773550324185,0.47882052201033665,0.87192747985962482,0.5426984349319468,0.8250044596512276,0.60200370211140486,0.76318919687013365,0.6915704299264509,0.7034979224653557,0.74081259077225736,0.62093029533085564,0.81117776206032421,0.56810360901245271,0.84997336640072807,0.49155973782247209,0.89858066030922235,0.4194103620595504,0.91441634490090817,0.34530808624366321,0.95039099452870812,0.24221093520351428
"LIRCMOP6_BC",1,80000,80100,393,100,"unconstrained_population","unconstrained_population",1,NaN,NaN,1.5519051032007165,1.0124355303999633,0.83766532137799643,0.99313485806834245,0.14155743623398656,0.97917357318055664,0.21396407866620898,0.9720938654745126,0.29906851399780765,0.94018453755688436,0.38863904059397608,0.91781089036775965,0.46703604357434136,0.86719074729473677,0.54290253780358577,0.80931644284088411,0.5927097676612354,0.76068319803522222,0.67369252727232076,0.71272898390633244,0.73128518076971916,0.62748028560330582,0.80549007758542768,0.56627731954581884,0.85044839623415125,0.4869320916749616,0.89061400320726014,0.40656245162075805,0.92061088438027994,0.33886421059036531,0.94571577576034471,0.24179276750655754
"LIRCMOP6_BC",1,80000,80100,393,1,"feasible_endpoint","AF_train",1,98,0.5556839187809236,1.780478835232455,0.72928117807134263,0.99606720109191715,0.99569200110020895,0.2028667682122671,0.98802542862965748,0.26655890308954849,0.95484326320810931,0.3676235371686416,0.9119328705300358,0.43542586703985209,0.8660051220508338,0.58218227648165621,0.81920294373908664,0.63081876860018893,0.74065263203111653,0.69967126507943134,0.66259426083038087,0.77942208649718325,0.62414804778009603,0.84450166627895684,0.49884673578314187,0.92097317940777623,0.40657973994625163,0.96569919779688551,0.32217490764735912,1,0.21092797763573568,0.99585411320655881,0.10603126750256087,1,0.012069827838627173
"LIRCMOP6_BC",1,80000,80100,393,1,"infeasible_endpoint","AI_train",0,98,0.5556839187809236,1.6596989378857201,1.0603423897913538,0.85494722772026543,0.99548487132908003,0.17174011825453658,0.97277350173037513,0.21216557673620298,0.9511343514180155,0.30880608798636378,0.9303471733991544,0.37868729012755259,0.95663244050858376,0.50096569110709122,0.8469968158904333,0.56266151345681947,0.79741009002325058,0.62084063536015854,0.75120469843923554,0.67089624914590729,0.69958644628524014,0.79638827294753456,0.59720177264047414,0.80904314157589463,0.51806309708554199,0.8718621070958098,0.45502853447132252,0.89366618101260265,0.36779438900785083,0.89048612176601227,0.28039205715076243,0.9118385246234757,0.20206806306846173
"LIRCMOP6_BC",1,80000,80100,393,2,"feasible_endpoint","AF_train",1,99,0.43494656731480991,1.7858083705117016,0.72606908522781433,1,0.99477549992938563,0.17328803160375331,0.9806323893800466,0.27029645314305872,0.95379581571001859,0.37517068706806977,0.92038383593265072,0.44759962644741103,0.88613730238694521,0.58236153970202031,0.81646648849217252,0.62230989999573505,0.75226752800795316,0.70521502304497241,0.65413052566760788,0.80207884391384987,0.61464794708679027,0.85634028505620674,0.50151186759970889,0.92614353052297571,0.41564461984586165,0.98167610110286485,0.32594982116193799,1,0.20325979178119691,1,0.1143565022751071,1,0
"LIRCMOP6_BC",1,80000,80100,393,2,"infeasible_endpoint","AI_train",0,99,0.43494656731480991,1.7304097312664652,0.99460883539549794,0.9591867879570396,0.98514522359440915,0.15755536105900225,0.98868639862534968,0.26279605317126004,0.94885435565299492,0.37589787452660589,0.89473013248861366,0.43357316816539793,0.88420708004644566,0.56824681345128703,0.83580622627504808,0.59091028495544817,0.75727754998661811,0.68756604530110477,0.68217183011587335,0.76741403200455505,0.63447285568860756,0.82031963744897696,0.54507284781133014,0.88585077183042182,0.44716782986403608,0.95723344644601194,0.36132668651166211,0.97949250611728833,0.40057146870691285,0.98114496527976536,0.17220861123143272,0.99145736931535211,0.065942796924998562
"LIRCMOP6_BC",1,80000,80100,393,3,"feasible_endpoint","AF_train",1,82,0.51973875339731046,1.6324469700859547,0.89895556526420528,0.91160294354887328,0.98957055245198267,0.13422305242529756,0.96748260259309582,0.23977231243508323,0.95101742865217287,0.32306321102964874,0.91315388537756514,0.42437629510655822,0.89350298429220398,0.50747617925668176,0.8427566048911026,0.58272371467206507,0.78960845341330943,0.64334624932025131,0.72430526078278112,0.73229303816585123,0.67345342427503119,0.79070567315821894,0.55373853406297713,0.86961010280032136,0.48882188645699215,0.89110592787687737,0.43369983690561187,0.9385531172499495,0.32437037520134876,0.95933658620370488,0.24864036186216562,0.96613907261707854,0.13163245774260809
"LIRCMOP6_BC",1,80000,80100,393,3,"infeasible_endpoint","AI_train",0,82,0.51973875339731046,1.5084351329139509,1.2055868501318405,0.74065277298369525,0.98297092985088852,0.099022842848515508,0.96584724701026736,0.1868069652508097,0.95957364486464225,0.24595767947403913,0.93661666450959802,0.36085146268658974,0.91394114693785622,0.41621708236243549,0.89693506487630459,0.47167573642640348,0.85804886480710341,0.52692406576145678,0.80464543526731491,0.60915799780446478,0.77848136655389488,0.65806037970959241,0.68667709208282735,0.72284956479218243,0.61571667065218294,0.75823066718041143,0.58704026118718766,0.80018263158916769,0.51702539671312675,0.83757363849552902,0.46265599387820822,0.85350933284213171,0.37468102018072713
"LIRCMOP6_BC",1,80000,80100,393,4,"feasible_endpoint","AF_train",1,68,0.419783989816919,1.5310852925195135,1.0581230970255509,0.81550007479076936,0.97554221954378906,0.13941689000853141,0.98206144352017621,0.21157996133507811,0.95519090033374265,0.28484453050231051,0.95039843148127845,0.37968530052297966,0.90718214342548364,0.46103073333080946,0.87797760847127526,0.52775224564139211,0.83481685218637691,0.58728268853648857,0.79294001226185817,0.66830192731486282,0.71444334000061083,0.72044151898009001,0.64075010228303486,0.78226048289724637,0.57892527215616885,0.83248848594358926,0.52658666149700839,0.88166889149404692,0.43801719477855172,0.8988869285662634,0.368940593542465,0.92922247507939681,0.27340185059333333
"LIRCMOP6_BC",1,80000,80100,393,4,"infeasible_endpoint","AI_train",0,68,0.419783989816919,1.4159051348865148,1.3014856324930355,0.67353877757684111,0.97349826913390958,0.12120014316265557,0.98475534410087739,0.15926032057246028,0.96268821316079434,0.22860930824965395,0.97241990111833454,0.3223796101932157,0.9343481382147758,0.38180631378789592,0.91464856583607179,0.44780491185673449,0.88629144091223144,0.49655415008321258,0.8618445240972562,0.5621440076405293,0.77499731189514209,0.60397470005351983,0.74266018783313115,0.67015895794143265,0.68981261602988742,0.71819824382905162,0.64996933031379411,0.75865797964642057,0.58174931380668748,0.78011529018831061,0.54869145718068424,0.82236962402795744,0.46028528510609706
"LIRCMOP6_BC",1,80000,80100,393,5,"feasible_endpoint","AF_train",1,76,0.36772773670163761,1.5870586600952323,0.96193101959463334,0.87031324756069262,0.98743093261901627,0.13339275324732006,0.98263774581840946,0.22748001367262885,0.95463327435721279,0.3079485575358758,0.91999233420104143,0.39483259981555496,0.90728578878349975,0.48727596902440851,0.84621694333830599,0.55348524217177109,0.80467706774252679,0.61333917492090118,0.76310183949127453,0.7098528675174296,0.69005729391898707,0.74796429689637844,0.59290695886017231,0.81848211506713286,0.53899422459161284,0.8782533426960667,0.46385897012886379,0.91438024579333788,0.37059598617235062,0.93158549228252152,0.29834598902797232,0.96176858899706374,0.20319934142816165
"LIRCMOP6_BC",1,80000,80100,393,5,"infeasible_endpoint","AI_train",0,76,0.36772773670163761,2.0672498493410751,0.88778057220851092,1,0.99603239714743153,0.1716172525950454,0.99761028890396675,0.29179414279910942,0.94639335082803422,0.39462648327298644,0.89410853562502113,0.47051839075557017,0.86921355678513623,0.62118836280487677,0.78538359350503484,0.67680339976319626,0.72605751475482072,0.74439992602988625,0.65595348735594705,0.85624961578326109,0.5836174229158595,0.89611924204739124,0.4398077734505908,0.98298609556257621,0.37847279319600013,1,0.26094750571826036,1,0.14124995277874924,1,0.032421996784176454,1,0
"LIRCMOP6_BC",1,80000,80100,393,6,"feasible_endpoint","AF_train",1,86,0.75103483584466624,1.6614669322914284,0.84795569199576093,0.93486878465471102,0.98758271345959336,0.15787452475616784,0.98163353634782746,0.24501995747815553,0.94701423521842354,0.33175477808175641,0.91580438423925281,0.44666101970863437,0.89408462883978967,0.52767720534127183,0.83502837917207207,0.59117353129662609,0.78002231908641761,0.65665468980106967,0.69575093859990589,0.74197984471284872,0.66310537413299786,0.79700082153877372,0.55366239330685363,0.88155079456012642,0.47018398066709011,0.91181217554418792,0.39818049518420728,0.95705988144137111,0.2901371530810371,0.97042092731530838,0.21019007605919632,0.97969259479329063,0.10042008102803612
"LIRCMOP6_BC",1,80000,80100,393,6,"infeasible_endpoint","AI_train",0,86,0.75103483584466624,1.4571770460810303,1.2807903099412221,0.69163557022589073,0.98154532593726995,0.086098565689748233,0.97051539457128633,0.17843190211251739,0.9593701176629984,0.23024458189422106,0.9553200798409921,0.34948660576398943,0.94447311531747435,0.37225832963725647,0.88958879799727264,0.44824325158003608,0.89911043885288344,0.49725221993690316,0.81871810298912084,0.58166776954751542,0.78022369322079899,0.62101545164035832,0.71979010214815575,0.67585392686615464,0.67465004304295784,0.71256083217529409,0.63694318202195066,0.77629575067094292,0.55720911258989825,0.80149566384365345,0.53106151315154926,0.82849002552289031,0.44650366789050328
"LIRCMOP6_BC",1,80000,80100,393,7,"feasible_endpoint","AF_train",1,87,0.25921103065004975,1.6701292852182616,0.83609731030576728,0.94176681103103221,0.98977371614476728,0.16016794887458477,0.99011706565299473,0.24143576487096796,0.94791512771365416,0.33435911716235589,0.91031774969009516,0.44267235548713407,0.88944537804642387,0.53395624788992579,0.83254794378464303,0.5960265635087012,0.77938518288452008,0.65799093676859888,0.6945896592066938,0.74817635098564605,0.65863371472881649,0.80201553424949157,0.55806951719421138,0.88912811253999169,0.47626993647455024,0.91902966592220359,0.38337296420560973,0.95984865959745469,0.28687141983808379,0.97485099593985569,0.20157075428181054,0.99194908362454148,0.098774466621677298
"LIRCMOP6_BC",1,80000,80100,393,7,"infeasible_endpoint","AI_train",0,87,0.25921103065004975,2.0219711029753142,0.76142673369315039,1,0.99675781648047246,0.17070984531690492,0.98644643068137028,0.12428296195229238,0.93944210483985024,0.36489997808321706,0.8942185898249595,0.49588781109213675,0.88745925851524032,0.56891253227959537,0.81096992997557671,0.63590992883344,0.74408813678960339,0.71166780000607921,0.67223359633910862,0.80466616086031539,0.64530546861833038,0.85848480618621337,0.50901297972899617,0.96319141395950714,0.42395316671117833,0.99012030897366943,0.32548996982114486,1,0.22076904385223095,1,0.12293046765873927,1,0.007424056627099801
"LIRCMOP6_BC",1,80000,80100,393,8,"feasible_endpoint","AF_train",1,76,0.59553665295316305,1.5870586600952323,0.96193101959463334,0.87031324756069262,0.98743093261901627,0.13339275324732006,0.98263774581840946,0.22748001367262885,0.95463327435721279,0.3079485575358758,0.91999233420104143,0.39483259981555496,0.90728578878349975,0.48727596902440851,0.84621694333830599,0.55348524217177109,0.80467706774252679,0.61333917492090118,0.76310183949127453,0.7098528675174296,0.69005729391898707,0.74796429689637844,0.59290695886017231,0.81848211506713286,0.53899422459161284,0.8782533426960667,0.46385897012886379,0.91438024579333788,0.37059598617235062,0.93158549228252152,0.29834598902797232,0.96176858899706374,0.20319934142816165
"LIRCMOP6_BC",1,80000,80100,393,8,"infeasible_endpoint","AI_train",0,76,0.59553665295316305,1.5291337278440924,1.3307227238533073,0.79036970070463142,0.98683620514824333,0.12320035309129548,0.99269898698526848,0.19289653769451914,0.95228645929052524,0.27762077641484262,0.93427852541864564,0.35522513128446043,0.9196368731465201,0.44915744938119506,0.8714317987010668,0.51331235386013896,0.8253783489505262,0.56077352140099612,0.81282288858747165,0.64811022043756306,0.72058695214192969,0.68410797525245304,0.65650781462954044,0.76378074234934579,0.50875041612136684,0.82312861538328486,0.4378968409324675,0.84485244888196576,0.45657942148282676,0.86555904477891643,0.40107979890497503,0.90942413531405486,0.31745217680157289
"LIRCMOP6_BC",1,80000,80100,393,9,"feasible_endpoint","AF_train",1,68,0.26033412352167529,1.5253001342307582,1.0620715538682082,0.81106582114636261,0.98206662645405429,0.1279163107468593,0.98421246985891964,0.21085382188987351,0.95923474188178581,0.28366731583621252,0.94207991900239607,0.3703696383897831,0.89421420439459975,0.46709577145220027,0.88210781482087453,0.52179870194381173,0.8484290949263561,0.58756866923417339,0.78524947700648551,0.66333742497014381,0.71896142137189645,0.72203564102551132,0.64473878514152339,0.78261806770154774,0.59316543720013537,0.83837110274033422,0.52066793040746162,0.87970291474618678,0.45510802998324396,0.89983799506281992,0.37245549246470877,0.93182543171496479,0.28821154604853427
"LIRCMOP6_BC",1,80000,80100,393,9,"infeasible_endpoint","AI_train",0,68,0.26033412352167529,1.4900238506913248,1.2239936515907845,0.73259806340595879,0.98334553429953697,0.11618525849784496,0.98751407120568735,0.18229577502516908,0.98562370876576755,0.23976260168675029,0.95257288786775618,0.33971229741361436,0.90192183883680377,0.42835462293912396,0.90472018839220691,0.47011902465763589,0.87343293996640725,0.53523272206748695,0.81403756916484837,0.59746048666183338,0.75461119103327545,0.65316003460559424,0.68730905457322877,0.71338124801068936,0.63761471218670918,0.76720421148261275,0.58065884750599328,0.80259543327001959,0.52146025233562365,0.82368054356191234,0.45815270199468699,0.85183631551597938,0.37980268170756465
"LIRCMOP6_BC",1,80000,80100,393,10,"feasible_endpoint","AF_train",1,81,0.42690178599132339,1.6218695905769627,0.90028263301393763,0.90665377309278505,0.98857253718645333,0.14238640898782318,0.98664173478507555,0.23438504861445836,0.95595114706841811,0.3184273547523826,0.91413138982727515,0.40657601917513897,0.89341457689346915,0.51112150991106353,0.84177550386282174,0.57502270228803543,0.79075751307061337,0.63862311669079241,0.74298622042407048,0.72845574406683622,0.68063113434085198,0.7773144017123238,0.56647447973039355,0.85070475370361232,0.50333054204143945,0.89946214711786376,0.42662325941281209,0.93377902829766679,0.33796629199360018,0.95352183707312355,0.24353307962605503,0.97643875786371293,0.15261319832744419
"LIRCMOP6_BC",1,80000,80100,393,10,"infeasible_endpoint","AI_train",0,81,0.42690178599132339,1.5911583663137487,1.1668511953624499,0.83975239899596876,0.99015424008873376,0.13279084342789094,0.9863207746316387,0.21289121299137531,0.9533243812901615,0.27187751724621079,0.91425434212056922,0.38053226047587607,0.7892340415595176,0.48430726661282647,0.85848825737118251,0.53672164107224973,0.80519742827964702,0.59728241222663314,0.77934377298078927,0.67368430744747387,0.72780618414232956,0.71904717138737051,0.61187944664977389,0.79745925114225602,0.55015194454530691,0.84677585652407839,0.47996472431896658,0.8680484150401393,0.41787092819187743,0.90232905344090386,0.31705891454532009,0.92149044091022891,0.25182311678755431
"LIRCMOP6_BC",1,80000,80100,393,11,"feasible_endpoint","AF_train",1,87,0.39505169749585878,1.6701292852182616,0.83609731030576728,0.94176681103103221,0.98977371614476728,0.16016794887458477,0.99011706565299473,0.24143576487096796,0.94791512771365416,0.33435911716235589,0.91031774969009516,0.44267235548713407,0.88944537804642387,0.53395624788992579,0.83254794378464303,0.5960265635087012,0.77938518288452008,0.65799093676859888,0.6945896592066938,0.74817635098564605,0.65863371472881649,0.80201553424949157,0.55806951719421138,0.88912811253999169,0.47626993647455024,0.91902966592220359,0.38337296420560973,0.95984865959745469,0.28687141983808379,0.97485099593985569,0.20157075428181054,0.99194908362454148,0.098774466621677298
"LIRCMOP6_BC",1,80000,80100,393,11,"infeasible_endpoint","AI_train",0,87,0.39505169749585878,1.6470386509134478,1.0834875844755978,0.82856488989108579,0.99333999805436279,0.14109783169788964,0.9906865741646993,0.15252320503141792,0.9565877524250046,0.28773581960457201,0.91850759041752805,0.39008995039852451,0.91104281953511612,0.46582890541971295,0.85208172321806674,0.53228575024551961,0.82630921354718057,0.58755359518706562,0.74693241022931223,0.67271626491410219,0.70165463185711663,0.71479669815623326,0.63268782819539404,0.79094718448778634,0.54728452258725691,0.8155462161460143,0.47929723839801175,0.85957593538108845,0.3853215245371388,0.87496315943588343,0.32529861424105949,0.8977633595567478,0.23816359677215479
"LIRCMOP6_BC",1,80000,80100,393,12,"feasible_endpoint","AF_train",1,91,0.22978106349495828,1.6955169323016084,0.80122538913389596,0.95990354241193898,0.9929836107470198,0.15978342020724542,0.97749194120166316,0.24921829841171056,0.95161553959026768,0.36310927818648081,0.92218329406503763,0.44382284044916287,0.8959485732120327,0.55093684131444376,0.82636979121768883,0.61326752463849343,0.75922230995283613,0.67778200607075179,0.69893676480831202,0.76877112345955867,0.63445543391058989,0.8158955271442736,0.5202314733428075,0.89795035139133572,0.46125645352184802,0.93549563029492822,0.372876164497561,0.96917280537230166,0.25685350010858643,0.97870291686942412,0.17834071792600006,1,0.068497940876929952
"LIRCMOP6_BC",1,80000,80100,393,12,"infeasible_endpoint","AI_train",0,91,0.22978106349495828,2.1399446253818555,0.72411030991089675,1,0.98644705710154867,0.17554124638073385,0.97722053028566536,0.27801858105623029,0.94783015157932793,0.39829548631935879,0.91522659289324504,0.48646058638198597,0.8796739299631553,0.61184969167358816,0.80955853365307129,0.68356490451474494,0.74197539409754965,0.758162935449475,0.67303091238765433,0.85906950223752976,0.59663404239820939,0.91389474991446829,0.46996902995869905,1,0.40363384975467603,1,0.30964184994695321,1,0.19007323597078318,1,0.088711102718107143,1,0
"LIRCMOP6_BC",1,80000,80100,393,13,"feasible_endpoint","AF_train",1,76,0.33733302667018961,1.5870586600952323,0.96193101959463334,0.87031324756069262,0.98743093261901627,0.13339275324732006,0.98263774581840946,0.22748001367262885,0.95463327435721279,0.3079485575358758,0.91999233420104143,0.39483259981555496,0.90728578878349975,0.48727596902440851,0.84621694333830599,0.55348524217177109,0.80467706774252679,0.61333917492090118,0.76310183949127453,0.7098528675174296,0.69005729391898707,0.74796429689637844,0.59290695886017231,0.81848211506713286,0.53899422459161284,0.8782533426960667,0.46385897012886379,0.91438024579333788,0.37059598617235062,0.93158549228252152,0.29834598902797232,0.96176858899706374,0.20319934142816165
"LIRCMOP6_BC",1,80000,80100,393,13,"infeasible_endpoint","AI_train",0,76,0.33733302667018961,1.5792756378756521,1.1743237698651288,0.7888871019311019,0.98313669573561802,0.094914454269861073,0.98023472295861358,0.20140883357254818,0.95670613370065727,0.27217438138912331,0.93256203072689114,0.36965265181180162,0.93558113559402656,0.43137069631243302,0.87553423077374348,0.50680216860300198,0.84967914578148851,0.56248917183003821,0.81619150440759836,0.66219153459029245,0.73106732610777625,0.69528610449848638,0.65606134514965142,0.76169378034091118,0.60355623535759007,0.89408529601839659,0.55480106415025521,0.86123612241760938,0.47697458061353687,0.88818430294667317,0.425515018943318,0.93426758447041758,0.40344234064080936
"LIRCMOP6_BC",1,80000,80100,393,14,"feasible_endpoint","AF_train",1,98,0.99999999999839584,1.780478835232455,0.72928117807134263,0.99606720109191715,0.99569200110020895,0.2028667682122671,0.98802542862965748,0.26655890308954849,0.95484326320810931,0.3676235371686416,0.9119328705300358,0.43542586703985209,0.8660051220508338,0.58218227648165621,0.81920294373908664,0.63081876860018893,0.74065263203111653,0.69967126507943134,0.66259426083038087,0.77942208649718325,0.62414804778009603,0.84450166627895684,0.49884673578314187,0.92097317940777623,0.40657973994625163,0.96569919779688551,0.32217490764735912,1,0.21092797763573568,0.99585411320655881,0.10603126750256087,1,0.012069827838627173
"LIRCMOP6_BC",1,80000,80100,393,14,"infeasible_endpoint","AI_train",0,98,0.99999999999839584,1.666055221093675,1.3436897458678396,0.87962674937833052,0.99559960039536821,0.17873998280975839,0.98072594117549117,0.23412999925079239,0.9582105946706303,0.32700741940714645,0.93400850522256473,0.3816043267181739,0.89032118022715934,0.51506959525514839,0.84764158038920323,0.56648275153747529,0.7844390075426273,0.62712707895727837,0.71489501788590615,0.69292309877868186,0.67143692607622885,0.75582413830318707,0.41539041561408718,0.82408119906179234,0.4984365226474069,0.87530288792665312,0.42686541947206724,0.91450767673791022,0.3211208810590036,0.90376052405509721,0.25470237374871096,0.92113794526339066,0.16656773918892195
"LIRCMOP6_BC",1,80000,80100,393,15,"feasible_endpoint","AF_train",1,1,0.4531775087318472,0.70569999999999999,1.7057,0,1,0,1,0,1,0,1,0,1,0,1,0,1,0,1,0,1,0,1,0,1,0,1,0,1,0,1,0,1
"LIRCMOP6_BC",1,80000,80100,393,15,"infeasible_endpoint","AI_train",0,1,0.4531775087318472,1.0291814323375086,1.6931505689184703,0.19022251699738479,0.99195685385759746,0.0083186891427996165,0.98144170570544431,0.04282539761397941,0.99187022774678679,0.044684750339639118,0.99934640166050404,0.10404437503023203,0.98099229333891669,0.10650201398149167,1,0.1331054728677849,1,0.15107326988877451,1,0.17270761165057763,0.98627022605799552,0.21233751071492069,0.98616665109201374,0.22685797804754154,0.98500888345341309,0.25554372299076145,0.97359361298307068,0.29136314540977615,0.99430821360357591,0.31672584650034463,0.98447306698367709,0.35928673574288927,0.95940345577826591
"LIRCMOP6_BC",1,80000,80100,393,16,"feasible_endpoint","AF_train",1,1,0.4531775087318472,0.70569999999999999,1.7057,0,1,0,1,0,1,0,1,0,1,0,1,0,1,0,1,0,1,0,1,0,1,0,1,0,1,0,1,0,1
"LIRCMOP6_BC",1,80000,80100,393,16,"infeasible_endpoint","AI_train",0,1,0.4531775087318472,1.0291814323375086,1.6931505689184703,0.19022251699738479,0.99195685385759746,0.0083186891427996165,0.98144170570544431,0.04282539761397941,0.99187022774678679,0.044684750339639118,0.99934640166050404,0.10404437503023203,0.98099229333891669,0.10650201398149167,1,0.1331054728677849,1,0.15107326988877451,1,0.17270761165057763,0.98627022605799552,0.21233751071492069,0.98616665109201374,0.22685797804754154,0.98500888345341309,0.25554372299076145,0.97359361298307068,0.29136314540977615,0.99430821360357591,0.31672584650034463,0.98447306698367709,0.35928673574288927,0.95940345577826591
"LIRCMOP6_BC",1,80000,80100,393,17,"feasible_endpoint","AF_train",1,99,0.46430733814593805,1.8191379411319462,0.72306372656540074,1,0.99513103646082257,0.1753872657166467,0.97746459142905184,0.2743931219600827,0.95092123805975393,0.38575056623092385,0.91821861546179473,0.44629819622832079,0.88546583906725063,0.59479922448363554,0.81926103377089388,0.62530460141923294,0.76318675864641961,0.71372497319648076,0.65067503114349634,0.80652187937098341,0.5946517746072868,0.85943738999303076,0.51430642987372677,0.92563381720965854,0.41387012186894434,0.99315662477236333,0.32073464409634989,1,0.21245340887053257,1,0.10980862301469124,1,0
"LIRCMOP6_BC",1,80000,80100,393,17,"infeasible_endpoint","AI_train",0,99,0.46430733814593805,1.8055364564143135,1.0138932947005639,0.91667575196329587,1,0.1521610830715891,0.9775931176042798,0.15773476827455968,0.96543883781372708,0.36399411171567597,0.93413074465098211,0.40510881720940256,0.90086925593475653,0.53949213288064102,0.8364934427680063,0.56870180090127143,0.79829612132927341,0.64764476221795975,0.6779597981312937,0.73023131629651927,0.61204092796273257,0.79059158113969308,0.54001616161545729,0.84510221396295693,0.46399285922477207,0.91485630652706706,0.37447003046694882,0.92124912461336783,0.26935394036951776,0.90441926469464218,0.18177811359212459,0.91427865436908062,0.067025825100652248
"LIRCMOP6_BC",1,80000,80100,393,18,"feasible_endpoint","AF_train",1,20,0.034064430076533224,0.96502235927174373,1.6821026412515563,0.1960959453265938,0.9921233603556614,0.022011448367226231,0.97870723107101776,0.040748644318933491,0.99336191441023414,0.071252889315872134,1,0.097072410146809202,0.98532295917225288,0.12448790807089022,1,0.14987362514207619,0.98898276156853593,0.16499766685158127,1,0.16939216275533608,0.96696098931254149,0.20859418765690824,0.97190152029724874,0.223125647923199,0.97820263393230444,0.25533560117890336,0.95634269114759718,0.28508470906176864,0.96617410349516764,0.29631119741927803,0.95949439580864926,0.35076424794711869,0.94094225335195247
"LIRCMOP6_BC",1,80000,80100,393,18,"infeasible_endpoint","AI_train",0,20,0.034064430076533224,0.95618459469951489,1.785025253575619,0.24103623621822223,0.99251926312175143,0.031494498792086233,0.98837039112863123,0.053106294281219407,0.98704283300570639,0.087462797463143241,0.98035384128250236,0.11327681309650228,0.97721950711069416,0.1417621811099159,0.976724083454521,0.18421570701532103,0.96666359964549042,0.19510974580794169,0.9758724051577824,0.20968010962982275,0.94863678419785713,0.2378799190820679,0.93251048768537803,0.25543444400475163,0.93052956154613842,0.288684890854155,0.90924674132358974,0.31413760287079368,0.9021201622649756,0.32050640402932518,0.89135427203959949,0.36480809792842095,0.87048883748961692
"LIRCMOP6_BC",1,80000,80100,393,19,"feasible_endpoint","AF_train",1,67,0.41383740492716758,1.5185077085261551,1.0726466310490674,0.80544985378078915,0.97825297039913128,0.12596487971873044,0.98462229616786978,0.20581782513512398,0.96094363208936573,0.27623856250253231,0.94124547250146251,0.3695888320568716,0.90177286240162213,0.45957552512868116,0.88035770826510196,0.52067137811561981,0.84574200699572477,0.58169485984003888,0.79255818855943305,0.65680491594445001,0.73240540883275029,0.71646282200450306,0.65275228841311517,0.7773766085792424,0.59790753472784908,0.82634317779950806,0.53010426037304925,0.86724164799667736,0.47842537945100477,0.89471534949025844,0.38117439151169424,0.93182543171496479,0.30040661313597761
"LIRCMOP6_BC",1,80000,80100,393,19,"infeasible_endpoint","AI_train",0,67,0.41383740492716758,1.8106718423963943,1.0306285793275358,0.8488923607438047,0.97579067366638372,0.14268869281738478,0.98152357972229276,0.21721544079041447,0.95686307083115174,0.29704234286375264,0.9389117520933794,0.39086368545114808,0.88100818298518524,0.48589586550943098,0.88176514418895513,0.54723216032967703,0.83181616374557521,0.61409002936662072,0.7685878493742786,0.67807815273908956,0.69930456818418363,0.90484442950182409,0.62127841470059542,0.81767774933378345,0.55048866437667221,0.84555066277371327,0.49106175492356552,0.90104784492059498,0.4526073754097103,0.92711701925425283,0.3151419158587111,0.95276915173795518,0.23475710899300384
"LIRCMOP6_BC",1,80000,80100,393,20,"feasible_endpoint","AF_train",1,65,0.30720275069492226,1.5050327384587661,1.0917610077614983,0.79318198270095941,0.98026767391735392,0.12150591626389146,0.98565912862427885,0.20066285842161333,0.95986690489976079,0.27917949870899894,0.94584819660142927,0.36444801960394491,0.93049485263400855,0.4430286139552902,0.89183459102494056,0.51048854361808393,0.84684433716530216,0.57439024582978471,0.79329883391073586,0.65583759931715924,0.73496840449864154,0.71073669749989565,0.66629143260575252,0.77471257637322566,0.61879174117962643,0.82036972336503144,0.54536397537342962,0.87147936557805383,0.48343147253925667,0.88738853810673779,0.41252557290415626,0.93400036309705869,0.31174513303370127
"LIRCMOP6_BC",1,80000,80100,393,20,"infeasible_endpoint","AI_train",0,65,0.30720275069492226,1.442257869171043,1.2776248249063709,0.68937206678335272,0.98146657196971543,0.14736761406959806,0.98594516085801542,0.16905110839971743,0.95905214754948309,0.23553274944633526,0.94791015583270066,0.31665348181946296,0.93817365866863134,0.37521701644472044,0.92166059974215486,0.44857403617888847,0.87525392982577421,0.50769522393547906,0.82708700924875167,0.5742509888754459,0.7913122736296726,0.62111051808300088,0.72958886612966289,0.68457163366638341,0.68515098208158454,0.72111804801860835,0.61623372131552223,0.77095302056544124,0.5801256128006067,0.79415434536443064,0.50886590204459003,0.83584191218984194,0.4315775232596013
"LIRCMOP6_BC",1,80000,80100,393,21,"feasible_endpoint","AF_train",1,76,0.51243516638024678,1.5870586600952323,0.96193101959463334,0.87031324756069262,0.98743093261901627,0.13339275324732006,0.98263774581840946,0.22748001367262885,0.95463327435721279,0.3079485575358758,0.91999233420104143,0.39483259981555496,0.90728578878349975,0.48727596902440851,0.84621694333830599,0.55348524217177109,0.80467706774252679,0.61333917492090118,0.76310183949127453,0.7098528675174296,0.69005729391898707,0.74796429689637844,0.59290695886017231,0.81848211506713286,0.53899422459161284,0.8782533426960667,0.46385897012886379,0.91438024579333788,0.37059598617235062,0.93158549228252152,0.29834598902797232,0.96176858899706374,0.20319934142816165
"LIRCMOP6_BC",1,80000,80100,393,21,"infeasible_endpoint","AI_train",0,76,0.51243516638024678,1.5801530792440912,1.282729809951173,0.85315269391870086,0.82734859257290028,0.13209023498344469,0.98441373800379006,0.25452639915840758,0.94924758909449092,0.30126541860100264,0.91820579308771899,0.38912896804021946,0.91744753580957306,0.46985381540749449,0.85275309964698653,0.55022982455013991,0.81050811730847605,0.61046767157987647,0.77866497851398708,0.70200389113827599,0.69375336895459871,0.73380085659039818,0.61232857896828463,0.80880641489192628,0.55490025973235935,0.86681103506570445,0.48015931598603123,0.91163288940206599,0.38843870848022238,0.92374954414824328,0.33237734117292728,0.95869298410277493,0.2253639061863231
"LIRCMOP6_BC",1,80000,80100,393,22,"feasible_endpoint","AF_train",1,48,0.089242190582783973,1.3468279803711747,1.3280342041442237,0.63190412287791453,0.97976664770980681,0.093787440802438143,0.97388291341952471,0.16299042376502582,0.95680862540400324,0.20893804939017707,0.97277017937998167,0.3040208897950511,0.93672218144806507,0.36253892272148197,0.91903597735835652,0.41575391821489394,0.90495483376679275,0.46960171791109778,0.88013122866254589,0.54089241597731719,0.81774930605412166,0.58619191759590561,0.7879160033678867,0.63788268358822686,0.74385151165550356,0.70262509754102043,0.69294650873686425,0.73713842438308108,0.66157915174478932,0.77408237916865208,0.61216267793366519,0.82074735828246648,0.53993518488927061
"LIRCMOP6_BC",1,80000,80100,393,22,"infeasible_endpoint","AI_train",0,48,0.089242190582783973,1.4105891572961733,1.3093956392036237,0.66536745764516003,0.97124712944711278,0.099300853067460823,0.97326779893927007,0.17088608405272721,0.9552058100456855,0.19873983277321175,0.96976993475670703,0.33566113269188952,0.93283885078546303,0.38150052088842468,0.9238336980250017,0.42795185077015019,0.89065825459013925,0.48588433268647391,0.87350634608103972,0.56078165927918522,0.82952866573078743,0.60378787862560301,0.77722293937341569,0.67380805927454612,0.71621913104047008,0.74707927237764205,0.67621938264721027,0.76647652033335401,0.64693854777338466,0.81402829061632986,0.58893446790231097,0.8483279771871659,0.50127020951033441
"LIRCMOP6_BC",1,80000,80100,393,23,"feasible_endpoint","AF_train",1,71,0.25485336575157891,1.5477226865489526,1.0254761398591001,0.83321490983273561,0.98710352733341244,0.12591017025734913,0.98321938291006572,0.21441654288938719,0.95898898189499815,0.29607518487513668,0.93707226358173523,0.38506597103234541,0.92259581567188742,0.47037173105770524,0.87783751860996162,0.53745262146265071,0.83065678810904009,0.59797125889770542,0.76877359066302853,0.68409942064290896,0.70616811215767439,0.73914528148317271,0.6251555083621001,0.80739650995533285,0.57807667138568042,0.84805844073153647,0.50405909569014207,0.89371175324854302,0.42368516651810817,0.9090517345348621,0.36036932733325217,0.94499799094670756,0.25276003316417767
"LIRCMOP6_BC",1,80000,80100,393,23,"infeasible_endpoint","AI_train",0,71,0.25485336575157891,1.7306003209757443,1.0079158752178494,0.99438071062023181,0.96462720696596094,0.15348967883874073,0.99340552917434222,0.24628487574804445,0.95744312428115541,0.33877353118164055,0.91381858715133035,0.44772945140351944,0.88816753967312123,0.54474656096904428,0.84806499347596564,0.61044882968075798,0.78050345644632091,0.66993507542244024,0.70806037704569813,0.76119407381384463,0.630733039652977,0.81163335517087531,0.51841438677814444,0.89983064528989998,0.46199644065951118,0.92434960341357142,0.38253457974640592,0.96745802066341169,0.27690663168498253,0.97626562445838072,0.19001014523481322,0.9862416760109205,0.082065475631908441
"LIRCMOP6_BC",1,80000,80100,393,24,"feasible_endpoint","AF_train",1,82,0.46934247172828364,1.6324469700859547,0.89895556526420528,0.91160294354887328,0.98957055245198267,0.13422305242529756,0.96748260259309582,0.23977231243508323,0.95101742865217287,0.32306321102964874,0.91315388537756514,0.42437629510655822,0.89350298429220398,0.50747617925668176,0.8427566048911026,0.58272371467206507,0.78960845341330943,0.64334624932025131,0.72430526078278112,0.73229303816585123,0.67345342427503119,0.79070567315821894,0.55373853406297713,0.86961010280032136,0.48882188645699215,0.89110592787687737,0.43369983690561187,0.9385531172499495,0.32437037520134876,0.95933658620370488,0.24864036186216562,0.96613907261707854,0.13163245774260809
"LIRCMOP6_BC",1,80000,80100,393,24,"infeasible_endpoint","AI_train",0,82,0.46934247172828364,1.5726413080771016,1.188425282782319,0.83096401363735084,0.98932003934820911,0.1203638146945709,0.9615944949907187,0.22093609510678947,0.94948828890429415,0.28794248637023778,0.9266148767668414,0.39416273020211134,0.89661664869923219,0.46723133363977765,0.85635729805781058,0.53535640197047007,0.81866370171405478,0.59095198536090787,0.7677214581586862,0.6748204464959302,0.58996038602471534,0.72843328320622391,0.61455081944404422,0.80119515640782191,0.55135177169493077,0.83223361496487192,0.50749110358732918,0.87138264665246312,0.41344421480411508,0.89872144914667562,0.34845891437692011,0.90951257020978238,0.24572748367039277
"LIRCMOP6_BC",1,80000,80100,393,25,"feasible_endpoint","AF_train",1,85,0.39458611404715344,1.6540447381450387,0.85855748398134457,0.92898192988116524,0.98484290973745359,0.1569155796224789,0.97599971799298402,0.23754641929480885,0.9440641512739717,0.33037247514131907,0.9182669557021188,0.42951328825734109,0.89184411935990715,0.50541539502585453,0.83792439663669194,0.60042903947380455,0.77994798281845334,0.66023457511352779,0.71398925228913424,0.74169562618430274,0.65360688584129989,0.79146014585287938,0.5465035119598185,0.8751841114063188,0.48166369350274618,0.91782886874640468,0.4125902088224036,0.95401981128496005,0.2971150415517485,0.96014825759647926,0.22338135806799636,0.96777278735133443,0.10820846248622545
"LIRCMOP6_BC",1,80000,80100,393,25,"infeasible_endpoint","AI_train",0,85,0.39458611404715344,1.6232497632983214,1.105010746222129,0.8911398125663772,0.98937262793332437,0.14583193635304348,0.97311449103016756,0.23015906441714717,0.94736851758759677,0.31665616912596672,0.93052243455299055,0.41575087746630845,0.88648050085241969,0.4900141526255426,0.83365948855709093,0.58060477413494704,0.79908361384596471,0.63367024647221093,0.73071917223666993,0.71195110116522908,0.56660852534763861,0.76583114537809815,0.5669875567171403,0.84391773104261625,0.5117731296585275,0.89559767710128413,0.44456073069199886,0.92240597412307079,0.33676819431860128,0.93164765589175214,0.18026198473233862,0.94004989195541167,0.13978694367913444
"LIRCMOP6_BC",1,80000,80100,393,26,"feasible_endpoint","AF_train",1,99,0.65806862289578172,1.8191379411319462,0.72306372656540074,1,0.99513103646082257,0.1753872657166467,0.97746459142905184,0.2743931219600827,0.95092123805975393,0.38575056623092385,0.91821861546179473,0.44629819622832079,0.88546583906725063,0.59479922448363554,0.81926103377089388,0.62530460141923294,0.76318675864641961,0.71372497319648076,0.65067503114349634,0.80652187937098341,0.5946517746072868,0.85943738999303076,0.51430642987372677,0.92563381720965854,0.41387012186894434,0.99315662477236333,0.32073464409634989,1,0.21245340887053257,1,0.10980862301469124,1,0
"LIRCMOP6_BC",1,80000,80100,393,26,"infeasible_endpoint","AI_train",0,99,0.65806862289578172,1.6775714627851137,1.1148060972612805,0.79555961325363,0.98590365389296886,0.13048969287872009,0.97250453966672012,0.21199725756546367,0.95703518234088314,0.212331372153308,0.94628080081676325,0.35657798700979615,0.91579882479207342,0.47427733011955664,0.87483749607189543,0.51606487995178585,0.84561133382932696,0.58586881885195385,0.7713053510115726,0.6541124761450271,0.69693331078542675,0.7048542133961806,0.66514310470440963,0.68276234044075523,0.58893992154251507,0.83224852293351015,0.51616195525773301,0.85442689637975611,0.45008175136824424,0.8618710431115123,0.37665625365308786,0.89374353937024453,0.29259286750270547
"LIRCMOP6_BC",1,80000,80100,393,27,"feasible_endpoint","AF_train",1,72,0.26974529836862876,1.5589357056060358,1.0062146542739743,0.84328793926907153,0.98869066345703138,0.13651681126212956,0.99350513860893086,0.21615400754126712,0.95876533348799919,0.29348514184209296,0.92934937165329512,0.38450253882211227,0.91508773550324185,0.47882052201033665,0.87192747985962482,0.5426984349319468,0.8250044596512276,0.60200370211140486,0.76318919687013365,0.6915704299264509,0.7034979224653557,0.74081259077225736,0.62093029533085564,0.81117776206032421,0.56810360901245271,0.84997336640072807,0.49155973782247209,0.89858066030922235,0.4194103620595504,0.91441634490090817,0.34530808624366321,0.95039099452870812,0.24221093520351428
"LIRCMOP6_BC",1,80000,80100,393,27,"infeasible_endpoint","AI_train",0,72,0.26974529836862876,1.7523796533407165,0.98871828992054334,0.94159048977954185,0.9831230552726633,0.152623915764039,0.9896069771638738,0.2398367205625887,0.93821988139836909,0.33509991788207016,0.93152555106385071,0.40964295113667842,0.90519232634622071,0.53760197886936978,0.85385585718838053,0.61108528057123601,0.79920219037567986,0.67759114446543978,0.73872841929519195,0.76573909502612181,0.66010825209841528,0.82480461931742877,0.569753409514408,0.9140315083803453,0.5108108370644231,0.94494206156557814,0.41726005014098538,1,0.33739520595532291,1,0.25527006135957186,1,0.13067525825107668
"LIRCMOP6_BC",1,80000,80100,393,28,"feasible_endpoint","AF_train",1,82,0.32543543934770935,1.6327079830022788,0.89056953030049191,0.91011941821674314,0.98744034437461969,0.14619792832919165,0.97019894754198133,0.23603581903052395,0.9550580867583347,0.33304774909448204,0.93719166867853487,0.42061792785018542,0.89106343225861839,0.52642617551138793,0.85400235626622867,0.57995257355734431,0.790269071618803,0.64694089159730273,0.7136558481383124,0.72134268308283733,0.66123786171121912,0.78591460132016566,0.56176900921651074,0.85926911975849007,0.50381665220533012,0.90418601496917073,0.42626218290355339,0.94189421238194992,0.32781357523711724,0.9516095867799057,0.24852663621495621,0.97191230003739548,0.14090683172467122
"LIRCMOP6_BC",1,80000,80100,393,28,"infeasible_endpoint","AI_train",0,82,0.32543543934770935,1.9690959149927998,0.79043101218167244,1,0.99210716907369678,0.11107150827362219,0.96639584985134452,0.28015130323081933,0.96221961399553968,0.3914287306697633,0.92620057468103567,0.47608320154436301,0.87141779288481491,0.60458399364319793,0.80304557565360313,0.65690418961568697,0.74213124306204659,0.73559515342580928,0.64364738301984226,0.81233715733227907,0.57208886706136963,0.89849861386829821,0.44668837687645402,0.97185140526549296,0.38529977254056264,1,0.29868237808276754,1,0.16130522106394923,1,0.065769853883508284,1,0
"LIRCMOP6_BC",1,80000,80100,393,29,"feasible_endpoint","AF_train",1,20,0.46626211411963275,0.96502235927174373,1.6821026412515563,0.1960959453265938,0.9921233603556614,0.022011448367226231,0.97870723107101776,0.040748644318933491,0.99336191441023414,0.071252889315872134,1,0.097072410146809202,0.98532295917225288,0.12448790807089022,1,0.14987362514207619,0.98898276156853593,0.16499766685158127,1,0.16939216275533608,0.96696098931254149,0.20859418765690824,0.97190152029724874,0.223125647923199,0.97820263393230444,0.25533560117890336,0.95634269114759718,0.28508470906176864,0.96617410349516764,0.29631119741927803,0.95949439580864926,0.35076424794711869,0.94094225335195247
"LIRCMOP6_BC",1,80000,80100,393,29,"infeasible_endpoint","AI_train",0,20,0.46626211411963275,1.270530058450525,1.5657687814387771,0.46055950655025135,0.97910218327335763,0.06316689780274333,0.96650289897384023,0.1092120810468736,0.96383241079220983,0.15680101883279526,0.98374034261968313,0.22685457341286788,0.95510776378871864,0.28036582646087588,0.97166792696003901,0.32493391031858848,0.95044890120916659,0.363676313159151,0.96241461512233129,0.40138740093847225,0.89909929892605667,0.4531859100562986,0.90176617827158012,0.4972453491142928,0.88513428648559367,0.55737471741318489,0.84241054589969766,0.60930186017062082,0.84194418230222401,0.64240493181484848,0.82036610349550831,0.71394052621070303,0.75895740771506237
"LIRCMOP6_BC",1,80000,80100,393,30,"feasible_endpoint","AF_train",1,91,0.44195990143377556,1.6893558430451663,0.8029543146010536,0.95781235629274764,0.99800283332656581,0.14140150033704174,0.98025401684057911,0.25312626728709703,0.95944835763028913,0.34854323218811173,0.91970336171039846,0.43004838437127163,0.88195304920748541,0.5520675501291924,0.8318381119392888,0.61152190810156826,0.77508066944065668,0.67449777135942723,0.68966865452120263,0.75906025851098746,0.63523671176160568,0.81989510360273565,0.51587206508115568,0.88506772787983901,0.46212295517673452,0.93873890562907092,0.37153505712787505,0.97465352030071872,0.26740699947055102,0.97200533441790871,0.17835524621480608,0.99503683938150911,0.067972250128108758
"LIRCMOP6_BC",1,80000,80100,393,30,"infeasible_endpoint","AI_train",0,91,0.44195990143377556,1.6679867725838156,1.0795650601207689,0.93705278503085687,0.99449393798727725,0.13084680799458492,0.98031021578072697,0.24189114466908879,0.97087330931002014,0.35428633013052874,0.93549011250206593,0.42754659958564756,0.89038309312091535,0.52557616321496448,0.97864474744262908,0.59824319349054544,0.7821426058219636,0.65477876126028567,0.70392663868933814,0.73478047714335137,0.64304161582716945,0.80519028531941106,0.51129834672839869,0.85978027646230815,0.47740625780283447,0.92184335272341666,0.40353734212826609,0.9658846681487967,0.27771143913894919,0.94848885171795916,0.20888761674431527,0.97835236952188875,0.083347139638583312
"LIRCMOP6_BC",1,80000,80100,393,31,"feasible_endpoint","AF_train",1,25,0.084560457236597053,1.0519670866526432,1.6430365333660539,0.29312806587696716,0.98816350159460442,0.035680226467354123,0.97572833314501439,0.065988093974021444,0.97910524338958949,0.11426396853921894,0.99571373355032766,0.15359762070394223,0.98667177189759447,0.14952617415481798,0.98097395126410869,0.20855094769944918,0.98250234092676725,0.23061506829003381,0.97610611688517201,0.26680983942521252,0.92864557752268184,0.30303959680284814,0.94470664109627056,0.31932252641419778,0.93912293306051575,0.34921353015154261,0.93190284925543754,0.40453193578178798,0.91714243575186305,0.43035180979404458,0.91763353312211204,0.47869401800167377,0.89037352159970617
"LIRCMOP6_BC",1,80000,80100,393,31,"infeasible_endpoint","AI_train",0,25,0.084560457236597053,1.1052020920546592,1.6120094704792076,0.34561326031239309,0.98731327891008513,0.040766307627784715,0.97679615986695323,0.090991475970343724,0.96783629938735727,0.098459979952466942,0.97443456682415031,0.19030775047802767,0.97107008713859111,0.19760066761489053,0.968060151205418,0.22501613607282012,0.98652090390093938,0.2608213568010202,0.96745387290260332,0.31869203151918218,0.93140931130062343,0.34098886912594273,0.94146845795088696,0.34412371789169227,0.91422950676171533,0.42723626908121209,0.90358730294966927,0.45793087639799834,0.88885322632250086,0.49312168939524231,0.88039391993026572,0.5328022784442944,0.8615139163705593
"LIRCMOP6_BC",1,80000,80100,393,32,"feasible_endpoint","AF_train",1,81,0.2958346429848156,1.6273156248575535,0.89943247191415943,0.90628781188167706,0.97684815193663721,0.15640933420451497,0.97011218458226867,0.23912523571128674,0.95115811204624512,0.33462285374115874,0.93245817615758153,0.42182805675556068,0.88502216483656282,0.51767028097895718,0.85954979251845298,0.57686952566018523,0.80176767981940933,0.64900967321352765,0.7227527165793548,0.72250158570871581,0.64860233769583064,0.79435290193561248,0.58106388517756213,0.86023367750592494,0.49749893049840233,0.88490642154313592,0.43560858070423752,0.94276076433932199,0.32790297042087457,0.96107988958135016,0.24016211242286903,0.97976129648794874,0.14577403284224166
"LIRCMOP6_BC",1,80000,80100,393,32,"infeasible_endpoint","AI_train",0,81,0.2958346429848156,1.9743935961070405,0.86580149640679238,1,0.98002403502287272,0.19277901590653865,0.96568524610158057,0.28467639403562817,0.94918077424565084,0.39263167141906641,0.90843933377844988,0.47482018781615043,0.84776295387594347,0.61842281491968998,0.82404284780060233,0.67017182772364992,0.74642841067708621,0.74383850058652001,0.63679623666664065,0.8234516237478825,0.56865352148348802,0.8939245183467297,0.45575598733891776,0.96848848633419427,0.3642946668658677,0.98148318875855534,0.28447511354825794,1,0.14601771453682091,1,0.030762424931005117,1,0
"LIRCMOP6_BC",1,80000,80100,393,33,"feasible_endpoint","AF_train",1,77,0.55222899439392659,1.5967375874303809,0.95172965394724862,0.87550844702858299,0.97669254027570451,0.1481153931407754,0.98912823281512541,0.22101619458845734,0.9564236339236416,0.31429016927285125,0.93894592068051319,0.40033965609230171,0.89534637761507485,0.49573229242379513,0.85471067296529513,0.56758903123828819,0.80926529184717144,0.62666972103378515,0.73836467557091467,0.70511650729915076,0.68936280631736324,0.77012141567453929,0.60257863816804846,0.84412337780880786,0.53878672667011251,0.88251597262198966,0.45632086959975643,0.91209126522459394,0.39133159923832789,0.93684953722187858,0.28952154238828126,0.95328445562015185,0.19629417031155977
"LIRCMOP6_BC",1,80000,80100,393,33,"infeasible_endpoint","AI_train",0,77,0.55222899439392659,1.5410735797087307,1.2937384436345571,0.71652045166267064,0.9810358765279199,0.11741537126426468,0.98617381869002196,0.17553665788359479,0.96088831530641428,0.25818078823601653,0.94375360721517065,0.33288688156085733,0.91454338017336123,0.40024634738945519,0.883590567697355,0.46939688668409396,0.8517747116938319,0.51906769039431278,0.80612449771795958,0.58735732125696516,0.76446395026806702,0.64020326100011826,0.70136713651119953,0.69894353756535099,0.64735902406191603,0.73878520224353106,0.57564773604247654,0.76713817568149401,0.53826489709483316,0.79489330276713743,0.45771554870845893,0.80610630339580513,0.3837489094198851
"LIRCMOP6_BC",1,80000,80100,393,34,"feasible_endpoint","AF_train",1,91,0.46049493493504401,1.6893558430451663,0.8029543146010536,0.95781235629274764,0.99800283332656581,0.14140150033704174,0.98025401684057911,0.25312626728709703,0.95944835763028913,0.34854323218811173,0.91970336171039846,0.43004838437127163,0.88195304920748541,0.5520675501291924,0.8318381119392888,0.61152190810156826,0.77508066944065668,0.67449777135942723,0.68966865452120263,0.75906025851098746,0.63523671176160568,0.81989510360273565,0.51587206508115568,0.88506772787983901,0.46212295517673452,0.93873890562907092,0.37153505712787505,0.97465352030071872,0.26740699947055102,0.97200533441790871,0.17835524621480608,0.99503683938150911,0.067972250128108758
"LIRCMOP6_BC",1,80000,80100,393,34,"infeasible_endpoint","AI_train",0,91,0.46049493493504401,1.6698017021303717,1.0911591252278989,0.85399383995199529,0.99533428591928663,0.11449060054537752,0.97226877702025905,0.22754691968301516,0.9708374317767694,0.32214162662705875,0.94606231028695431,0.36786941930726569,0.91158718483897916,0.48605054630715955,0.84640413500927347,0.55492682398140614,0.81012920394184862,0.60682288403008311,0.73593584477436524,0.67897400826817433,0.65899365803034482,0.73283691730071021,0.5681293950097599,0.78506534665992311,0.53315260076737281,0.84572892634608987,0.45015478450458679,0.88916014201114524,0.34585417029295507,0.8684817773305048,0.28341211902498348,0.90031238595905572,0.19030373798191713
"LIRCMOP6_BC",1,80000,80100,393,35,"feasible_endpoint","AF_train",1,88,0.55952150782539933,1.6707037154419924,0.82869750867157199,0.94805266583618575,0.99364435625187164,0.13148162688023307,0.97650735787018517,0.24394621220717835,0.95032241899502945,0.34900841628871737,0.9118216412319704,0.43978006478678466,0.88032413858752701,0.54446735521900869,0.82612288342918383,0.60177821987249724,0.77192616600097463,0.66368234439741547,0.70363347019779265,0.74562645951996365,0.65353648832073308,0.80784366247594397,0.51912971260168872,0.88056800821103476,0.46186094574149916,0.91333050103660818,0.38883247389285447,0.95334807144282696,0.27979402882011911,0.96638120232156965,0.19169879636159082,0.98549809200521366,0.088127139785108222
"LIRCMOP6_BC",1,80000,80100,393,35,"infeasible_endpoint","AI_train",0,88,0.55952150782539933,1.5520633866553597,1.1628423003076673,0.75485156711998336,0.98147828136768833,0.095291552122840142,0.98406201740327881,0.17816145433132163,0.95968927046077157,0.26176689435306477,0.94292401213991672,0.36061899808012232,0.91154967105143536,0.4510677926677662,0.89429234846265138,0.49020058520609811,0.84994961598055008,0.53895941248549006,0.81676930123559388,0.60068037067278146,0.76972523362296841,0.66811654212246063,0.6661156233009583,0.73420086539875995,0.63391750618197107,0.75812679945606731,0.57955419209019055,0.81585274069394265,0.50645834183465499,0.84180035715693391,0.45827752207415801,0.85152825618942762,0.36701174608697024
"LIRCMOP6_BC",1,80000,80100,393,36,"feasible_endpoint","AF_train",1,68,0.39451323955845524,1.5310852925195135,1.0581230970255509,0.81550007479076936,0.97554221954378906,0.13941689000853141,0.98206144352017621,0.21157996133507811,0.95519090033374265,0.28484453050231051,0.95039843148127845,0.37968530052297966,0.90718214342548364,0.46103073333080946,0.87797760847127526,0.52775224564139211,0.83481685218637691,0.58728268853648857,0.79294001226185817,0.66830192731486282,0.71444334000061083,0.72044151898009001,0.64075010228303486,0.78226048289724637,0.57892527215616885,0.83248848594358926,0.52658666149700839,0.88166889149404692,0.43801719477855172,0.8988869285662634,0.368940593542465,0.92922247507939681,0.27340185059333333
"LIRCMOP6_BC",1,80000,80100,393,36,"infeasible_endpoint","AI_train",0,68,0.39451323955845524,1.427413011996177,1.2887053128793524,0.70575088079242554,0.99307239637388534,0.11292840076733712,0.98245684752321227,0.17305176311853557,0.95754374093077987,0.23147886733585288,0.96894485992196366,0.33739204263990819,0.91895617359152593,0.38863441476448507,0.91476995041981557,0.47401775125331597,0.79710701962222941,0.516460494121464,0.86483934132858986,0.58039090978605745,0.78042442334515938,0.63871324923992501,0.71695297196270091,0.69993087527826692,0.68212546090016724,0.74352185371081292,0.64161191781408722,0.81109969707179319,0.57311186574901329,0.8343906016880962,0.52463605269722713,0.88849676256211363,0.44081974323445566
"LIRCMOP6_BC",1,80000,80100,393,37,"feasible_endpoint","AF_train",1,75,0.43114311397295912,1.5839783542644827,0.97221028890704708,0.86368181306641123,0.98863213401583305,0.13018970597065627,0.97568546704423831,0.2287353868378266,0.96336746460737843,0.30700273295305308,0.92477164733540385,0.39298927116155757,0.89068251912736385,0.49983245549124855,0.85865262457671432,0.5459204710939396,0.82482613714640463,0.61730418289979327,0.76626634848814668,0.70634483322111696,0.69587498152152416,0.75748806227173104,0.60623620278925894,0.8122388566810177,0.55125385698883866,0.88013338310048128,0.46182273660025924,0.91164985438749335,0.38806880274256828,0.92962237862355668,0.30029526641352755,0.95594212449922256,0.21181806230275158
"LIRCMOP6_BC",1,80000,80100,393,37,"infeasible_endpoint","AI_train",0,75,0.43114311397295912,1.5297980673654838,1.2385509793817091,0.80191577501622313,0.98533716434667196,0.11471435601878203,0.97999675613168113,0.21287108975798416,0.86289423567626222,0.27993577663365971,0.9362609057350757,0.36302704306132283,0.89564689064822134,0.47691252054266187,0.87986928039091938,0.50604164041484723,0.85772314923504034,0.57803432526304888,0.80555081662329608,0.66389947810119065,0.73527424301724942,0.71998940034754288,0.73173139470847681,0.7633351052674795,0.60937577760139017,0.83439053762703297,0.52057976237558212,0.85059355101305378,0.47872397169219638,0.89690592457044627,0.37919178313537649,0.93796844668103774,0.30791713762762762
"LIRCMOP6_BC",1,80000,80100,393,38,"feasible_endpoint","AF_train",1,72,0.43682090412423363,1.5589357056060358,1.0062146542739743,0.84328793926907153,0.98869066345703138,0.13651681126212956,0.99350513860893086,0.21615400754126712,0.95876533348799919,0.29348514184209296,0.92934937165329512,0.38450253882211227,0.91508773550324185,0.47882052201033665,0.87192747985962482,0.5426984349319468,0.8250044596512276,0.60200370211140486,0.76318919687013365,0.6915704299264509,0.7034979224653557,0.74081259077225736,0.62093029533085564,0.81117776206032421,0.56810360901245271,0.84997336640072807,0.49155973782247209,0.89858066030922235,0.4194103620595504,0.91441634490090817,0.34530808624366321,0.95039099452870812,0.24221093520351428
"LIRCMOP6_BC",1,80000,80100,393,38,"infeasible_endpoint","AI_train",0,72,0.43682090412423363,1.4934256999783013,1.2741815560216301,0.68293483689474832,0.97751773226470928,0.10089709805925624,0.99328501883100739,0.1608617700618758,0.96674857225559663,0.21268840780947917,0.95074343664826411,0.31172359594673504,0.9412421980516088,0.37006443882286494,0.92251684551850466,0.44818449265463844,0.89314306319845871,0.48832686001038234,0.86047207010041782,0.56890623723832734,0.80472878325965547,0.61843180777669338,0.74031312319466291,0.68177018893864094,0.72057321049417766,0.64529945101353603,0.65524767991341093,0.79434833401148763,0.61630413996838396,0.81924892225143187,0.57508861523125276,0.87592238272859912,0.47732092788368774
"LIRCMOP6_BC",1,80000,80100,393,39,"feasible_endpoint","AF_train",1,66,0.36028557965026364,1.5165531688043541,1.0909771385495799,0.79923085515740655,0.97335295373031228,0.12658467119824474,0.98579652586002708,0.21602428356464709,0.96615879957853301,0.29618143326366175,0.96359518401025412,0.37136609712666963,0.89910947681173803,0.46361772808777429,0.88433244441007064,0.50731705404417826,0.84160435706390713,0.57578533192659975,0.77767068997200028,0.66098634259067546,0.73424504415972636,0.72070132075156623,0.65137021356974834,0.75983759057112976,0.58569523946808688,0.82154375184253525,0.53416419557950379,0.87524106679820968,0.45460791943499401,0.89567118248935829,0.37830040097840156,0.93184045846783103,0.29735877070755123
"LIRCMOP6_BC",1,80000,80100,393,39,"infeasible_endpoint","AI_train",0,66,0.36028557965026364,1.7535119358976192,1.000737351921434,0.91804783177486637,0.96552113980770926,0.14834863707210399,0.99096187398333724,0.24516256806792727,0.96330666395881448,0.34783566327896037,0.96956001820629556,0.41796255840583707,0.88455175620661997,0.52774741196882113,0.86932609007018347,0.58729014650263467,0.80792763809337798,0.66733298153322984,0.74192876185646561,0.75394292109485739,0.69170202181961249,0.82830532931792655,0.58895099780750493,0.88909825783865315,0.51325481374883242,0.9481208258269016,0.44250018359576493,0.99302718881441943,0.35574592652786929,1,0.26906445384783684,1,0.16000648213869206
"LIRCMOP6_BC",1,80000,80100,393,40,"feasible_endpoint","AF_train",1,57,0.4020463401120149,1.4271743573458062,1.2070966747649627,0.71607089623066722,0.97941222102980607,0.11323032219443345,0.9965354953827108,0.17664902874658875,0.95733317182103295,0.25869943955416685,0.94453780072537152,0.32857872163335622,0.92050362969439958,0.40636253786482462,0.89665373095240519,0.46819159203678273,0.86466181265402253,0.52477704264310843,0.83299873526467383,0.59971024559961705,0.78195921167606197,0.64965761200208416,0.72524263878978579,0.70703788864971784,0.66793546033674578,0.7597760368783556,0.61141238776789986,0.80331124535357379,0.55285624708869885,0.83176954515393065,0.50364153209791229,0.88045787359211114,0.42291008095209354
"LIRCMOP6_BC",1,80000,80100,393,40,"infeasible_endpoint","AI_train",0,57,0.4020463401120149,1.3056834776350497,1.4360298259131019,0.56728989722245682,0.97529786618514736,0.087742833986087856,0.99476063324772102,0.13208786773885806,0.95925015855619511,0.19953397501572923,0.97544243310614709,0.26964549459663134,0.91218951494592626,0.31975225346041325,0.94504364719125467,0.38151572441124781,0.92759612165636085,0.43030250937776904,0.9064788844684224,0.49352498266727285,0.86241813200817918,0.55089226334249342,0.84876462290049504,0.58957935320223653,0.80034361137588461,0.64712748388977093,0.75813642703661377,0.6945956507569524,0.73019620121395123,0.73528383552233301,0.70265066767249174,0.79956751552085059,0.63868945805774413
"LIRCMOP6_BC",1,80000,80100,393,41,"feasible_endpoint","AF_train",1,91,0.38323829292702666,1.6893558430451663,0.8029543146010536,0.95781235629274764,0.99800283332656581,0.14140150033704174,0.98025401684057911,0.25312626728709703,0.95944835763028913,0.34854323218811173,0.91970336171039846,0.43004838437127163,0.88195304920748541,0.5520675501291924,0.8318381119392888,0.61152190810156826,0.77508066944065668,0.67449777135942723,0.68966865452120263,0.75906025851098746,0.63523671176160568,0.81989510360273565,0.51587206508115568,0.88506772787983901,0.46212295517673452,0.93873890562907092,0.37153505712787505,0.97465352030071872,0.26740699947055102,0.97200533441790871,0.17835524621480608,0.99503683938150911,0.067972250128108758
"LIRCMOP6_BC",1,80000,80100,393,41,"infeasible_endpoint","AI_train",0,91,0.38323829292702666,1.6862585803499019,1.0438477948329099,0.86315560053030072,1,0.13405998862497767,0.97340633558594236,0.22707414893694955,0.95480512681478746,0.30182289015544417,0.91166338490291454,0.38183536681295627,0.88745276803710105,0.49946517099254883,0.83931930821032519,0.54989844095555629,0.79718474967013342,0.60834015737020886,0.72622374339584272,0.68722847239969798,0.68611700318036306,0.70483897780582982,0.57603558964436452,0.79566488207597053,0.52474505561258944,0.8460034806336989,0.43649973972941913,0.88019171822853104,0.36233195925842265,0.89039317642456317,0.2607165345665487,0.90100878343998114,0.17888762649678208
"LIRCMOP6_BC",1,80000,80100,393,42,"feasible_endpoint","AF_train",1,75,0.40056853297622558,1.5839783542644827,0.97221028890704708,0.86368181306641123,0.98863213401583305,0.13018970597065627,0.97568546704423831,0.2287353868378266,0.96336746460737843,0.30700273295305308,0.92477164733540385,0.39298927116155757,0.89068251912736385,0.49983245549124855,0.85865262457671432,0.5459204710939396,0.82482613714640463,0.61730418289979327,0.76626634848814668,0.70634483322111696,0.69587498152152416,0.75748806227173104,0.60623620278925894,0.8122388566810177,0.55125385698883866,0.88013338310048128,0.46182273660025924,0.91164985438749335,0.38806880274256828,0.92962237862355668,0.30029526641352755,0.95594212449922256,0.21181806230275158
"LIRCMOP6_BC",1,80000,80100,393,42,"infeasible_endpoint","AI_train",0,75,0.40056853297622558,2.0790526101773286,0.85337999554406219,1,0.99436267924091692,0.17916631728137977,0.98740006715298567,0.28644642965881595,0.95343449524116086,0.38616719975964359,0.88686249633523806,0.49195252575040399,0.85072676063039543,0.61984545110407785,0.79946694128104068,0.66239417006102475,0.74031815564733194,0.74492306383919971,0.65276630633647836,0.85518179571525699,0.59423268055396961,0.90887527495511056,0.45767553347471546,0.985436552169908,0.39167401197713858,1,0.26050060696465849,1,0.151974718946745,1,0.028232322048730052,1,0
"LIRCMOP6_BC",1,80000,80100,393,43,"feasible_endpoint","AF_train",1,66,0.36611345283684393,1.5165531688043541,1.0909771385495799,0.79923085515740655,0.97335295373031228,0.12658467119824474,0.98579652586002708,0.21602428356464709,0.96615879957853301,0.29618143326366175,0.96359518401025412,0.37136609712666963,0.89910947681173803,0.46361772808777429,0.88433244441007064,0.50731705404417826,0.84160435706390713,0.57578533192659975,0.77767068997200028,0.66098634259067546,0.73424504415972636,0.72070132075156623,0.65137021356974834,0.75983759057112976,0.58569523946808688,0.82154375184253525,0.53416419557950379,0.87524106679820968,0.45460791943499401,0.89567118248935829,0.37830040097840156,0.93184045846783103,0.29735877070755123
"LIRCMOP6_BC",1,80000,80100,393,43,"infeasible_endpoint","AI_train",0,66,0.36611345283684393,1.4401373023157036,1.3113075279212372,0.67208054855035093,0.9636294739757707,0.10159197133693582,0.9844502168799375,0.18264175637007959,0.96957440136604678,0.24776854896081768,0.9936356050322922,0.32694147443729871,0.90890366975551307,0.39549581388605959,0.92272932373895333,0.43144912640943739,0.90353030549441693,0.49735208613267839,0.84641156325369526,0.57018650498427581,0.76706376109708718,0.6349815323401643,0.76552281535824074,0.66263803973564361,0.70307297559686055,0.78684304938868466,0.66297690104424745,0.78848312045003388,0.61851994156153323,0.82313247408280421,0.55692712063136807,0.87811847870965154,0.48152198870577956
"LIRCMOP6_BC",1,80000,80100,393,44,"feasible_endpoint","AF_train",1,65,0.41622041805782078,1.5050327384587661,1.0917610077614983,0.79318198270095941,0.98026767391735392,0.12150591626389146,0.98565912862427885,0.20066285842161333,0.95986690489976079,0.27917949870899894,0.94584819660142927,0.36444801960394491,0.93049485263400855,0.4430286139552902,0.89183459102494056,0.51048854361808393,0.84684433716530216,0.57439024582978471,0.79329883391073586,0.65583759931715924,0.73496840449864154,0.71073669749989565,0.66629143260575252,0.77471257637322566,0.61879174117962643,0.82036972336503144,0.54536397537342962,0.87147936557805383,0.48343147253925667,0.88738853810673779,0.41252557290415626,0.93400036309705869,0.31174513303370127
"LIRCMOP6_BC",1,80000,80100,393,44,"infeasible_endpoint","AI_train",0,65,0.41622041805782078,1.3910011398477899,1.3331543915871098,0.64600534582542357,0.97025286977044278,0.10311754116757865,0.98541029713863559,0.1567705468782794,0.9606513170376082,0.21604771470749523,0.97151415045551404,0.30284715617062102,0.9533202908071774,0.35992953704233965,0.93913805622486091,0.42464914759960481,0.91143032924124745,0.48664369194669221,0.8743766459427651,0.55566617520454065,0.81904015021843013,0.61460889389349826,0.78753139152493346,0.67032514556036449,0.74921034749678594,0.71012136462370146,0.69591284832048983,0.77176892872719971,0.67034681950325459,0.801007956873654,0.60900140185310869,0.87588346726746014,0.52703726901918868
"LIRCMOP6_BC",1,80000,80100,393,45,"feasible_endpoint","AF_train",1,75,0.42330524584862506,1.5839783542644827,0.97221028890704708,0.86368181306641123,0.98863213401583305,0.13018970597065627,0.97568546704423831,0.2287353868378266,0.96336746460737843,0.30700273295305308,0.92477164733540385,0.39298927116155757,0.89068251912736385,0.49983245549124855,0.85865262457671432,0.5459204710939396,0.82482613714640463,0.61730418289979327,0.76626634848814668,0.70634483322111696,0.69587498152152416,0.75748806227173104,0.60623620278925894,0.8122388566810177,0.55125385698883866,0.88013338310048128,0.46182273660025924,0.91164985438749335,0.38806880274256828,0.92962237862355668,0.30029526641352755,0.95594212449922256,0.21181806230275158
"LIRCMOP6_BC",1,80000,80100,393,45,"infeasible_endpoint","AI_train",0,75,0.42330524584862506,1.521868113713299,1.2322605217970333,0.7099154447990943,0.97986307637131653,0.11063302892315621,0.97071863691774118,0.18335051568114458,0.96559148009860973,0.24679036964083256,0.95968074475727616,0.32771729053703158,0.91428269697135334,0.39843753522426706,0.91290552434610917,0.36399565486297403,0.8911186377265492,0.52421597940597142,0.85138927147271559,0.59838146766129241,0.80942831263971993,0.65705677101929028,0.73303812933908041,0.69827577647982819,0.68759421665183407,0.76383086169635361,0.61904970807216186,0.80932929185627178,0.57556521880499778,0.83840739567873312,0.5058803449530398,0.88622931819241935,0.43473243280332374
"LIRCMOP6_BC",1,80000,80100,393,46,"feasible_endpoint","AF_train",1,85,0.25575006767956199,1.6540447381450387,0.85855748398134457,0.92898192988116524,0.98484290973745359,0.1569155796224789,0.97599971799298402,0.23754641929480885,0.9440641512739717,0.33037247514131907,0.9182669557021188,0.42951328825734109,0.89184411935990715,0.50541539502585453,0.83792439663669194,0.60042903947380455,0.77994798281845334,0.66023457511352779,0.71398925228913424,0.74169562618430274,0.65360688584129989,0.79146014585287938,0.5465035119598185,0.8751841114063188,0.48166369350274618,0.91782886874640468,0.4125902088224036,0.95401981128496005,0.2971150415517485,0.96014825759647926,0.22338135806799636,0.96777278735133443,0.10820846248622545
"LIRCMOP6_BC",1,80000,80100,393,46,"infeasible_endpoint","AI_train",0,85,0.25575006767956199,1.974303580243771,0.83510126701142151,1,0.9916270284337394,0.16924170751717491,0.97744641233486018,0.27800127512237194,0.95231804974253043,0.38620046280267029,0.90070974311462781,0.48211902759669878,0.87124535616364263,0.58011533713853292,0.79726722107728998,0.67509495205379266,0.735807872230541,0.74240787516894846,0.65624291650180777,0.8370705390660611,0.57433097440056435,0.896084755458189,0.43830381342289415,0.97789183904930543,0.37639007547783271,1,0.28617741894882076,1,0.14172872922180602,1,0.053838252860221369,1,0
"LIRCMOP6_BC",1,80000,80100,393,47,"feasible_endpoint","AF_train",1,69,0.3467717226865849,1.5346403890674289,1.0485905086742116,0.81737239506591242,0.9838753690115285,0.12201973481562278,0.98338193164980425,0.20605594517250811,0.9646746842522762,0.28355514234172441,0.95098608811693164,0.37819974855010186,0.90362285682102517,0.46196719584450902,0.88038537975384235,0.51487973901961059,0.8394832933220342,0.58170023387659908,0.77525992982155922,0.66024175704687837,0.7233561276123619,0.72398276477466905,0.64328840944412724,0.78226769415769826,0.59069045668860498,0.83727035148005868,0.5185611504596912,0.88113270260346888,0.45415573380012841,0.90228493019303835,0.37829044048720012,0.93279683222433007,0.28352067845281897
"LIRCMOP6_BC",1,80000,80100,393,47,"infeasible_endpoint","AI_train",0,69,0.3467717226865849,1.5320885711280581,1.2669222704187755,0.79206156439336761,0.98410436807315538,0.11989573319406802,0.97999296270194081,0.19918099380172877,0.96629094092341705,0.23953965518821119,0.95227417134544068,0.36632620771473018,0.91320055770763653,0.44108442614087706,0.88414127795297737,0.50319785277205653,0.84996124419943841,0.56426399873919797,0.78464465163706931,0.64874993951285664,0.72532067166998548,0.70013353338517625,0.65892212494374192,0.7565068623777087,0.61593872921515169,0.82181053820276262,0.5432224215875372,0.86605339734569253,0.47848385148337214,0.88373108193285399,0.41665564312058223,0.91682504540280574,0.18803586400268729
"LIRCMOP6_BC",1,80000,80100,393,48,"feasible_endpoint","AF_train",1,82,0.38897530725813884,1.6327079830022788,0.89056953030049191,0.91011941821674314,0.98744034437461969,0.14619792832919165,0.97019894754198133,0.23603581903052395,0.9550580867583347,0.33304774909448204,0.93719166867853487,0.42061792785018542,0.89106343225861839,0.52642617551138793,0.85400235626622867,0.57995257355734431,0.790269071618803,0.64694089159730273,0.7136558481383124,0.72134268308283733,0.66123786171121912,0.78591460132016566,0.56176900921651074,0.85926911975849007,0.50381665220533012,0.90418601496917073,0.42626218290355339,0.94189421238194992,0.32781357523711724,0.9516095867799057,0.24852663621495621,0.97191230003739548,0.14090683172467122
"LIRCMOP6_BC",1,80000,80100,393,48,"infeasible_endpoint","AI_train",0,82,0.38897530725813884,1.6282294258119123,1.1349968178074055,0.90337371049358395,0.98973998708977484,0.14383393708213155,0.9706841558992636,0.23482975157736968,0.9566136536452714,0.33437492210056685,0.94513162507285409,0.41742143226071576,0.89308826710833966,0.5241765938642986,0.690848844104471,0.58022637637397323,0.79330856708202702,0.64484126885301563,0.71739153662433264,0.71764051566752562,0.66297537684749963,0.78513504446038163,0.56584974016475276,0.85531909720226174,0.51377419346204845,0.90145322919409154,0.43249357392427423,0.93921289408843156,0.33598926581873528,0.9451891645253605,0.2585017768432552,0.96934244153214433,0.14878759536355576
"LIRCMOP6_BC",1,80000,80100,393,49,"feasible_endpoint","AF_train",1,84,0.28253586920621737,1.6372122979526402,0.872166833259168,0.91929148391768889,0.98237569559155968,0.15488033703524609,0.97296758994085164,0.24279778958035469,0.95118261179801267,0.32938366255115015,0.9241650954426669,0.41662499438627454,0.88453334209047396,0.52417984164581544,0.84793838677744549,0.5841422216105705,0.79170631337942665,0.65498339664751715,0.72408569028034941,0.7321273687925941,0.65969140881102173,0.79685871910164319,0.55983821685301405,0.8660116365244277,0.48459468606933037,0.89963659771906201,0.41955995239808586,0.94843165414997932,0.3092239596375902,0.96463756014886881,0.21678487436506066,0.97911128723106966,0.12794776107697664
"LIRCMOP6_BC",1,80000,80100,393,49,"infeasible_endpoint","AI_train",0,84,0.28253586920621737,2.016696724635386,0.83693973369012986,0.93890850278576599,0.98222848464492118,0.16213128262922816,0.9785477246343518,0.24787060446578268,0.95377895115129474,0.32899302817340004,0.91463885141422252,0.41937804300017489,0.88170348449791469,0.53109875013551289,0.84017310877651141,0.78475599538568308,0.7732621994353196,0.66488001365049476,0.72101484255894266,0.75100874594204814,0.62590813428352743,0.80571872349655183,0.53964811821864189,0.87756082182898221,0.46476425709268981,0.91377975701901426,0.39533034439019865,0.96198063699917946,0.27748241802134826,0.97930467101658292,0.1845856569473131,0.98363765972553807,0.10013357033980234
"LIRCMOP6_BC",1,80000,80100,393,50,"feasible_endpoint","AF_train",1,78,0.39449659216788407,1.5995588149537276,0.94289036424436801,0.88145958726689932,0.9843975460214156,0.1402179399987637,0.96518588297921237,0.2360566435832912,0.96118272214467093,0.31210872078091317,0.93790388451538753,0.39870833987119736,0.89258876677228605,0.50674820752951177,0.86735249012738369,0.5504918780506487,0.81683070120871659,0.63026610644596492,0.74174208982585921,0.69758395595648359,0.67612881510329625,0.77340686815737691,0.59247433518299419,0.8319879724090502,0.52476733370913065,0.87144903523458428,0.45948870670585318,0.93059535248200953,0.36582471905611724,0.94419179552409005,0.27386791216618167,0.971983449159735,0.18388889348332127
"LIRCMOP6_BC",1,80000,80100,393,50,"infeasible_endpoint","AI_train",0,78,0.39449659216788407,1.5518690822884083,1.1872064197980539,0.74061549463600396,0.98084721841891587,0.11291569531127096,0.96391921085987009,0.19590548597982643,0.97557617997696666,0.25820040726098431,0.9714679410477276,0.33216446433231744,0.90608593839196205,0.4432669359057449,0.91419427331822078,0.47094376444376085,0.87826549613290483,0.54913763660261194,0.82221082964174852,0.5943661665266704,0.76399728841266712,0.66553717311570737,0.70526805846632346,0.72376114975153405,0.6562062661760939,0.76732711671659526,0.6030763427475534,0.83984200650350427,0.54904891885960261,0.7747815217457662,0.46088441222396315,0.91876551816058161,0.3910970861877282
"LIRCMOP6_BC",1,80000,80100,393,51,"feasible_endpoint","AF_train",1,61,0.31472053012776224,1.4681057806764555,1.150332925215281,0.75604621834906771,0.98147668487511641,0.12082891673510537,0.97956748618259348,0.19510762940583368,0.95401086912741684,0.270373757886328,0.94830250333555854,0.35632778075504157,0.92409390010470993,0.42832054850122747,0.88307370274813324,0.4942209346018076,0.856544348467841,0.54884462088786679,0.79942369445777095,0.62000579542512368,0.74211329349092225,0.67302297382597709,0.68939192819566353,0.74229441702970322,0.63251772437778431,0.78564109137766502,0.57200100965994705,0.83256676417001296,0.50319823998110635,0.88295603488189123,0.44565614668838349,0.89758591031769952,0.36335783592306892
"LIRCMOP6_BC",1,80000,80100,393,51,"infeasible_endpoint","AI_train",0,61,0.31472053012776224,1.669282262215829,1.0596113334885837,0.87433971746257955,0.99613108828314156,0.12961439986681905,0.95997706434563945,0.21098799317831143,0.95777111604573506,0.32595484707552042,0.95305885808654189,0.40103793645747771,0.91438589796302372,0.49813216004491057,0.86405403785041934,0.57497965750001656,0.82107870919118575,0.63533204373570129,0.77413575294560477,0.71310904540575704,0.69185945027214868,0.77718307158130995,0.62720252159666834,0.85508420858319578,0.56883449937205377,0.89607490705645698,0.49779688771294001,0.95418413568453775,0.40700269086225732,0.99938573213379289,0.34092637792598846,1,0.23102773240724916
"LIRCMOP6_BC",1,80000,80100,393,52,"feasible_endpoint","AF_train",1,48,0.098770439108033042,1.3412446328765966,1.3392940900697983,0.61876197263798116,0.97861681869085881,0.091896404214009672,0.98714623199446583,0.14909610530752898,0.96505608831774448,0.2036130807961064,0.97051655649174684,0.30220086323325496,0.94171633539018273,0.34548061406637015,0.93022028393778189,0.39631158165175367,0.90973198427597901,0.44840152513239051,0.87873630097597522,0.52578353504058672,0.82175120154275383,0.57503766575608095,0.78813567151624531,0.62281025479290775,0.748347528921391,0.67616917803350307,0.69763986382467424,0.71664421992003002,0.6649062679652763,0.75753565082958163,0.62077854044314174,0.79686502553471483,0.5523449791891758
"LIRCMOP6_BC",1,80000,80100,393,52,"infeasible_endpoint","AI_train",0,48,0.098770439108033042,1.327374629452339,1.4030215070660725,0.57840771459682561,0.97142821154795933,0.13984893812044827,0.98086470447362539,0.14420519777514018,0.97048391113874555,0.18853394165925791,0.97823743565303634,0.29181551793506566,0.94638636697083356,0.32659116469416011,0.94470666082952781,0.37101091273697512,0.94323460062695808,0.4269040021231007,0.90224990417988027,0.49779177600926539,0.83821447939249905,0.55307522147496757,0.82745917212619102,0.59558350877584254,0.78218802789707875,0.64510342998025472,0.74018139485560019,0.6951440661402809,0.71889673657391051,0.73985443090401604,0.66829189470072448,0.78642066915024966,0.60936601646976252
"LIRCMOP6_BC",1,80000,80100,393,53,"feasible_endpoint","AF_train",1,64,0.21862740708987877,1.4941227229281446,1.1079108715292132,0.78079916199708888,0.99228359855734971,0.12035947449533836,0.98809859855813387,0.19284629065918935,0.96028483472770365,0.27984046066086166,0.95262290991933452,0.35255507070783471,0.93293736003272321,0.43559620315012537,0.9001324837142366,0.50469959924586183,0.84492110734788706,0.56778244141866341,0.79749344731463578,0.64104665661381077,0.74212777067243829,0.70544137971325749,0.67710652828673357,0.76761632115151723,0.63217332320992115,0.80636899048731925,0.55540328416698714,0.86360586349245827,0.49570732679536506,0.87607011521730382,0.42519365736379028,0.92499935722058546,0.32972316309494132
"LIRCMOP6_BC",1,80000,80100,393,53,"infeasible_endpoint","AI_train",0,64,0.21862740708987877,1.4698861852799661,1.2453215014530661,0.71121385769033518,0.99899743288843446,0.11366413932345067,0.98922614581292312,0.18475930902235027,0.95530336316329878,0.24343810938313387,0.94749633350231066,0.32217184071148108,0.93561195103682193,0.40245133690349522,0.91334772355326677,0.46059694149745978,0.85770893698848183,0.52076875738604411,0.81040786960938127,0.58209318173993774,0.79036313080226694,0.61564561249265781,0.71328730205699375,0.70748811659453348,0.66782502491818063,0.75387185578751559,0.58421501837592205,0.78503464473207063,0.55101148994407612,0.79803657999920019,0.47842183862282645,0.84738994554126401,0.42809826007581581
"LIRCMOP6_BC",1,80000,80100,393,54,"feasible_endpoint","AF_train",1,70,0.24060596847152088,1.5398139031911664,1.0320496644325821,0.82588345590024059,0.97960735329527304,0.13591866107051828,0.98553959478684916,0.21034042715312024,0.95683762213374612,0.29980693852739138,0.94604893193886053,0.38286547995000375,0.90379745709080983,0.47023472773920538,0.86916993632296036,0.53586290150386073,0.83175106457032455,0.59575101922767626,0.76676389615839513,0.66705510403872437,0.71222636837820175,0.73431940864638801,0.64248740176249153,0.80363560619619234,0.58400351913100024,0.84270339357726221,0.50851464027267601,0.88939127560308051,0.44766757357403042,0.90798115616976727,0.35647791920791372,0.94236076593995011,0.26803033458033354
"LIRCMOP6_BC",1,80000,80100,393,54,"infeasible_endpoint","AI_train",0,70,0.24060596847152088,1.7121280069392653,1.0113300462976849,0.91423556438741782,0.96902871358852227,0.15538414386374652,0.98308201083241453,0.22622084641897791,0.95660748586166333,0.34733502783518988,0.95125652745301625,0.41842012801360923,0.89306962523002853,0.51506600197912367,0.85861370878140564,0.59326568350401265,0.80290653182782523,0.65979499907917905,0.74886076144774694,0.73283802124583564,0.69036342156581476,0.80817215741230897,0.58941565552369846,0.89281727785256759,0.53208404626332362,0.92510940680310894,0.45379875375406004,0.98403124771459194,0.37597197769065738,0.9985122749975095,0.27740470126587313,1,0.1621319856557431
"LIRCMOP6_BC",1,80000,80100,393,55,"feasible_endpoint","AF_train",1,60,0.37105069113605249,1.4634315664494604,1.1558821835628517,0.75448742095313148,0.9720608640583428,0.12143474794807904,0.98625316745235958,0.19230160850303735,0.95608599804197913,0.268166004472145,0.94577313825821441,0.34671486611613772,0.91939752152776466,0.42233189495329815,0.8886252532860287,0.49232635057228269,0.86015700631371939,0.54918034817907424,0.82889096680444629,0.62760754566841737,0.76174798469386595,0.67687854781601264,0.69811009594518292,0.74066740232839756,0.6408468220729604,0.7926809877015315,0.58478364149837014,0.83276565352162835,0.53654152667467059,0.8658467726964143,0.44667569464628154,0.91291950187039617,0.37221837817279146
"LIRCMOP6_BC",1,80000,80100,393,55,"infeasible_endpoint","AI_train",0,60,0.37105069113605249,1.3881677437559921,1.379705112437865,0.62297453269514846,0.9763852234339051,0.09561239751676423,0.99427293079380052,0.1563553051634787,0.96415848577391827,0.22141581743122146,0.94924136078633592,0.30261926961712571,0.94113540455245981,0.3378324095999623,0.91939304194141735,0.40981038219387134,0.90204719490520813,0.4550023318411664,0.87134904076229414,0.53167171331110774,0.82116155706017924,0.57480438394201094,0.76826268453091573,0.61675940622500192,0.71899787061551468,0.66128009820580536,0.69078306373514031,0.70106618867590176,0.64938154133331527,0.71340533599036138,0.57655252813855928,0.78870784305899844,0.5208370321477287
"LIRCMOP6_BC",1,80000,80100,393,56,"feasible_endpoint","AF_train",1,81,0.56658415037837817,1.6218695905769627,0.90028263301393763,0.90665377309278505,0.98857253718645333,0.14238640898782318,0.98664173478507555,0.23438504861445836,0.95595114706841811,0.3184273547523826,0.91413138982727515,0.40657601917513897,0.89341457689346915,0.51112150991106353,0.84177550386282174,0.57502270228803543,0.79075751307061337,0.63862311669079241,0.74298622042407048,0.72845574406683622,0.68063113434085198,0.7773144017123238,0.56647447973039355,0.85070475370361232,0.50333054204143945,0.89946214711786376,0.42662325941281209,0.93377902829766679,0.33796629199360018,0.95352183707312355,0.24353307962605503,0.97643875786371293,0.15261319832744419
"LIRCMOP6_BC",1,80000,80100,393,56,"infeasible_endpoint","AI_train",0,81,0.56658415037837817,1.5926228154029394,1.2537152283658832,0.74671722185316014,0.98419185289403532,0.11521405556374061,0.98666213010847104,0.18746550851293628,0.95677271471337322,0.26645548792225571,0.93802079576651343,0.3418890193721148,0.92755957594331595,0.40333996607344996,0.8764679653419194,0.4847182096799571,0.8435864262613928,0.45578147203654584,0.80932265550974603,0.61442811625862481,0.74554758515736674,0.65440223145139087,0.67421062250520791,0.71913367078132195,0.62678119994746395,0.75968041445527201,0.67067322480803193,0.81045289656896657,0.50352306893640342,0.83432825402402222,0.44399056643565693,0.86860235484981596,0.36816997367354393
"LIRCMOP6_BC",1,80000,80100,393,57,"feasible_endpoint","AF_train",1,33,0.088863095130150199,1.1541553307897876,1.5541053429902059,0.42648561696624349,0.9837824678860092,0.045812194034258506,0.97551314044845872,0.10051111234022581,0.96432309886956902,0.14232277491593207,0.98934258519565521,0.20379261098226417,0.97505106075283798,0.21859201884915191,0.9546575498980141,0.29667986676261815,0.95158149270788672,0.32552744546104972,0.93891768802431363,0.37718389828007537,0.90131725272963248,0.41286061022556869,0.88804046893188393,0.44953960750866773,0.87300492569115828,0.50161872489522885,0.8420889338411367,0.55050677137015502,0.8286001323252894,0.57206460966063966,0.80480254677045293,0.61316040182468656,0.76142678938281527
"LIRCMOP6_BC",1,80000,80100,393,57,"infeasible_endpoint","AI_train",0,33,0.088863095130150199,1.1379253492710246,1.6111012814524706,0.3463856907847494,0.98483167174860542,0.030679064372252908,0.9722176419609585,0.074987243443299198,0.98583576657074601,0.1121854543709437,1,0.16171449002017005,0.98549590703913292,0.17532487850929909,0.97865474707264632,0.2538813098161688,0.98144831354748407,0.278267201108788,0.97110282601263476,0.30928778711098059,0.93917997144763021,0.35353318706574427,0.94387078759668985,0.38487026579916322,0.92919802584214017,0.43243121944679347,0.90954373494979313,0.48441323061239416,0.90616334156980693,0.50190736529978008,0.89866074361468573,0.5489685159547264,0.86533855763239265
"LIRCMOP6_BC",1,80000,80100,393,58,"feasible_endpoint","AF_train",1,57,0.33236585701391508,1.4271743573458062,1.2070966747649627,0.71607089623066722,0.97941222102980607,0.11323032219443345,0.9965354953827108,0.17664902874658875,0.95733317182103295,0.25869943955416685,0.94453780072537152,0.32857872163335622,0.92050362969439958,0.40636253786482462,0.89665373095240519,0.46819159203678273,0.86466181265402253,0.52477704264310843,0.83299873526467383,0.59971024559961705,0.78195921167606197,0.64965761200208416,0.72524263878978579,0.70703788864971784,0.66793546033674578,0.7597760368783556,0.61141238776789986,0.80331124535357379,0.55285624708869885,0.83176954515393065,0.50364153209791229,0.88045787359211114,0.42291008095209354
"LIRCMOP6_BC",1,80000,80100,393,58,"infeasible_endpoint","AI_train",0,57,0.33236585701391508,1.6587163814539714,1.1564699426736609,0.75582727278990192,0.98922045587507068,0.12192479601595599,0.99326797445667647,0.063805448815445254,0.95696480494603164,0.28458883996225992,0.93545392893363455,0.33065903361907378,0.91362925112927651,0.43014119583701599,0.88197102163487695,0.48838660037365461,0.85016142485633517,0.54737434921749839,0.81505445196772741,0.62100872482845537,0.7406485586522964,0.67290717909022058,0.69989668665716365,0.72640588658683802,0.63041870820764412,0.79734605641982248,0.55689284145266116,0.82684320779771669,0.4998437948475174,0.85028043092010874,0.43801372954896955,0.89400553121370696,0.36758862441648593
"LIRCMOP6_BC",1,80000,80100,393,59,"feasible_endpoint","AF_train",1,72,0.43700422746721623,1.5589357056060358,1.0062146542739743,0.84328793926907153,0.98869066345703138,0.13651681126212956,0.99350513860893086,0.21615400754126712,0.95876533348799919,0.29348514184209296,0.92934937165329512,0.38450253882211227,0.91508773550324185,0.47882052201033665,0.87192747985962482,0.5426984349319468,0.8250044596512276,0.60200370211140486,0.76318919687013365,0.6915704299264509,0.7034979224653557,0.74081259077225736,0.62093029533085564,0.81117776206032421,0.56810360901245271,0.84997336640072807,0.49155973782247209,0.89858066030922235,0.4194103620595504,0.91441634490090817,0.34530808624366321,0.95039099452870812,0.24221093520351428
"LIRCMOP6_BC",1,80000,80100,393,59,"infeasible_endpoint","AI_train",0,72,0.43700422746721623,1.549479706097221,1.2802682779769095,0.77218345107770636,0.98914721787607296,0.13086334623193441,0.99562163632750011,0.19191581586936099,0.95096336445359853,0.27740614314687811,0.94283498232050933,0.33716039748803117,0.92675694746260018,0.43339015520065161,0.95811646878025292,0.52202462412385608,0.83562026412702139,0.55714426806775308,0.78219293988056671,0.62813610669884956,0.71903641326183543,0.68137982565891264,0.64608260384795635,0.75568681596809606,0.60314525634205884,0.77327107600063527,0.52647599038682691,0.83040256448599481,0.45911174376489777,0.83388626642561658,0.39522311216902334,0.8787295726186557,0.29068612877980099
"LIRCMOP6_BC",1,80000,80100,393,60,"feasible_endpoint","AF_train",1,67,0.370473570440845,1.5212020625220624,1.0634558584636697,0.80936413114360084,0.97706603995374686,0.12830735217597997,0.98790389968643821,0.21007435421200063,0.95567600123468077,0.28838287699389903,0.94884204273603578,0.36865688510638117,0.90779445457928332,0.46239567534824855,0.87815016560018533,0.51744290016201444,0.82901267192299,0.58314749570939928,0.80073248990019452,0.66382501158131701,0.7339428222691724,0.72193104774556094,0.65538056718916027,0.78440155504002451,0.59626472596333036,0.83906399190498138,0.52807534777115051,0.87764463863689735,0.45575302924211963,0.90475975526863839,0.37909948979291674,0.94167962162210828,0.29694657621440806
"LIRCMOP6_BC",1,80000,80100,393,60,"infeasible_endpoint","AI_train",0,67,0.370473570440845,1.762688709972517,0.966643263829154,0.99145371638190238,0.98467301291441156,0.16868693729346526,0.98608997761168915,0.26253565133197043,0.95111499199902472,0.37011196302992844,0.91466220017218935,0.43548042047418212,0.87949199169728476,0.56697121572694253,0.81580030538468662,0.6232344497033272,0.75571019735898748,0.695935405406511,0.70325982800901643,0.79163683163702514,0.62164244410601355,0.84214257281704474,0.51489124529970476,0.91330768334000312,0.56319643757934423,0.98076850939674831,0.33769454860399462,0.99767605824577044,0.23271010422594285,1,0.1278562249427932,1,0.014974200327329823
"LIRCMOP6_BC",1,80000,80100,393,61,"feasible_endpoint","AF_train",1,77,0.35081427810760912,1.5920886632894589,0.95280982882051779,0.87511618605387587,0.9789792776457833,0.13948242088499496,0.98967760398823557,0.22649743809100564,0.95208076399946373,0.31994663914014182,0.91899304403927928,0.4061646074320297,0.8992432734242809,0.49226105742320936,0.84859353488341815,0.56410485967435819,0.79998925585071823,0.62448950966192629,0.74857853552516584,0.707009552491079,0.68554074438330825,0.76221386966447002,0.5970459221904284,0.84017866515895567,0.52394362147974227,0.8787617339303273,0.45396591156942562,0.9066210151262919,0.38688634160549673,0.93202074332227947,0.27859816013107958,0.95713390108803109,0.18998429182141144
"LIRCMOP6_BC",1,80000,80100,393,61,"infeasible_endpoint","AI_train",0,77,0.35081427810760912,1.8908774238037183,0.90103094728974653,1,0.97992084968569237,0.16778025195893864,0.99614367575294593,0.26218007050190745,0.94607921210946211,0.37897916087662303,0.9200475446588473,0.45337166840301546,0.88628330742361006,0.57472261907205602,0.82348499661522845,0.62100321876017472,0.7643983990097345,0.72282614292136427,0.71129688483696529,0.81855138969567864,0.63535542581905946,0.8808838317079426,0.53590012609187032,0.9776597698824594,0.44132824380648616,1,0.35819606043548857,1,0.27320756496368082,1,0.15504112200862091,1,0.045799562138120392
"LIRCMOP6_BC",1,80000,80100,393,62,"feasible_endpoint","AF_train",1,67,0.22131695578446262,1.5185077085261551,1.0726466310490674,0.80544985378078915,0.97825297039913128,0.12596487971873044,0.98462229616786978,0.20581782513512398,0.96094363208936573,0.27623856250253231,0.94124547250146251,0.3695888320568716,0.90177286240162213,0.45957552512868116,0.88035770826510196,0.52067137811561981,0.84574200699572477,0.58169485984003888,0.79255818855943305,0.65680491594445001,0.73240540883275029,0.71646282200450306,0.65275228841311517,0.7773766085792424,0.59790753472784908,0.82634317779950806,0.53010426037304925,0.86724164799667736,0.47842537945100477,0.89471534949025844,0.38117439151169424,0.93182543171496479,0.30040661313597761
"LIRCMOP6_BC",1,80000,80100,393,62,"infeasible_endpoint","AI_train",0,67,0.22131695578446262,1.4979330722305835,1.2121947797186752,0.78371928491828269,0.98037789400260333,0.11837421374964086,0.98550623014005878,0.19942281463200018,0.96139580157980364,0.26665491435060817,0.94280902127841792,0.35367969245986486,0.8200461147703233,0.44743846247123159,0.88793090373819428,0.50911657742727245,0.86331015236730724,0.5703409700526042,0.81250433051093374,0.64134946293260131,0.76159491284665781,0.69926098886123023,0.66379501130123186,0.75418722331501931,0.61601595032753942,0.81013342383270215,0.55683866313433472,0.86202023823365892,0.5037641509002585,0.88012400439764416,0.40792170172655673,0.93081709805240531,0.32975397234581844
"LIRCMOP6_BC",1,80000,80100,393,63,"feasible_endpoint","AF_train",1,100,0.48761274304256835,1.8367009845023916,0.71305387267593867,1,0.99568043262594075,0.17169108498567565,0.98872075381637581,0.27243296851445309,0.94953901880783786,0.36605429929889477,0.90663775809568858,0.46428793864565648,0.87340007089338645,0.5742860009337819,0.81523583170977942,0.64363760558522687,0.73920106058581969,0.71867175797433247,0.66180381010125888,0.81193817888447639,0.59143092201117042,0.86680623968117532,0.49106658557985866,0.96130381477027282,0.41675989905047284,0.99015292890399043,0.31992024645397343,0.99759837566533593,0.21132716468793689,1,0.11379294785553108,0.99908242320716467,0
"LIRCMOP6_BC",1,80000,80100,393,63,"infeasible_endpoint","AI_train",0,100,0.48761274304256835,1.7232277260152329,1.0018602867039434,0.90486227262788299,0.99635944680379418,0.16065192176026905,0.98062737515665721,0.24769498653570404,0.94938545656087248,0.33562853851923069,0.91346587856862116,0.42917436101693712,0.88060336061379019,0.51903463320729848,0.82988460813565013,0.58674990362621782,0.75838092763441611,0.65393629143614063,0.69629708734480511,0.73501555805226237,0.62190092625944238,0.78160454071486596,0.54397780698228781,0.87132534858947808,0.46993856479381141,0.89210279248182722,0.39477086185534216,0.90375814512181285,0.28800410294290024,0.91243067497803898,0.20744669937267413,0.90319245656993608,0.11323433614530864
"LIRCMOP6_BC",1,80000,80100,393,64,"feasible_endpoint","AF_train",1,72,0.33638269391148229,1.5589357056060358,1.0062146542739743,0.84328793926907153,0.98869066345703138,0.13651681126212956,0.99350513860893086,0.21615400754126712,0.95876533348799919,0.29348514184209296,0.92934937165329512,0.38450253882211227,0.91508773550324185,0.47882052201033665,0.87192747985962482,0.5426984349319468,0.8250044596512276,0.60200370211140486,0.76318919687013365,0.6915704299264509,0.7034979224653557,0.74081259077225736,0.62093029533085564,0.81117776206032421,0.56810360901245271,0.84997336640072807,0.49155973782247209,0.89858066030922235,0.4194103620595504,0.91441634490090817,0.34530808624366321,0.95039099452870812,0.24221093520351428
"LIRCMOP6_BC",1,80000,80100,393,64,"infeasible_endpoint","AI_train",0,72,0.33638269391148229,1.7993993787795284,0.98706894393220379,0.99185359702367559,0.98828965784232636,0.16288655628661089,0.98999021161092271,0.25937185111804317,0.9501795472507446,0.34363834744698996,0.91001067998032292,0.45264555386682481,0.90309868537600413,0.56303696838389294,0.84584819513448783,0.63085984230934189,0.7811660120595677,0.70428232949174163,0.70004778472978946,0.80804099003292373,0.63748813438424068,0.85943056879325974,0.53021647403770911,0.94397096995790286,0.46215098754418094,0.98215744368901947,0.37119563921299648,1,0.26678905716312445,1,0.18657784984502668,1,0.099547635582969057
"LIRCMOP6_BC",1,80000,80100,393,65,"feasible_endpoint","AF_train",1,97,0.14185857398752813,1.732531777909242,0.73692097002253198,0.98939712439226246,0.9996677215332177,0.16961571061496972,0.97428629552918533,0.2587496971772385,0.95089568439618644,0.37202699494597546,0.90756757004251631,0.42957075385391186,0.88643698894785927,0.55374740754266105,0.81306895998720785,0.62051065047928655,0.76707081517498998,0.6867214952577233,0.68012684541403201,0.77954430128423391,0.59770450079362125,0.82957824266630953,0.51109605732774388,0.89344081182976898,0.41985292086283893,0.97037428058042774,0.3256625504659138,0.98160140890412839,0.21912962901734645,0.99531429784865888,0.12097043075201563,0.98983764799185625,0.030415690957964064
"LIRCMOP6_BC",1,80000,80100,393,65,"infeasible_endpoint","AI_train",0,97,0.14185857398752813,2.0657257783087486,0.7323050706012082,1,0.98038063950569243,0.17397763891531623,0.97678726973664076,0.28065322373849011,0.94458660846529263,0.37886038390134269,0.90995606462094147,0.48579724018695286,0.87021789983246811,0.61030224092597929,0.81546800465232483,0.67096208147358338,0.75471647742738224,0.74494641774265147,0.68084034665977444,0.84622812879715048,0.62688822641398423,0.90377552190918176,0.49585424941028133,0.99857921946265704,0.41920554910607544,1,0.32465146704014902,1,0.21874157387581822,1,0.10773747183687049,1,0
"LIRCMOP6_BC",1,80000,80100,393,66,"feasible_endpoint","AF_train",1,97,0.14185857398752813,1.732531777909242,0.73692097002253198,0.98939712439226246,0.9996677215332177,0.16961571061496972,0.97428629552918533,0.2587496971772385,0.95089568439618644,0.37202699494597546,0.90756757004251631,0.42957075385391186,0.88643698894785927,0.55374740754266105,0.81306895998720785,0.62051065047928655,0.76707081517498998,0.6867214952577233,0.68012684541403201,0.77954430128423391,0.59770450079362125,0.82957824266630953,0.51109605732774388,0.89344081182976898,0.41985292086283893,0.97037428058042774,0.3256625504659138,0.98160140890412839,0.21912962901734645,0.99531429784865888,0.12097043075201563,0.98983764799185625,0.030415690957964064
"LIRCMOP6_BC",1,80000,80100,393,66,"infeasible_endpoint","AI_train",0,97,0.14185857398752813,2.0657257783087486,0.7323050706012082,1,0.98038063950569243,0.17397763891531623,0.97678726973664076,0.28065322373849011,0.94458660846529263,0.37886038390134269,0.90995606462094147,0.48579724018695286,0.87021789983246811,0.61030224092597929,0.81546800465232483,0.67096208147358338,0.75471647742738224,0.74494641774265147,0.68084034665977444,0.84622812879715048,0.62688822641398423,0.90377552190918176,0.49585424941028133,0.99857921946265704,0.41920554910607544,1,0.32465146704014902,1,0.21874157387581822,1,0.10773747183687049,1,0
"LIRCMOP6_BC",1,80000,80100,393,67,"feasible_endpoint","AF_train",1,98,0.11880678894272315,1.7486561299114016,0.73307509152416994,0.99931848692997105,1,0.14924805414976156,0.9854034985237391,0.26408789037549429,0.95381230971122344,0.35996968378498351,0.89648121527862579,0.44988100606828241,0.87328793782010716,0.56888804879625188,0.80596298359760099,0.62802708193478018,0.74980629563380852,0.69407162231727615,0.67862774512098034,0.78660500375703801,0.552491297662692,0.8379505980079972,0.48646520944478816,0.91805748356955008,0.41925437310817604,0.97290858516486756,0.3227574258643135,0.9961301781365135,0.20967953627173089,1,0.11464192391373289,1,0.013723121095833284
"LIRCMOP6_BC",1,80000,80100,393,67,"infeasible_endpoint","AI_train",0,98,0.11880678894272315,2.0657257783087486,0.7323050706012082,1,0.98038063950569243,0.17397763891531623,0.97678726973664076,0.28065322373849011,0.94458660846529263,0.37886038390134269,0.90995606462094147,0.48579724018695286,0.87021789983246811,0.61030224092597929,0.81546800465232483,0.67096208147358338,0.75471647742738224,0.74494641774265147,0.68084034665977444,0.84622812879715048,0.62688822641398423,0.90377552190918176,0.49585424941028133,0.99857921946265704,0.41920554910607544,1,0.32465146704014902,1,0.21874157387581822,1,0.10773747183687049,1,0
"LIRCMOP6_BC",1,80000,80100,393,68,"feasible_endpoint","AF_train",1,98,0.11880678894272315,1.7486561299114016,0.73307509152416994,0.99931848692997105,1,0.14924805414976156,0.9854034985237391,0.26408789037549429,0.95381230971122344,0.35996968378498351,0.89648121527862579,0.44988100606828241,0.87328793782010716,0.56888804879625188,0.80596298359760099,0.62802708193478018,0.74980629563380852,0.69407162231727615,0.67862774512098034,0.78660500375703801,0.552491297662692,0.8379505980079972,0.48646520944478816,0.91805748356955008,0.41925437310817604,0.97290858516486756,0.3227574258643135,0.9961301781365135,0.20967953627173089,1,0.11464192391373289,1,0.013723121095833284
"LIRCMOP6_BC",1,80000,80100,393,68,"infeasible_endpoint","AI_train",0,98,0.11880678894272315,2.0657257783087486,0.7323050706012082,1,0.98038063950569243,0.17397763891531623,0.97678726973664076,0.28065322373849011,0.94458660846529263,0.37886038390134269,0.90995606462094147,0.48579724018695286,0.87021789983246811,0.61030224092597929,0.81546800465232483,0.67096208147358338,0.75471647742738224,0.74494641774265147,0.68084034665977444,0.84622812879715048,0.62688822641398423,0.90377552190918176,0.49585424941028133,0.99857921946265704,0.41920554910607544,1,0.32465146704014902,1,0.21874157387581822,1,0.10773747183687049,1,0
"LIRCMOP6_BC",1,80000,80100,393,69,"feasible_endpoint","AF_train",1,64,0.36720061374297031,1.4941227229281446,1.1079108715292132,0.78079916199708888,0.99228359855734971,0.12035947449533836,0.98809859855813387,0.19284629065918935,0.96028483472770365,0.27984046066086166,0.95262290991933452,0.35255507070783471,0.93293736003272321,0.43559620315012537,0.9001324837142366,0.50469959924586183,0.84492110734788706,0.56778244141866341,0.79749344731463578,0.64104665661381077,0.74212777067243829,0.70544137971325749,0.67710652828673357,0.76761632115151723,0.63217332320992115,0.80636899048731925,0.55540328416698714,0.86360586349245827,0.49570732679536506,0.87607011521730382,0.42519365736379028,0.92499935722058546,0.32972316309494132
"LIRCMOP6_BC",1,80000,80100,393,69,"infeasible_endpoint","AI_train",0,64,0.36720061374297031,1.4021933881045374,1.3243457769936404,0.68286382197425155,0.99028791572934183,0.10287769542774364,0.98353668070729416,0.16323128976530762,0.96283147832162674,0.2455857628193337,0.97331162809088689,0.30450309000174769,0.9424240979087094,0.38186582055368179,0.933417821995979,0.44709241602531857,0.88377941861754605,0.50848350676579823,0.85601486247354108,0.56750239530685509,0.71854900787818698,0.64063410225858564,0.75626704904391273,0.69351562271318268,0.71971830976650186,0.73820136316604157,0.64961239961182149,0.79844030772058394,0.61110852620978773,0.81294738796213861,0.54811065459944819,0.8754148642770303,0.4707142859229887
"LIRCMOP6_BC",1,80000,80100,393,70,"feasible_endpoint","AF_train",1,66,0.18059751106105582,1.5165531688043541,1.0909771385495799,0.79923085515740655,0.97335295373031228,0.12658467119824474,0.98579652586002708,0.21602428356464709,0.96615879957853301,0.29618143326366175,0.96359518401025412,0.37136609712666963,0.89910947681173803,0.46361772808777429,0.88433244441007064,0.50731705404417826,0.84160435706390713,0.57578533192659975,0.77767068997200028,0.66098634259067546,0.73424504415972636,0.72070132075156623,0.65137021356974834,0.75983759057112976,0.58569523946808688,0.82154375184253525,0.53416419557950379,0.87524106679820968,0.45460791943499401,0.89567118248935829,0.37830040097840156,0.93184045846783103,0.29735877070755123
"LIRCMOP6_BC",1,80000,80100,393,70,"infeasible_endpoint","AI_train",0,66,0.18059751106105582,1.5083868867501098,1.2062689646165623,0.72087482479194231,0.97739868997396495,0.11366479995729199,0.98860498115450479,0.17878217551653641,0.97157590883999345,0.25158578590637659,0.97101320979777805,0.31208617522005733,0.92237727573237249,0.3897255704075005,0.91698530867876138,0.43703891596148564,0.87768453335621421,0.49563857252341337,0.82406094990102408,0.5739577230713484,0.79108026761283323,0.62684622532821632,0.71371232301882426,0.66542647160129187,0.66619219752023062,0.74653043504289929,0.6314971349025047,0.82453139695282085,0.55765354512342102,0.85287935493981237,0.50075564773166992,0.9070359557321851,0.41846423830930835
"LIRCMOP6_BC",1,80000,80100,393,71,"feasible_endpoint","AF_train",1,60,0.27807627341823271,1.4634315664494604,1.1558821835628517,0.75448742095313148,0.9720608640583428,0.12143474794807904,0.98625316745235958,0.19230160850303735,0.95608599804197913,0.268166004472145,0.94577313825821441,0.34671486611613772,0.91939752152776466,0.42233189495329815,0.8886252532860287,0.49232635057228269,0.86015700631371939,0.54918034817907424,0.82889096680444629,0.62760754566841737,0.76174798469386595,0.67687854781601264,0.69811009594518292,0.74066740232839756,0.6408468220729604,0.7926809877015315,0.58478364149837014,0.83276565352162835,0.53654152667467059,0.8658467726964143,0.44667569464628154,0.91291950187039617,0.37221837817279146
"LIRCMOP6_BC",1,80000,80100,393,71,"infeasible_endpoint","AI_train",0,60,0.27807627341823271,1.3914173858317702,1.319964175715536,0.65912701807906371,0.96429156604609256,0.11084014962058099,0.97553520406712724,0.16334344143770746,0.95627883909359834,0.22991971946624346,0.97108236745470367,0.30896775136354654,0.93675741929666589,0.36402602973168485,0.91917322492468023,0.44118758861974156,0.90459486052846305,0.49247715140393039,0.8771516653433038,0.56217619970435462,0.8261296726016929,0.61552410567359783,0.77908992002531396,0.67690260623761278,0.72906394545472353,0.72562430830193969,0.68691987239181718,0.77215766381729689,0.661040103905008,0.81316850368903504,0.57985975286462554,0.88198540550530691,0.51325076164983252
"LIRCMOP6_BC",1,80000,80100,393,72,"feasible_endpoint","AF_train",1,25,0.072454042677543906,1.0519670866526432,1.6430365333660539,0.29312806587696716,0.98816350159460442,0.035680226467354123,0.97572833314501439,0.065988093974021444,0.97910524338958949,0.11426396853921894,0.99571373355032766,0.15359762070394223,0.98667177189759447,0.14952617415481798,0.98097395126410869,0.20855094769944918,0.98250234092676725,0.23061506829003381,0.97610611688517201,0.26680983942521252,0.92864557752268184,0.30303959680284814,0.94470664109627056,0.31932252641419778,0.93912293306051575,0.34921353015154261,0.93190284925543754,0.40453193578178798,0.91714243575186305,0.43035180979404458,0.91763353312211204,0.47869401800167377,0.89037352159970617
"LIRCMOP6_BC",1,80000,80100,393,72,"infeasible_endpoint","AI_train",0,25,0.072454042677543906,1.0512853817505867,1.6916279027268,0.25773056238517805,0.98412863685304774,0.027279794310422101,0.97143207668623222,0.057417916724124496,0.98054105520556001,0.099208955505747626,1,0.13696362801227899,0.99741652934282699,0.12566634681087308,0.98620556969851503,0.1918905264123609,0.99948655750790372,0.20833210862806606,1,0.25635045980292881,0.94566680546277926,0.27279201960725119,0.954480532355101,0.28930726024106035,0.96940099821904835,0.32517948474126257,0.96556023970795612,0.37700697312376191,0.96594107257526618,0.40329063680336713,0.9583481926120867,0.34430621149969576,0.93748269053188316
"LIRCMOP6_BC",1,80000,80100,393,73,"feasible_endpoint","AF_train",1,91,0.22645674936279267,1.6962307927947169,0.79494402788646501,0.96162846560047954,0.98828785210840731,0.15216893677240403,0.98011500255814876,0.25471283139800194,0.9566239634700473,0.35087950900942383,0.91696841052738765,0.43683521067135056,0.89182875254692662,0.54807210116578164,0.82567741900869751,0.60747649995927655,0.77137469768240441,0.67415152878601758,0.69909065487574606,0.75655491814649389,0.59931804292719093,0.81614046842731591,0.52394539681853236,0.89490427326104249,0.4544927431135371,0.93480101348296252,0.36925174424728996,0.97906607096385878,0.26050518840152637,1,0.17083668247744266,1,0.072123512115787713
"LIRCMOP6_BC",1,80000,80100,393,73,"infeasible_endpoint","AI_train",0,91,0.22645674936279267,2.1222809599510963,0.7207457502075042,1,0.98541985605540883,0.16616271467774912,0.95771690907391649,0.28012803841269696,0.95217080682553312,0.38451969384197088,0.90944080404920391,0.49229621109225535,0.88116311045576245,0.60903291371582691,0.80946854778727739,0.71501699422218667,0.75287176348465334,0.74526961904814981,0.67852362423043455,0.84154096288644875,0.57461586838141998,0.90489381188026263,0.48771226058947253,0.99941760603024188,0.40973009646292169,1,0.32235798987107467,1,0.21349483412840137,1,0.11014033619481811,1,0
"LIRCMOP6_BC",1,80000,80100,393,74,"feasible_endpoint","AF_train",1,48,0.059059528756941981,1.3468279803711747,1.3280342041442237,0.63190412287791453,0.97976664770980681,0.093787440802438143,0.97388291341952471,0.16299042376502582,0.95680862540400324,0.20893804939017707,0.97277017937998167,0.3040208897950511,0.93672218144806507,0.36253892272148197,0.91903597735835652,0.41575391821489394,0.90495483376679275,0.46960171791109778,0.88013122866254589,0.54089241597731719,0.81774930605412166,0.58619191759590561,0.7879160033678867,0.63788268358822686,0.74385151165550356,0.70262509754102043,0.69294650873686425,0.73713842438308108,0.66157915174478932,0.77408237916865208,0.61216267793366519,0.82074735828246648,0.53993518488927061
"LIRCMOP6_BC",1,80000,80100,393,74,"infeasible_endpoint","AI_train",0,48,0.059059528756941981,1.3430705071642384,1.3682055731860148,0.60685114459385847,0.97555515293996808,0.086281993303319093,0.9699599084271987,0.15524484920519893,0.95735941110988398,0.20178522782363006,0.98101959185404874,0.29399363018596741,0.94442574001344837,0.34464296869395872,0.92898953294101438,0.3996489725579625,0.91587477252383009,0.49852156852580581,0.895186047182847,0.52302600067267135,0.83348454707076458,0.57115397095972475,0.81059657200533519,0.61965009074467758,0.76919557773909042,0.68782327602317217,0.71984862751234302,0.72358777701749677,0.6935897069846424,0.76056847577156694,0.64577142126391174,0.81255204256664171,0.57470228380436406
"LIRCMOP6_BC",1,80000,80100,393,75,"feasible_endpoint","AF_train",1,25,0.062870845335081346,1.0519670866526432,1.6430365333660539,0.29312806587696716,0.98816350159460442,0.035680226467354123,0.97572833314501439,0.065988093974021444,0.97910524338958949,0.11426396853921894,0.99571373355032766,0.15359762070394223,0.98667177189759447,0.14952617415481798,0.98097395126410869,0.20855094769944918,0.98250234092676725,0.23061506829003381,0.97610611688517201,0.26680983942521252,0.92864557752268184,0.30303959680284814,0.94470664109627056,0.31932252641419778,0.93912293306051575,0.34921353015154261,0.93190284925543754,0.40453193578178798,0.91714243575186305,0.43035180979404458,0.91763353312211204,0.47869401800167377,0.89037352159970617
"LIRCMOP6_BC",1,80000,80100,393,75,"infeasible_endpoint","AI_train",0,25,0.062870845335081346,1.0444690221622195,1.6851909059863306,0.31138244893783484,0.99453125066425629,0.039402751407633357,0.97118334494188407,0.069142462712744351,0.97894870542210677,0.13337328578494131,0.99537555918361709,0.14976444453258164,0.9878915783764477,0.15445826978798813,0.97093082264326513,0.21408356376925167,0.98862221292451902,0.23729194768917289,0.96728959473010678,0.28595873174180647,0.89339175757759859,0.31024538814816949,0.9172071708710734,0.31904063382095238,0.92179013934213327,0.37045360030284757,0.90443926760387949,0.41194377595235554,0.89355122166057011,0.43981831507224589,0.88547869319825634,0.4796671840383942,0.86690669025066636
"LIRCMOP6_BC",1,80000,80100,393,76,"feasible_endpoint","AF_train",1,55,0.22955609743616676,1.4141905045352265,1.2379002114108082,0.70382344150703702,0.97107471039109416,0.11987754695747062,0.99494866225692813,0.17315276885450831,0.95487081570117027,0.25447009073745819,0.95042739371638141,0.33049766139640979,0.92743750880563347,0.3938658237157262,0.90407717201960436,0.4639196875873115,0.87385656713231386,0.51967761173387861,0.83125945740935903,0.59559258062212617,0.8202944557980314,0.64509097147738137,0.73972082160398211,0.70432568622815284,0.67707481714851347,0.74946881987151648,0.62597021357218496,0.79308120437572605,0.56975764059651735,0.82981990917783888,0.5248233250025468,0.87431811860704323,0.43831225292643761
"LIRCMOP6_BC",1,80000,80100,393,76,"infeasible_endpoint","AI_train",0,55,0.22955609743616676,1.3609314405060227,1.3760145686251222,0.61493261581886882,0.96664354621712389,0.12459785923967807,0.99612551198509158,0.14815252939444962,0.95923915385099223,0.22298608166142633,0.97221644625105363,0.29210756248327285,0.93484694710322569,0.34616088980281268,0.93046721164732515,0.40929736656237192,0.92781010633829086,0.46594776563721257,0.88549374452643548,0.54724054075358886,0.87063417818026734,0.58874986705635757,0.81494953184167951,0.63727390160454456,0.76068899286962322,0.69305658683768512,0.71462726418995559,0.73605037570797704,0.6849809937094643,0.78250358838474776,0.64261112727769365,0.83645830977797908,0.57093163944044723
"LIRCMOP6_BC",1,80000,80100,393,77,"feasible_endpoint","AF_train",1,89,0.23862224399195689,1.6757166258543106,0.82109159751684335,0.94805266583618575,0.99423676559359708,0.14164981904580137,0.97275076582414122,0.24707086747733684,0.94571308845463764,0.35355218754849571,0.91172908512278505,0.42984834372573805,0.88439735654889584,0.54956775588904261,0.82994602273658891,0.59445892339587225,0.77995238616932916,0.66705080054578314,0.69693591501270702,0.74291993058072148,0.64125560594768372,0.80609269219083468,0.53898885024827092,0.8833827968147574,0.46446631935086735,0.92666845707725021,0.38663558052643449,0.9556760606010779,0.29004649467627414,0.96638120232156965,0.19359260375684334,0.98549809200521366,0.088127139785108222
"LIRCMOP6_BC",1,80000,80100,393,77,"infeasible_endpoint","AI_train",0,89,0.23862224399195689,1.99634036544564,0.76664100980689953,1,0.99226676737441466,0.15915153176548374,0.97399113854899011,0.27150044586540734,0.92902370718803717,0.38498859124624346,0.90240785181130856,0.48087890633261843,0.87774032662300994,0.59161597288893797,0.81064856804818242,0.65908217773654743,0.76638306617152729,0.73932408989508214,0.66902556315292261,0.83743481096961303,0.61336470458897097,0.8964946106365711,0.51233498709636283,0.99410458476854291,0.42201721558819338,1,0.34348309100416097,1,0.23744598920592036,1,0.1403131700882953,1,0.020040756527334613
"LIRCMOP6_BC",1,80000,80100,393,78,"feasible_endpoint","AF_train",1,58,0.24856140149568332,1.4399195351155538,1.1959987836698154,0.72432230362917127,0.9770939628226506,0.10705125719849419,0.97641680264198216,0.18353226383698967,0.96056526573978962,0.24511851288968325,0.95649474834576154,0.33599097382460558,0.92303360842881155,0.39786602486430278,0.9055645975420723,0.46728197006216665,0.87878137849361471,0.52276566132005953,0.82737154316739947,0.59944479857926747,0.78555085141215231,0.66400239787357218,0.71504910865812488,0.70949438277288002,0.67130444180903681,0.75822202033066999,0.61583597785740207,0.81579722327961002,0.56321567885793733,0.84303969726338213,0.48819048627829553,0.88495482899562417,0.41535671817014969
"LIRCMOP6_BC",1,80000,80100,393,78,"infeasible_endpoint","AI_train",0,58,0.24856140149568332,1.3951467081235025,1.3485907899463654,0.65216266763660247,0.97467331800836599,0.10351961084208053,0.98193680068125522,0.16830840372194741,0.967502354445824,0.22227412684443004,0.96182345574793393,0.29568412920477966,0.92394423589053454,0.36776943549216623,0.91743102678708333,0.41268381059315939,0.89830995743498732,0.4686791173985545,0.85000713550911455,0.53656357116147269,0.80679382182635007,0.60178359216574084,0.7552306437425933,0.63955504944139352,0.70436810243098869,0.68349961900346012,0.65438978101472112,0.73168628381578027,0.61220443595588081,0.77045696866250324,0.54088887448113954,0.81309776156128466,0.4753381427698874
"LIRCMOP6_BC",1,80000,80100,393,79,"feasible_endpoint","AF_train",1,61,0.30940351694079665,1.4692207038060845,1.1490537756887196,0.7540050128869703,0.98856260072598034,0.12293960498998502,0.99797427320134779,0.18096595665194043,0.95361881253563063,0.26577720371483105,0.95051957018984468,0.34037634121133459,0.93675010794706715,0.41310705249047092,0.89782100492877115,0.49463304010909687,0.84758304770617077,0.5487766148459543,0.81669128688435633,0.62720954698303411,0.76419480118757865,0.67915831346897038,0.69906346073965542,0.75045901598058795,0.65159365015864179,0.78932708198718049,0.58280800521988618,0.83802791935268472,0.52808768588670163,0.86080720452381709,0.45867819525577702,0.90940624351665078,0.37335418711811397
"LIRCMOP6_BC",1,80000,80100,393,79,"infeasible_endpoint","AI_train",0,61,0.30940351694079665,1.4246665512322421,1.3403170426889259,0.6408466256814167,0.99148809051310871,0.097266610890752878,0.99016084072044952,0.1499464068434142,0.95529223434163191,0.2255045099973379,0.9608512396124711,0.28378700222628828,0.93639097945641447,0.3316762644156267,0.91164273364892279,0.42609494674840642,0.87277725845470366,0.46713756704088799,0.85748143105171204,0.54019944534445608,0.81026816265753643,0.57541503725612664,0.75917431949418079,0.64386798302440562,0.72857995416035526,0.68227425160489275,0.66926980664137758,0.73665884283967786,0.6301339822219203,0.7552871671733058,0.56575774234059628,0.75964379352286449,0.4999764438213104
"LIRCMOP6_BC",1,80000,80100,393,80,"feasible_endpoint","AF_train",1,20,0.37693730946810111,0.96355889775286152,1.688719438956217,0.18696462928928609,0.98683461576266229,0.031493969001014241,0.99919479900056807,0.03370044838225765,0.9907947517629716,0.077643244240925779,1,0.10630591551345414,0.98770744691495405,0.10114387521857093,0.99147592991970412,0.13714917309887509,0.98238514046374126,0.14759498165392532,0.99111372093813266,0.17160559936692721,0.9800356626324872,0.20493711715282992,0.97235800248616755,0.22015411512731009,0.97833855410979531,0.22662903251713773,0.95883931468502848,0.26701728062521479,0.99224457664748833,0.29629913750405956,0.95176628503842098,0.34128264035636119,0.93654050869933281
"LIRCMOP6_BC",1,80000,80100,393,80,"infeasible_endpoint","AI_train",0,20,0.37693730946810111,1.172529479674238,1.5386015261694772,0.44186886328226976,0.97858413030964875,0.059931453743707397,0.99204731295002613,0.098308333471449821,0.97685770240849346,0.16064129791670129,1,0.21525321063172212,0.96652565261098244,0.24746659991937081,0.96364792761825302,0.30561846247781332,0.94900412385329513,0.33807804177648926,0.94027919911473734,0.3822435385967991,0.90109155607845337,0.43625660758171092,0.88417439171865586,0.47270084122263967,0.87282588201241018,0.50538780705926956,0.83194965775428764,0.56148516955024741,0.84831334326734598,0.59204476027216502,0.79405468590433803,0.6605637203128758,0.74403033066729751
"LIRCMOP6_BC",1,80000,80100,393,81,"feasible_endpoint","AF_train",1,64,0.24957609881866646,1.4941227229281446,1.1079108715292132,0.78079916199708888,0.99228359855734971,0.12035947449533836,0.98809859855813387,0.19284629065918935,0.96028483472770365,0.27984046066086166,0.95262290991933452,0.35255507070783471,0.93293736003272321,0.43559620315012537,0.9001324837142366,0.50469959924586183,0.84492110734788706,0.56778244141866341,0.79749344731463578,0.64104665661381077,0.74212777067243829,0.70544137971325749,0.67710652828673357,0.76761632115151723,0.63217332320992115,0.80636899048731925,0.55540328416698714,0.86360586349245827,0.49570732679536506,0.87607011521730382,0.42519365736379028,0.92499935722058546,0.32972316309494132
"LIRCMOP6_BC",1,80000,80100,393,81,"infeasible_endpoint","AI_train",0,64,0.24957609881866646,1.6741707146933531,1.1004580703665587,0.88083580658584437,0.9894009433197406,0.13565666508447222,0.98941100672411197,0.21080263207503169,0.96062469324515432,0.32941549139333232,0.9538629287788587,0.3853421189109868,0.9214638781861163,0.49003809287853695,0.88464878851285755,0.57625530230348676,0.8120624289873164,0.64119073888937062,0.76885779676152133,0.71475134398611972,0.70748533593480789,0.79193045523988448,0.6204659744230534,0.87798227568985476,0.57615008175671378,0.89053624531413977,0.48490815440595048,0.96175730558007899,0.42710615375593813,0.9780102057350194,0.33498274148278179,1,0.21805914334353138
"LIRCMOP6_BC",1,80000,80100,393,82,"feasible_endpoint","AF_train",1,29,0.083588542581760863,1.101656846255376,1.6007903525646379,0.3610848567488294,0.98569341715256875,0.052375736649230231,0.98497928288278735,0.094138261608959481,0.9701182770865554,0.10867727481636076,0.97302877866557147,0.19015622263336857,0.96809864604282381,0.20160962837403715,0.96235995288332565,0.2328085121175818,0.97876839104841251,0.27035025460444062,0.95799594719449588,0.33285766549383766,0.92046857022403161,0.35474213501751406,0.93190630099596816,0.35785300845105084,0.90326294310575006,0.43737222926157143,0.88731597274624274,0.46995929313941653,0.87814222270609332,0.50577575093095939,0.8537225337522496,0.54045351813862985,0.83882745256587432
"LIRCMOP6_BC",1,80000,80100,393,82,"infeasible_endpoint","AI_train",0,29,0.083588542581760863,1.0859842668599189,1.6545433636643974,0.29972065019024674,0.98947528787081485,0.035867927302711343,0.97554361581983184,0.079046463457936866,0.96605823826367132,0.087795670783410315,0.96956458078365038,0.18421014825265009,0.97431422759983988,0.16960959248227295,0.97642451190562141,0.19240534843599311,0.98939128493550732,0.22590719621612437,0.97836597672180703,0.28759497808280604,0.95796083049595748,0.30104534406845684,0.96528900695611441,0.30197672843726642,0.94009413704531919,0.37162991801020162,0.93917104518427341,0.40273125392857279,0.93334296137107842,0.45383739846303728,0.92140960729585142,0.48115398463929848,0.91553682754034504
"LIRCMOP6_BC",1,80000,80100,393,83,"feasible_endpoint","AF_train",1,57,0.18292781433304572,1.4345095282708282,1.2025904126684033,0.72466138451801343,0.98629502938252145,0.11460754026754955,0.98547361427479163,0.18272780602318398,0.99716926368313485,0.25719884522283487,0.96015217381429685,0.32782852595020795,0.94177502204267483,0.40362827872366264,0.9020921767985125,0.47872329035558892,0.8677809566224195,0.53301114960334295,0.81831837042383082,0.60288889629809106,0.76347252887766648,0.65708337335843869,0.71530000683658246,0.71827640312129981,0.67415496356031623,0.766258768002548,0.60109130837754665,0.82425353877405183,0.52579741805169589,0.8632846088576771,0.48909805736052259,0.89206712768174046,0.40467424668544794
"LIRCMOP6_BC",1,80000,80100,393,83,"infeasible_endpoint","AI_train",0,57,0.18292781433304572,1.4235538837878945,1.3191508706979003,0.68324349279015939,0.98577508750073073,0.10969910354627954,0.98442795877247335,0.16892455730271039,1,0.25844244204265054,0.96748684905675608,0.29879487290998757,0.95001300945731426,0.37449774132227198,0.90589003897665499,0.45538593784950648,0.86657247880088228,0.50560288230452832,0.83333079995623338,0.56855901085664462,0.77091406455955902,0.62304131727855239,0.72783749956712773,0.68899508870478243,0.69561310807746468,0.71305894921364787,0.62300040331254602,0.78180095943003991,0.55294788667462957,0.86791914711955431,0.51861849703549012,0.84532864978149824,0.43362411261457984
"LIRCMOP6_BC",1,80000,80100,393,84,"feasible_endpoint","AF_train",1,71,0.29997639460976866,1.5477226865489526,1.0254761398591001,0.83321490983273561,0.98710352733341244,0.12591017025734913,0.98321938291006572,0.21441654288938719,0.95898898189499815,0.29607518487513668,0.93707226358173523,0.38506597103234541,0.92259581567188742,0.47037173105770524,0.87783751860996162,0.53745262146265071,0.83065678810904009,0.59797125889770542,0.76877359066302853,0.68409942064290896,0.70616811215767439,0.73914528148317271,0.6251555083621001,0.80739650995533285,0.57807667138568042,0.84805844073153647,0.50405909569014207,0.89371175324854302,0.42368516651810817,0.9090517345348621,0.36036932733325217,0.94499799094670756,0.25276003316417767
"LIRCMOP6_BC",1,80000,80100,393,84,"infeasible_endpoint","AI_train",0,71,0.29997639460976866,1.5429914412008672,1.2148168396819479,0.72361449083128004,0.98540511029911693,0.10024436501218048,0.98290830528094475,0.17462320396175532,0.9643618898549311,0.25296826555612012,0.96006483949355825,0.32919953706343452,0.95236446024155574,0.40102683216587698,0.92028584461219021,0.4679836182929682,0.88351681149007377,0.52252660061987088,0.83661840926971698,0.59865365950757621,0.78151653648830832,0.6584628514992138,0.71817547971553752,0.8141162441106482,0.68578338346540457,0.75616647152320082,0.62180061454664892,0.82671549716210424,0.56587524757182228,0.84708679214351401,0.5160696820873818,0.90795645795341795,0.41762161471164833
"LIRCMOP6_BC",1,80000,80100,393,85,"feasible_endpoint","AF_train",1,69,0.35606519316842916,1.5346403890674289,1.0485905086742116,0.81737239506591242,0.9838753690115285,0.12201973481562278,0.98338193164980425,0.20605594517250811,0.9646746842522762,0.28355514234172441,0.95098608811693164,0.37819974855010186,0.90362285682102517,0.46196719584450902,0.88038537975384235,0.51487973901961059,0.8394832933220342,0.58170023387659908,0.77525992982155922,0.66024175704687837,0.7233561276123619,0.72398276477466905,0.64328840944412724,0.78226769415769826,0.59069045668860498,0.83727035148005868,0.5185611504596912,0.88113270260346888,0.45415573380012841,0.90228493019303835,0.37829044048720012,0.93279683222433007,0.28352067845281897
"LIRCMOP6_BC",1,80000,80100,393,85,"infeasible_endpoint","AI_train",0,69,0.35606519316842916,1.7815679605017856,0.99158047266506477,0.98137329705935639,0.9780145670976953,0.15983101177253306,0.98875194515175469,0.25195119325391391,0.96055613383848126,0.34647675711983089,0.92920136464821124,0.44966087611703864,0.87579608720848845,0.56383713389658219,0.84736923144784959,0.61270298092444286,0.77037518867964372,0.69352668523561134,0.72024656921162555,0.78545358074104943,0.62990110172277725,0.855991733569891,0.54832322295077673,0.92783159156756323,0.47461140487950604,0.98280148288321001,0.38990850428830792,1,0.30812643097481901,1,0.19922701442511442,1,0.088916472847807071
"LIRCMOP6_BC",1,80000,80100,393,86,"feasible_endpoint","AF_train",1,75,0.30847283112434398,1.5766688630747949,0.97542229419108617,0.85944741638673106,0.98504465664696084,0.14070393172645451,0.98023042705203411,0.22717945938235723,0.94948299156295124,0.31407212746223706,0.92247982319595712,0.41155641529317288,0.90797871618917014,0.48620410544584325,0.8505150483696452,0.54877442920728725,0.81611771680899237,0.61056373118321239,0.74682198022049096,0.69441142431053349,0.6941326279134552,0.74784181477208944,0.61668284910722437,0.82577618029066979,0.54406342334739233,0.85986878860553506,0.46990780796873716,0.90507938635583307,0.3835849931531779,0.9288843503856552,0.30901265368521791,0.9566080458284284,0.21919280003355507
"LIRCMOP6_BC",1,80000,80100,393,86,"infeasible_endpoint","AI_train",0,75,0.30847283112434398,1.7978288091832066,0.96095647285515695,0.98781596198394672,0.9820722871783194,0.17283188979867636,0.99247385682780476,0.25943938911545766,0.94473601353843062,0.35890366828044784,0.90669963273091525,0.46693422621442748,0.88906850740957288,0.56488669553409343,0.82420465870073356,0.62495381828411067,0.77938075491874337,0.69712261216440574,0.70583225703273511,0.79566307568229533,0.64579156616835065,0.85060324131419907,0.54853714304716583,0.9454458389589806,0.48218130352803862,0.97988235581801608,0.37510031011946199,1,0.27410101919283508,1,0.18464015195032979,1,0.078998524097560224
"LIRCMOP6_BC",1,80000,80100,393,87,"feasible_endpoint","AF_train",1,71,0.3514087745065046,1.5477226865489526,1.0254761398591001,0.83321490983273561,0.98710352733341244,0.12591017025734913,0.98321938291006572,0.21441654288938719,0.95898898189499815,0.29607518487513668,0.93707226358173523,0.38506597103234541,0.92259581567188742,0.47037173105770524,0.87783751860996162,0.53745262146265071,0.83065678810904009,0.59797125889770542,0.76877359066302853,0.68409942064290896,0.70616811215767439,0.73914528148317271,0.6251555083621001,0.80739650995533285,0.57807667138568042,0.84805844073153647,0.50405909569014207,0.89371175324854302,0.42368516651810817,0.9090517345348621,0.36036932733325217,0.94499799094670756,0.25276003316417767
"LIRCMOP6_BC",1,80000,80100,393,87,"infeasible_endpoint","AI_train",0,71,0.3514087745065046,1.7984240093863939,1.0026625469821044,0.9659517930666417,0.97936589780667938,0.15623813598138761,0.99209864799071479,0.24471891134254459,0.95434479947813999,0.353023688809811,0.92879906708598003,0.42032185755329787,0.88715647378811624,0.54208493619053921,0.84632160279068436,0.62085962592777855,0.78130617909016908,0.69026423633678669,0.73595236098525341,0.78664220151286324,0.65532665738658136,0.84635579624375512,0.54992746961719829,0.94890035160748587,0.49534453048511917,0.96313954365454924,0.40182582126126526,1,0.32217695153635012,1,0.2236288417062674,1,0.096328536648555729
"LIRCMOP6_BC",1,80000,80100,393,88,"feasible_endpoint","AF_train",1,90,0.21459083020146835,1.6819529374359194,0.81135891699772233,0.95288835827052709,0.98693222339391407,0.16217066073441125,0.98337627193544586,0.25244095969979269,0.95120876033115187,0.33380836045453072,0.90824391877593746,0.43723710619663303,0.88399737599015293,0.54388321627632075,0.83315521722889507,0.60944541833968158,0.75483107117948645,0.67336773645944514,0.69775988972416247,0.74124651665104602,0.63524446682150593,0.81516665997566684,0.52439449361765478,0.89400459701625978,0.45451850829960377,0.9278941402778178,0.38058971376902984,0.96677772856299327,0.26631205719993245,0.97638128729225626,0.1852801105997271,0.98789131591841539,0.077349353656043618
"LIRCMOP6_BC",1,80000,80100,393,88,"infeasible_endpoint","AI_train",0,90,0.21459083020146835,2.017130710003447,0.79724161215325395,1,0.98974934015098359,0.17435131122384243,0.98355836160107191,0.27570997579444229,0.94862079012008205,0.36244022738480786,0.88467076741444051,0.46513722183622708,0.86351632872588113,0.58757705032858398,0.79982037105174764,0.65375117546043038,0.71409006555459353,0.71828028753526763,0.65704331976004005,0.79383956951801549,0.5847821833404625,0.86164859061009769,0.45327810204613456,0.94636477391450913,0.37451263011105201,0.98677042695148387,0.29413343887642707,1,0.15987823973395371,0.84638288398672379,0.0668164179637393,1,0
"LIRCMOP6_BC",1,80000,80100,393,89,"feasible_endpoint","AF_train",1,45,0.15902470285568301,1.3106011783610167,1.3769629439450406,0.59576499239687841,0.97255220661892738,0.087017843472168843,0.97663288520110969,0.14627300989714706,0.96634381114202239,0.20661565343149163,0.97130201411899098,0.27916245358873831,0.92803387350125388,0.32678811460840163,0.92690762504259416,0.39231931923909419,0.91845310693113502,0.43687921240007577,0.88472649188741559,0.50375527744968873,0.85768341318983021,0.5629768157136581,0.80138032920563418,0.59989722091202147,0.76388709306635916,0.64092596257684442,0.72710739887084663,0.70195195040367242,0.70238736957938275,0.74642657035671389,0.63511433325802624,0.78746788927309419,0.58347337463690718
"LIRCMOP6_BC",1,80000,80100,393,89,"infeasible_endpoint","AI_train",0,45,0.15902470285568301,1.4235531284066916,1.3522638956290924,0.6919971623013208,0.97224040157442793,0.092190207137961236,0.97120202528344035,0.17097179912339855,0.97835513394928941,0.23746813262535102,0.96597330671681858,0.33215802019184371,0.91908032853881338,0.37820775746102631,0.90892954902676837,0.45620181743571286,0.89680951050133972,0.50533144189431445,0.85749902135592082,0.5846622233836698,0.83503474711252179,0.64560317201173323,0.76193343592187857,0.69635409904363854,0.71879131220840664,0.74322315709933728,0.6765648214194171,0.80311417053039891,0.64600818274092608,0.85528375428728709,0.57277255926704285,0.89101369417619303,0.50713352383248844
"LIRCMOP6_BC",1,80000,80100,393,90,"feasible_endpoint","AF_train",1,17,0,0.91682557896930683,1.7021316296287987,0.11764405579719941,0.99998128587030199,0.0056155655938653279,0.97374298398467107,0.025757080833179187,1,0.047151126699889051,1,0.069797370004581999,0.99670684111583774,0.097451872127347364,1,0.083492891699767535,0.99696885288546055,0.089972389863177377,1,0.088704570327057364,0.99045118254007414,0.13897190537178314,0.98764495248550799,0.14044102058718561,1,0.15668697830436346,0.98055627275055168,0.18667219259392692,0.99336777798150167,0.18781739100259801,0.99442749253942397,0.25058325642432078,0.98123158494934948
"LIRCMOP6_BC",1,80000,80100,393,90,"infeasible_endpoint","AI_train",0,17,0,0.9154739837692748,1.9266472006583448,0.18008596277026148,1,0.01595170255471897,0.97289159942178483,0.044866417110865649,0.99940864124623396,0.06923230696660676,0.98943248835795217,0.098619709322278037,0.99490672382664269,0.13156557385614615,0.97850249515490795,0.1202585347981171,0.9617907613359995,0.12717430923236486,0.95514926772374387,0.13624864262192365,0.94040952523007215,0.18031658487129312,0.93138181672973408,0.18630289657828858,0.94450562417512263,0.20745904024319023,0.91145453205031557,0.23096006069611696,0.90247405441388295,0.22180701934145827,0.91496582548852268,0.2710987290874699,0.88623943903864377
"LIRCMOP6_BC",1,80000,80100,393,91,"feasible_endpoint","AF_train",1,81,0.58305638618216238,1.6218695905769627,0.90028263301393763,0.90665377309278505,0.98857253718645333,0.14238640898782318,0.98664173478507555,0.23438504861445836,0.95595114706841811,0.3184273547523826,0.91413138982727515,0.40657601917513897,0.89341457689346915,0.51112150991106353,0.84177550386282174,0.57502270228803543,0.79075751307061337,0.63862311669079241,0.74298622042407048,0.72845574406683622,0.68063113434085198,0.7773144017123238,0.56647447973039355,0.85070475370361232,0.50333054204143945,0.89946214711786376,0.42662325941281209,0.93377902829766679,0.33796629199360018,0.95352183707312355,0.24353307962605503,0.97643875786371293,0.15261319832744419
"LIRCMOP6_BC",1,80000,80100,393,91,"infeasible_endpoint","AI_train",0,81,0.58305638618216238,1.4917798396382813,1.2464983752065237,0.71712101366172276,0.98961774093694366,0.10702841165279009,0.98814742410110534,0.17824991520298616,0.96843000375582111,0.24789057893191419,0.9468976577813224,0.317574710216384,0.92102941662557058,0.40228884180354768,0.88947531665871993,0.46005313688250316,0.85802350131956517,0.51129485739438485,0.82848778175719962,0.58639920737340345,0.7713547524796337,0.63295783760903435,0.69181105623120209,0.68517850141316861,0.65670722335965337,0.73808206454692438,0.59268638992428968,0.78347205296696654,0.53886016235690604,0.80524936761724564,0.46922702241122993,0.84368337279891203,0.39758469968030408
"LIRCMOP6_BC",1,80000,80100,393,92,"feasible_endpoint","AF_train",1,55,0.22210934779890906,1.4141905045352265,1.2379002114108082,0.70382344150703702,0.97107471039109416,0.11987754695747062,0.99494866225692813,0.17315276885450831,0.95487081570117027,0.25447009073745819,0.95042739371638141,0.33049766139640979,0.92743750880563347,0.3938658237157262,0.90407717201960436,0.4639196875873115,0.87385656713231386,0.51967761173387861,0.83125945740935903,0.59559258062212617,0.8202944557980314,0.64509097147738137,0.73972082160398211,0.70432568622815284,0.67707481714851347,0.74946881987151648,0.62597021357218496,0.79308120437572605,0.56975764059651735,0.82981990917783888,0.5248233250025468,0.87431811860704323,0.43831225292643761
"LIRCMOP6_BC",1,80000,80100,393,92,"infeasible_endpoint","AI_train",0,55,0.22210934779890906,1.3662040226184877,1.3726748962715813,0.63182405935540287,0.96844887026944981,0.11006009747165266,0.99974571395582279,0.15262152400104545,0.95880059886456892,0.22482720226200689,0.96876378101008087,0.30507171033069658,0.94561255587536575,0.35157329828667583,0.93283317858205628,0.4265066047109618,0.91482671781737013,0.47725744551371185,0.86745694605947909,0.55103645314553684,0.88519888858436169,0.60359091637318407,0.80088164277964657,0.65667398354638173,0.74872389095594671,0.69697811523330322,0.70266190022809094,0.75098452138059812,0.66618111590439744,0.78917036959979403,0.6328802836637043,0.85223819737432205,0.54316834137281489
"LIRCMOP6_BC",1,80000,80100,393,93,"feasible_endpoint","AF_train",1,65,0.45255697151024138,1.5000010918846751,1.1010886637794159,0.7848330020041856,0.9793194662296032,0.13089311759910852,0.99006312875024727,0.19810535222330963,0.95175386280901753,0.26732796805084524,0.94015078912594197,0.35857136920123256,0.91924549939168065,0.43486585091614777,0.87767909847271097,0.50701395970315888,0.84162981929009073,0.56374838442564079,0.80248171915663979,0.64589576262008763,0.74350122780690331,0.69198401685956745,0.66904684584338092,0.76836579878264422,0.61034898026474693,0.8115761397405441,0.55654772045767942,0.85207951375174429,0.48781604067904938,0.88587306133011312,0.41262921443425093,0.92374057360968465,0.33355707757326714
"LIRCMOP6_BC",1,80000,80100,393,93,"infeasible_endpoint","AI_train",0,65,0.45255697151024138,1.804041866874716,1.0044621480656555,0.99543867458908097,0.97607287224740646,0.16430056764046685,1,0.26106427362730078,0.95483839471355048,0.3487333444540669,0.92185669880344334,0.44734222328549278,0.89192414836051404,0.55795910837335883,0.83553377115844485,0.62870109501348193,0.75028313269840341,0.70283801038798555,0.71470806799291009,0.79880119509729486,0.65686881031130784,0.8630288446453992,0.52855003383280452,0.94463752831779946,0.45810480418341792,0.99473006812412612,0.3784271298447075,1,0.28044489979812848,1,0.18609562704694299,1,0.068946086742674773
"LIRCMOP6_BC",1,80000,80100,393,94,"feasible_endpoint","AF_train",1,89,0.58005343600469839,1.6757166258543106,0.82109159751684335,0.94805266583618575,0.99423676559359708,0.14164981904580137,0.97275076582414122,0.24707086747733684,0.94571308845463764,0.35355218754849571,0.91172908512278505,0.42984834372573805,0.88439735654889584,0.54956775588904261,0.82994602273658891,0.59445892339587225,0.77995238616932916,0.66705080054578314,0.69693591501270702,0.74291993058072148,0.64125560594768372,0.80609269219083468,0.53898885024827092,0.8833827968147574,0.46446631935086735,0.92666845707725021,0.38663558052643449,0.9556760606010779,0.29004649467627414,0.96638120232156965,0.19359260375684334,0.98549809200521366,0.088127139785108222
"LIRCMOP6_BC",1,80000,80100,393,94,"infeasible_endpoint","AI_train",0,89,0.58005343600469839,1.5530939747932733,1.1674548773805338,0.75951723469419563,0.98051286890306077,0.11053471370700502,0.96836545916282657,0.18816342723816321,0.95197883917003712,0.27687517237174974,0.9491394845429677,0.34448906748596597,0.91177032438946926,0.42851778879511748,0.89041834345908555,0.47660504204802923,0.86427579181799241,0.53845459558718289,0.79998528839592464,0.60149506742704684,0.79385166371125282,0.66860580104366507,0.6964464101286939,0.72430266548599309,0.63678267932995891,0.76067714578323864,0.58881056702970103,0.80858694673465736,0.53640041133010008,0.8395944874999266,0.45382880842899004,0.85843891798176009,0.37300226655564517
"LIRCMOP6_BC",1,80000,80100,393,95,"feasible_endpoint","AF_train",1,33,0.10029997531316028,1.1541553307897876,1.5541053429902059,0.42648561696624349,0.9837824678860092,0.045812194034258506,0.97551314044845872,0.10051111234022581,0.96432309886956902,0.14232277491593207,0.98934258519565521,0.20379261098226417,0.97505106075283798,0.21859201884915191,0.9546575498980141,0.29667986676261815,0.95158149270788672,0.32552744546104972,0.93891768802431363,0.37718389828007537,0.90131725272963248,0.41286061022556869,0.88804046893188393,0.44953960750866773,0.87300492569115828,0.50161872489522885,0.8420889338411367,0.55050677137015502,0.8286001323252894,0.57206460966063966,0.80480254677045293,0.61316040182468656,0.76142678938281527
"LIRCMOP6_BC",1,80000,80100,393,95,"infeasible_endpoint","AI_train",0,33,0.10029997531316028,1.2184467746654231,1.5202068082203053,0.49081557484722244,0.98850404922371327,0.05741727392805332,0.98111309905800148,0.11715216649682729,0.96633746859758485,0.16125499283171865,0.97811196945653467,0.23199254120176979,0.97744209652591274,0.25205224698013906,0.94378200154937963,0.33777916585429002,0.92739114188114646,0.36993289205224378,0.91228118914387135,0.42594142293280723,0.8668364606074952,0.46339986624996932,0.85208456475685257,0.50642696336503246,0.8294252529144156,0.56622336037385257,0.78846198064384032,0.61372188273090456,0.75145830203227149,0.62988120149682536,0.73858691897305939,0.67266730796101737,0.6842845370987346
"LIRCMOP6_BC",1,80000,80100,393,96,"feasible_endpoint","AF_train",1,36,0.025105305215678678,1.2039908956192531,1.4980016676519086,0.48384400091656676,0.980826086076937,0.068393851378747192,1,0.11075090719799099,0.99479329260570015,0.16528487935203251,0.97878479551854936,0.22061476786423831,0.96346802890855798,0.28843919913657323,0.95086995889893045,0.32972761341432721,0.93701743524439651,0.36474581887804414,0.92900545751713315,0.41206478586449236,0.88028638718489693,0.46900309354931902,0.85691368793194744,0.50294211695082225,0.84247783744784155,0.54369978132298613,0.79986519915218457,0.60364394736261751,0.80053917093930493,0.62704819484189178,0.74997062846597773,0.69145282247240347,0.69548921875378766
"LIRCMOP6_BC",1,80000,80100,393,96,"infeasible_endpoint","AI_train",0,36,0.025105305215678678,1.225972345559585,1.4976550468093697,0.49832948411059752,0.97944164071579043,0.07501386215457323,0.99900207028731358,0.11251131073842877,0.99305682657818217,0.17279464836964151,0.98292490465698212,0.22290910331263603,0.9523767776034926,0.29621891796260302,0.9457065069726196,0.33963534919654781,0.92690441234862975,0.35256160222806487,0.92339059402388146,0.42303238024071976,0.8695404081626168,0.47884672923431515,0.84645969277200395,0.51532051058947603,0.82683526574976363,0.55284335780811711,0.78741810051260175,0.61707961807997946,0.78389851203611383,0.63506130311278897,0.72459341521776022,0.69937551531855913,0.6743237724227098
"LIRCMOP6_BC",1,80000,80100,393,97,"feasible_endpoint","AF_train",1,25,0.10016487243932061,1.0519670866526432,1.6430365333660539,0.29312806587696716,0.98816350159460442,0.035680226467354123,0.97572833314501439,0.065988093974021444,0.97910524338958949,0.11426396853921894,0.99571373355032766,0.15359762070394223,0.98667177189759447,0.14952617415481798,0.98097395126410869,0.20855094769944918,0.98250234092676725,0.23061506829003381,0.97610611688517201,0.26680983942521252,0.92864557752268184,0.30303959680284814,0.94470664109627056,0.31932252641419778,0.93912293306051575,0.34921353015154261,0.93190284925543754,0.40453193578178798,0.91714243575186305,0.43035180979404458,0.91763353312211204,0.47869401800167377,0.89037352159970617
"LIRCMOP6_BC",1,80000,80100,393,97,"infeasible_endpoint","AI_train",0,25,0.10016487243932061,1.0293116525148069,1.730170118588847,0.19855652786205136,0.99681678171556287,0.013226334635868232,0.96830928074024802,0.044245581322328566,0.9781276735495511,0.071994371882329267,0.99955217896980675,0.11756570183900727,1,0.083857550724161872,0.99294574584062212,0.15007056657958609,1,0.16288579784224788,0.99810871129632051,0.19603682116024235,0.94851732610879136,0.2187282402014995,0.98665834475112169,0.22626216087483766,0.99289907925972698,0.26265936582921723,0.99452415460652488,0.30075245677992646,0.9677665536718475,0.32575738339735771,0.99553458627976277,0.36305440266929323,0.98456736247525611
"LIRCMOP6_BC",1,80000,80100,393,98,"feasible_endpoint","AF_train",1,67,0.27976878283414275,1.5185077085261551,1.0726466310490674,0.80544985378078915,0.97825297039913128,0.12596487971873044,0.98462229616786978,0.20581782513512398,0.96094363208936573,0.27623856250253231,0.94124547250146251,0.3695888320568716,0.90177286240162213,0.45957552512868116,0.88035770826510196,0.52067137811561981,0.84574200699572477,0.58169485984003888,0.79255818855943305,0.65680491594445001,0.73240540883275029,0.71646282200450306,0.65275228841311517,0.7773766085792424,0.59790753472784908,0.82634317779950806,0.53010426037304925,0.86724164799667736,0.47842537945100477,0.89471534949025844,0.38117439151169424,0.93182543171496479,0.30040661313597761
"LIRCMOP6_BC",1,80000,80100,393,98,"infeasible_endpoint","AI_train",0,67,0.27976878283414275,1.4652062714574559,1.243229967877757,0.72361138050522655,0.99734192167475544,0.1112549975248905,0.98148376060161835,0.18319542780657067,0.91993513305473906,0.24032713859802524,0.95220319552627741,0.33354060708077465,0.92092589545397241,0.40410157761782428,0.89720111011529258,0.47206334273432815,0.87128036572453471,0.52598148114453525,0.82172560735510181,0.59471694633181715,0.76073594646301657,0.64921202366812747,0.69977097866319182,0.7077262098785787,0.65695236288351921,0.75571580128108962,0.59309472426106336,0.7976655836423292,0.55639400622002566,0.81908547112044894,0.46881578824076225,0.85503748524761503,0.38991053479252413
"LIRCMOP6_BC",1,80000,80100,393,99,"feasible_endpoint","AF_train",1,33,0.036098950611989575,1.1579198312222352,1.5434580389918531,0.4416190558187012,0.98978086962442269,0.068473349710817352,0.9849435326191962,0.09749454205088913,0.96601059108198584,0.16679996807718503,0.98912441597067224,0.20187115418874413,0.96543151813848327,0.23963314052264253,0.95225037456827488,0.30700909436020418,0.95595634144938457,0.33779209334302873,0.93125483388684338,0.38332192216958083,0.89675097070943788,0.42521987936166672,0.88661721013065486,0.45628427666126536,0.85891552100456969,0.51233201288324803,0.82326335419692831,0.55663601823002384,0.82088722935504155,0.58038125216928016,0.78364922329392339,0.63409519491047051,0.74223661695329357
"LIRCMOP6_BC",1,80000,80100,393,99,"infeasible_endpoint","AI_train",0,33,0.036098950611989575,1.1837304816760097,1.5304980828165982,0.4644560757679741,0.98498125282059878,0.06993163967937556,0.99037320083385139,0.1018448082390768,0.97444786634771596,0.18005776867985188,0.99844564928214874,0.20993099182432021,0.9626898947837339,0.25907426944698747,0.95337179306580788,0.32025825868739755,0.94953634258956598,0.35205899145618369,0.92930478530399641,0.39523272970142082,0.89170715545110657,0.44864917087833167,0.86940750899326658,0.47761962849709061,0.84867624880729653,0.52727324135412568,0.80421932702254706,0.57670444694381073,0.81455735471148449,0.60000597529415989,0.75420880201031582,0.66673497185452879,0.7118670388687397
"LIRCMOP6_BC",1,80000,80100,393,100,"feasible_endpoint","AF_train",1,55,0.077633823570819452,1.4141905045352265,1.2379002114108082,0.70382344150703702,0.97107471039109416,0.11987754695747062,0.99494866225692813,0.17315276885450831,0.95487081570117027,0.25447009073745819,0.95042739371638141,0.33049766139640979,0.92743750880563347,0.3938658237157262,0.90407717201960436,0.4639196875873115,0.87385656713231386,0.51967761173387861,0.83125945740935903,0.59559258062212617,0.8202944557980314,0.64509097147738137,0.73972082160398211,0.70432568622815284,0.67707481714851347,0.74946881987151648,0.62597021357218496,0.79308120437572605,0.56975764059651735,0.82981990917783888,0.5248233250025468,0.87431811860704323,0.43831225292643761
"LIRCMOP6_BC",1,80000,80100,393,100,"infeasible_endpoint","AI_train",0,55,0.077633823570819452,1.4731409568182341,1.2353821292025302,0.70555626406901606,0.96942872214166254,0.11889920908341151,0.98654078889690289,0.17204893959552248,0.95476404246715196,0.26129396300217855,0.95976259880688497,0.33739895258937436,0.92957225880124605,0.39806877150264464,0.90778127159217159,0.46488425829342356,0.87122034944790272,0.45110378791117001,0.81586258648432874,0.58957592967921046,0.80910444642124846,0.64391531852688089,0.73573135262179612,0.70125751984831397,0.67636661492533745,0.74936898602316759,0.62475022124630053,0.7965383903342016,0.56312421466385643,0.82886378403122996,0.52879057284043385,0.87182549549567567,0.4324590696250511
"LIRCMOP6_BC",1,80000,80100,393,101,"feasible_endpoint","AF_train",1,95,0.16380950111226375,1.7170432957378554,0.76038808669465197,0.97730169082089602,0.98741942153356799,0.16291581040677444,0.96751440064602467,0.25939348783993327,0.95087387608771268,0.36098477674887569,0.9197254876335863,0.45233154949719601,0.86600722395000473,0.56560901948724429,0.81940162038146314,0.61832164923761446,0.7498386653879372,0.68354208084157919,0.67891229107274464,0.76290990313048845,0.60864765377345542,0.82416195579281082,0.50600526813785118,0.90637268427075202,0.43095680163626066,0.9524977152087426,0.35304366064942233,0.97150396276754103,0.24258187998553979,0.99323650642952033,0.1453109450706303,0.98823193289046696,0.046225505202730666
"LIRCMOP6_BC",1,80000,80100,393,101,"infeasible_endpoint","AI_train",0,95,0.16380950111226375,2.034760585196179,0.75566988992354001,1,0.98255145308574943,0.17425710745934145,0.98775974409593026,0.27452672356655083,0.95839091889841121,0.3775406664467299,0.90483095368511912,0.53300107317423495,0.87412228557908944,0.60096786941942015,0.81765722947191111,0.65511796248981591,0.73836659424377271,0.731445041312351,0.67402242262488188,0.83396591484707727,0.58451802069682701,0.89552720669038333,0.49078912260248064,0.98647047099250673,0.41068369176512831,1,0.30825330374562376,1,0.2737345905087315,1,0.10401656434550641,1,0
"LIRCMOP6_BC",1,80000,80100,393,102,"feasible_endpoint","AF_train",1,95,0.16380950111226375,1.7170432957378554,0.76038808669465197,0.97730169082089602,0.98741942153356799,0.16291581040677444,0.96751440064602467,0.25939348783993327,0.95087387608771268,0.36098477674887569,0.9197254876335863,0.45233154949719601,0.86600722395000473,0.56560901948724429,0.81940162038146314,0.61832164923761446,0.7498386653879372,0.68354208084157919,0.67891229107274464,0.76290990313048845,0.60864765377345542,0.82416195579281082,0.50600526813785118,0.90637268427075202,0.43095680163626066,0.9524977152087426,0.35304366064942233,0.97150396276754103,0.24258187998553979,0.99323650642952033,0.1453109450706303,0.98823193289046696,0.046225505202730666
"LIRCMOP6_BC",1,80000,80100,393,102,"infeasible_endpoint","AI_train",0,95,0.16380950111226375,2.034760585196179,0.75566988992354001,1,0.98255145308574943,0.17425710745934145,0.98775974409593026,0.27452672356655083,0.95839091889841121,0.3775406664467299,0.90483095368511912,0.53300107317423495,0.87412228557908944,0.60096786941942015,0.81765722947191111,0.65511796248981591,0.73836659424377271,0.731445041312351,0.67402242262488188,0.83396591484707727,0.58451802069682701,0.89552720669038333,0.49078912260248064,0.98647047099250673,0.41068369176512831,1,0.30825330374562376,1,0.2737345905087315,1,0.10401656434550641,1,0
"LIRCMOP6_BC",1,80000,80100,393,103,"feasible_endpoint","AF_train",1,55,0.19771464441118097,1.4141905045352265,1.2379002114108082,0.70382344150703702,0.97107471039109416,0.11987754695747062,0.99494866225692813,0.17315276885450831,0.95487081570117027,0.25447009073745819,0.95042739371638141,0.33049766139640979,0.92743750880563347,0.3938658237157262,0.90407717201960436,0.4639196875873115,0.87385656713231386,0.51967761173387861,0.83125945740935903,0.59559258062212617,0.8202944557980314,0.64509097147738137,0.73972082160398211,0.70432568622815284,0.67707481714851347,0.74946881987151648,0.62597021357218496,0.79308120437572605,0.56975764059651735,0.82981990917783888,0.5248233250025468,0.87431811860704323,0.43831225292643761
"LIRCMOP6_BC",1,80000,80100,393,103,"infeasible_endpoint","AI_train",0,55,0.19771464441118097,1.3853588898968328,1.3614418014054164,0.63740524186412961,0.9625598699039517,0.10795790174306906,0.9978128635953798,0.15545192308902056,0.96004265508280562,0.22331087071920627,0.96166964130311161,0.34333527106497275,0.93562959467124251,0.35796864795667555,0.92795093486164748,0.42452105008548258,0.90957726850973031,0.47886734044400925,0.86462770808898837,0.55245638129397534,0.88087775261227952,0.60555635955174358,0.79721594305229981,0.65790300579577987,0.73649110663873696,0.70351505397316649,0.69149582581929614,0.748290568529272,0.66450889724813422,0.7957032297498946,0.61491166265974107,0.85312328923845038,0.53733330107860566
"LIRCMOP6_BC",1,80000,80100,393,104,"feasible_endpoint","AF_train",1,48,0.048768613028543163,1.3468279803711747,1.3280342041442237,0.63190412287791453,0.97976664770980681,0.093787440802438143,0.97388291341952471,0.16299042376502582,0.95680862540400324,0.20893804939017707,0.97277017937998167,0.3040208897950511,0.93672218144806507,0.36253892272148197,0.91903597735835652,0.41575391821489394,0.90495483376679275,0.46960171791109778,0.88013122866254589,0.54089241597731719,0.81774930605412166,0.58619191759590561,0.7879160033678867,0.63788268358822686,0.74385151165550356,0.70262509754102043,0.69294650873686425,0.73713842438308108,0.66157915174478932,0.77408237916865208,0.61216267793366519,0.82074735828246648,0.53993518488927061
"LIRCMOP6_BC",1,80000,80100,393,104,"infeasible_endpoint","AI_train",0,48,0.048768613028543163,1.3450944865252978,1.3619385575973573,0.63190412287791453,0.97725171057406635,0.098151306295906723,0.96693441636750199,0.16268413171958451,0.95919195571028171,0.20766801191546863,0.98083876917437229,0.29945819222592068,0.93333255233085255,0.35726985964530428,0.92314666349233687,0.41986140924897547,0.90379852139192907,0.47328638539538281,0.88445279349975381,0.54011098092397725,0.83110569884290797,0.58687947714297528,0.78187039144162274,0.63665290164388955,0.74235145449367756,0.70055885261179029,0.70261490251080205,0.73713842438308108,0.65634143589083838,0.77408237916865208,0.54583189999003479,0.82074735828246648,0.53993518488927061
"LIRCMOP6_BC",1,80000,80100,393,105,"feasible_endpoint","AF_train",1,71,0.35013784479407789,1.5477226865489526,1.0254761398591001,0.83321490983273561,0.98710352733341244,0.12591017025734913,0.98321938291006572,0.21441654288938719,0.95898898189499815,0.29607518487513668,0.93707226358173523,0.38506597103234541,0.92259581567188742,0.47037173105770524,0.87783751860996162,0.53745262146265071,0.83065678810904009,0.59797125889770542,0.76877359066302853,0.68409942064290896,0.70616811215767439,0.73914528148317271,0.6251555083621001,0.80739650995533285,0.57807667138568042,0.84805844073153647,0.50405909569014207,0.89371175324854302,0.42368516651810817,0.9090517345348621,0.36036932733325217,0.94499799094670756,0.25276003316417767
"LIRCMOP6_BC",1,80000,80100,393,105,"infeasible_endpoint","AI_train",0,71,0.35013784479407789,1.4804852167629645,1.2378561245766804,0.69956413438475396,0.9810162150948859,0.18727119257732872,0.99744618661577356,0.17003088620810622,0.97058613179368836,0.24490674910062987,0.95822695634065669,0.31869239585874121,0.9475853102512386,0.39152085500225675,0.91767570861554026,0.47957292618748848,0.89333185887345001,0.50791539728801238,0.84775165330347479,0.58362214377222421,0.7929116038855214,0.63720604038803619,0.73559108194365963,0.68721533640016041,0.69999645206767314,0.74091976185040576,0.6406412888277826,0.80592726081806165,0.57926326346277746,0.83508768804638411,0.5429451275056667,0.89127653702653642,0.450810143170155
"LIRCMOP6_BC",1,80000,80100,393,106,"feasible_endpoint","AF_train",1,69,0.39911201726270895,1.5346403890674289,1.0485905086742116,0.81737239506591242,0.9838753690115285,0.12201973481562278,0.98338193164980425,0.20605594517250811,0.9646746842522762,0.28355514234172441,0.95098608811693164,0.37819974855010186,0.90362285682102517,0.46196719584450902,0.88038537975384235,0.51487973901961059,0.8394832933220342,0.58170023387659908,0.77525992982155922,0.66024175704687837,0.7233561276123619,0.72398276477466905,0.64328840944412724,0.78226769415769826,0.59069045668860498,0.83727035148005868,0.5185611504596912,0.88113270260346888,0.45415573380012841,0.90228493019303835,0.37829044048720012,0.93279683222433007,0.28352067845281897
"LIRCMOP6_BC",1,80000,80100,393,106,"infeasible_endpoint","AI_train",0,69,0.39911201726270895,1.4372776764101824,1.2843110591374167,0.67393287687113823,0.97445722230336518,0.095872785745854644,0.99433156629570596,0.15885926539448381,0.97565325456312846,0.22522497353866289,0.97250847547584973,0.31843650637143484,0.92718428913841899,0.37153259587774601,0.92571909744670222,0.43375049624905582,0.88412248497418577,0.49292516933278618,0.86012636663930075,0.55636917424963417,0.81920471258826155,0.6168713740120163,0.76156288128734295,0.68000272824314423,0.72587737624419391,0.71755426601363226,0.67127682918443077,0.78511000658073149,0.63004336190564691,0.75157980515157075,0.582192882476539,0.87232446888434345,0.49809531483422553
"LIRCMOP6_BC",1,80000,80100,393,107,"feasible_endpoint","AF_train",1,45,0.14013422938141704,1.3106011783610167,1.3769629439450406,0.59576499239687841,0.97255220661892738,0.087017843472168843,0.97663288520110969,0.14627300989714706,0.96634381114202239,0.20661565343149163,0.97130201411899098,0.27916245358873831,0.92803387350125388,0.32678811460840163,0.92690762504259416,0.39231931923909419,0.91845310693113502,0.43687921240007577,0.88472649188741559,0.50375527744968873,0.85768341318983021,0.5629768157136581,0.80138032920563418,0.59989722091202147,0.76388709306635916,0.64092596257684442,0.72710739887084663,0.70195195040367242,0.70238736957938275,0.74642657035671389,0.63511433325802624,0.78746788927309419,0.58347337463690718
"LIRCMOP6_BC",1,80000,80100,393,107,"infeasible_endpoint","AI_train",0,45,0.14013422938141704,1.2705834064556578,1.4603431577681725,0.52455612392195883,0.97481547187047957,0.076236373739434593,0.97745687351927002,0.12485511842758981,0.97667008844489978,0.1785010477363613,0.98627906390611708,0.24185054402194753,0.97418369973798846,0.2889497103082394,0.95006696346135344,0.34946477939545728,0.95073408006309568,0.39391447494658582,0.92031719181590832,0.45574231377570262,0.89737199373160825,0.51333375962687433,0.85882623448190887,0.54027862216250755,0.83221501253371721,0.59970467175765785,0.79666675945076115,0.65965613824271307,0.77018587806527206,0.70645215220709612,0.73528752729266655,0.75472069641248984,0.68653133873217875
"LIRCMOP6_BC",1,80000,80100,393,108,"feasible_endpoint","AF_train",1,20,0.023273462074877606,0.96355889775286152,1.688719438956217,0.18696462928928609,0.98683461576266229,0.031493969001014241,0.99919479900056807,0.03370044838225765,0.9907947517629716,0.077643244240925779,1,0.10630591551345414,0.98770744691495405,0.10114387521857093,0.99147592991970412,0.13714917309887509,0.98238514046374126,0.14759498165392532,0.99111372093813266,0.17160559936692721,0.9800356626324872,0.20493711715282992,0.97235800248616755,0.22015411512731009,0.97833855410979531,0.22662903251713773,0.95883931468502848,0.26701728062521479,0.99224457664748833,0.29629913750405956,0.95176628503842098,0.34128264035636119,0.93654050869933281
"LIRCMOP6_BC",1,80000,80100,393,108,"infeasible_endpoint","AI_train",0,20,0.023273462074877606,0.95621718266298761,1.8861555541621624,0.18017672940713919,0.98980907250525718,0.02623441013771291,0.99551268063356435,0.029879466421925099,0.98533931425526677,0.078979583510461721,0.9973803372976987,0.10281248204064788,0.98399174891593866,0.10189170258020142,0.99361023178364982,0.13064038481717294,0.98667398470720369,0.14404461753380809,0.99003635100661314,0.164788105584041,1,0.1999132290345893,0.97987972920103683,0.21439337690416754,0.83910151781534237,0.22256275431428157,0.96753123282460074,0.25532227544382435,1,0.27948973866484439,0.96314424567812129,0.33403168635896802,0.94454232253399306
"LIRCMOP6_BC",1,80000,80100,393,109,"feasible_endpoint","AF_train",1,65,0.34765406236230784,1.5000010918846751,1.1010886637794159,0.7848330020041856,0.9793194662296032,0.13089311759910852,0.99006312875024727,0.19810535222330963,0.95175386280901753,0.26732796805084524,0.94015078912594197,0.35857136920123256,0.91924549939168065,0.43486585091614777,0.87767909847271097,0.50701395970315888,0.84162981929009073,0.56374838442564079,0.80248171915663979,0.64589576262008763,0.74350122780690331,0.69198401685956745,0.66904684584338092,0.76836579878264422,0.61034898026474693,0.8115761397405441,0.55654772045767942,0.85207951375174429,0.48781604067904938,0.88587306133011312,0.41262921443425093,0.92374057360968465,0.33355707757326714
"LIRCMOP6_BC",1,80000,80100,393,109,"infeasible_endpoint","AI_train",0,65,0.34765406236230784,1.7364739986598057,1.0315368323872278,0.8347598358119459,0.98633409796259874,0.13409665969066809,0.98009574279856326,0.21624539720877975,0.943546044025807,0.28238634904575871,0.93249512461129702,0.37541685407586112,0.90093141599573545,0.46605589062098751,0.86075364612428595,0.40404468388599257,0.8287636538397154,0.58905449092284468,0.79000234178186723,0.67618843719773758,0.71201325217877209,0.72130532859926477,0.62810434748923505,0.79505474308220692,0.57008021657362484,0.85173779674341854,0.51240640337866894,0.88307229223738126,0.43326117707487954,0.9079472950184333,0.34753053614218471,0.94357538119297391,0.27119431246033909
"LIRCMOP6_BC",1,80000,80100,393,110,"feasible_endpoint","AF_train",1,66,0.4031964264766934,1.5165531688043541,1.0909771385495799,0.79923085515740655,0.97335295373031228,0.12658467119824474,0.98579652586002708,0.21602428356464709,0.96615879957853301,0.29618143326366175,0.96359518401025412,0.37136609712666963,0.89910947681173803,0.46361772808777429,0.88433244441007064,0.50731705404417826,0.84160435706390713,0.57578533192659975,0.77767068997200028,0.66098634259067546,0.73424504415972636,0.72070132075156623,0.65137021356974834,0.75983759057112976,0.58569523946808688,0.82154375184253525,0.53416419557950379,0.87524106679820968,0.45460791943499401,0.89567118248935829,0.37830040097840156,0.93184045846783103,0.29735877070755123
"LIRCMOP6_BC",1,80000,80100,393,110,"infeasible_endpoint","AI_train",0,66,0.4031964264766934,1.4894642774811118,1.3431176446818505,0.65065708035922554,0.96539327081855975,0.10434913047519055,0.98723248127626118,0.17188818739091755,0.97237630648314721,0.24923073072240126,0.98279041629333064,0.30422860117660211,0.90805926036524087,0.41099635453447109,0.91267400811808197,0.41887236429882241,0.88936986002955853,0.47810837647265564,0.84728826031587012,0.55116591079822186,0.82077775210788784,0.60547144660001373,0.75826939623908385,0.63389846191921762,0.69863542562238223,0.69040333540545729,0.66608805643459212,0.75027960008702743,0.62365276316701368,0.69498673358130092,0.55130237074358424,0.82885470482047663,0.49496797710907048
"LIRCMOP6_BC",1,80000,80100,393,111,"feasible_endpoint","AF_train",1,79,0.41280355220660281,1.6042499962332826,0.92866765281166841,0.88765643044101172,0.98645325036698273,0.1450982581899509,0.98459367397242437,0.23254814984989369,0.95316705350583997,0.30805435284359839,0.92492197377926544,0.41414173833307499,0.90151481775611386,0.49944458628775568,0.84789810657290576,0.56489320932405751,0.80467467425477968,0.62649308463536291,0.73183076077230758,0.71776679525130027,0.68288497311862018,0.76670257041245948,0.58174802103007273,0.83833272004384018,0.51684511932100541,0.87663879699916758,0.44879313791844988,0.92182016461781902,0.35386996956774475,0.94381548862068332,0.27997808652144168,0.95974337327350379,0.17756961644088298
"LIRCMOP6_BC",1,80000,80100,393,111,"infeasible_endpoint","AI_train",0,79,0.41280355220660281,1.5626163615380841,1.1852829620919101,0.73335956982664896,0.98520758245429885,0.11653459222661515,0.98859628185798698,0.17158031463743903,0.96238598108068274,0.24029756898096988,0.9433320577591302,0.37948426319965245,0.93525082958877548,0.37773459600608461,0.89737483854250888,0.4524233110028843,0.86225370957206571,0.49806705686630759,0.81902440736070248,0.57512402937430351,0.78674880598707997,0.61771272079338202,0.70457989227882023,0.68356734259428009,0.65770375456936825,0.74366864673706801,0.61921961755763333,0.81522878855404568,0.54501187929719119,0.85515543118040838,0.4990253027306919,0.89459529533966275,0.40671660072374582
"LIRCMOP6_BC",1,80000,80100,393,112,"feasible_endpoint","AF_train",1,27,0.088526967494904518,1.0798222242646718,1.6176783995944515,0.32799728079020268,0.98632815703401111,0.044711856597461914,0.98730137839853871,0.077221587905855024,0.97528818008393192,0.096474408639840234,0.99578794136234217,0.18363333106056035,0.97932251807618131,0.18122265695223949,0.98317264628091738,0.20484466038582749,0.97876655557058057,0.24130488777548473,0.9717330411923808,0.30155196869339518,0.94527962028148749,0.33211139087829983,0.94105587385018796,0.34711243336149011,0.92005367740400157,0.39976016954563343,0.8976785271502683,0.43252427789527936,0.88161846342840333,0.47619233356368074,0.8885520053653555,0.5074247270479928,0.85704567448781366
"LIRCMOP6_BC",1,80000,80100,393,112,"infeasible_endpoint","AI_train",0,27,0.088526967494904518,1.1370363206045866,1.5875870276431061,0.36919410831207983,0.98523518961546719,0.052053569317247111,0.98844375524309069,0.086075705697137905,0.971956102084788,0.1105831061770926,0.99568452621929171,0.21498797477637821,0.97870766299268319,0.19776922846166867,0.98317264628091738,0.23360584846007826,0.97482311817952394,0.27982013261890104,0.96586745017870557,0.3419975279550066,0.93379113774894718,0.36933230639575054,0.93280093430168654,0.39127421713378607,0.90928427042667948,0.44833330864791116,0.8825514151625542,0.48598316275309539,0.86196050505304789,0.53212219845767317,0.87087418835967123,0.56141214539364337,0.83412236706018428
"LIRCMOP6_BC",1,80000,80100,393,113,"feasible_endpoint","AF_train",1,49,0.16432936996677566,1.3516918092816097,1.3103448021489552,0.63763637404359086,0.97938454676675801,0.10023176236321969,0.99697037612648498,0.15146703995682534,0.97536234767736985,0.23092232083293698,0.96073870669596029,0.30073645012982275,0.9513038041862919,0.35422868906105881,0.92259693290023459,0.42848820696254258,0.88504853813919881,0.4755507665258944,0.86508450405154025,0.54164713610975823,0.82732373151851379,0.59114197829077875,0.78526972361401359,0.65108030468652345,0.73631209256760988,0.68967999795003831,0.68358165358667944,0.74795809509035571,0.63731082386373028,0.78807994589659347,0.60597633137028473,0.84251059060188349,0.52574545946913798
"LIRCMOP6_BC",1,80000,80100,393,113,"infeasible_endpoint","AI_train",0,49,0.16432936996677566,1.4582152734829501,1.2615763794902577,0.71042239308366484,0.97528580294798028,0.11480289664094759,1,0.16930066318519132,0.97453080140215609,0.25547010418600552,0.9549930771323738,0.32750603213173429,0.94844681456918056,0.39618051323060754,0.91387849622316075,0.47524987222437876,0.87174648944443511,0.52934437929425626,0.8442909557658379,0.6059288334137567,0.8247610060110997,0.6586431374839764,0.7520223384848943,0.72714219783703715,0.7008817580948965,0.75982743267453023,0.63622915695051641,0.82102354541733569,0.59314594324500103,0.86931695382964913,0.54608246318984532,0.92549848265077195,0.44927438711382345
"LIRCMOP6_BC",1,80000,80100,393,114,"feasible_endpoint","AF_train",1,50,0.36788684096965474,1.3634086238052545,1.304202658564368,0.64367827174841608,0.99014528542874025,0.08994821152059948,0.98816375447578852,0.15097431893909896,0.96639038908092922,0.23925484718019152,0.96718497474462573,0.28522674732046693,0.95136577940594169,0.35556036289881449,0.93083216576255645,0.42337691223174689,0.89145889232573428,0.47776834695711606,0.85743642022732369,0.53740223556849065,0.82258148381189677,0.60265802924262979,0.77393307030071079,0.65597167029447756,0.74201126654023108,0.68844470505853272,0.67809491555596502,0.76256597399025905,0.65758195076987869,0.77683014454164878,0.59611829262457694,0.83714051034781045,0.51612758934723457
"LIRCMOP6_BC",1,80000,80100,393,114,"infeasible_endpoint","AI_train",0,50,0.36788684096965474,1.2413456386825179,1.5093201970094015,0.48706661153676223,0.98985119355795703,0.060119252229551362,0.98765348403510533,0.10648198810528078,0.97602241182470628,0.17749579757492784,0.98386347227853554,0.22497483072541496,0.98237946287644795,0.26510066897677148,0.97262109576290756,0.33305182240130699,0.95464846573476736,0.37604343660700495,0.91462559424912682,0.42320728276493602,0.90889472898983925,0.48458447791916592,0.874548774506819,0.52002336346453271,0.8646042733513708,0.56277019519778826,0.81179758864827511,0.62948287041584716,0.82717008943230652,0.64748694194598111,0.78363401262645893,0.71974354375314886,0.71433523943686206
"LIRCMOP6_BC",1,80000,80100,393,115,"feasible_endpoint","AF_train",1,45,0.058069196582513034,1.3106011783610167,1.3769629439450406,0.59576499239687841,0.97255220661892738,0.087017843472168843,0.97663288520110969,0.14627300989714706,0.96634381114202239,0.20661565343149163,0.97130201411899098,0.27916245358873831,0.92803387350125388,0.32678811460840163,0.92690762504259416,0.39231931923909419,0.91845310693113502,0.43687921240007577,0.88472649188741559,0.50375527744968873,0.85768341318983021,0.5629768157136581,0.80138032920563418,0.59989722091202147,0.76388709306635916,0.64092596257684442,0.72710739887084663,0.70195195040367242,0.70238736957938275,0.74642657035671389,0.63511433325802624,0.78746788927309419,0.58347337463690718
"LIRCMOP6_BC",1,80000,80100,393,115,"infeasible_endpoint","AI_train",0,45,0.058069196582513034,1.352421415844538,1.3618507989087947,0.62147664612410325,0.97647000631957215,0.09599670601337075,0.96722635983557836,0.15601415286085257,0.95707419202893673,0.2098040325540044,0.96332905337408059,0.28987574962164875,0.91539370562142397,0.34043565722499813,0.89718165721672782,0.36958172979509285,0.9138966395034438,0.45557629910674602,0.84977653702346789,0.53054882757592592,0.84098931062426396,0.58305785143648192,0.79240325496544184,0.62244185217872805,0.74206986958407006,0.67216773691363652,0.71090668858016737,0.72942112880173893,0.66495228714780563,0.77554090125472475,0.61109551969408515,0.80279417364177819,0.56449022880242328
"LIRCMOP6_BC",1,80000,80100,393,116,"feasible_endpoint","AF_train",1,43,0.063588640025995818,1.2881601264018969,1.3955803544439698,0.57576315508420994,0.97662196091129339,0.088167666132204073,0.98013532348556498,0.14064591984879865,0.97156930405503505,0.21123977318325388,0.97371708606674345,0.28358764943400216,0.94620397438583415,0.3258305761550262,0.93534029011104258,0.38712459633655666,0.9123437486995063,0.43436342732208777,0.88418650427280121,0.49472145625240233,0.85035948462084132,0.54137079057161785,0.81726055307969303,0.58933263638930256,0.76907448716998772,0.63141424773553612,0.7324676867907618,0.67790919775217962,0.69485378663709896,0.71524397089893821,0.66212885709781433,0.7615072292950118,0.59882318087135289
"LIRCMOP6_BC",1,80000,80100,393,116,"infeasible_endpoint","AI_train",0,43,0.063588640025995818,1.2778402898400016,1.4377272423231884,0.56789653014987973,0.97683462740644322,0.084844879879643564,0.9770472747797625,0.14445103499639067,0.9687463291398466,0.20607604007483815,0.97977343874370793,0.27966157984274975,0.94384435365983199,0.32835976120437971,0.9955257349706097,0.37987587539928236,0.92829515314917921,0.427607814414872,0.89322341091330204,0.48960405774388244,0.86441277834900399,0.54108232673716428,0.82033827897175826,0.58627332165690116,0.78106471777687525,0.63118534752292388,0.7416520873881709,0.67531931174644555,0.71164870036774253,0.71616761800598427,0.67229442032425324,0.76275072745887529,0.613577955256006
"LIRCMOP6_BC",1,80000,80100,393,117,"feasible_endpoint","AF_train",1,60,0.17602712443384239,1.4634315664494604,1.1558821835628517,0.75448742095313148,0.9720608640583428,0.12143474794807904,0.98625316745235958,0.19230160850303735,0.95608599804197913,0.268166004472145,0.94577313825821441,0.34671486611613772,0.91939752152776466,0.42233189495329815,0.8886252532860287,0.49232635057228269,0.86015700631371939,0.54918034817907424,0.82889096680444629,0.62760754566841737,0.76174798469386595,0.67687854781601264,0.69811009594518292,0.74066740232839756,0.6408468220729604,0.7926809877015315,0.58478364149837014,0.83276565352162835,0.53654152667467059,0.8658467726964143,0.44667569464628154,0.91291950187039617,0.37221837817279146
"LIRCMOP6_BC",1,80000,80100,393,117,"infeasible_endpoint","AI_train",0,60,0.17602712443384239,1.4596276183886809,1.2685189479556951,0.74960757572485059,0.97017783019185844,0.12155890730245886,0.98250154194414063,0.18927390859815724,0.94921836345415334,0.27067048215233702,0.94178599996440771,0.34661484579337093,0.92061967519846988,0.42108199783322325,0.88767920868467876,0.48379485821943469,0.86259286467805563,0.54545686277225225,0.7427245902442321,0.61953738170328432,0.76475743178690503,0.6699773421100621,0.70966848852874054,0.7398249367958567,0.57293722720886564,0.7866457634256212,0.59233390319764989,0.82327692367180794,0.54786127427753217,0.86303470664824478,0.45429437341730017,0.90815012818224838,0.38229582300129117
"LIRCMOP6_BC",1,80000,80100,393,118,"feasible_endpoint","AF_train",1,52,0.33520460850820555,1.3757103136762514,1.2737269305204824,0.66472727599833159,0.98062732418531562,0.10464924859883039,0.99729121096161943,0.15942645885513107,0.9754527351602581,0.24003821562418884,0.95300149666964717,0.30719083957122162,0.94527745432504262,0.36779324970546223,0.91276954932871535,0.44276184015528275,0.87780709238686228,0.49142824117220535,0.85473573358988375,0.56197360636346549,0.81027194380972289,0.60976404522886885,0.7670420653507084,0.6692929643642378,0.71524764361948978,0.71498687881462786,0.66065291100572598,0.7702190425476777,0.60749119339611157,0.80979546796577284,0.57394201126883038,0.85804029592466025,0.49369394139905487
"LIRCMOP6_BC",1,80000,80100,393,118,"infeasible_endpoint","AI_train",0,52,0.33520460850820555,1.3389656355841564,1.4824355108475382,0.52961618258372911,0.9755373257032911,0.081179391121310146,1,0.11642131976241968,0.98032523848261643,0.18817989553518005,0.9701840354249418,0.24972543054555837,0.96737515871522739,0.28534962752634246,0.95271844745509138,0.36818104740313728,0.92612083239625287,0.40707505946903005,0.92758839124644865,0.47386721589577435,0.90939049299415831,0.51696535220561202,0.87602427640654157,0.5670754502841564,0.83241475376516672,0.61461622181104703,0.79490044810949956,0.67409463100197486,0.77051019673261978,0.7211354105254979,0.75776968260792255,0.79289221799081921,0.68677916962402386
"LIRCMOP6_BC",1,80000,80100,393,119,"feasible_endpoint","AF_train",1,77,0.36769409521096441,1.5920886632894589,0.95280982882051779,0.87511618605387587,0.9789792776457833,0.13948242088499496,0.98967760398823557,0.22649743809100564,0.95208076399946373,0.31994663914014182,0.91899304403927928,0.4061646074320297,0.8992432734242809,0.49226105742320936,0.84859353488341815,0.56410485967435819,0.79998925585071823,0.62448950966192629,0.74857853552516584,0.707009552491079,0.68554074438330825,0.76221386966447002,0.5970459221904284,0.84017866515895567,0.52394362147974227,0.8787617339303273,0.45396591156942562,0.9066210151262919,0.38688634160549673,0.93202074332227947,0.27859816013107958,0.95713390108803109,0.18998429182141144
"LIRCMOP6_BC",1,80000,80100,393,119,"infeasible_endpoint","AI_train",0,77,0.36769409521096441,1.9104456763256776,0.86676497527049889,1,0.97582484245287793,0.16341043374198969,0.99567315061008443,0.25516182726493858,0.9547027992948709,0.38106916214842995,0.91284800805447364,0.46145472118025677,0.890845852496015,0.5685705877667202,0.82871202489187268,0.66194470709683861,0.75312932939611144,0.72708976562265315,0.70212281395368803,0.81140428779903928,0.63896832503054934,0.88041379130110231,0.52372763349945117,0.98679231327669203,0.44046819621067218,1,0.35209875198964397,1,0.26647064218431521,0.97587523476201377,0.15472505894009714,1,0.033443295273043266
"LIRCMOP6_BC",1,80000,80100,393,120,"feasible_endpoint","AF_train",1,44,0.084196328531460043,1.3007281467649499,1.3855354154607573,0.58614502319831008,0.97678482446461856,0.082478216627829851,0.97233624671146812,0.1440292545547372,0.96352533072696978,0.214238820679963,0.98183675203468868,0.27206299866606964,0.95329117317188916,0.3260030949244257,0.94505294319490429,0.39621185561900318,0.91575300490296307,0.44363773056924122,0.89382095774573256,0.48783051258484378,0.84259396107190221,0.55374936028915189,0.80815917830012918,0.5962384934526197,0.77550867238921273,0.65313886219280748,0.74059390054005281,0.70849207511821422,0.69483696412796214,0.72773337674204175,0.67096205149865618,0.7904638246587079,0.59528769513275992
"LIRCMOP6_BC",1,80000,80100,393,120,"infeasible_endpoint","AI_train",0,44,0.084196328531460043,1.2780526869402196,1.4377312047576496,0.55986110729253702,0.97573626730910301,0.089000765746488242,0.9803799225051758,0.13650302459052749,0.95941207240984494,0.20381495526001586,0.9813829833444383,0.26338440090244847,0.95421924935599622,0.29058608002233721,0.94505294319490429,0.37899779963297919,0.91616882261709409,0.42509669807276185,0.89382095774573256,0.47644605998398915,0.84736836980186514,0.52504299252589792,0.81433670205737518,0.56806157626170295,0.77550867238921273,0.61940831006407737,0.75031576416477697,0.67079855966076962,0.69815307513721137,0.69963708818473858,0.67374830522894413,0.73958084260966872,0.60467190265808513
"LIRCMOP6_BC",1,80000,80100,393,121,"feasible_endpoint","AF_train",1,27,0.1510020726764662,1.0798222242646718,1.6176783995944515,0.32799728079020268,0.98632815703401111,0.044711856597461914,0.98730137839853871,0.077221587905855024,0.97528818008393192,0.096474408639840234,0.99578794136234217,0.18363333106056035,0.97932251807618131,0.18122265695223949,0.98317264628091738,0.20484466038582749,0.97876655557058057,0.24130488777548473,0.9717330411923808,0.30155196869339518,0.94527962028148749,0.33211139087829983,0.94105587385018796,0.34711243336149011,0.92005367740400157,0.39976016954563343,0.8976785271502683,0.43252427789527936,0.88161846342840333,0.47619233356368074,0.8885520053653555,0.5074247270479928,0.85704567448781366
"LIRCMOP6_BC",1,80000,80100,393,121,"infeasible_endpoint","AI_train",0,27,0.1510020726764662,1.1665104847178989,1.5571867331952851,0.42807933322007879,0.98545627109217804,0.065816332776840458,0.9860543429355132,0.10312285061827473,0.96489479048029825,0.12285145245109418,0.98995811384226795,0.22517442205736071,0.95660929055304544,0.24384041245111243,0.96731268711662,0.26756650552892403,0.95746097960615328,0.3137334612253827,0.94583689388727765,0.37913226635347336,0.914808506993807,0.41880093199055501,0.90181267492118822,0.44634622203241764,0.86508792839765969,0.50908908233628891,0.83150122110901403,0.53847007317757556,0.80976883475456773,0.58615313970075178,0.80274376819252735,0.61368586257227786,0.76489093318712542
"LIRCMOP6_BC",1,80000,80100,393,122,"feasible_endpoint","AF_train",1,79,0.31306631031448168,1.6118642624118955,0.922207216527971,0.89077213734282923,0.98333693944511413,0.14616234417128543,0.97049596695602169,0.23185519407123595,0.95316763332944388,0.32754100197605507,0.93715413950692739,0.4117513511062818,0.88551476670549645,0.51607781601039193,0.85239768739677269,0.57087147703444363,0.79692540619301155,0.63433594277194749,0.73145191458516767,0.7072276562584664,0.67462765180883133,0.76898552647822416,0.57767834088622594,0.84224653273607597,0.5148441926519971,0.89034164713742081,0.44597201596602365,0.92253735635373713,0.3543686023048242,0.9408387040747439,0.26560169708601888,0.96137186942406427,0.17114345429421632
"LIRCMOP6_BC",1,80000,80100,393,122,"infeasible_endpoint","AI_train",0,79,0.31306631031448168,1.8422967907146048,0.91441611725353533,1,0.98143199802855785,0.16625281163258468,0.96694040131010961,0.25996608129490589,0.94636718141249454,0.37196158189559325,0.92790282757623777,0.4546548520587011,0.86659392072778219,0.58052706233900575,0.83067994347463792,0.65102570175087893,0.7699479217261942,0.73783060202937423,0.69634792480171259,0.79339016435825771,0.62435147979060623,0.86579391723493415,0.52073938264976105,0.95384040569257111,0.44920209494230207,1,0.37142977764029028,1,0.27314673218298957,1,0.16302459420824056,1,0.057222871597185893
"LIRCMOP6_BC",1,80000,80100,393,123,"feasible_endpoint","AF_train",1,61,0.32535438502255637,1.4692207038060845,1.1490537756887196,0.7540050128869703,0.98856260072598034,0.12293960498998502,0.99797427320134779,0.18096595665194043,0.95361881253563063,0.26577720371483105,0.95051957018984468,0.34037634121133459,0.93675010794706715,0.41310705249047092,0.89782100492877115,0.49463304010909687,0.84758304770617077,0.5487766148459543,0.81669128688435633,0.62720954698303411,0.76419480118757865,0.67915831346897038,0.69906346073965542,0.75045901598058795,0.65159365015864179,0.78932708198718049,0.58280800521988618,0.83802791935268472,0.52808768588670163,0.86080720452381709,0.45867819525577702,0.90940624351665078,0.37335418711811397
"LIRCMOP6_BC",1,80000,80100,393,123,"infeasible_endpoint","AI_train",0,61,0.32535438502255637,1.4097664162247656,1.3473946234475294,0.66017718077079224,0.99144825806782788,0.10682244409187894,1,0.15542500742255211,0.97163584606067477,0.23607033366372615,0.96054805206224825,0.29229987808192565,0.95163936405747895,0.35318613336266474,0.91132612907795463,0.43551962960055224,0.86930645812561336,0.48069506577800059,0.84525239017249687,0.5498080498782929,0.78847448804107756,0.60106775390139855,0.73895729028142088,0.66047094469847545,0.704479936340216,0.69676491910444072,0.64343304560176806,0.7473650089767554,0.59276357556528536,0.76000331475937677,0.53722097244925004,0.81335088520161059,0.45981681882989778
"LIRCMOP6_BC",1,80000,80100,393,124,"feasible_endpoint","AF_train",1,63,0.36527080523536415,1.4859807136105854,1.1184108000262458,0.77172003170099357,0.98222404347486747,0.12344442777742777,0.98451018024326264,0.19473194504584213,0.97272200958136756,0.27911320414326757,0.94843202845707497,0.36567914050914962,0.92989657440022833,0.42876504639884089,0.88083320624966022,0.50264771973394506,0.84843802294890791,0.55543710322440043,0.79246895434952613,0.63634679986698472,0.74836251977882418,0.68212449948023668,0.67870783786533151,0.7475398573168095,0.63012046018534396,0.79259795358143093,0.56510868285046945,0.84368527607401933,0.48954205667796613,0.88440140071986295,0.43827283755408114,0.90560676132544649,0.3432404659063526
"LIRCMOP6_BC",1,80000,80100,393,124,"infeasible_endpoint","AI_train",0,63,0.36527080523536415,1.4714279304151703,1.3478460633232519,0.69831773280530407,0.9754653656406882,0.11704886764858774,0.9943279042992248,0.17438900423850509,0.98579630859341438,0.25034900797477511,0.95922066257382099,0.33181688293555422,0.93368784549709871,0.38771029983299826,0.89447335380047899,0.4445680372014037,0.86321903639687136,0.49307546911937783,0.81923597030888662,0.57168480913877262,0.77848679379674912,0.61970706443657275,0.70574474313612912,0.67191726995080547,0.66027916817086785,0.71335329682744464,0.5991300009960564,0.76652524539866074,0.5324064992238835,0.80830849119992898,0.47765913016471861,0.82605333440362549,0.39760303927868129
"LIRCMOP6_BC",1,80000,80100,393,125,"feasible_endpoint","AF_train",1,44,0.089554457843345425,1.3007281467649499,1.3855354154607573,0.58614502319831008,0.97678482446461856,0.082478216627829851,0.97233624671146812,0.1440292545547372,0.96352533072696978,0.214238820679963,0.98183675203468868,0.27206299866606964,0.95329117317188916,0.3260030949244257,0.94505294319490429,0.39621185561900318,0.91575300490296307,0.44363773056924122,0.89382095774573256,0.48783051258484378,0.84259396107190221,0.55374936028915189,0.80815917830012918,0.5962384934526197,0.77550867238921273,0.65313886219280748,0.74059390054005281,0.70849207511821422,0.69483696412796214,0.72773337674204175,0.67096205149865618,0.7904638246587079,0.59528769513275992
"LIRCMOP6_BC",1,80000,80100,393,125,"infeasible_endpoint","AI_train",0,44,0.089554457843345425,1.2743802794833257,1.4400068915669522,0.54915900561857622,0.97586752359390627,0.078942877336603282,0.97457558241860598,0.13294691378068307,0.96179687574486605,0.19282624259705028,0.98581353366062752,0.26071626249693186,0.95813420577648278,0.30168933748541271,0.95616328697700848,0.37492021030139366,0.93240299318915065,0.41980850849391388,0.91019101069401331,0.46843645113724697,0.88437742616761683,0.52903041128172368,0.83706049040589936,0.5679527168440186,0.80668486049294685,0.62405775395091001,0.7803645973756328,0.67986912194519433,0.74151935471107133,0.69964112105238341,0.72553275352065572,0.77033551129545974,0.64801074729530761
"LIRCMOP6_BC",1,80000,80100,393,126,"feasible_endpoint","AF_train",1,58,0.15213633346651409,1.4417474608000176,1.1794611822760186,0.7326984491040367,0.98350580814888766,0.11791948141952645,0.99132558062455622,0.18366165515189115,0.97273331860521839,0.26371742774988116,0.9489471436135315,0.33154078829844813,0.92337906005208892,0.41658424882288492,0.89491221172093671,0.47839577998708438,0.86455120211463954,0.5385600347549464,0.81975993538215142,0.61098362514310678,0.76491790546686445,0.66292775749090238,0.71193773274297767,0.72094146765992795,0.66059946041445838,0.77587557114172911,0.5930846327292546,0.82202939080437309,0.52248335857727535,0.85207190702304403,0.47894454820036014,0.8916395153668224,0.39610022001195466
"LIRCMOP6_BC",1,80000,80100,393,126,"infeasible_endpoint","AI_train",0,58,0.15213633346651409,1.4331112463041347,1.2770698990023037,0.69401707784687861,0.98884245904246715,0.11664542380405432,0.99170744788860921,0.1785731476031614,0.96806608439295738,0.23712763697444672,0.93468971725558558,0.31702718693990595,0.92692886747505443,0.38976224950677257,0.89568249728931359,0.4441603108274173,0.87535516210812547,0.50611270951375764,0.82913820149801043,0.5898195575687839,0.7788410145870418,0.62419316221198695,0.73849020455058123,0.66775887337670981,0.67625583312238147,0.74338219695211483,0.6203225803703295,0.77856584477254775,0.53741000182375731,0.80750844267977284,0.50688204798271963,0.83338191268203743,0.44143194950998826
"LIRCMOP6_BC",1,80000,80100,393,127,"feasible_endpoint","AF_train",1,29,0.10368387019633785,1.101656846255376,1.6007903525646379,0.3610848567488294,0.98569341715256875,0.052375736649230231,0.98497928288278735,0.094138261608959481,0.9701182770865554,0.10867727481636076,0.97302877866557147,0.19015622263336857,0.96809864604282381,0.20160962837403715,0.96235995288332565,0.2328085121175818,0.97876839104841251,0.27035025460444062,0.95799594719449588,0.33285766549383766,0.92046857022403161,0.35474213501751406,0.93190630099596816,0.35785300845105084,0.90326294310575006,0.43737222926157143,0.88731597274624274,0.46995929313941653,0.87814222270609332,0.50577575093095939,0.8537225337522496,0.54045351813862985,0.83882745256587432
"LIRCMOP6_BC",1,80000,80100,393,127,"infeasible_endpoint","AI_train",0,29,0.10368387019633785,1.1698296590408672,1.5686481208568459,0.40880309903385037,0.98159717139537772,0.067327053972400658,0.99181019550417027,0.10747044182079971,0.96059121719963181,0.11884687913550511,0.96605908898683912,0.21590663690875461,0.96141063536662386,0.20994055998466535,0.95294994110415709,0.26153038922902339,0.97442618444621598,0.30617420454151673,0.94749493399311979,0.38820371298510542,0.91541178970102499,0.3943315085473198,0.92106040000220624,0.39811754682155881,0.8790786788821876,0.46784320160609033,0.86886682955752759,0.52193431054706663,0.85099388939186582,0.57121719663439818,0.81993942092060002,0.58747959254268756,0.80791852323266822
"LIRCMOP6_BC",1,80000,80100,393,128,"feasible_endpoint","AF_train",1,46,0.22138989401707337,1.3219421905267226,1.3555322248293358,0.61194770600359361,0.97500647427053722,0.092370758367635364,0.99537640946848127,0.14289672174575399,0.96373849629500064,0.22246386481969838,0.96815763109594699,0.28173196081817964,0.93729289486936107,0.34937360225189118,0.92920593534011919,0.40037088182212566,0.90583669048342375,0.45512690315687254,0.88204412220483241,0.51859892508907168,0.80907364447721641,0.57123792429318321,0.80055569685759709,0.61966911427862992,0.75300250809954017,0.67610875450455876,0.70681692173616983,0.72138580263644769,0.66708850085996318,0.75973707955845793,0.63594751611666711,0.80283973639556461,0.565399934039583
"LIRCMOP6_BC",1,80000,80100,393,128,"infeasible_endpoint","AI_train",0,46,0.22138989401707337,1.2376140076136348,1.4752595968141715,0.51136018384871162,0.97168146025887525,0.074764183372669768,0.99941073804700209,0.11282388161609602,0.96549651957040195,0.18604710528780749,0.97342546840448774,0.24504468235452317,0.94264381981757428,0.29338034087174225,0.95013523696419,0.34230293847147708,0.93034849210670278,0.3909147422762333,0.92240144462458928,0.4476034751466279,0.8631078891788877,0.49429441661588169,0.871887542445001,0.53795358332746512,0.82434870795320814,0.5839607777322473,0.79744819002527645,0.63658701323790323,0.76593087432508311,0.67967451887006014,0.7541085006436512,0.72870222912368066,0.69789695462912837
"LIRCMOP6_BC",1,80000,80100,393,129,"feasible_endpoint","AF_train",1,57,0.34754373597072219,1.4271743573458062,1.2070966747649627,0.71607089623066722,0.97941222102980607,0.11323032219443345,0.9965354953827108,0.17664902874658875,0.95733317182103295,0.25869943955416685,0.94453780072537152,0.32857872163335622,0.92050362969439958,0.40636253786482462,0.89665373095240519,0.46819159203678273,0.86466181265402253,0.52477704264310843,0.83299873526467383,0.59971024559961705,0.78195921167606197,0.64965761200208416,0.72524263878978579,0.70703788864971784,0.66793546033674578,0.7597760368783556,0.61141238776789986,0.80331124535357379,0.55285624708869885,0.83176954515393065,0.50364153209791229,0.88045787359211114,0.42291008095209354
"LIRCMOP6_BC",1,80000,80100,393,129,"infeasible_endpoint","AI_train",0,57,0.34754373597072219,1.3458880356674205,1.4139610043767745,0.59365536324224744,0.96544265305897747,0.099323669093592193,0.9969603298470211,0.14075588781036028,0.95847001598641079,0.2127975998977476,0.96918376221516578,0.2769956516572839,0.94355842154822833,0.33308446094334776,0.93798486579661899,0.40034122635553399,0.91983716799397797,0.45233140557400747,0.90813034610640675,0.52021151655530673,0.88658755519164889,0.56912158690609194,0.83106508203998319,0.61834284802914152,0.7787316848191379,0.66966223814668757,0.74242549558492821,0.72162898304613121,0.71628724229016871,0.7646929315021378,0.66965841746418664,0.83691762452730922,0.60215770949057257
"LIRCMOP6_BC",1,80000,80100,393,130,"feasible_endpoint","AF_train",1,75,0.66446858998339542,1.5766688630747949,0.97542229419108617,0.85944741638673106,0.98504465664696084,0.14070393172645451,0.98023042705203411,0.22717945938235723,0.94948299156295124,0.31407212746223706,0.92247982319595712,0.41155641529317288,0.90797871618917014,0.48620410544584325,0.8505150483696452,0.54877442920728725,0.81611771680899237,0.61056373118321239,0.74682198022049096,0.69441142431053349,0.6941326279134552,0.74784181477208944,0.61668284910722437,0.82577618029066979,0.54406342334739233,0.85986878860553506,0.46990780796873716,0.90507938635583307,0.3835849931531779,0.9288843503856552,0.30901265368521791,0.9566080458284284,0.21919280003355507
"LIRCMOP6_BC",1,80000,80100,393,130,"infeasible_endpoint","AI_train",0,75,0.66446858998339542,1.4886270671853152,1.3830983533135814,0.63487087562466704,0.98826662173661517,0.10185943449622048,0.98745420988362143,0.05894180092616283,0.95590447043922222,0.23370161051280203,0.94846496142782954,0.30661631683440405,0.94793709190566355,0.34798176770196854,0.9004413919553963,0.41684323787016753,0.89563318443717888,0.46229180646875301,0.84672343987132881,0.5324585572660907,0.80519428736375853,0.57595899121381078,0.77115228372943889,0.63279505225326449,0.71609908752367857,0.67086397147844867,0.65855347708418943,0.72212871729397643,0.6168443066782866,0.74865562443292333,0.56803641678917016,0.79296970857163152,0.50473938136309371
"LIRCMOP6_BC",1,80000,80100,393,131,"feasible_endpoint","AF_train",1,29,0.051213911607757512,1.101656846255376,1.6007903525646379,0.3610848567488294,0.98569341715256875,0.052375736649230231,0.98497928288278735,0.094138261608959481,0.9701182770865554,0.10867727481636076,0.97302877866557147,0.19015622263336857,0.96809864604282381,0.20160962837403715,0.96235995288332565,0.2328085121175818,0.97876839104841251,0.27035025460444062,0.95799594719449588,0.33285766549383766,0.92046857022403161,0.35474213501751406,0.93190630099596816,0.35785300845105084,0.90326294310575006,0.43737222926157143,0.88731597274624274,0.46995929313941653,0.87814222270609332,0.50577575093095939,0.8537225337522496,0.54045351813862985,0.83882745256587432
"LIRCMOP6_BC",1,80000,80100,393,131,"infeasible_endpoint","AI_train",0,29,0.051213911607757512,1.0940328138111979,1.6356047636631701,0.31606720476026812,0.98990647734815895,0.048687223616196103,0.99469732789284004,0.082889550779191967,0.96755721924218863,0.083856835192340218,0.96966908697477305,0.17324348750138918,0.98459578497612465,0.17500594320996565,0.96635108112485413,0.20232240497636697,0.9871222666451368,0.237626555106454,0.97535112505764454,0.304110482254348,0.92857176788582063,0.30871658956943648,0.95875658035057998,0.31504764036801802,0.93116095096404883,0.40713122572904864,0.91897513862669844,0.42540498456081177,0.91308612402305245,0.46078354411318168,0.90171438918715918,0.49892541803381513,0.89158922690627873
"LIRCMOP6_BC",1,80000,80100,393,132,"feasible_endpoint","AF_train",1,40,0.44710623070896494,1.2494597870149571,1.4388125550528061,0.52853625748519173,0.9837154342329073,0.079002628408465309,0.99008440550942878,0.12292661060063181,0.97861655924561475,0.17391033557117666,0.96727960728786244,0.25102549680849601,0.96170097006365463,0.28141807387491552,0.93355134693769748,0.35735218417939096,0.9262698739695745,0.39565982175966674,0.91070322127214454,0.4608272081694022,0.86734851015446646,0.49259109552391545,0.84329714514604737,0.55553317937033131,0.8113534909819955,0.6044757283555432,0.77900571251559136,0.6326837683438552,0.76143410836530845,0.67982898291018135,0.72647320463395637,0.73245245580823493,0.66303099068660476
"LIRCMOP6_BC",1,80000,80100,393,132,"infeasible_endpoint","AI_train",0,40,0.44710623070896494,1.5267981948281171,1.2995576093043657,0.7097180704633963,0.9913924171816626,0.11254437908651552,0.98614617984217823,0.1818095275176132,0.96342139705925234,0.24071949318822039,0.93713839960776391,0.33351665655378304,0.92378306050409786,0.39194015903644386,0.87965348496122919,0.46151212809271847,0.85702447664181025,0.51333767177684608,0.80810984760875848,0.59067175462494637,0.74627139334979375,0.62691526605530412,0.69746046691222019,0.70425136945765354,0.64938822848777766,0.74875971863151136,0.59572655946380171,0.75810431471501127,0.5456070248014353,0.78578900996188461,0.47803110551096922,0.8109677663090844,0.40015826095203577
"LIRCMOP6_BC",1,80000,80100,393,133,"feasible_endpoint","AF_train",1,40,0.30873687278918094,1.2494597870149571,1.4388125550528061,0.52853625748519173,0.9837154342329073,0.079002628408465309,0.99008440550942878,0.12292661060063181,0.97861655924561475,0.17391033557117666,0.96727960728786244,0.25102549680849601,0.96170097006365463,0.28141807387491552,0.93355134693769748,0.35735218417939096,0.9262698739695745,0.39565982175966674,0.91070322127214454,0.4608272081694022,0.86734851015446646,0.49259109552391545,0.84329714514604737,0.55553317937033131,0.8113534909819955,0.6044757283555432,0.77900571251559136,0.6326837683438552,0.76143410836530845,0.67982898291018135,0.72647320463395637,0.73245245580823493,0.66303099068660476
"LIRCMOP6_BC",1,80000,80100,393,133,"infeasible_endpoint","AI_train",0,40,0.30873687278918094,1.4362333855928542,1.3335593774334278,0.67520194445232384,0.98299577073491129,0.10623417787171976,0.99480429754232325,0.15777662431836237,0.99304742192328654,0.23284091941877386,0.95275656087320659,0.31047231713636259,0.94616707494197416,0.36088389087943845,0.90375666724199066,0.45323448900998031,0.87750176126157053,0.49937638207478641,0.8790706470522871,0.57682490990171742,0.80179439158285715,0.61291238058772735,0.77743236505422764,0.69986136014761702,0.72333057076140939,0.74123772027879786,0.68010430001607358,0.78532941313707938,0.65792284430973047,0.76920647712599655,0.5975779896072404,0.89007981321767704,0.51474226317159033
"LIRCMOP6_BC",1,80000,80100,393,134,"feasible_endpoint","AF_train",1,66,0.28296415610990133,1.5165531688043541,1.0909771385495799,0.79923085515740655,0.97335295373031228,0.12658467119824474,0.98579652586002708,0.21602428356464709,0.96615879957853301,0.29618143326366175,0.96359518401025412,0.37136609712666963,0.89910947681173803,0.46361772808777429,0.88433244441007064,0.50731705404417826,0.84160435706390713,0.57578533192659975,0.77767068997200028,0.66098634259067546,0.73424504415972636,0.72070132075156623,0.65137021356974834,0.75983759057112976,0.58569523946808688,0.82154375184253525,0.53416419557950379,0.87524106679820968,0.45460791943499401,0.89567118248935829,0.37830040097840156,0.93184045846783103,0.29735877070755123
"LIRCMOP6_BC",1,80000,80100,393,134,"infeasible_endpoint","AI_train",0,66,0.28296415610990133,1.4738765526415185,1.2658702495942555,0.73189459067735807,0.97528013433464156,0.10800570930162501,0.9797510464768846,0.20125436751443793,0.96292135195258921,0.26342915258097677,0.97051206841577176,0.34539724309796532,0.91405916601335202,0.41766703359692009,0.89596493811879385,0.46769702830907151,0.86086958625421484,0.52996562988419704,0.79676721094002367,0.60944477161148525,0.75931182015015719,0.66327148282896664,0.68607785140138644,0.69531493556160062,0.62658947221399841,0.76949974483254346,0.58204580588798738,0.81736336382595831,0.49843804728401897,0.8268755213364829,0.44405132336851172,0.86013538632677311,0.37032245886743165
"LIRCMOP6_BC",1,80000,80100,393,135,"feasible_endpoint","AF_train",1,33,0.026220764506005034,1.1579198312222352,1.5434580389918531,0.4416190558187012,0.98978086962442269,0.068473349710817352,0.9849435326191962,0.09749454205088913,0.96601059108198584,0.16679996807718503,0.98912441597067224,0.20187115418874413,0.96543151813848327,0.23963314052264253,0.95225037456827488,0.30700909436020418,0.95595634144938457,0.33779209334302873,0.93125483388684338,0.38332192216958083,0.89675097070943788,0.42521987936166672,0.88661721013065486,0.45628427666126536,0.85891552100456969,0.51233201288324803,0.82326335419692831,0.55663601823002384,0.82088722935504155,0.58038125216928016,0.78364922329392339,0.63409519491047051,0.74223661695329357
"LIRCMOP6_BC",1,80000,80100,393,135,"infeasible_endpoint","AI_train",0,33,0.026220764506005034,1.1779814688769932,1.5340023987650278,0.4483057312307609,0.9873787705006194,0.069236096872985556,0.99767101238541667,0.095541834874683707,0.96503854673707345,0.16790438787856815,0.99090249417925114,0.19352524431571949,0.96417802113963225,0.24095941570602553,0.95070554020153364,0.31351466216803814,0.95548559397379484,0.34483859908664949,0.93221620849799469,0.38920338584270331,0.9005024643422882,0.43666240572601051,0.89056241603710584,0.4679182596072966,0.85971074609914533,0.53089244891370524,0.81820065476310955,0.57439439403419168,0.81792106124027786,0.59040600942931243,0.7818101394109167,0.65176971759755475,0.73452439032993444
"LIRCMOP6_BC",1,80000,80100,393,136,"feasible_endpoint","AF_train",1,29,0.14958505558142279,1.1027911994200825,1.5915263327609184,0.36450612076795363,0.98925743209680772,0.057383338512763137,0.99281104747813198,0.088131318373990311,0.96752323398397155,0.10746171636583242,0.97148514728410817,0.18622600791463781,0.97362526745691347,0.19382260128714615,0.96518849875500667,0.23714752415847917,0.97061204384026711,0.27318339129411162,0.95903573134645548,0.33991540344815346,0.92893777431880808,0.35878741702388001,0.93727933533386287,0.36633565265620344,0.90413862742825635,0.44040105868004104,0.88642555303643744,0.47455807748659679,0.8781666297603099,0.50291783158562264,0.84992968546905689,0.54404851494330586,0.83469378966336472
"LIRCMOP6_BC",1,80000,80100,393,136,"infeasible_endpoint","AI_train",0,29,0.14958505558142279,1.1947604296843259,1.5389641997711898,0.43911978547778613,0.98167178878764338,0.069186215329837486,0.99963450152788413,0.10895461950695864,0.95549918774813969,0.12460828748737938,0.96637754704674417,0.22999982536520974,0.96604833225642439,0.23015406885516654,0.95628164490083079,0.28731566072354309,0.96404632439836602,0.32675794239581329,0.92437125881162929,0.41160457887845558,0.91485602751332684,0.42945405313250717,0.90821824292291242,0.4368014334104019,0.86823141029164308,0.52486140291440564,0.85145290889608094,0.55295748709253512,0.838838961604911,0.59090289593483525,0.80133028542001572,0.63212609420487753,0.77782203889965462
"LIRCMOP6_BC",1,80000,80100,393,137,"feasible_endpoint","AF_train",1,67,0.25057854194272078,1.5212020625220624,1.0634558584636697,0.80936413114360084,0.97706603995374686,0.12830735217597997,0.98790389968643821,0.21007435421200063,0.95567600123468077,0.28838287699389903,0.94884204273603578,0.36865688510638117,0.90779445457928332,0.46239567534824855,0.87815016560018533,0.51744290016201444,0.82901267192299,0.58314749570939928,0.80073248990019452,0.66382501158131701,0.7339428222691724,0.72193104774556094,0.65538056718916027,0.78440155504002451,0.59626472596333036,0.83906399190498138,0.52807534777115051,0.87764463863689735,0.45575302924211963,0.90475975526863839,0.37909948979291674,0.94167962162210828,0.29694657621440806
"LIRCMOP6_BC",1,80000,80100,393,137,"infeasible_endpoint","AI_train",0,67,0.25057854194272078,1.4905294902405091,1.2199764351453184,0.73500157242176545,0.98782534041885284,0.10998824652471283,0.97572858928879824,0.1917243120262791,0.9637376775577039,0.27247223129212478,0.96628764134196765,0.33637577301580818,0.91768123602566964,0.42412251543271151,0.8987976657340101,0.47501960498607299,0.85399138102810745,0.53463233308636715,0.82235251157085876,0.59765700469504068,0.75407774487559531,0.66226884943811226,0.68565083205752264,0.70356179601147717,0.63949593670570892,0.77408899192460789,0.57354439296390936,0.80867307113531139,0.50798868509537565,0.81848789937561572,0.44462403496946035,0.85332409138121545,0.42041516146940999
"LIRCMOP6_BC",1,80000,80100,393,138,"feasible_endpoint","AF_train",1,54,0.26758749935572462,1.4014521523416759,1.2382382139190438,0.69140627877127447,0.97810785514435827,0.10522922181736355,0.99589344379110067,0.16870255321257915,0.96636897011476397,0.24716286883140626,0.9513334880379769,0.32190439262002407,0.93602416132729616,0.38318485680754211,0.90557521526144957,0.45831491445498562,0.8680021777011856,0.50544516537966699,0.84479597018887576,0.58034213721111161,0.79755514129606164,0.63054308238080226,0.74190981893019881,0.6904692451008797,0.68882696340489102,0.73405969947580085,0.63774681845483716,0.78681724787245322,0.58654319507454289,0.82267988511945023,0.53849202515562689,0.86970384413231794,0.45829396856572574
"LIRCMOP6_BC",1,80000,80100,393,138,"infeasible_endpoint","AI_train",0,54,0.26758749935572462,1.3769068856023177,1.4062063093936805,0.65205592172652516,0.97568811786227994,0.10203547078911467,1,0.16109319399800714,0.97548731847217729,0.22412587435541989,0.96001609283589406,0.31295443334990353,0.94096327864817586,0.36515404150198638,0.91732009654819902,0.41832790936638203,0.87689224411727884,0.46669447360962485,0.86039814352938671,0.55012299161219758,0.72717269088175385,0.59756233960478267,0.75826834812611932,0.64385226293172382,0.70555194835497803,0.69122189677408752,0.65434811377301649,0.74098828185326504,0.5991223792836905,0.78450135024678791,0.56053160045606898,0.82514868184222923,0.4933690121578066
"LIRCMOP6_BC",1,80000,80100,393,139,"feasible_endpoint","AF_train",1,64,0.2976708441947109,1.4941227229281446,1.1079108715292132,0.78079916199708888,0.99228359855734971,0.12035947449533836,0.98809859855813387,0.19284629065918935,0.96028483472770365,0.27984046066086166,0.95262290991933452,0.35255507070783471,0.93293736003272321,0.43559620315012537,0.9001324837142366,0.50469959924586183,0.84492110734788706,0.56778244141866341,0.79749344731463578,0.64104665661381077,0.74212777067243829,0.70544137971325749,0.67710652828673357,0.76761632115151723,0.63217332320992115,0.80636899048731925,0.55540328416698714,0.86360586349245827,0.49570732679536506,0.87607011521730382,0.42519365736379028,0.92499935722058546,0.32972316309494132
"LIRCMOP6_BC",1,80000,80100,393,139,"infeasible_endpoint","AI_train",0,64,0.2976708441947109,1.44880067041613,1.2916131232479622,0.7134628975170404,0.99421077916167899,0.10178051259871863,0.98205311917499138,0.17807637460898018,0.95704738710175985,0.24708817997817664,0.95953979432485226,0.3265862166791304,0.9478870492343372,0.38964550865927117,0.91176497742295981,0.46507957351075507,0.86418633653819477,0.5219627393762607,0.90235531929198654,0.58950508563462067,0.76719454666286913,0.6480115417906579,0.71181416611837167,0.70309366614198809,0.67306755595583256,0.75432498347732746,0.60328489447547073,0.8057281605202069,0.53953745464439007,0.80727445406442833,0.49094457975390043,0.85329428507952754,0.40268685125482173
"LIRCMOP6_BC",1,80000,80100,393,140,"feasible_endpoint","AF_train",1,63,0.27659450456934526,1.4859807136105854,1.1184108000262458,0.77172003170099357,0.98222404347486747,0.12344442777742777,0.98451018024326264,0.19473194504584213,0.97272200958136756,0.27911320414326757,0.94843202845707497,0.36567914050914962,0.92989657440022833,0.42876504639884089,0.88083320624966022,0.50264771973394506,0.84843802294890791,0.55543710322440043,0.79246895434952613,0.63634679986698472,0.74836251977882418,0.68212449948023668,0.67870783786533151,0.7475398573168095,0.63012046018534396,0.79259795358143093,0.56510868285046945,0.84368527607401933,0.48954205667796613,0.88440140071986295,0.43827283755408114,0.90560676132544649,0.3432404659063526
"LIRCMOP6_BC",1,80000,80100,393,140,"infeasible_endpoint","AI_train",0,63,0.27659450456934526,1.6822246646686294,1.0879089398538282,0.89560296884799717,0.97737094541350866,0.14517233254479886,0.98092715278677578,0.22644411101731393,0.97086257156691913,0.33649588641497441,0.93739660080927556,0.41565629969587053,0.91333730255505474,0.5010690060002343,0.85691702816472282,0.59378768770930968,0.81522661951337083,0.65196637299770199,0.74869568588973634,0.73293154364648827,0.70090245194850109,0.7591712059473591,0.61681017748008404,0.86864995883071572,0.55463086506833703,0.90842499267638233,0.48250326267071619,0.96637773600246946,0.39615971828231394,1,0.32506126342031055,1,0.21412921909812221
"LIRCMOP6_BC",1,80000,80100,393,141,"feasible_endpoint","AF_train",1,50,0.33635562911316408,1.3606751157832302,1.3083150297242945,0.64289175892071104,0.98011925016289392,0.090405829564775941,0.99208450748618549,0.15306350787756823,0.97254463793383716,0.22094493593513442,0.97014466196997406,0.29575594414484552,0.93066698186652097,0.35400081200424521,0.91908048286101185,0.41286341135735427,0.90087427467626835,0.46681321285087524,0.86879432879653651,0.53970393562468755,0.81832904713113774,0.59488560714997019,0.77171650147017568,0.64192559304231622,0.73439036068560759,0.68803071345307953,0.67859291561999924,0.74331668506982285,0.66071888449518956,0.78130810278628071,0.59067747337483834,0.82512595525903354,0.52081696912201059
"LIRCMOP6_BC",1,80000,80100,393,141,"infeasible_endpoint","AI_train",0,50,0.33635562911316408,1.3541784006428401,1.5201360525611687,0.54789183776966432,0.98515526103136408,0.080760767326539029,1,0.12978769215244798,0.98244407221160901,0.18853796507696263,0.97425189357575204,0.25558635644393818,0.93691282947397192,0.31529680898083606,0.93723423855578369,0.34752583496875128,0.92268984124958453,0.39618650372633546,0.89025430412110096,0.46227017589469954,0.85373018018585689,0.44921775135007658,0.80725844951158532,0.5478476518427795,0.77296436654593603,0.5816373516264931,0.72897409741442631,0.62469550549182573,0.71812489259970091,0.66864493303766759,0.65177267252963822,0.71072324684633759,0.58690821763840284
"LIRCMOP6_BC",1,80000,80100,393,142,"feasible_endpoint","AF_train",1,39,0.3105095070825773,1.2420979724497929,1.456068718565541,0.52401051857791692,0.97958777186137058,0.071475012417772266,0.98917926666402778,0.13487935357663067,0.97498551842355186,0.1717002843106735,0.9679838767537039,0.24874338372914664,0.95897858591308349,0.29588917184051561,0.94469803097824356,0.34268469298030219,0.94385435778613469,0.39381225850761797,0.90926362133875749,0.45307066892721648,0.87299450829738023,0.50476258621464343,0.83679411116571811,0.52451954922674648,0.81740475454783268,0.60058014730016152,0.76955549185621142,0.63085309242297183,0.76278960037852084,0.66738356734482362,0.7099018305906204,0.71172553168515817,0.65422218271274768
"LIRCMOP6_BC",1,80000,80100,393,142,"infeasible_endpoint","AI_train",0,39,0.3105095070825773,1.4519946115555209,1.3894249337741571,0.63703294925016574,0.98094257949126984,0.09223156020399978,0.97578164466122885,0.17109372118468311,0.9638429675081448,0.2154516774866066,0.960060198172344,0.30102363949667676,0.92909724210331035,0.37003145499298046,0.91451210001227223,0.40673951141988263,0.90341351468920927,0.46526610930748902,0.84762171183639945,0.49810508582457436,0.80517236229693445,0.58437332683932108,0.74211224893347683,0.61099633341266557,0.71720302906408628,0.68825753146155799,0.66221504433636025,0.7070122493260016,0.63622830483287718,0.73290518539930916,0.5557316734992146,0.76339131843486019,0.58267206412578632
"LIRCMOP6_BC",1,80000,80100,393,143,"feasible_endpoint","AF_train",1,57,0.30114440562500444,1.4271743573458062,1.2070966747649627,0.71607089623066722,0.97941222102980607,0.11323032219443345,0.9965354953827108,0.17664902874658875,0.95733317182103295,0.25869943955416685,0.94453780072537152,0.32857872163335622,0.92050362969439958,0.40636253786482462,0.89665373095240519,0.46819159203678273,0.86466181265402253,0.52477704264310843,0.83299873526467383,0.59971024559961705,0.78195921167606197,0.64965761200208416,0.72524263878978579,0.70703788864971784,0.66793546033674578,0.7597760368783556,0.61141238776789986,0.80331124535357379,0.55285624708869885,0.83176954515393065,0.50364153209791229,0.88045787359211114,0.42291008095209354
"LIRCMOP6_BC",1,80000,80100,393,143,"infeasible_endpoint","AI_train",0,57,0.30114440562500444,1.3346810567933844,1.3790020540280057,0.59705876668429703,0.97171921054248278,0.09161274923525678,1,0.1423613512037388,0.96238150567030811,0.21844579209649728,0.96468169153132144,0.27074674386830533,0.93698681738018097,0.33749417213097799,0.93337158304301804,0.39939625849689181,0.9121658727502937,0.45512443373847189,0.90368800739183208,0.52406512941530226,0.8587314610629968,0.54229907926081489,0.82041371145844955,0.61480677235044179,0.77275425162589673,0.67734516812374457,0.73124952386106079,0.72397055874435079,0.69486331885789876,0.75787632663853277,0.66401030318659671,0.8257548467387289,0.59210215146851708
"LIRCMOP6_BC",1,80000,80100,393,144,"feasible_endpoint","AF_train",1,64,0.46677899672368361,1.4941227229281446,1.1079108715292132,0.78079916199708888,0.99228359855734971,0.12035947449533836,0.98809859855813387,0.19284629065918935,0.96028483472770365,0.27984046066086166,0.95262290991933452,0.35255507070783471,0.93293736003272321,0.43559620315012537,0.9001324837142366,0.50469959924586183,0.84492110734788706,0.56778244141866341,0.79749344731463578,0.64104665661381077,0.74212777067243829,0.70544137971325749,0.67710652828673357,0.76761632115151723,0.63217332320992115,0.80636899048731925,0.55540328416698714,0.86360586349245827,0.49570732679536506,0.87607011521730382,0.42519365736379028,0.92499935722058546,0.32972316309494132
"LIRCMOP6_BC",1,80000,80100,393,144,"infeasible_endpoint","AI_train",0,64,0.46677899672368361,1.4777117555760944,1.4001600841369837,0.68243586493497455,1,0.10911772505088223,0.98447117523388072,0.16448144763060252,0.97320101554680427,0.25028443131418693,0.95836200956467921,0.29066875235396572,0.94269252768715162,0.38535972077496333,0.91402846994283693,0.43797607675502009,0.85866811057670145,0.49748868549549802,0.8280156083380279,0.55255973644620882,0.7839140865704628,0.61839560644402403,0.71535381220634742,0.68028630126542866,0.68313303955486826,0.69663717247230139,0.60274546158169451,0.7584946733699669,0.55976388026872637,0.76480746191323812,0.4896891554655704,0.8109761994046184,0.39906227753786361
"LIRCMOP6_BC",1,80000,80100,393,145,"feasible_endpoint","AF_train",1,39,0.3543979950229913,1.2420979724497929,1.456068718565541,0.52401051857791692,0.97958777186137058,0.071475012417772266,0.98917926666402778,0.13487935357663067,0.97498551842355186,0.1717002843106735,0.9679838767537039,0.24874338372914664,0.95897858591308349,0.29588917184051561,0.94469803097824356,0.34268469298030219,0.94385435778613469,0.39381225850761797,0.90926362133875749,0.45307066892721648,0.87299450829738023,0.50476258621464343,0.83679411116571811,0.52451954922674648,0.81740475454783268,0.60058014730016152,0.76955549185621142,0.63085309242297183,0.76278960037852084,0.66738356734482362,0.7099018305906204,0.71172553168515817,0.65422218271274768
"LIRCMOP6_BC",1,80000,80100,393,145,"infeasible_endpoint","AI_train",0,39,0.3543979950229913,1.4723584102753939,1.3616476302377598,0.7025646391175614,0.98689740311205787,0.10992972949504436,0.98768397531692709,0.1929640365332406,0.96119921110895579,0.24349813437661849,0.93313969143659847,0.33372479646692227,0.93137908751341225,0.40652519553045074,0.89255839402138659,0.45465703469622387,0.86669609218983568,0.51585888536230695,0.8048153353028733,0.58388681562529599,0.75641473368639556,0.63721494231643638,0.69773404400380989,0.67781509513617233,0.65640035799461594,0.74568877982460902,0.58877070778776186,0.75859434380439439,0.53525848649891805,0.77672951595168327,0.46910916046535645,0.85817224120054281,0.39381369815174239
"LIRCMOP6_BC",1,80000,80100,393,146,"feasible_endpoint","AF_train",1,73,0.46703886531745803,1.5642928932137408,0.99640809626525095,0.84948663425326765,0.98137129356501929,0.13675989970120261,0.98874524865336988,0.2139432217691708,0.96007169988647956,0.30198455217246412,0.94187471525451949,0.38037528189098679,0.89651538744295933,0.48269342997181552,0.86480016406954863,0.54898703804423477,0.81907096270113511,0.60978071198146622,0.76484601626018489,0.68407726391687573,0.70547562159190014,0.74905570211650518,0.61738321707407617,0.8160998929026636,0.5636370784780238,0.86250007283342656,0.48687236599471345,0.90374109657399737,0.42485822299424159,0.92029989951350144,0.32373813217833231,0.95227612195759237,0.23474053372727807
"LIRCMOP6_BC",1,80000,80100,393,146,"infeasible_endpoint","AI_train",0,73,0.46703886531745803,1.4901939351246387,1.2818581104692386,0.77613338384554764,0.97732399027694761,0.12670719943977676,0.99064525692858885,0.18830018345836452,0.97468759252346637,0.27733471997054804,0.96400240133051407,0.34153604060225784,0.91580146714929267,0.43390652448094269,0.89026011341423583,0.51036747950682426,0.84386784858470332,0.56319952295538789,0.81428889852501463,0.63248537537838989,0.76801414329059581,0.69498479717171979,0.68071105074944749,0.75785277242059357,0.50418017905561752,0.81254961915924739,0.5683980383898678,0.85578794184575169,0.52273512585334903,0.88604951860975456,0.43521190971555468,0.9321040916402682,0.34751575123697376
"LIRCMOP6_BC",1,80000,80100,393,147,"feasible_endpoint","AF_train",1,87,0.51832744661833929,1.6650043361876969,0.83658785406293235,0.93812553308657198,0.99288458201692631,0.15340898912850318,0.98958261426763805,0.24785825357663196,0.95095210754920068,0.33066422946173613,0.90428573989252281,0.43881899111688433,0.88956753846412484,0.53119984236129236,0.83531337419412222,0.59202744838573795,0.78782310837241987,0.66114203077244582,0.70243028793620954,0.74764554337666689,0.62126746140506595,0.80874792853213151,0.55703446609301777,0.88888245928796783,0.47277784405484058,0.9123856493573943,0.38666156733506818,0.96034716137756315,0.28768037948146385,0.97726724540988086,0.19978981873450813,0.99091728461148498,0.10404854053639517
"LIRCMOP6_BC",1,80000,80100,393,147,"infeasible_endpoint","AI_train",0,87,0.51832744661833929,1.594760327129358,1.1551797791553107,0.76143810144710011,0.98349650510604902,0.013176384457750046,0.98591968768014904,0.20094206543746113,0.93144177148805596,0.25585094467605995,0.93022476467211024,0.36233343966696896,0.92066549180413426,0.43597374969121117,0.89086953827688897,0.48363728949056911,0.86122079854180589,0.55424031319054246,0.80546399551902537,0.63646083589784264,0.73643089943014828,0.68706572870199301,0.70242631362253349,0.75190062515725387,0.63114057965457382,0.7867165431715103,0.57022490364552825,0.8391107385637846,0.50265254866444853,0.8689208081393418,0.43370799582499719,0.89845797388995396,0.35559428080532929
"LIRCMOP6_BC",1,80000,80100,393,148,"feasible_endpoint","AF_train",1,95,0.18150230745784121,1.7049095497976476,0.76217698716921423,0.97652552772038237,0.99096778390481932,0.16262482848469295,0.98622558663010951,0.25544358162016523,0.94941186674284106,0.35325845154064051,0.90132271951912002,0.457249011391553,0.8759051619356395,0.55482383697442206,0.81902899431067699,0.61404840122464799,0.76082609476651974,0.68213941788655386,0.66816893253436049,0.76543792962034196,0.59277472062088399,0.82793883968557425,0.52606671374380931,0.90898918861026168,0.43218467738948452,0.93924140080531282,0.34330628288755599,0.96249607408577353,0.23215479678658829,0.99471607640081594,0.14451349410526929,1,0.044726303270341189
"LIRCMOP6_BC",1,80000,80100,393,148,"infeasible_endpoint","AI_train",0,95,0.18150230745784121,2.0228626545505577,0.75249098081651344,1,0.98579613185475012,0.18959472857267129,0.99156379594646959,0.27796257903620447,0.96880439650352035,0.3928359614399296,0.90607958205615413,0.48441521434591173,0.88276628040641825,0.60078021259261605,0.80162573750447585,0.67107592055681897,0.74621540967307132,0.73929967593996482,0.65887697037466508,0.84951481277540797,0.59172484539889436,0.89779578642301994,0.47833042122150243,0.97768998206562674,0.39279783822947395,1,0.29250318481983029,1,0.16769740782319092,0.96811308472735957,0.072380223182106074,1,0
"LIRCMOP6_BC",1,80000,80100,393,149,"feasible_endpoint","AF_train",1,94,0.50319240212852623,1.6967293955059777,0.77302957320500609,0.96972057842679094,0.99406371336831267,0.15440076993832114,0.97629698219411121,0.25386553694123931,0.95132876405101596,0.34896119657174612,0.90892197586489276,0.44653536083404149,0.87699250625406955,0.55416213256058089,0.8198018324237395,0.61139046319187673,0.76165063646348574,0.67414360518246275,0.68591778551744031,0.75763156007190813,0.60315919238923943,0.81499187376029869,0.51346460366556868,0.89575699886754734,0.44097533561652486,0.94082074434441254,0.35777389655725883,0.97123344373474896,0.24710171139298306,0.98707389689006897,0.158081125776591,0.99042882437544622,0.058591442169189864
"LIRCMOP6_BC",1,80000,80100,393,149,"infeasible_endpoint","AI_train",0,94,0.50319240212852623,1.6822246646686294,1.0879089398538282,0.89560296884799717,0.97737094541350866,0.14517233254479886,0.98092715278677578,0.22644411101731393,0.97086257156691913,0.33649588641497441,0.93739660080927556,0.41565629969587053,0.91333730255505474,0.5010690060002343,0.85691702816472282,0.59378768770930968,0.81522661951337083,0.65196637299770199,0.74869568588973634,0.73293154364648827,0.70090245194850109,0.7591712059473591,0.61681017748008404,0.86864995883071572,0.55463086506833703,0.90842499267638233,0.48250326267071619,0.96637773600246946,0.39615971828231394,1,0.32506126342031055,1,0.21412921909812221
"LIRCMOP6_BC",1,80000,80100,393,150,"feasible_endpoint","AF_train",1,94,0.50319240212852623,1.6967293955059777,0.77302957320500609,0.96972057842679094,0.99406371336831267,0.15440076993832114,0.97629698219411121,0.25386553694123931,0.95132876405101596,0.34896119657174612,0.90892197586489276,0.44653536083404149,0.87699250625406955,0.55416213256058089,0.8198018324237395,0.61139046319187673,0.76165063646348574,0.67414360518246275,0.68591778551744031,0.75763156007190813,0.60315919238923943,0.81499187376029869,0.51346460366556868,0.89575699886754734,0.44097533561652486,0.94082074434441254,0.35777389655725883,0.97123344373474896,0.24710171139298306,0.98707389689006897,0.158081125776591,0.99042882437544622,0.058591442169189864
"LIRCMOP6_BC",1,80000,80100,393,150,"infeasible_endpoint","AI_train",0,94,0.50319240212852623,1.6822246646686294,1.0879089398538282,0.89560296884799717,0.97737094541350866,0.14517233254479886,0.98092715278677578,0.22644411101731393,0.97086257156691913,0.33649588641497441,0.93739660080927556,0.41565629969587053,0.91333730255505474,0.5010690060002343,0.85691702816472282,0.59378768770930968,0.81522661951337083,0.65196637299770199,0.74869568588973634,0.73293154364648827,0.70090245194850109,0.7591712059473591,0.61681017748008404,0.86864995883071572,0.55463086506833703,0.90842499267638233,0.48250326267071619,0.96637773600246946,0.39615971828231394,1,0.32506126342031055,1,0.21412921909812221
"LIRCMOP6_BC",1,80000,80100,393,151,"feasible_endpoint","AF_train",1,95,0.1641174587940103,1.7170432957378554,0.76038808669465197,0.97730169082089602,0.98741942153356799,0.16291581040677444,0.96751440064602467,0.25939348783993327,0.95087387608771268,0.36098477674887569,0.9197254876335863,0.45233154949719601,0.86600722395000473,0.56560901948724429,0.81940162038146314,0.61832164923761446,0.7498386653879372,0.68354208084157919,0.67891229107274464,0.76290990313048845,0.60864765377345542,0.82416195579281082,0.50600526813785118,0.90637268427075202,0.43095680163626066,0.9524977152087426,0.35304366064942233,0.97150396276754103,0.24258187998553979,0.99323650642952033,0.1453109450706303,0.98823193289046696,0.046225505202730666
"LIRCMOP6_BC",1,80000,80100,393,151,"infeasible_endpoint","AI_train",0,95,0.1641174587940103,2.0228626545505577,0.75249098081651344,1,0.98579613185475012,0.18959472857267129,0.99156379594646959,0.27796257903620447,0.96880439650352035,0.3928359614399296,0.90607958205615413,0.48441521434591173,0.88276628040641825,0.60078021259261605,0.80162573750447585,0.67107592055681897,0.74621540967307132,0.73929967593996482,0.65887697037466508,0.84951481277540797,0.59172484539889436,0.89779578642301994,0.47833042122150243,0.97768998206562674,0.39279783822947395,1,0.29250318481983029,1,0.16769740782319092,0.96811308472735957,0.072380223182106074,1,0
"LIRCMOP6_BC",1,80000,80100,393,152,"feasible_endpoint","AF_train",1,95,0.1641174587940103,1.7170432957378554,0.76038808669465197,0.97730169082089602,0.98741942153356799,0.16291581040677444,0.96751440064602467,0.25939348783993327,0.95087387608771268,0.36098477674887569,0.9197254876335863,0.45233154949719601,0.86600722395000473,0.56560901948724429,0.81940162038146314,0.61832164923761446,0.7498386653879372,0.68354208084157919,0.67891229107274464,0.76290990313048845,0.60864765377345542,0.82416195579281082,0.50600526813785118,0.90637268427075202,0.43095680163626066,0.9524977152087426,0.35304366064942233,0.97150396276754103,0.24258187998553979,0.99323650642952033,0.1453109450706303,0.98823193289046696,0.046225505202730666
"LIRCMOP6_BC",1,80000,80100,393,152,"infeasible_endpoint","AI_train",0,95,0.1641174587940103,2.0228626545505577,0.75249098081651344,1,0.98579613185475012,0.18959472857267129,0.99156379594646959,0.27796257903620447,0.96880439650352035,0.3928359614399296,0.90607958205615413,0.48441521434591173,0.88276628040641825,0.60078021259261605,0.80162573750447585,0.67107592055681897,0.74621540967307132,0.73929967593996482,0.65887697037466508,0.84951481277540797,0.59172484539889436,0.89779578642301994,0.47833042122150243,0.97768998206562674,0.39279783822947395,1,0.29250318481983029,1,0.16769740782319092,0.96811308472735957,0.072380223182106074,1,0
"LIRCMOP6_BC",1,80000,80100,393,153,"feasible_endpoint","AF_train",1,92,0.47171394292691649,1.6962639873264365,0.79250813278758481,0.96448980616201141,0.99946361760164226,0.15694314673836665,0.97539194166981602,0.25381981841117968,0.9534955945385537,0.35669855323031185,0.90995672195181099,0.42671732392855571,0.89815458969025497,0.53460467691087832,0.82210211394299548,0.6050203256963923,0.78852870908255901,0.66897837025983109,0.68500285995440069,0.76971877195795391,0.6185747738579237,0.8143436375017874,0.53049312166427687,0.87382289619334574,0.44487380450831182,0.95441904974748082,0.35522155355624685,0.96226443459315258,0.25571593718507468,0.97986360290403329,0.16613712729015256,0.97898502260463338,0.064544668636241809
"LIRCMOP6_BC",1,80000,80100,393,153,"infeasible_endpoint","AI_train",0,92,0.47171394292691649,1.6822246646686294,1.0879089398538282,0.89560296884799717,0.97737094541350866,0.14517233254479886,0.98092715278677578,0.22644411101731393,0.97086257156691913,0.33649588641497441,0.93739660080927556,0.41565629969587053,0.91333730255505474,0.5010690060002343,0.85691702816472282,0.59378768770930968,0.81522661951337083,0.65196637299770199,0.74869568588973634,0.73293154364648827,0.70090245194850109,0.7591712059473591,0.61681017748008404,0.86864995883071572,0.55463086506833703,0.90842499267638233,0.48250326267071619,0.96637773600246946,0.39615971828231394,1,0.32506126342031055,1,0.21412921909812221
"LIRCMOP6_BC",1,80000,80100,393,154,"feasible_endpoint","AF_train",1,48,0.075147555565428362,1.3468279803711747,1.3280342041442237,0.63190412287791453,0.97976664770980681,0.093787440802438143,0.97388291341952471,0.16299042376502582,0.95680862540400324,0.20893804939017707,0.97277017937998167,0.3040208897950511,0.93672218144806507,0.36253892272148197,0.91903597735835652,0.41575391821489394,0.90495483376679275,0.46960171791109778,0.88013122866254589,0.54089241597731719,0.81774930605412166,0.58619191759590561,0.7879160033678867,0.63788268358822686,0.74385151165550356,0.70262509754102043,0.69294650873686425,0.73713842438308108,0.66157915174478932,0.77408237916865208,0.61216267793366519,0.82074735828246648,0.53993518488927061
"LIRCMOP6_BC",1,80000,80100,393,154,"infeasible_endpoint","AI_train",0,48,0.075147555565428362,1.3382962811523995,1.3777350930412231,0.59895718259771402,0.97408138352991536,0.090652518923765843,0.9782016940167293,0.15438176091021671,0.95503403771990958,0.18785141780360776,0.97630986944040499,0.3025073467403796,0.93280897425075171,0.35214146901317173,0.93145925147288233,0.39868153098552156,0.91246133227671056,0.45450482160626771,0.89915580137375217,0.51417330768473368,0.84745415642760635,0.56900926339428137,0.81579125170657307,0.63128100973570489,0.7744289554180287,0.66896135041615268,0.7293126980936866,0.72136060820396319,0.70336949527252557,0.76084158669790436,0.65401426166849286,0.81689395432768852,0.58891741226570771
"LIRCMOP6_BC",1,80000,80100,393,155,"feasible_endpoint","AF_train",1,45,0.094471183525067573,1.3106011783610167,1.3769629439450406,0.59576499239687841,0.97255220661892738,0.087017843472168843,0.97663288520110969,0.14627300989714706,0.96634381114202239,0.20661565343149163,0.97130201411899098,0.27916245358873831,0.92803387350125388,0.32678811460840163,0.92690762504259416,0.39231931923909419,0.91845310693113502,0.43687921240007577,0.88472649188741559,0.50375527744968873,0.85768341318983021,0.5629768157136581,0.80138032920563418,0.59989722091202147,0.76388709306635916,0.64092596257684442,0.72710739887084663,0.70195195040367242,0.70238736957938275,0.74642657035671389,0.63511433325802624,0.78746788927309419,0.58347337463690718
"LIRCMOP6_BC",1,80000,80100,393,155,"infeasible_endpoint","AI_train",0,45,0.094471183525067573,1.3015661121048669,1.4386748432109051,0.58478657836458947,0.96805746334447762,0.092147045291711138,0.97065648474187305,0.13806952136065154,0.96201091990243093,0.20779326012857455,0.97514685740428808,0.27437851666513058,0.93148874923828839,0.31626367106540193,0.92857456261006655,0.38323977298952155,0.92190257404111553,0.43474507178047345,0.89149320524136821,0.49065103896106949,0.86079672126953399,0.54620097303161086,0.81473838008235477,0.58320446792731007,0.76964178661734084,0.63438512034068861,0.73658818297921114,0.68951804912318571,0.71183765903493179,0.74399884875202105,0.7213146754237787,0.77543738486123348,0.60331591129409867
"LIRCMOP6_BC",1,80000,80100,393,156,"feasible_endpoint","AF_train",1,43,0.24781947044703775,1.2881601264018969,1.3955803544439698,0.57576315508420994,0.97662196091129339,0.088167666132204073,0.98013532348556498,0.14064591984879865,0.97156930405503505,0.21123977318325388,0.97371708606674345,0.28358764943400216,0.94620397438583415,0.3258305761550262,0.93534029011104258,0.38712459633655666,0.9123437486995063,0.43436342732208777,0.88418650427280121,0.49472145625240233,0.85035948462084132,0.54137079057161785,0.81726055307969303,0.58933263638930256,0.76907448716998772,0.63141424773553612,0.7324676867907618,0.67790919775217962,0.69485378663709896,0.71524397089893821,0.66212885709781433,0.7615072292950118,0.59882318087135289
"LIRCMOP6_BC",1,80000,80100,393,156,"infeasible_endpoint","AI_train",0,43,0.24781947044703775,1.2623198042588621,1.5510462868302954,0.50930335003393945,0.9814554625848273,0.076893192734754159,0.97342647626689149,0.12209533102358493,0.98286789861708146,0.2023865743106581,0.97582311538557232,0.23891857119019488,0.95530544776305892,0.29653630763689254,0.94375396697058389,0.35289592822926097,0.92081857213372054,0.39419525528047122,0.89715928245706456,0.42708216279796651,0.87101740561644503,0.44244534746725589,0.83429335046437603,0.52652261052033511,0.80113383210899125,0.55515182578011935,0.75929330664884154,0.60458105195055523,0.74008329435670239,0.62392745512631598,0.69833563517603603,0.68334522440094336,0.63833355164073946
"LIRCMOP6_BC",1,80000,80100,393,157,"feasible_endpoint","AF_train",1,60,0.35531517779893318,1.4634315664494604,1.1558821835628517,0.75448742095313148,0.9720608640583428,0.12143474794807904,0.98625316745235958,0.19230160850303735,0.95608599804197913,0.268166004472145,0.94577313825821441,0.34671486611613772,0.91939752152776466,0.42233189495329815,0.8886252532860287,0.49232635057228269,0.86015700631371939,0.54918034817907424,0.82889096680444629,0.62760754566841737,0.76174798469386595,0.67687854781601264,0.69811009594518292,0.74066740232839756,0.6408468220729604,0.7926809877015315,0.58478364149837014,0.83276565352162835,0.53654152667467059,0.8658467726964143,0.44667569464628154,0.91291950187039617,0.37221837817279146
"LIRCMOP6_BC",1,80000,80100,393,157,"infeasible_endpoint","AI_train",0,60,0.35531517779893318,1.365219230779174,1.3622320057635333,0.64329804146054648,0.96464691951169934,0.096635144816671376,0.98936431666257496,0.16147439790058621,0.9641821293991748,0.22625716399546461,0.90284518284752158,0.30172489606300446,0.93589040386818401,0.35197972297404079,0.91627462066612386,0.42808007865334963,0.89785133038890441,0.47863502244544909,0.89129073338119369,0.55307963678092475,0.82434440942461795,0.59935139949394012,0.78667676306189238,0.65340922140919466,0.73569915056241086,0.71511393963420478,0.69001237082458888,0.75357855931650408,0.66658529520242271,0.80124847664589871,0.59323328811945997,0.85634540713049112,0.53140599019079304
"LIRCMOP6_BC",1,80000,80100,393,158,"feasible_endpoint","AF_train",1,74,0.40245990205360022,1.566057159761636,0.9849148599967591,0.85329349918455999,0.98570198612645277,0.1428340419301129,0.98553787586564723,0.21474670244551056,0.96963681307542571,0.31372730843132185,0.938530196727827,0.3894711180176792,0.91610805865363709,0.47868590685270346,0.8652864848741908,0.5527394669183473,0.80350819814865759,0.60997879709401714,0.75687746787793708,0.68755050208024504,0.70398511720455748,0.74463258913636643,0.62278181606360239,0.81923531398792282,0.55552315277525754,0.86644212075160043,0.47717779330253562,0.90409369054350852,0.39573995450224603,0.93149923819250624,0.32733887346753454,0.95965593936535165,0.22555043501939132
"LIRCMOP6_BC",1,80000,80100,393,158,"infeasible_endpoint","AI_train",0,74,0.40245990205360022,1.5400901817590609,1.236688652233122,0.75753302372486164,0.9890715650744073,0.12907931542646425,0.99184827605135595,0.19209068045590827,0.9725547919423948,0.27480038237477977,0.93563011161939957,0.34786395549229865,0.93218027932171754,0.42053663269154301,0.87801215503337016,0.4887366740882379,0.82640842675031823,0.54060205766051794,0.78563280273842961,0.6205697113578329,0.74609036624144287,0.66116221145244658,0.67783250504190473,0.71725305067878442,0.61320772549708003,0.77563251665003174,0.54609354457135351,0.80810579272020433,0.47523590779003394,0.83100588576087553,0.41060481639716356,0.8596598681907649,0.31042620678199001
"LIRCMOP6_BC",1,80000,80100,393,159,"feasible_endpoint","AF_train",1,34,0.0057786488541305085,1.1762286269644739,1.5320228123918307,0.45006099683312467,0.98062940341557936,0.062346255580635362,0.99294153631041271,0.097423824986936663,0.97457642188562343,0.16482948059321384,0.99973402530740962,0.21738026858468842,0.9629211987586217,0.25572992174882703,0.9613647849499275,0.3120870942415761,0.94698935418982155,0.34349041729090957,0.93397376587889491,0.38395981517100947,0.90034124390327308,0.43994323218902287,0.87732262847374531,0.47875637145640032,0.86547791850188016,0.50968164791945081,0.82509146324659544,0.56760837268603903,0.83830700883350351,0.59457493516043947,0.78300671641205355,0.66497277597555948,0.73295018157329117
"LIRCMOP6_BC",1,80000,80100,393,159,"infeasible_endpoint","AI_train",0,34,0.0057786488541305085,1.172529479674238,1.5386015261694772,0.44186886328226976,0.97858413030964875,0.059931453743707397,0.99204731295002613,0.098308333471449821,0.97685770240849346,0.16064129791670129,1,0.21525321063172212,0.96652565261098244,0.24746659991937081,0.96364792761825302,0.30561846247781332,0.94900412385329513,0.33807804177648926,0.94027919911473734,0.3822435385967991,0.90109155607845337,0.43625660758171092,0.88417439171865586,0.47270084122263967,0.87282588201241018,0.50538780705926956,0.83194965775428764,0.56148516955024741,0.84831334326734598,0.59204476027216502,0.79405468590433803,0.6605637203128758,0.74403033066729751
"LIRCMOP6_BC",1,80000,80100,393,160,"feasible_endpoint","AF_train",1,39,0.099099332180837885,1.2420979724497929,1.456068718565541,0.52401051857791692,0.97958777186137058,0.071475012417772266,0.98917926666402778,0.13487935357663067,0.97498551842355186,0.1717002843106735,0.9679838767537039,0.24874338372914664,0.95897858591308349,0.29588917184051561,0.94469803097824356,0.34268469298030219,0.94385435778613469,0.39381225850761797,0.90926362133875749,0.45307066892721648,0.87299450829738023,0.50476258621464343,0.83679411116571811,0.52451954922674648,0.81740475454783268,0.60058014730016152,0.76955549185621142,0.63085309242297183,0.76278960037852084,0.66738356734482362,0.7099018305906204,0.71172553168515817,0.65422218271274768
"LIRCMOP6_BC",1,80000,80100,393,160,"infeasible_endpoint","AI_train",0,39,0.099099332180837885,1.3123770212943398,1.4353040156654773,0.53726590996494117,0.98332032193034591,0.079694344444765891,0.98941047540620009,0.20534781385945974,0.96904065329239286,0.16806691827213591,0.96687243888614427,0.26836958144530054,0.9551278491306594,0.29190442451726811,0.94080182347492336,0.3402740300696307,0.9361523941128439,0.395308134083867,0.90479167320799969,0.46760403469907053,0.86292569345041481,0.51798992741078898,0.833979498428572,0.53303260449814371,0.80631203272342367,0.61654186855497606,0.75913666499974319,0.64683731911028297,0.73887338810866399,0.69162697701234621,0.70043997035282213,0.72268954647610384,0.65192377274220803
"LIRCMOP6_BC",1,80000,80100,393,161,"feasible_endpoint","AF_train",1,46,0.15812537581740418,1.3219421905267226,1.3555322248293358,0.61194770600359361,0.97500647427053722,0.092370758367635364,0.99537640946848127,0.14289672174575399,0.96373849629500064,0.22246386481969838,0.96815763109594699,0.28173196081817964,0.93729289486936107,0.34937360225189118,0.92920593534011919,0.40037088182212566,0.90583669048342375,0.45512690315687254,0.88204412220483241,0.51859892508907168,0.80907364447721641,0.57123792429318321,0.80055569685759709,0.61966911427862992,0.75300250809954017,0.67610875450455876,0.70681692173616983,0.72138580263644769,0.66708850085996318,0.75973707955845793,0.63594751611666711,0.80283973639556461,0.565399934039583
"LIRCMOP6_BC",1,80000,80100,393,161,"infeasible_endpoint","AI_train",0,46,0.15812537581740418,1.2924907771062357,1.4537979684954738,0.5376844628814319,0.97751681957052683,0.083788313914903767,0.98671516458274278,0.12462620161356791,0.97254791449417399,0.19226317505123094,0.9767354670289452,0.24868582249026316,0.95696403861562085,0.3057784277378417,0.95298178483007812,0.35962287562431644,0.93733319972016038,0.41584911970680932,0.93020527071569803,0.48136058368912388,0.84690553347054309,0.52654963197827098,0.86522011624832063,0.57470574676450625,0.81881686966269274,0.62095743942501946,0.77965037485956046,0.67114169430674242,0.747496510683758,0.71931519102432973,0.73045934477196062,0.77094221937321539,0.67065603971557075
"LIRCMOP6_BC",1,80000,80100,393,162,"feasible_endpoint","AF_train",1,58,0.15129896385308125,1.4417474608000176,1.1794611822760186,0.7326984491040367,0.98350580814888766,0.11791948141952645,0.99132558062455622,0.18366165515189115,0.97273331860521839,0.26371742774988116,0.9489471436135315,0.33154078829844813,0.92337906005208892,0.41658424882288492,0.89491221172093671,0.47839577998708438,0.86455120211463954,0.5385600347549464,0.81975993538215142,0.61098362514310678,0.76491790546686445,0.66292775749090238,0.71193773274297767,0.72094146765992795,0.66059946041445838,0.77587557114172911,0.5930846327292546,0.82202939080437309,0.52248335857727535,0.85207190702304403,0.47894454820036014,0.8916395153668224,0.39610022001195466
"LIRCMOP6_BC",1,80000,80100,393,162,"infeasible_endpoint","AI_train",0,58,0.15129896385308125,1.5520972772214467,1.169280256111938,0.79164092828184363,0.97865321511254222,0.12289971971314546,0.99173791383381549,0.19601541719478141,0.97144995812169599,0.28472167334785925,0.95122623521281735,0.35813470549561532,0.92521277063463292,0.42700823543617039,0.89721395316274588,0.52240098710151528,0.86415259272312839,0.5883044817822437,0.79692071567940692,0.66151902609896274,0.75714427967911557,0.72390737606879918,0.6937438609979395,0.78637432037764277,0.64756786119606158,0.84753584720108166,0.56767440197327357,0.89390212852051931,0.48744402287291333,0.92426537688831756,0.45625979200245687,0.97009653478393565,0.35640480732840174
"LIRCMOP6_BC",1,80000,80100,393,163,"feasible_endpoint","AF_train",1,29,0.10891411236001212,1.101656846255376,1.6007903525646379,0.3610848567488294,0.98569341715256875,0.052375736649230231,0.98497928288278735,0.094138261608959481,0.9701182770865554,0.10867727481636076,0.97302877866557147,0.19015622263336857,0.96809864604282381,0.20160962837403715,0.96235995288332565,0.2328085121175818,0.97876839104841251,0.27035025460444062,0.95799594719449588,0.33285766549383766,0.92046857022403161,0.35474213501751406,0.93190630099596816,0.35785300845105084,0.90326294310575006,0.43737222926157143,0.88731597274624274,0.46995929313941653,0.87814222270609332,0.50577575093095939,0.8537225337522496,0.54045351813862985,0.83882745256587432
"LIRCMOP6_BC",1,80000,80100,393,163,"infeasible_endpoint","AI_train",0,29,0.10891411236001212,1.0843439111221325,1.6703056171698376,0.29725122542926297,0.98435129723631665,0.040070187410957359,0.97606910650067569,0.080067481381653482,0.96416413745279361,0.079546510203558601,0.98367524671511108,0.16833156443596264,0.96213871237751203,0.17108744966962797,0.97555193894320036,0.18739378493121089,1,0.22460467604818157,0.98546747330736872,0.28193452941273955,0.9421373390638097,0.30534902323221796,0.9685190415217757,0.29750133407345453,0.944109314832837,0.38350116201864048,0.93843763812978398,0.40943753993240251,0.94017612790090388,0.44557087033004344,0.91969126213326768,0.4762166063414045,0.91897170987171817
"LIRCMOP6_BC",1,80000,80100,393,164,"feasible_endpoint","AF_train",1,39,0.18426710112041675,1.2420979724497929,1.456068718565541,0.52401051857791692,0.97958777186137058,0.071475012417772266,0.98917926666402778,0.13487935357663067,0.97498551842355186,0.1717002843106735,0.9679838767537039,0.24874338372914664,0.95897858591308349,0.29588917184051561,0.94469803097824356,0.34268469298030219,0.94385435778613469,0.39381225850761797,0.90926362133875749,0.45307066892721648,0.87299450829738023,0.50476258621464343,0.83679411116571811,0.52451954922674648,0.81740475454783268,0.60058014730016152,0.76955549185621142,0.63085309242297183,0.76278960037852084,0.66738356734482362,0.7099018305906204,0.71172553168515817,0.65422218271274768
"LIRCMOP6_BC",1,80000,80100,393,164,"infeasible_endpoint","AI_train",0,39,0.18426710112041675,1.3423461921599658,1.3777616471129606,0.62201713747177401,0.94598347345817191,0.084856590327927445,0.99011821079677231,0.16370823641201848,0.97483418759336182,0.20931322214609013,0.95408184444938482,0.28129841006343981,0.94880661983153458,0.35322242928465364,0.92546072332690665,0.41160470927753956,0.9263982588939117,0.47006594387368461,0.87802891141194583,0.52883001904412708,0.83685195230532661,0.59108818388281525,0.78466322982348324,0.61322310715937467,0.76608029311974823,0.70099013617742556,0.70549397420918303,0.73001749968681806,0.70337516885357965,0.76297918423539501,0.62057674320325285,0.81387593400374092,0.55281043682521469
"LIRCMOP6_BC",1,80000,80100,393,165,"feasible_endpoint","AF_train",1,28,0.20600149103551099,1.0860531289042497,1.6021455089195955,0.3462644127917518,0.98783092255373373,0.050303985924496523,0.98678966330370577,0.073459402718930839,0.97995476968998219,0.099503770474651143,0.97682914497078144,0.17241431938730817,0.98349135447214808,0.17388399382668857,0.96040620778577235,0.23586831681952955,0.96666226846371472,0.2637716650744204,0.96716539502090015,0.31424482040023538,0.93997004685142738,0.32796643856646651,0.93170176678744199,0.37369227352784962,0.91354606163544116,0.42682199883793126,0.90164475005113531,0.44106327249940058,0.91072284779422952,0.47859851921128876,0.88363296537490355,0.53154218587826674,0.84850794640064442
"LIRCMOP6_BC",1,80000,80100,393,165,"infeasible_endpoint","AI_train",0,28,0.20600149103551099,1.2018974097014983,1.519169291757239,0.46851488405315361,0.97876820194389624,0.075023015289253203,0.98855988343045886,0.10554279636755265,0.96752828716265771,0.14532060089224641,0.95989499020697711,0.23765495843392345,0.95817871615929051,0.23763520997929882,0.9319349353587687,0.3159448883789468,0.92603669968964342,0.35195810661559396,0.92449010800392739,0.41355378742014931,0.88492386306440229,0.4337284513742799,0.87384975874453863,0.49368044495247843,0.838693841719514,0.54239037012273827,0.82531235022838789,0.57040174616968975,0.80885921316442511,0.61794472301581838,0.78118803289249272,0.66576445482698143,0.74099447623730996
"LIRCMOP6_BC",1,80000,80100,393,166,"feasible_endpoint","AF_train",1,71,0.2546257084961695,1.5538665152938609,1.0177666038185706,0.83842130022442274,0.98676146189234193,0.1257328566098152,0.97031177946381941,0.22186602023780744,0.96508590719316367,0.29545448194290647,0.94435746858492164,0.3829288281942328,0.91162000356299278,0.47984415223545668,0.88230205604364176,0.5271470779766888,0.83630593857352331,0.601760037571059,0.76408604001719871,0.67356998188164097,0.69936716677662258,0.74455014934814168,0.62513298093753722,0.80268040912450278,0.57150832636730564,0.84565995674082151,0.50173827835188134,0.90323540203129138,0.42305532249637623,0.91639888271708669,0.34566013865027745,0.95492680101755401,0.24629502952692178
"LIRCMOP6_BC",1,80000,80100,393,166,"infeasible_endpoint","AI_train",0,71,0.2546257084961695,1.7365502242888273,0.99994811412970463,0.93851382649187776,0.98309785024111329,0.13831024886842108,0.96570209376905836,0.246194644056967,0.96686155058250911,0.34340289958590642,0.94009753753825498,0.42847768955479221,0.90308609855826072,0.54082049148991229,0.86728291646884759,0.5991026060109893,0.80558018679566645,0.66870783389763955,0.72989950759528477,0.74525568024222422,0.65759036405084736,0.82890983149238973,0.56565682734303135,0.90916933630929475,0.51147959042912317,0.93313857208925999,0.42985833919229566,1,0.33747264394363102,1,0.26153884428569635,1,0.13733868414473044
"LIRCMOP6_BC",1,80000,80100,393,167,"feasible_endpoint","AF_train",1,26,0.26280714594999155,1.0584425052088977,1.6299426087729212,0.33096549872285519,0.98208360828322883,0.045478676827444213,0.98822947564595542,0.077128965342640188,0.97837915925910801,0.10949882653413387,0.99061880384110712,0.17448603294968842,0.98699824092852595,0.18760125150097298,0.98578345932528111,0.22894706015151248,0.98748722089804508,0.26110918379192416,0.93331953419175906,0.30046746722130474,0.96479036991856304,0.34010988958718824,0.9295654070079078,0.35183580276363113,0.92556827311608147,0.40661960377294254,0.8928375248611593,0.43436770284151949,0.90389614171759658,0.46308722214002268,0.88149175448031825,0.50154944406666269,0.84002290091583132
"LIRCMOP6_BC",1,80000,80100,393,167,"infeasible_endpoint","AI_train",0,26,0.26280714594999155,1.1981179563498396,1.5174429117142028,0.47472787067973865,0.97495024940243935,0.067955148257438008,0.98541296561814862,0.11758890168596287,0.9738109347583277,0.15659455208967638,0.97583221801435349,0.237131007024037,0.97271615590119787,0.26495383102006398,0.96264994417062399,0.31728704964895749,0.961808086863853,0.36587829943974803,0.89703252552441648,0.4158446122748633,0.92611569826611739,0.47156456997666196,0.86840028008341519,0.48340371482220729,0.85919418168409023,0.56249367680199525,0.80618962207426959,0.59316204294592501,0.81358486763970095,0.62340987073072784,0.77294619723560209,0.6652347174095945,0.72032934906440538
"LIRCMOP6_BC",1,80000,80100,393,168,"feasible_endpoint","AF_train",1,69,0.29974528713192838,1.5346403890674289,1.0485905086742116,0.81737239506591242,0.9838753690115285,0.12201973481562278,0.98338193164980425,0.20605594517250811,0.9646746842522762,0.28355514234172441,0.95098608811693164,0.37819974855010186,0.90362285682102517,0.46196719584450902,0.88038537975384235,0.51487973901961059,0.8394832933220342,0.58170023387659908,0.77525992982155922,0.66024175704687837,0.7233561276123619,0.72398276477466905,0.64328840944412724,0.78226769415769826,0.59069045668860498,0.83727035148005868,0.5185611504596912,0.88113270260346888,0.45415573380012841,0.90228493019303835,0.37829044048720012,0.93279683222433007,0.28352067845281897
"LIRCMOP6_BC",1,80000,80100,393,168,"infeasible_endpoint","AI_train",0,69,0.29974528713192838,1.750257452532106,1.0476183602872937,0.94888548427299624,0.97958925028924082,0.13846459516383558,0.9808746338658344,0.24133208922231553,0.96451705001854271,0.33982701976254248,0.9416611541211507,0.43545260733201818,0.89109907893131135,0.53426936083910181,0.85751773388906405,0.60390809549909652,0.79687107276306102,0.67552243018091984,0.73314483398763408,0.76046169169972022,0.66584680307487965,0.83563645418741173,0.56437002172046746,0.91577046829355579,0.5064515565692973,0.95553673306312892,0.42062624810181126,1,0.34158456833048656,1,0.25822436023210754,1,0.13605718632420227
"LIRCMOP6_BC",1,80000,80100,393,169,"feasible_endpoint","AF_train",1,43,0.40402343680011138,1.2881601264018969,1.3955803544439698,0.57576315508420994,0.97662196091129339,0.088167666132204073,0.98013532348556498,0.14064591984879865,0.97156930405503505,0.21123977318325388,0.97371708606674345,0.28358764943400216,0.94620397438583415,0.3258305761550262,0.93534029011104258,0.38712459633655666,0.9123437486995063,0.43436342732208777,0.88418650427280121,0.49472145625240233,0.85035948462084132,0.54137079057161785,0.81726055307969303,0.58933263638930256,0.76907448716998772,0.63141424773553612,0.7324676867907618,0.67790919775217962,0.69485378663709896,0.71524397089893821,0.66212885709781433,0.7615072292950118,0.59882318087135289
"LIRCMOP6_BC",1,80000,80100,393,169,"infeasible_endpoint","AI_train",0,43,0.40402343680011138,1.5307059687818891,1.257436710560941,0.78857336502911657,0.97103407157483845,0.12047908147799996,0.98581923081183109,0.19094605976163165,0.96851218600310895,0.29437239799180381,0.95727719139102485,0.37348167297084367,0.92214656420446972,0.43853127470493958,0.90133219020400057,0.52363372178354384,0.85109749241285471,0.58001565901828067,0.81371754218304071,0.65560550795391204,0.77416594881646938,0.71667342993948702,0.71321208233597844,0.78482099733250654,0.64168134580235514,0.81883328779634668,0.58919120238236433,0.88041868226475606,0.51829613431674992,0.92199299606762342,0.47707854007382655,0.96700577516494524,0.38089146435599552
"LIRCMOP6_BC",1,80000,80100,393,170,"feasible_endpoint","AF_train",1,26,0.10902998531166849,1.0584425052088977,1.6299426087729212,0.33096549872285519,0.98208360828322883,0.045478676827444213,0.98822947564595542,0.077128965342640188,0.97837915925910801,0.10949882653413387,0.99061880384110712,0.17448603294968842,0.98699824092852595,0.18760125150097298,0.98578345932528111,0.22894706015151248,0.98748722089804508,0.26110918379192416,0.93331953419175906,0.30046746722130474,0.96479036991856304,0.34010988958718824,0.9295654070079078,0.35183580276363113,0.92556827311608147,0.40661960377294254,0.8928375248611593,0.43436770284151949,0.90389614171759658,0.46308722214002268,0.88149175448031825,0.50154944406666269,0.84002290091583132
"LIRCMOP6_BC",1,80000,80100,393,170,"infeasible_endpoint","AI_train",0,26,0.10902998531166849,1.1395982385426482,1.6297312435003786,0.37107610081010101,0.98005938094936651,0.043232780882325204,0.98259121421833195,0.16117695793562942,0.97056332384890143,0.13090832875477432,0.99687552395354406,0.19017517874716644,0.98277809406887084,0.20995526401220466,0.98290913038140193,0.25935283512305679,0.97994683302013108,0.29198707398523882,0.9191956806934658,0.33193700616122473,0.91736545036657324,0.38255697541673933,0.90773475808012871,0.38975946975404019,0.90529770514394003,0.44401796680159134,0.86305961675615994,0.48908945227689671,0.86283478398312652,0.5098202673646981,0.84207654517809294,0.54969733249794672,0.79648232240691674
"LIRCMOP6_BC",1,80000,80100,393,171,"feasible_endpoint","AF_train",1,50,0.24794718811523417,1.3642340356506977,1.3027467945115332,0.64718700306438415,0.98356065433925166,0.091094438601333982,0.98655356693222584,0.15610289651586584,0.99246268386488812,0.22019463876946843,0.97795184851443673,0.29538084630327138,0.94130267804065859,0.35263368243366422,0.92179970578406545,0.42137879906104225,0.90243384666046689,0.4709302663309925,0.86145414637611495,0.54129326097392449,0.80908570573194005,0.5985984878281474,0.76674518549357407,0.64754485027810715,0.73750011229739276,0.69127207901517573,0.67343237592482263,0.75378783178006192,0.64718946997668803,0.79706563463815394,0.58340573600614354,0.8309305823038482,0.51169905198868781
"LIRCMOP6_BC",1,80000,80100,393,171,"infeasible_endpoint","AI_train",0,50,0.24794718811523417,1.5430630417722921,1.2941083190811964,0.65999520218756536,0.97405234164490717,0.098246552404058815,0.99364209299609785,0.16029910864219715,0.9961318182391623,0.23321812742522041,0.96694855358947474,0.30123038171320166,0.944900897148371,0.36029556856063227,0.9209308755155623,0.42677459911878746,0.89386154660943906,0.48047450336502173,0.85298942518956389,0.55692616292913577,0.80336476794946821,0.48068891903380961,0.79268800320542365,0.64937096817116946,0.72138687344337971,0.71306903417228451,0.65824432129244426,0.76756768728828451,0.61001114886423835,0.8042077677984294,0.56631661550067491,0.83800876695106519,0.49088168509111496
"LIRCMOP6_BC",1,80000,80100,393,172,"feasible_endpoint","AF_train",1,54,0.18702499136012357,1.3981505566110524,1.2475287837295446,0.68369433432648319,0.98520251403340275,0.10950388999660618,0.99801059987093788,0.1615849228078069,0.97359555551755694,0.24357709770452093,0.95599238140188381,0.31308964936021078,0.95340069345137635,0.37116550701828538,0.91335318631689832,0.45598256419143979,0.86926770991293645,0.50342802727362823,0.84658200939972494,0.57572325705517402,0.80138973856548124,0.62451439596231195,0.75395247632564322,0.69100352802967291,0.70707673853043773,0.72976240136904025,0.64635071973171909,0.78757737954723317,0.59510691279511296,0.82431429765071607,0.55146034284776269,0.87251448088693007,0.46891599448206511
"LIRCMOP6_BC",1,80000,80100,393,172,"infeasible_endpoint","AI_train",0,54,0.18702499136012357,1.3647430401058092,1.3633673122229815,0.6351810263549893,0.98804939883709908,0.09759624125640641,1,0.14579712544867118,0.94717496128953038,0.22785042218257509,0.95746162104996957,0.28518999005274598,0.96173884658442232,0.34774008754167535,0.92687812749259491,0.42546976796660652,0.88800582399523331,0.47292586463579384,0.87425683714249447,0.53993898388967421,0.82652307829464045,0.58987248791158409,0.7981848078536522,0.65376862385521362,0.75150428497682298,0.69795186436048973,0.75909276591964592,0.75519233144932074,0.65538369412985964,0.79499913563955504,0.61546325120454992,0.85526037603281369,0.54132455116046951
"LIRCMOP6_BC",1,80000,80100,393,173,"feasible_endpoint","AF_train",1,51,0.20979815906268881,1.3735782850984362,1.2974176929048142,0.65881000182988503,0.98640976274423386,0.1040788179271511,0.98070847446872422,0.1645398560926547,0.96752185662438084,0.22849464411190251,0.96362139468762087,0.31186332893531704,0.93925359524898333,0.37122910303313422,0.91823628021226078,0.43030447056166954,0.88664484140610511,0.48521649503563541,0.85501991861060578,0.55791137213704356,0.78932108490948827,0.60565734178660913,0.75750116896236352,0.66247093259508372,0.71115617135300191,0.70549005807263288,0.65922211575331313,0.75336952834420623,0.60234509148030102,0.78733517308026668,0.56194451611110752,0.82584956744437943,0.49031177608519971
"LIRCMOP6_BC",1,80000,80100,393,173,"infeasible_endpoint","AI_train",0,51,0.20979815906268881,1.2955456327738717,1.412109318736992,0.5822950407644143,0.99322586909801369,0.093251619920435444,0.98391828735147902,0.14307069687491539,0.95237955673054231,0.20634059884926578,0.96425193354174166,0.2807022693920368,0.95087657688214278,0.33092254320490028,0.93277344443635768,0.38950952319725152,0.90448493064422286,0.44018695082673054,0.88474617518814502,0.50395262214055125,0.82857282758421058,0.54741098220587503,0.81053327312839729,0.59998182489127272,0.75987652064756483,0.64558338255401337,0.72276961260291994,0.68716286652516645,0.66967951657454106,0.71480690768268462,0.648676553592612,0.7634611662954166,0.58547415255556601
"LIRCMOP6_BC",1,80000,80100,393,174,"feasible_endpoint","AF_train",1,49,0.31378707149011165,1.3516918092816097,1.3103448021489552,0.63763637404359086,0.97938454676675801,0.10023176236321969,0.99697037612648498,0.15146703995682534,0.97536234767736985,0.23092232083293698,0.96073870669596029,0.30073645012982275,0.9513038041862919,0.35422868906105881,0.92259693290023459,0.42848820696254258,0.88504853813919881,0.4755507665258944,0.86508450405154025,0.54164713610975823,0.82732373151851379,0.59114197829077875,0.78526972361401359,0.65108030468652345,0.73631209256760988,0.68967999795003831,0.68358165358667944,0.74795809509035571,0.63731082386373028,0.78807994589659347,0.60597633137028473,0.84251059060188349,0.52574545946913798
"LIRCMOP6_BC",1,80000,80100,393,174,"infeasible_endpoint","AI_train",0,49,0.31378707149011165,1.5547254577490386,1.2241870701079196,0.76490666087918902,0.97418869185028056,0.12854156185151258,0.9936460192227452,0.1838550333507632,0.96261703062926163,0.27170953471393761,0.95037595689771104,0.36326614879839592,0.92853222142615355,0.41469318806642508,0.89698298147477962,0.50623176876830633,0.85036908999909055,0.56236263329495617,0.82550856613732737,0.64234300998140359,0.76697874465332339,0.70117771024363429,0.72551615264040259,0.77118723291441582,0.65957727303350588,0.81677176787362527,0.59862058840447785,0.88094711939662973,0.53217274147203875,0.92617945700671767,0.49393736825470808,0.97178257051507244,0.40952646680156785
"LIRCMOP6_BC",1,80000,80100,393,175,"feasible_endpoint","AF_train",1,62,0.34273485054148711,1.4741137024429654,1.1325387899821433,0.76287399327263938,0.98345653931625043,0.12136882659078212,0.98551549796988258,0.19582833911550446,0.9768317600958788,0.26734961253498746,0.95282363064165221,0.36371738260456266,0.92174735533100338,0.42940765453858687,0.89107727902656753,0.50104957248539883,0.85330244168358882,0.55305339806283094,0.80106964774987355,0.63024497061990514,0.74296989078308573,0.68691015482371176,0.68031217652633758,0.75087422961574435,0.63146335348901783,0.79134772193603686,0.56925351240672584,0.84287071979986217,0.50008790152314386,0.87941879534591472,0.44226457598466579,0.90645610639709218,0.35554564974558467
"LIRCMOP6_BC",1,80000,80100,393,175,"infeasible_endpoint","AI_train",0,62,0.34273485054148711,1.377984098090403,1.3312115003849563,0.62204643833559037,0.98196096490384965,0.094044539254768911,0.99827862595411243,0.15016296430373977,0.98892162803555739,0.21811894167588086,0.97111043626829896,0.30577311047633676,0.95513258637891241,0.34443207824620858,0.92840655208796208,0.4232225651613849,0.8999735540634749,0.46333708300201959,0.87156905463546896,0.53500485427848721,0.82678605213683176,0.58405178441827954,0.79302792990683735,0.64340856369679222,0.75732205673815756,0.62987585816563418,0.70126436300102268,0.74263394027005036,0.66413133363621391,0.79113998821977705,0.63686030448727782,0.83815575808249909,0.55444449894166536
"LIRCMOP6_BC",1,80000,80100,393,176,"feasible_endpoint","AF_train",1,85,0.28891443826897473,1.6461025765610544,0.86419669646586383,0.92227681085917723,0.99028959163068564,0.15312562829303955,0.97044847209572294,0.2425356018140491,0.95260330510431235,0.33289979713685225,0.92980048743354915,0.42807854294870912,0.88067689922541836,0.53554720847943349,0.84575760705212466,0.58483277139013357,0.79084233245386237,0.65266220332720726,0.70837779079068952,0.7275456517012604,0.64249101031971012,0.7922525559120549,0.55767261283752068,0.86659842980058199,0.48926130393954625,0.90715360485095431,0.4123198438488449,0.94940042947937275,0.30476562124280776,0.9634619551185446,0.22619752638773316,0.97826356118579127,0.1281755786517082
"LIRCMOP6_BC",1,80000,80100,393,176,"infeasible_endpoint","AI_train",0,85,0.28891443826897473,1.9955001500438858,0.79113658899498962,1,0.99009363528910788,0.18091830512891222,0.97836439485411641,0.26984407363616114,0.94867019933848784,0.37942092275932171,0.91590894042687399,0.46941286237327862,0.86732123655767723,0.60110801067681474,0.82095205973084218,0.66415969029494515,0.74925550353277171,0.73965955882086321,0.67260290505939802,0.82674560869627567,0.60464146084064407,0.89619470381526045,0.50099402425436423,0.99406237144597753,0.41629088292729394,1,0.32578796462367804,1,0.20143884721422917,1,0.1131984094137562,1,0.086858880819689621
"LIRCMOP6_BC",1,80000,80100,393,177,"feasible_endpoint","AF_train",1,33,0.095183976999488731,1.1541553307897876,1.5541053429902059,0.42648561696624349,0.9837824678860092,0.045812194034258506,0.97551314044845872,0.10051111234022581,0.96432309886956902,0.14232277491593207,0.98934258519565521,0.20379261098226417,0.97505106075283798,0.21859201884915191,0.9546575498980141,0.29667986676261815,0.95158149270788672,0.32552744546104972,0.93891768802431363,0.37718389828007537,0.90131725272963248,0.41286061022556869,0.88804046893188393,0.44953960750866773,0.87300492569115828,0.50161872489522885,0.8420889338411367,0.55050677137015502,0.8286001323252894,0.57206460966063966,0.80480254677045293,0.61316040182468656,0.76142678938281527
"LIRCMOP6_BC",1,80000,80100,393,177,"infeasible_endpoint","AI_train",0,33,0.095183976999488731,1.1189422607088597,1.6086138187273322,0.3824636643464967,0.98626061578483348,0.034622358655750883,0.97338616210241091,0.089253921232941805,0.96319569563718332,0.15667726121320236,0.98717587426427333,0.1761810509154372,0.98042524373905349,0.18430435990365265,0.94943176001825214,0.27877866752692537,0.95612181997106593,0.29713436409585431,0.94380426540315887,0.34289140125460271,0.91377198405924465,0.36933554293476378,0.90098125952219565,0.40693609555115196,0.8935112496256522,0.45508804993538404,0.8650601586448381,0.49217689225594297,0.86314950358000364,0.51774247412597751,0.8269026213173688,0.55457113435646543,0.79464885461786039
"LIRCMOP6_BC",1,80000,80100,393,178,"feasible_endpoint","AF_train",1,53,0.12974785897508839,1.3865587908217165,1.263818784018234,0.67502201166956466,0.97401730893249716,0.10039961814350762,0.99410499707032751,0.17047157018160547,0.97093153116050401,0.23878650347838115,0.95186543742315766,0.31765027671409146,0.94323306903201765,0.36665821314862962,0.91014150059810062,0.44537765092746012,0.87203171702813287,0.49462041435082638,0.8574068366605605,0.57690958406269088,0.79905576564642222,0.62316983316617836,0.7556133454200199,0.6783581846333584,0.70352289042595106,0.72547201775543846,0.65146320747022157,0.77457084160087009,0.60655586394222782,0.81761953534290133,0.56058796414019596,0.86088573280695047,0.48045426675373848
"LIRCMOP6_BC",1,80000,80100,393,178,"infeasible_endpoint","AI_train",0,53,0.12974785897508839,1.3641027794058904,1.3455238358045909,0.63108528085916804,0.96981813534419137,0.090978434726383214,0.99776597531687483,0.15457272532409141,0.97520998192737296,0.22549844338384645,0.96438615118969007,0.28784135823842572,0.98222093078973161,0.34156109410661645,0.92519630707506373,0.42294826003252234,0.88998646907107082,0.47106312045848764,0.89321047789795771,0.54812014525685893,0.83207561526549911,0.59758950480222117,0.7932915322406725,0.64792305011266649,0.75142359224823219,0.70276080526048146,0.69702408990125453,0.75131800809360649,0.67292355935031811,0.79198963963742353,0.61753420278148663,0.85321045052760591,0.54519170021167895
"LIRCMOP6_BC",1,80000,80100,393,179,"feasible_endpoint","AF_train",1,34,0.23183291660374974,1.1762286269644739,1.5320228123918307,0.45006099683312467,0.98062940341557936,0.062346255580635362,0.99294153631041271,0.097423824986936663,0.97457642188562343,0.16482948059321384,0.99973402530740962,0.21738026858468842,0.9629211987586217,0.25572992174882703,0.9613647849499275,0.3120870942415761,0.94698935418982155,0.34349041729090957,0.93397376587889491,0.38395981517100947,0.90034124390327308,0.43994323218902287,0.87732262847374531,0.47875637145640032,0.86547791850188016,0.50968164791945081,0.82509146324659544,0.56760837268603903,0.83830700883350351,0.59457493516043947,0.78300671641205355,0.66497277597555948,0.73295018157329117
"LIRCMOP6_BC",1,80000,80100,393,179,"infeasible_endpoint","AI_train",0,34,0.23183291660374974,1.0750446922016208,1.649440378150834,0.34655034792912698,0.9864357544979736,0.0472702069231083,0.98373501395459673,0.072191976052133483,0.97857354355068349,0.13288030910231055,1,0.17501035134254245,0.9698214526428558,0.20290257031453302,0.97604007191047049,0.2451266531272096,0.96615677605180872,0.26846157145968419,0.95205750900082486,0.29067373746589054,0.93103917710537654,0.34470920838948138,0.90404609917465351,0.37959328893011074,0.90720162917779712,0.39186605653121909,0.87519367741093834,0.44732725902855508,0.89094077395378934,0.47407397461270406,0.84641642551765328,0.53383155611366739,0.80743079654213912
"LIRCMOP6_BC",1,80000,80100,393,180,"feasible_endpoint","AF_train",1,60,0.24851437072789911,1.4634315664494604,1.1558821835628517,0.75448742095313148,0.9720608640583428,0.12143474794807904,0.98625316745235958,0.19230160850303735,0.95608599804197913,0.268166004472145,0.94577313825821441,0.34671486611613772,0.91939752152776466,0.42233189495329815,0.8886252532860287,0.49232635057228269,0.86015700631371939,0.54918034817907424,0.82889096680444629,0.62760754566841737,0.76174798469386595,0.67687854781601264,0.69811009594518292,0.74066740232839756,0.6408468220729604,0.7926809877015315,0.58478364149837014,0.83276565352162835,0.53654152667467059,0.8658467726964143,0.44667569464628154,0.91291950187039617,0.37221837817279146
"LIRCMOP6_BC",1,80000,80100,393,180,"infeasible_endpoint","AI_train",0,60,0.24851437072789911,1.4434640757820931,1.3124458681220679,0.7314215182113184,0.96853039411788644,0.10164765477890178,0.97375659803641079,0.18543308538020697,0.9543843299399335,0.25893170760850248,0.96668670630218534,0.34021269830096379,0.9228265160636534,0.41407064599686333,0.9049109789221681,0.479064643983861,0.96142332711345369,0.53934105096723961,0.84237083010446279,0.60186316311216581,0.7904333156634562,0.66380696844510723,0.71142216941246716,0.72822380368761319,0.66525613850361265,0.77003453277777556,0.62257893367952233,0.82128070723970148,0.57114289044756505,0.84903737385719913,0.48613957675234448,0.90834573458812562,0.40225644782050884
"LIRCMOP6_BC",1,80000,80100,393,181,"feasible_endpoint","AF_train",1,38,0.032450053127848918,1.2182748752975021,1.4791949739304373,0.49415708093344268,0.97758798866330254,0.069440042587902678,0.99297319269773543,0.11316457808038723,0.96217808407721106,0.17588654824419497,0.97921292622267841,0.23305872721671084,0.9543862656790687,0.27202056277719633,0.95087403423225925,0.33978890433220627,0.9381140251367025,0.3808711779131827,0.92090665953119344,0.43337576098093994,0.88758919108138468,0.48210576866667931,0.8728093938256416,0.52256663487048527,0.8349408108865185,0.57145872797793662,0.80052736962403626,0.62137450814198236,0.78185832016516821,0.65200910384298971,0.75686981096915262,0.70615378000592255,0.70202380492942029
"LIRCMOP6_BC",1,80000,80100,393,181,"infeasible_endpoint","AI_train",0,38,0.032450053127848918,1.2443922761877007,1.4726428064798158,0.51710950327173877,0.97755812399321051,0.074864940391169352,0.99346867223761892,0.12516882305963695,0.96104584366829227,0.18855349904295418,0.97731606233382418,0.24379677344518022,0.94835163105123943,0.28760735780299512,0.9466656253203185,0.3553018221685228,0.92656605064779751,0.40428328096711852,0.9050454423883989,0.45854363650723995,0.86596658358487266,0.46709082039983929,0.85215733067259203,0.55107491667693431,0.81198265579688356,0.60720864027175825,0.77316998557479732,0.63977779277230651,0.75026559675801063,0.66223111275062652,0.71996388257103616,0.71099242215827596,0.65976083496979709
"LIRCMOP6_BC",1,80000,80100,393,182,"feasible_endpoint","AF_train",1,24,0.13315396380074221,1.0273886386729978,1.6456385140750185,0.28445033674279124,0.98928363381726814,0.040606391125771787,0.98452562913856845,0.068102273386913159,0.97248320621861628,0.080897619214306382,0.98421327738941411,0.14211634554634112,0.98413898169002512,0.15778345970771532,0.97359141507553371,0.18529666356101127,0.99049469027448866,0.21414070198728113,0.98573389436839665,0.25857403380809207,0.94994221290480541,0.27993780364506382,0.9500067604176281,0.29949252321447173,0.94361324614015618,0.35922161935417962,0.92429978727163209,0.38179827884730028,0.93965849971524096,0.40918183478207981,0.90859265920360244,0.45870675239245096,0.89415740159644042
"LIRCMOP6_BC",1,80000,80100,393,182,"infeasible_endpoint","AI_train",0,24,0.13315396380074221,1.1163567432045236,1.6092285711277445,0.36004370779383632,0.98520151490359553,0.054676929186738998,0.99097861880982552,0.084771769618664783,0.96351790645959501,0.091265499004307638,0.97262784987480488,0.18117591795352228,0.97712192651078367,0.18340839666307351,0.95379451896841982,0.235037159885158,0.97596772328684156,0.2655422626783655,0.97047729309839292,0.33255975311594799,0.92662950519417164,0.33933795495534674,0.92829690950157207,0.37559246916661893,0.90830009331687245,0.44901495595574525,0.89945727886398585,0.45939592195098533,0.90898118417855067,0.50170144337850608,0.86992636113015476,0.54892748670165636,0.85037816678346922
"LIRCMOP6_BC",1,80000,80100,393,183,"feasible_endpoint","AF_train",1,53,0.31925255339091435,1.3865587908217165,1.263818784018234,0.67502201166956466,0.97401730893249716,0.10039961814350762,0.99410499707032751,0.17047157018160547,0.97093153116050401,0.23878650347838115,0.95186543742315766,0.31765027671409146,0.94323306903201765,0.36665821314862962,0.91014150059810062,0.44537765092746012,0.87203171702813287,0.49462041435082638,0.8574068366605605,0.57690958406269088,0.79905576564642222,0.62316983316617836,0.7556133454200199,0.6783581846333584,0.70352289042595106,0.72547201775543846,0.65146320747022157,0.77457084160087009,0.60655586394222782,0.81761953534290133,0.56058796414019596,0.86088573280695047,0.48045426675373848
"LIRCMOP6_BC",1,80000,80100,393,183,"infeasible_endpoint","AI_train",0,53,0.31925255339091435,1.2951604527012299,1.4484605969217563,0.57304164787807066,0.97762943534799018,0.079213900753160371,0.99635781977462168,0.14576011338933254,0.97937390519400225,0.20441871155663438,0.96047533071831748,0.28710295556006415,0.96822369704227773,0.31481769817757693,0.93279170184820326,0.38413517588437279,0.89691626155325543,0.42695883592007972,0.88336072847391434,0.49665555639771031,0.82172547428983,0.53331026655153313,0.80423663120736599,0.57648578487521385,0.76270581118882874,0.63835851729943405,0.71623221405330484,0.67164004966754054,0.67734436511298024,0.70244855447782817,0.65901808017030217,0.75672530461629839,0.587411673005656
"LIRCMOP6_BC",1,80000,80100,393,184,"feasible_endpoint","AF_train",1,22,0.37785956525156661,0.99541643394708901,1.6623314791317361,0.23995337555070911,0.99128445283165978,0.022332185840446668,0.9830474217064431,0.054707205691287022,0.97303337361916054,0.06894853224503944,0.99145451949957852,0.12841021092690641,0.99007088404861232,0.11264733906124096,0.97272106652139345,0.16904226191444188,0.98784721009693888,0.18451872504509392,0.98150619595007127,0.23296697464244992,0.97018908294071182,0.24506125629669007,0.96693745503081141,0.26190540944645863,0.96106632527298941,0.30669881962594381,0.94362097675767098,0.31586451966685525,0.95071720593783171,0.36754806249435656,0.93275215445918724,0.39024619211155065,0.92348980495790389
"LIRCMOP6_BC",1,80000,80100,393,184,"infeasible_endpoint","AI_train",0,22,0.37785956525156661,1.2342806094060805,1.550555568101434,0.4997623299191068,0.9871429597281437,0.063532826430106798,0.98500780740500282,0.12032731263880278,0.96892709280869327,0.16706207845089116,0.97289778098507662,0.23353150579845344,0.96009500419293792,0.26388259579838153,0.92958718416103037,0.33777182894665875,0.9259805913137249,0.37298859755390235,0.90385612157275386,0.43876045455920687,0.8624792249271136,0.46744980882644394,0.83992974615330818,0.51189109461232185,0.815550319703781,0.56298707936968972,0.76833429993573765,0.58156810136442827,0.74242332954994605,0.6342338748011408,0.70879379512130491,0.66374824717874381,0.6618330518224127
"LIRCMOP6_BC",1,80000,80100,393,185,"feasible_endpoint","AF_train",1,40,0.42647727397412932,1.2494597870149571,1.4388125550528061,0.52853625748519173,0.9837154342329073,0.079002628408465309,0.99008440550942878,0.12292661060063181,0.97861655924561475,0.17391033557117666,0.96727960728786244,0.25102549680849601,0.96170097006365463,0.28141807387491552,0.93355134693769748,0.35735218417939096,0.9262698739695745,0.39565982175966674,0.91070322127214454,0.4608272081694022,0.86734851015446646,0.49259109552391545,0.84329714514604737,0.55553317937033131,0.8113534909819955,0.6044757283555432,0.77900571251559136,0.6326837683438552,0.76143410836530845,0.67982898291018135,0.72647320463395637,0.73245245580823493,0.66303099068660476
"LIRCMOP6_BC",1,80000,80100,393,185,"infeasible_endpoint","AI_train",0,40,0.42647727397412932,1.2262283926192112,1.8075635926150471,0.43099742214036091,0.98571785404236789,0.067921173507184268,1,0.10286640547291803,0.97967387464160238,0.13452633012385234,0.96727960728786244,0.20387790952202312,0.96293823764833908,0.22010101391692943,0.93355134693769748,0.28915852209377291,0.92841177275007003,0.31517554991354091,0.91186392249169079,0.37769051727714043,0.85912351977623191,0.38800802755096508,0.85573641083627039,0.4447869885585537,0.81926730734099118,0.48085806553814325,0.80334082908237747,0.48974977519783996,0.7753953689315034,0.53304933190096326,0.74599042387305692,0.55690209717830697,0.69499778267331136
"LIRCMOP6_BC",1,80000,80100,393,186,"feasible_endpoint","AF_train",1,28,0.11015650360847574,1.0860531289042497,1.6021455089195955,0.3462644127917518,0.98783092255373373,0.050303985924496523,0.98678966330370577,0.073459402718930839,0.97995476968998219,0.099503770474651143,0.97682914497078144,0.17241431938730817,0.98349135447214808,0.17388399382668857,0.96040620778577235,0.23586831681952955,0.96666226846371472,0.2637716650744204,0.96716539502090015,0.31424482040023538,0.93997004685142738,0.32796643856646651,0.93170176678744199,0.37369227352784962,0.91354606163544116,0.42682199883793126,0.90164475005113531,0.44106327249940058,0.91072284779422952,0.47859851921128876,0.88363296537490355,0.53154218587826674,0.84850794640064442
"LIRCMOP6_BC",1,80000,80100,393,186,"infeasible_endpoint","AI_train",0,28,0.11015650360847574,1.157793123352322,1.567377884240819,0.41444603742486008,0.98729098851297958,0.058946724091802287,0.98173977392807832,0.094397095898982708,0.97707445339426613,0.17892258884371331,0.97240697198979986,0.20970076399739168,0.97445304259445398,0.21656417839037509,0.94494293758306247,0.28022922659005728,0.94824832552561955,0.30205627664761808,0.93992279383897936,0.3599825752195524,0.90895204404310115,0.38019262581885083,0.88604170931984538,0.40850315348307853,0.86827134214644419,0.48119924409140863,0.84817776954079993,0.50095943394281317,0.85044713121195281,0.54591243548318258,0.81700343312805535,0.59877348584106127,0.77053145589565297
"LIRCMOP6_BC",1,80000,80100,393,187,"feasible_endpoint","AF_train",1,34,0.11768761039157775,1.1762286269644739,1.5320228123918307,0.45006099683312467,0.98062940341557936,0.062346255580635362,0.99294153631041271,0.097423824986936663,0.97457642188562343,0.16482948059321384,0.99973402530740962,0.21738026858468842,0.9629211987586217,0.25572992174882703,0.9613647849499275,0.3120870942415761,0.94698935418982155,0.34349041729090957,0.93397376587889491,0.38395981517100947,0.90034124390327308,0.43994323218902287,0.87732262847374531,0.47875637145640032,0.86547791850188016,0.50968164791945081,0.82509146324659544,0.56760837268603903,0.83830700883350351,0.59457493516043947,0.78300671641205355,0.66497277597555948,0.73295018157329117
"LIRCMOP6_BC",1,80000,80100,393,187,"infeasible_endpoint","AI_train",0,34,0.11768761039157775,1.2620480734226542,1.5181635039677737,0.47771498999939405,0.98033061630799334,0.06942450144008161,0.98820371843805987,0.10764806756708384,0.97016696472680708,0.17534955470075397,0.99357739051709082,0.23697411808323862,0.9505414186548149,0.27322454549078762,0.9488753761061387,0.32617565239442647,0.93625797741540506,0.36188085506029261,0.91390517013223471,0.39631487789417746,0.88758451997304189,0.53814159558646468,0.8599792899791423,0.50347726467038911,0.83444046001233485,0.52824074246795938,0.79328856047030527,0.58367244364888626,0.79825013992400184,0.61405777169125431,0.73527282067012589,0.67541638605874421,0.73812139510998731
"LIRCMOP6_BC",1,80000,80100,393,188,"feasible_endpoint","AF_train",1,44,0.11722632851458439,1.3007281467649499,1.3855354154607573,0.58614502319831008,0.97678482446461856,0.082478216627829851,0.97233624671146812,0.1440292545547372,0.96352533072696978,0.214238820679963,0.98183675203468868,0.27206299866606964,0.95329117317188916,0.3260030949244257,0.94505294319490429,0.39621185561900318,0.91575300490296307,0.44363773056924122,0.89382095774573256,0.48783051258484378,0.84259396107190221,0.55374936028915189,0.80815917830012918,0.5962384934526197,0.77550867238921273,0.65313886219280748,0.74059390054005281,0.70849207511821422,0.69483696412796214,0.72773337674204175,0.67096205149865618,0.7904638246587079,0.59528769513275992
"LIRCMOP6_BC",1,80000,80100,393,188,"infeasible_endpoint","AI_train",0,44,0.11722632851458439,1.2638585872219275,1.4546338703068968,0.52973374255284644,0.97097221449959092,0.069294433300748304,0.97717171006095616,0.12817640793969126,0.96092687506057983,0.19767889940006472,0.98209730847580468,0.25356244105915271,0.95186373305505467,0.29873583535983605,0.95294606130554915,0.36596918500117093,0.9288902568844204,0.40837249290409039,0.9139741801504051,0.44442641211107947,0.87559585981784216,0.50951105644666506,0.84489913543828421,0.55003435998905448,0.81619792732319441,0.59988056795930023,0.7939085332722513,0.66142369687672886,0.74272948494905378,0.65905354098234914,0.74128272388116767,0.75450965861828356,0.67343958414127214
"LIRCMOP6_BC",1,80000,80100,393,189,"feasible_endpoint","AF_train",1,37,0.20030684905534618,1.2061947246111995,1.4972294188645454,0.47581763652409048,0.98012496387605075,0.075379205629682255,1,0.10670114336020602,0.98055871899809399,0.19246786793782014,0.97083978928334935,0.21966939265121063,0.96928943855736938,0.25864619254098231,0.95676505358348851,0.32251017449603386,0.93263254046655575,0.3643023912489507,0.92774916584842448,0.42836560183953953,0.89255681488648864,0.46412944412442059,0.88581792861352104,0.49000152642423433,0.84249265776619553,0.55514199477922033,0.81050709488748096,0.60285351972530732,0.78108427094057464,0.63405997763147093,0.76573660041491542,0.68357486860814198,0.71342154125657209
"LIRCMOP6_BC",1,80000,80100,393,189,"infeasible_endpoint","AI_train",0,37,0.20030684905534618,1.3517052995136325,1.4969853173705059,0.57985994906568528,0.94891287884275533,0.092706590088628499,0.9868584207729223,0.13463676058198082,0.97382708850719091,0.23472667208430362,0.9595435225097213,0.26999848608245247,0.95647688281741639,0.31896158632005867,0.92770349147310438,0.38103714004132871,0.88798100521528567,0.43452547071029718,0.86474875273959106,0.4913224713566946,0.8280981388155515,0.52919454591213133,0.80006454681092276,0.5668514758339166,0.75002467552894947,0.60379594822645211,0.71068548065675075,0.67705390346042937,0.65851555140716345,0.6976854065765683,0.6291882019521029,0.72846996030633515,0.56347335595552472
"LIRCMOP6_BC",1,80000,80100,393,190,"feasible_endpoint","AF_train",1,58,0.21407853792927753,1.4417474608000176,1.1794611822760186,0.7326984491040367,0.98350580814888766,0.11791948141952645,0.99132558062455622,0.18366165515189115,0.97273331860521839,0.26371742774988116,0.9489471436135315,0.33154078829844813,0.92337906005208892,0.41658424882288492,0.89491221172093671,0.47839577998708438,0.86455120211463954,0.5385600347549464,0.81975993538215142,0.61098362514310678,0.76491790546686445,0.66292775749090238,0.71193773274297767,0.72094146765992795,0.66059946041445838,0.77587557114172911,0.5930846327292546,0.82202939080437309,0.52248335857727535,0.85207190702304403,0.47894454820036014,0.8916395153668224,0.39610022001195466
"LIRCMOP6_BC",1,80000,80100,393,190,"infeasible_endpoint","AI_train",0,58,0.21407853792927753,1.5889246641593526,1.1361759568253578,0.80933183501884665,0.98686945092449996,0.13451215301382258,0.99483898427568851,0.20273707917513734,0.98048418989160047,0.29609618215233069,0.93689312940342306,0.36274881083843713,0.92310410658716491,0.52742814259764992,0.87698120362865817,0.52578239764705703,0.83304721758875355,0.58891047567090249,0.79067401096170942,0.66941048853156127,0.72463435372076868,0.71794276336127461,0.66336528452125443,0.78897655656073029,0.68144100568283195,0.83883484064466673,0.52795198200843019,0.88752921473496715,0.44493792195471121,0.92177242948685478,0.39702724053325061,0.9598584375346183,0.29994179785330877
"LIRCMOP6_BC",1,80000,80100,393,191,"feasible_endpoint","AF_train",1,53,0.51547935477156559,1.3865587908217165,1.263818784018234,0.67502201166956466,0.97401730893249716,0.10039961814350762,0.99410499707032751,0.17047157018160547,0.97093153116050401,0.23878650347838115,0.95186543742315766,0.31765027671409146,0.94323306903201765,0.36665821314862962,0.91014150059810062,0.44537765092746012,0.87203171702813287,0.49462041435082638,0.8574068366605605,0.57690958406269088,0.79905576564642222,0.62316983316617836,0.7556133454200199,0.6783581846333584,0.70352289042595106,0.72547201775543846,0.65146320747022157,0.77457084160087009,0.60655586394222782,0.81761953534290133,0.56058796414019596,0.86088573280695047,0.48045426675373848
"LIRCMOP6_BC",1,80000,80100,393,191,"infeasible_endpoint","AI_train",0,53,0.51547935477156559,1.3661407836165957,1.5860606708064491,0.47818214480789728,0.96462687702583838,0.055101502995732923,0.99087402731640883,0.11387321366088832,0.98166635654136292,0.16257312819533554,0.99067847965067712,0.24302970260152676,0.97926743081780498,0.25315039573999865,0.97486673589926298,0.3349760022985715,0.94598778622795998,0.37550573482545485,0.95820210185318899,0.43862619957121107,0.92069669734544068,0.48749060771191777,0.9026223190524294,0.5326819850650788,0.87477206370560812,0.56922841908069488,0.84875684717554678,0.6338070819668804,0.83704638084334415,0.68430010873090108,0.82167958254821205,0.7517028096417363,0.75163299069780998
"LIRCMOP6_BC",1,80000,80100,393,192,"feasible_endpoint","AF_train",1,36,0.14321441838844748,1.191026840368131,1.4999184659193601,0.47438109028523956,0.98089009785076864,0.065359036412120486,0.98219442987164651,0.11996652841022726,0.97530440487081738,0.15792691916310986,0.9789097010754968,0.231712070089102,0.96046403858999174,0.27547535334371387,0.95729742573471455,0.31355816568485045,0.92903499951141499,0.36368376499324867,0.92265345514487784,0.41197660502207223,0.89864636778458973,0.46386306491736318,0.86761771499555462,0.48000677510471856,0.85018055291985095,0.55355126229021034,0.81005773151648153,0.58252227049862659,0.80693856172595635,0.61619578512284212,0.76067227706942964,0.66203627992918879,0.71340663977155483
"LIRCMOP6_BC",1,80000,80100,393,192,"infeasible_endpoint","AI_train",0,36,0.14321441838844748,1.284351347793717,1.4571934378756792,0.54553435786665183,0.97739798198266881,0.079744069404013115,0.98037090297345375,0.14182906780159105,0.965948360688476,0.18094012943780993,0.9707985485439109,0.25794836221148204,0.94455639195288343,0.31463801998618524,0.93869079578869452,0.35410534395244714,0.91121117537309193,0.41783813188511276,0.90046695680480959,0.46585982211719412,0.86425995549660461,0.51801142951077495,0.81942385612898216,0.53817523090330366,0.79463235456223036,0.61794351349788856,0.74612983417114365,0.63758217595337463,0.74494290617528103,0.66477526638341999,0.66777135643196095,0.70947729659752135,0.62078154873465596
"LIRCMOP6_BC",1,80000,80100,393,193,"feasible_endpoint","AF_train",1,42,0.2163351387470932,1.276061642929154,1.4078480219554497,0.56285232838407473,0.97497547922891226,0.082815171053649272,0.98498510726557387,0.13280030605239795,0.96086743672038011,0.20647816897523802,0.97363345281518898,0.27298733586062868,0.95277735044827416,0.31210110949695535,0.93928390968894226,0.38014416648927996,0.91052146812850343,0.42356766613494801,0.89700292169671891,0.48582913031768288,0.86685260599837788,0.53095194829285153,0.82894845655883631,0.5805735663329088,0.78046049947609886,0.61969440811321086,0.74811019790236966,0.66686073295064063,0.72141529395151482,0.70057613920501627,0.68127675441615931,0.75619996474758844,0.62010838040626393
"LIRCMOP6_BC",1,80000,80100,393,193,"infeasible_endpoint","AI_train",0,42,0.2163351387470932,1.4161285103783365,1.3459666785496325,0.67453985360792768,0.98119498136658534,0.10543656937735549,0.99074720827619456,0.16552750585736445,0.95737683192085465,0.24263716073630354,0.95105439352582333,0.32608852024120727,0.93887566305354042,0.38114451866216653,0.90838386186634157,0.44237822336315008,0.8697630267322165,0.49541363876246913,0.84378917382743746,0.57770004843239808,0.80338683493909491,0.61494178808604327,0.7495288578218513,0.67804183819045649,0.68966940822065459,0.70709343961300486,0.6404071518603387,0.74587134126044263,0.68806349172403447,0.78233962421832759,0.57072312341682918,0.82588819336225938,0.46627334930420372
"LIRCMOP6_BC",1,80000,80100,393,194,"feasible_endpoint","AF_train",1,69,0.24395409630440118,1.5375005225778628,1.0389265753766146,0.81993542189462909,0.98805343359873521,0.12535827694012122,0.98518140581044755,0.20722837261538682,0.960628105548892,0.30135314898196819,0.92849668588305956,0.37174678636917924,0.91182423050634465,0.4654627831194541,0.8664440942468925,0.52574719837194761,0.82525901640192745,0.58717825818214975,0.77066143907046714,0.66261000359894706,0.71723788102430786,0.71723940217889681,0.64390162866783707,0.78544421042835477,0.57932475701111852,0.83348110837823386,0.51217987447560354,0.8740780253030388,0.43385902880238347,0.89894609617826093,0.36775014746210966,0.92953404662632533,0.27488478155703999
"LIRCMOP6_BC",1,80000,80100,393,194,"infeasible_endpoint","AI_train",0,69,0.24395409630440118,1.7127418148825138,1.0221207368113738,0.93119743217551054,0.98139232751249383,0.14695918687727003,0.98635155868536439,0.24033436162104255,0.95453190958754297,0.33533272077884724,0.91348321571118074,0.42392801041962624,0.89780152764237164,0.5188112932403447,0.84331057909223528,0.59225655175851344,0.80010095383641366,0.66492781912446541,0.7349547810128978,0.75290271948771181,0.6710265101852888,0.81679234104321419,0.58895613458845597,0.88266082363238019,0.51690757375862506,0.94985281851031245,0.43769952997210687,0.98922665925419617,0.35052838500758532,1,0.26896319983694378,1,0.1711746256989673
"LIRCMOP6_BC",1,80000,80100,393,195,"feasible_endpoint","AF_train",1,37,0.31935896368418087,1.2061947246111995,1.4972294188645454,0.47581763652409048,0.98012496387605075,0.075379205629682255,1,0.10670114336020602,0.98055871899809399,0.19246786793782014,0.97083978928334935,0.21966939265121063,0.96928943855736938,0.25864619254098231,0.95676505358348851,0.32251017449603386,0.93263254046655575,0.3643023912489507,0.92774916584842448,0.42836560183953953,0.89255681488648864,0.46412944412442059,0.88581792861352104,0.49000152642423433,0.84249265776619553,0.55514199477922033,0.81050709488748096,0.60285351972530732,0.78108427094057464,0.63405997763147093,0.76573660041491542,0.68357486860814198,0.71342154125657209
"LIRCMOP6_BC",1,80000,80100,393,195,"infeasible_endpoint","AI_train",0,37,0.31935896368418087,1.1202306875970192,1.6839419433921408,0.27297692038872057,0.98671095170858125,0.047190103642780507,1,0.058363811334871341,0.95686196557763969,0.12440649520885581,0.97861182135874358,0.12921806031226019,0.99009668074399693,0.14296275318209911,0.98224489983542895,0.19482270663148235,0.97190876816909999,0.22091177355142025,0.94925059623522789,0.26517216697404261,0.97185002486214211,0.28568593746207743,0.97472666810439046,0.28908144769188121,0.99537800313245928,0.40028549960713022,0.93351615616170447,0.38984252346990589,0.91816669263445982,0.4146422934214179,0.91877796363140696,0.45746005845700266,0.89695591480345271
"LIRCMOP6_BC",1,80000,80100,393,196,"feasible_endpoint","AF_train",1,97,0.14885171626751043,1.7274730012694999,0.74503903963962692,0.98362524683456898,0.98879248157356658,0.16807856706730817,0.97167399496918638,0.26023129119970939,0.95445416471179212,0.36264894721841712,0.91447907332609457,0.46118217468875927,0.86298784687324837,0.56975696459185121,0.8122343571936983,0.62065160890361548,0.74418883022964322,0.68587424440493594,0.66946944067332514,0.77487440520062167,0.60604691730966687,0.82631577535192713,0.50272664370554054,0.91290056157488086,0.42043087051735512,0.95165600883485735,0.33967282031103674,0.96611734519874304,0.2320393134729539,0.99605039144649921,0.1272653507395789,0.98125460777988049,0.033785881825258934
"LIRCMOP6_BC",1,80000,80100,393,196,"infeasible_endpoint","AI_train",0,97,0.14885171626751043,2.0509438180340767,0.7441768302255416,1,0.99663620694223543,0.15133615342121659,0.96102078749418229,0.27991652141860712,0.93628221623620034,0.3766734865859559,0.90354055659909827,0.47387023808325901,0.86998359214511811,0.60588451586001735,0.81331624510016121,0.64363282258101617,0.76213891058365968,0.72379322696427129,0.65592610435640619,0.80822402154862449,0.59536286073091205,0.97335960303687219,0.46137212478939271,0.9562418716283857,0.39156039122077818,1,0.30695146826327463,1,0.19453807397526895,1,0.078085118219530014,1,0
"LIRCMOP6_BC",1,80000,80100,393,197,"feasible_endpoint","AF_train",1,97,0.14885171626751043,1.7274730012694999,0.74503903963962692,0.98362524683456898,0.98879248157356658,0.16807856706730817,0.97167399496918638,0.26023129119970939,0.95445416471179212,0.36264894721841712,0.91447907332609457,0.46118217468875927,0.86298784687324837,0.56975696459185121,0.8122343571936983,0.62065160890361548,0.74418883022964322,0.68587424440493594,0.66946944067332514,0.77487440520062167,0.60604691730966687,0.82631577535192713,0.50272664370554054,0.91290056157488086,0.42043087051735512,0.95165600883485735,0.33967282031103674,0.96611734519874304,0.2320393134729539,0.99605039144649921,0.1272653507395789,0.98125460777988049,0.033785881825258934
"LIRCMOP6_BC",1,80000,80100,393,197,"infeasible_endpoint","AI_train",0,97,0.14885171626751043,2.0509438180340767,0.7441768302255416,1,0.99663620694223543,0.15133615342121659,0.96102078749418229,0.27991652141860712,0.93628221623620034,0.3766734865859559,0.90354055659909827,0.47387023808325901,0.86998359214511811,0.60588451586001735,0.81331624510016121,0.64363282258101617,0.76213891058365968,0.72379322696427129,0.65592610435640619,0.80822402154862449,0.59536286073091205,0.97335960303687219,0.46137212478939271,0.9562418716283857,0.39156039122077818,1,0.30695146826327463,1,0.19453807397526895,1,0.078085118219530014,1,0
"LIRCMOP6_BC",1,80000,80100,393,198,"feasible_endpoint","AF_train",1,38,0.029214515200920547,1.2182748752975021,1.4791949739304373,0.49415708093344268,0.97758798866330254,0.069440042587902678,0.99297319269773543,0.11316457808038723,0.96217808407721106,0.17588654824419497,0.97921292622267841,0.23305872721671084,0.9543862656790687,0.27202056277719633,0.95087403423225925,0.33978890433220627,0.9381140251367025,0.3808711779131827,0.92090665953119344,0.43337576098093994,0.88758919108138468,0.48210576866667931,0.8728093938256416,0.52256663487048527,0.8349408108865185,0.57145872797793662,0.80052736962403626,0.62137450814198236,0.78185832016516821,0.65200910384298971,0.75686981096915262,0.70615378000592255,0.70202380492942029
"LIRCMOP6_BC",1,80000,80100,393,198,"infeasible_endpoint","AI_train",0,38,0.029214515200920547,1.242780473363317,1.4754098495337726,0.52963939766237367,0.98235146727826961,0.077029297935411911,0.99698370158241778,0.12840698606643955,0.95701182526441086,0.18704374957830111,0.96338413577463633,0.25574667492283543,0.94632603302765972,0.29602881042289475,0.93831900165817395,0.3578896885886802,0.92860979643388997,0.39796842199995797,0.89822037180470482,0.45817489380100734,0.85202702176439338,0.51514845753791982,0.84978372688155568,0.55964128584570516,0.79802852205286257,0.59795211169621365,0.75548114507656994,0.646568732617681,0.73365186434767637,0.6710928692968422,0.69760244196506316,0.71864506466759992,0.64555567216867082
"LIRCMOP6_BC",1,80000,80100,393,199,"feasible_endpoint","AF_train",1,43,0.080558849182802955,1.2847264086842629,1.3978296233929626,0.57197259888715735,0.97994410682866573,0.08391014589797742,0.9845266142596083,0.13788194439945167,0.9717967480366867,0.20522798309468909,0.96831533018239668,0.28068955510242488,0.95169661553786655,0.3201071326916945,0.93554039613218076,0.3836590033136878,0.91824973423728062,0.42966418949252955,0.8876892514951491,0.49208228472311216,0.84761525392873338,0.53678574955536185,0.82099022084355178,0.58402479368770022,0.77214488129796421,0.62557576230337109,0.73483280474468005,0.67777393823578358,0.6971137023408206,0.71216266612921253,0.66851394745079462,0.76260567503750143,0.60500614935458252
"LIRCMOP6_BC",1,80000,80100,393,199,"infeasible_endpoint","AI_train",0,43,0.080558849182802955,1.3417433826819831,1.3785980524754833,0.58367521603561168,0.98097695446218058,0.07941208055676667,0.9882303530057106,0.1386509642160145,0.97338479163616665,0.21023723202539446,0.9740635440647345,0.28176717361497261,0.95380258364001747,0.3336422714185594,0.94043293855512822,0.39619303734506855,0.92171382732400642,0.44099105822984985,0.8891090840332464,0.5035421414783654,0.84350620260123832,0.54863703605751246,0.81757582810191132,0.60423160757839656,0.77140561422743426,0.63834223709728044,0.73442946027311473,0.68909503063825039,0.69928422093145337,0.72618166000618145,0.66857978655275851,0.84157337915219854,0.59210392942091383
"LIRCMOP6_BC",1,80000,80100,393,200,"feasible_endpoint","AF_train",1,26,0.28905984622187753,1.0584425052088977,1.6299426087729212,0.33096549872285519,0.98208360828322883,0.045478676827444213,0.98822947564595542,0.077128965342640188,0.97837915925910801,0.10949882653413387,0.99061880384110712,0.17448603294968842,0.98699824092852595,0.18760125150097298,0.98578345932528111,0.22894706015151248,0.98748722089804508,0.26110918379192416,0.93331953419175906,0.30046746722130474,0.96479036991856304,0.34010988958718824,0.9295654070079078,0.35183580276363113,0.92556827311608147,0.40661960377294254,0.8928375248611593,0.43436770284151949,0.90389614171759658,0.46308722214002268,0.88149175448031825,0.50154944406666269,0.84002290091583132
"LIRCMOP6_BC",1,80000,80100,393,200,"infeasible_endpoint","AI_train",0,26,0.28905984622187753,1.2078768100672823,1.5028492937791667,0.49241497513953802,0.97392912148185506,0.075720169434045512,0.98919831842552086,0.11617551552319566,0.97229619080971785,0.17826364489923316,0.98170827049891241,0.24677459541654956,0.96835147412835687,0.28732813671883017,0.96906488090905551,0.33449801243893151,0.9138260204999451,0.3806336543368512,0.89106789706508294,0.42689854505892122,0.91312213144739607,0.48305523558526897,0.86057090777192025,0.51116988120685625,0.8352653602176362,0.56311739801657601,0.7950821354335087,0.60986580948341218,0.78924518572443814,0.62960126049535248,0.75575405445880428,0.68452633038468158,0.68833218864001133
"LIRCMOP6_BC",1,80000,80100,393,201,"feasible_endpoint","AF_train",1,76,0.42811686867019905,1.5870586600952323,0.96193101959463334,0.87031324756069262,0.98743093261901627,0.13339275324732006,0.98263774581840946,0.22748001367262885,0.95463327435721279,0.3079485575358758,0.91999233420104143,0.39483259981555496,0.90728578878349975,0.48727596902440851,0.84621694333830599,0.55348524217177109,0.80467706774252679,0.61333917492090118,0.76310183949127453,0.7098528675174296,0.69005729391898707,0.74796429689637844,0.59290695886017231,0.81848211506713286,0.53899422459161284,0.8782533426960667,0.46385897012886379,0.91438024579333788,0.37059598617235062,0.93158549228252152,0.29834598902797232,0.96176858899706374,0.20319934142816165
"LIRCMOP6_BC",1,80000,80100,393,201,"infeasible_endpoint","AI_train",0,76,0.42811686867019905,1.5410770199916479,1.2275626098889019,0.74964060659161769,0.98869170675462681,0.11195127012895596,0.98116179207806553,0.19184064955980762,0.95873700024264252,0.26678186341677956,0.94419260283575779,0.34257053779788715,0.92073430749916252,0.42354850149505097,0.87411172818254501,0.48037133206506633,0.84417065598684471,0.53236180087652252,0.80769073733628405,0.6116617064973785,0.74145034522259279,0.65266437180048875,0.66061336363194556,0.70656296370431848,0.62731970214010735,0.76606431691789167,0.55753129252474287,0.80477580820013084,0.49647789305183093,0.8175330173030162,0.42060333465618566,0.85940305491868452,0.34052744793194434
"LIRCMOP6_BC",1,80000,80100,393,202,"feasible_endpoint","AF_train",1,63,0.43594986409299735,1.4823946527421059,1.1266161257916161,0.76859137013873657,0.97985642806531303,0.11781746793395104,0.99135998181442253,0.1970286282409347,0.9614325182068747,0.26889694041169854,0.949006276198745,0.36091161532914529,0.91126112267960235,0.43390165186382307,0.88714419322289562,0.50443940273721766,0.84795928330096082,0.55479388726384227,0.80527761298338962,0.63738122093997374,0.74824302516939312,0.69251352341780659,0.67186596494577322,0.75055357263564337,0.62269288565474978,0.79765231220632449,0.5636517266867842,0.83863895701388591,0.49986420218292188,0.86988462042768488,0.43369372854257626,0.90750522504633324,0.34878917010126009
"LIRCMOP6_BC",1,80000,80100,393,202,"infeasible_endpoint","AI_train",0,63,0.43594986409299735,1.4042143950774471,1.3913965929517591,0.616277813066477,0.9765803705750653,0.08597540416222324,0.99228012169214574,0.24561408176316396,0.96661136690563765,0.21224584976365252,0.97134758246262565,0.29106743910903921,0.94514932591279877,0.33886429132083995,0.93347182112196148,0.41710959202949743,0.90737308265593652,0.4594447811624891,0.88646213456367207,0.52768264910316243,0.90614721523213093,0.58489544032327045,0.78710638365272478,0.62754955299391524,0.75302512552335754,0.67905091973401777,0.71096266897379878,0.73161631639612446,0.67009838309449088,0.76333195676133381,0.63637390574889485,0.82205120266365506,0.56086129052053191
"LIRCMOP6_BC",1,80000,80100,393,203,"feasible_endpoint","AF_train",1,80,0.62671048069688207,1.6136052610229057,0.91367214291068488,0.89740077065473467,0.98884519802578408,0.14999882440632295,0.98788269864989686,0.23212599138650772,0.95473926844611268,0.32260418443174194,0.92039195987343048,0.40763021682035799,0.91024730435117895,0.50736255710714429,0.8548427658379103,0.57387019476532619,0.79664306887776282,0.63571106581807668,0.7326073035070656,0.72596540183767599,0.67386291618491834,0.7782241298103233,0.57848001118660097,0.85287454647176419,0.51381823344705024,0.88060611389009202,0.4410057488177842,0.93294503001111861,0.34646832688672352,0.94681612744393262,0.26747277719383916,0.97403392228676056,0.16207904271773546
"LIRCMOP6_BC",1,80000,80100,393,203,"infeasible_endpoint","AI_train",0,80,0.62671048069688207,1.5898740802416742,1.3046875870143686,0.66197061084012465,0.98819164883733968,0.11069380232310165,0.99993607144929797,0.1621868492357737,0.96846260375763138,0.23575724997545597,0.95444805529348964,0.30803909547631925,0.94524022879241032,0.37882914025277753,0.915609837128191,0.43391728921370454,0.87902169368358907,0.48098742351759172,0.83717784458878441,0.6926669967896385,0.79630826316788816,0.60506718550157312,0.74381775472528155,0.66471245217609143,0.70191624048487533,0.6861089847917321,0.63959531664973102,0.74567829002850261,0.61196668055594716,0.76636487100146855,0.54198194374279263,0.82637605226410926,0.49700237201520503
"LIRCMOP6_BC",1,80000,80100,393,204,"feasible_endpoint","AF_train",1,45,0.027700678000831841,1.3106011783610167,1.3769629439450406,0.59576499239687841,0.97255220661892738,0.087017843472168843,0.97663288520110969,0.14627300989714706,0.96634381114202239,0.20661565343149163,0.97130201411899098,0.27916245358873831,0.92803387350125388,0.32678811460840163,0.92690762504259416,0.39231931923909419,0.91845310693113502,0.43687921240007577,0.88472649188741559,0.50375527744968873,0.85768341318983021,0.5629768157136581,0.80138032920563418,0.59989722091202147,0.76388709306635916,0.64092596257684442,0.72710739887084663,0.70195195040367242,0.70238736957938275,0.74642657035671389,0.63511433325802624,0.78746788927309419,0.58347337463690718
"LIRCMOP6_BC",1,80000,80100,393,204,"infeasible_endpoint","AI_train",0,45,0.027700678000831841,1.3338427613507067,1.3724044100908739,0.61635139254950644,0.96941773596661374,0.096742129105706245,0.96713193264027764,0.15362317488406743,0.96321399651102635,0.21688554678131527,0.9766804365430275,0.29089078650573053,0.92127432381393426,0.33619661476308671,0.92666340717698192,0.40977784608038154,0.91213747528694777,0.45697216743159924,0.86865038177150988,0.51816816609216421,0.85850154904363429,0.58508233932767406,0.77991020490408092,0.61993970286198818,0.73982466982616479,0.65451672223967083,0.71133410453174262,0.71869957948261021,0.66527357640064011,0.75571105117832005,0.6022572412991275,0.79339953725467094,0.54616537224362161
"LIRCMOP6_BC",1,80000,80100,393,205,"feasible_endpoint","AF_train",1,38,0.096069416010718778,1.2182748752975021,1.4791949739304373,0.49415708093344268,0.97758798866330254,0.069440042587902678,0.99297319269773543,0.11316457808038723,0.96217808407721106,0.17588654824419497,0.97921292622267841,0.23305872721671084,0.9543862656790687,0.27202056277719633,0.95087403423225925,0.33978890433220627,0.9381140251367025,0.3808711779131827,0.92090665953119344,0.43337576098093994,0.88758919108138468,0.48210576866667931,0.8728093938256416,0.52256663487048527,0.8349408108865185,0.57145872797793662,0.80052736962403626,0.62137450814198236,0.78185832016516821,0.65200910384298971,0.75686981096915262,0.70615378000592255,0.70202380492942029
"LIRCMOP6_BC",1,80000,80100,393,205,"infeasible_endpoint","AI_train",0,38,0.096069416010718778,1.286932822833954,1.4601126873886101,0.56265844296153045,0.97999284513819285,0.083558228798972498,0.99041630969253114,0.13108801848244281,0.95876185801050218,0.19674630953650088,0.96988992825526577,0.25530933147426094,0.93900455685335404,0.30934834409730372,0.93860914855306987,0.38284767083948645,0.91001538368232227,0.42991086074935297,0.88048795889755349,0.47839663445587172,0.84001525764483076,0.53566538642408457,0.81232044921176261,0.57533569701568976,0.76834911182296639,0.61952595078853223,0.7332134493138488,0.6679294971858234,0.68485005295505241,0.6872333498887413,0.65924437300592531,0.73253610514673828,0.59516251027391331
"LIRCMOP6_BC",1,80000,80100,393,206,"feasible_endpoint","AF_train",1,41,0.10756085063794442,1.2620202734796933,1.4198985563084487,0.54593070966546309,0.97790311767288862,0.088897042353752953,0.99116233593815983,0.1266026787313313,0.97450961368115596,0.2016986345225332,0.97363876093401014,0.26407022910130384,0.95313194726292449,0.30266903342735363,0.93702349465802204,0.37649612595620302,0.91857596635693328,0.41670205628789836,0.90277220462936991,0.48046633835584313,0.87016785748944603,0.51724580347876481,0.84500430533822812,0.56842477732858987,0.79900237717497802,0.61656325664549083,0.7595253970519682,0.65711583436715926,0.72346584914323997,0.70119765892897812,0.70151306761159471,0.72266494092312628,0.64531104362033287
"LIRCMOP6_BC",1,80000,80100,393,206,"infeasible_endpoint","AI_train",0,41,0.10756085063794442,1.3386639434239298,1.3994090078964485,0.60338907987694379,0.97517279901193432,0.093493870532380827,0.99111062052371079,0.13900275205582899,0.97168076361004552,0.21619067117336443,0.97850242129391352,0.29523779535390698,0.95112779641929623,0.33622349422917147,0.93801982957764929,0.40845013318779144,0.91381702430168987,0.4565443553069759,0.89103370537567317,0.53154399004774433,0.85263885688315932,0.57422617270221743,0.83255566701433004,0.63149594534523412,0.78321348010054126,0.6847938155911889,0.73653566744054166,0.72806685961018536,0.6947395251809183,0.77994368450608076,0.68235843685621012,0.80405960183090464,0.61412701772277112
"LIRCMOP6_BC",1,80000,80100,393,207,"feasible_endpoint","AF_train",1,58,0.23730668054326123,1.4400705452789708,1.1904140150155114,0.72616476784359452,0.9878257949559226,0.12026154803368247,0.97641718402967037,0.18420753116873154,0.97162827192842671,0.26000446622820406,0.96005033636404857,0.34174439512270077,0.93386937145649895,0.41633991387910657,0.91009553618191141,0.47715331984222464,0.861253450430568,0.53858832690312564,0.82469540545045172,0.61728212843709551,0.7715696980147595,0.6620090402069525,0.71469085258131559,0.72831281565320372,0.66371858549062246,0.76673016608931643,0.60821031686719151,0.81194082625014652,0.53244716672751702,0.84118516174902125,0.4878737399167043,0.88834441230831163,0.40092901416586091
"LIRCMOP6_BC",1,80000,80100,393,207,"infeasible_endpoint","AI_train",0,58,0.23730668054326123,1.3973899581192639,1.3362872080785571,0.67884089837525619,0.98294900227717674,0.11238077984051634,0.97248091469957887,0.17518506894376584,0.97275151564866102,0.24743716272456959,0.96916523840529134,0.32540126418755821,0.94409010238966551,0.38739233193576927,0.86602491332060694,0.44864940488758598,0.88448546260432404,0.51182906226854108,0.85229630005551849,0.58898760160823893,0.804428655520391,0.63395303555237081,0.75558203040869865,0.6954508451744037,0.70660135828509663,0.73434567319829513,0.65729516306077107,0.78348421014205316,0.52449167449034995,0.81584934584948565,0.55092807179904146,0.87171647157308807,0.46826244422301522
"LIRCMOP6_BC",1,80000,80100,393,208,"feasible_endpoint","AF_train",1,37,0.25856265392629141,1.2061947246111995,1.4972294188645454,0.47581763652409048,0.98012496387605075,0.075379205629682255,1,0.10670114336020602,0.98055871899809399,0.19246786793782014,0.97083978928334935,0.21966939265121063,0.96928943855736938,0.25864619254098231,0.95676505358348851,0.32251017449603386,0.93263254046655575,0.3643023912489507,0.92774916584842448,0.42836560183953953,0.89255681488648864,0.46412944412442059,0.88581792861352104,0.49000152642423433,0.84249265776619553,0.55514199477922033,0.81050709488748096,0.60285351972530732,0.78108427094057464,0.63405997763147093,0.76573660041491542,0.68357486860814198,0.71342154125657209
"LIRCMOP6_BC",1,80000,80100,393,208,"infeasible_endpoint","AI_train",0,37,0.25856265392629141,1.0993658619843603,1.6314906742655844,0.33946067407911762,0.98337143167751484,0.056692333275956019,0.99986872519401371,0.070052387962920237,0.98826347067995113,0.14623474457752106,0.97672517804378045,0.11810527197485174,0.98905741926237356,0.17725485418625131,0.97811634071613129,0.23783987804581536,0.96811504071084831,0.2643253381468319,0.94431223202144388,0.31598702519566119,0.94323363099419377,0.34260676308072158,0.93765721263796464,0.36101155008977648,0.90753358633671821,0.41081205197350179,0.88380242124438757,0.45429593304278104,0.86581344259522375,0.48281105627980792,0.86662742131472259,0.52132676163971592,0.82471266383092456
"LIRCMOP6_BC",1,80000,80100,393,209,"feasible_endpoint","AF_train",1,51,0.30390061386370049,1.3735782850984362,1.2974176929048142,0.65881000182988503,0.98640976274423386,0.1040788179271511,0.98070847446872422,0.1645398560926547,0.96752185662438084,0.22849464411190251,0.96362139468762087,0.31186332893531704,0.93925359524898333,0.37122910303313422,0.91823628021226078,0.43030447056166954,0.88664484140610511,0.48521649503563541,0.85501991861060578,0.55791137213704356,0.78932108490948827,0.60565734178660913,0.75750116896236352,0.66247093259508372,0.71115617135300191,0.70549005807263288,0.65922211575331313,0.75336952834420623,0.60234509148030102,0.78733517308026668,0.56194451611110752,0.82584956744437943,0.49031177608519971
"LIRCMOP6_BC",1,80000,80100,393,209,"infeasible_endpoint","AI_train",0,51,0.30390061386370049,1.2562331528953439,1.4592379805188269,0.51949060282150827,0.98129557307677118,0.075027607830994464,0.98034024114100871,0.12302491305316533,0.97268026656019679,0.16899909229408475,0.98868369299677905,0.25914865214176552,0.95498811076848522,0.29028813151274713,0.95592503926219652,0.34152516400488331,0.94318929910521321,0.39156172469279232,0.92808441734506064,0.45782043873849892,0.86326522758840607,0.50406410975948801,0.86232899912718564,0.54743878675565549,0.82842081909017229,0.6032715901443384,0.78753917325675815,0.64521912329866193,0.76156406201957738,0.69269493477309119,0.73859739773575883,0.73726511906835657,0.68544474432091995
"LIRCMOP6_BC",1,80000,80100,393,210,"feasible_endpoint","AF_train",1,53,0.32545159854858002,1.3865587908217165,1.263818784018234,0.67502201166956466,0.97401730893249716,0.10039961814350762,0.99410499707032751,0.17047157018160547,0.97093153116050401,0.23878650347838115,0.95186543742315766,0.31765027671409146,0.94323306903201765,0.36665821314862962,0.91014150059810062,0.44537765092746012,0.87203171702813287,0.49462041435082638,0.8574068366605605,0.57690958406269088,0.79905576564642222,0.62316983316617836,0.7556133454200199,0.6783581846333584,0.70352289042595106,0.72547201775543846,0.65146320747022157,0.77457084160087009,0.60655586394222782,0.81761953534290133,0.56058796414019596,0.86088573280695047,0.48045426675373848
"LIRCMOP6_BC",1,80000,80100,393,210,"infeasible_endpoint","AI_train",0,53,0.32545159854858002,1.2790940056290729,1.446001781886225,0.55118462915838795,0.97912347708362979,0.082758946417742299,0.99556041018502095,0.14024896450844573,0.9672941049491588,0.18144756969992493,0.95661028940451864,0.26364213973572154,0.9544392953594838,0.29156623295802503,0.92981649338656958,0.35833541598815505,0.90943541165308361,0.41077630280020916,0.90029272059149679,0.48694673004768085,0.8566094035762013,0.51827263236352372,0.82700410624778742,0.54936076559584646,0.77962059474597845,0.61372430445237147,0.74288941705503531,0.65052695903810231,0.71537275993437222,0.69324976262667704,0.66931403891411501,0.72389125601173787,0.61906688146212629
"LIRCMOP6_BC",1,80000,80100,393,211,"feasible_endpoint","AF_train",1,74,0.43610366142579104,1.566057159761636,0.9849148599967591,0.85329349918455999,0.98570198612645277,0.1428340419301129,0.98553787586564723,0.21474670244551056,0.96963681307542571,0.31372730843132185,0.938530196727827,0.3894711180176792,0.91610805865363709,0.47868590685270346,0.8652864848741908,0.5527394669183473,0.80350819814865759,0.60997879709401714,0.75687746787793708,0.68755050208024504,0.70398511720455748,0.74463258913636643,0.62278181606360239,0.81923531398792282,0.55552315277525754,0.86644212075160043,0.47717779330253562,0.90409369054350852,0.39573995450224603,0.93149923819250624,0.32733887346753454,0.95965593936535165,0.22555043501939132
"LIRCMOP6_BC",1,80000,80100,393,211,"infeasible_endpoint","AI_train",0,74,0.43610366142579104,1.5451798509060746,1.2579226351097699,0.75677098925702913,0.98694990433738194,0.12983587413494888,0.98506298035661111,0.18587150832851532,0.97133363349320379,0.28262657954305204,0.94984766027152867,0.35234244262795011,0.93011788616135838,0.42454194668293216,0.88582919904770963,0.49587065050395246,0.82532462970461284,0.54362725973617021,0.76890542430443787,0.61124890122728914,0.74988304801514882,0.66230624082263878,0.66916746398469718,0.7328934407563652,0.60960491205938194,0.76946184898799097,0.53881880980500951,0.80585099575278241,0.4662932251717839,0.82935106559010574,0.41313383541238347,0.85456789555610391,0.31845079412093313
"LIRCMOP6_BC",1,80000,80100,393,212,"feasible_endpoint","AF_train",1,81,0.30922961176807706,1.6218695905769627,0.90028263301393763,0.90665377309278505,0.98857253718645333,0.14238640898782318,0.98664173478507555,0.23438504861445836,0.95595114706841811,0.3184273547523826,0.91413138982727515,0.40657601917513897,0.89341457689346915,0.51112150991106353,0.84177550386282174,0.57502270228803543,0.79075751307061337,0.63862311669079241,0.74298622042407048,0.72845574406683622,0.68063113434085198,0.7773144017123238,0.56647447973039355,0.85070475370361232,0.50333054204143945,0.89946214711786376,0.42662325941281209,0.93377902829766679,0.33796629199360018,0.95352183707312355,0.24353307962605503,0.97643875786371293,0.15261319832744419
"LIRCMOP6_BC",1,80000,80100,393,212,"infeasible_endpoint","AI_train",0,81,0.30922961176807706,1.9202245352541802,0.85011089273120155,1,0.99375656310549565,0.16826689279059059,0.98044226414064362,0.27956360653338447,0.93878048540606329,0.3753618879424313,0.8845558773634622,0.48016234482304487,0.86928288869989412,0.59809475319104755,0.797231512589333,0.65860704424942229,0.72834877751068794,0.72934052781307412,0.65445663106636653,0.82320888159268657,0.58021746694089349,0.88159060723935767,0.44795611667927093,0.96852299345253978,0.36346108599679733,1,0.27450567005312626,1,0.15848217830377134,1,0.036797637459963867,1,0
"LIRCMOP6_BC",1,80000,80100,393,213,"feasible_endpoint","AF_train",1,43,0.13033234360869922,1.2847264086842629,1.3978296233929626,0.57197259888715735,0.97994410682866573,0.08391014589797742,0.9845266142596083,0.13788194439945167,0.9717967480366867,0.20522798309468909,0.96831533018239668,0.28068955510242488,0.95169661553786655,0.3201071326916945,0.93554039613218076,0.3836590033136878,0.91824973423728062,0.42966418949252955,0.8876892514951491,0.49208228472311216,0.84761525392873338,0.53678574955536185,0.82099022084355178,0.58402479368770022,0.77214488129796421,0.62557576230337109,0.73483280474468005,0.67777393823578358,0.6971137023408206,0.71216266612921253,0.66851394745079462,0.76260567503750143,0.60500614935458252
"LIRCMOP6_BC",1,80000,80100,393,213,"infeasible_endpoint","AI_train",0,43,0.13033234360869922,1.3793300075790742,1.3826317057170565,0.64261753755933249,0.97486705747463853,0.090383238794211729,0.9875681719481435,0.14988385365272497,0.97215361140263212,0.22380766550454545,0.96076060303040389,0.30769435246309551,0.95240172648398391,0.34884953945961072,0.9231298169006954,0.43489313385357486,0.90378536753411121,0.4830908569898727,0.88236969171946389,0.55425591524984519,0.82986513679165019,0.59607176546779006,0.80339257310269474,0.66435769479709295,0.75119385610748457,0.71233272581591944,0.71188645951291418,0.75829478909503623,0.6839922636768937,0.79968287509577785,0.64656065870745616,0.86481810670105952,0.56708888208057084
"LIRCMOP6_BC",1,80000,80100,393,214,"feasible_endpoint","AF_train",1,46,0.2945233932770413,1.3219421905267226,1.3555322248293358,0.61194770600359361,0.97500647427053722,0.092370758367635364,0.99537640946848127,0.14289672174575399,0.96373849629500064,0.22246386481969838,0.96815763109594699,0.28173196081817964,0.93729289486936107,0.34937360225189118,0.92920593534011919,0.40037088182212566,0.90583669048342375,0.45512690315687254,0.88204412220483241,0.51859892508907168,0.80907364447721641,0.57123792429318321,0.80055569685759709,0.61966911427862992,0.75300250809954017,0.67610875450455876,0.70681692173616983,0.72138580263644769,0.66708850085996318,0.75973707955845793,0.63594751611666711,0.80283973639556461,0.565399934039583
"LIRCMOP6_BC",1,80000,80100,393,214,"infeasible_endpoint","AI_train",0,46,0.2945233932770413,1.2097517275455107,1.5133448519266883,0.47572983173416211,0.96547015772679323,0.068123902808723519,0.99351246998102272,0.10938141071155263,0.97124664640845904,0.17396493113058722,0.97979533968617227,0.23146826387972078,0.94885744971194153,0.27565580595618694,0.95342527623001794,0.31967843597213125,0.93545781974820152,0.36556633697658036,0.93895157636595306,0.41922614910591072,0.88410785729839092,0.46397894082937197,0.89045594480491541,0.49603942605543827,0.84801523587828109,0.56240390543554941,0.82293246707378176,0.59790836078599985,0.80677285800538512,0.64933610596541436,0.79140444460355741,0.69256266349297246,0.7409275445846758
"LIRCMOP6_BC",1,80000,80100,393,215,"feasible_endpoint","AF_train",1,54,0.36582019009660516,1.3981505566110524,1.2475287837295446,0.68369433432648319,0.98520251403340275,0.10950388999660618,0.99801059987093788,0.1615849228078069,0.97359555551755694,0.24357709770452093,0.95599238140188381,0.31308964936021078,0.95340069345137635,0.37116550701828538,0.91335318631689832,0.45598256419143979,0.86926770991293645,0.50342802727362823,0.84658200939972494,0.57572325705517402,0.80138973856548124,0.62451439596231195,0.75395247632564322,0.69100352802967291,0.70707673853043773,0.72976240136904025,0.64635071973171909,0.78757737954723317,0.59510691279511296,0.82431429765071607,0.55146034284776269,0.87251448088693007,0.46891599448206511
"LIRCMOP6_BC",1,80000,80100,393,215,"infeasible_endpoint","AI_train",0,54,0.36582019009660516,1.2802482466652814,1.4530818242084427,0.53800835370056366,0.98942570192689061,0.084540001777244592,0.99292024345954832,0.12258110418885965,0.97589176652386311,0.17786782252537803,0.96403760053929433,0.24892858398895348,0.96949446859430444,0.28099315940110026,0.93225782375966726,0.35967261911993326,0.9100745750751944,0.39753847654789121,0.89762245488440495,0.46202209920041259,0.85771289623193803,0.49292662610015581,0.82716849791235747,0.55230951245033599,0.79569372306435338,0.59833340181298666,0.75538226796394703,0.61019531420172246,0.73181292476036264,0.66957358430806369,0.69028865985007215,0.71703027852512169,0.63029723794781833
"LIRCMOP6_BC",1,80000,80100,393,216,"feasible_endpoint","AF_train",1,56,0.38484623114076938,1.4155471363153549,1.217793890637255,0.70564203341120513,0.98342854086451137,0.11117847484742975,0.99413680060407317,0.17567566322927086,0.97474635112616159,0.24915790645505667,0.95342584950346376,0.3199769492993253,0.92579927562812037,0.4023132312744811,0.90345456873179397,0.46280990007039469,0.87873189750137193,0.52170635290161049,0.8350508820636855,0.59378613918749423,0.77973540860708312,0.64422198797186936,0.733162874815105,0.70009307545420796,0.68774214819715962,0.76055919739704714,0.6183616272315986,0.80484720595342496,0.55895437616368882,0.8358720157515318,0.51786220272527217,0.87981805148779624,0.43616616625484406
"LIRCMOP6_BC",1,80000,80100,393,216,"infeasible_endpoint","AI_train",0,56,0.38484623114076938,1.4066873999577296,1.4595726930156283,0.69262410211520664,0.98229840519954936,0.10608524217919779,0.98535481333543462,0.17340202564648458,0.96910997328631554,0.24520752483366576,0.963346503860115,0.30888730769667128,0.92683845481307436,0.39331149790251629,0.91306178374021174,0.45529983086135162,0.88870607265767076,0.5230894109885581,0.85802620439759603,0.57778083974082928,0.78577198450811614,0.63680575880185075,0.73999355712600567,0.68604707681490418,0.69952487499766525,0.7551803858503634,0.63687201056821996,0.79777032220646582,0.57610643933965933,0.8153947990349234,0.60161998082569834,0.86603122955028466,0.59225061948233482
"LIRCMOP6_BC",1,80000,80100,393,217,"feasible_endpoint","AF_train",1,47,0.56114772256891654,1.3296228616851744,1.3441837536950336,0.61218088579030705,0.97904509579454246,0.092664681964293782,0.9899002212487451,0.14857652972030977,0.97479808640666199,0.22213958392274485,0.9619954433213862,0.29424228187137763,0.95121281480198117,0.34400656166835536,0.92583851317806887,0.41123199403708932,0.89580465459036551,0.44087161439534606,0.87326396348458291,0.51984111147817358,0.83052080926983618,0.56858181862918922,0.79449781367832784,0.62433049073122726,0.75194321878820158,0.66389648528617506,0.70357313386681009,0.72264584261213238,0.66053283777602112,0.76868781017525856,0.63247753592121891,0.81803746853373105,0.5574685602465892
"LIRCMOP6_BC",1,80000,80100,393,217,"infeasible_endpoint","AI_train",0,47,0.56114772256891654,1.6666891582106511,1.1552833264208431,0.77181959613588436,0.98359654159237286,0.12518558138647243,0.99206315722119665,0.189213856702628,0.96668799393888571,0.28303201268845457,0.94267819077118187,0.36212185941786046,0.92926738959706034,0.56076388763482266,0.8894532376187595,0.5112388650129116,0.83637970552291196,0.54496733619723947,0.80022675125027098,0.63909099197779073,0.74577251635382391,0.68660682090799618,0.6865659057608966,0.76765959714801613,0.6272926460205116,0.78859309483645834,0.5158740633199973,0.85650962655525764,0.4888432186165359,0.89220419895330083,0.45018066374774035,0.93737019995550597,0.32023308854703292
"LIRCMOP6_BC",1,80000,80100,393,218,"feasible_endpoint","AF_train",1,51,0.46123175917042269,1.3735782850984362,1.2974176929048142,0.65881000182988503,0.98640976274423386,0.1040788179271511,0.98070847446872422,0.1645398560926547,0.96752185662438084,0.22849464411190251,0.96362139468762087,0.31186332893531704,0.93925359524898333,0.37122910303313422,0.91823628021226078,0.43030447056166954,0.88664484140610511,0.48521649503563541,0.85501991861060578,0.55791137213704356,0.78932108490948827,0.60565734178660913,0.75750116896236352,0.66247093259508372,0.71115617135300191,0.70549005807263288,0.65922211575331313,0.75336952834420623,0.60234509148030102,0.78733517308026668,0.56194451611110752,0.82584956744437943,0.49031177608519971
"LIRCMOP6_BC",1,80000,80100,393,218,"infeasible_endpoint","AI_train",0,51,0.46123175917042269,1.2298751291290053,1.5576344682738164,0.42889831460955086,0.9866988385306793,0.059138564231506457,0.98676857393330364,0.093759659202494475,0.97899385849409803,0.15078528734361477,1,0.20784839828642288,0.97062132158924141,0.24599901810840857,0.97770148337609242,0.29628770077968619,0.96210372311583348,0.3361982626266185,0.96399909554609076,0.38141760830926963,0.89932880344054855,0.43408940363610227,0.91526850240274205,0.47449671034551955,0.89645191804342095,0.51271376128361135,0.85736383029065522,0.5699049726793044,0.8589213291471981,0.60547637750233507,0.82733485639218374,0.67696478905782698,0.78625756485725562
"LIRCMOP6_BC",1,80000,80100,393,219,"feasible_endpoint","AF_train",1,37,0.082945564587150286,1.2061947246111995,1.4972294188645454,0.47581763652409048,0.98012496387605075,0.075379205629682255,1,0.10670114336020602,0.98055871899809399,0.19246786793782014,0.97083978928334935,0.21966939265121063,0.96928943855736938,0.25864619254098231,0.95676505358348851,0.32251017449603386,0.93263254046655575,0.3643023912489507,0.92774916584842448,0.42836560183953953,0.89255681488648864,0.46412944412442059,0.88581792861352104,0.49000152642423433,0.84249265776619553,0.55514199477922033,0.81050709488748096,0.60285351972530732,0.78108427094057464,0.63405997763147093,0.76573660041491542,0.68357486860814198,0.71342154125657209
"LIRCMOP6_BC",1,80000,80100,393,219,"infeasible_endpoint","AI_train",0,37,0.082945564587150286,1.2655173248723286,1.4792359271388582,0.49959838925096084,0.97776487410521884,0.070080174554263283,0.99656271031005372,0.10823359304397652,0.98846645708750547,0.20792568888309088,0.9748704896459659,0.22319840073100167,0.97600952926091411,0.27854089275444927,0.96415137045911703,0.33998081232756844,0.93031566972341173,0.38624864756474825,0.92708335973828138,0.44209233890436728,0.88935490515689586,0.49250549333829219,0.88370581262677095,0.52577006558980199,0.8489603368617813,0.58622090116305203,0.80090839325764795,0.64125224010238802,0.7842769858321772,0.66843359079016118,0.77287229436733229,0.73626389641638379,0.70369149584675073
"LIRCMOP6_BC",1,80000,80100,393,220,"feasible_endpoint","AF_train",1,34,0.1666485531390689,1.1762286269644739,1.5320228123918307,0.45006099683312467,0.98062940341557936,0.062346255580635362,0.99294153631041271,0.097423824986936663,0.97457642188562343,0.16482948059321384,0.99973402530740962,0.21738026858468842,0.9629211987586217,0.25572992174882703,0.9613647849499275,0.3120870942415761,0.94698935418982155,0.34349041729090957,0.93397376587889491,0.38395981517100947,0.90034124390327308,0.43994323218902287,0.87732262847374531,0.47875637145640032,0.86547791850188016,0.50968164791945081,0.82509146324659544,0.56760837268603903,0.83830700883350351,0.59457493516043947,0.78300671641205355,0.66497277597555948,0.73295018157329117
"LIRCMOP6_BC",1,80000,80100,393,220,"infeasible_endpoint","AI_train",0,34,0.1666485531390689,1.1030730778871853,1.6174713596104082,0.34564054977513015,0.9858324620368647,0.038105791606162467,0.9937600384535904,0.072276859937158142,0.97966429302384772,0.13246983585095595,1,0.1667216461039106,0.97683491965134583,0.21416095698906878,0.98769619789161434,0.24427084468059901,0.97680488513633024,0.26644412149088409,0.96622998877271615,0.29606874346759471,0.94441594497599768,0.3532787956844623,0.92332592071262043,0.37478240676606367,0.92663791644184568,0.39948270664734109,0.8876230591894142,0.46272856198942813,0.9137351614196384,0.48187416063874672,0.86609514672140264,0.55562745661417257,0.82191727828824446
"LIRCMOP6_BC",1,80000,80100,393,221,"feasible_endpoint","AF_train",1,24,0.28124157277138057,1.0273886386729978,1.6456385140750185,0.28445033674279124,0.98928363381726814,0.040606391125771787,0.98452562913856845,0.068102273386913159,0.97248320621861628,0.080897619214306382,0.98421327738941411,0.14211634554634112,0.98413898169002512,0.15778345970771532,0.97359141507553371,0.18529666356101127,0.99049469027448866,0.21414070198728113,0.98573389436839665,0.25857403380809207,0.94994221290480541,0.27993780364506382,0.9500067604176281,0.29949252321447173,0.94361324614015618,0.35922161935417962,0.92429978727163209,0.38179827884730028,0.93965849971524096,0.40918183478207981,0.90859265920360244,0.45870675239245096,0.89415740159644042
"LIRCMOP6_BC",1,80000,80100,393,221,"infeasible_endpoint","AI_train",0,24,0.28124157277138057,1.2293744698419107,1.6321014644818872,0.32001352006529343,0.98652298323158494,0.046916236681924878,0.9793217955350163,0.075596482035520357,0.97319325688526737,0.091560604767034454,0.98067962394081798,0.15422825439922216,0.97866792740133057,0.17587809184473535,0.96375574353591875,0.34854330952123763,0.98343302400537713,0.24758882653682163,0.97616656421521575,0.28688586853357878,0.94182817641670846,0.30702933204830973,0.9366759685458752,0.33972236851315346,0.92687916040510743,0.39660246771177909,0.91165693140994797,0.41598122843677748,0.93469995574904419,0.44180174784315973,0.88631861018047431,0.50444919168424507,0.86834131244640522
"LIRCMOP6_BC",1,80000,80100,393,222,"feasible_endpoint","AF_train",1,61,0.20966113775609252,1.4700964565948129,1.1444541214949941,0.75609748553531608,0.98153212803678525,0.12297677031990702,0.99356014669852077,0.18794534210526284,0.95814789181320847,0.26952551967481803,0.95144037111742752,0.35441175524044199,0.91807578714345239,0.42725643803514668,0.88958338161805806,0.49637024561568099,0.85981204640663755,0.55259213197517043,0.79753567878124942,0.61868040930971702,0.74698438519430843,0.68628529803612559,0.69868141566530628,0.75487140617604498,0.64539437464359661,0.7835760137505996,0.57509718219654204,0.84009692300280103,0.52993035503323593,0.86327897599238623,0.4470795594075555,0.90377853222135907,0.36809659177022569
"LIRCMOP6_BC",1,80000,80100,393,222,"infeasible_endpoint","AI_train",0,61,0.20966113775609252,1.434952363504995,1.2743409035314359,0.72116160822151743,0.98033450467760219,0.11285756057147213,0.9937682207760038,0.17741607560240941,0.961417531975997,0.25210997128068907,0.95784470627150509,0.32907525913223501,0.92683049462236722,0.40540527450346742,0.90095663639413037,0.47685739614737471,0.87477775555868442,0.53083398137728977,0.83494432272610442,0.60018931653296415,0.86259858120686039,0.66097307904950031,0.7188852986585984,0.7257291887227203,0.68096730696957408,0.76368638690687507,0.61675567045917012,0.82573840010874766,0.5828361026367419,0.84268185632854009,0.49658935216794836,0.89199791115321547,0.4220400392987772
"LIRCMOP6_BC",1,80000,80100,393,223,"feasible_endpoint","AF_train",1,26,0.28374231236194153,1.0584425052088977,1.6299426087729212,0.33096549872285519,0.98208360828322883,0.045478676827444213,0.98822947564595542,0.077128965342640188,0.97837915925910801,0.10949882653413387,0.99061880384110712,0.17448603294968842,0.98699824092852595,0.18760125150097298,0.98578345932528111,0.22894706015151248,0.98748722089804508,0.26110918379192416,0.93331953419175906,0.30046746722130474,0.96479036991856304,0.34010988958718824,0.9295654070079078,0.35183580276363113,0.92556827311608147,0.40661960377294254,0.8928375248611593,0.43436770284151949,0.90389614171759658,0.46308722214002268,0.88149175448031825,0.50154944406666269,0.84002290091583132
"LIRCMOP6_BC",1,80000,80100,393,223,"infeasible_endpoint","AI_train",0,26,0.28374231236194153,1.2351083241640866,1.5398250310636308,0.460916549403521,0.97697404309544011,0.062254523042257037,0.99127392961908267,0.10340511725082438,0.97323792158117828,0.16887690957521403,0.99081309380198301,0.22431166956191387,0.97938824851743611,0.25667267956518064,0.97234297454748386,0.3266641786093622,0.96691802334359966,0.36328818587473222,0.89894695113518075,0.4076530069860137,0.92914275396392454,0.46306564738274769,0.88431514258622723,0.48655052532702159,0.87279073435414745,0.54798107041284005,0.82283491609967174,0.58581728256463861,0.83691630433466457,0.61497514442506929,0.80277136851566855,0.71188188967326438,0.73543634374799194
"LIRCMOP6_BC",1,80000,80100,393,224,"feasible_endpoint","AF_train",1,52,0.22647338301088635,1.3757103136762514,1.2737269305204824,0.66472727599833159,0.98062732418531562,0.10464924859883039,0.99729121096161943,0.15942645885513107,0.9754527351602581,0.24003821562418884,0.95300149666964717,0.30719083957122162,0.94527745432504262,0.36779324970546223,0.91276954932871535,0.44276184015528275,0.87780709238686228,0.49142824117220535,0.85473573358988375,0.56197360636346549,0.81027194380972289,0.60976404522886885,0.7670420653507084,0.6692929643642378,0.71524764361948978,0.71498687881462786,0.66065291100572598,0.7702190425476777,0.60749119339611157,0.80979546796577284,0.57394201126883038,0.85804029592466025,0.49369394139905487
"LIRCMOP6_BC",1,80000,80100,393,224,"infeasible_endpoint","AI_train",0,52,0.22647338301088635,1.3477901723704082,1.4155276243105412,0.57648460990535932,0.97846409703517789,0.087721706602433128,0.99742442226372652,0.13270215652793321,0.99368958818861697,0.20501606226131316,0.97402942843227391,0.2757855471608241,0.95899083392733142,0.3236890151884283,0.98389683789122395,0.39173337179123807,0.91314079111543078,0.435662152476753,0.89832241453274619,0.50295424266940181,0.86480876407606821,0.55243711408656881,0.83393832748450891,0.606434717313308,0.79430398139201219,0.65808261499034415,0.74352642756847453,0.71616398931086511,0.71781545672624159,0.7651131215262621,0.69090896810798885,0.821835139143271,0.62138523336950258
"LIRCMOP6_BC",1,80000,80100,393,225,"feasible_endpoint","AF_train",1,42,0.33396999351758844,1.276061642929154,1.4078480219554497,0.56285232838407473,0.97497547922891226,0.082815171053649272,0.98498510726557387,0.13280030605239795,0.96086743672038011,0.20647816897523802,0.97363345281518898,0.27298733586062868,0.95277735044827416,0.31210110949695535,0.93928390968894226,0.38014416648927996,0.91052146812850343,0.42356766613494801,0.89700292169671891,0.48582913031768288,0.86685260599837788,0.53095194829285153,0.82894845655883631,0.5805735663329088,0.78046049947609886,0.61969440811321086,0.74811019790236966,0.66686073295064063,0.72141529395151482,0.70057613920501627,0.68127675441615931,0.75619996474758844,0.62010838040626393
"LIRCMOP6_BC",1,80000,80100,393,225,"infeasible_endpoint","AI_train",0,42,0.33396999351758844,1.5058370901956248,1.3477848078454908,0.74075813680715941,0.96560935612254606,0.11515799986951036,0.98177783901290716,0.17858320815532797,0.97107608090954289,0.27531172956846411,0.96355720012489521,0.3483634571915446,0.92175884517459494,0.41917149727053571,0.91637718894954268,0.49178269515160611,0.8758244165456015,0.54974790981243893,0.84861306966539107,0.62122328172130226,0.79566809754358758,0.68990972800133554,0.74616989364624775,0.74956947206569025,0.68187088337278379,0.78680797958866111,0.63985340895895748,0.85990444831904922,0.59725037577229034,0.89001539313619493,0.53245784381557881,0.95481081332836015,0.45010016524576557
"LIRCMOP6_BC",1,80000,80100,393,226,"feasible_endpoint","AF_train",1,41,0.339928346869732,1.2620202734796933,1.4198985563084487,0.54593070966546309,0.97790311767288862,0.088897042353752953,0.99116233593815983,0.1266026787313313,0.97450961368115596,0.2016986345225332,0.97363876093401014,0.26407022910130384,0.95313194726292449,0.30266903342735363,0.93702349465802204,0.37649612595620302,0.91857596635693328,0.41670205628789836,0.90277220462936991,0.48046633835584313,0.87016785748944603,0.51724580347876481,0.84500430533822812,0.56842477732858987,0.79900237717497802,0.61656325664549083,0.7595253970519682,0.65711583436715926,0.72346584914323997,0.70119765892897812,0.70151306761159471,0.72266494092312628,0.64531104362033287
"LIRCMOP6_BC",1,80000,80100,393,226,"infeasible_endpoint","AI_train",0,41,0.339928346869732,1.4711752717540734,1.3096949340445019,0.72229512746727709,0.97946257054797559,0.088240997409217689,0.99605289805065111,0.16883065746391465,0.97211781181038037,0.2687377701077267,0.95632554971439854,0.33337203730656501,0.93633317352434964,0.39445116118600981,0.90080835815383065,0.49001387797616669,0.85946621086437891,0.53786147802875039,0.85940344223335285,0.61809423327277779,0.78846754181290513,0.65944805666632667,0.80573828251514212,0.73800863996161081,0.68975660988215615,0.77813465544353966,0.63628199448724809,0.83372067272001615,0.56907123468199816,0.88181119668432484,0.53649736179531693,0.90814745933325991,0.45975759040344977
"LIRCMOP6_BC",1,80000,80100,393,227,"feasible_endpoint","AF_train",1,38,0.051235496694777456,1.2200063440295295,1.4650067280432126,0.50836341345822589,0.97321096546986174,0.071865763377514658,0.98437071958321676,0.12581566859078663,0.97530113495462056,0.18284259328263935,0.97589832709978497,0.25202767683091698,0.95606646971788423,0.28816061055871689,0.94857116549403397,0.34331470754587301,0.94094850688952114,0.38866130905807905,0.91130835563687707,0.44230110464748879,0.8921961963147873,0.490923412785635,0.85690702418137032,0.52035694470513394,0.8221987787674031,0.57895929234930044,0.78763437484221099,0.61665097979156247,0.77507604108620887,0.65526816803121668,0.73610751433757082,0.70444521141540117,0.68077838418512693
"LIRCMOP6_BC",1,80000,80100,393,227,"infeasible_endpoint","AI_train",0,38,0.051235496694777456,1.2597169279744049,1.4584457019333592,0.53912997469094837,0.97402373107095852,0.074836266729028655,0.98626648918709225,0.13279575352780273,0.98237340331816525,0.20023889751857732,0.97917647589872647,0.26001303918159008,0.95454302351409281,0.32643301682746367,0.95769316287711614,0.36362656969223728,0.94411014329963283,0.41555851484702544,0.89005012345672441,0.46206023590110734,0.88981027983214056,0.52122113888029431,0.88434040126249325,0.55444740139125248,0.8127851766573182,0.60952824605433076,0.77508197689497793,0.65899663221846339,0.76444288210135158,0.68534689389835624,0.72346930002845333,0.75207046409267653,0.64985472892062157
"LIRCMOP6_BC",1,80000,80100,393,228,"feasible_endpoint","AF_train",1,31,0.050445697246509207,1.1289913693828726,1.5633190716896084,0.39912364743520706,0.9808068558626446,0.057331547709768088,0.97689371119143442,0.092210005203069406,0.97670828141723409,0.11780037974529636,0.98872063446515002,0.20785714876632241,0.96838040949879223,0.21741192122627953,0.96350130320168748,0.27344029468860476,0.9646432230323575,0.30820113687456574,0.952598380886019,0.35817563814436865,0.9290515473052936,0.38629444768479171,0.91439429010668227,0.42757212395885358,0.88658550593390406,0.47452186626083231,0.87239281542690006,0.50089017707423378,0.87170137549600979,0.54143215968584057,0.84400390731909924,0.59368881704170073,0.80541349618774327
"LIRCMOP6_BC",1,80000,80100,393,228,"infeasible_endpoint","AI_train",0,31,0.050445697246509207,1.1192207677341015,1.5972277946625271,0.37445763765628359,0.98263560786762383,0.042548041912056217,0.96465028141566378,0.089114989693079294,0.9685904713529716,0.092727833234352325,0.99797203242130295,0.19991875793184918,0.97126122059652653,0.19738483438036433,0.96244755135895033,0.26052514082189693,0.97411769915302293,0.28881366398061525,0.95818264197396363,0.33258478636463656,0.93343176622686552,0.36066003073536579,0.91550556026586372,0.40734116450107027,0.90184163989638544,0.44776023131883658,0.88818373490372793,0.47471680289665763,0.89545930618836711,0.51043447570042488,0.86353688049686794,0.55848158364997302,0.82941612025086486
"LIRCMOP6_BC",1,80000,80100,393,229,"feasible_endpoint","AF_train",1,44,0.10281805120030056,1.2968895408243917,1.3924055169018366,0.58069135039046649,0.98987221815431659,0.089817546975382689,0.98264780409830021,0.14133147418715081,0.9686526010931743,0.19314627595267003,0.9714663127540617,0.28006780597077341,0.94069855829760618,0.32607387569516699,0.93301446018121115,0.38069702359260266,0.91745317986787678,0.42058884429130916,0.88965558251940258,0.49088297547322313,0.82656137788076645,0.54454310755988855,0.80995263593700395,0.59217864147363952,0.77451084164066286,0.6441213054696604,0.72632551848102178,0.69442642796395093,0.68873349509698722,0.73796037193400532,0.65899819036232865,0.77495940918555073,0.59788459901391544
"LIRCMOP6_BC",1,80000,80100,393,229,"infeasible_endpoint","AI_train",0,44,0.10281805120030056,1.2574496094510734,1.4502193033667257,0.53717400446047436,0.99244696047788583,0.086099564263399181,0.99015525046551334,0.12828189284105485,0.97849824223203119,0.18614112543396111,0.97006948098814183,0.25340883436606437,0.94895460235215379,0.29934641721718047,0.94175503212848422,0.35188002759597958,0.92850871603690299,0.39095620684831051,0.90502870459525542,0.46215121123415148,0.83941348232482182,0.51113185547567308,0.83838737196434632,0.54689262151930229,0.8055269207857112,0.61184509880266513,0.75752396697357738,0.66242282135128427,0.71856798359151708,0.70470229114723271,0.70122811336170665,0.73864686111582745,0.64454117943906952
"LIRCMOP6_BC",1,80000,80100,393,230,"feasible_endpoint","AF_train",1,46,0.13951532689093293,1.3131993576647998,1.365254046212419,0.59879213522565611,0.97953094454461576,0.092803729948897323,0.98065543535779143,0.14570486127428944,0.97068590797512866,0.21756716161904585,0.97134392341970521,0.28976424904919618,0.95175019574994435,0.33429898513363948,0.93071841681937451,0.40087177495100523,0.90445333458637511,0.44830205769595466,0.87493525694689356,0.51175951672511022,0.8373924881443251,0.55805699940738451,0.8016019294355079,0.60929424806087729,0.75445681015140165,0.65145544944503708,0.71385221986328162,0.69771883998061834,0.67375183110279036,0.73336114677599951,0.63487086283655336,0.77650917443753509,0.57040844837781646
"LIRCMOP6_BC",1,80000,80100,393,230,"infeasible_endpoint","AI_train",0,46,0.13951532689093293,1.4041514164383844,1.3234867041946239,0.66400605628126841,0.98164877527793282,0.10558636073650873,0.97591408490656262,0.1633779887510487,0.96569195843955957,0.23629319113112143,0.90967661691909674,0.31573352672058624,0.93102009243474659,0.38075764112366528,0.91582652065287518,0.4385186385450851,0.89130847957017112,0.49183928044056091,0.84251093289632983,0.55170718266598984,0.80406730973748908,0.60470349382654687,0.75017140093205548,0.65880346003381929,0.74902129036912846,0.70189102946707194,0.65317274631469546,0.74405424317852198,0.60968658885717886,0.77190905384967801,0.54516407652230248,0.81197902389154231,0.48038462156893602
"LIRCMOP6_BC",1,80000,80100,393,231,"feasible_endpoint","AF_train",1,52,0.1614512150323586,1.3757103136762514,1.2737269305204824,0.66472727599833159,0.98062732418531562,0.10464924859883039,0.99729121096161943,0.15942645885513107,0.9754527351602581,0.24003821562418884,0.95300149666964717,0.30719083957122162,0.94527745432504262,0.36779324970546223,0.91276954932871535,0.44276184015528275,0.87780709238686228,0.49142824117220535,0.85473573358988375,0.56197360636346549,0.81027194380972289,0.60976404522886885,0.7670420653507084,0.6692929643642378,0.71524764361948978,0.71498687881462786,0.66065291100572598,0.7702190425476777,0.60749119339611157,0.80979546796577284,0.57394201126883038,0.85804029592466025,0.49369394139905487
"LIRCMOP6_BC",1,80000,80100,393,231,"infeasible_endpoint","AI_train",0,52,0.1614512150323586,1.3397768394422362,1.3724798659197366,0.61231955674434202,0.97469804518984038,0.08549839757158248,0.99602936051501723,0.14624974662221604,0.97742813330647271,0.20906843595341951,0.96860356407694681,0.29475901010059635,0.95844301547969868,0.33685823287388938,0.9360846295066434,0.41437090871292026,0.90187383142089161,0.46119331909631689,0.88397875069521925,0.52669386113508065,0.8546591179958889,0.57840760527714574,0.80412408478040032,0.63813600078743971,0.76769097148394871,0.67133495391694953,0.72541700973863532,0.7415059452322883,0.6780407795297051,0.7817032122761145,0.57012094653080658,0.81463794737094775,0.56845324937465969
"LIRCMOP6_BC",1,80000,80100,393,232,"feasible_endpoint","AF_train",1,59,0.33346561819274501,1.451122415332323,1.1741821629824927,0.74088612471930704,0.97869769865781919,0.1133509591542412,0.97637700914628645,0.1814596498442369,0.98108230833482835,0.26378379494114612,0.96709952108905761,0.35178534480336771,0.92682076661193213,0.41712172261477815,0.90406011714495582,0.48663436477724631,0.86121813430374428,0.53953811124178375,0.81135579153169979,0.61295595272628434,0.75788809212563257,0.67241479068874677,0.69210970068311928,0.72740837946357662,0.65327148340733954,0.77866007445283092,0.59547609199645857,0.83222111062116122,0.52801656981213352,0.86544559764350437,0.47654636867530864,0.89725089856814333,0.38373609564829708
"LIRCMOP6_BC",1,80000,80100,393,232,"infeasible_endpoint","AI_train",0,59,0.33346561819274501,1.6840360447616873,1.1256244335263879,0.87320164994365057,0.96620260988023876,0.12901631505061839,0.96814472474878044,0.21761077724078964,0.98281523288201245,0.31737141977533934,0.96370143228877714,0.41079269830096116,0.90168380752895261,0.49573634678442446,0.88400217745023035,0.57329666561397108,0.83138670720921237,0.63410332572352845,0.76921455223968827,0.709620685346529,0.72112221796248099,0.79093537338962783,0.61673265113168374,0.8602073306024528,0.57396653066709935,0.89557934626774571,0.50690977007498383,0.96092178747008372,0.4286741426544618,1,0.33586124951133894,1,0.24276132994302663
"LIRCMOP6_BC",1,80000,80100,393,233,"feasible_endpoint","AF_train",1,41,0.357007797281089,1.2552384143898649,1.434034490852405,0.5316857057987614,0.98471558407680204,0.081476995081836076,0.99096314643986039,0.12329025962412193,0.97692053100386722,0.17084253977883487,0.96412471967839641,0.24898600349246652,0.96407126865014692,0.28032558413897019,0.95272398055452323,0.35708570019779839,0.92605755499017373,0.39709457025026407,0.90589070667038274,0.46617161502299903,0.87834467280985251,0.49272302955107,0.84185371990242741,0.55510545704944358,0.80895992900968405,0.60498570451700495,0.77673541630401755,0.63345535770538186,0.7546481998001513,0.67784848176198498,0.72489530362311427,0.73211287116687584,0.657180657676669
"LIRCMOP6_BC",1,80000,80100,393,233,"infeasible_endpoint","AI_train",0,41,0.357007797281089,1.1072655496043924,1.6173738687858736,0.3840060654417623,0.98563624570293551,0.063245863222259543,0.98837990545596743,0.090027448833801649,0.96025328115330089,0.11754785212673163,0.96919373787930641,0.19476304762803867,0.9915931942000572,0.19712049794074127,0.97950416645253668,0.25738877898813683,0.95703300823616266,0.28984705243271747,0.9230185882529085,0.34622527838007228,0.93555054881846678,0.37011901033856265,0.90350184785397025,0.39741461104155629,0.88388926514299371,0.45333461158962918,0.85753409520467738,0.47831758534172619,0.84930853358317249,0.5135860408558991,0.8284991506476842,0.54929463062822781,0.78692242860211437
"LIRCMOP6_BC",1,80000,80100,393,234,"feasible_endpoint","AF_train",1,36,0.54468720857299069,1.191026840368131,1.4999184659193601,0.47438109028523956,0.98089009785076864,0.065359036412120486,0.98219442987164651,0.11996652841022726,0.97530440487081738,0.15792691916310986,0.9789097010754968,0.231712070089102,0.96046403858999174,0.27547535334371387,0.95729742573471455,0.31355816568485045,0.92903499951141499,0.36368376499324867,0.92265345514487784,0.41197660502207223,0.89864636778458973,0.46386306491736318,0.86761771499555462,0.48000677510471856,0.85018055291985095,0.55355126229021034,0.81005773151648153,0.58252227049862659,0.80693856172595635,0.61619578512284212,0.76067227706942964,0.66203627992918879,0.71340663977155483
"LIRCMOP6_BC",1,80000,80100,393,234,"infeasible_endpoint","AI_train",0,36,0.54468720857299069,1.5660401160003206,1.4114759487324646,0.68403541509000632,0.98285228512490841,0.10191998415091144,0.98173945748010105,0.1823171808502134,0.96118061822495626,0.24286726760435187,0.94031395698638487,0.31051361262529342,0.92888270906167381,0.40056827441335491,0.89797348873651717,0.43819894588513331,0.84726562276823714,0.5049599304206811,0.80682151555931536,0.55818132440505819,0.77481971574778963,0.61797871065038745,0.71070447138348258,0.65178223184393025,0.66692675015345726,0.71466212360535952,0.60395819653208416,0.73530905651665113,0.56256488856947828,0.74721559915583946,0.48336884108481026,0.77455657533641342,0.41446434026459711
"LIRCMOP6_BC",1,80000,80100,393,235,"feasible_endpoint","AF_train",1,41,0.50384911285291067,1.2620202734796933,1.4198985563084487,0.54593070966546309,0.97790311767288862,0.088897042353752953,0.99116233593815983,0.1266026787313313,0.97450961368115596,0.2016986345225332,0.97363876093401014,0.26407022910130384,0.95313194726292449,0.30266903342735363,0.93702349465802204,0.37649612595620302,0.91857596635693328,0.41670205628789836,0.90277220462936991,0.48046633835584313,0.87016785748944603,0.51724580347876481,0.84500430533822812,0.56842477732858987,0.79900237717497802,0.61656325664549083,0.7595253970519682,0.65711583436715926,0.72346584914323997,0.70119765892897812,0.70151306761159471,0.72266494092312628,0.64531104362033287
"LIRCMOP6_BC",1,80000,80100,393,235,"infeasible_endpoint","AI_train",0,41,0.50384911285291067,1.5473929990545727,1.2279726522233299,0.74804821346702388,0.98601037357898247,0.1312217073376194,0.98676632594318692,0.18617627127087799,0.96392355231714921,0.27863425674965597,0.9431937559568242,0.3535011050353728,0.92449333101557019,0.42213577196419966,0.88486366136311356,0.49943324936732159,0.83515031370726256,0.55351770514523246,0.79372637519700884,0.62317440415626724,0.74413658058690024,0.66283215468197398,0.68633160316557695,0.73511116240427332,0.61956039153391007,0.77720554447781787,0.56270331564659615,0.80613985916532305,0.4670275228916132,0.82798437375062117,0.43652475402054064,0.82893099628657918,0.35357435630187928
"LIRCMOP6_BC",1,80000,80100,393,236,"feasible_endpoint","AF_train",1,31,0.10581279010455866,1.1289913693828726,1.5633190716896084,0.39912364743520706,0.9808068558626446,0.057331547709768088,0.97689371119143442,0.092210005203069406,0.97670828141723409,0.11780037974529636,0.98872063446515002,0.20785714876632241,0.96838040949879223,0.21741192122627953,0.96350130320168748,0.27344029468860476,0.9646432230323575,0.30820113687456574,0.952598380886019,0.35817563814436865,0.9290515473052936,0.38629444768479171,0.91439429010668227,0.42757212395885358,0.88658550593390406,0.47452186626083231,0.87239281542690006,0.50089017707423378,0.87170137549600979,0.54143215968584057,0.84400390731909924,0.59368881704170073,0.80541349618774327
"LIRCMOP6_BC",1,80000,80100,393,236,"infeasible_endpoint","AI_train",0,31,0.10581279010455866,1.1979243149193621,1.5296511126184151,0.46661444696441445,0.98200159338412463,0.067461407359080794,0.9730989725723912,0.11441166190385391,0.96871368758430232,0.1408347480918678,0.9845263292808426,0.23485439315503165,0.95562243465724561,0.25974919372422833,0.9466640032053576,0.31080180568371119,0.94868876679840553,0.35932050041019886,0.92327225843394611,0.40480211794248311,0.88741933916938831,0.43753741309831634,0.8613040792994513,0.48215374237838132,0.83553503729661793,0.53420833519286548,0.81290067081324335,0.5539824310973297,0.80545439249713346,0.59034977620545659,0.76089708526957101,0.63577820772848459,0.71748997252601532
"LIRCMOP6_BC",1,80000,80100,393,237,"feasible_endpoint","AF_train",1,24,0.093806442173255525,1.0273886386729978,1.6456385140750185,0.28445033674279124,0.98928363381726814,0.040606391125771787,0.98452562913856845,0.068102273386913159,0.97248320621861628,0.080897619214306382,0.98421327738941411,0.14211634554634112,0.98413898169002512,0.15778345970771532,0.97359141507553371,0.18529666356101127,0.99049469027448866,0.21414070198728113,0.98573389436839665,0.25857403380809207,0.94994221290480541,0.27993780364506382,0.9500067604176281,0.29949252321447173,0.94361324614015618,0.35922161935417962,0.92429978727163209,0.38179827884730028,0.93965849971524096,0.40918183478207981,0.90859265920360244,0.45870675239245096,0.89415740159644042
"LIRCMOP6_BC",1,80000,80100,393,237,"infeasible_endpoint","AI_train",0,24,0.093806442173255525,1.0107661613451622,1.7252010457365829,0.19000679395450318,0.98423575446506661,0.01802082198381762,0.98377099239426735,0.045861584449638365,0.98796057342146437,0.053264516031970396,0.99274102136703857,0.11111634820129629,1,0.10630006419327995,0.9931881987563278,0.1298653363411697,1,0.15462430761091778,1,0.1847561571313443,0.98817293920274507,0.19929509110730334,0.99434389283928937,0.20147941317551815,0.99748429261588201,0.27051044745176722,0.98945973404962784,0.28263024813383147,1,0.29824395312836094,0.9950808466815575,0.36080056424557061,0.99390919565985381
"LIRCMOP6_BC",1,80000,80100,393,238,"feasible_endpoint","AF_train",1,44,0.17868346703970159,1.2968895408243917,1.3924055169018366,0.58069135039046649,0.98987221815431659,0.089817546975382689,0.98264780409830021,0.14133147418715081,0.9686526010931743,0.19314627595267003,0.9714663127540617,0.28006780597077341,0.94069855829760618,0.32607387569516699,0.93301446018121115,0.38069702359260266,0.91745317986787678,0.42058884429130916,0.88965558251940258,0.49088297547322313,0.82656137788076645,0.54454310755988855,0.80995263593700395,0.59217864147363952,0.77451084164066286,0.6441213054696604,0.72632551848102178,0.69442642796395093,0.68873349509698722,0.73796037193400532,0.65899819036232865,0.77495940918555073,0.59788459901391544
"LIRCMOP6_BC",1,80000,80100,393,238,"infeasible_endpoint","AI_train",0,44,0.17868346703970159,1.2386135016453439,1.4946567419468351,0.5052282067559436,0.98564718563145992,0.075318512863809306,0.9875782598475995,0.11486566550227557,0.97217153526948286,0.17070340209502549,0.97913331298120909,0.2390750950775819,0.94847132806678502,0.28605684955181915,0.95207878833798698,0.33035767826096607,0.94372030426779419,0.37162559683832996,0.93014281974688195,0.4350599527078064,0.85961325472783179,0.48670699229462427,0.81582810458329991,0.52657608380508236,0.83528041894592397,0.58650182175392129,0.79510722314574378,0.63368396938224369,0.77223379476539689,0.67811951404027693,0.74157035609118094,0.72315122418478694,0.7028117411609146
"LIRCMOP6_BC",1,80000,80100,393,239,"feasible_endpoint","AF_train",1,34,0.21458182594712435,1.1762286269644739,1.5320228123918307,0.45006099683312467,0.98062940341557936,0.062346255580635362,0.99294153631041271,0.097423824986936663,0.97457642188562343,0.16482948059321384,0.99973402530740962,0.21738026858468842,0.9629211987586217,0.25572992174882703,0.9613647849499275,0.3120870942415761,0.94698935418982155,0.34349041729090957,0.93397376587889491,0.38395981517100947,0.90034124390327308,0.43994323218902287,0.87732262847374531,0.47875637145640032,0.86547791850188016,0.50968164791945081,0.82509146324659544,0.56760837268603903,0.83830700883350351,0.59457493516043947,0.78300671641205355,0.66497277597555948,0.73295018157329117
"LIRCMOP6_BC",1,80000,80100,393,239,"infeasible_endpoint","AI_train",0,34,0.21458182594712435,1.3093946927939044,1.4614234697256334,0.55973389738618717,0.98253604472229927,0.081134198239345548,0.98995443291351792,0.12893559108495162,0.96943478690551899,0.24830521335915065,0.98553529713862775,0.252752879966746,0.94514205128156936,0.32074674813055515,0.93404398212397544,0.37565464686718664,0.90821404992537169,0.41545844632596052,0.88943904910305116,0.4608960344019899,0.85188172949859475,0.52240002835480759,0.79722120816318909,0.5687216918052691,0.78217035852841876,0.60373312018531955,0.73282841548968958,0.66224431123571814,0.72594696277703541,0.68044702112197686,0.65069266148265892,0.74321478357773885,0.58869486212617872
"LIRCMOP6_BC",1,80000,80100,393,240,"feasible_endpoint","AF_train",1,36,0.21452399419758625,1.191026840368131,1.4999184659193601,0.47438109028523956,0.98089009785076864,0.065359036412120486,0.98219442987164651,0.11996652841022726,0.97530440487081738,0.15792691916310986,0.9789097010754968,0.231712070089102,0.96046403858999174,0.27547535334371387,0.95729742573471455,0.31355816568485045,0.92903499951141499,0.36368376499324867,0.92265345514487784,0.41197660502207223,0.89864636778458973,0.46386306491736318,0.86761771499555462,0.48000677510471856,0.85018055291985095,0.55355126229021034,0.81005773151648153,0.58252227049862659,0.80693856172595635,0.61619578512284212,0.76067227706942964,0.66203627992918879,0.71340663977155483
"LIRCMOP6_BC",1,80000,80100,393,240,"infeasible_endpoint","AI_train",0,36,0.21452399419758625,1.1594621811012107,1.633585961917801,0.37331940780811296,0.98034384094364468,0.044181758931629692,0.97581535467014002,0.093522604971129658,0.97247781429722302,0.12550880935489434,0.99580328510496952,0.18911680847254997,0.98257488375074442,0.2138788081003492,0.98529794862429454,0.25436684003796972,0.96433211749156467,0.29878377224318631,0.99123354813846221,0.33504347663503292,0.94846560788268142,0.38802382937871083,0.93506271118067918,0.39421206905538653,0.92931161338696966,0.46949827354875184,0.9082063877539619,0.50757910257797267,0.90467685783080976,0.53578386135577805,0.89372591032638737,0.5913773348780984,0.84885197612531893
"LIRCMOP6_BC",1,80000,80100,393,241,"feasible_endpoint","AF_train",1,22,0.23152763580483821,0.99541643394708901,1.6623314791317361,0.23995337555070911,0.99128445283165978,0.022332185840446668,0.9830474217064431,0.054707205691287022,0.97303337361916054,0.06894853224503944,0.99145451949957852,0.12841021092690641,0.99007088404861232,0.11264733906124096,0.97272106652139345,0.16904226191444188,0.98784721009693888,0.18451872504509392,0.98150619595007127,0.23296697464244992,0.97018908294071182,0.24506125629669007,0.96693745503081141,0.26190540944645863,0.96106632527298941,0.30669881962594381,0.94362097675767098,0.31586451966685525,0.95071720593783171,0.36754806249435656,0.93275215445918724,0.39024619211155065,0.92348980495790389
"LIRCMOP6_BC",1,80000,80100,393,241,"infeasible_endpoint","AI_train",0,22,0.23152763580483821,1.1358552292471185,1.5821750395082281,0.41208514768579374,0.98654449494125562,0.052788061164989138,0.98766264954568606,0.094674036249124821,0.96493122634247275,0.13706751328505021,0.98293366066840404,0.19961680100933449,0.96663685768007457,0.25421713000295842,0.94123281385040447,0.28518153850033667,0.94713519327540552,0.31100492379453754,0.95500250451929802,0.37959041795321369,0.90527301168543484,0.39327530662108989,0.90379146617770456,0.43510438689285214,0.8704363088300302,0.48253475960930259,0.84505948316850776,0.50171888828364786,0.82425167799182442,0.56129792074908758,0.80228172883046267,0.58280862957694546,0.77815088430794044
"LIRCMOP6_BC",1,80000,80100,393,242,"feasible_endpoint","AF_train",1,19,0.34549956534085585,0.95768231758508948,1.6912743986371606,0.20166716539529383,0.98738303345369693,0.027985291704668014,0.98193188025967393,0.046669017615655686,0.99071390823453154,0.065460672442511678,0.99068047859635899,0.1216570489364477,1,0.11269267663425188,1,0.14421757278441347,1,0.16372965878901113,0.95577958749091652,0.18721945173431553,1,0.2208177028299651,0.97129628304444182,0.2220268224358028,0.98026241006089643,0.26489137667877327,0.95664838423029463,0.28540709713357409,0.97639690503525456,0.31369794241951604,0.96245391886904397,0.33754006599233666,0.93598888492025978
"LIRCMOP6_BC",1,80000,80100,393,242,"infeasible_endpoint","AI_train",0,19,0.34549956534085585,1.2053108524105929,1.6814976056578455,0.38392022577927065,0.9826053450638883,0.056676960961049586,0.97833740399873992,0.090734676802650849,0.97447552522651737,0.11919153062542789,0.97642305223841308,0.21477005289376661,0.98681263372845673,0.20960397727782495,0.98259424937750328,0.26279133486365303,0.9853060219201335,0.30032135443606695,0.93529745316414425,0.35717715345839229,0.96446888715940404,0.38323001095457021,0.93993595071137326,0.40519464876390454,0.9323317237750246,0.48509190601879382,0.89986116074851341,0.52268613587687252,0.94008465731466639,0.56515685821232742,0.88741876160357247,0.60956432346398959,0.85333577975194208
"LIRCMOP6_BC",1,80000,80100,393,243,"feasible_endpoint","AF_train",1,39,0.36234691757906806,1.229795159326923,1.4583243230295648,0.51032739213214318,0.98250386679128277,0.076754120492420447,0.98520195662783872,0.11896130566487625,0.97700216806980134,0.16846043020143117,0.97314042866054107,0.24569818058980827,0.95919654985558112,0.27233008111825097,0.93830223540418434,0.34529848532912466,0.93453942102414489,0.3924057282230376,0.91616449166625369,0.4482673805565166,0.87726784782996903,0.47898558149512976,0.85467851484672996,0.53803425219936896,0.81991912517288856,0.58823460958022378,0.79345298897756722,0.61031544591387887,0.77859458279584737,0.65310706327202117,0.74129886522225408,0.7041873361888753,0.68370830099898661
"LIRCMOP6_BC",1,80000,80100,393,243,"infeasible_endpoint","AI_train",0,39,0.36234691757906806,1.4773729839221521,1.3893335282304022,0.64985202140266907,0.98623959855869514,0.10603462579234452,0.96912238923342064,0.16183303882726208,0.96748760907237641,0.22060639820731234,0.95408396123326145,0.31037091234018488,0.93493413234700662,0.35138465946684805,0.90079632685369537,0.42603372616497498,0.87922734469519859,0.48341071925544438,0.83479935566813956,0.53896288029940997,0.7906033952308269,0.57778093170115075,0.7398538541737818,0.65072907063993379,0.68903879694016057,0.68643424812384013,0.65825354397330849,0.70971005412469956,0.60258169159099328,0.73581625767097103,0.5458562915967663,0.76157371254874584,0.47729198293718972
"LIRCMOP6_BC",1,80000,80100,393,244,"feasible_endpoint","AF_train",1,53,0.35346285929858379,1.3865587908217165,1.263818784018234,0.67502201166956466,0.97401730893249716,0.10039961814350762,0.99410499707032751,0.17047157018160547,0.97093153116050401,0.23878650347838115,0.95186543742315766,0.31765027671409146,0.94323306903201765,0.36665821314862962,0.91014150059810062,0.44537765092746012,0.87203171702813287,0.49462041435082638,0.8574068366605605,0.57690958406269088,0.79905576564642222,0.62316983316617836,0.7556133454200199,0.6783581846333584,0.70352289042595106,0.72547201775543846,0.65146320747022157,0.77457084160087009,0.60655586394222782,0.81761953534290133,0.56058796414019596,0.86088573280695047,0.48045426675373848
"LIRCMOP6_BC",1,80000,80100,393,244,"infeasible_endpoint","AI_train",0,53,0.35346285929858379,1.2900882558024276,1.4695616220672827,0.51718009589263747,0.97076273716333872,0.069805561997520887,0.99407146721391948,0.12313846745638446,0.98046765703563854,0.1873733186039265,0.97356211562472328,0.25092418509876641,0.96832396792289399,0.27698948635059906,0.95396264537773812,0.35476054792227529,0.92881924701938334,0.39620596677940967,0.93533608202198126,0.4640673287985968,0.88142090605147883,0.50821142273762954,0.87523444532675942,0.55120422145528836,0.83117277141443047,0.59994050040754021,0.79448304088333666,0.65254772840985242,0.7781777303287658,0.70179312409716599,0.75485589460487246,0.76231688368894934,0.69417253321058825
"LIRCMOP6_BC",1,80000,80100,393,245,"feasible_endpoint","AF_train",1,38,0.48090769883618345,1.2200063440295295,1.4650067280432126,0.50836341345822589,0.97321096546986174,0.071865763377514658,0.98437071958321676,0.12581566859078663,0.97530113495462056,0.18284259328263935,0.97589832709978497,0.25202767683091698,0.95606646971788423,0.28816061055871689,0.94857116549403397,0.34331470754587301,0.94094850688952114,0.38866130905807905,0.91130835563687707,0.44230110464748879,0.8921961963147873,0.490923412785635,0.85690702418137032,0.52035694470513394,0.8221987787674031,0.57895929234930044,0.78763437484221099,0.61665097979156247,0.77507604108620887,0.65526816803121668,0.73610751433757082,0.70444521141540117,0.68077838418512693
"LIRCMOP6_BC",1,80000,80100,393,245,"infeasible_endpoint","AI_train",0,38,0.48090769883618345,1.5001177556078074,1.2907371725327579,0.74642217379820497,0.96727484956893495,0.11731483155450805,0.99111475642135061,0.18678658011843749,0.96745103405555677,0.27771804693720303,0.95243996771268147,0.35211193218414188,0.92128284254077786,0.43501820996050872,0.91053749770953984,0.49288937260704346,0.87935580816806302,0.5587904678570863,0.8370546252941784,0.62567274012607232,0.79808126068246232,0.69322159063833211,0.73605961606085746,0.74292318430676352,0.67563334629928129,0.80549790097550633,0.62153008034732538,0.86037434263492174,0.57614556166164244,0.88737890936100372,0.52155220315693329,0.94955105215568136,0.43048852218222178
"LIRCMOP6_BC",1,80000,80100,393,1,"generated","GAN_generated",0,0,NaN,1.4252318868372016,1.3197702173630694,0.67904630303382874,0.98736885190010071,0.1136745810508728,0.98840388655662537,0.15808776021003723,0.96380984783172607,0.23919311165809631,0.96288180351257324,0.32883763313293457,0.92360180616378784,0.38855494558811188,0.91099965572357178,0.44434691965579987,0.85557347536087036,0.51676369272172451,0.84440881013870239,0.57414564490318298,0.80249783396720886,0.64864334464073181,0.73191159963607788,0.7246183454990387,0.70164638757705688,0.74497601389884949,0.61069262772798538,0.78984484076499939,0.56114798039197922,0.83327296376228333,0.5166038703173399,0.85565805435180664,0.44939368590712547
"LIRCMOP6_BC",1,80000,80100,393,2,"generated","GAN_generated",0,0,NaN,1.170589005139512,1.5575854205881869,0.43371985107660294,0.98510262370109558,0.070816993713378906,0.99023574590682983,0.097476601600646973,0.98092561960220337,0.16904294490814209,0.97663888335227966,0.20826777815818787,0.97194609045982361,0.23180127143859863,0.95047187805175781,0.27874194085597992,0.94434827566146851,0.3511108011007309,0.93264544010162354,0.37248320877552032,0.90883409976959229,0.44292034953832626,0.89391136169433594,0.48393752798438072,0.87927979230880737,0.50454313587397337,0.81691455841064453,0.53430518507957458,0.8174128532409668,0.60084425657987595,0.78665241599082947,0.62215624749660492,0.73968899250030518
"LIRCMOP6_BC",1,80000,80100,393,3,"generated","GAN_generated",1,0,NaN,1.629226574279965,0.92111572225138261,0.89977237582206726,0.9912685751914978,0.13329008221626282,0.98838460445404053,0.2165815532207489,0.95127654075622559,0.30989032983779907,0.92894560098648071,0.40503031015396118,0.89939722418785095,0.51794841885566711,0.85773295164108276,0.56480333209037781,0.7862611711025238,0.64834135770797729,0.73107150197029114,0.71756759285926819,0.68969228863716125,0.78634336590766907,0.60632524639368057,0.85405406355857849,0.53518098592758179,0.89816063642501831,0.41590691357851028,0.94653654098510742,0.34592194855213165,0.95106860995292664,0.25912469625473022,0.97133037447929382,0.15056028962135315
"LIRCMOP6_BC",1,80000,80100,393,4,"generated","GAN_generated",0,0,NaN,1.4205034909016836,1.2933422237676462,0.68558694422245026,0.98646464943885803,0.11178445816040039,0.98762238025665283,0.1684260368347168,0.9642443060874939,0.25178173184394836,0.9617098867893219,0.32355271279811859,0.92191040515899658,0.38013287633657455,0.91047868132591248,0.43883708491921425,0.85846847295761108,0.52974480576813221,0.84088775515556335,0.5726795494556427,0.80212768912315369,0.63906523585319519,0.73308479785919189,0.72714915871620178,0.70852050185203552,0.75166898965835571,0.61639499664306641,0.78434455394744873,0.54854881390929222,0.83093863725662231,0.51601819507777691,0.85302987694740295,0.44721711799502373
"LIRCMOP6_BC",1,80000,80100,393,5,"generated","GAN_generated",0,0,NaN,1.3240796645852324,1.5169716004070359,0.5591263473033905,0.98669874668121338,0.10258165001869202,0.98981156945228577,0.13762456178665161,0.97328600287437439,0.22736001014709473,0.97198027372360229,0.28109483420848846,0.94432535767555237,0.32396113872528076,0.93473044037818909,0.37906958162784576,0.88366061449050903,0.45881113409996033,0.88928511738777161,0.4834355041384697,0.85776489973068237,0.54254734888672829,0.79744061827659607,0.62404081225395203,0.79786822199821472,0.64172407984733582,0.70785890519618988,0.67124685645103455,0.67837172746658325,0.73253950476646423,0.64607033133506775,0.74071535468101501,0.583818718791008
"LIRCMOP6_BC",1,80000,80100,393,6,"generated","GAN_generated",1,0,NaN,1.595673108222013,0.98210784917166749,0.86617842316627502,0.9917227029800415,0.12311407923698425,0.98724597692489624,0.22836112976074219,0.95804291963577271,0.32180227339267731,0.93693402409553528,0.40263805538415909,0.88334020972251892,0.48854671604931355,0.86171954870223999,0.53745102882385254,0.79376232624053955,0.62581191956996918,0.74570468068122864,0.70021012425422668,0.69755136966705322,0.73708613216876984,0.61238967627286911,0.81862837076187134,0.56309647858142853,0.88671219348907471,0.44591666385531425,0.92978364229202271,0.35731369256973267,0.93999406695365906,0.28998418152332306,0.96100988984107971,0.18369960784912109
"LIRCMOP6_BC",1,80000,80100,393,7,"generated","GAN_generated",1,0,NaN,1.1130863525405705,1.592728269057289,0.35762640833854675,0.9850584864616394,0.060876935720443726,0.99026137590408325,0.074345022439956665,0.98512279987335205,0.14815512299537659,0.98196703195571899,0.1789931058883667,0.97946053743362427,0.17054733633995056,0.9606361985206604,0.20434644818305969,0.96809127926826477,0.30470946431159973,0.95934253931045532,0.29995587468147278,0.93254420161247253,0.36918717622756958,0.93868300318717957,0.39119958132505417,0.91483309864997864,0.42893864214420319,0.8828103244304657,0.44205531105399132,0.89548927545547485,0.48416907340288162,0.85402825474739075,0.51297216210514307,0.83602732419967651
"LIRCMOP6_BC",1,80000,80100,393,8,"generated","GAN_generated",1,0,NaN,1.8154940793986492,0.78216051635301931,0.9818766713142395,0.99358877539634705,0.13332483172416687,0.99330583214759827,0.236715167760849,0.96095514297485352,0.34566164016723633,0.88952711224555969,0.47220342978835106,0.89370256662368774,0.59901321679353714,0.84619802236557007,0.59746216237545013,0.75936052203178406,0.68298782408237457,0.66373813152313232,0.78652080893516541,0.60223081707954407,0.87496066093444824,0.50132541346829385,0.92942905426025391,0.42152717709541321,0.96379798650741577,0.30670014023780823,0.9788067638874054,0.21431019902229309,0.97971093654632568,0.12063688039779663,0.99038562178611755,0.033313959836959839
"LIRCMOP6_BC",1,80000,80100,393,9,"generated","GAN_generated",0,0,NaN,1.4494973408655367,1.2638330480164282,0.71391062438488007,0.98892524838447571,0.11362850666046143,0.98947533965110779,0.16545280814170837,0.96650847792625427,0.24489322304725647,0.96226105093955994,0.34762184321880341,0.90212234854698181,0.38492509722709656,0.90920409560203552,0.45131932571530342,0.85081380605697632,0.52380511723458767,0.83721548318862915,0.60469783842563629,0.78802633285522461,0.65595933794975281,0.70331357419490814,0.73377934098243713,0.67223544418811798,0.77922245860099792,0.59589540958404541,0.81172451376914978,0.51959376968443394,0.85838502645492554,0.47302105277776718,0.87979614734649658,0.40512863546609879
"LIRCMOP6_BC",1,80000,80100,393,10,"generated","GAN_generated",1,0,NaN,1.4294425459891635,1.2400490470309369,0.70053340494632721,0.98526835441589355,0.11268305778503418,0.98728403449058533,0.16214647889137268,0.96316829323768616,0.23952749371528625,0.95912614464759827,0.32423174381256104,0.92377063632011414,0.38805254548788071,0.90524891018867493,0.44559396430850029,0.86154189705848694,0.5339042991399765,0.83818808197975159,0.58686500042676926,0.79750195145606995,0.65995313227176666,0.73531641066074371,0.72661590576171875,0.70366521179676056,0.74391631782054901,0.60631047934293747,0.79873239994049072,0.5589897632598877,0.84547117352485657,0.50180254608858377,0.87337827682495117,0.44070615991950035
"LIRCMOP6_BC",1,80000,80100,393,11,"generated","GAN_generated",1,0,NaN,1.7380743485577868,0.77787148273929896,0.9718170166015625,0.99440598487854004,0.12866154313087463,0.99196290969848633,0.2497594952583313,0.9672197699546814,0.36862470209598541,0.90931010246276855,0.43603038042783737,0.89007478952407837,0.56523590534925461,0.84083372354507446,0.58823578804731369,0.76477009057998657,0.67847689986228943,0.69328324496746063,0.76723307371139526,0.61852829903364182,0.82988935708999634,0.54123531654477119,0.91473239660263062,0.4377337284386158,0.95412528514862061,0.34625332057476044,0.97374275326728821,0.24023279547691345,0.975057452917099,0.14571231603622437,0.98867654800415039,0.044854730367660522
"LIRCMOP6_BC",1,80000,80100,393,12,"generated","GAN_generated",0,0,NaN,1.2378374836266164,1.5067686475147171,0.50532425753772259,0.98575398325920105,0.081752628087997437,0.98902380466461182,0.12176090478897095,0.97949549555778503,0.20719587802886963,0.97352945804595947,0.24137866497039795,0.95011505484580994,0.27560585737228394,0.94077610969543457,0.32905778288841248,0.92206650972366333,0.41073895990848541,0.9143194854259491,0.43619313091039658,0.88073194026947021,0.46240320429205894,0.8489677906036377,0.54095356538891792,0.8447478711605072,0.58694982528686523,0.77036044001579285,0.59556921571493149,0.74156418442726135,0.66406266391277313,0.71469716727733612,0.69699366390705109,0.65773668885231018
"LIRCMOP6_BC",1,80000,80100,393,13,"generated","GAN_generated",0,0,NaN,1.2425711123887353,1.5061011369630775,0.50286126509308815,0.98614728450775146,0.083308815956115723,0.98903676867485046,0.12020424008369446,0.97936651110649109,0.2104341983795166,0.97397401928901672,0.2452414333820343,0.94913104176521301,0.27205944061279297,0.94106712937355042,0.32531361281871796,0.91974970698356628,0.40896833688020706,0.91812855005264282,0.43593716621398926,0.88127672672271729,0.46785435825586319,0.85225272178649902,0.53755247592926025,0.84275507926940918,0.59883207827806473,0.77497875690460205,0.59500043839216232,0.74243359267711639,0.66098278760910034,0.71238152682781219,0.69393186271190643,0.66647912561893463
"LIRCMOP6_BC",1,80000,80100,393,14,"generated","GAN_generated",0,0,NaN,1.1484597527533345,1.5806398554917571,0.39541199058294296,0.98477461934089661,0.057825028896331787,0.99023193120956421,0.094039380550384521,0.98347929120063782,0.15895769000053406,0.97583812475204468,0.19619950652122498,0.97000840306282043,0.20473542809486389,0.95447874069213867,0.24829679727554321,0.95996692776679993,0.33712375164031982,0.94646614789962769,0.35059033334255219,0.92184561491012573,0.38493992388248444,0.91354262828826904,0.42363669723272324,0.90167561173439026,0.49230146314948797,0.84856525063514709,0.49423887534067035,0.84676262736320496,0.54013854637742043,0.82237264513969421,0.6005152091383934,0.78134992718696594
"LIRCMOP6_BC",1,80000,80100,393,15,"generated","GAN_generated",0,0,NaN,1.3183361209782536,1.7529692927164509,0.1384185254573822,0.99286296963691711,0.021062344312667847,0.99490043520927429,0.037034898996353149,0.99481701850891113,0.086186498403549194,0.99262028932571411,0.10921809077262878,0.98943367600440979,0.10225468873977661,0.98333460092544556,0.10734209418296814,0.98650190234184265,0.17547512054443359,0.9878576397895813,0.14080190658569336,0.98039114475250244,0.16448378562927246,0.97985354065895081,0.22103977203369141,0.97769975662231445,0.22702077031135559,0.96217834949493408,0.29313448071479797,0.96936354041099548,0.28482590615749359,0.94379711151123047,0.30089272558689117,0.91379600763320923
"LIRCMOP6_BC",1,80000,80100,393,16,"generated","GAN_generated",1,0,NaN,1.8243093101773189,0.79831704571341233,0.98159557580947876,0.99408999085426331,0.12787258625030518,0.99348342418670654,0.25768925249576569,0.96522811055183411,0.36754287779331207,0.88438355922698975,0.44001395255327225,0.89074546098709106,0.60270512104034424,0.8324601948261261,0.58744683116674423,0.76055330038070679,0.71006880700588226,0.65285004675388336,0.79558992385864258,0.61428569257259369,0.87033793330192566,0.49985270795878023,0.93063944578170776,0.43801737576723099,0.96414628624916077,0.29375159740447998,0.98285982012748718,0.20740091800689697,0.9822765588760376,0.12108832597732544,0.99166762828826904,0.030686706304550171
"LIRCMOP6_BC",1,80000,80100,393,17,"generated","GAN_generated",0,0,NaN,1.3482065048922034,1.5826120607670318,0.551276545971632,0.98740136623382568,0.10161823034286499,0.9898073673248291,0.13742440938949585,0.97430729866027832,0.22549977898597717,0.97245964407920837,0.28251548111438751,0.94627904891967773,0.33266347646713257,0.93551725149154663,0.37795871496200562,0.88486012816429138,0.45144298672676086,0.89023074507713318,0.48201466351747513,0.85643115639686584,0.5411735363304615,0.79821246862411499,0.62955182790756226,0.79818302392959595,0.63989591598510742,0.70263306796550751,0.68141354620456696,0.67364668846130371,0.73299314081668854,0.64490720629692078,0.74696841835975647,0.57887718826532364
"LIRCMOP6_BC",1,80000,80100,393,18,"generated","GAN_generated",0,0,NaN,1.1543777439099985,1.5674100617894786,0.40111733227968216,0.98439899086952209,0.060523271560668945,0.99026843905448914,0.093145519495010376,0.98303842544555664,0.16020593047142029,0.97625431418418884,0.19751051068305969,0.9681885838508606,0.19942247867584229,0.95454460382461548,0.25172798335552216,0.96025121212005615,0.34497401118278503,0.9480169415473938,0.3539765328168869,0.9184824526309967,0.38337020576000214,0.91269108653068542,0.42199051380157471,0.90447553992271423,0.49924773158272728,0.85317659378051758,0.49615149921737611,0.85730749368667603,0.53529154136776924,0.81905344128608704,0.59652393311262131,0.78288468718528748
"LIRCMOP6_BC",1,80000,80100,393,19,"generated","GAN_generated",1,0,NaN,1.5405449380392287,1.1250531739293175,0.79845064878463745,0.99066412448883057,0.12268683314323425,0.98810884356498718,0.19317808747291565,0.96008509397506714,0.27705030143260956,0.95155119895935059,0.38915868103504181,0.89899998903274536,0.45470907911658287,0.88496589660644531,0.49638474080711603,0.81275409460067749,0.58489688485860825,0.78352349996566772,0.65304337441921234,0.73159085214138031,0.70021174848079681,0.64260497689247131,0.79224568605422974,0.60504002869129181,0.84493336081504822,0.50824661646038294,0.89526563882827759,0.4231053814291954,0.90866631269454956,0.37086601555347443,0.931650310754776,0.27880367636680603
"LIRCMOP6_BC",1,80000,80100,393,20,"generated","GAN_generated",1,0,NaN,1.6149606618501697,1.0068278504299073,0.85572212934494019,0.99164208769798279,0.10859036445617676,0.98982232809066772,0.20468100905418396,0.95832264423370361,0.26971133053302765,0.94527953863143921,0.41544394195079803,0.90454205870628357,0.49377287551760674,0.87556600570678711,0.52896838262677193,0.79652714729309082,0.62546072900295258,0.75376984477043152,0.69992341101169586,0.70360331237316132,0.7658655047416687,0.61512972414493561,0.82375502586364746,0.53970172628760338,0.86994680762290955,0.44843901321291924,0.92684045433998108,0.36569231748580933,0.94286835193634033,0.29491361975669861,0.95724403858184814,0.2023962140083313
