problem,run,gen,bmem_count,boundary_count,bmem_ref_coverage,finite_gap_count,inf_gap_count,median_gap,max_gap,train_count,query_count,condition_dim,train_param_ratio,gan_sample_reuse,train_pair_dec_dist50,train_pair_dec_dist90,train_tau_iqr,missing_ref_query_count,large_gap_query_count,raw_generated_count,feasible_generated_count,generated_per_train,boundary_dist50,boundary_dist90,query_width90,segment_width90,segment_width90_ratio,side_rate,pair_margin50,ref_cover,query_obj_dist50,query_obj_dist90,feasible_rate,boundary_sample_current_count,boundary_sample_prev_pair_count,boundary_sample_merged_count,boundary_sample_finite_count,boundary_feasible_count,boundary_infeasible_count,boundary_main_feasible_count,boundary_ref_with_main_feasible_count,boundary_ref_with_neighbor_infeasible_count,boundary_ref_pairable_count,boundary_pair_distance_count,boundary_pair_dominated_skip_count,boundary_pair_appended_count,boundary_candidate_raw_count,boundary_candidate_finite_count,boundary_candidate_pareto_count,boundary_candidate_gap_count,boundary_candidate_dedup_count,boundary_candidate_final_count,dataset_bmem_input_count,dataset_valid_train_count,dataset_invalid_train_count,dataset_query_count
DASCMOP1_BC,1,1,0,0,NaN,0,0,NaN,NaN,0,0,3,0,NaN,NaN,NaN,NaN,0,0,0,0,NaN,NaN,NaN,NaN,NaN,NaN,NaN,NaN,NaN,NaN,NaN,NaN,400,0,400,400,1,399,1,1,36,1,318,318,0,0,0,0,0,0,0,0,0,0,0
DASCMOP1_BC,1,2,0,0,NaN,0,0,NaN,NaN,0,0,3,0,NaN,NaN,NaN,NaN,0,0,0,0,NaN,NaN,NaN,NaN,NaN,NaN,NaN,NaN,NaN,NaN,NaN,NaN,400,0,400,400,2,398,2,1,36,0,0,0,0,0,0,0,0,0,0,0,0,0,0
DASCMOP1_BC,1,3,0,0,NaN,0,0,NaN,NaN,0,0,3,0,NaN,NaN,NaN,NaN,0,0,0,0,NaN,NaN,NaN,NaN,NaN,NaN,NaN,NaN,NaN,NaN,NaN,NaN,400,0,400,400,9,391,1,1,18,1,109,109,0,0,0,0,0,0,0,0,0,0,0
DASCMOP1_BC,1,4,0,0,NaN,0,0,NaN,NaN,0,0,3,0,NaN,NaN,NaN,NaN,0,0,0,0,NaN,NaN,NaN,NaN,NaN,NaN,NaN,NaN,NaN,NaN,NaN,NaN,400,0,400,400,22,378,2,1,29,1,18,18,0,0,0,0,0,0,0,0,0,0,0
DASCMOP1_BC,1,5,4,1,0.02,4,0,0.0468685751634989,0.0478322717408006,4,3,3,0.000209391195100246,100,1.3380746776288,1.3380746776288,0,0,3,3,2,0.75,0.0471032701031831,0.0569726319225768,0,0.0569726319225768,NaN,1,0.020085179544459,0.5,0.0471083888539155,0.0569988067214987,0.666666666666667,400,0,400,400,52,348,5,2,40,2,1678,0,6,6,6,6,4,4,4,4,4,0,3
DASCMOP1_BC,1,6,6,1,0.02,6,0,0.0114930552038595,0.0118021523856785,6,5,3,0.000314086792650369,100,1.14643270899202,1.28537697024499,0,0,5,5,5,0.833333333333333,0.0196237408006691,0.0260662585100821,0,0.0260662585100821,NaN,0.6,0.0695039699760872,1,0.020206155394967,0.0262157996883189,1,400,4,408,408,156,252,14,2,60,2,3049,0,6,6,6,6,6,6,6,6,6,0,5
DASCMOP1_BC,1,7,21,1,0.07,21,0,0.0219988428363686,0.0606677562480141,21,20,3,0.00109930377427629,100,1.02822438719042,1.41106447308835,0,5,15,20,19,0.952380952380952,0.0272769097991595,0.03856438323735,0,0.0420852430289778,NaN,0.85,0.264313047920131,1,0.0288874896028543,0.0423735442297655,0.95,400,6,412,412,213,199,14,7,34,7,1963,0,21,21,21,21,21,21,21,21,21,0,20
DASCMOP1_BC,1,8,24,1,0.08,24,0,0.0145160928525701,0.0336402958832842,24,20,3,0.00125634717060148,100,1.14001316121101,1.33975101951016,0,3,17,20,0,0.833333333333333,0.152116765699313,0.170708597083955,0,0.171067977651545,NaN,0.6,0.0224589095270802,0,0.154157601288674,0.171577130176304,0,400,21,442,442,184,258,31,9,35,9,4938,0,27,27,27,27,24,24,24,24,24,0,20
DASCMOP1_BC,1,9,30,1,0.1,30,0,0.0107409994489601,0.0258232173694832,30,20,3,0.00157043396325185,100,0.968892024975483,1.41124053046965,0,2,18,20,0,0.666666666666667,0.076074145685787,0.0876144452135525,0,0.0886014203279819,NaN,0.65,0.0453162925507557,0,0.0775017442019934,0.0888072851714468,0,400,24,448,448,175,273,42,11,38,11,7150,0,33,33,33,33,30,30,30,30,30,0,20
DASCMOP1_BC,1,10,30,1,0.1,30,0,0.00919597079753202,0.0249791922449329,30,20,3,0.00157043396325185,100,1.01171592562708,1.43587016076787,0,2,18,20,0,0.666666666666667,0.0516030984570518,0.0556025232321075,0,0.0568306325331424,NaN,0.55,0.077411038541433,0,0.053346547544309,0.0572476551026376,0,400,30,460,460,164,296,44,11,40,11,7582,0,33,33,33,33,30,30,30,30,30,0,20
DASCMOP1_BC,1,11,30,1,0.1,30,0,0.00963673858876965,0.0255130819922018,30,20,3,0.00157043396325185,100,1.11653916685831,1.52858125085805,0,1,19,20,12,0.666666666666667,0.00241176186469569,0.00472464626334706,0,0.0101406160427108,NaN,0.75,0.122288494009853,0.9,0.00474406064982515,0.0101406160427108,0.6,400,30,460,460,166,294,47,11,57,11,7974,0,33,33,33,33,30,30,30,30,30,0,20
DASCMOP1_BC,1,12,27,1,0.09,27,0,0.00539653141384949,0.0179328290921676,27,20,3,0.00141339056692666,100,1.1568707478576,1.33625798644369,0,1,19,20,0,0.740740740740741,0.181943275689389,0.202955697996296,0,0.203887136755122,NaN,0.7,0.11613828623134,0,0.182991272000223,0.203998313656159,0,400,30,460,460,168,292,46,11,62,11,7400,0,33,33,33,33,27,27,27,27,27,0,20
DASCMOP1_BC,1,13,27,1,0.09,27,0,0.00500185304555316,0.0155677174354267,27,20,3,0.00141339056692666,100,1.23231501557245,1.39344953401219,0,1,19,20,0,0.740740740740741,0.058932172991388,0.066134220165625,0,0.0671455735310016,NaN,0.75,0.0738522879083022,0,0.0595478690565936,0.0671455735310016,0,400,27,454,454,165,289,42,11,46,11,6700,0,33,33,33,33,27,27,27,27,27,0,20
DASCMOP1_BC,1,14,27,1,0.09,27,0,0.0049855144162465,0.0158386335729286,27,20,3,0.00141339056692666,100,1.1568707478576,1.51498769503451,0,1,19,20,0,0.740740740740741,0.517456176233215,0.530675487825937,0,0.532516165511248,NaN,0.8,0.119682495982911,0,0.518378962765023,0.532718400734826,0,400,27,454,454,174,280,44,11,51,11,6287,0,33,33,33,33,27,27,27,27,27,0,20
DASCMOP1_BC,1,15,27,1,0.09,27,0,0.00211212794392258,0.00720655615659621,27,20,3,0.00141339056692666,100,1.1568707478576,1.51498769503451,0,1,19,20,0,0.740740740740741,0.411395755278439,0.419605598474633,0,0.420207238739345,NaN,0.55,0.0585877002415456,0,0.414126983119057,0.420207238739345,0,400,27,454,454,172,282,46,11,64,11,6224,0,33,33,33,33,27,27,27,27,27,0,20
DASCMOP1_BC,1,16,28,1,0.1,28,0,0.00407586981447743,0.0224565719170297,28,20,3,0.00146573836570172,100,0.737434074355055,1.50120721630351,0,1,19,20,0,0.714285714285714,0.0634418814362556,0.0677776630415972,0,0.0694989377300621,NaN,0.55,0.0434547043454419,0,0.0650047689843087,0.069827013736189,0,400,27,454,454,168,286,45,12,73,12,6028,0,36,36,36,36,28,28,28,28,28,0,20
DASCMOP1_BC,1,17,27,1,0.09,27,0,0.00492906544832659,0.0216262651968628,27,20,3,0.00141339056692666,100,1.02994661437432,1.51498769503451,0,2,18,20,0,0.740740740740741,0.335706333325376,0.347234008602768,0,0.348573907338332,NaN,0.6,0.0218158673502496,0,0.337775733891545,0.348795404422251,0,400,28,456,456,176,280,51,11,73,11,7463,0,33,33,33,33,27,27,27,27,27,0,20
DASCMOP1_BC,1,18,27,1,0.09,27,0,0.00406343322162021,0.0147567882265778,27,20,3,0.00141339056692666,100,0.882858017043284,1.21078387054555,0,0,20,20,0,0.740740740740741,0.623507891341105,0.639524300682483,0,0.640365680165926,NaN,0.85,0.0376495091950306,0,0.624795988239763,0.640520466871943,0,400,27,454,454,175,279,52,11,68,11,7224,0,33,33,33,33,27,27,27,27,27,0,20
DASCMOP1_BC,1,19,27,1,0.09,27,0,0.00482382106485932,0.0147574838858209,27,20,3,0.00141339056692666,100,0.661565646268643,1.22474134685855,0,1,19,20,0,0.740740740740741,0.232898497950804,0.247121091721826,0,0.247796269081102,NaN,0.95,0.0544651201178372,0,0.233907581000311,0.247926763341044,0,400,27,454,454,161,293,50,10,64,10,7438,0,30,30,30,30,27,27,27,27,27,0,20
DASCMOP1_BC,1,20,33,1,0.11,33,0,0.0051401904678067,0.0262666358587402,33,20,3,0.00172747735957703,96.969696969697,0.881648409680891,1.14619043546486,0,0,20,20,0,0.606060606060606,0.56647605151927,0.589733702618802,0,0.590475003005529,NaN,0.95,0.047046506107138,0,0.567424892010982,0.590568613770311,0,400,27,454,454,173,281,53,12,74,12,7019,0,36,36,36,36,33,33,33,33,33,0,20
DASCMOP1_BC,1,21,30,1,0.1,30,0,0.00643404686211463,0.0257659351738392,30,20,3,0.00157043396325185,100,0.877740105572193,1.15765979076973,0,1,19,20,0,0.666666666666667,0.827306838052206,0.848784667462917,0,0.849821802196342,NaN,0.7,0.00976218403332552,0,0.828728345194037,0.849830327712073,0,400,33,466,466,171,295,63,11,72,11,8887,0,33,33,33,33,30,30,30,30,30,0,20
DASCMOP1_BC,1,22,31,1,0.11,31,0,0.00312617236139275,0.0126186835277776,31,20,3,0.00162278176202691,100,0.995373936375246,1.24534953277253,0,2,18,20,0,0.645161290322581,0.345229161428802,0.353222057028318,0,0.353244122929194,NaN,0.45,-0.00618050400867931,0,0.347517259057047,0.353286809790708,0,400,30,460,460,169,291,54,12,72,12,7275,0,36,36,36,36,31,31,31,31,31,0,20
DASCMOP1_BC,1,23,29,1,0.1,29,0,0.00358459797573088,0.00946279501281944,29,20,3,0.00151808616447678,100,0.995373936375246,1.24837706656921,0,3,17,20,0,0.689655172413793,0.281961615221202,0.291889744326772,0,0.29248727446424,NaN,0.25,-0.0438707350272689,0,0.283522507204551,0.292626853899669,0,400,31,462,462,169,293,62,11,82,11,8101,0,33,33,33,33,29,29,29,29,29,0,20
DASCMOP1_BC,1,24,33,1,0.11,33,0,0.00402223966273621,0.00997135944301811,33,20,3,0.00172747735957703,96.969696969697,0.995373936375246,1.24232199897584,0,2,18,20,0,0.606060606060606,0.0893896215118967,0.0953664244938442,0,0.0954711114702246,NaN,0.85,0.0356785906355197,0,0.0918464215465429,0.0956516917625268,0,400,29,458,458,163,295,63,12,86,12,7910,0,36,36,36,36,33,33,33,33,33,0,20
DASCMOP1_BC,1,25,33,1,0.11,33,0,0.00367760300203664,0.00881337459277463,33,20,3,0.00172747735957703,96.969696969697,0.995373936375246,1.24232199897584,0,2,18,20,0,0.606060606060606,0.0200606521922609,0.0209526123812951,0,0.0237328498444342,NaN,0.95,0.0671245812558358,0,0.0212778251066732,0.0237328498444342,0,400,33,466,466,171,295,68,12,91,12,8367,0,36,36,36,36,33,33,33,33,33,0,20
DASCMOP1_BC,1,26,35,1,0.12,35,0,0.00226458626297668,0.00869213628793509,35,20,3,0.00183217295712715,91.4285714285714,0.882858017043284,1.12465929043796,0,1,19,20,0,0.571428571428571,0.0567790929319527,0.0573333242758211,0,0.0594170358769406,NaN,0.7,0.0725942073268138,0,0.0573628196496374,0.0595593709572484,0,400,33,466,466,170,296,69,12,94,12,7308,0,36,36,36,36,35,35,35,35,35,0,20
DASCMOP1_BC,1,27,33,1,0.11,33,0,0.00274197935000381,0.00659860386983953,33,20,3,0.00172747735957703,96.969696969697,0.882858017043284,1.23673843929048,0,2,18,20,0,0.606060606060606,0.0436673948603796,0.0472692240350734,0,0.0485395597905516,NaN,0.7,0.0581162667422878,0,0.0453124348495625,0.0487197101626341,0,400,35,470,470,165,305,72,11,87,11,8334,0,33,33,33,33,33,33,33,33,33,0,20
DASCMOP1_BC,1,28,33,1,0.11,33,0,0.00513188506669702,0.00825912022815057,33,20,3,0.00172747735957703,96.969696969697,0.882858017043284,1.23673843929048,0,2,18,20,0,0.606060606060606,0.16427086872735,0.17732274164542,0,0.178326191505935,NaN,0.75,0.0710408420815489,0,0.164629495738613,0.17837000118843,0,400,33,466,466,170,296,69,11,86,11,7736,0,33,33,33,33,33,33,33,33,33,0,20
DASCMOP1_BC,1,29,36,1,0.12,36,0,0.00480528975717481,0.0106070327711652,36,20,3,0.00188452075590221,88.8888888888889,0.799952864711242,1.12465929043796,0,1,19,20,0,0.555555555555556,0.264504472163847,0.276485101562425,0,0.277803419332199,NaN,0.75,0.0600443042751547,0,0.265935040430469,0.277851540700576,0,400,33,466,466,168,298,74,12,91,12,8285,0,36,36,36,36,36,36,36,36,36,0,20
DASCMOP1_BC,1,30,36,1,0.12,36,0,0.00510667160500552,0.0176895050953341,36,20,3,0.00188452075590221,88.8888888888889,0.76679733517133,1.23231501557245,0,3,17,20,0,0.555555555555556,0.0711115577154625,0.0855852202686828,0,0.0863430472057823,NaN,0.5,0.0169799555512832,0,0.0724835498693174,0.0864377923929395,0,400,36,472,472,176,296,78,12,89,12,8106,0,36,36,36,36,36,36,36,36,36,0,20
DASCMOP1_BC,1,31,33,1,0.11,33,0,0.0036061253637765,0.00771524325400735,33,20,3,0.00172747735957703,96.969696969697,0.739626290467464,1.23673843929048,0,2,18,20,0,0.606060606060606,0.0212113185937863,0.0267641646386475,0,0.0277554517717966,NaN,0.45,-0.00795202927449667,0,0.0251049098602144,0.0277554517717966,0,400,36,472,472,177,295,72,12,85,12,6877,0,36,36,36,36,33,33,33,33,33,0,20
DASCMOP1_BC,1,32,33,1,0.11,33,0,0.00362128481506496,0.00864245454008847,33,20,3,0.00172747735957703,96.969696969697,0.821823871262346,1.25443213416258,0,1,19,20,0,0.606060606060606,0.0332198061753394,0.0370838269128016,0,0.0384620450800986,NaN,0.4,-0.0130488996680059,0,0.0339008325370643,0.0385174175620652,0,400,33,466,466,163,303,72,12,92,12,7338,0,36,36,36,36,33,33,33,33,33,0,20
DASCMOP1_BC,1,33,33,1,0.11,33,0,0.00356565747859159,0.0077264629506694,33,20,3,0.00172747735957703,96.969696969697,0.882858017043284,1.26146190698533,0,2,18,20,9,0.606060606060606,0.0468242854618053,0.0680541150511092,0,0.0681703189462239,NaN,0.45,-0.00172282267390922,0.545454545454545,0.0514582502991584,0.0683324911686499,0.45,400,33,466,466,173,293,68,12,92,12,6450,0,36,36,36,36,33,33,33,33,33,0,20
DASCMOP1_BC,1,34,36,1,0.12,36,0,0.00407265458922139,0.0185148002644508,36,20,3,0.00188452075590221,88.8888888888889,0.824827676107307,1.23231501557245,0,2,18,20,0,0.555555555555556,0.327280572094068,0.345662971361367,0,0.346968312072973,NaN,0.4,-0.0184547261837286,0,0.32888040151885,0.347112672751435,0,400,33,466,466,173,293,72,13,77,13,6958,0,39,39,39,39,36,36,36,36,36,0,20
DASCMOP1_BC,1,35,36,1,0.12,36,0,0.00406362466333649,0.0178210894437374,36,20,3,0.00188452075590221,88.8888888888889,0.753211812819397,1.23231501557245,0,2,18,20,0,0.555555555555556,0.150334038122166,0.167377298004237,0,0.168033352008818,NaN,0.5,0.00036854585502144,0,0.153854360351199,0.168092205418803,0,400,36,472,472,169,303,66,13,81,13,6420,0,39,39,39,39,36,36,36,36,36,0,20
DASCMOP1_BC,1,36,37,1,0.13,37,0,0.00442583452996128,0.0122415794554541,37,20,3,0.00193686855467728,86.4864864864865,0.76679733517133,1.12993507739327,0,4,16,20,0,0.540540540540541,0.083734361371276,0.100880133480333,0,0.101567517240517,NaN,0.35,-0.0395134207687752,0,0.0868477958650415,0.101790828393852,0,400,36,472,472,169,303,67,13,100,13,6682,0,39,39,39,39,37,37,37,37,37,0,20
DASCMOP1_BC,1,37,42,1,0.14,42,0,0.00676996567127639,0.0212146121025609,42,20,3,0.00219860754855258,76.1904761904762,0.824827676107307,1.14583704792362,0,3,17,20,20,0.476190476190476,0.0169250500926289,0.0245217717771107,0,0.0247148981973204,NaN,0.75,0.0607086173493174,1,0.0216514711253494,0.0251315000766379,1,400,37,474,474,182,292,71,14,100,14,5992,0,42,42,42,42,42,42,42,42,42,0,20
DASCMOP1_BC,1,38,36,1,0.12,36,0,0.00345104477820967,0.0119636196338799,36,20,3,0.00188452075590221,88.8888888888889,0.811242153755374,1.23231501557245,0,1,19,20,0,0.555555555555556,0.108720049359026,0.117797086441864,0,0.118209707254518,NaN,0.5,0.0302915766595539,0,0.109050933923915,0.118266222162055,0,400,42,484,484,183,301,77,14,100,14,6768,0,42,42,42,42,36,36,36,36,36,0,20
DASCMOP1_BC,1,39,42,1,0.14,42,0,0.00617142649302965,0.0162738613964221,42,20,3,0.00219860754855258,76.1904761904762,0.824827676107307,1.18294164582777,0,3,17,20,9,0.476190476190476,0.0461034904923862,0.062516345494721,0,0.0631216586995774,NaN,0.85,0.115779556859963,0.571428571428571,0.0538196966578528,0.0633937630649791,0.45,400,36,472,472,170,302,72,14,100,14,6544,0,42,42,42,42,42,42,42,42,42,0,20
DASCMOP1_BC,1,40,42,1,0.14,42,0,0.00663404394462468,0.0165124682526565,42,20,3,0.00219860754855258,76.1904761904762,0.76679733517133,1.18294164582777,0,3,17,20,18,0.476190476190476,0.0298843699721937,0.0453883984476991,0,0.0453883984476991,NaN,0.5,0.00193431667085936,1,0.0350174503576116,0.0458948611298557,0.9,400,42,484,484,183,301,79,14,98,14,6963,0,42,42,42,42,42,42,42,42,42,0,20
DASCMOP1_BC,1,41,45,1,0.15,45,0,0.00293484866047856,0.0137359184969271,45,20,3,0.00235565094487777,71.1111111111111,0.759030677263181,1.18294164582777,0,1,19,20,0,0.444444444444444,0.0864977177432092,0.106677965151222,0,0.107626186519472,NaN,0.45,-0.00513240069276255,0,0.0917002041736783,0.107754519605903,0,400,42,484,484,182,302,80,15,100,15,7488,0,45,45,45,45,45,45,45,45,45,0,20
DASCMOP1_BC,1,42,42,1,0.14,42,0,0.00557119749521173,0.0188236209003779,42,20,3,0.00219860754855258,76.1904761904762,0.739626290467464,1.18294164582777,0,2,18,20,0,0.476190476190476,0.0232987516476735,0.0281719008688121,0,0.0337255656417063,NaN,0.5,0.00112285461708861,0,0.0263465245438998,0.0340943651092642,0,400,45,490,490,181,309,83,14,100,14,7480,0,42,42,42,42,42,42,42,42,42,0,20
DASCMOP1_BC,1,43,42,1,0.14,42,0,0.00516474200429012,0.0168060846654896,42,20,3,0.00219860754855258,76.1904761904762,0.760643158698407,1.18294164582777,0,2,18,20,0,0.476190476190476,0.0485985214589098,0.0511928061316832,0,0.0533397587109497,NaN,0.45,-0.0168486549115096,0,0.0488207108194428,0.0534454818521456,0,400,42,484,484,183,301,80,14,100,14,6945,0,42,42,42,42,42,42,42,42,42,0,20
DASCMOP1_BC,1,44,42,1,0.14,42,0,0.0051868586491738,0.0144334029066819,42,20,3,0.00219860754855258,76.1904761904762,0.762914006217255,1.18294164582777,0,2,18,20,0,0.476190476190476,0.0773669753314246,0.0959230104760243,0,0.0961605765119811,NaN,0.8,0.0346270288075415,0,0.0831591197317579,0.0962767385188269,0,400,42,484,484,184,300,82,14,100,14,6768,0,42,42,42,42,42,42,42,42,42,0,20
DASCMOP1_BC,1,45,42,1,0.14,42,0,0.00649739076606138,0.0164543646690122,42,20,3,0.00219860754855258,76.1904761904762,0.760643158698407,1.18294164582777,0,2,18,20,0,0.476190476190476,0.11158033671444,0.125375310072023,0,0.125891682270469,NaN,0.6,0.0304752189416541,0,0.114399540470623,0.12624507950021,0,400,42,484,484,183,301,81,14,95,14,7065,0,42,42,42,42,42,42,42,42,42,0,20
DASCMOP1_BC,1,46,42,1,0.14,42,0,0.00587091547796404,0.0211299441928949,42,20,3,0.00219860754855258,76.1904761904762,0.754488982225484,1.01608852643926,0,2,18,20,0,0.476190476190476,0.20064845604651,0.218006615185637,0,0.218704566777928,NaN,0.7,0.0637850506078116,0,0.200819094405407,0.218773430278789,0,400,42,484,484,186,298,82,14,96,14,6936,0,42,42,42,42,42,42,42,42,42,0,20
DASCMOP1_BC,1,47,45,1,0.15,45,0,0.00692686104193535,0.0175810992596292,45,20,3,0.00235565094487777,71.1111111111111,0.759030677263181,1.12993507739327,0,1,19,20,0,0.444444444444444,0.260517994289741,0.298249435063963,0,0.298654466064607,NaN,0.5,0.000920029640371689,0,0.261157530117998,0.298856668899921,0,400,42,484,484,178,306,82,15,100,15,7180,0,45,45,45,45,45,45,45,45,45,0,20
DASCMOP1_BC,1,48,42,1,0.14,42,0,0.00367501673255666,0.0162325933098522,42,20,3,0.00219860754855258,76.1904761904762,0.481787281534277,1.12465929043796,0,1,19,20,20,0.476190476190476,0.0148774182988741,0.0291827180506639,0,0.03446779553053,NaN,0.55,0.00137206321925132,1,0.0168307203280873,0.0347048063374055,1,400,45,490,490,181,309,85,15,100,15,6898,0,45,45,45,45,42,42,42,42,42,0,20
DASCMOP1_BC,1,49,42,1,0.14,42,0,0.00325367365217712,0.0126519533330318,42,20,3,0.00219860754855258,76.1904761904762,0.410171418246367,1.12927500794806,0,2,18,20,1,0.476190476190476,0.0117464557145254,0.0179457337393639,0,0.0230410890454775,NaN,0.75,0.00671130396938174,0.0714285714285714,0.017719810989644,0.0230410890454775,0.05,400,42,484,484,174,310,82,14,100,14,7224,0,42,42,42,42,42,42,42,42,42,0,20
DASCMOP1_BC,1,50,42,1,0.14,42,0,0.00349352169562367,0.014992185244024,42,20,3,0.00219860754855258,76.1904761904762,0.747057636346474,1.12465929043796,0,2,18,20,4,0.476190476190476,0.0525091495440163,0.0591565444818805,0,0.0639642396578028,NaN,0.75,0.010421086203762,0.428571428571429,0.0556817980811507,0.0647185299517413,0.2,400,42,484,484,175,309,83,14,100,14,7248,0,42,42,42,42,42,42,42,42,42,0,20
DASCMOP1_BC,1,51,42,1,0.14,42,0,0.00489028390442736,0.0203277375925471,42,20,3,0.00219860754855258,76.1904761904762,0.747057636346474,1.12927500794806,0,2,18,20,19,0.476190476190476,0.00960359152396688,0.0139249646167206,0,0.0264560464677928,NaN,0.5,-0.0167475086432504,1,0.0142723982534226,0.0269776075754475,0.95,400,42,484,484,192,292,84,14,100,14,5631,0,42,42,42,42,42,42,42,42,42,0,20
DASCMOP1_BC,1,52,48,1,0.16,48,0,0.00798069778566319,0.0222610559247663,48,20,3,0.00251269434120295,66.6666666666667,0.756759829744333,1.12465929043796,0,0,20,20,0,0.416666666666667,0.0200777774423106,0.0239502868760153,0,0.0276009469239353,NaN,0.5,-0.00534896117970918,0,0.0230247323213396,0.0278595276677665,0,400,42,484,484,186,298,84,16,100,16,6551,0,48,48,48,48,48,48,48,48,48,0,20
DASCMOP1_BC,1,53,45,1,0.15,45,0,0.00712552668802606,0.0177612635299799,45,20,3,0.00235565094487777,71.1111111111111,0.882858017043284,1.15465767722802,0,1,19,20,20,0.444444444444444,0.0118185074002803,0.0162401234799709,0,0.0279890376064666,NaN,0.5,0.00999404806042892,1,0.0147264563779553,0.0284922683950704,1,400,48,496,496,186,310,89,15,100,15,7638,0,45,45,45,45,45,45,45,45,45,0,20
DASCMOP1_BC,1,54,42,1,0.14,42,0,0.00732416590174158,0.0180592440876979,42,20,3,0.00219860754855258,76.1904761904762,0.747057636346474,1.14609811022776,0,2,18,20,20,0.476190476190476,0.0157433444302141,0.0237985934985601,0,0.0263606237345075,NaN,0.35,-0.0027613569821805,1,0.0192869545004451,0.0267367968738205,1,400,45,490,490,181,309,89,14,100,14,7575,0,42,42,42,42,42,42,42,42,42,0,20
DASCMOP1_BC,1,55,45,1,0.15,45,0,0.00590043089127957,0.0182484723489063,45,20,3,0.00235565094487777,71.1111111111111,0.754488982225484,1.12465929043796,0,1,19,20,20,0.444444444444444,0.011072946634412,0.024450853201702,0,0.0271126966410811,NaN,0.5,0.0036354502293105,1,0.0152671744099303,0.0272428791954207,1,400,42,484,484,184,300,86,15,100,15,6616,0,45,45,45,45,45,45,45,45,45,0,20
DASCMOP1_BC,1,56,45,1,0.15,45,0,0.00746640612070367,0.0178382474569638,45,20,3,0.00235565094487777,71.1111111111111,0.821823871262346,1.15465767722802,0,0,20,20,0,0.444444444444444,0.0336619270735804,0.0384093313449884,0,0.0400461190639364,NaN,0.7,0.0203075838101675,0,0.0350444096060249,0.0401394977473108,0,400,45,490,490,175,315,89,15,100,15,7820,0,45,45,45,45,45,45,45,45,45,0,20
DASCMOP1_BC,1,57,42,1,0.14,42,0,0.00560140693544836,0.0163418524108751,42,20,3,0.00219860754855258,76.1904761904762,0.754488982225484,1.20728761178501,0,2,18,20,0,0.476190476190476,0.024401265469297,0.0336606531122756,0,0.0342015076458362,NaN,0.55,0.00258146699457312,0,0.0276031362479049,0.034343525617458,0,400,45,490,490,184,306,92,14,100,14,7456,0,42,42,42,42,42,42,42,42,42,0,20
DASCMOP1_BC,1,58,45,1,0.15,45,0,0.00688039980397988,0.0160644370447535,45,20,3,0.00235565094487777,71.1111111111111,0.882858017043284,1.18294164582777,0,0,20,20,0,0.444444444444444,0.0487610094083168,0.0497082626226885,0,0.0523778036137158,NaN,0.6,0.00181202171985984,0,0.0505095295681019,0.0523778036137158,0,400,42,484,484,183,301,90,15,100,15,7116,0,45,45,45,45,45,45,45,45,45,0,20
DASCMOP1_BC,1,59,45,1,0.15,45,0,0.00758181573850801,0.0193628781270097,45,20,3,0.00235565094487777,71.1111111111111,0.903022104817673,1.18294164582777,0,0,20,20,0,0.444444444444444,0.0299178643525224,0.0339867426107376,0,0.03664951946537,NaN,0.4,-0.00649412998650989,0,0.0326685633367838,0.0369149742152516,0,400,45,490,490,179,311,94,15,100,15,7970,0,45,45,45,45,45,45,45,45,45,0,20
DASCMOP1_BC,1,60,42,1,0.14,42,0,0.00353753444412407,0.0133512587947744,42,20,3,0.00219860754855258,76.1904761904762,0.065054008309752,1.10348580776745,0,2,18,20,10,0.476190476190476,0.00271112206288407,0.0042744633205677,0,0.0206634259309275,NaN,0.7,0.00209230745112438,0.785714285714286,0.00996475550505548,0.0211692991397745,0.5,400,45,490,490,179,311,96,14,100,14,8306,0,42,42,42,42,42,42,42,42,42,0,20
DASCMOP1_BC,1,61,42,1,0.14,42,0,0.00419975248744226,0.0132007128829848,42,20,3,0.00219860754855258,76.1904761904762,0.065054008309752,1.11606010423413,0,2,18,20,0,0.476190476190476,0.10409248161257,0.118055380032427,0,0.119206938544198,NaN,0.75,0.00682658492098887,0,0.105540200499794,0.119375011414088,0,400,42,484,484,182,302,88,14,100,14,6935,0,42,42,42,42,42,42,42,42,42,0,20
DASCMOP1_BC,1,62,45,1,0.15,45,0,0.00382858854709004,0.0162268418010804,45,20,3,0.00235565094487777,71.1111111111111,0.0493914705942332,1.06543063137017,0,1,19,20,0,0.444444444444444,0.259226587675094,0.272671229692687,0,0.275664468528,NaN,0.65,0.0040419511133003,0,0.26454229619396,0.275848664408213,0,400,42,484,484,197,287,88,15,100,15,5933,0,45,45,45,45,45,45,45,45,45,0,20
DASCMOP1_BC,1,63,42,1,0.14,42,0,0.00755648158392159,0.0178395089861272,42,20,3,0.00219860754855258,76.1904761904762,0.065054008309752,1.02579352440243,0,1,19,20,0,0.476190476190476,0.076874057977703,0.0857580711958745,0,0.087460527231675,NaN,0.6,0.00621169411939881,0,0.0811975668176036,0.0876082263301466,0,400,45,490,490,182,308,96,14,100,14,7621,0,42,42,42,42,42,42,42,42,42,0,20
DASCMOP1_BC,1,64,45,1,0.15,45,0,0.00645085139061284,0.0146511593189851,45,20,3,0.00235565094487777,71.1111111111111,0.821823871262346,1.11606010423413,0,0,20,20,0,0.444444444444444,0.0653494127609083,0.0712808369227782,0,0.072855771744427,NaN,0.4,-0.00531617492251679,0,0.0691172793124317,0.0732120260304614,0,400,42,484,484,178,306,94,15,100,15,7899,0,45,45,45,45,45,45,45,45,45,0,20
DASCMOP1_BC,1,65,48,1,0.16,48,0,0.00692911435891452,0.0158248600401614,48,20,3,0.00251269434120295,66.6666666666667,0.391866286128052,1.06543063137017,0,0,20,20,0,0.416666666666667,0.284747666760474,0.2925723754102,0,0.293737246372918,NaN,0.65,0.0386001924666136,0,0.285686981098758,0.293777660936197,0,400,45,490,490,178,312,98,16,100,16,8339,0,48,48,48,48,48,48,48,48,48,0,20
DASCMOP1_BC,1,66,48,1,0.16,48,0,0.00696815978083167,0.0158399853138651,48,20,3,0.00251269434120295,66.6666666666667,0.391866286128052,1.06543063137017,0,0,20,20,0,0.416666666666667,0.19217765505243,0.197923862234286,0,0.198872048272611,NaN,0.7,0.0658859210926102,0,0.193457859193243,0.198903492244281,0,400,48,496,496,186,310,101,16,100,16,7984,0,48,48,48,48,48,48,48,48,48,0,20
DASCMOP1_BC,1,67,45,1,0.15,45,0,0.00646306295423417,0.0162114604449902,45,20,3,0.00235565094487777,71.1111111111111,0.0807165460252708,1.07281159867195,0,1,19,20,0,0.444444444444444,0.070964245771677,0.0734435505510445,0,0.0743881310796388,NaN,0.75,0.0230716860743274,0,0.0715442315738771,0.074393491565317,0,400,48,496,496,179,317,101,15,100,15,8533,0,45,45,45,45,45,45,45,45,45,0,20
DASCMOP1_BC,1,68,45,1,0.15,45,0,0.00283908212645619,0.00648019578354363,45,20,3,0.00235565094487777,71.1111111111111,0.0493914705942332,1.07281159867195,0,0,20,20,0,0.444444444444444,0.0742715093212875,0.0819558277051819,0,0.08792579235488,NaN,0.6,0.00536982196810165,0,0.0808692700463799,0.0879438871069185,0,400,45,490,490,185,305,98,15,100,15,7923,0,45,45,45,45,45,45,45,45,45,0,20
DASCMOP1_BC,1,69,45,1,0.15,45,0,0.00610575560532898,0.0132452931180148,45,20,3,0.00235565094487777,71.1111111111111,0.0807165460252708,1.13291277558718,0,0,20,20,17,0.444444444444444,0.0375286167067422,0.0507935748677453,0,0.0598287334605407,NaN,0.5,-0.000535212618801961,1,0.0427060802565322,0.0603541367203099,0.85,400,45,490,490,183,307,100,15,100,15,8575,0,45,45,45,45,45,45,45,45,45,0,20
DASCMOP1_BC,1,70,45,1,0.15,45,0,0.0064277075093099,0.0158662212741097,45,20,3,0.00235565094487777,71.1111111111111,0.808381865336936,1.11606010423413,0,1,19,20,0,0.444444444444444,0.0226279690266617,0.0268557323729203,0,0.0327032971272773,NaN,0.5,-0.000454722857367196,0,0.0240636351926924,0.032945434815363,0,400,45,490,490,179,311,92,15,100,15,7802,0,45,45,45,45,45,45,45,45,45,0,20
DASCMOP1_BC,1,71,42,1,0.14,42,0,0.00392454962146968,0.0132580694601842,42,20,3,0.00219860754855258,76.1904761904762,0.0415672791289366,1.07281159867195,0,1,19,20,20,0.476190476190476,0.00514391592245912,0.0101276903996864,0,0.023667216205391,NaN,0.7,0.00637183001794861,1,0.0141226960775278,0.0239634553705451,1,400,45,490,490,173,317,97,14,100,14,9092,0,42,42,42,42,42,42,42,42,42,0,20
DASCMOP1_BC,1,72,45,1,0.15,45,0,0.00375028368069897,0.0145872750782539,45,20,3,0.00235565094487777,71.1111111111111,0.0493914705942332,1.02354147726803,0,1,19,20,0,0.444444444444444,0.00720658558212368,0.00938361473698944,0,0.0195302933766859,NaN,0.55,0.00150263038254955,0,0.0130928390210676,0.0204244627629312,0,400,42,484,484,179,305,98,15,100,15,7893,0,45,45,45,45,45,45,45,45,45,0,20
DASCMOP1_BC,1,73,42,1,0.14,42,0,0.00548949382354912,0.0159560138540313,42,20,3,0.00219860754855258,76.1904761904762,0.428886667965585,1.13291277558718,0,1,19,20,0,0.476190476190476,0.0811283346323701,0.0917513916020594,0,0.092361898970222,NaN,0.5,0.000371707472819449,0,0.0813125112669837,0.0926229561786616,0,400,45,490,490,183,307,101,14,100,14,8167,0,42,42,42,42,42,42,42,42,42,0,20
DASCMOP1_BC,1,74,42,1,0.14,42,0,0.00666143803966047,0.0165225357793987,42,20,3,0.00219860754855258,76.1904761904762,0.848067819836422,1.07281159867195,0,1,19,20,0,0.476190476190476,0.0970049477513942,0.1064583073169,0,0.106984514714379,NaN,0.3,-0.0955602988674576,0,0.0970994341219608,0.106984514714379,0,400,42,484,484,182,302,95,14,100,14,7746,0,42,42,42,42,42,42,42,42,42,0,20
DASCMOP1_BC,1,75,42,1,0.14,42,0,0.00582980012888645,0.0153490275744125,42,20,3,0.00219860754855258,76.1904761904762,0.915838028029295,1.11606010423413,0,1,19,20,12,0.476190476190476,0.042195860160278,0.0595548921679559,0,0.0595792327127787,NaN,0.55,0.00641395507187653,0.785714285714286,0.0463150641870088,0.0595847839675666,0.6,400,42,484,484,177,307,98,14,100,14,8080,0,42,42,42,42,42,42,42,42,42,0,20
DASCMOP1_BC,1,76,45,1,0.15,45,0,0.00402443472253422,0.0145755541581632,45,20,3,0.00235565094487777,71.1111111111111,0.0493914705942332,1.02354147726803,0,1,19,20,0,0.444444444444444,0.136159238830717,0.167474868622821,0,0.1683606391178,NaN,0.8,0.0052349518455938,0,0.139579630114212,0.168464730365099,0,400,42,484,484,173,311,99,15,100,15,8120,0,45,45,45,45,45,45,45,45,45,0,20
DASCMOP1_BC,1,77,45,1,0.15,45,0,0.00344244970797961,0.0145279867831918,45,20,3,0.00235565094487777,71.1111111111111,0.0493914705942332,1.02354147726803,0,0,20,20,9,0.444444444444444,0.0482030176469677,0.070360393794165,0,0.0706715968274967,NaN,0.65,0.00522858216692212,0.4,0.0518410274012468,0.0709455430787494,0.45,400,45,490,490,197,293,103,15,100,15,7281,0,45,45,45,45,45,45,45,45,45,0,20
DASCMOP1_BC,1,78,45,1,0.15,45,0,0.00396784070765663,0.0149279295286896,45,20,3,0.00235565094487777,71.1111111111111,0.0493914705942332,0.978981647993665,0,0,20,20,5,0.444444444444444,0.0494761678747768,0.0579324831165564,0,0.0589734863920485,NaN,0.5,0.0013108277704369,0.333333333333333,0.0511841800886381,0.0590422243390672,0.25,400,45,490,490,186,304,105,15,100,15,8846,0,45,45,45,45,45,45,45,45,45,0,20
DASCMOP1_BC,1,79,42,1,0.14,42,0,0.00316532705612114,0.0138126974466391,42,20,3,0.00219860754855258,76.1904761904762,0.780426306396746,1.0975399914301,0,1,19,20,4,0.476190476190476,0.0513000068077201,0.0642733691347502,0,0.0646852947456731,NaN,0.65,0.0390788000595566,0.357142857142857,0.0533916694494048,0.0647421092038701,0.2,400,45,490,490,184,306,106,14,100,14,8741,0,42,42,42,42,42,42,42,42,42,0,20
DASCMOP1_BC,1,80,42,1,0.14,42,0,0.00477014450212589,0.0166876609014281,42,20,3,0.00219860754855258,76.1904761904762,0.815102868299641,1.0975399914301,0,1,19,20,0,0.476190476190476,0.0348020293119619,0.0379175438182954,0,0.038333033188217,NaN,0.6,0.0123337371098515,0,0.0367615571087183,0.0384954531014254,0,400,42,484,484,183,301,104,14,100,14,8606,0,42,42,42,42,42,42,42,42,42,0,20
DASCMOP1_BC,1,81,39,1,0.13,39,0,0.00313963024928254,0.0103568953765952,39,20,3,0.0020415641522274,82.0512820512821,0.808381865336936,1.00088895107933,0,1,19,20,0,0.512820512820513,0.0995967296668384,0.120214317982436,0,0.120393939864931,NaN,0.65,0.123035522699934,0,0.102665064570496,0.120393939864931,0,400,42,484,484,171,313,104,14,100,14,9347,0,42,42,42,42,39,39,39,39,39,0,20
DASCMOP1_BC,1,82,42,1,0.14,42,0,0.00276784495049006,0.00912068022765936,42,20,3,0.00219860754855258,76.1904761904762,0.808381865336936,1.10331311458161,0,0,20,20,0,0.476190476190476,0.0207589956078569,0.0306306526232337,0,0.0323048109179863,NaN,0.8,0.0802640948779632,0,0.0211292351835509,0.032725535883868,0,400,39,478,478,178,300,96,15,100,15,8391,0,45,45,45,45,42,42,42,42,42,0,20
DASCMOP1_BC,1,83,42,1,0.14,42,0,0.00376201506353238,0.0124760692241659,42,20,3,0.00219860754855258,76.1904761904762,0.861637204028914,1.10348580776745,0,0,20,20,0,0.476190476190476,0.0263922575689717,0.0348120542751236,0,0.0352805176755763,NaN,0.65,0.08121115519192,0,0.0279953058031652,0.0356028046915708,0,400,42,484,484,181,303,103,15,100,15,8719,0,45,45,45,45,42,42,42,42,42,0,20
DASCMOP1_BC,1,84,42,1,0.14,42,0,0.00318713255691226,0.0109752647297399,42,20,3,0.00219860754855258,76.1904761904762,0.821951249529428,1.10331311458161,0,0,20,20,0,0.476190476190476,0.0404270056877768,0.0469936110038047,0,0.0474029649811408,NaN,0.8,0.149371515813418,0,0.0418603132656684,0.0475641870727604,0,400,42,484,484,174,310,103,15,100,15,9642,0,45,45,45,45,42,42,42,42,42,0,20
DASCMOP1_BC,1,85,39,1,0.13,39,0,0.00297425144052047,0.0129997416237329,39,20,3,0.0020415641522274,82.0512820512821,0.83552063372192,1.27332084409306,0,1,19,20,0,0.512820512820513,0.0524826378910002,0.0536210829237322,0,0.0545002729404604,NaN,0.75,0.0875910130614562,0,0.0538614985485756,0.0545313420145859,0,400,42,484,484,177,307,104,14,100,14,9572,0,42,42,42,42,39,39,39,39,39,0,20
DASCMOP1_BC,1,86,39,1,0.13,39,0,0.00280184379765519,0.0114007956998611,39,20,3,0.0020415641522274,82.0512820512821,0.83552063372192,1.06543063137017,0,0,20,20,0,0.512820512820513,0.0483661516338469,0.0490392606252345,0,0.04962223342829,NaN,0.75,0.0941562040939538,0,0.0489576001073434,0.04962223342829,0,400,39,478,478,167,311,103,14,100,14,9157,0,42,42,42,42,39,39,39,39,39,0,20
DASCMOP1_BC,1,87,39,1,0.13,39,0,0.00291390445997236,0.0124884257848323,39,20,3,0.0020415641522274,82.0512820512821,0.83552063372192,1.06543063137017,0,0,20,20,0,0.512820512820513,0.0119821511360176,0.0144864969156703,0,0.017522653229938,NaN,0.7,0.0655865230050554,0,0.0148268902241546,0.017738342887755,0,400,39,478,478,181,297,104,14,100,14,8394,0,42,42,42,42,39,39,39,39,39,0,20
DASCMOP1_BC,1,88,39,1,0.13,39,0,0.00245676268865276,0.00995749903280296,39,20,3,0.0020415641522274,82.0512820512821,0.83552063372192,1.06543063137017,0,0,20,20,0,0.512820512820513,0.030825329563496,0.0410026800892546,0,0.0412155961805425,NaN,0.75,0.087715352673455,0,0.0310469754152095,0.0413902879562878,0,400,39,478,478,186,292,104,14,100,14,8538,0,42,42,42,42,39,39,39,39,39,0,20
DASCMOP1_BC,1,89,39,1,0.13,39,0,0.0028122187896824,0.0114400629566185,39,20,3,0.0020415641522274,82.0512820512821,0.887753774335908,1.10331311458161,0,0,20,20,0,0.512820512820513,0.0153794610980143,0.0189253550930369,0,0.0250292388664818,NaN,0.55,0.0593556717033797,0,0.0210501078609998,0.0251556129412478,0,400,39,478,478,177,301,104,14,100,14,8440,0,42,42,42,42,39,39,39,39,39,0,20
DASCMOP1_BC,1,90,36,1,0.12,36,0,0.00258329888787945,0.00915984495940836,36,20,3,0.00188452075590221,88.8888888888889,0.861637204028914,1.10331311458161,0,0,20,20,0,0.555555555555556,0.161050953661069,0.17366318046403,0,0.174200520620709,NaN,0.65,0.0857751830148629,0,0.164421954404159,0.174200520620709,0,400,39,478,478,170,308,104,14,100,14,9290,0,42,42,42,42,36,36,36,36,36,0,20
DASCMOP1_BC,1,91,39,1,0.13,39,0,0.00301732294077542,0.0121110642836156,39,20,3,0.0020415641522274,82.0512820512821,0.83552063372192,1.10331311458161,0,0,20,20,0,0.512820512820513,0.230710746036922,0.241452217470827,0,0.241452217470827,NaN,0.6,0.00215699386412938,0,0.232280056723369,0.241493111595101,0,400,36,472,472,171,301,101,14,100,14,8466,0,42,42,42,42,39,39,39,39,39,0,20
DASCMOP1_BC,1,92,42,1,0.14,42,0,0.0036571719315763,0.0134771600877363,42,20,3,0.00219860754855258,76.1904761904762,0.815102868299641,1.10331311458161,0,0,20,20,0,0.476190476190476,0.0265896306037143,0.0336680392808276,0,0.0390698678565679,NaN,0.4,-0.00277543504949146,0,0.0285407125489962,0.0396029821718161,0,400,39,478,478,188,290,106,14,100,14,7705,0,42,42,42,42,42,42,42,42,42,0,20
DASCMOP1_BC,1,93,39,1,0.13,39,0,0.00273791428259088,0.00890247387946701,39,20,3,0.0020415641522274,82.0512820512821,0.83552063372192,1.10331311458161,0,0,20,20,0,0.512820512820513,0.116784249657117,0.127690478499419,0,0.128068847295727,NaN,0.4,-0.0225176830038781,0,0.117124478690215,0.128068847295727,0,400,42,484,484,181,303,107,14,100,14,8869,0,42,42,42,42,39,39,39,39,39,0,20
DASCMOP1_BC,1,94,39,1,0.13,39,0,0.00317975272614623,0.0123566140029329,39,20,3,0.0020415641522274,82.0512820512821,0.821823871262346,1.10331311458161,0,1,19,20,0,0.512820512820513,0.274548895671655,0.287125294763173,0,0.287333697372363,NaN,0.45,-0.00178986448787455,0,0.274860343991449,0.287469285130561,0,400,39,478,478,174,304,107,14,100,14,9164,0,42,42,42,42,39,39,39,39,39,0,20
DASCMOP1_BC,1,95,39,1,0.13,39,0,0.0026378388534551,0.0103861398235735,39,20,3,0.0020415641522274,82.0512820512821,0.83552063372192,1.19446267408182,0,0,20,20,0,0.512820512820513,0.102449261699841,0.110309750157558,0,0.111820064247141,NaN,0.6,0.0708535513637156,0,0.103206602594409,0.111926947180681,0,400,39,478,478,177,301,108,14,100,14,8921,0,42,42,42,42,39,39,39,39,39,0,20
DASCMOP1_BC,1,96,39,1,0.13,39,0,0.00307317656563782,0.00944988241640846,39,20,3,0.0020415641522274,82.0512820512821,0.83552063372192,1.10348580776745,0,0,20,20,0,0.512820512820513,0.112179620546098,0.118304168770812,0,0.118717024869673,NaN,0.5,0.0195827593919635,0,0.112543326929446,0.118717024869673,0,400,39,478,478,173,305,109,14,100,14,10208,0,42,42,42,42,39,39,39,39,39,0,20
DASCMOP1_BC,1,97,39,1,0.13,39,0,0.00284573092330975,0.0107673431839087,39,20,3,0.0020415641522274,82.0512820512821,0.83552063372192,1.10348580776745,0,0,20,20,20,0.512820512820513,0.0224124440238243,0.0255020738472104,0,0.0322149918085165,NaN,0.85,0.304484557533479,1,0.025158175022343,0.0322149918085165,1,400,39,478,478,180,298,110,14,100,14,9899,0,42,42,42,42,39,39,39,39,39,0,20
DASCMOP1_BC,1,98,36,1,0.12,36,0,0.00338577994835569,0.0123950418192525,36,20,3,0.00188452075590221,88.8888888888889,0.869603593373517,1.19446267408182,0,0,20,20,0,0.555555555555556,0.0900762711230439,0.0964044194657875,0,0.0970993827500327,NaN,0.9,0.341050773454094,0,0.0905021679561836,0.0971996413083652,0,400,39,478,478,180,298,111,13,85,13,9928,0,39,39,39,39,36,36,36,36,36,0,20
DASCMOP1_BC,1,99,3,1,0.01,3,0,0.241746167807915,0.242418306501972,3,2,3,0.000157043396325185,100,1.92128388117213,1.9897755156327,0,0,2,2,0,0.666666666666667,0.105358136312418,0.106035786764647,0,0.106035786764647,NaN,1,0.0989916366877293,0,0.105358136312418,0.106035786764647,0,400,36,472,472,172,300,1,1,89,1,38,0,3,3,3,3,3,3,3,3,3,0,2
DASCMOP1_BC,1,100,3,1,0.01,3,0,0.147838811638659,0.147838811638659,3,2,3,0.000157043396325185,100,2.21536831001688,2.21536831001688,0,0,2,2,0,0.666666666666667,0.115343351974559,0.115520719233658,0,0.115520719233658,NaN,1,0.950835969761088,0,0.115343351974559,0.115520719233658,0,400,3,406,406,138,268,4,1,81,1,164,0,3,3,3,3,3,3,3,3,3,0,2
DASCMOP1_BC,1,101,3,1,0.01,3,0,0.0565457515078687,0.0565457515078687,3,2,3,0.000157043396325185,100,1.18992961289719,1.18992961289719,0,0,2,2,0,0.666666666666667,0.0286321736194221,0.0288145637236869,0,0.0288145637236869,NaN,1,0.680269924215769,0,0.0286321736194221,0.0288145637236869,0,400,3,406,406,141,265,4,1,86,1,192,0,3,3,3,3,3,3,3,3,3,0,2
DASCMOP1_BC,1,102,3,1,0.01,3,0,0.0242169543248951,0.0242169543248951,3,2,3,0.000157043396325185,100,0.797480700627771,0.797480700627771,0,0,2,2,0,0.666666666666667,0.00169079554022932,0.00171743370346799,0,0.00171743370346799,NaN,1,0.511687981455812,0,0.00169079554022932,0.00171743370346799,0,400,3,406,406,131,275,4,1,96,1,260,0,3,3,3,3,3,3,3,3,3,0,2
DASCMOP1_BC,1,103,3,1,0.01,3,0,0.0135380959373561,0.0135380959373561,3,2,3,0.000157043396325185,100,0.295736750895204,0.295736750895204,0,0,2,2,0,0.666666666666667,0.0287980783524625,0.0288689435067863,0,0.0288689435067863,NaN,1,0.0527680356610604,0,0.0287980783524625,0.0288689435067863,0,400,3,406,406,139,267,4,1,100,1,232,0,3,3,3,3,3,3,3,3,3,0,2
DASCMOP1_BC,1,104,3,1,0.01,3,0,0.014306960372353,0.014306960372353,3,2,3,0.000157043396325185,100,0.295736750895204,0.295736750895204,0,0,2,2,0,0.666666666666667,0.0107410064914628,0.0107543060101598,0,0.0107543060101598,NaN,1,0.0833932551243724,0,0.0107410064914628,0.0107543060101598,0,400,3,406,406,146,260,4,1,100,1,208,0,3,3,3,3,3,3,3,3,3,0,2
DASCMOP1_BC,1,105,6,1,0.02,6,0,0.0562793591571646,0.141445034416595,6,20,3,0.000314086792650369,100,0.295736750895204,0.676781911779773,0,20,0,20,14,3.33333333333333,0.00253715363303375,0.00366389661273166,0,0.00366389661273166,NaN,1,0.0328657352469137,1,0.0249401300167478,0.0595456272194234,0.7,400,3,406,406,142,264,5,2,100,2,197,0,6,6,6,6,6,6,6,6,6,0,20
DASCMOP1_BC,1,106,9,1,0.03,9,0,0.0261848168093759,0.056972925346566,9,20,3,0.000471130188975554,100,0.542937193525568,0.93222290217125,0,20,0,20,20,2.22222222222222,0.00644863235468827,0.00746843598911585,0,0.00746843598911585,NaN,0.1,-0.34814410217454,1,0.0275271942021845,0.0530717202884734,1,400,6,412,412,144,268,9,3,98,3,311,0,9,9,9,9,9,9,9,9,9,0,20
DASCMOP1_BC,1,107,6,1,0.02,6,0,0.00795143248137819,0.00930508430928506,6,6,3,0.000314086792650369,100,0.296526056455577,0.32249220429027,0,1,5,6,6,1,0.00249489121197028,0.00266881853503014,0,0.00484064627145672,NaN,1,0.0675937113631885,1,0.00289096535393963,0.00484064627145672,1,400,9,418,418,153,265,9,3,100,3,389,0,9,9,9,9,6,6,6,6,6,0,6
DASCMOP1_BC,1,108,9,1,0.03,9,0,0.0136454117717469,0.0782041328179136,9,20,3,0.000471130188975554,100,0.270559908620884,0.519398820714426,0,20,0,20,0,2.22222222222222,0.0186217773023335,0.0212795383208592,0,0.0212795383208592,NaN,1,0.0743363723288537,0,0.0356686598624094,0.0705661349376153,0,400,6,412,412,154,258,10,4,94,4,459,0,12,12,12,12,9,9,9,9,9,0,20
DASCMOP1_BC,1,109,9,1,0.03,9,0,0.00444601346495813,0.0131616050731128,9,20,3,0.000471130188975554,100,0.105085265019109,0.519398820714426,0,20,0,20,6,2.22222222222222,0.0166667271468692,0.021313018827991,0,0.021313018827991,NaN,0.5,-0.00305689110342278,1,0.0408912389009952,0.0761919739466691,0.3,400,9,418,418,163,255,13,4,100,4,523,0,12,12,12,12,9,9,9,9,9,0,20
DASCMOP1_BC,1,110,9,1,0.03,9,0,0.00511695731954485,0.0146527669810681,9,20,3,0.000471130188975554,100,0.105085265019109,0.169880933472333,0,20,0,20,0,2.22222222222222,0.0259504371262905,0.0336118581817526,0,0.0336118581817526,NaN,0.35,-0.011409108766137,0,0.0414383790843963,0.0749418396224712,0,400,9,418,418,148,270,13,4,100,4,601,0,12,12,12,12,9,9,9,9,9,0,20
DASCMOP1_BC,1,111,13,1,0.05,13,0,0.0134862121842799,0.0474439754581433,13,20,3,0.0006805213840758,100,0.142397769690629,0.588706020482483,0,20,0,20,10,1.53846153846154,0.00922348062160591,0.0169641387513841,0,0.0169641387513841,NaN,1,0.112908019348322,0.6,0.0337433040810246,0.0697249089646714,0.5,400,9,418,418,151,267,15,5,100,5,605,0,15,15,15,15,13,13,13,13,13,0,20
DASCMOP1_BC,1,112,17,1,0.06,17,0,0.00602035854321155,0.0607772866038132,17,20,3,0.000889912579176046,100,0.131731005285472,0.624473895896207,0,20,0,20,0,1.17647058823529,0.0355098024372502,0.0461682117090057,0,0.0461682117090057,NaN,0.35,-0.0196274996673385,0,0.0481001738030314,0.0835338743282391,0,400,13,426,426,145,281,20,7,100,7,804,0,21,21,21,21,17,17,17,17,17,0,20
DASCMOP1_BC,1,113,19,1,0.07,19,0,0.0156957664624607,0.0580863321033426,19,20,3,0.000994608176726169,100,0.169880933472333,0.469138836022246,0,20,0,20,0,1.05263157894737,0.0295610677042838,0.0384465033156685,0,0.0384465033156685,NaN,0.45,-0.00245667006660832,0,0.0469039424998555,0.0727376182719967,0,400,17,434,434,153,281,18,7,100,7,721,0,21,21,21,21,19,19,19,19,19,0,20
DASCMOP1_BC,1,114,22,1,0.08,22,0,0.0161074243755505,0.0520980025074639,22,20,3,0.00115165157305135,100,0.143067240337216,0.30000022593639,0,20,0,20,9,0.909090909090909,0.0486547020848098,0.0532522908950959,0,0.0532522908950959,NaN,1,0.0670023903887529,0.25,0.0583492756934887,0.084410527173777,0.45,400,19,438,438,160,278,27,8,100,8,1171,0,24,24,24,24,22,22,22,22,22,0,20
DASCMOP1_BC,1,115,23,1,0.09,23,0,0.0100494885575305,0.0548152790949735,23,20,3,0.00120399937182641,100,0.169880933472333,0.495511367638645,0,20,0,20,15,0.869565217391304,0.0670476963768149,0.0771756404866782,0,0.0771756404866782,NaN,0.95,0.0691420707247275,0.444444444444444,0.0745688566055297,0.104251886354879,0.75,400,22,444,444,156,288,32,10,100,10,1270,1,30,30,30,30,23,23,23,23,23,0,20
DASCMOP1_BC,1,116,25,1,0.09,25,0,0.00743600443833188,0.0274246490317769,25,20,3,0.00130869496937654,100,0.131294986763706,0.340935464983442,0,20,0,20,8,0.8,0.0452315264564699,0.0590351202810136,0,0.0590351202810136,NaN,0.5,0.00366481470496294,0.222222222222222,0.0539708711480061,0.0850255429654003,0.4,400,23,446,446,156,290,37,11,100,11,1416,0,33,33,33,33,25,25,25,25,25,0,20
DASCMOP1_BC,1,117,28,1,0.1,28,0,0.00832467289288236,0.0420144300744639,28,20,3,0.00146573836570172,100,0.140352884152815,0.340935464983442,0,20,0,20,2,0.714285714285714,0.0309604261084794,0.0428002942007991,0,0.0428002942007991,NaN,0.75,0.0140970095836297,0.2,0.04429811762408,0.0713163385075256,0.1,400,25,450,450,146,304,39,12,100,12,1399,3,36,36,36,36,28,28,28,28,28,0,20
DASCMOP1_BC,1,118,35,1,0.13,35,0,0.00758352333805146,0.0475530038983754,35,20,3,0.00183217295712715,91.4285714285714,0.145416138802791,0.575823708741485,0,20,0,20,10,0.571428571428571,0.0494307676717695,0.0641239264550947,0,0.0641239264550947,NaN,0.55,0.00395780398690737,0.153846153846154,0.057324935079378,0.0820166127568339,0.5,400,28,456,456,166,290,44,13,100,13,1608,2,39,39,39,39,35,35,35,35,35,0,20
DASCMOP1_BC,1,119,27,1,0.09,27,0,0.00726152616648572,0.0204741807379768,27,20,3,0.00141339056692666,100,0.135289629502839,0.558645606641255,0,20,0,20,14,0.740740740740741,0.0675065400059302,0.0785146358039701,0,0.0785146358039701,NaN,0.15,-0.0473201727559883,0.222222222222222,0.0731065083911322,0.0992510482686135,0.7,400,35,470,470,164,306,53,12,100,12,2046,4,36,36,36,36,27,27,27,27,27,0,20
DASCMOP1_BC,1,120,39,1,0.13,39,0,0.0108651232606166,0.0443771355461611,39,20,3,0.0020415641522274,82.0512820512821,0.169880933472333,0.630620221424625,0,20,0,20,11,0.512820512820513,0.0516685986240415,0.0636000868415366,0,0.0636000868415366,NaN,1,0.0187147497893025,0.153846153846154,0.0593972840771756,0.0819778183629625,0.55,400,27,454,454,156,298,47,15,100,15,1713,3,45,45,45,45,39,39,39,39,39,0,20
DASCMOP1_BC,1,121,48,1,0.17,48,0,0.0124313513288854,0.0431207573133432,48,20,3,0.00251269434120295,66.6666666666667,0.24826031756275,0.587564841008966,0,20,0,20,0,0.416666666666667,0.0309732520387858,0.0424577594706015,0,0.0424577594706015,NaN,0.05,-0.0511170407388282,0,0.0436779541244907,0.0684416755722791,0,400,39,478,478,171,307,63,19,100,19,2478,0,57,57,57,57,48,48,48,48,48,0,20
DASCMOP1_BC,1,122,54,1,0.18,54,0,0.00724325708324622,0.0207636248289764,54,20,3,0.00282678113385332,59.2592592592593,0.340935464983442,0.650896125578219,0,20,0,20,4,0.37037037037037,0.0394133123333147,0.0507041521228983,0,0.0507041521228983,NaN,0.15,-0.0115206018193449,0.111111111111111,0.04948928055074,0.0739751778072793,0.2,400,48,496,496,178,318,74,19,100,19,2873,6,57,57,57,57,54,54,54,54,54,0,20
DASCMOP1_BC,1,123,52,1,0.18,52,0,0.0109087673905475,0.029161649481256,52,20,3,0.0027220855363032,61.5384615384615,0.23733912062434,0.553639252802449,0,20,0,20,0,0.384615384615385,0.0348209902199458,0.0456722353782035,0,0.0456722353782035,NaN,0.15,-0.00929660808786559,0,0.0469699398101098,0.0772481712155905,0,400,54,508,508,181,327,80,19,100,19,3446,13,57,57,57,57,52,52,52,52,52,0,20
DASCMOP1_BC,1,124,42,1,0.14,42,0,0.00698900365332735,0.0235870935605579,42,20,3,0.00219860754855258,76.1904761904762,0.249550832753402,0.553639252802449,0,20,0,20,9,0.476190476190476,0.0477705662063686,0.0562977538598949,0,0.0562977538598949,NaN,0.65,0.0084242034432912,0.142857142857143,0.0531941540265247,0.0809938241155222,0.45,400,52,504,504,181,323,74,17,100,17,3180,12,51,51,51,51,42,42,42,42,42,0,20
DASCMOP1_BC,1,125,49,1,0.17,49,0,0.012073072706557,0.0341153581795805,49,20,3,0.00256504213997801,65.3061224489796,0.351676558163127,0.553639252802449,0,20,0,20,5,0.408163265306122,0.0451792941265092,0.052325313712908,0,0.052325313712908,NaN,0.5,0.000585240876220694,0.117647058823529,0.0509177910528503,0.0710807369841554,0.25,400,42,484,484,177,307,68,17,100,17,2561,12,51,51,51,51,49,49,49,49,49,0,20
DASCMOP1_BC,1,126,59,1,0.2,59,0,0.0115001977191135,0.0261820616604792,59,20,3,0.00308852012772863,54.2372881355932,0.291122213155761,0.525961525251973,0,20,0,20,0,0.338983050847458,0.189889094735301,0.23299013683228,0,0.23299013683228,NaN,0.9,0.0264406751231171,0,0.191367059165668,0.237957101361114,0,400,49,498,498,187,311,68,20,100,20,2909,0,60,60,60,60,59,59,59,59,59,0,20
DASCMOP1_BC,1,127,54,1,0.18,54,0,0.0130409066997178,0.0332809701125854,54,20,3,0.00282678113385332,59.2592592592593,0.317649325641427,0.553639252802449,0,20,0,20,0,0.37037037037037,1.13710416819629,1.15389210442401,0,1.1545131436402,NaN,1,0.0118116761380796,0,1.1381376089877,1.15603515960999,0,400,59,518,518,191,327,85,18,100,18,3340,0,54,54,54,54,54,54,54,54,54,0,20
DASCMOP1_BC,1,128,66,1,0.22,66,0,0.0087973357408433,0.0225301456550865,66,20,3,0.00345495471915406,48.4848484848485,0.335654150198901,0.669826710011929,0,20,0,20,0,0.303030303030303,0.160781039865603,0.235553447426383,0,0.235558832599203,NaN,0.1,-0.369056719969361,0,0.160969394657682,0.236444727127914,0,400,54,508,508,194,314,80,22,100,22,3354,0,66,66,66,66,66,66,66,66,66,0,20
DASCMOP1_BC,1,129,60,1,0.2,60,0,0.00859889397723185,0.0251965376852934,60,20,3,0.00314086792650369,53.3333333333333,0.326651737920164,0.788084084952327,0,20,0,20,17,0.333333333333333,0.0213156911964752,0.0766410638707266,0,0.107814448173229,NaN,0.05,-0.48690289698072,0.1,0.0712935117036215,0.113642287755517,0.85,400,66,532,532,201,331,83,20,100,20,3873,0,60,60,60,60,60,60,60,60,60,0,20
DASCMOP1_BC,1,130,57,1,0.19,57,0,0.00708771076813985,0.0177141674597758,57,20,3,0.00298382453017851,56.140350877193,0.306898913430305,0.676795870154442,0,20,0,20,17,0.350877192982456,0.0440326555474502,0.0888286716172437,0,0.108230913488192,NaN,0,-0.509044817339664,0.105263157894737,0.0894827556943004,0.137148633170948,0.85,400,60,520,520,190,330,86,20,100,20,3648,0,60,60,60,60,57,57,57,57,57,0,20
DASCMOP1_BC,1,131,63,1,0.21,63,0,0.00579466885489541,0.0186249156955614,63,20,3,0.00329791132282887,50.7936507936508,0.291122213155761,0.507868046093861,0,20,0,20,0,0.317460317460317,0.0858427964972903,0.141335685943601,0,0.152926350545895,NaN,0,-0.507905234550759,0,0.109979315097344,0.175549228702149,0,400,57,514,514,195,319,89,22,100,22,3834,0,66,66,66,66,63,63,63,63,63,0,20
DASCMOP1_BC,1,132,64,1,0.22,64,0,0.0076359751951386,0.0253556337230699,64,20,3,0.00335025912160394,50,0.306898913430305,0.632544762667484,0,20,0,20,6,0.3125,0.0296922875821176,0.0739460290255919,0,0.0949730258416949,NaN,0,-0.552888055876018,0.0909090909090909,0.0827004778296703,0.123673716076163,0.3,400,63,526,526,202,324,87,22,100,22,3747,0,66,66,66,66,64,64,64,64,64,0,20
DASCMOP1_BC,1,133,75,1,0.25,75,0,0.00674659393748144,0.0213811620332686,75,20,3,0.00392608490812961,42.6666666666667,0.4435267629706,0.794633298101906,0,20,0,20,0,0.266666666666667,0.0835465160004375,0.112239750965546,0,0.118234179757545,NaN,0,-0.542645413037145,0,0.0928504829474397,0.132304620326907,0,400,64,528,528,200,328,93,25,100,25,3962,0,75,75,75,75,75,75,75,75,75,0,20
DASCMOP1_BC,1,134,75,1,0.25,75,0,0.00468057641996861,0.0108929639763309,75,20,3,0.00392608490812961,42.6666666666667,0.403226653826429,0.794633298101906,0,20,0,20,1,0.266666666666667,0.0879571768062935,0.143937713025651,0,0.144142178600326,NaN,0,-0.440750305653269,0.08,0.0894160259126006,0.147540511846899,0.05,400,75,550,550,208,342,109,26,100,26,5218,0,78,78,78,78,75,75,75,75,75,0,20
DASCMOP1_BC,1,135,70,1,0.24,70,0,0.0063218352751726,0.0154895815759124,70,20,3,0.00366434591425431,45.7142857142857,0.407694224503387,0.773926454396471,0,20,0,20,17,0.285714285714286,0.0626432389149217,0.088956883185902,0,0.0892622007230144,NaN,0.15,-0.421715123105149,0.125,0.0654998895312615,0.0918858308661088,0.85,400,75,550,550,214,336,106,24,100,24,4990,0,72,72,72,72,70,70,70,70,70,0,20
DASCMOP1_BC,1,136,75,1,0.25,75,0,0.00555484547862138,0.0101836601366646,75,20,3,0.00392608490812961,42.6666666666667,0.407694224503387,0.773926454396471,0,20,0,20,8,0.266666666666667,0.0503142099511585,0.108934753575896,0,0.108934753575896,NaN,0.55,0.0833054986473905,0.08,0.0538313171148257,0.109533346417536,0.4,400,70,540,540,212,328,105,25,100,25,4831,0,75,75,75,75,75,75,75,75,75,0,20
DASCMOP1_BC,1,137,75,1,0.25,75,0,0.00579373705649303,0.0112380657223283,75,20,3,0.00392608490812961,42.6666666666667,0.342449196012917,0.654878032406529,0,20,0,20,6,0.266666666666667,0.0749925108957404,0.132802504639167,0,0.132802504639167,NaN,0.5,0.000174948600741576,0.08,0.0783707617918537,0.133736040227978,0.3,400,75,550,550,212,338,113,25,100,25,5236,0,75,75,75,75,75,75,75,75,75,0,20
DASCMOP1_BC,1,138,81,1,0.27,81,0,0.00544737584279013,0.0108535732067514,81,20,3,0.00424017170077998,39.5061728395062,0.403226653826429,0.773926454396471,0,20,0,20,9,0.246913580246914,0.0832039389140268,0.121501154441705,0,0.121501154441705,NaN,1,0.0818715717924021,0.0740740740740741,0.0840488205141471,0.124971699780153,0.45,400,75,550,550,219,331,114,27,100,27,5381,0,81,81,81,81,81,81,81,81,81,0,20
DASCMOP1_BC,1,139,72,1,0.24,72,0,0.0064826705313607,0.0132556962776999,72,20,3,0.00376904151180443,44.4444444444444,0.357838557888002,0.642294157546649,0,20,0,20,7,0.277777777777778,0.0791974311674795,0.156421517753216,0,0.156421517753216,NaN,1,0.145602830462481,0.0833333333333333,0.0794856484308311,0.158345988516161,0.35,400,81,562,562,220,342,122,24,99,24,5865,0,72,72,72,72,72,72,72,72,72,0,20
DASCMOP1_BC,1,140,78,1,0.26,78,0,0.00500744555144527,0.00831970376340158,78,20,3,0.0040831283044548,41.025641025641,0.345913632131535,0.637678470961865,0,20,0,20,0,0.256410256410256,0.0097831769508016,0.0200822822427637,0,0.0208204491497641,NaN,1,0.192485769941685,0,0.0240223698999051,0.0444236115334962,0,400,72,544,544,200,344,114,26,100,26,5237,0,78,78,78,78,78,78,78,78,78,0,20
DASCMOP1_BC,1,141,81,1,0.27,81,0,0.00419857873577462,0.00865432468725068,81,20,3,0.00424017170077998,39.5061728395062,0.336132229323805,0.568653208565016,0,20,0,20,0,0.246913580246914,0.0102849255590029,0.0202186399009451,0,0.0254798429369419,NaN,1,0.129809763336511,0,0.031124009064003,0.0443660806783394,0,400,78,556,556,223,333,116,27,100,27,5275,0,81,81,81,81,81,81,81,81,81,0,20
DASCMOP1_BC,1,142,78,1,0.26,78,0,0.00465082425953196,0.0106035251126314,78,20,3,0.0040831283044548,41.025641025641,0.353608313069078,0.57423618851381,0,20,0,20,0,0.256410256410256,0.00928068043146179,0.012430642150144,0,0.0173592038004183,NaN,0.95,0.101247128467281,0,0.0284738689122974,0.04367874519357,0,400,81,562,562,222,340,121,26,100,26,5810,0,78,78,78,78,78,78,78,78,78,0,20
DASCMOP1_BC,1,143,79,1,0.27,79,0,0.00496474636069606,0.013746395432684,79,20,3,0.00413547610322986,40.5063291139241,0.357838557888002,0.586246259102796,0,20,0,20,0,0.253164556962025,0.00645945806596683,0.0122413935173271,0,0.0176688189366789,NaN,0.95,0.109169970519613,0,0.0275929466157028,0.0435998769694329,0,400,78,556,556,206,350,122,27,100,27,5994,1,81,81,81,81,79,79,79,79,79,0,20
DASCMOP1_BC,1,144,81,1,0.27,81,0,0.00444504569274643,0.010370382918719,81,20,3,0.00424017170077998,39.5061728395062,0.336132229323805,0.57423618851381,0,20,0,20,3,0.246913580246914,0.00219026442989831,0.0030772887186278,0,0.00429866532911048,NaN,0.95,0.0424620373209732,0.0740740740740741,0.026535798138564,0.0452404934731878,0.15,400,79,558,558,223,335,124,27,100,27,6129,0,81,81,81,81,81,81,81,81,81,0,20
DASCMOP1_BC,1,145,87,1,0.29,87,0,0.00540718544338927,0.012196366870955,87,20,3,0.00455425849343035,36.7816091954023,0.336132229323805,0.557859366265155,0,20,0,20,0,0.229885057471264,0.00844180092172416,0.012015156170806,0,0.0161234373446666,NaN,1,0.0318134921622971,0,0.024572040692501,0.0405143197833292,0,400,81,562,562,205,357,129,29,100,29,6133,0,87,87,87,87,87,87,87,87,87,0,20
DASCMOP1_BC,1,146,76,1,0.26,76,0,0.00332981911258592,0.00821415010041501,76,20,3,0.00397843270690468,42.1052631578947,0.38160042505782,0.557935809435071,0,20,0,20,0,0.263157894736842,0.0174702737445993,0.0253209924543782,0,0.0256118367014248,NaN,0.35,-0.0448647740151442,0,0.0248397702721854,0.046143169532914,0,400,87,574,574,222,352,134,26,100,26,6919,0,78,78,78,78,76,76,76,76,76,0,20
DASCMOP1_BC,1,147,81,1,0.27,81,0,0.00439695882853276,0.0119956699703777,81,20,3,0.00424017170077998,39.5061728395062,0.349378068250153,0.586246259102796,0,20,0,20,0,0.246913580246914,0.00672308827273376,0.0122453102136194,0,0.0125489843589509,NaN,0.2,-0.0364405973239272,0,0.0270979126190561,0.0429912721756803,0,400,76,552,552,219,333,128,28,100,28,6234,0,84,84,84,84,81,81,81,81,81,0,20
DASCMOP1_BC,1,148,88,1,0.3,88,0,0.00388015209083169,0.0105891045583643,88,20,3,0.00460660629220541,36.3636363636364,0.349378068250153,0.577753124202478,0,20,0,20,0,0.227272727272727,0.014120768284417,0.019296398682362,0,0.0195065981074958,NaN,0.95,0.0279674511453475,0,0.0335370382027526,0.04789498619691,0,400,81,562,562,219,343,133,30,100,30,6589,0,90,90,90,90,88,88,88,88,88,0,20
DASCMOP1_BC,1,149,84,1,0.28,84,0,0.00330128855225155,0.0105300492173236,84,20,3,0.00439721509710517,38.0952380952381,0.373232361906837,0.541523473750434,0,20,0,20,6,0.238095238095238,0.00954929417167371,0.0214385082128676,0,0.0214385082128676,NaN,0.2,-0.115830733175914,0.142857142857143,0.0275958792066966,0.0462541089264762,0.3,400,88,576,576,226,350,140,28,100,28,6749,0,84,84,84,84,84,84,84,84,84,0,20
DASCMOP1_BC,1,150,84,1,0.28,84,0,0.00315843617859094,0.00997587253582464,84,20,3,0.00439721509710517,38.0952380952381,0.376691746158282,0.560496931699248,0,20,0,20,3,0.238095238095238,0.0111966628999698,0.0234418537261816,0,0.0234418537261816,NaN,0.15,-0.106988786780127,0.142857142857143,0.0258751260606746,0.0459097997890082,0.15,400,84,568,568,219,349,140,28,100,28,7345,0,84,84,84,84,84,84,84,84,84,0,20
DASCMOP1_BC,1,151,81,1,0.27,81,0,0.00406877806692531,0.00993398225929417,81,20,3,0.00424017170077998,39.5061728395062,0.376041872531344,0.557935809435071,0,20,0,20,1,0.246913580246914,0.013661144863617,0.0224114133697886,0,0.0225711134431931,NaN,0.95,0.0205695821597926,0.0740740740740741,0.0271020441907606,0.0423970410683211,0.05,400,84,568,568,230,338,134,27,100,27,6946,0,81,81,81,81,81,81,81,81,81,0,20
DASCMOP1_BC,1,152,87,1,0.29,87,0,0.00361291962237963,0.00812732023193613,87,20,3,0.00455425849343035,36.7816091954023,0.36040360204478,0.554653342298143,0,20,0,20,0,0.229885057471264,0.0082752399651191,0.0112109597471308,0,0.0112109597471308,NaN,0.4,-0.00573843167016341,0,0.0263304472586114,0.0425991238858959,0,400,81,562,562,211,351,138,29,100,29,6809,0,87,87,87,87,87,87,87,87,87,0,20
DASCMOP1_BC,1,153,87,1,0.29,87,0,0.00500130362023852,0.0119127472400103,87,20,3,0.00455425849343035,36.7816091954023,0.36040360204478,0.540216753481433,0,20,0,20,0,0.229885057471264,0.0287706417060357,0.0340181827084443,0,0.0340181827084443,NaN,0.1,-0.12590650557516,0,0.0429278741813142,0.0499151789621123,0,400,87,574,574,228,346,147,29,100,29,7589,0,87,87,87,87,87,87,87,87,87,0,20
DASCMOP1_BC,1,154,87,1,0.29,87,0,0.0040152904418912,0.00934564236847241,87,20,3,0.00455425849343035,36.7816091954023,0.376041872531344,0.554653342298143,0,20,0,20,0,0.229885057471264,0.0101423770549318,0.0218073221644286,0,0.0218073221644286,NaN,0.15,-0.118045519948144,0,0.0317200324250639,0.0463966086440878,0,400,87,574,574,228,346,149,29,100,29,7799,0,87,87,87,87,87,87,87,87,87,0,20
DASCMOP1_BC,1,155,87,1,0.29,87,0,0.00337940851930543,0.0099749752275976,87,20,3,0.00455425849343035,36.7816091954023,0.36040360204478,0.534989872405428,0,20,0,20,0,0.229885057471264,0.00679605049984505,0.0206785143696035,0,0.0206785143696035,NaN,0.15,-0.0882226231645681,0,0.0279159587024364,0.0421957136318019,0,400,87,574,574,226,348,150,29,100,29,7140,0,87,87,87,87,87,87,87,87,87,0,20
DASCMOP1_BC,1,156,87,1,0.29,87,0,0.00358457925911723,0.0108725681824344,87,20,3,0.00455425849343035,36.7816091954023,0.37734161978522,0.554653342298143,0,20,0,20,0,0.229885057471264,0.00760376356469666,0.011995305816616,0,0.011995305816616,NaN,0.1,-0.0811580946259771,0,0.0250049162154685,0.0351517199915577,0,400,87,574,574,220,354,150,29,100,29,7828,0,87,87,87,87,87,87,87,87,87,0,20
DASCMOP1_BC,1,157,87,1,0.29,87,0,0.00367762052157073,0.00914796059770723,87,20,3,0.00455425849343035,36.7816091954023,0.36040360204478,0.554653342298143,0,20,0,20,5,0.229885057471264,0.0263823324654827,0.0992761580630881,0,0.0992761580630881,NaN,1,0.0264413622193473,0.0689655172413793,0.0303830416532583,0.102684525302648,0.25,400,87,574,574,217,357,151,29,100,29,8015,0,87,87,87,87,87,87,87,87,87,0,20
DASCMOP1_BC,1,158,90,1,0.3,90,0,0.00283467350332972,0.00809478830210058,90,20,3,0.00471130188975554,35.5555555555556,0.373799824212476,0.549729641592752,0,20,0,20,8,0.222222222222222,0.0280000386118053,0.0872321962854528,0,0.0872321962854528,NaN,1,0.0318194523317573,0.0666666666666667,0.0347919309266713,0.093226048776217,0.4,400,87,574,574,217,357,152,31,100,31,7770,0,93,93,93,93,90,90,90,90,90,0,20
DASCMOP1_BC,1,159,84,1,0.28,84,0,0.00369742919084083,0.010216823689274,84,20,3,0.00439721509710517,38.0952380952381,0.368222737288062,0.541523473750434,0,20,0,20,2,0.238095238095238,0.00471573540336475,0.0168992889241149,0,0.0168992889241149,NaN,0.15,-0.0931784535548947,0.0714285714285714,0.0218122831324992,0.0377491546680488,0.1,400,90,580,580,229,351,155,28,100,28,7696,0,84,84,84,84,84,84,84,84,84,0,20
DASCMOP1_BC,1,160,87,1,0.29,87,0,0.00301441804094833,0.00822869601417492,87,20,3,0.00455425849343035,36.7816091954023,0.376041872531344,0.554653342298143,0,20,0,20,0,0.229885057471264,0.00957487242418141,0.0244763311542469,0,0.0244763311542469,NaN,0.2,-0.0889384517643349,0,0.0235103024910284,0.0434692517737142,0,400,84,568,568,208,360,150,29,100,29,7649,0,87,87,87,87,87,87,87,87,87,0,20
DASCMOP1_BC,1,161,90,1,0.3,90,0,0.0028285178535339,0.00777081196130308,90,20,3,0.00471130188975554,35.5555555555556,0.36040360204478,0.539166172440592,0,20,0,20,7,0.222222222222222,0.0348505005048944,0.0783705368885542,0,0.0783705368885542,NaN,1,0.0297177982861355,0.0666666666666667,0.0401811774660187,0.085094268702761,0.35,400,87,574,574,229,345,154,31,100,31,7845,0,93,93,93,93,90,90,90,90,90,0,20
DASCMOP1_BC,1,162,89,1,0.3,89,0,0.00338071809216229,0.00957051955532694,89,20,3,0.00465895409098047,35.9550561797753,0.376041872531344,0.541523473750434,0,20,0,20,5,0.224719101123595,0.057207357618968,0.119451339170351,0,0.119451339170351,NaN,0.2,-0.0712029366051755,0.0666666666666667,0.0599094561501296,0.123357546472544,0.25,400,90,580,580,221,359,158,30,99,30,8366,0,90,90,90,90,89,89,89,89,89,0,20
DASCMOP1_BC,1,163,84,1,0.28,84,0,0.00278964636390779,0.00665233657514941,84,20,3,0.00439721509710517,38.0952380952381,0.37638537578467,0.557935809435071,0,20,0,20,0,0.238095238095238,0.0112903696747722,0.016211529265153,0,0.0207105867226854,NaN,0.1,-0.354406530870354,0,0.0269795163765309,0.0402858521602062,0,400,89,578,578,228,350,152,29,100,29,7836,0,87,87,87,87,84,84,84,84,84,0,20
DASCMOP1_BC,1,164,81,1,0.27,81,0,0.00259225617274298,0.00620191498182864,81,20,3,0.00424017170077998,39.5061728395062,0.376041872531344,0.557935809435071,0,20,0,20,5,0.246913580246914,0.011768655306144,0.0219127127244496,0,0.0219127127244496,NaN,0.1,-0.370640888306204,0.0740740740740741,0.0274610468762334,0.0457245794461138,0.25,400,84,568,568,218,350,152,28,100,28,7481,0,84,84,84,84,81,81,81,81,81,0,20
DASCMOP1_BC,1,165,84,1,0.28,84,0,0.00321426002643873,0.00757072192889864,84,20,3,0.00439721509710517,38.0952380952381,0.359121079966391,0.557935809435071,0,20,0,20,0,0.238095238095238,0.0147771891970527,0.0177258045850858,0,0.0177258045850858,NaN,1,0.0275799783299529,0,0.0306992247323915,0.0469518565882346,0,400,81,562,562,217,345,151,30,100,30,6775,0,90,90,90,90,84,84,84,84,84,0,20
DASCMOP1_BC,1,166,81,1,0.27,81,0,0.00240355346982061,0.00507029251549796,81,20,3,0.00424017170077998,39.5061728395062,0.376728879037996,0.57535624651609,0,20,0,20,1,0.246913580246914,0.0123647362767868,0.0311296778133227,0,0.0311296778133227,NaN,0.95,0.0229059593276427,0.0740740740740741,0.0260219468272261,0.0491312259025097,0.05,400,84,568,568,229,339,154,30,100,30,7620,0,90,90,90,90,81,81,81,81,81,0,20
DASCMOP1_BC,1,167,81,1,0.27,81,0,0.00224156273685737,0.00566276148763351,81,20,3,0.00424017170077998,39.5061728395062,0.37734161978522,0.557935809435071,0,20,0,20,0,0.246913580246914,0.023201003477879,0.0293688788463193,0,0.0293688788463193,NaN,0.1,-0.227391155128365,0,0.0309259243407499,0.0493518547284578,0,400,81,562,562,213,349,151,30,100,30,7808,0,90,90,90,90,81,81,81,81,81,0,20
DASCMOP1_BC,1,168,84,1,0.28,84,0,0.00267526315053808,0.0065390876558156,84,20,3,0.00439721509710517,38.0952380952381,0.365980688969194,0.57535624651609,0,20,0,20,0,0.238095238095238,0.0275482381720868,0.037925345084772,0,0.037925345084772,NaN,0.5,0.0004766174075021,0,0.0364519129814093,0.0486792181458406,0,400,81,562,562,216,346,151,30,100,30,7397,0,90,90,90,90,84,84,84,84,84,0,20
DASCMOP1_BC,1,169,90,1,0.3,90,0,0.00236694756864547,0.00664521356546959,90,20,3,0.00471130188975554,35.5555555555556,0.367283718462999,0.569185714996533,0,20,0,20,0,0.222222222222222,0.0219719929963865,0.0286505114967441,0,0.0301764484388932,NaN,0.65,0.0102628972387125,0,0.0357691794104512,0.0383237179149977,0,400,84,568,568,212,356,154,30,100,30,8185,0,90,90,90,90,90,90,90,90,90,0,20
DASCMOP1_BC,1,170,90,1,0.3,90,0,0.00263352776322477,0.00646094006129035,90,20,3,0.00471130188975554,35.5555555555556,0.383545983767753,0.577895933537043,0,20,0,20,0,0.222222222222222,0.017262733892151,0.0222471801586773,0,0.0222471801586773,NaN,0.05,-0.308910596826657,0,0.0273587253421621,0.0314741111039219,0,400,90,580,580,223,357,162,30,100,30,8058,0,90,90,90,90,90,90,90,90,90,0,20
DASCMOP1_BC,1,171,90,1,0.3,90,0,0.0020260622027519,0.00649035640727002,90,20,3,0.00471130188975554,35.5555555555556,0.377035249411608,0.577895933537043,0,20,0,20,0,0.222222222222222,0.0157436666795312,0.0203769746792424,0,0.0203769746792424,NaN,0.05,-0.318380386631903,0,0.0287000191135433,0.0352228113026777,0,400,90,580,580,216,364,164,30,100,30,8826,0,90,90,90,90,90,90,90,90,90,0,20
DASCMOP1_BC,1,172,81,1,0.27,81,0,0.00181100559917041,0.00430910888328862,81,20,3,0.00424017170077998,39.5061728395062,0.37734161978522,0.580435620557996,0,20,0,20,0,0.246913580246914,0.0288188939198163,0.0317768300151222,0,0.0334736265892713,NaN,0.05,-0.263453326464417,0,0.0352865578334735,0.0369849480929819,0,400,90,580,580,227,353,166,30,100,30,8757,0,90,90,90,90,81,81,81,81,81,0,20
DASCMOP1_BC,1,173,78,1,0.26,78,0,0.00178357890508833,0.00551922403165912,78,20,3,0.0040831283044548,41.025641025641,0.378977292223308,0.57535624651609,0,20,0,20,0,0.256410256410256,0.0282636599809141,0.0314312727835175,0,0.0333794319695223,NaN,0.1,-0.29140530082432,0,0.0307819672332351,0.0359796995667411,0,400,81,562,562,213,349,162,29,100,29,8111,0,87,87,87,87,78,78,78,78,78,0,20
DASCMOP1_BC,1,174,90,1,0.3,90,0,0.00192313275418372,0.00599009717879818,90,20,3,0.00471130188975554,35.5555555555556,0.368566240541388,0.577895933537043,0,20,0,20,0,0.222222222222222,0.0114549407336725,0.0185639542896371,0,0.0185639542896371,NaN,0.7,0.0109292116608782,0,0.0248653436668608,0.0397745325613474,0,400,78,556,556,219,337,158,30,100,30,7862,0,90,90,90,90,90,90,90,90,90,0,20
DASCMOP1_BC,1,175,84,1,0.28,84,0,0.00168051200438384,0.00543339496844402,84,20,3,0.00439721509710517,38.0952380952381,0.37734161978522,0.559677853143173,0,20,0,20,0,0.238095238095238,0.0171224624675238,0.0194715826534343,0,0.0194819818541175,NaN,0.95,0.0735035009901771,0,0.0273435164255769,0.0321261562569495,0,400,90,580,580,218,362,168,29,100,29,9060,0,87,87,87,87,84,84,84,84,84,0,20
DASCMOP1_BC,1,176,84,1,0.28,84,0,0.00217336617412058,0.00601255260951573,84,20,3,0.00439721509710517,38.0952380952381,0.380612964661395,0.580435620557996,0,20,0,20,0,0.238095238095238,0.0298605418242091,0.0379122954174502,0,0.0387469343505515,NaN,1,0.0367617164436701,0,0.0412264027629923,0.0452919221825873,0,400,84,568,568,205,363,162,30,100,30,7747,5,90,90,90,90,84,84,84,84,84,0,20
DASCMOP1_BC,1,177,93,1,0.31,93,0,0.00202437383781873,0.00630392459770361,93,20,3,0.00486834528608072,34.4086021505376,0.380612964661395,0.576372121324471,0,20,0,20,1,0.21505376344086,0.0249259254907094,0.0346534377104591,0,0.0349138255889382,NaN,1,0.0916790561420207,0.0645161290322581,0.0359981987122382,0.0505726819714804,0.05,400,84,568,568,210,358,165,32,100,32,7706,0,96,96,96,96,93,93,93,93,93,0,20
DASCMOP1_BC,1,178,90,1,0.3,90,0,0.00122623645682014,0.00345118386598443,90,20,3,0.00471130188975554,35.5555555555556,0.386983469149374,0.577895933537043,0,20,0,20,0,0.222222222222222,0.0189530851957254,0.0241248018471003,0,0.0241248018471003,NaN,0.1,-0.199314028402814,0,0.0264329259442133,0.0417064467810387,0,400,93,586,586,221,365,176,30,100,30,9534,0,90,90,90,90,90,90,90,90,90,0,20
DASCMOP1_BC,1,179,90,1,0.3,90,0,0.00162944282094738,0.00489006952179316,90,20,3,0.00471130188975554,35.5555555555556,0.380612964661395,0.57535624651609,0,20,0,20,0,0.222222222222222,0.0148584534843465,0.0185492384158627,0,0.0185492384158627,NaN,0.1,-0.236002709276697,0,0.0278656291107216,0.0449965222652204,0,400,90,580,580,223,357,173,30,100,30,9354,0,90,90,90,90,90,90,90,90,90,0,20
DASCMOP1_BC,1,180,93,1,0.31,93,0,0.00232424583685558,0.00658553550292652,93,20,3,0.00486834528608072,34.4086021505376,0.383674350027544,0.587875069985099,0,20,0,20,0,0.21505376344086,0.0313496223344168,0.0342850864465975,0,0.0391827115002426,NaN,1,0.146717972206209,0,0.0381048654727861,0.0399824966673835,0,400,90,580,580,229,351,174,31,100,31,9173,0,93,93,93,93,93,93,93,93,93,0,20
DASCMOP1_BC,1,181,93,1,0.31,93,0,0.00231147284084443,0.00601553530298908,93,20,3,0.00486834528608072,34.4086021505376,0.393353973637353,0.58509249739077,0,20,0,20,0,0.21505376344086,0.0370875355837896,0.0408399513386228,0,0.0441365095727801,NaN,1,0.142795227072068,0,0.0491337812936918,0.0515424766103664,0,400,93,586,586,220,366,177,32,100,32,9076,0,96,96,96,96,93,93,93,93,93,0,20
DASCMOP1_BC,1,182,90,1,0.3,90,0,0.00248102591078641,0.00686184331764098,90,20,3,0.00471130188975554,35.5555555555556,0.383674350027544,0.592077812639931,0,20,0,20,4,0.222222222222222,0.0271958470502204,0.0592641398094107,0,0.0592641398094107,NaN,1,0.152923402514974,0.0666666666666667,0.030839444797459,0.0649144594622419,0.2,400,93,586,586,221,365,177,31,100,31,8822,0,93,93,93,93,90,90,90,90,90,0,20
DASCMOP1_BC,1,183,93,1,0.31,93,0,0.00195803532105688,0.00435123827710733,93,20,3,0.00486834528608072,34.4086021505376,0.383674350027544,0.612059103046887,0,20,0,20,7,0.21505376344086,0.020940225562327,0.0747475847163563,0,0.0747475847163563,NaN,1,0.224074626732858,0.129032258064516,0.0279957911452347,0.0808229963856429,0.35,400,90,580,580,230,350,176,32,100,32,8823,0,96,96,96,96,93,93,93,93,93,0,20
DASCMOP1_BC,1,184,90,1,0.3,90,0,0.00237541322001703,0.00654425051257475,90,20,3,0.00471130188975554,35.5555555555556,0.38214365734447,0.577895933537043,0,20,0,20,0,0.222222222222222,0.00625977898347737,0.0108700750105867,0,0.0108700750105867,NaN,0.1,-0.220798657105136,0,0.0223752374361323,0.0318280059763842,0,400,93,586,586,227,359,179,31,100,31,8860,0,93,93,93,93,90,90,90,90,90,0,20
DASCMOP1_BC,1,185,84,1,0.28,84,0,0.00112907194446855,0.0035124717528929,84,20,3,0.00439721509710517,38.0952380952381,0.404980646264032,0.592194749385943,0,20,0,20,0,0.238095238095238,0.0202272391344067,0.0271093895137025,0,0.0271093895137025,NaN,0.1,-0.161084062489055,0,0.029134128571061,0.0433648837139337,0,400,90,580,580,232,348,177,30,100,30,9179,0,90,90,90,90,84,84,84,84,84,0,20
DASCMOP1_BC,1,186,84,1,0.28,84,0,0.00232900218358699,0.00745784863688841,84,20,3,0.00439721509710517,38.0952380952381,0.404980646264032,0.580435620557996,0,20,0,20,0,0.238095238095238,0.0160512354530344,0.0281050367125342,0,0.0281050367125342,NaN,1,0.207197997548026,0,0.031779014940964,0.0478404720109592,0,400,84,568,568,225,343,171,30,99,30,8898,0,90,90,90,90,84,84,84,84,84,0,20
DASCMOP1_BC,1,187,78,1,0.26,78,0,0.00215334852526557,0.00652508882873829,78,20,3,0.0040831283044548,41.025641025641,0.378977292223308,0.57535624651609,0,20,0,20,4,0.256410256410256,0.00725483482599512,0.0284470013266851,0,0.028823437820896,NaN,0.1,-0.257870138482781,0.0769230769230769,0.0274515595531335,0.0498225587255413,0.2,400,84,568,568,213,355,167,29,100,29,8244,0,87,87,87,87,78,78,78,78,78,0,20
DASCMOP1_BC,1,188,87,1,0.29,87,0,0.00173094545798721,0.00511749820969801,87,20,3,0.00455425849343035,36.7816091954023,0.401192933293191,0.579419745749615,0,20,0,20,0,0.229885057471264,0.0329730393452193,0.0376125064048258,0,0.0376125064048258,NaN,0.05,-0.250491051443216,0,0.0423270005236821,0.0481705786092354,0,400,78,556,556,214,342,167,31,100,31,8273,0,93,93,93,93,87,87,87,87,87,0,20
DASCMOP1_BC,1,189,92,1,0.31,92,0,0.00237237848972578,0.00729527718791709,92,20,3,0.00481599748730566,34.7826086956522,0.410327111881038,0.617550224660111,0,20,0,20,7,0.217391304347826,0.0402776484237259,0.0519742042690511,0,0.0519742042690511,NaN,1,0.171686298403119,0.0645161290322581,0.0479452982367967,0.057854407657693,0.35,400,87,574,574,227,347,178,31,100,31,8445,0,93,93,93,93,92,92,92,92,92,0,20
DASCMOP1_BC,1,190,87,1,0.29,87,0,0.00205447637726647,0.00612651457552071,87,20,3,0.00455425849343035,36.7816091954023,0.410327111881038,0.583218193152325,0,20,0,20,13,0.229885057471264,0.0556546599726546,0.0642376440524243,0,0.0642376440524243,NaN,1,0.170902365167657,0.0689655172413793,0.0598431066649888,0.0713999357169718,0.65,400,92,584,584,226,358,183,30,100,30,9468,0,90,90,90,90,87,87,87,87,87,0,20
DASCMOP1_BC,1,191,87,1,0.29,87,0,0.00193398407501747,0.00563028306133547,87,20,3,0.00455425849343035,36.7816091954023,0.410327111881038,0.579419745749615,0,20,0,20,4,0.229885057471264,0.0698547083405643,0.0791080864543715,0,0.0791080864543715,NaN,0.1,-0.248514769246382,0.0689655172413793,0.075997470099927,0.0829035742828589,0.2,400,87,574,574,212,362,179,31,100,31,9078,0,93,93,93,93,87,87,87,87,87,0,20
DASCMOP1_BC,1,192,75,1,0.25,75,0,0.00226347433327578,0.00540041552696002,75,20,3,0.00392608490812961,42.6666666666667,0.383674350027544,0.57535624651609,0,20,0,20,3,0.266666666666667,0.0708833030749036,0.0949405349566818,0,0.0949405349566818,NaN,0.05,-0.196666358798625,0.08,0.0758651143162068,0.0960831900764186,0.15,400,87,574,574,220,354,182,28,99,28,9823,0,84,84,84,84,75,75,75,75,75,0,20
DASCMOP1_BC,1,193,87,1,0.29,87,0,0.00173181265520772,0.00575548412227929,87,20,3,0.00455425849343035,36.7816091954023,0.401192933293191,0.579419745749615,0,20,0,20,5,0.229885057471264,0.0461168231834794,0.0507102955519238,0,0.0507102955519238,NaN,0.1,-0.240111586407255,0.0689655172413793,0.0488692383884145,0.0569362434916327,0.25,400,75,550,550,209,341,171,30,100,30,8324,0,90,90,90,90,87,87,87,87,87,0,20
DASCMOP1_BC,1,194,78,1,0.26,78,0,0.00222966670073321,0.00698882744844834,78,20,3,0.0040831283044548,41.025641025641,0.410327111881038,0.603720004721865,0,20,0,20,0,0.256410256410256,0.0256752999688328,0.0381027985545895,0,0.0385022136004317,NaN,0.1,-0.214606142776173,0,0.0404620783809287,0.046694812454778,0,400,87,574,574,209,365,183,29,100,29,9024,0,87,87,87,87,78,78,78,78,78,0,20
DASCMOP1_BC,1,195,84,1,0.28,84,0,0.00196944182253803,0.00587638447805717,84,20,3,0.00439721509710517,38.0952380952381,0.412581011312137,0.580435620557996,0,20,0,20,0,0.238095238095238,0.0286503371777485,0.0404791750125445,0,0.0423909701246421,NaN,0.1,-0.13997940732802,0,0.0375780616532886,0.0474560292331486,0,400,78,556,556,205,351,173,31,100,31,8246,0,93,93,93,93,84,84,84,84,84,0,20
DASCMOP1_BC,1,196,87,1,0.29,87,0,0.00197827017859695,0.00713802654323928,87,20,3,0.00455425849343035,36.7816091954023,0.401192933293191,0.576480529531287,0,20,0,20,5,0.229885057471264,0.0753793179546579,0.147693107224209,0,0.147693107224209,NaN,1,0.195306273667703,0.0689655172413793,0.0765625762401803,0.149760660972917,0.25,400,84,568,568,211,357,180,30,100,30,9205,0,90,90,90,90,87,87,87,87,87,0,20
DASCMOP1_BC,1,197,81,1,0.27,81,0,0.00148328919701816,0.0043930855788753,81,20,3,0.00424017170077998,39.5061728395062,0.401192933293191,0.57535624651609,0,20,0,20,0,0.246913580246914,0.1338701390248,0.172687881197402,0,0.172687881197402,NaN,0.05,-0.257064883968534,0,0.134157051181489,0.174228980459111,0,400,87,574,574,216,358,185,30,100,30,9437,0,90,90,90,90,81,81,81,81,81,0,20
DASCMOP1_BC,1,198,79,1,0.27,79,0,0.00108969259493178,0.00217889862186839,79,20,3,0.00413547610322986,40.5063291139241,0.410327111881038,0.57535624651609,0,20,0,20,4,0.253164556962025,0.0291607685440873,0.0528909996364422,0,0.0528909996364422,NaN,0.1,-0.242481249895477,0.0740740740740741,0.0319320901922192,0.0587359914304073,0.2,400,81,562,562,210,352,180,29,100,29,8703,0,87,87,87,87,79,79,79,79,79,0,20
DASCMOP1_BC,1,199,90,1,0.3,90,0,0.00145767835092689,0.00417060436080383,90,20,3,0.00471130188975554,35.5555555555556,0.412086864749672,0.592077812639931,0,20,0,20,0,0.222222222222222,0.0225947565636225,0.0275370425421954,0,0.028526105652104,NaN,0.1,-0.161080064178887,0,0.0308232443320522,0.0336155100470257,0,400,79,558,558,210,348,178,31,100,31,8059,0,93,93,93,93,90,90,90,90,90,0,20
DASCMOP1_BC,1,200,84,1,0.28,84,0,0.00172589812353205,0.00376280148026595,84,20,3,0.00439721509710517,38.0952380952381,0.405760022587114,0.580435620557996,0,20,0,20,0,0.238095238095238,0.0229460079247917,0.0289093673706699,0,0.0291426793445038,NaN,0.1,-0.242569717164396,0,0.0344646497292517,0.0368438510018162,0,400,90,580,580,213,367,188,30,100,30,9263,0,90,90,90,90,84,84,84,84,84,0,20
DASCMOP1_BC,1,201,85,1,0.29,85,0,0.00229828182275627,0.00750725500739998,85,20,3,0.00444956289588023,37.6470588235294,0.393353973637353,0.580435620557996,0,20,0,20,5,0.235294117647059,0.0397410680040008,0.121054474077122,0,0.121054474077122,NaN,0.1,-0.158881018212201,0.0689655172413793,0.0407710227016119,0.12246740340082,0.25,400,84,568,568,214,354,183,30,100,30,9274,0,90,90,90,90,85,85,85,85,85,0,20
DASCMOP1_BC,1,202,81,1,0.27,81,0,0.00151034533882657,0.00403954023981192,81,20,3,0.00424017170077998,39.5061728395062,0.393353973637353,0.580435620557996,0,20,0,20,0,0.246913580246914,0.0356704591506838,0.0447175380378701,0,0.045705174214477,NaN,0.05,-0.164993896457388,0,0.0419643365659752,0.0496309673364049,0,400,85,570,570,224,346,187,30,100,30,9083,0,90,90,90,90,81,81,81,81,81,0,20
DASCMOP1_BC,1,203,81,1,0.27,81,0,0.00145318891631534,0.00423553998407534,81,20,3,0.00424017170077998,39.5061728395062,0.393353973637353,0.580435620557996,0,20,0,20,0,0.246913580246914,0.0204329793477596,0.0283366788994467,0,0.0283366788994467,NaN,0.1,-0.21033254086514,0,0.0262550703319333,0.0460297824519334,0,400,81,562,562,214,348,181,31,100,31,8752,0,93,93,93,93,81,81,81,81,81,0,20
DASCMOP1_BC,1,204,90,1,0.3,90,0,0.00221688658810492,0.0072847973703077,90,20,3,0.00471130188975554,35.5555555555556,0.405654093114039,0.626770371285609,0,20,0,20,3,0.222222222222222,0.0207821350618564,0.0340127317263448,0,0.0340127317263448,NaN,1,0.180864831020808,0.0666666666666667,0.0326663862554176,0.0491001523861992,0.15,400,81,562,562,208,354,183,31,100,31,8738,0,93,93,93,93,90,90,90,90,90,0,20
DASCMOP1_BC,1,205,75,1,0.25,75,0,0.00151319045393552,0.0033989594211377,75,20,3,0.00392608490812961,42.6666666666667,0.380612964661395,0.580435620557996,0,20,0,20,2,0.266666666666667,0.0230963313847796,0.0298364457600901,0,0.0298364457600901,NaN,0.1,-0.171346032538179,0.08,0.0329009166229485,0.044379772226572,0.1,400,90,580,580,235,345,190,30,100,30,10227,0,90,90,90,90,75,75,75,75,75,0,20
DASCMOP1_BC,1,206,78,1,0.26,78,0,0.00230492770898457,0.00536864875019201,78,20,3,0.0040831283044548,41.025641025641,0.386983469149374,0.580435620557996,0,20,0,20,2,0.256410256410256,0.0153177675369126,0.0395001766316789,0,0.0395001766316789,NaN,0.05,-0.116194911147938,0.0769230769230769,0.0256397896710525,0.0497088683242599,0.1,400,75,550,550,210,340,176,29,100,29,8732,0,87,87,87,87,78,78,78,78,78,0,20
DASCMOP1_BC,1,207,81,1,0.27,81,0,0.00185625936096312,0.00486728481403032,81,20,3,0.00424017170077998,39.5061728395062,0.380612964661395,0.580435620557996,0,20,0,20,6,0.246913580246914,0.0192630978389626,0.0747224639776737,0,0.0747224639776737,NaN,1,0.207476809950044,0.0740740740740741,0.0244133359013712,0.0799377727649682,0.3,400,78,556,556,217,339,181,30,100,30,8862,0,90,90,90,90,81,81,81,81,81,0,20
DASCMOP1_BC,1,208,75,1,0.25,75,0,0.00203740135381602,0.00417315574473049,75,20,3,0.00392608490812961,42.6666666666667,0.37734161978522,0.539044268550498,0,20,0,20,1,0.266666666666667,0.00311773964393414,0.00639093270952134,0,0.00639093270952134,NaN,0,-0.346204061783904,0.08,0.0249825733576313,0.0368070018423511,0.05,400,81,562,562,223,339,180,30,100,30,8882,0,90,90,90,90,75,75,75,75,75,0,20
DASCMOP1_BC,1,209,74,1,0.25,74,0,0.00148742139114736,0.003849087041073,74,20,3,0.00387373710935455,43.2432432432432,0.380612964661395,0.587800537946099,0,20,0,20,0,0.27027027027027,0.0235057741865099,0.0332333330108443,0,0.0333555478821718,NaN,0,-0.291581312857118,0,0.0364894395472235,0.0485273921683889,0,400,75,550,550,209,341,177,30,100,30,8381,0,90,90,90,90,74,74,74,74,74,0,20
DASCMOP1_BC,1,210,72,1,0.24,72,0,0.00146722944480175,0.0030325565937989,72,20,3,0.00376904151180443,44.4444444444444,0.366420108538826,0.534989872405428,0,20,0,20,0,0.277777777777778,0.0191413797587622,0.0335787492418652,0,0.0335787492418651,NaN,0,-0.231847474793643,0,0.0271159347827107,0.049506775533921,0,400,74,548,548,208,340,177,30,100,30,8126,0,90,90,90,90,72,72,72,72,72,0,20
DASCMOP1_BC,1,211,81,1,0.27,81,0,0.00169084784319002,0.00431703123397127,81,20,3,0.00424017170077998,39.5061728395062,0.380612964661395,0.534989872405428,0,20,0,20,0,0.246913580246914,0.0146330159754515,0.0308807713277417,0,0.0308807713277417,NaN,0,-0.278984385512502,0,0.0255023190226293,0.0482607683109981,0,400,72,544,544,198,346,172,30,100,30,7782,0,90,90,90,90,81,81,81,81,81,0,20
DASCMOP1_BC,1,212,78,1,0.26,78,0,0.00141104087366243,0.0037065501098055,78,20,3,0.0040831283044548,41.025641025641,0.353476710365901,0.534989872405428,0,20,0,20,4,0.256410256410256,0.011013893481425,0.0569113152954505,0,0.0569113152954505,NaN,0,-0.350401122588044,0.0769230769230769,0.0242878819070436,0.0656801077525808,0.2,400,81,562,562,214,348,177,30,100,30,9098,0,90,90,90,90,78,78,78,78,78,0,20
DASCMOP1_BC,1,213,81,1,0.27,81,0,0.00149537085195197,0.00399806035259856,81,20,3,0.00424017170077998,39.5061728395062,0.392096796957734,0.534989872405428,0,20,0,20,0,0.246913580246914,0.0329170152307019,0.0399823847067282,0,0.0438168952413008,NaN,0.05,-0.163942740669631,0,0.0373380033767494,0.0442497269953331,0,400,78,556,556,217,339,176,30,100,30,8005,0,90,90,90,90,81,81,81,81,81,0,20
DASCMOP1_BC,1,214,81,1,0.27,81,0,0.00180408530991971,0.00592784176575334,81,20,3,0.00424017170077998,39.5061728395062,0.380612964661395,0.539044268550498,0,20,0,20,0,0.246913580246914,0.0299815254504982,0.0369462819444424,0,0.0376141740356926,NaN,0,-0.250603016182573,0,0.0403920565399413,0.0443539617342871,0,400,81,562,562,217,345,185,30,100,30,8999,0,90,90,90,90,81,81,81,81,81,0,20
DASCMOP1_BC,1,215,76,1,0.26,76,0,0.00129918828611284,0.00366631141212622,76,20,3,0.00397843270690468,42.1052631578947,0.37734161978522,0.474468077711154,0,20,0,20,0,0.263157894736842,0.016402851928382,0.0207151128685034,0,0.022427769429301,NaN,0,-0.34510523400013,0,0.032065217892444,0.0368129643640955,0,400,81,562,562,214,348,181,30,100,30,8801,5,90,90,90,90,76,76,76,76,76,0,20
DASCMOP1_BC,1,216,75,1,0.25,75,0,0.00138779898596364,0.00406231516756991,75,20,3,0.00392608490812961,42.6666666666667,0.329611800946581,0.534989872405428,0,20,0,20,0,0.266666666666667,0.0173722403776954,0.0226813644328646,0,0.0228577817196022,NaN,0,-0.204595103596998,0,0.0240684834665099,0.032171253784332,0,400,76,552,552,207,345,175,30,100,30,8866,0,90,90,90,90,75,75,75,75,75,0,20
DASCMOP1_BC,1,217,72,1,0.24,72,0,0.00141981308571127,0.0028920103310885,72,20,3,0.00376904151180443,44.4444444444444,0.353476710365901,0.606430557384626,0,20,0,20,0,0.277777777777778,0.0276045146312165,0.0340894458974102,0,0.0344585046194511,NaN,0,-0.199320568890057,0,0.0347968453135343,0.0390254556161817,0,400,75,550,550,207,343,173,30,100,30,7966,0,90,90,90,90,72,72,72,72,72,0,20
DASCMOP1_BC,1,218,81,1,0.27,81,0,0.00170013071664319,0.00599310643741221,81,20,3,0.00424017170077998,39.5061728395062,0.37734161978522,0.603720004721865,0,20,0,20,0,0.246913580246914,0.0357972362768621,0.043993699373798,0,0.0443669701363971,NaN,0.7,0.0466675789296541,0,0.0457408956920671,0.0514502752257027,0,400,72,544,544,206,338,170,31,100,31,7505,0,93,93,93,93,81,81,81,81,81,0,20
DASCMOP1_BC,1,219,84,1,0.28,84,0,0.00141182330487587,0.00431774302504618,84,20,3,0.00439721509710517,38.0952380952381,0.378977292223308,0.534989872405428,0,20,0,20,0,0.238095238095238,0.0305361123361012,0.0352124552973938,0,0.0373262610299718,NaN,0.9,0.116613902113435,0,0.0421849460548268,0.0445468623681012,0,400,81,562,562,216,346,182,32,100,32,8133,0,96,96,96,96,84,84,84,84,84,0,20
DASCMOP1_BC,1,220,75,1,0.25,75,0,0.00146297292508013,0.00402922036284828,75,20,3,0.00392608490812961,42.6666666666667,0.380612964661395,0.587800537946099,0,20,0,20,7,0.266666666666667,0.0619279810227258,0.108342168267603,0,0.108342168267603,NaN,0,-0.26559380854635,0.08,0.0627562729449695,0.110123511407899,0.35,400,84,568,568,213,355,184,30,100,30,9079,0,90,90,90,90,75,75,75,75,75,0,20
DASCMOP1_BC,1,221,78,1,0.26,78,0,0.00140346966163059,0.00486142519828113,78,20,3,0.0040831283044548,41.025641025641,0.383835813306496,0.534989872405428,0,20,0,20,7,0.256410256410256,0.0417835407706262,0.0945737921561175,0,0.0945737921561175,NaN,0.85,0.117599565982536,0.0769230769230769,0.0438515442945774,0.0973821377160076,0.35,400,75,550,550,207,343,175,31,100,31,8167,0,93,93,93,93,78,78,78,78,78,0,20
DASCMOP1_BC,1,222,81,1,0.27,81,0,0.00119284550022322,0.00426495199328834,81,20,3,0.00424017170077998,39.5061728395062,0.380612964661395,0.603720004721865,0,20,0,20,1,0.246913580246914,0.0161268852577609,0.026720744232333,0,0.026720744232333,NaN,0,-0.201762159372438,0.0740740740740741,0.0270195666462516,0.0461610765372456,0.05,400,78,556,556,207,349,180,31,100,31,8436,0,93,93,93,93,81,81,81,81,81,0,20
DASCMOP1_BC,1,223,83,1,0.28,83,0,0.00112108381327402,0.00383422968474484,83,20,3,0.00434486729833011,38.5542168674699,0.380612964661395,0.535353672150492,0,20,0,20,0,0.240963855421687,0.0327126587625804,0.0402684494862008,0,0.0402684494862008,NaN,0.85,0.117569689843824,0,0.0428383633598526,0.0462981895510277,0,400,81,562,562,215,347,184,31,100,31,9127,0,93,93,93,93,83,83,83,83,83,0,20
DASCMOP1_BC,1,224,81,1,0.27,81,0,0.00124491263623466,0.00466193546255132,81,20,3,0.00424017170077998,39.5061728395062,0.37734161978522,0.603720004721865,0,20,0,20,0,0.246913580246914,0.0335239718920137,0.0417747358518969,0,0.0459427745374038,NaN,0,-0.207215502131782,0,0.0400338231581028,0.0484342023927407,0,400,83,566,566,218,348,185,31,100,31,9249,0,93,93,93,93,81,81,81,81,81,0,20
DASCMOP1_BC,1,225,84,1,0.28,84,0,0.00211306045391098,0.00694629757177519,84,20,3,0.00439721509710517,38.0952380952381,0.380612964661395,0.534989872405428,0,20,0,20,5,0.238095238095238,0.0236649619253041,0.0883972498194745,0,0.0883972498194745,NaN,0.85,0.119487414868508,0.0714285714285714,0.0285160796938087,0.0916158151268361,0.25,400,81,562,562,212,350,181,30,98,30,8659,0,90,90,90,90,84,84,84,84,84,0,20
DASCMOP1_BC,1,226,81,1,0.27,81,0,0.00139572481106544,0.00399776307915404,81,20,3,0.00424017170077998,39.5061728395062,0.344372445024771,0.534989872405428,0,20,0,20,11,0.246913580246914,0.0531704682849232,0.0659452136952583,0,0.0659452136952583,NaN,0,-0.274002384612874,0.0740740740740741,0.0609102893254024,0.0671216364352523,0.55,400,84,568,568,236,332,186,30,100,30,8951,0,90,90,90,90,81,81,81,81,81,0,20
DASCMOP1_BC,1,227,81,1,0.27,81,0,0.00147075441342803,0.00559829602744882,81,20,3,0.00424017170077998,39.5061728395062,0.329611800946581,0.474468077711154,0,20,0,20,11,0.246913580246914,0.0514103830534791,0.0713633719503979,0,0.0713633719503979,NaN,0,-0.214873897737654,0.0740740740740741,0.0580833089548349,0.074027907139566,0.55,400,81,562,562,201,361,181,30,100,30,8987,0,90,90,90,90,81,81,81,81,81,0,20
DASCMOP1_BC,1,228,87,1,0.29,87,0,0.00146969675382066,0.00444291600646505,87,20,3,0.00455425849343035,36.7816091954023,0.380612964661395,0.589973978258578,0,20,0,20,0,0.229885057471264,0.0260070651084057,0.0390602228889124,0,0.039987253967663,NaN,0.75,0.0451724218147118,0,0.033618692937301,0.0440686500213709,0,400,81,562,562,212,350,179,31,100,31,8110,0,93,93,93,93,87,87,87,87,87,0,20
DASCMOP1_BC,1,229,91,1,0.31,91,0,0.00154397432359425,0.00462850653085796,91,20,3,0.0047636496885306,35.1648351648352,0.37734161978522,0.5317211643803,0,20,0,20,1,0.21978021978022,0.0264369956374264,0.0320450221596636,0,0.0338796925569168,NaN,0.75,0.082149351996305,0.0645161290322581,0.0337708143595866,0.044313172458262,0.05,400,87,574,574,220,354,187,32,100,32,8784,0,96,96,96,96,91,91,91,91,91,0,20
DASCMOP1_BC,1,230,83,1,0.28,83,0,0.00130599682168267,0.00402295245334677,83,20,3,0.00434486729833011,38.5542168674699,0.380612964661395,0.504603904153092,0,20,0,20,0,0.240963855421687,0.0149586822184029,0.0313742573377091,0,0.0313742573377091,NaN,0.8,0.107745918936882,0,0.0246407144320958,0.0448984505989847,0,400,91,582,582,224,358,192,30,100,30,9783,0,90,90,90,90,83,83,83,83,83,0,20
DASCMOP1_BC,1,231,93,1,0.31,93,0,0.00125475052887147,0.00407660547718163,93,20,3,0.00486834528608072,34.4086021505376,0.383674350027544,0.548735898868716,0,20,0,20,1,0.21505376344086,0.0110412703478638,0.0258046374743644,0,0.0258046374743644,NaN,0.8,0.133134020681833,0.0645161290322581,0.0271688278184864,0.0475393195753254,0.05,400,83,566,566,217,349,184,32,100,32,8970,0,96,96,96,96,93,93,93,93,93,0,20
DASCMOP1_BC,1,232,81,1,0.27,81,0,0.00146649045411657,0.0047953524917337,81,20,3,0.00424017170077998,39.5061728395062,0.37734161978522,0.587800537946099,0,20,0,20,0,0.246913580246914,0.0240624669953582,0.032664007964638,0,0.032664007964638,NaN,0,-0.172005539956121,0,0.0317976315789603,0.0497787331526951,0,400,93,586,586,237,349,194,29,100,29,9628,0,87,87,87,87,81,81,81,81,81,0,20
DASCMOP1_BC,1,233,81,1,0.27,81,0,0.00153555259544837,0.00483227596287477,81,20,3,0.00424017170077998,39.5061728395062,0.329611800946581,0.534989872405428,0,20,0,20,0,0.246913580246914,0.0299499043429507,0.0433091723530166,0,0.0442575168126106,NaN,0.5,-0.00332832739775352,0,0.0432599922221029,0.0531475324407449,0,400,81,562,562,214,348,182,31,100,31,8931,0,93,93,93,93,81,81,81,81,81,0,20
DASCMOP1_BC,1,234,75,1,0.25,75,0,0.00141660550069222,0.00390161944510632,75,20,3,0.00392608490812961,42.6666666666667,0.37734161978522,0.534989872405428,0,20,0,20,4,0.266666666666667,0.0921132538834983,0.16145839647365,0,0.16145839647365,NaN,0.2,-0.0464065058411979,0.08,0.0931868588932166,0.163129609601084,0.2,400,81,562,562,217,345,181,30,100,30,8300,0,90,90,90,90,75,75,75,75,75,0,20
DASCMOP1_BC,1,235,84,1,0.28,84,0,0.0016483911015723,0.0052587756981139,84,20,3,0.00439721509710517,38.0952380952381,0.383674350027544,0.534989872405428,0,20,0,20,8,0.238095238095238,0.0686146137553594,0.116020448670494,0,0.116020448670494,NaN,0,-0.184506238780581,0.0714285714285714,0.0696906069909025,0.118208374253515,0.4,400,75,550,550,196,354,177,31,100,31,9283,1,93,93,93,93,84,84,84,84,84,0,20
DASCMOP1_BC,1,236,85,1,0.29,85,0,0.00143897813515347,0.00503893116200145,85,20,3,0.00444956289588023,37.6470588235294,0.37734161978522,0.534989872405428,0,20,0,20,0,0.235294117647059,0.0274492627331648,0.0298135715862961,0,0.0315285626468346,NaN,0.15,-0.0866351278061517,0,0.0331261344426348,0.0353358786130546,0,400,84,568,568,220,348,186,31,100,31,9188,0,93,93,93,93,85,85,85,85,85,0,20
DASCMOP1_BC,1,237,90,1,0.3,90,0,0.00137725444517789,0.00420259535053206,90,20,3,0.00471130188975554,35.5555555555556,0.362574530968035,0.534989872405428,0,20,0,20,5,0.222222222222222,0.0473262169504537,0.122400957156985,0,0.122400957156985,NaN,0,-0.206564695026336,0.0666666666666667,0.0491264774606913,0.124638398180017,0.25,400,85,570,570,216,354,183,32,100,32,9294,0,96,96,96,96,90,90,90,90,90,0,20
DASCMOP1_BC,1,238,85,1,0.29,85,0,0.00133295784981402,0.00384989929709452,85,20,3,0.00444956289588023,37.6470588235294,0.387058661951597,0.535550631139405,0,20,0,20,4,0.235294117647059,0.0197890896766607,0.0688134503007468,0,0.0688134503007468,NaN,0,-0.24211338926097,0.0689655172413793,0.0252923986885368,0.0729633897379907,0.2,400,90,580,580,214,366,191,31,100,31,10552,0,93,93,93,93,85,85,85,85,85,0,20
DASCMOP1_BC,1,239,83,1,0.28,83,0,0.00147127495093956,0.00414671309381333,83,20,3,0.00434486729833011,38.5542168674699,0.393353973637353,0.534989872405428,0,20,0,20,2,0.240963855421687,0.0181022248957325,0.0457534386929176,0,0.0457534386929176,NaN,0.55,0.0071481640136043,0.0714285714285714,0.0242725709404649,0.0522076621661681,0.1,400,85,570,570,216,354,185,30,100,30,9107,0,90,90,90,90,83,83,83,83,83,0,20
DASCMOP1_BC,1,240,90,1,0.3,90,0,0.00142898288848281,0.00449206659488359,90,20,3,0.00471130188975554,35.5555555555556,0.380507984906382,0.592685684494379,0,20,0,20,2,0.222222222222222,0.0112556641158319,0.0219716924248471,0,0.0219716924248471,NaN,0,-0.236841441533299,0.0666666666666667,0.0301811662246697,0.0385881435073227,0.1,400,83,566,566,213,353,183,32,100,32,8923,0,96,96,96,96,90,90,90,90,90,0,20
DASCMOP1_BC,1,241,90,1,0.31,90,0,0.00134730542626376,0.00432001315138538,90,20,3,0.00471130188975554,35.5555555555556,0.388514161832449,0.654201935315251,0,20,0,20,9,0.222222222222222,0.043869785358251,0.0580879309250763,0,0.0580879309250763,NaN,0,-0.226367200129945,0.0645161290322581,0.0531698895840845,0.0656766504699692,0.45,400,90,580,580,218,362,190,32,100,32,10304,1,96,96,96,96,90,90,90,90,90,0,20
DASCMOP1_BC,1,242,92,1,0.31,92,0,0.00155768868563488,0.00462387330250664,92,20,3,0.00481599748730566,34.7826086956522,0.396323766144261,0.652449456328892,0,20,0,20,4,0.217391304347826,0.00721109929513133,0.0395783460328961,0,0.0396577293065139,NaN,0,-0.204138887291075,0.0645161290322581,0.0292801486224128,0.0567260843496176,0.2,400,90,580,580,219,361,189,32,100,32,9801,0,96,96,96,96,92,92,92,92,92,0,20
DASCMOP1_BC,1,243,87,1,0.29,87,0,0.00160136507997467,0.00478083970428205,87,20,3,0.00455425849343035,36.7816091954023,0.40267650320339,0.656830653794789,0,20,0,20,2,0.229885057471264,0.0295001803601848,0.0475053250249882,0,0.0475053250249882,NaN,0,-0.22451309426826,0.0689655172413793,0.0452840497223554,0.0497330244254393,0.1,400,92,584,584,227,357,195,31,100,31,10709,0,93,93,93,93,87,87,87,87,87,0,20
DASCMOP1_BC,1,244,87,1,0.29,87,0,0.00150936004978394,0.00450556220084879,87,20,3,0.00455425849343035,36.7816091954023,0.396323766144261,0.656830653794789,0,20,0,20,3,0.229885057471264,0.0234122098387968,0.0478229940720985,0,0.0478229940720985,NaN,0,-0.251486450065287,0.0689655172413793,0.0437859089159892,0.0504450817115763,0.15,400,87,574,574,215,359,187,31,100,31,9559,0,93,93,93,93,87,87,87,87,87,0,20
DASCMOP1_BC,1,245,90,1,0.3,90,0,0.00141175637807656,0.00504256521265378,90,20,3,0.00471130188975554,35.5555555555556,0.369958075376628,0.616195649644054,0,20,0,20,10,0.222222222222222,0.0488378058609649,0.0630119085563441,0,0.0630119085563441,NaN,0,-0.229239677366341,0.0666666666666667,0.0566987440234585,0.0656166405835489,0.5,400,87,574,574,220,354,187,31,100,31,9480,0,93,93,93,93,90,90,90,90,90,0,20
DASCMOP1_BC,1,246,84,1,0.28,84,0,0.00157611402362101,0.00505164534644428,84,20,3,0.00439721509710517,38.0952380952381,0.385347796711287,0.53680887113075,0,20,0,20,12,0.238095238095238,0.0552007408386787,0.0652514267161764,0,0.0652514267161764,NaN,0,-0.141126352420249,0.0714285714285714,0.0609384388472934,0.068500339703133,0.6,400,90,580,580,226,354,191,31,100,31,9455,0,93,93,93,93,84,84,84,84,84,0,20
DASCMOP1_BC,1,247,81,1,0.27,81,0,0.00130349632374183,0.0025688236599633,81,20,3,0.00424017170077998,39.5061728395062,0.396323766144261,0.535550631139405,0,20,0,20,5,0.246913580246914,0.0231814560747786,0.0549706487110062,0,0.0549706487110062,NaN,0.7,0.0314828169890718,0.0740740740740741,0.0399143667436099,0.0557034700465789,0.25,400,84,568,568,217,351,185,30,100,30,8954,1,90,90,90,90,81,81,81,81,81,0,20
DASCMOP1_BC,1,248,82,1,0.28,82,0,0.00146639472949896,0.0047443178835202,82,20,3,0.00429251949955504,39.0243902439024,0.396323766144261,0.534989872405428,0,20,0,20,0,0.24390243902439,0.0276732137025416,0.0461028859557585,0,0.0461028859557585,NaN,0.4,-0.0130981941362253,0,0.0422568225684775,0.0490850658086738,0,400,81,562,562,207,355,178,30,100,30,8755,0,90,90,90,90,82,82,82,82,82,0,20
DASCMOP1_BC,1,249,81,1,0.27,81,0,0.00165303912047696,0.00514783603562816,81,20,3,0.00424017170077998,39.5061728395062,0.393353973637353,0.534989872405428,0,20,0,20,0,0.246913580246914,0.0346407377664372,0.046310649973068,0,0.046310649973068,NaN,0.3,-0.0317700992490975,0,0.0446636165760186,0.0505891733691015,0,400,82,564,564,222,342,184,30,100,30,8861,0,90,90,90,90,81,81,81,81,81,0,20
DASCMOP1_BC,1,250,83,1,0.28,83,0,0.00122635345703139,0.0034284341644707,83,20,3,0.00434486729833011,38.5542168674699,0.40267650320339,0.546000612500744,0,20,0,20,0,0.240963855421687,0.0102777574546453,0.0140674136320035,0,0.0140674136320035,NaN,0.3,-0.0295191739512546,0,0.0302190510081367,0.0401822082207224,0,400,81,562,562,207,355,181,30,100,30,8587,0,90,90,90,90,83,83,83,83,83,0,20
DASCMOP1_BC,1,251,78,1,0.26,78,0,0.00125307476555013,0.00255778807993434,78,20,3,0.0040831283044548,41.025641025641,0.385347796711287,0.534989872405428,0,20,0,20,1,0.256410256410256,0.00307249917747385,0.0293611147059608,0,0.0293611147059608,NaN,0.35,-0.0201894571780146,0.0769230769230769,0.0233560013324559,0.0454805815155844,0.05,400,83,566,566,220,346,183,31,100,31,9105,0,93,93,93,93,78,78,78,78,78,0,20
DASCMOP1_BC,1,252,84,1,0.28,84,0,0.00196133539054227,0.00583142127485492,84,20,3,0.00439721509710517,38.0952380952381,0.399500134673826,0.534989872405428,0,20,0,20,3,0.238095238095238,0.0199505477760494,0.130296697321209,0,0.130296697321209,NaN,0.25,-0.0295428429235054,0.0714285714285714,0.0281821078188272,0.133400375835953,0.15,400,78,556,556,221,335,179,31,100,31,8858,0,93,93,93,93,84,84,84,84,84,0,20
DASCMOP1_BC,1,253,84,1,0.28,84,0,0.00114791275850073,0.00343662058754473,84,20,3,0.00439721509710517,38.0952380952381,0.396323766144261,0.534989872405428,0,20,0,20,5,0.238095238095238,0.0201681318279946,0.0995938657603183,0,0.0995938657603183,NaN,0.3,-0.0249642984340228,0.0714285714285714,0.0267391660305789,0.104774790677866,0.25,400,84,568,568,214,354,185,31,100,31,9696,0,93,93,93,93,84,84,84,84,84,0,20
DASCMOP1_BC,1,254,81,1,0.27,81,0,0.00116052637803892,0.00346001542847094,81,20,3,0.00424017170077998,39.5061728395062,0.393353973637353,0.534989872405428,0,20,0,20,6,0.246913580246914,0.00337715072599818,0.0219522047856921,0,0.0219522047856921,NaN,0.25,-0.028299289360031,0.0740740740740741,0.0235214305633397,0.0379257011974536,0.3,400,84,568,568,222,346,181,29,100,29,8986,0,87,87,87,87,81,81,81,81,81,0,20
DASCMOP1_BC,1,255,84,1,0.28,84,0,0.00152168835273852,0.00503634714115687,84,20,3,0.00439721509710517,38.0952380952381,0.357787081293518,0.535045948278826,0,20,0,20,6,0.238095238095238,0.0198255942846255,0.0821913865898354,0,0.0821913865898354,NaN,0.35,-0.0231513002772598,0.0714285714285714,0.0317701887882875,0.0878948261299611,0.3,400,81,562,562,213,349,182,30,100,30,9273,0,90,90,90,90,84,84,84,84,84,0,20
DASCMOP1_BC,1,256,84,1,0.28,84,0,0.0013341564072136,0.00466479595825636,84,20,3,0.00439721509710517,38.0952380952381,0.394838869890807,0.534989872405428,0,20,0,20,0,0.238095238095238,0.0300774645874801,0.0356883811868098,0,0.0356883811868098,NaN,0.45,-0.00294442659764871,0,0.0436698288360786,0.04701514841953,0,400,84,568,568,213,355,182,31,100,31,8799,0,93,93,93,93,84,84,84,84,84,0,20
DASCMOP1_BC,1,257,87,1,0.29,87,0,0.00156532904878927,0.00504657952710746,87,20,3,0.00455425849343035,36.7816091954023,0.396323766144261,0.596921534496396,0,20,0,20,0,0.229885057471264,0.0107292565774474,0.0174421262537601,0,0.0174421262537601,NaN,0.65,0.0214698285010819,0,0.0235078705523922,0.0342245201527122,0,400,84,568,568,215,353,186,30,100,30,8989,0,90,90,90,90,87,87,87,87,87,0,20
DASCMOP1_BC,1,258,92,1,0.32,92,0,0.00159754747888744,0.00466406029016386,92,20,3,0.00481599748730566,34.7826086956522,0.41030730022247,0.556422077899187,0,19,1,20,2,0.217391304347826,0.0170876817461502,0.0475647596317577,0,0.0475647596317577,NaN,0.05,-0.0355660136569026,0.0625,0.0231771791486612,0.0557960309371139,0.1,400,87,574,574,226,348,189,32,100,32,9255,0,96,96,96,96,92,92,92,92,92,0,20
DASCMOP1_BC,1,259,87,1,0.29,87,0,0.00110608890849822,0.00356645669104562,87,20,3,0.00455425849343035,36.7816091954023,0.402574928745668,0.596921534496396,0,20,0,20,4,0.229885057471264,0.0199329104635386,0.0654236874091366,0,0.0654236874091366,NaN,0,-0.0518807986445545,0.0689655172413793,0.0227927533478898,0.0697001920681226,0.2,400,92,584,584,216,368,193,30,100,30,10093,0,90,90,90,90,87,87,87,87,87,0,20
DASCMOP1_BC,1,260,90,1,0.3,90,0,0.00117348800804334,0.00441526070787092,90,20,3,0.00471130188975554,35.5555555555556,0.394838869890807,0.631112593934246,0,20,0,20,1,0.222222222222222,0.0377408647246979,0.0409021680570378,0,0.0444301220138889,NaN,0.25,-0.0225769997590046,0.0666666666666667,0.0422444141109672,0.045530921803998,0.05,400,87,574,574,221,353,187,32,100,32,9333,0,96,96,96,96,90,90,90,90,90,0,20
DASCMOP1_BC,1,261,90,1,0.3,90,0,0.0010361772430474,0.00332167026685047,90,20,3,0.00471130188975554,35.5555555555556,0.399500134673826,0.53172236015728,0,20,0,20,5,0.222222222222222,0.0125187097779622,0.0725450352401427,0,0.0725450352401427,NaN,0,-0.0524066316989151,0.0666666666666667,0.0193794135237997,0.0777067582437777,0.25,400,90,580,580,219,361,190,32,100,32,9245,0,96,96,96,96,90,90,90,90,90,0,20
DASCMOP1_BC,1,262,87,1,0.29,87,0,0.00123621532109639,0.00389626331685276,87,20,3,0.00455425849343035,36.7816091954023,0.40267650320339,0.533682867506169,0,20,0,20,5,0.229885057471264,0.0169518778588441,0.0679924150148571,0,0.0679924150148571,NaN,0.05,-0.0640153323974928,0.0689655172413793,0.0238679676014949,0.0737396161199229,0.25,400,90,580,580,229,351,191,31,100,31,10012,0,93,93,93,93,87,87,87,87,87,0,20
DASCMOP1_BC,1,263,93,1,0.31,93,0,0.00127613758104807,0.00457007803693029,93,20,3,0.00486834528608072,34.4086021505376,0.40267650320339,0.652419922447319,0,20,0,20,0,0.21505376344086,0.00889181486304349,0.014107758694684,0,0.014107758694684,NaN,0,-0.0582806442060103,0,0.0243694291773342,0.0329786382337554,0,400,87,574,574,215,359,187,31,100,31,9450,0,93,93,93,93,93,93,93,93,93,0,20
DASCMOP1_BC,1,264,87,1,0.29,87,0,0.00136040483863003,0.00525483753649722,87,20,3,0.00455425849343035,36.7816091954023,0.40267650320339,0.566498467143173,0,20,0,20,1,0.229885057471264,0.0155327120467592,0.0362556437803813,0,0.0362556437803813,NaN,0,-0.0386478189115445,0.0689655172413793,0.0371418941891486,0.0396516143271878,0.05,400,93,586,586,237,349,194,31,100,31,9639,0,93,93,93,93,87,87,87,87,87,0,20
DASCMOP1_BC,1,265,90,1,0.3,90,0,0.00122234966947066,0.00386701825470743,90,20,3,0.00471130188975554,35.5555555555556,0.41030730022247,0.544622630352064,0,20,0,20,2,0.222222222222222,0.0122750174727899,0.029064422377996,0,0.029064422377996,NaN,0.05,-0.027810461266257,0.133333333333333,0.0260915806020748,0.0420573840929189,0.1,400,87,574,574,225,349,187,32,100,32,9131,0,96,96,96,96,90,90,90,90,90,0,20
DASCMOP1_BC,1,266,90,1,0.3,90,0,0.00125943821755167,0.00433404454020019,90,20,3,0.00471130188975554,35.5555555555556,0.399500134673826,0.596421331548084,0,20,0,20,1,0.222222222222222,0.0229179304212447,0.0306984024293855,0,0.0320999316812599,NaN,0.2,-0.0300585138000278,0.0666666666666667,0.03072298718744,0.0386008768985422,0.05,400,90,580,580,232,348,194,32,100,32,9433,0,96,96,96,96,90,90,90,90,90,0,20
DASCMOP1_BC,1,267,87,1,0.29,87,0,0.00116245332472105,0.00430178750365043,87,20,3,0.00455425849343035,36.7816091954023,0.393353973637353,0.534989872405428,0,20,0,20,0,0.229885057471264,0.0152770918221333,0.0202884296782725,0,0.0202884296782725,NaN,0.2,-0.0252632786067307,0,0.0254075754349323,0.0346564478224218,0,400,90,580,580,218,362,192,30,100,30,10471,0,90,90,90,90,87,87,87,87,87,0,20
DASCMOP1_BC,1,268,90,1,0.3,90,0,0.00135521313601411,0.00440523796313613,90,20,3,0.00471130188975554,35.5555555555556,0.41030730022247,0.53172236015728,0,20,0,20,1,0.222222222222222,0.0159845731309513,0.0271580062649861,0,0.0279640722278744,NaN,0,-0.0485672635652937,0.0666666666666667,0.0295379396777418,0.0355193102749373,0.05,400,87,574,574,217,357,188,31,100,31,9371,0,93,93,93,93,90,90,90,90,90,0,20
DASCMOP1_BC,1,269,87,1,0.29,87,0,0.00136412375101808,0.00314159403615752,87,20,3,0.00455425849343035,36.7816091954023,0.393353973637353,0.550402285120046,0,20,0,20,0,0.229885057471264,0.0208134394213376,0.0277144575338121,0,0.0279321352883673,NaN,0,-0.0473001975270758,0,0.0277970814399911,0.0335869204306742,0,400,90,580,580,217,363,192,31,100,31,10155,0,93,93,93,93,87,87,87,87,87,0,20
DASCMOP1_BC,1,270,87,1,0.29,87,0,0.00109070399778556,0.00370960991281929,87,20,3,0.00455425849343035,36.7816091954023,0.40267650320339,0.566498467143173,0,20,0,20,4,0.229885057471264,0.0206818906673243,0.0797119407098968,0,0.0797119407098968,NaN,0.05,-0.0468364726256499,0.0689655172413793,0.023201907119139,0.0830636192583346,0.2,400,87,574,574,219,355,187,30,100,30,9212,0,90,90,90,90,87,87,87,87,87,0,20
DASCMOP1_BC,1,271,90,1,0.3,90,0,0.00183131113531709,0.00659248616032285,90,20,3,0.00471130188975554,35.5555555555556,0.40267650320339,0.546743101908194,0,20,0,20,4,0.222222222222222,0.0476678503656122,0.138837457294666,0,0.138837457294666,NaN,0.1,-0.0387161529828025,0.0666666666666667,0.0487324658106527,0.140000335866555,0.2,400,87,574,574,223,351,187,31,100,31,9170,0,93,93,93,93,90,90,90,90,90,0,20
DASCMOP1_BC,1,272,87,1,0.29,87,0,0.00132149790390282,0.00436458313365378,87,20,3,0.00455425849343035,36.7816091954023,0.402574928745668,0.566498467143173,0,20,0,20,0,0.229885057471264,0.0128255800872351,0.0215528945120414,0,0.0215528945120414,NaN,0,-0.06404283907143,0,0.0285065485080585,0.0341531577017623,0,400,90,580,580,229,351,191,30,100,30,9009,0,90,90,90,90,87,87,87,87,87,0,20
DASCMOP1_BC,1,273,87,1,0.29,87,0,0.000971271325379695,0.00330687370572494,87,20,3,0.00455425849343035,36.7816091954023,0.40267650320339,0.566498467143173,0,20,0,20,0,0.229885057471264,0.0152711539899304,0.022301825641651,0,0.022301825641651,NaN,0,-0.0573497546137033,0,0.0262071340584987,0.0334311909663464,0,400,87,574,574,219,355,188,30,100,30,9347,0,90,90,90,90,87,87,87,87,87,0,20
DASCMOP1_BC,1,274,93,1,0.31,93,0,0.0015561147881594,0.0056053913883818,93,20,3,0.00486834528608072,34.4086021505376,0.40267650320339,0.576761212698638,0,20,0,20,0,0.21505376344086,0.0291975969466605,0.0330705172211031,0,0.0351662934626487,NaN,0,-0.0418016241223129,0,0.0353315742387616,0.042272686148657,0,400,87,574,574,222,352,188,31,100,31,8919,0,93,93,93,93,93,93,93,93,93,0,20
DASCMOP1_BC,1,275,93,1,0.31,93,0,0.00180615508791864,0.00647041195359539,93,20,3,0.00486834528608072,34.4086021505376,0.40267650320339,0.652419922447319,0,20,0,20,0,0.21505376344086,0.0217265054813187,0.028325652770077,0,0.0294909707887414,NaN,0,-0.0561645329594329,0,0.0309287061741043,0.0369503774184805,0,400,93,586,586,236,350,195,31,100,31,9765,0,93,93,93,93,93,93,93,93,93,0,20
DASCMOP1_BC,1,276,87,1,0.29,87,0,0.00113964298024769,0.00376082528139857,87,20,3,0.00455425849343035,36.7816091954023,0.40267650320339,0.566498467143173,0,20,0,20,5,0.229885057471264,0.0271598798388498,0.0754644278600876,0,0.0754644278600876,NaN,0,-0.0427935908127285,0.0689655172413793,0.0320586965410994,0.0791928307706123,0.25,400,93,586,586,222,364,193,30,100,30,10255,0,90,90,90,90,87,87,87,87,87,0,20
DASCMOP1_BC,1,277,87,1,0.29,87,0,0.00111324709955757,0.0036811403565745,87,20,3,0.00455425849343035,36.7816091954023,0.396323766144261,0.566498467143173,0,20,0,20,0,0.229885057471264,0.00772836531115798,0.0171757148616291,0,0.0171757148616291,NaN,0.05,-0.0400296372341946,0,0.0267687262763212,0.0300047087454896,0,400,87,574,574,219,355,187,30,100,30,9721,0,90,90,90,90,87,87,87,87,87,0,20
DASCMOP1_BC,1,278,84,1,0.28,84,0,0.00116115067991444,0.00420420864102718,84,20,3,0.00439721509710517,38.0952380952381,0.388514161832449,0.534989872405428,0,20,0,20,1,0.238095238095238,0.006935974066771,0.0165977695781259,0,0.0165977695781259,NaN,0,-0.0331672098907878,0.0714285714285714,0.021457246024296,0.0326172609730228,0.05,400,87,574,574,222,352,189,31,100,31,9291,0,93,93,93,93,84,84,84,84,84,0,20
DASCMOP1_BC,1,279,87,1,0.29,87,0,0.00148904680221585,0.00490350239003031,87,20,3,0.00455425849343035,36.7816091954023,0.402574928745668,0.566498467143173,0,20,0,20,1,0.229885057471264,0.00749544994621408,0.035691304911969,0,0.035691304911969,NaN,0,-0.0446094316409597,0.0689655172413793,0.01955339460172,0.0459567400009263,0.05,400,84,568,568,213,355,184,30,100,30,9171,0,90,90,90,90,87,87,87,87,87,0,20
DASCMOP1_BC,1,280,93,1,0.31,93,0,0.0015678995213672,0.00551750409842451,93,20,3,0.00486834528608072,34.4086021505376,0.408733257482409,0.652419922447319,0,20,0,20,4,0.21505376344086,0.0530001006769815,0.160065977382213,0,0.160065977382213,NaN,0,-0.0457770929707528,0.0645161290322581,0.0547000175963421,0.161433025236014,0.2,400,87,574,574,229,345,187,31,100,31,9190,0,93,93,93,93,93,93,93,93,93,0,20
DASCMOP1_BC,1,281,93,1,0.31,93,0,0.0014883767036391,0.00533364037869443,93,20,3,0.00486834528608072,34.4086021505376,0.396323766144261,0.652419922447319,0,20,0,20,0,0.21505376344086,0.0200413233029076,0.0342585273165324,0,0.0351251498974237,NaN,0,-0.04525930904523,0,0.030018219128262,0.0429740693098142,0,400,93,586,586,234,352,193,31,100,31,9323,0,93,93,93,93,93,93,93,93,93,0,20
DASCMOP1_BC,1,282,87,1,0.29,87,0,0.00120634803301832,0.00409146344637402,87,20,3,0.00455425849343035,36.7816091954023,0.402574928745668,0.566498467143173,0,20,0,20,6,0.229885057471264,0.0194769874026457,0.067337974022887,0,0.067337974022887,NaN,0.05,-0.0574217810835757,0.0689655172413793,0.0363943399628634,0.0681635135152112,0.3,400,93,586,586,228,358,194,30,100,30,9620,0,90,90,90,90,87,87,87,87,87,0,20
DASCMOP1_BC,1,283,88,1,0.3,88,0,0.00128542840666071,0.00411122776706927,88,20,3,0.00460660629220541,36.3636363636364,0.417938097241549,0.562559892800955,0,20,0,20,6,0.227272727272727,0.0540015113522389,0.0783816825796662,0,0.0783816825796662,NaN,0,-0.0634635243324781,0.0666666666666667,0.0619189619909439,0.0790113442864168,0.3,400,87,574,574,219,355,187,30,100,30,9348,0,90,90,90,90,88,88,88,88,88,0,20
DASCMOP1_BC,1,284,96,1,0.32,96,0,0.00143924738732059,0.00472748298384921,96,20,3,0.0050253886824059,33.3333333333333,0.399500134673826,0.534989872405428,0,19,1,20,0,0.208333333333333,0.0216393341878718,0.0363787050577951,0,0.0363787050577951,NaN,0,-0.0526394357453048,0,0.0377360780124729,0.0444712823197234,0,400,88,576,576,225,351,190,32,100,32,9189,0,96,96,96,96,96,96,96,96,96,0,20
DASCMOP1_BC,1,285,87,1,0.29,87,0,0.00128109105558103,0.00421504520738642,87,20,3,0.00455425849343035,36.7816091954023,0.40267650320339,0.566498467143173,0,20,0,20,0,0.229885057471264,0.0226728475329529,0.0379306998305079,0,0.0379306998305079,NaN,0,-0.0500829114223079,0,0.0390041338438817,0.0415556943423916,0,400,96,592,592,236,356,196,30,100,30,9689,0,90,90,90,90,87,87,87,87,87,0,20
DASCMOP1_BC,1,286,96,1,0.32,96,0,0.00124463756479046,0.00430462744089554,96,20,3,0.0050253886824059,33.3333333333333,0.399500134673826,0.649820737849353,0,19,1,20,0,0.208333333333333,0.0317217684792916,0.0400866997078313,0,0.0442586392826527,NaN,0,-0.0439078344628844,0,0.0403903237906202,0.0487145862176736,0,400,87,574,574,224,350,188,32,100,32,9403,0,96,96,96,96,96,96,96,96,96,0,20
DASCMOP1_BC,1,287,90,1,0.3,90,0,0.00161590955927342,0.00569904082184046,90,20,3,0.00471130188975554,35.5555555555556,0.388514161832449,0.53172236015728,0,20,0,20,3,0.222222222222222,0.0041745605891633,0.0328204904565545,0,0.0328204904565545,NaN,0.05,-0.0574918647761647,0.0666666666666667,0.0238734517489388,0.0470718765460275,0.15,400,96,592,592,228,364,196,32,100,32,9894,0,96,96,96,96,90,90,90,90,90,0,20
DASCMOP1_BC,1,288,93,1,0.31,93,0,0.00126935809246038,0.00454890697015382,93,20,3,0.00486834528608072,34.4086021505376,0.396323766144261,0.652419922447319,0,20,0,20,1,0.21505376344086,0.0046602994482657,0.0396609242590971,0,0.0396609242590971,NaN,0,-0.0610181365966995,0.0645161290322581,0.0207633989007685,0.049285409703923,0.05,400,90,580,580,231,349,190,31,100,31,9618,0,93,93,93,93,93,93,93,93,93,0,20
DASCMOP1_BC,1,289,93,1,0.31,93,0,0.00135208306124196,0.00401022836693884,93,20,3,0.00486834528608072,34.4086021505376,0.434073776351723,0.538842975584083,0,20,0,20,1,0.21505376344086,0.0115810241231973,0.0220134572468998,0,0.0220134572468998,NaN,0.05,-0.0562284997701997,0.0645161290322581,0.0262915761248462,0.0430258291780237,0.05,400,93,586,586,229,357,194,32,100,32,9578,0,96,96,96,96,93,93,93,93,93,0,20
DASCMOP1_BC,1,290,87,1,0.29,87,0,0.00169364887866279,0.00552418200470189,87,20,3,0.00455425849343035,36.7816091954023,0.40267650320339,0.530996129261619,0,20,0,20,1,0.229885057471264,0.0103116392547508,0.0304727437631765,0,0.0304727437631765,NaN,0.1,-0.0356826512845812,0.0689655172413793,0.0213909010025876,0.0407298777609149,0.05,400,93,586,586,231,355,194,30,100,30,9546,0,90,90,90,90,87,87,87,87,87,0,20
DASCMOP1_BC,1,291,94,1,0.32,94,0,0.00129010167237748,0.00414983587209981,94,20,3,0.00492069308485578,34.0425531914894,0.40267650320339,0.529108350358761,0,19,1,20,5,0.212765957446809,0.0265070724031508,0.0770365808175517,0,0.0770365808175517,NaN,0,-0.042814849801686,0.0625,0.0303265178109434,0.081296865072213,0.25,400,87,574,574,218,356,189,32,100,32,9205,0,96,96,96,96,94,94,94,94,94,0,20
DASCMOP1_BC,1,292,93,1,0.31,93,0,0.00109718998982102,0.00373349505940736,93,20,3,0.00486834528608072,34.4086021505376,0.396323766144261,0.557956045494213,0,20,0,20,7,0.21505376344086,0.037435529331307,0.0990786278106559,0,0.0990786278106559,NaN,0,-0.0648268190109227,0.0645161290322581,0.0397924005157262,0.101647139763502,0.35,400,94,588,588,222,366,195,31,100,31,10430,0,93,93,93,93,93,93,93,93,93,0,20
DASCMOP1_BC,1,293,90,1,0.3,90,0,0.00157930175387882,0.00550881872849945,90,20,3,0.00471130188975554,35.5555555555556,0.399500134673826,0.505988652783363,0,20,0,20,0,0.222222222222222,0.00636746443026712,0.0307520555449655,0,0.0307520555449655,NaN,0.05,-0.0678883783588882,0,0.0209555423538028,0.0430361505185843,0,400,93,586,586,225,361,194,31,100,31,10032,0,93,93,93,93,90,90,90,90,90,0,20
DASCMOP1_BC,1,294,93,1,0.31,93,0,0.00128704941226277,0.00432927550508087,93,20,3,0.00486834528608072,34.4086021505376,0.387058661951597,0.50049410607279,0,20,0,20,1,0.21505376344086,0.0128664861876093,0.0184145054322738,0,0.0185094978722704,NaN,0.05,-0.0672191491399152,0.0645161290322581,0.0282769438267119,0.031898396150389,0.05,400,90,580,580,236,344,191,32,100,32,9592,0,96,96,96,96,93,93,93,93,93,0,20
DASCMOP1_BC,1,295,93,1,0.31,93,0,0.00118471264119663,0.00377521659020959,93,20,3,0.00486834528608072,34.4086021505376,0.40267650320339,0.564690422115885,0,20,0,20,1,0.21505376344086,0.0236616249996946,0.0361397442084319,0,0.0369721141094768,NaN,0.05,-0.0529750598470808,0.0645161290322581,0.0394800306278095,0.0467224398665177,0.05,400,93,586,586,232,354,194,32,100,32,9954,0,96,96,96,96,93,93,93,93,93,0,20
DASCMOP1_BC,1,296,96,1,0.32,96,0,0.00122679577259843,0.00390763678278683,96,20,3,0.0050253886824059,33.3333333333333,0.41030730022247,0.534989872405428,0,19,1,20,3,0.208333333333333,0.0197499584117622,0.0634564958230974,0,0.0634564958230974,NaN,0.15,-0.0252060816418903,0.0625,0.0252796783832468,0.068980484970244,0.15,400,93,586,586,227,359,194,32,100,32,9964,0,96,96,96,96,96,96,96,96,96,0,20
DASCMOP1_BC,1,297,96,1,0.32,96,0,0.0012422376390417,0.00439612084037979,96,20,3,0.0050253886824059,33.3333333333333,0.390206317794475,0.528454847909131,0,19,1,20,6,0.208333333333333,0.0266051372894718,0.0800914634054142,0,0.0800914634054142,NaN,0,-0.0590347866390922,0.0625,0.0327359287454654,0.0850606264014407,0.3,400,96,592,592,230,362,199,32,100,32,10607,0,96,96,96,96,96,96,96,96,96,0,20
DASCMOP1_BC,1,298,87,1,0.29,87,0,0.00163175244482877,0.00582271366401042,87,20,3,0.00455425849343035,36.7816091954023,0.396323766144261,0.533682867506169,0,20,0,20,1,0.229885057471264,0.00411331337988102,0.0240648251321619,0,0.0240648251321619,NaN,0,-0.0542579740153779,0.0689655172413793,0.0184545426244845,0.0357316988805738,0.05,400,96,592,592,232,360,198,30,100,30,10490,0,90,90,90,90,87,87,87,87,87,0,20
DASCMOP1_BC,1,299,87,1,0.29,87,0,0.00130915389062894,0.00430183747972324,87,20,3,0.00455425849343035,36.7816091954023,0.393353973637353,0.519468369858823,0,20,0,20,2,0.229885057471264,0.00553619780126318,0.0146075625632424,0,0.0150829899491855,NaN,0.05,-0.036425276368962,0.137931034482759,0.0267079315543687,0.0404237765740905,0.1,400,87,574,574,223,351,187,31,100,31,8867,0,93,93,93,93,87,87,87,87,87,0,20
DASCMOP1_BC,1,300,96,1,0.32,96,0,0.00137373003556699,0.00479452740662791,96,20,3,0.0050253886824059,33.3333333333333,0.434073776351723,0.566704154700851,0,19,1,20,0,0.208333333333333,0.0175985590532917,0.0255765837929943,0,0.0255765837929943,NaN,0,-0.051909221725867,0,0.0292532817298948,0.0453602846250243,0,400,87,574,574,228,346,188,32,100,32,9062,0,96,96,96,96,96,96,96,96,96,0,20
DASCMOP1_BC,1,301,96,1,0.32,96,0,0.00139346666676217,0.00431262038692786,96,20,3,0.0050253886824059,33.3333333333333,0.417938097241549,0.5542553882987,0,19,1,20,0,0.208333333333333,0.0214065194851877,0.0289426466020036,0,0.0289426466020036,NaN,0,-0.0642841230157409,0,0.0291914348682545,0.0470588540937055,0,400,96,592,592,233,359,196,32,100,32,9711,0,96,96,96,96,96,96,96,96,96,0,20
DASCMOP1_BC,1,302,87,1,0.29,87,0,0.00123647427435425,0.00403591093138941,87,20,3,0.00455425849343035,36.7816091954023,0.402574928745668,0.529527807990328,0,20,0,20,0,0.229885057471264,0.0134998638209429,0.0283233971730157,0,0.0283233971730157,NaN,0,-0.0516953265238215,0,0.0301861555134997,0.0349182009649548,0,400,96,592,592,226,366,197,30,100,30,10097,0,90,90,90,90,87,87,87,87,87,0,20
DASCMOP1_BC,1,303,87,1,0.29,87,0,0.00102098937875797,0.00333263365171472,87,20,3,0.00455425849343035,36.7816091954023,0.393353973637353,0.529527807990328,0,20,0,20,1,0.229885057471264,0.00784387538270585,0.0150715786540189,0,0.0150715786540189,NaN,0,-0.0555982394435513,0.0689655172413793,0.0239784666282788,0.0326999479262662,0.05,400,87,574,574,228,346,188,30,100,30,8423,0,90,90,90,90,87,87,87,87,87,0,20
DASCMOP1_BC,1,304,90,1,0.3,90,0,0.00155151846680589,0.00544817361575663,90,20,3,0.00471130188975554,35.5555555555556,0.390206317794475,0.534989872405428,0,20,0,20,3,0.222222222222222,0.0169167599825228,0.0523184423482796,0,0.0523184423482796,NaN,0,-0.0504161558198346,0.0666666666666667,0.0213404049996819,0.0584842457208444,0.15,400,87,574,574,225,349,188,31,100,31,9514,0,93,93,93,93,90,90,90,90,90,0,20
DASCMOP1_BC,1,305,96,1,0.32,96,0,0.00119379585853473,0.00376951267408509,96,20,3,0.0050253886824059,33.3333333333333,0.436472810670382,0.602457917116249,0,19,1,20,2,0.208333333333333,0.0151639004446736,0.0462465644230083,0,0.0462465644230083,NaN,0,-0.0464024971536457,0.0625,0.0207552835196577,0.0558457280015542,0.1,400,90,580,580,229,351,190,32,100,32,9385,0,96,96,96,96,96,96,96,96,96,0,20
DASCMOP1_BC,1,306,87,1,0.29,87,0,0.00185033248433858,0.00682960129966347,87,20,3,0.00455425849343035,36.7816091954023,0.387058661951597,0.533682867506169,0,20,0,20,5,0.229885057471264,0.0189331925689347,0.0582610199283734,0,0.0582610199283734,NaN,0,-0.0620858987970327,0.0689655172413793,0.02783918755734,0.0651734198246474,0.25,400,96,592,592,232,360,197,30,100,30,10218,0,90,90,90,90,87,87,87,87,87,0,20
DASCMOP1_BC,1,307,93,1,0.31,93,0,0.00141717724047132,0.0047544050886792,93,20,3,0.00486834528608072,34.4086021505376,0.417938097241549,0.545274319066651,0,19,1,20,1,0.21505376344086,0.0115506545012772,0.0416306000096071,0,0.0416306000096071,NaN,0,-0.0598809987588216,0.0645161290322581,0.0254023569874757,0.0537633701944073,0.05,400,87,574,574,225,349,188,31,100,31,9061,0,93,93,93,93,93,93,93,93,93,0,20
DASCMOP1_BC,1,308,96,1,0.32,96,0,0.00130789475220574,0.00430543129272181,96,20,3,0.0050253886824059,33.3333333333333,0.436472810670382,0.571429072370919,0,19,1,20,0,0.208333333333333,0.00979037848107072,0.0288986908335201,0,0.0288986908335201,NaN,0.1,-0.0329743385795348,0,0.0326245006743088,0.0394151122785233,0,400,93,586,586,219,367,195,32,100,32,10285,0,96,96,96,96,96,96,96,96,96,0,20
DASCMOP1_BC,1,309,96,1,0.32,96,0,0.00132102468323186,0.00462155492422204,96,20,3,0.0050253886824059,33.3333333333333,0.398015238420372,0.528454847909131,0,19,1,20,0,0.208333333333333,0.0231231248318938,0.0309056717978565,0,0.0309056717978565,NaN,0,-0.0515147594622339,0,0.0330991778151789,0.0494270177922892,0,400,96,592,592,226,366,196,32,100,32,10312,0,96,96,96,96,96,96,96,96,96,0,20
DASCMOP1_BC,1,310,87,1,0.29,87,0,0.00139607240085473,0.004595172050269,87,20,3,0.00455425849343035,36.7816091954023,0.393353973637353,0.529527807990328,0,20,0,20,0,0.229885057471264,0.0221244979847162,0.0269039961335764,0,0.0269039961335764,NaN,0,-0.0616406997930916,0,0.0284433705555309,0.042383347140569,0,400,96,592,592,237,355,196,30,100,30,9806,0,90,90,90,90,87,87,87,87,87,0,20
DASCMOP1_BC,1,311,90,1,0.3,90,0,0.00113827788429033,0.00388194056937659,90,20,3,0.00471130188975554,35.5555555555556,0.398015238420372,0.550847013553139,0,20,0,20,1,0.222222222222222,0.0132767328384309,0.0365424800954618,0,0.0365424800954618,NaN,0,-0.0611479660301046,0.0666666666666667,0.0211170450351833,0.0452025363819235,0.05,400,87,574,574,218,356,190,31,100,31,9650,0,93,93,93,93,90,90,90,90,90,0,20
DASCMOP1_BC,1,312,87,1,0.29,87,0,0.00124371823213468,0.00405966182996338,87,20,3,0.00455425849343035,36.7816091954023,0.393353973637353,0.530390018428678,0,20,0,20,5,0.229885057471264,0.0222985895646457,0.0682005963254928,0,0.0682005963254928,NaN,0.05,-0.0544173039557343,0.0689655172413793,0.0273874298233065,0.0729566348255326,0.25,400,90,580,580,226,354,193,30,100,30,9413,0,90,90,90,90,87,87,87,87,87,0,20
DASCMOP1_BC,1,313,96,1,0.32,96,0,0.00147190653530167,0.00476426782014318,96,20,3,0.0050253886824059,33.3333333333333,0.417938097241549,0.566704154700851,0,19,1,20,4,0.208333333333333,0.0984515367599684,0.175759497533555,0,0.175759497533555,NaN,0,-0.0554717240693218,0.0625,0.0993756846412669,0.177322135883971,0.2,400,87,574,574,220,354,189,32,100,32,9517,0,96,96,96,96,96,96,96,96,96,0,20
DASCMOP1_BC,1,314,87,1,0.29,87,0,0.00148920605611433,0.00490265739760096,87,20,3,0.00455425849343035,36.7816091954023,0.383674350027544,0.533682867506169,0,20,0,20,7,0.229885057471264,0.0345790382497547,0.10680804904689,0,0.10680804904689,NaN,0.05,-0.0581305101549396,0.137931034482759,0.0394159669280516,0.110722923859772,0.35,400,96,592,592,231,361,197,31,100,31,10019,0,93,93,93,93,87,87,87,87,87,0,20
DASCMOP1_BC,1,315,84,1,0.28,84,0,0.00157652275336406,0.00535832786946562,84,20,3,0.00439721509710517,38.0952380952381,0.398015238420372,0.534989872405428,0,20,0,20,6,0.238095238095238,0.0108451683362123,0.0778070956042572,0,0.0778070956042572,NaN,0.05,-0.055415945462822,0.142857142857143,0.0237594818041164,0.0836844939943639,0.3,400,87,574,574,226,348,188,31,100,31,9533,0,93,93,93,93,84,84,84,84,84,0,20
DASCMOP1_BC,1,316,90,1,0.3,90,0,0.00119466215595938,0.00428915271244115,90,20,3,0.00471130188975554,35.5555555555556,0.398015238420372,0.562600243055905,0,20,0,20,0,0.222222222222222,0.0132354394681326,0.0221291144295034,0,0.0221291144295034,NaN,0,-0.0603592844893822,0,0.0270069980947545,0.0370014334769713,0,400,84,568,568,212,356,186,31,100,31,9361,0,93,93,93,93,90,90,90,90,90,0,20
DASCMOP1_BC,1,317,90,1,0.3,90,0,0.00146034689182638,0.0051984133359216,90,20,3,0.00471130188975554,35.5555555555556,0.385347796711287,0.562600243055905,0,20,0,20,0,0.222222222222222,0.0206572342324627,0.0349046592156609,0,0.035329906525398,NaN,0.25,-0.0250933353985966,0,0.0340939077266298,0.0430114761390017,0,400,90,580,580,224,356,192,31,100,31,10142,0,93,93,93,93,90,90,90,90,90,0,20
DASCMOP1_BC,1,318,90,1,0.3,90,0,0.00119382205816246,0.00448453724885408,90,20,3,0.00471130188975554,35.5555555555556,0.41030730022247,0.55957327277874,0,20,0,20,0,0.222222222222222,0.0203472167059543,0.026737014840294,0,0.0283579804959483,NaN,0.05,-0.0397164357696556,0,0.0328992514706087,0.0363877793530927,0,400,90,580,580,225,355,190,31,100,31,10045,0,93,93,93,93,90,90,90,90,90,0,20
DASCMOP1_BC,1,319,86,1,0.29,86,0,0.00118750699484872,0.00404153126677231,86,20,3,0.00450191069465529,37.2093023255814,0.398015238420372,0.534336369955798,0,20,0,20,5,0.232558139534884,0.077373534120563,0.174555139072819,0,0.174555139072819,NaN,0.05,-0.063706984566175,0.137931034482759,0.0788497452489269,0.176216477350768,0.25,400,90,580,580,228,352,190,31,100,31,9211,0,93,93,93,93,86,86,86,86,86,0,20
DASCMOP1_BC,1,320,93,1,0.31,93,0,0.00141804950270087,0.00509730315014147,93,20,3,0.00486834528608072,34.4086021505376,0.393353973637353,0.539691164206534,0,19,1,20,6,0.21505376344086,0.036448600818936,0.107614700086197,0,0.107614700086197,NaN,0.05,-0.047832291980523,0.0645161290322581,0.0392819358918606,0.110120719022408,0.3,400,86,572,572,225,347,187,31,100,31,9516,0,93,93,93,93,93,93,93,93,93,0,20
DASCMOP1_BC,1,321,87,1,0.29,87,0,0.0013557704220652,0.00453443898360978,87,20,3,0.00455425849343035,36.7816091954023,0.393353973637353,0.524696389455861,0,20,0,20,0,0.229885057471264,0.0316221731376397,0.0421830582353688,0,0.0421830582353688,NaN,0,-0.0420625994402803,0,0.039766894365414,0.0482407844977251,0,400,93,586,586,224,362,193,30,100,30,10728,0,90,90,90,90,87,87,87,87,87,0,20
DASCMOP1_BC,1,322,90,1,0.3,90,0,0.00121354109750855,0.00437322501818765,90,20,3,0.00471130188975554,35.5555555555556,0.388514161832449,0.486791514446767,0,20,0,20,6,0.222222222222222,0.0154946189338841,0.0869011423977258,0,0.0869011423977258,NaN,0,-0.0700994840792503,0.0666666666666667,0.0259277846130397,0.0915170680947253,0.3,400,87,574,574,217,357,188,30,100,30,9201,0,90,90,90,90,90,90,90,90,90,0,20
DASCMOP1_BC,1,323,88,1,0.3,88,0,0.00155800535368913,0.00508729861419581,88,20,3,0.00460660629220541,36.3636363636364,0.37734161978522,0.480806143673662,0,20,0,20,3,0.227272727272727,0.0352242761668038,0.0448550821348339,0,0.0448550821348339,NaN,0.3,-0.0389306525418031,0.133333333333333,0.0423058790334718,0.0515557408142887,0.15,400,90,580,580,236,344,191,31,100,31,9152,0,93,93,93,93,88,88,88,88,88,0,20
DASCMOP1_BC,1,324,89,1,0.3,89,0,0.00152679528077984,0.00498635120651855,89,20,3,0.00465895409098047,35.9550561797753,0.393353973637353,0.483354037409742,0,20,0,20,5,0.224719101123595,0.0148244553565752,0.0660798575034577,0,0.0660798575034577,NaN,0.15,-0.0299146978240206,0.0666666666666667,0.0227959833194751,0.0714905617362227,0.25,400,88,576,576,230,346,188,31,100,31,9235,0,93,93,93,93,89,89,89,89,89,0,20
DASCMOP1_BC,1,325,90,1,0.3,90,0,0.00147674670594009,0.00479750053198004,90,20,3,0.00471130188975554,35.5555555555556,0.346570879309174,0.483311932347779,0,20,0,20,2,0.222222222222222,0.0159182183445222,0.0391098310181581,0,0.0391098310181581,NaN,0.15,-0.0538742239270428,0.133333333333333,0.0238827940938491,0.0493416010014189,0.1,400,89,578,578,225,353,188,31,100,31,9271,0,93,93,93,93,90,90,90,90,90,0,20
DASCMOP1_BC,1,326,90,1,0.3,90,0,0.00153632251879584,0.00352902324571174,90,20,3,0.00471130188975554,35.5555555555556,0.357189394442275,0.486791514446767,0,20,0,20,0,0.222222222222222,0.0212398869966361,0.0331404196291437,0,0.0345929915039761,NaN,0.05,-0.0436335007195365,0,0.0308283881460124,0.0388878326708209,0,400,90,580,580,223,357,191,31,100,31,9351,0,93,93,93,93,90,90,90,90,90,0,20
DASCMOP1_BC,1,327,90,1,0.3,90,0,0.00107434648503636,0.00349027039095734,90,20,3,0.00471130188975554,35.5555555555556,0.365527730949633,0.483522457657594,0,20,0,20,1,0.222222222222222,0.0128069239176421,0.0250735161347995,0,0.0253606026162065,NaN,0.3,-0.0342692446955573,0.0666666666666667,0.0287019263858614,0.034386455265725,0.05,400,90,580,580,226,354,190,31,100,31,9817,0,93,93,93,93,90,90,90,90,90,0,20
DASCMOP1_BC,1,328,87,1,0.29,87,0,0.000881027895502275,0.0037421928803581,87,20,3,0.00455425849343035,36.7816091954023,0.376146246082735,0.543501556660286,0,20,0,20,3,0.229885057471264,0.00813496378301768,0.0506234189769732,0,0.0506234189769732,NaN,0,-0.0637709773829434,0.0689655172413793,0.022060158508214,0.058673722319889,0.15,400,90,580,580,226,354,190,31,100,31,9542,0,93,93,93,93,87,87,87,87,87,0,20
DASCMOP1_BC,1,329,90,1,0.3,90,0,0.00121640047226131,0.00399382584197017,90,20,3,0.00471130188975554,35.5555555555556,0.346570879309174,0.483311932347779,0,20,0,20,7,0.222222222222222,0.0230344293681316,0.0866717373449874,0,0.0866717373449874,NaN,0.05,-0.0522443837158362,0.133333333333333,0.0303189779823192,0.0915650606368392,0.35,400,87,574,574,217,357,188,31,100,31,9247,0,93,93,93,93,90,90,90,90,90,0,20
DASCMOP1_BC,1,330,90,1,0.3,90,0,0.00133324584749644,0.00501142227737301,90,20,3,0.00471130188975554,35.5555555555556,0.398015238420372,0.569206030725376,0,20,0,20,5,0.222222222222222,0.0210522891018424,0.0732488947386739,0,0.0732488947386739,NaN,0.65,0.00693322264034862,0.0666666666666667,0.0228840893456222,0.0765284896911035,0.25,400,90,580,580,233,347,191,31,100,31,9165,0,93,93,93,93,90,90,90,90,90,0,20
DASCMOP1_BC,1,331,96,1,0.32,96,0,0.00112057016841182,0.00363515309325973,96,20,3,0.0050253886824059,33.3333333333333,0.385347796711287,0.606430557384626,0,19,1,20,4,0.208333333333333,0.0293328688085008,0.114435339584286,0,0.114435339584286,NaN,0.25,-0.0182770137938171,0.0625,0.0328015726809361,0.116358721438515,0.2,400,90,580,580,238,342,189,32,100,32,8892,0,96,96,96,96,96,96,96,96,96,0,20
DASCMOP1_BC,1,332,96,1,0.32,96,0,0.00128687411990615,0.00487262393147956,96,20,3,0.0050253886824059,33.3333333333333,0.376743932933977,0.490060571235941,0,19,1,20,0,0.208333333333333,0.025747269714651,0.0374179506063095,0,0.0376448132362149,NaN,0,-0.0831255236061008,0,0.0379391862973986,0.0459547335398231,0,400,96,592,592,231,361,197,32,100,32,10294,0,96,96,96,96,96,96,96,96,96,0,20
DASCMOP1_BC,1,333,96,1,0.32,96,0,0.00110306426006078,0.00406527511998506,96,20,3,0.0050253886824059,33.3333333333333,0.398015238420372,0.566704154700851,0,19,1,20,0,0.208333333333333,0.0210537789259062,0.0305225408282968,0,0.0319352315136498,NaN,0.15,-0.0318530615315822,0,0.0332460001513014,0.0389214954562483,0,400,96,592,592,226,366,196,32,100,32,10224,0,96,96,96,96,96,96,96,96,96,0,20
DASCMOP1_BC,1,334,93,1,0.31,93,0,0.00140098090429515,0.00486541119622266,93,20,3,0.00486834528608072,34.4086021505376,0.37734161978522,0.502899534648493,0,20,0,20,4,0.21505376344086,0.0316929017003299,0.105709020178126,0,0.105709020178126,NaN,0.3,-0.0204305939578406,0.0645161290322581,0.0330906275942746,0.107107322404317,0.2,400,96,592,592,222,370,196,31,100,31,10285,0,93,93,93,93,93,93,93,93,93,0,20
DASCMOP1_BC,1,335,87,1,0.29,87,0,0.00110688667450128,0.00470055844794214,87,20,3,0.00455425849343035,36.7816091954023,0.376146246082735,0.543501556660286,0,20,0,20,4,0.229885057471264,0.0238636278510264,0.106776445364047,0,0.106776445364047,NaN,0,-0.0563268694698268,0.0689655172413793,0.0301358858325763,0.110264260056261,0.2,400,93,586,586,224,362,194,31,100,31,9906,0,93,93,93,93,87,87,87,87,87,0,20
DASCMOP1_BC,1,336,96,1,0.32,96,0,0.0014393473082125,0.00491069775245264,96,20,3,0.0050253886824059,33.3333333333333,0.398015238420372,0.528454847909131,0,19,1,20,1,0.208333333333333,0.0194021006560239,0.0375459249984983,0,0.0375459249984983,NaN,0.25,-0.0198829485730857,0.0625,0.0297600907585766,0.0521705160466489,0.05,400,87,574,574,226,348,188,32,100,32,9665,0,96,96,96,96,96,96,96,96,96,0,20
DASCMOP1_BC,1,337,96,1,0.32,96,0,0.00116667400005799,0.00408011770637687,96,20,3,0.0050253886824059,33.3333333333333,0.382200140868408,0.490060571235941,0,19,1,20,3,0.208333333333333,0.0116346127092036,0.0211804526500858,0,0.0221696610733853,NaN,0,-0.0462334857075679,0.0625,0.0332069551227519,0.04953273083661,0.15,400,96,592,592,227,365,196,32,100,32,10389,0,96,96,96,96,96,96,96,96,96,0,20
DASCMOP1_BC,1,338,96,1,0.32,96,0,0.00129669296779202,0.00449022599122499,96,20,3,0.0050253886824059,33.3333333333333,0.393353973637353,0.558496331410959,0,19,1,20,2,0.208333333333333,0.0193974381743082,0.030342647936255,0,0.0336122753936695,NaN,0,-0.0665594078279844,0.0625,0.0384942186351103,0.0530801674903645,0.1,400,96,592,592,228,364,196,32,100,32,10231,0,96,96,96,96,96,96,96,96,96,0,20
DASCMOP1_BC,1,339,96,1,0.32,96,0,0.00157764296933671,0.00552675764100649,96,20,3,0.0050253886824059,33.3333333333333,0.40267650320339,0.565883372371861,0,19,1,20,3,0.208333333333333,0.0251732463265516,0.0471046990186888,0,0.0471046990186888,NaN,0,-0.0678109381559993,0.0625,0.0419906505840985,0.0512309429152706,0.15,400,96,592,592,241,351,196,32,100,32,9950,0,96,96,96,96,96,96,96,96,96,0,20
DASCMOP1_BC,1,340,96,1,0.32,96,0,0.00134866263956412,0.00438062953020168,96,20,3,0.0050253886824059,33.3333333333333,0.398015238420372,0.5542553882987,0,19,1,20,1,0.208333333333333,0.0117678847594954,0.035341643344494,0,0.035341643344494,NaN,0,-0.0597252209522335,0.0625,0.0315714904496336,0.0465692558292862,0.05,400,96,592,592,235,357,198,32,100,32,10582,0,96,96,96,96,96,96,96,96,96,0,20
DASCMOP1_BC,1,341,90,1,0.3,90,0,0.00122953157323522,0.00399445301236666,90,20,3,0.00471130188975554,35.5555555555556,0.365527730949633,0.483311932347779,0,20,0,20,5,0.222222222222222,0.0269725616858662,0.0742249687137321,0,0.0742249687137321,NaN,0.15,-0.0613986732932079,0.133333333333333,0.0465747840860331,0.0753753504785008,0.25,400,96,592,592,237,355,196,31,100,31,9847,0,93,93,93,93,90,90,90,90,90,0,20
DASCMOP1_BC,1,342,96,1,0.32,96,0,0.00118599334854853,0.00415016548685518,96,20,3,0.0050253886824059,33.3333333333333,0.390206317794475,0.528454847909131,0,19,1,20,0,0.208333333333333,0.0218919998684728,0.0327005209087409,0,0.0361540370220026,NaN,0,-0.0557359028631699,0,0.0335353182427389,0.0566319342097165,0,400,90,580,580,227,353,192,32,100,32,8864,0,96,96,96,96,96,96,96,96,96,0,20
DASCMOP1_BC,1,343,82,1,0.28,82,0,0.000984988030656182,0.00264271962304872,82,20,3,0.00429251949955504,39.0243902439024,0.338232542801815,0.465454339195901,0,20,0,20,3,0.24390243902439,0.0231192040090748,0.0488452257354809,0,0.0488452257354809,NaN,0,-0.0538209955187928,0.0714285714285714,0.0449832684369052,0.0524139182331587,0.15,400,96,592,592,225,367,197,30,100,30,9974,0,90,90,90,90,82,82,82,82,82,0,20
DASCMOP1_BC,1,344,90,1,0.3,90,0,0.0012771559178718,0.0043559356190252,90,20,3,0.00471130188975554,35.5555555555556,0.366125417800876,0.483522457657594,0,20,0,20,1,0.222222222222222,0.0144210485406917,0.0259928349201047,0,0.0259928349201047,NaN,0.05,-0.0440939906934551,0.0666666666666667,0.0350550808200879,0.0430528268120755,0.05,400,82,564,564,216,348,183,31,100,31,8779,0,93,93,93,93,90,90,90,90,90,0,20
DASCMOP1_BC,1,345,90,1,0.3,90,0,0.00122868590809933,0.00398932758429928,90,20,3,0.00471130188975554,35.5555555555556,0.376743932933977,0.528454847909131,0,20,0,20,4,0.222222222222222,0.00874852055560829,0.0947363762944071,0,0.0947363762944071,NaN,0.1,-0.0513756982467329,0.133333333333333,0.026193662305593,0.102201571472537,0.2,400,90,580,580,230,350,191,31,100,31,9160,0,93,93,93,93,90,90,90,90,90,0,20
DASCMOP1_BC,1,346,90,1,0.3,90,0,0.00120735120059757,0.00441206927407923,90,20,3,0.00471130188975554,35.5555555555556,0.365527730949633,0.483311932347779,0,20,0,20,7,0.222222222222222,0.0295944920486597,0.17497796105747,0,0.17497796105747,NaN,0.05,-0.0633016673972223,0.133333333333333,0.0394720694083952,0.179431681042739,0.35,400,90,580,580,226,354,191,31,100,31,9534,0,93,93,93,93,90,90,90,90,90,0,20
DASCMOP1_BC,1,347,96,1,0.32,96,0,0.00131113130237901,0.0045417239721748,96,20,3,0.0050253886824059,33.3333333333333,0.376743932933977,0.490060571235941,0,19,1,20,1,0.208333333333333,0.0249344237188008,0.0553280953924949,0,0.0553280953924949,NaN,0,-0.048885144690175,0.0625,0.0392570021321959,0.069930087652572,0.05,400,90,580,580,219,361,191,32,100,32,9633,0,96,96,96,96,96,96,96,96,96,0,20
DASCMOP1_BC,1,348,90,1,0.3,90,0,0.0011941761316045,0.00417065276576096,90,20,3,0.00471130188975554,35.5555555555556,0.376743932933977,0.505988652783363,0,20,0,20,3,0.222222222222222,0.0345004671027977,0.195145263141189,0,0.195145263141189,NaN,0.1,-0.0376112623271605,0.133333333333333,0.0394511619407509,0.198546333139443,0.15,400,96,592,592,233,359,198,31,100,31,9819,0,93,93,93,93,90,90,90,90,90,0,20
DASCMOP1_BC,1,349,90,1,0.3,90,0,0.00106107293186854,0.00366645601472238,90,20,3,0.00471130188975554,35.5555555555556,0.355203906554482,0.457286348853337,0,20,0,20,5,0.222222222222222,0.101162214226983,0.330894132319475,0,0.330894132319475,NaN,0.25,-0.0539255758997744,0.133333333333333,0.102080552556801,0.332074935081462,0.25,400,90,580,580,224,356,193,31,100,31,9862,0,93,93,93,93,90,90,90,90,90,0,20
DASCMOP1_BC,1,350,96,1,0.32,96,0,0.00106602820741311,0.00346143210020719,96,20,3,0.0050253886824059,33.3333333333333,0.40267650320339,0.566704154700851,0,19,1,20,2,0.208333333333333,0.0233437675629655,0.165100751308356,0,0.165100751308356,NaN,0,-0.0580562313561385,0.0625,0.0265127705370396,0.168489781170287,0.1,400,90,580,580,226,354,190,32,100,32,9223,0,96,96,96,96,96,96,96,96,96,0,20
DASCMOP1_BC,1,351,87,1,0.29,87,0,0.00158110508092965,0.00629426570744954,87,20,3,0.00455425849343035,36.7816091954023,0.387058661951597,0.479908833965256,0,20,0,20,1,0.229885057471264,0.0178963133437931,0.0291763192197739,0,0.0305070149450677,NaN,0,-0.0668382804335239,0.0689655172413793,0.0347375715474721,0.0399499054781357,0.05,400,96,592,592,235,357,197,31,100,31,10238,0,93,93,93,93,87,87,87,87,87,0,20
DASCMOP1_BC,1,352,93,1,0.31,93,0,0.00129846291799511,0.00418887125905368,93,20,3,0.00486834528608072,34.4086021505376,0.37734161978522,0.492508935707902,0,20,0,20,3,0.21505376344086,0.0227408746660785,0.141763524456619,0,0.141763524456619,NaN,0,-0.0297185005598733,0.129032258064516,0.0258583507481656,0.14222452868867,0.15,400,87,574,574,215,359,187,32,100,32,9330,0,96,96,96,96,93,93,93,93,93,0,20
DASCMOP1_BC,1,353,90,1,0.3,90,0,0.00158717222775932,0.0055235490030787,90,20,3,0.00471130188975554,35.5555555555556,0.385347796711287,0.505988652783363,0,20,0,20,2,0.222222222222222,0.021714845759351,0.21112331291317,0,0.21112331291317,NaN,0,-0.0478255990279147,0.0666666666666667,0.0228720288407503,0.211212013270093,0.1,400,93,586,586,227,359,193,31,100,31,10385,0,93,93,93,93,90,90,90,90,90,0,20
DASCMOP1_BC,1,354,90,1,0.3,90,0,0.00121972958484768,0.00408073882399656,90,20,3,0.00471130188975554,35.5555555555556,0.385347796711287,0.55141523186837,0,20,0,20,2,0.222222222222222,0.0278209085331503,0.146624864971837,0,0.146624864971837,NaN,0.1,-0.0340372055150474,0.133333333333333,0.0299604711025166,0.14683706947962,0.1,400,90,580,580,227,353,192,31,100,31,10073,0,93,93,93,93,90,90,90,90,90,0,20
DASCMOP1_BC,1,355,90,1,0.3,90,0,0.00126118626982982,0.00481738106279007,90,20,3,0.00471130188975554,35.5555555555556,0.398015238420372,0.541355118103916,0,20,0,20,3,0.222222222222222,0.0433162737558629,0.161729606193682,0,0.161729606193682,NaN,0.05,-0.0315541459755628,0.133333333333333,0.0474604809525919,0.161928533144382,0.15,400,90,580,580,221,359,192,32,100,32,9613,0,96,96,96,96,90,90,90,90,90,0,20
DASCMOP1_BC,1,356,93,1,0.31,93,0,0.00141708348563033,0.00453321910128263,93,20,3,0.00486834528608072,34.4086021505376,0.40267650320339,0.606430557384626,0,20,0,20,2,0.21505376344086,0.0311971470700127,0.119104688903019,0,0.119104688903019,NaN,0.05,-0.0175046790550523,0.129032258064516,0.0351590105710839,0.119474530113962,0.1,400,90,580,580,228,352,191,32,100,32,9736,0,96,96,96,96,93,93,93,93,93,0,20
DASCMOP1_BC,1,357,90,1,0.3,90,0,0.00135483573839052,0.00579695228266684,90,20,3,0.00471130188975554,35.5555555555556,0.385347796711287,0.578833659446295,0,20,0,20,1,0.222222222222222,0.0354677783416253,0.153126285299927,0,0.153126285299927,NaN,0.25,-0.0212040113490305,0.0666666666666667,0.0372026526673163,0.153173951017946,0.05,400,93,586,586,234,352,193,31,100,31,10210,0,93,93,93,93,90,90,90,90,90,0,20
DASCMOP1_BC,1,358,94,1,0.32,94,0,0.00155550835089652,0.00648870570060734,94,20,3,0.00492069308485578,34.0425531914894,0.393353973637353,0.562563797018027,0,19,1,20,1,0.212765957446809,0.0294202926740944,0.129035516831952,0,0.129035516831952,NaN,0.55,0.0015810985907353,0.0625,0.0327087951615754,0.129483459654749,0.05,400,90,580,580,223,357,191,32,100,32,10305,0,96,96,96,96,94,94,94,94,94,0,20
DASCMOP1_BC,1,359,90,1,0.3,90,0,0.00148848785673815,0.00535083485764794,90,20,3,0.00471130188975554,35.5555555555556,0.385347796711287,0.52215797976732,0,20,0,20,1,0.222222222222222,0.0403021953702497,0.148081864926408,0,0.148081864926408,NaN,0,-0.0295701347793428,0.0666666666666667,0.0459864422695822,0.148857404228267,0.05,400,94,588,588,234,354,196,31,100,31,9850,0,93,93,93,93,90,90,90,90,90,0,20
DASCMOP1_BC,1,360,90,1,0.3,90,0,0.00116526190485707,0.00379551613666857,90,20,3,0.00471130188975554,35.5555555555556,0.385347796711287,0.505988652783363,0,20,0,20,1,0.222222222222222,0.017091664274301,0.0297046854648858,0,0.0297046854648858,NaN,0.2,-0.0163974228126857,0.0666666666666667,0.0320710363754279,0.0348484684156154,0.05,400,90,580,580,220,360,190,32,100,32,9306,0,96,96,96,96,90,90,90,90,90,0,20
DASCMOP1_BC,1,361,89,1,0.3,89,0,0.00121075405224705,0.00506162722732118,89,20,3,0.00465895409098047,35.9550561797753,0.37734161978522,0.582179392446313,0,20,0,20,3,0.224719101123595,0.0226702725142394,0.096802052013134,0,0.096802052013134,NaN,0.05,-0.0361353380967161,0.0666666666666667,0.0333131498633524,0.0975891679603831,0.15,400,90,580,580,222,358,191,31,100,31,9368,0,93,93,93,93,89,89,89,89,89,0,20
DASCMOP1_BC,1,362,86,1,0.29,86,0,0.000914920342213593,0.00337163221210542,86,20,3,0.00450191069465529,37.2093023255814,0.366083401053841,0.573590661899652,0,20,0,20,3,0.232558139534884,0.0209763982522284,0.116397533963536,0,0.116397533963536,NaN,0.05,-0.0300200513397176,0.0689655172413793,0.0238991930246529,0.117290925048601,0.15,400,89,578,578,223,355,190,30,100,30,9552,0,90,90,90,90,86,86,86,86,86,0,20
DASCMOP1_BC,1,363,84,1,0.28,84,0,0.00142965916691327,0.00510431216422565,84,20,3,0.00439721509710517,38.0952380952381,0.366083401053841,0.5542553882987,0,20,0,20,3,0.238095238095238,0.0419035070741939,0.219667042088317,0,0.219667042088317,NaN,0,-0.0205031558989061,0.0714285714285714,0.0450617229849266,0.220057373328725,0.15,400,86,572,572,223,349,186,30,100,30,9427,0,90,90,90,90,84,84,84,84,84,0,20
DASCMOP1_BC,1,364,96,1,0.32,96,0,0.00150822327840021,0.00514650485028064,96,20,3,0.0050253886824059,33.3333333333333,0.376146246082735,0.483101407037963,0,19,1,20,3,0.208333333333333,0.0389898368599144,0.158990919142435,0,0.158990919142435,NaN,0.4,-0.00701836114248811,0.0625,0.040264672471908,0.159618669488834,0.15,400,84,568,568,224,344,184,32,100,32,9309,0,96,96,96,96,96,96,96,96,96,0,20
DASCMOP1_BC,1,365,93,1,0.31,93,0,0.00102462954107042,0.00356930971590948,93,20,3,0.00486834528608072,34.4086021505376,0.344236668223047,0.574375615827609,0,19,1,20,2,0.21505376344086,0.0279732524275712,0.0537306004833347,0,0.0537306004833347,NaN,0.45,-0.00557156566627603,0.0645161290322581,0.031641619151733,0.0572582850158679,0.1,400,96,592,592,240,352,194,31,100,31,9411,0,93,93,93,93,93,93,93,93,93,0,20
DASCMOP1_BC,1,366,93,1,0.31,93,0,0.0011032761116711,0.00392553560362478,93,20,3,0.00486834528608072,34.4086021505376,0.338232542801815,0.528454847909131,0,19,1,20,2,0.21505376344086,0.0187047787981371,0.0423242073420106,0,0.0423242073420106,NaN,0,-0.045226586087295,0.0645161290322581,0.0280243966396557,0.0494352512050396,0.1,400,93,586,586,232,354,193,31,100,31,9703,0,93,93,93,93,93,93,93,93,93,0,20
DASCMOP1_BC,1,367,92,1,0.31,92,0,0.00106645753299234,0.00388179545145798,92,20,3,0.00481599748730566,34.7826086956522,0.356020556024948,0.487868678037731,0,20,0,20,1,0.217391304347826,0.0183040092355709,0.0362789563255996,0,0.0362789563255996,NaN,0.05,-0.0270627844400206,0.0645161290322581,0.0293480768756908,0.0457713531365191,0.05,400,93,586,586,231,355,193,32,100,32,9940,0,96,96,96,96,92,92,92,92,92,0,20
DASCMOP1_BC,1,368,90,1,0.3,90,0,0.00107938606600972,0.00406408617090237,90,20,3,0.00471130188975554,35.5555555555556,0.366083401053841,0.577528405597666,0,20,0,20,3,0.222222222222222,0.0775944259764431,0.248154330994251,0,0.248154330994251,NaN,0,-0.00982220578168952,0.0666666666666667,0.0777102611956872,0.248176122576279,0.15,400,92,584,584,229,355,195,30,100,30,10141,0,90,90,90,90,90,90,90,90,90,0,20
DASCMOP1_BC,1,369,93,1,0.31,93,0,0.00138490313356451,0.00525967665354687,93,20,3,0.00486834528608072,34.4086021505376,0.376146246082735,0.569555292490863,0,19,1,20,1,0.21505376344086,0.025884085335117,0.215297235180812,0,0.215297235180812,NaN,0,-0.0264470838310586,0.0645161290322581,0.0298927311661413,0.215358197476371,0.05,400,90,580,580,221,359,190,31,100,31,9282,4,93,93,93,93,93,93,93,93,93,0,20
DASCMOP1_BC,1,370,93,1,0.31,93,0,0.00127128235450656,0.00452306211153646,93,20,3,0.00486834528608072,34.4086021505376,0.344236668223047,0.565341089185693,0,19,1,20,2,0.21505376344086,0.0295491047519883,0.169175035363351,0,0.169175035363351,NaN,0.95,0.00468926647256745,0.0645161290322581,0.0355706121855539,0.169472788129765,0.1,400,93,586,586,235,351,193,31,100,31,9858,0,93,93,93,93,93,93,93,93,93,0,20
DASCMOP1_BC,1,371,96,1,0.32,96,0,0.00114225819484312,0.00423722801802682,96,20,3,0.0050253886824059,33.3333333333333,0.356020556024948,0.565341089185693,0,19,1,20,4,0.208333333333333,0.0298382846569912,0.0527973971809762,0,0.0527973971809762,NaN,0,-0.0409973597782416,0.0625,0.0348336938205058,0.053579469282574,0.2,400,93,586,586,232,354,195,32,100,32,9836,0,96,96,96,96,96,96,96,96,96,0,20
DASCMOP1_BC,1,372,93,1,0.31,93,0,0.00136664890141136,0.00485733784975927,93,20,3,0.00486834528608072,34.4086021505376,0.356020556024948,0.565341089185693,0,19,1,20,1,0.21505376344086,0.0184956830288901,0.029493245466894,0,0.029493245466894,NaN,0,-0.0226095637899313,0.0645161290322581,0.0269862267393186,0.0373866800366514,0.05,400,96,592,592,234,358,197,31,100,31,10025,0,93,93,93,93,93,93,93,93,93,0,20
DASCMOP1_BC,1,373,93,1,0.31,93,0,0.00132599687722911,0.00484700814568912,93,20,3,0.00486834528608072,34.4086021505376,0.374380911801491,0.578185461776185,0,20,0,20,0,0.21505376344086,0.0167340295820237,0.0291835629572064,0,0.0291835629572064,NaN,0,-0.017924786630801,0,0.0268879835961652,0.0328012359156072,0,400,93,586,586,229,357,193,31,100,31,9622,0,93,93,93,93,93,93,93,93,93,0,20
DASCMOP1_BC,1,374,96,1,0.32,96,0,0.0010075344217705,0.00425701275361665,96,20,3,0.0050253886824059,33.3333333333333,0.338232542801815,0.59917098748163,0,19,1,20,4,0.208333333333333,0.00665138070573201,0.021522098085529,0,0.021522098085529,NaN,0,-0.00991657366032583,0.0625,0.0267074069174511,0.0352683564565548,0.2,400,93,586,586,232,354,193,32,100,32,9620,0,96,96,96,96,96,96,96,96,96,0,20
DASCMOP1_BC,1,375,96,1,0.32,96,0,0.00116926920783982,0.00459112261403584,96,20,3,0.0050253886824059,33.3333333333333,0.356020556024948,0.59917098748163,0,19,1,20,1,0.208333333333333,0.0262360214943408,0.107518298152019,0,0.107518298152019,NaN,0.05,-0.0188020270839688,0.0625,0.0333520160000446,0.109396584875285,0.05,400,96,592,592,235,357,197,32,100,32,10279,0,96,96,96,96,96,96,96,96,96,0,20
DASCMOP1_BC,1,376,93,1,0.31,93,0,0.00125567827240099,0.00458016516607509,93,20,3,0.00486834528608072,34.4086021505376,0.376146246082735,0.578185461776185,0,20,0,20,2,0.21505376344086,0.0261504372956048,0.0734269312426126,0,0.0734269312426126,NaN,0.6,0.000526107523143193,0.0645161290322581,0.0302035921950451,0.074630155471214,0.1,400,96,592,592,228,364,196,31,100,31,9970,0,93,93,93,93,93,93,93,93,93,0,20
DASCMOP1_BC,1,377,96,1,0.32,96,0,0.00139256066849251,0.00526843941428517,96,20,3,0.0050253886824059,33.3333333333333,0.384750109860044,0.59917098748163,0,19,1,20,0,0.208333333333333,0.0266162589595557,0.0358988506464428,0,0.0358988506464428,NaN,0.05,-0.0307490321883117,0,0.0307964085969385,0.0413414505847144,0,400,93,586,586,226,360,194,32,100,32,9649,0,96,96,96,96,96,96,96,96,96,0,20
DASCMOP1_BC,1,378,96,1,0.32,96,0,0.00129080763430325,0.00493975298741672,96,20,3,0.0050253886824059,33.3333333333333,0.40267650320339,0.602440109300967,0,19,1,20,1,0.208333333333333,0.0272192039138804,0.0393203498943416,0,0.0397097249955245,NaN,0,-0.0213714995937742,0.0625,0.0347942571152719,0.0450648794309833,0.05,400,96,592,592,230,362,196,32,100,32,9809,0,96,96,96,96,96,96,96,96,96,0,20
DASCMOP1_BC,1,379,93,1,0.31,93,0,0.00111209694024666,0.00380867931042609,93,20,3,0.00486834528608072,34.4086021505376,0.344236668223047,0.528454847909131,0,19,1,20,3,0.21505376344086,0.0240310182286346,0.0936613457364082,0,0.0936613457364082,NaN,0,-0.0397832444139478,0.0645161290322581,0.0279972742788077,0.0951685951673346,0.15,400,96,592,592,231,361,197,31,100,31,9800,0,93,93,93,93,93,93,93,93,93,0,20
DASCMOP1_BC,1,380,93,1,0.31,93,0,0.00106851341907579,0.00442550621640585,93,20,3,0.00486834528608072,34.4086021505376,0.387058661951597,0.629562952138153,0,20,0,20,1,0.21505376344086,0.0317079819073903,0.0408057574290721,0,0.0435755510121,NaN,0,-0.0467466976429613,0.0645161290322581,0.0384582870202993,0.0473625049797777,0.05,400,93,586,586,223,363,195,32,100,32,9942,0,96,96,96,96,93,93,93,93,93,0,20
DASCMOP1_BC,1,381,90,1,0.3,90,0,0.00133211493574437,0.00521942211101929,90,20,3,0.00471130188975554,35.5555555555556,0.398015238420372,0.621921404017914,0,20,0,20,2,0.222222222222222,0.0254962617831153,0.03379336743041,0,0.0353845562780175,NaN,0.65,0.00386236478330609,0.133333333333333,0.0334680330272556,0.0404219450893017,0.1,400,93,586,586,220,366,193,32,100,32,9791,0,96,96,96,96,90,90,90,90,90,0,20
DASCMOP1_BC,1,382,90,1,0.3,90,0,0.00106738686611846,0.00470023198005634,90,20,3,0.00471130188975554,35.5555555555556,0.338232542801815,0.557433476810337,0,20,0,20,1,0.222222222222222,0.0245108761798427,0.0374382945476928,0,0.037699506057162,NaN,0,-0.0237613140771322,0.0666666666666667,0.0303979789912677,0.0420905440713331,0.05,400,90,580,580,219,361,191,31,100,31,9669,0,93,93,93,93,90,90,90,90,90,0,20
DASCMOP1_BC,1,383,84,1,0.28,84,0,0.00104567299549664,0.00317836304678767,84,20,3,0.00439721509710517,38.0952380952381,0.338232542801815,0.614279855897675,0,20,0,20,2,0.238095238095238,0.0340156366105807,0.0805611377534801,0,0.0805611377534801,NaN,0,-0.0155001754818903,0.0714285714285714,0.0374954751359754,0.0818192423718754,0.1,400,90,580,580,221,359,190,30,100,30,9740,0,90,90,90,90,84,84,84,84,84,0,20
DASCMOP1_BC,1,384,93,1,0.31,93,0,0.00105558873703674,0.00361710967753973,93,20,3,0.00486834528608072,34.4086021505376,0.302814519349741,0.537639001492827,0,19,1,20,3,0.21505376344086,0.0219999631725184,0.0788799449359741,0,0.0788799449359741,NaN,0,-0.0364597745564041,0.0645161290322581,0.0263329741521855,0.0809041875002982,0.15,400,84,568,568,218,350,186,31,100,31,8839,0,93,93,93,93,93,93,93,93,93,0,20
DASCMOP1_BC,1,385,84,1,0.28,84,0,0.00103803266389447,0.00455812473046456,84,20,3,0.00439721509710517,38.0952380952381,0.320523531075778,0.436472810670382,0,20,0,20,0,0.238095238095238,0.0224198607587384,0.033443467201756,0,0.0348749359528239,NaN,0,-0.00906946341553561,0,0.0312805062524814,0.0402503257180922,0,400,93,586,586,235,351,194,31,100,31,9881,0,93,93,93,93,84,84,84,84,84,0,20
DASCMOP1_BC,1,386,87,1,0.29,87,0,0.000960520036267768,0.00381318555235418,87,20,3,0.00455425849343035,36.7816091954023,0.346891452052289,0.586412105711543,0,20,0,20,0,0.229885057471264,0.00683881105478513,0.0141191027608406,0,0.0162554829491573,NaN,0.05,-0.0350018861387532,0,0.0268875715406559,0.0306651219418422,0,400,84,568,568,217,351,184,31,100,31,9166,0,93,93,93,93,87,87,87,87,87,0,20
DASCMOP1_BC,1,387,87,1,0.29,87,0,0.00112417037320003,0.00445604106779279,87,20,3,0.00455425849343035,36.7816091954023,0.338232542801815,0.574820654151061,0,20,0,20,1,0.229885057471264,0.0130302063771122,0.0200898492248968,0,0.0206636991812675,NaN,0.05,-0.0192859309266931,0.0689655172413793,0.0265596907476289,0.0310079141208782,0.05,400,87,574,574,222,352,189,31,100,31,9320,0,93,93,93,93,87,87,87,87,87,0,20
DASCMOP1_BC,1,388,89,1,0.3,89,0,0.000803375343059094,0.00320751492886111,89,20,3,0.00465895409098047,35.9550561797753,0.346891452052289,0.586412105711543,0,20,0,20,0,0.224719101123595,0.010979818103326,0.0285931770259341,0,0.0285931770259341,NaN,0,-0.0428532512126915,0,0.0271378223312678,0.031401756778842,0,400,87,574,574,230,344,187,31,100,31,9234,0,93,93,93,93,89,89,89,89,89,0,20
DASCMOP1_BC,1,389,84,1,0.29,84,0,0.000876862165829166,0.00263671838238769,84,20,3,0.00439721509710517,38.0952380952381,0.302814519349741,0.449118358510773,0,20,0,20,1,0.238095238095238,0.0102081796199819,0.0377467708704959,0,0.0377467708704959,NaN,0,-0.0263316159875063,0.0689655172413793,0.0299099328460566,0.0395314459347222,0.05,400,89,578,578,219,359,189,30,100,30,9644,0,90,90,90,90,84,84,84,84,84,0,20
DASCMOP1_BC,1,390,94,1,0.32,94,0,0.000827552332274899,0.00310321422141749,94,20,3,0.00492069308485578,34.0425531914894,0.356020556024948,0.571301454483004,0,19,1,20,15,0.212765957446809,0.0482937983155046,0.0616863582254649,0,0.0616863582254649,NaN,0.85,0.00190338868057688,0.0625,0.0524097311139458,0.0681142924924042,0.75,400,84,568,568,211,357,186,32,100,32,9049,0,96,96,96,96,94,94,94,94,94,0,20
DASCMOP1_BC,1,391,90,1,0.3,90,0,0.000815981577225508,0.00296849873956872,90,20,3,0.00471130188975554,35.5555555555556,0.287418421497655,0.600345980804609,0,20,0,20,1,0.222222222222222,0.0137931727707239,0.0222246723816213,0,0.0237323648382913,NaN,0,-0.033037152656789,0.0666666666666667,0.0278785080601893,0.0316693458816107,0.05,400,94,588,588,237,351,194,31,100,31,9312,0,93,93,93,93,90,90,90,90,90,0,20
DASCMOP1_BC,1,392,90,1,0.3,90,0,0.000876390231685215,0.00318479746604144,90,20,3,0.00471130188975554,35.5555555555556,0.287418421497655,0.529297523253616,0,20,0,20,1,0.222222222222222,0.0181397789347283,0.0336207570269833,0,0.0351401547411981,NaN,0.15,-0.0249306427029271,0.0666666666666667,0.028272885290011,0.040127630339989,0.05,400,90,580,580,217,363,190,31,100,31,9906,0,93,93,93,93,90,90,90,90,90,0,20
DASCMOP1_BC,1,393,81,1,0.27,81,0,0.000724353815110992,0.00326669674965362,81,20,3,0.00424017170077998,39.5061728395062,0.343309704003902,0.614279855897675,0,20,0,20,3,0.246913580246914,0.0224554543452344,0.0665661832937692,0,0.0665661832937692,NaN,0.1,-0.00492970884166682,0.0740740740740741,0.027746803246589,0.0693969176885817,0.15,400,90,580,580,222,358,190,31,100,31,9193,0,93,93,93,93,81,81,81,81,81,0,20
DASCMOP1_BC,1,394,90,1,0.3,90,0,0.00115008065492034,0.00474096469216584,90,20,3,0.00471130188975554,35.5555555555556,0.343309704003902,0.486385019259344,0,20,0,20,3,0.222222222222222,0.0254317210569176,0.0869312016323123,0,0.0869312016323123,NaN,0.7,0.0271706538396207,0.0666666666666667,0.0260803607968416,0.0869971410825284,0.15,400,81,562,562,217,345,182,31,100,31,9013,0,93,93,93,93,90,90,90,90,90,0,20
DASCMOP1_BC,1,395,87,1,0.29,87,0,0.00109825646552493,0.00405502925085309,87,20,3,0.00455425849343035,36.7816091954023,0.338232542801815,0.580286922840051,0,20,0,20,2,0.229885057471264,0.0113843901863141,0.0171399390795259,0,0.0171399390795259,NaN,0.2,-0.0197355708382305,0.0689655172413793,0.0207725216937341,0.0277249913838524,0.1,400,90,580,580,234,346,192,30,100,30,9645,0,90,90,90,90,87,87,87,87,87,0,20
DASCMOP1_BC,1,396,90,1,0.3,90,0,0.000799700988846823,0.0031671955042589,90,20,3,0.00471130188975554,35.5555555555556,0.349665130014425,0.600345980804609,0,20,0,20,2,0.222222222222222,0.0151384193366656,0.033984222021028,0,0.033984222021028,NaN,0.4,-0.00903901147349664,0.0666666666666667,0.0241055118094458,0.0371597514263687,0.1,400,87,574,574,229,345,187,31,100,31,9148,0,93,93,93,93,90,90,90,90,90,0,20
DASCMOP1_BC,1,397,90,1,0.3,90,0,0.00103793168926615,0.00425001424067941,90,20,3,0.00471130188975554,35.5555555555556,0.340771123402859,0.557433476810337,0,20,0,20,1,0.222222222222222,0.018656689769111,0.0315175416083899,0,0.0316147517369473,NaN,0.7,0.0181731552677848,0.0666666666666667,0.0230714266958635,0.0344237286725562,0.05,400,90,580,580,218,362,192,31,100,31,9638,0,93,93,93,93,90,90,90,90,90,0,20
DASCMOP1_BC,1,398,87,1,0.29,87,0,0.000895119438473913,0.00314139841326488,87,20,3,0.00455425849343035,36.7816091954023,0.343309704003902,0.589279337020943,0,20,0,20,0,0.229885057471264,0.0166869452356962,0.0344343507092689,0,0.0344343507092689,NaN,0.7,0.00920841504794828,0,0.0232784078938382,0.0361392760995951,0,400,90,580,580,223,357,190,32,100,32,9552,0,96,96,96,96,87,87,87,87,87,0,20
DASCMOP1_BC,1,399,84,1,0.28,84,0,0.000940131694916902,0.00465093463834204,84,20,3,0.00439721509710517,38.0952380952381,0.340771123402859,0.606430557384626,0,20,0,20,3,0.238095238095238,0.026200842866525,0.0420499537131788,0,0.0426899901205202,NaN,0.9,0.058273664438913,0.142857142857143,0.0302312320671924,0.0440423111023328,0.15,400,87,574,574,232,342,187,31,100,31,9441,0,93,93,93,93,84,84,84,84,84,0,20
DASCMOP1_BC,1,400,82,1,0.28,82,0,0.00078239410184261,0.00493450254962812,82,20,3,0.00429251949955504,39.0243902439024,0.374522711275578,0.614279855897675,0,20,0,20,1,0.24390243902439,0.0281233818409574,0.0399657651762852,0,0.0399657651762852,NaN,0.55,0.00243287553472535,0.0714285714285714,0.0307158673153424,0.0408993137462893,0.05,400,84,568,568,220,348,186,31,100,31,9154,0,93,93,93,93,82,82,82,82,82,0,20
DASCMOP1_BC,1,401,84,1,0.28,84,0,0.000788177655892366,0.00387314681360866,84,20,3,0.00439721509710517,38.0952380952381,0.345100578028096,0.606430557384626,0,20,0,20,3,0.238095238095238,0.0182425003159546,0.0686444715675329,0,0.0686444715675329,NaN,0.6,0.00366105464632527,0.0714285714285714,0.019621228852933,0.0689513195888592,0.15,400,82,564,564,221,343,186,31,100,31,9159,0,93,93,93,93,84,84,84,84,84,0,20
DASCMOP1_BC,1,402,82,1,0.28,82,0,0.000718509842328889,0.00338837531846152,82,20,3,0.00429251949955504,39.0243902439024,0.343309704003902,0.47323716163621,0,20,0,20,4,0.24390243902439,0.0449954210763449,0.121157267851,0,0.121157267851,NaN,0.7,0.0295818283127116,0.0714285714285714,0.0455239374106241,0.121194581803767,0.2,400,84,568,568,226,342,185,30,100,30,8876,0,90,90,90,90,82,82,82,82,82,0,20
DASCMOP1_BC,1,403,78,1,0.26,78,0,0.000957238015951319,0.00545611507657347,78,20,3,0.0040831283044548,41.025641025641,0.340771123402859,0.47323716163621,0,20,0,20,2,0.256410256410256,0.025535061828684,0.0943173888065547,0,0.0943173888065547,NaN,0.85,0.0647204779049265,0.0769230769230769,0.0260842644485978,0.0943477026477091,0.1,400,82,564,564,220,344,184,31,100,31,8444,0,93,93,93,93,78,78,78,78,78,0,20
DASCMOP1_BC,1,404,75,1,0.25,75,0,0.000583029672669391,0.00256494962824802,75,20,3,0.00392608490812961,42.6666666666667,0.338232542801815,0.47323716163621,0,20,0,20,0,0.266666666666667,0.0229473208191832,0.0353209465255577,0,0.0353562622510194,NaN,0.7,0.0365506400396241,0,0.0255502026131994,0.0368721921466861,0,400,78,556,556,216,340,178,31,100,31,7920,0,93,93,93,93,75,75,75,75,75,0,20
DASCMOP1_BC,1,405,87,1,0.29,87,0,0.00108422124960772,0.00436722751261949,87,20,3,0.00455425849343035,36.7816091954023,0.346891452052289,0.602426867050009,0,20,0,20,3,0.229885057471264,0.0209745154512467,0.0960731258838549,0,0.0960731258838549,NaN,0.65,0.0305302709015232,0.0689655172413793,0.0219746629598359,0.0963097330837798,0.15,400,75,550,550,202,348,175,31,100,31,8349,0,93,93,93,93,87,87,87,87,87,0,20
DASCMOP1_BC,1,406,84,1,0.28,84,0,0.000704045519593318,0.00383135822014342,84,20,3,0.00439721509710517,38.0952380952381,0.345130668407003,0.614279855897675,0,20,0,20,0,0.238095238095238,0.0160501900042882,0.0281837009908226,0,0.0282509130906526,NaN,0.4,-0.00198394790953138,0,0.0241058630429895,0.0334933413604319,0,400,87,574,574,225,349,187,32,100,32,8610,0,96,96,96,96,84,84,84,84,84,0,20
DASCMOP1_BC,1,407,83,1,0.28,83,0,0.00065969909171777,0.00415993822241079,83,20,3,0.00434486729833011,38.5542168674699,0.374522711275578,0.614279855897675,0,20,0,20,2,0.240963855421687,0.0233626077468648,0.0723531561177192,0,0.0723531561177192,NaN,0.8,0.0222195044259763,0.0714285714285714,0.02488182205414,0.0729592660817751,0.1,400,84,568,568,215,353,185,31,100,31,9146,0,93,93,93,93,83,83,83,83,83,0,20
DASCMOP1_BC,1,408,87,1,0.29,87,0,0.00100860362008562,0.004328761162231,87,20,3,0.00455425849343035,36.7816091954023,0.343309704003902,0.586412105711543,0,20,0,20,3,0.229885057471264,0.0252140457381135,0.0613254589827631,0,0.0613254589827631,NaN,1,0.0298620636158174,0.0689655172413793,0.0288520082842464,0.0639395835729542,0.15,400,83,566,566,218,348,184,31,100,31,9659,0,93,93,93,93,87,87,87,87,87,0,20
DASCMOP1_BC,1,409,84,1,0.28,84,0,0.000681138066514943,0.00356960692041517,84,20,3,0.00439721509710517,38.0952380952381,0.349125283637031,0.614279855897675,0,20,0,20,3,0.238095238095238,0.0225850597241732,0.0678466404789081,0,0.0678466404789081,NaN,0.5,-0.000230648689815344,0.0714285714285714,0.0274690915287898,0.0700909317937198,0.15,400,87,574,574,221,353,187,32,100,32,8750,0,96,96,96,96,84,84,84,84,84,0,20
DASCMOP1_BC,1,410,90,1,0.3,90,0,0.000740366450950983,0.00272829071552427,90,20,3,0.00471130188975554,35.5555555555556,0.350916157661225,0.600345980804609,0,20,0,20,2,0.222222222222222,0.0307953454555559,0.0595940799632172,0,0.0595940799632172,NaN,0.75,0.0239957208209184,0.0666666666666667,0.0356588921074264,0.0617393604633868,0.1,400,84,568,568,223,345,181,32,100,32,8906,0,96,96,96,96,90,90,90,90,90,0,20
DASCMOP1_BC,1,411,90,1,0.3,90,0,0.000785314668618694,0.00344442179036869,90,20,3,0.00471130188975554,35.5555555555556,0.35891620763974,0.541355118103916,0,20,0,20,3,0.222222222222222,0.017470505913997,0.152127173838873,0,0.152127173838873,NaN,0.75,0.00867487522214416,0.0666666666666667,0.021696180321191,0.152952806386255,0.15,400,90,580,580,222,358,191,32,100,32,9111,0,96,96,96,96,90,90,90,90,90,0,20
DASCMOP1_BC,1,412,80,1,0.27,80,0,0.000605829178553185,0.00323823508503141,80,20,3,0.00418782390200492,40,0.393353973637353,0.606410291622738,0,20,0,20,3,0.25,0.0330548937112242,0.123984879861097,0,0.123984879861097,NaN,0.05,-0.0130027936556221,0.0740740740740741,0.03680648580849,0.124870138337742,0.15,400,90,580,580,221,359,191,31,100,31,9370,0,93,93,93,93,80,80,80,80,80,0,20
DASCMOP1_BC,1,413,87,1,0.29,87,0,0.000541520519805607,0.0022562886973525,87,20,3,0.00455425849343035,36.7816091954023,0.374522711275578,0.609129340648918,0,20,0,20,2,0.229885057471264,0.0304729756521419,0.114320332112183,0,0.114320332112183,NaN,1,0.0507350651551277,0.0689655172413793,0.0332637723281397,0.114791103940088,0.1,400,80,560,560,211,349,184,31,100,31,9141,0,93,93,93,93,87,87,87,87,87,0,20
DASCMOP1_BC,1,414,88,1,0.3,88,0,0.000841333021757726,0.00260089389894419,88,20,3,0.00460660629220541,36.3636363636364,0.302814519349741,0.479543553954163,0,20,0,20,1,0.227272727272727,0.03111694252515,0.0933064175867762,0,0.0933064175867762,NaN,0.85,0.0060019787726604,0.0666666666666667,0.0348771989538063,0.0945282063812473,0.05,400,87,574,574,227,347,188,31,100,31,9177,0,93,93,93,93,88,88,88,88,88,0,20
DASCMOP1_BC,1,415,87,1,0.29,87,0,0.000754273944000667,0.00340765788046225,87,20,3,0.00455425849343035,36.7816091954023,0.393353973637353,0.602833689228968,0,20,0,20,2,0.229885057471264,0.0347785642286058,0.0867097580423,0,0.0867097580423,NaN,0.25,-0.00413368739954062,0.0689655172413793,0.0398672055358699,0.089181348407648,0.1,400,88,576,576,212,364,189,32,100,32,9316,0,96,96,96,96,87,87,87,87,87,0,20
DASCMOP1_BC,1,416,90,1,0.3,90,0,0.000987849300109753,0.00407501138864495,90,20,3,0.00471130188975554,35.5555555555556,0.345100578028096,0.557433476810337,0,20,0,20,2,0.222222222222222,0.0370696379939495,0.154133447248578,0,0.154133447248578,NaN,0.95,0.0488685329142873,0.0666666666666667,0.0417000053561587,0.154800175476657,0.1,400,87,574,574,226,348,187,31,100,31,9055,0,93,93,93,93,90,90,90,90,90,0,20
DASCMOP1_BC,1,417,81,1,0.27,81,0,0.000559527497137304,0.00299080383066878,81,20,3,0.00424017170077998,39.5061728395062,0.393353973637353,0.606410291622738,0,20,0,20,3,0.246913580246914,0.0225390108473256,0.0563520797208899,0,0.0563520797208899,NaN,0.3,-0.00981992669659593,0.0740740740740741,0.0282881297464153,0.0596299371731429,0.15,400,90,580,580,226,354,190,31,100,31,9363,0,93,93,93,93,81,81,81,81,81,0,20
DASCMOP1_BC,1,418,84,1,0.28,84,0,0.000623639122880989,0.00309477897729965,84,20,3,0.00439721509710517,38.0952380952381,0.374380911801491,0.614279855897675,0,20,0,20,3,0.238095238095238,0.0252888306030953,0.0565802182453633,0,0.0565802182453633,NaN,0.95,0.0340433931379253,0.0714285714285714,0.0301325164085079,0.0588625078228633,0.15,400,81,562,562,214,348,182,31,100,31,8869,0,93,93,93,93,84,84,84,84,84,0,20
DASCMOP1_BC,1,419,83,1,0.28,83,0,0.000762218135173166,0.00329827212867794,83,20,3,0.00434486729833011,38.5542168674699,0.374522711275578,0.607984204477725,0,20,0,20,1,0.240963855421687,0.0335702535053154,0.0523807190730948,0,0.0529339370021638,NaN,0.8,0.0341637768961603,0.0714285714285714,0.0374005163041923,0.0545409738231961,0.05,400,84,568,568,223,345,185,31,100,31,9039,0,93,93,93,93,83,83,83,83,83,0,20
DASCMOP1_BC,1,420,84,1,0.28,84,0,0.000886210624969598,0.0031644909808726,84,20,3,0.00439721509710517,38.0952380952381,0.374522711275578,0.616421345206161,0,20,0,20,3,0.238095238095238,0.0392886347814911,0.128683907499376,0,0.128683907499376,NaN,0.8,0.00882891726348367,0.0714285714285714,0.0446785416059477,0.130044088406523,0.15,400,83,566,566,222,344,185,30,100,30,8885,0,90,90,90,90,84,84,84,84,84,0,20
DASCMOP1_BC,1,421,84,1,0.28,84,0,0.000786630464567636,0.0030923929028074,84,20,3,0.00439721509710517,38.0952380952381,0.338232542801815,0.47836228350011,0,20,0,20,2,0.238095238095238,0.0696267479717811,0.323844216668216,0,0.323844216668216,NaN,0.45,-0.00276100457054662,0.0714285714285714,0.0700349359470014,0.323845927120757,0.1,400,84,568,568,221,347,185,31,100,31,8802,0,93,93,93,93,84,84,84,84,84,0,20
DASCMOP1_BC,1,422,72,1,0.24,72,0,0.000786872323922851,0.00384142815342896,72,20,3,0.00376904151180443,44.4444444444444,0.345748839628973,0.614279855897675,0,20,0,20,1,0.277777777777778,0.0250696098811665,0.132732235566657,0,0.132732235566657,NaN,0.9,0.030772102529955,0.0833333333333333,0.0259448824218872,0.132733205045937,0.05,400,84,568,568,218,350,184,30,100,30,9123,0,90,90,90,90,72,72,72,72,72,0,20
DASCMOP1_BC,1,423,78,1,0.27,78,0,0.00056727126353219,0.00268167607165871,78,20,3,0.0040831283044548,41.025641025641,0.320523531075778,0.614279855897675,0,20,0,20,2,0.256410256410256,0.0220489582101082,0.144796091233025,0,0.144796091233025,NaN,0.9,0.0464454623487167,0.148148148148148,0.0241643992408138,0.144803208314797,0.1,400,72,544,544,206,338,172,31,100,31,8319,0,93,93,93,93,78,78,78,78,78,0,20
DASCMOP1_BC,1,424,81,1,0.27,81,0,0.000571857425959263,0.00287283288609673,81,20,3,0.00424017170077998,39.5061728395062,0.348187975254044,0.629562952138153,0,20,0,20,1,0.246913580246914,0.0333442375925817,0.181700109067454,0,0.181700109067454,NaN,0.4,-0.00184635156115531,0.0740740740740741,0.0366182010680669,0.181707350442529,0.05,400,78,556,556,213,343,179,30,100,30,8142,0,90,90,90,90,81,81,81,81,81,0,20
DASCMOP1_BC,1,425,84,1,0.28,84,0,0.000836577588793236,0.00434265164271619,84,20,3,0.00439721509710517,38.0952380952381,0.345748839628973,0.606430557384626,0,20,0,20,1,0.238095238095238,0.0253577524184703,0.209151416417041,0,0.209151416417041,NaN,0.85,0.0203368103113063,0.0714285714285714,0.0277468422070671,0.209153482326055,0.05,400,81,562,562,212,350,183,31,100,31,9108,0,93,93,93,93,84,84,84,84,84,0,20
DASCMOP1_BC,1,426,81,1,0.27,81,0,0.000653084154496911,0.00286961866339656,81,20,3,0.00424017170077998,39.5061728395062,0.348187975254044,0.614279855897675,0,20,0,20,1,0.246913580246914,0.0300904063555653,0.280799901239474,0,0.280799901239474,NaN,0.6,0.00454785684066361,0.0740740740740741,0.0332054518759333,0.280907375327536,0.05,400,84,568,568,220,348,185,30,100,30,9473,0,90,90,90,90,81,81,81,81,81,0,20
DASCMOP1_BC,1,427,84,1,0.28,84,0,0.000636158212959855,0.00323472866695258,84,20,3,0.00439721509710517,38.0952380952381,0.343309704003902,0.589355653810889,0,20,0,20,1,0.238095238095238,0.0417708031354502,0.283131580327397,0,0.283131580327397,NaN,0,-0.0440211550165661,0.0714285714285714,0.0450460072273006,0.283174123987823,0.05,400,81,562,562,212,350,182,31,100,31,9222,0,93,93,93,93,84,84,84,84,84,0,20
DASCMOP1_BC,1,428,87,1,0.29,87,0,0.00102210332208318,0.0044472281867734,87,20,3,0.00455425849343035,36.7816091954023,0.348187975254044,0.589355653810889,0,20,0,20,2,0.229885057471264,0.024737447018565,0.101632785312541,0,0.101632785312541,NaN,0,-0.0145597387139946,0.0689655172413793,0.0281526424668879,0.101895263119846,0.1,400,84,568,568,222,346,185,32,100,32,8862,0,96,96,96,96,87,87,87,87,87,0,20
DASCMOP1_BC,1,429,81,1,0.27,81,0,0.000527713004359661,0.00239948033574137,81,20,3,0.00424017170077998,39.5061728395062,0.338232542801815,0.589355653810889,0,20,0,20,0,0.246913580246914,0.00721117787147921,0.0170288206528697,0,0.0170288206528697,NaN,0,-0.0182697025217015,0,0.0197275478896462,0.0273363662976153,0,400,87,574,574,214,360,187,30,100,30,9768,0,90,90,90,90,81,81,81,81,81,0,20
DASCMOP1_BC,1,430,75,1,0.25,75,0,0.000715182067136846,0.00371029619697821,75,20,3,0.00392608490812961,42.6666666666667,0.348187975254044,0.614279855897675,0,20,0,20,0,0.266666666666667,0.0111897037489258,0.0145521916186096,0,0.0155430687338868,NaN,0,-0.010998752169934,0,0.020915439663263,0.0256229223758216,0,400,81,562,562,215,347,181,31,100,31,8697,0,93,93,93,93,75,75,75,75,75,0,20
DASCMOP1_BC,1,431,75,1,0.25,75,0,0.000410982543187449,0.00208250782788512,75,20,3,0.00392608490812961,42.6666666666667,0.343309704003902,0.589355653810889,0,20,0,20,0,0.266666666666667,0.0314995532603023,0.0372544976864028,0,0.0414388368320756,NaN,0.3,-0.00605343263347613,0,0.0361043724023454,0.0428196687202949,0,400,75,550,550,205,345,175,30,100,30,8534,0,90,90,90,90,75,75,75,75,75,0,20
DASCMOP1_BC,1,432,81,1,0.27,81,0,0.000714123344588165,0.0035820168946816,81,20,3,0.00424017170077998,39.5061728395062,0.343309704003902,0.589355653810889,0,20,0,20,0,0.246913580246914,0.0159416010581428,0.0238805049062824,0,0.0238805049062824,NaN,0,-0.0225800400592659,0,0.0227411137001069,0.0306982742080926,0,400,75,550,550,205,345,175,30,100,30,8235,0,90,90,90,90,81,81,81,81,81,0,20
DASCMOP1_BC,1,433,75,1,0.25,75,0,0.000677556304737314,0.00351508165830556,75,20,3,0.00392608490812961,42.6666666666667,0.348187975254044,0.614279855897675,0,20,0,20,0,0.266666666666667,0.00852621484320071,0.0158325350136108,0,0.0158325350136108,NaN,0.6,0.00145000328072159,0,0.0171640727228621,0.0189777024130751,0,400,81,562,562,214,348,182,31,100,31,9088,0,93,93,93,93,75,75,75,75,75,0,20
DASCMOP1_BC,1,434,87,1,0.29,87,0,0.00103198518524323,0.00358964418127668,87,20,3,0.00455425849343035,36.7816091954023,0.348187975254044,0.589355653810889,0,20,0,20,0,0.229885057471264,0.0110422969237913,0.0219809314489152,0,0.0219809314489152,NaN,0.35,-0.0170458513124327,0,0.0194119900500552,0.0250731270575878,0,400,75,550,550,211,339,175,31,100,31,8150,0,93,93,93,93,87,87,87,87,87,0,20
DASCMOP1_BC,1,435,81,1,0.27,81,0,0.000586077033683617,0.00240905600414963,81,20,3,0.00424017170077998,39.5061728395062,0.343309704003902,0.589355653810889,0,20,0,20,0,0.246913580246914,0.0183852238032477,0.0224364292927227,0,0.0233290818006098,NaN,0,-0.056636254279796,0,0.0261366899484687,0.0329705560451964,0,400,87,574,574,216,358,187,30,100,30,9348,0,90,90,90,90,81,81,81,81,81,0,20
DASCMOP1_BC,1,436,87,1,0.29,87,0,0.000885944486033548,0.00323906598879414,87,20,3,0.00455425849343035,36.7816091954023,0.374522711275578,0.582335600708451,0,20,0,20,0,0.229885057471264,0.0281836304426661,0.038826563230734,0,0.0445229465762157,NaN,0,-0.015717222200374,0,0.0375329521191262,0.0450436821025039,0,400,81,562,562,215,347,181,32,100,32,7932,0,96,96,96,96,87,87,87,87,87,0,20
DASCMOP1_BC,1,437,78,1,0.26,78,0,0.000607654180744383,0.00309979469919318,78,20,3,0.0040831283044548,41.025641025641,0.345748839628973,0.449118358510773,0,20,0,20,6,0.256410256410256,0.0144206124923832,0.057602497196323,0,0.057602497196323,NaN,0.2,-0.00609336926930931,0.0769230769230769,0.0253148988249972,0.0650036090336342,0.3,400,87,574,574,225,349,187,30,100,30,9296,0,90,90,90,90,78,78,78,78,78,0,20
DASCMOP1_BC,1,438,78,1,0.26,78,0,0.000554396467227673,0.00283138832660075,78,20,3,0.0040831283044548,41.025641025641,0.343309704003902,0.449118358510773,0,20,0,20,8,0.256410256410256,0.0296909479773672,0.0724026095568757,0,0.0724026095568757,NaN,0,-0.036068766298839,0.0769230769230769,0.0385058978344904,0.0791096140818475,0.4,400,78,556,556,210,346,179,30,100,30,8264,0,90,90,90,90,78,78,78,78,78,0,20
DASCMOP1_BC,1,439,78,1,0.26,78,0,0.000587085266216561,0.0030996448844406,78,20,3,0.0040831283044548,41.025641025641,0.343309704003902,0.580289635068315,0,20,0,20,5,0.256410256410256,0.0291552491331048,0.0487756241361831,0,0.0487756241361831,NaN,0,-0.0409758977601442,0.0769230769230769,0.0374916355376953,0.0558452367382387,0.25,400,78,556,556,215,341,179,30,100,30,8304,0,90,90,90,90,78,78,78,78,78,0,20
DASCMOP1_BC,1,440,87,1,0.29,87,0,0.000654073748565052,0.00327754369050902,87,20,3,0.00455425849343035,36.7816091954023,0.338232542801815,0.480827754454754,0,20,0,20,0,0.229885057471264,0.0187909174823402,0.0220925933936306,0,0.022413089779841,NaN,0.55,0.00603666363464378,0,0.0245149314143594,0.0333500948209981,0,400,78,556,556,218,338,178,31,100,31,8124,0,93,93,93,93,87,87,87,87,87,0,20
DASCMOP1_BC,1,441,81,1,0.27,81,0,0.000675943116526117,0.00361709169037089,81,20,3,0.00424017170077998,39.5061728395062,0.348187975254044,0.589355653810889,0,20,0,20,9,0.246913580246914,0.0384728734625483,0.0666182525528834,0,0.0666182525528834,NaN,0,-0.0950176195529195,0.0740740740740741,0.0450527628974982,0.0730680848402537,0.45,400,87,574,574,228,346,188,31,100,31,8781,0,93,93,93,93,81,81,81,81,81,0,20
DASCMOP1_BC,1,442,76,1,0.26,76,0,0.000746053550381223,0.00257491832752003,76,20,3,0.00397843270690468,42.1052631578947,0.338232542801815,0.515568606057661,0,20,0,20,0,0.263157894736842,0.0132393393418231,0.03900783925225,0,0.03900783925225,NaN,0,-0.0419006515752519,0,0.0208412935461127,0.0462702166195445,0,400,81,562,562,216,346,183,30,100,30,8931,0,90,90,90,90,76,76,76,76,76,0,20
DASCMOP1_BC,1,443,88,1,0.3,88,0,0.000806465997725575,0.00420908501023699,88,20,3,0.00460660629220541,36.3636363636364,0.345748839628973,0.543363568916171,0,20,0,20,9,0.227272727272727,0.0301084107018007,0.0543497888719784,0,0.0543497888719784,NaN,0.05,-0.0720523123750809,0.0666666666666667,0.0384496633642389,0.062286635512593,0.45,400,76,552,552,212,340,176,32,100,32,8246,0,96,96,96,96,88,88,88,88,88,0,20
DASCMOP1_BC,1,444,78,1,0.26,78,0,0.00062984813675678,0.00235776983887409,78,20,3,0.0040831283044548,41.025641025641,0.291389291333424,0.580289635068315,0,20,0,20,9,0.256410256410256,0.0401919815987963,0.0563858948405182,0,0.0563858948405182,NaN,0,-0.0162491283096506,0.0769230769230769,0.0472877516220233,0.0619335367486833,0.45,400,88,576,576,223,353,188,30,100,30,9564,0,90,90,90,90,78,78,78,78,78,0,20
DASCMOP1_BC,1,445,84,1,0.28,84,0,0.000525385818344045,0.00279643920029725,84,20,3,0.00439721509710517,38.0952380952381,0.340771123402859,0.589355653810889,0,20,0,20,4,0.238095238095238,0.0308718153702933,0.0525922497458443,0,0.0525922497458443,NaN,0,-0.0109827300256878,0.0714285714285714,0.0412277655981533,0.0589582423195672,0.2,400,78,556,556,224,332,180,32,100,32,8013,0,96,96,96,96,84,84,84,84,84,0,20
DASCMOP1_BC,1,446,84,1,0.28,84,0,0.000640401012752476,0.00343008027624326,84,20,3,0.00439721509710517,38.0952380952381,0.340771123402859,0.589355653810889,0,20,0,20,0,0.238095238095238,0.0209898950182208,0.0302039322255601,0,0.0302039322255601,NaN,0,-0.0636213427180418,0,0.031243675729293,0.0399002377567423,0,400,84,568,568,221,347,185,32,100,32,8916,0,96,96,96,96,84,84,84,84,84,0,20
DASCMOP1_BC,1,447,87,1,0.29,87,0,0.000580750630413629,0.00308024783533958,87,20,3,0.00455425849343035,36.7816091954023,0.348187975254044,0.582335600708451,0,20,0,20,0,0.229885057471264,0.0149462775104393,0.0265924200521291,0,0.0265924200521291,NaN,0,-0.0344816061978291,0,0.0240692106331193,0.0351682947377297,0,400,84,568,568,226,342,185,31,100,31,8919,0,93,93,93,93,87,87,87,87,87,0,20
DASCMOP1_BC,1,448,84,1,0.28,84,0,0.000596841278200271,0.00319298385833696,84,20,3,0.00439721509710517,38.0952380952381,0.340771123402859,0.589355653810889,0,20,0,20,5,0.238095238095238,0.0320030966223706,0.0594885683014485,0,0.0594885683014485,NaN,0,-0.0305139826869248,0.0714285714285714,0.0405076005663,0.0651814433308942,0.25,400,87,574,574,217,357,188,31,100,31,9411,0,93,93,93,93,84,84,84,84,84,0,20
DASCMOP1_BC,1,449,75,1,0.25,75,0,0.000569554180440178,0.00201277647096315,75,20,3,0.00392608490812961,42.6666666666667,0.343309704003902,0.589355653810889,0,20,0,20,0,0.266666666666667,0.0176273194663333,0.0368653958162861,0,0.0368653958162861,NaN,0.5,-0.0048040014844502,0,0.0267711723229913,0.0441731998703716,0,400,84,568,568,220,348,183,31,100,31,9508,0,93,93,93,93,75,75,75,75,75,0,20
DASCMOP1_BC,1,450,75,1,0.25,75,0,0.000585586612197001,0.00201582974574718,75,20,3,0.00392608490812961,42.6666666666667,0.338232542801815,0.589355653810889,0,20,0,20,0,0.266666666666667,0.0210985716838204,0.0366427856970621,0,0.0366427856970621,NaN,0.25,-0.0318605427648644,0,0.0294979736040022,0.0450422296494037,0,400,75,550,550,203,347,178,32,100,32,7712,0,96,96,96,96,75,75,75,75,75,0,20
DASCMOP1_BC,1,451,75,1,0.25,75,0,0.000692214493137505,0.0024989195424092,75,20,3,0.00392608490812961,42.6666666666667,0.338232542801815,0.589355653810889,0,20,0,20,0,0.266666666666667,0.010194896302074,0.0145441859251206,0,0.016052436947769,NaN,0,-0.0492872938970572,0,0.0217732308465743,0.0274880580979845,0,400,75,550,550,210,340,176,31,100,31,8131,0,93,93,93,93,75,75,75,75,75,0,20
DASCMOP1_BC,1,452,81,1,0.27,81,0,0.000538581235232294,0.00183846737664596,81,20,3,0.00424017170077998,39.5061728395062,0.348187975254044,0.589355653810889,0,20,0,20,0,0.246913580246914,0.0219852305856034,0.0370687544972841,0,0.0370687544972841,NaN,0.7,0.0483914117358185,0,0.0278539249140447,0.0443624977914538,0,400,75,550,550,201,349,175,32,100,32,7935,0,96,96,96,96,81,81,81,81,81,0,20
DASCMOP1_BC,1,453,75,1,0.25,75,0,0.000601351483976886,0.0015721125203208,75,20,3,0.00392608490812961,42.6666666666667,0.343309704003902,0.580289635068315,0,20,0,20,0,0.266666666666667,0.0158634293519329,0.0320301512614247,0,0.0333240071875349,NaN,0.05,-0.0187626095695219,0,0.0226726562297596,0.0363446722399992,0,400,81,562,562,209,353,179,31,100,31,8349,0,93,93,93,93,75,75,75,75,75,0,20
DASCMOP1_BC,1,454,78,1,0.26,78,0,0.000675551473129674,0.00257445874807735,78,20,3,0.0040831283044548,41.025641025641,0.291389291333424,0.515568606057661,0,20,0,20,0,0.256410256410256,0.0136857253362134,0.021326601751351,0,0.021326601751351,NaN,0.5,-0.00274502638939939,0,0.0208102438503781,0.032030363688284,0,400,75,550,550,204,346,174,31,100,31,7784,0,93,93,93,93,78,78,78,78,78,0,20
DASCMOP1_BC,1,455,78,1,0.26,78,0,0.000772309179206952,0.00302140841123127,78,20,3,0.0040831283044548,41.025641025641,0.340771123402859,0.515568606057661,0,20,0,20,0,0.256410256410256,0.0162632465440323,0.0277695019739494,0,0.0299611515099498,NaN,0,-0.0197197083881128,0,0.0244755935580556,0.0337790586101477,0,400,78,556,556,215,341,176,31,100,31,8186,0,93,93,93,93,78,78,78,78,78,0,20
