problem,run,condition_mode,gen,bmem_count,boundary_count,bmem_ref_coverage,finite_gap_count,inf_gap_count,median_gap,max_gap,train_count,query_count,condition_dim,train_param_ratio,gan_sample_reuse,train_pair_dec_dist50,train_pair_dec_dist90,train_tau_iqr,train_tau_range,train_tau_nonzero_rate,train_x_rec90,train_y_rec90,sample_z_mode,missing_ref_query_count,large_gap_query_count,raw_generated_count,feasible_generated_count,generated_per_train,boundary_dist50,boundary_dist90,query_width90,segment_width90,segment_width90_ratio,side_rate,pair_margin50,ref_cover,query_obj_dist50,query_obj_dist90,missing_ref_query_obj_dist90,large_gap_query_obj_dist90,feasible_rate,boundary_sample_current_count,boundary_sample_prev_pair_count,boundary_sample_merged_count,boundary_sample_finite_count,boundary_feasible_count,boundary_infeasible_count,boundary_main_feasible_count,boundary_ref_with_main_feasible_count,boundary_ref_with_neighbor_infeasible_count,boundary_ref_pairable_count,boundary_pair_distance_count,boundary_pair_dominated_skip_count,boundary_pair_appended_count,boundary_candidate_raw_count,boundary_candidate_finite_count,boundary_candidate_pareto_count,boundary_candidate_gap_count,boundary_candidate_dedup_count,boundary_candidate_final_count,dataset_bmem_input_count,dataset_valid_train_count,dataset_invalid_train_count,dataset_query_count
LIRCMOP7_BC,1,ref_tau,1,0,0,NaN,0,0,NaN,NaN,0,0,3,0,NaN,NaN,NaN,NaN,NaN,NaN,NaN,NaN,zero,0,0,0,0,NaN,NaN,NaN,NaN,NaN,NaN,NaN,NaN,NaN,NaN,NaN,NaN,NaN,NaN,400,0,400,400,400,0,5,5,0,0,0,0,0,0,0,0,0,0,0,0,0,0,0
LIRCMOP7_BC,1,ref_tau,2,0,0,NaN,0,0,NaN,NaN,0,0,3,0,NaN,NaN,NaN,NaN,NaN,NaN,NaN,NaN,zero,0,0,0,0,NaN,NaN,NaN,NaN,NaN,NaN,NaN,NaN,NaN,NaN,NaN,NaN,NaN,NaN,400,0,400,400,400,0,6,6,0,0,0,0,0,0,0,0,0,0,0,0,0,0,0
LIRCMOP7_BC,1,ref_tau,3,0,0,NaN,0,0,NaN,NaN,0,0,3,0,NaN,NaN,NaN,NaN,NaN,NaN,NaN,NaN,zero,0,0,0,0,NaN,NaN,NaN,NaN,NaN,NaN,NaN,NaN,NaN,NaN,NaN,NaN,NaN,NaN,400,0,400,400,400,0,9,8,0,0,0,0,0,0,0,0,0,0,0,0,0,0,0
LIRCMOP7_BC,1,ref_tau,4,0,0,NaN,0,0,NaN,NaN,0,0,3,0,NaN,NaN,NaN,NaN,NaN,NaN,NaN,NaN,zero,0,0,0,0,NaN,NaN,NaN,NaN,NaN,NaN,NaN,NaN,NaN,NaN,NaN,NaN,NaN,NaN,400,0,400,400,400,0,20,15,0,0,0,0,0,0,0,0,0,0,0,0,0,0,0
LIRCMOP7_BC,1,ref_tau,5,0,0,NaN,0,0,NaN,NaN,0,0,3,0,NaN,NaN,NaN,NaN,NaN,NaN,NaN,NaN,zero,0,0,0,0,NaN,NaN,NaN,NaN,NaN,NaN,NaN,NaN,NaN,NaN,NaN,NaN,NaN,NaN,400,0,400,400,400,0,10,9,0,0,0,0,0,0,0,0,0,0,0,0,0,0,0
LIRCMOP7_BC,1,ref_tau,6,0,0,NaN,0,0,NaN,NaN,0,0,3,0,NaN,NaN,NaN,NaN,NaN,NaN,NaN,NaN,zero,0,0,0,0,NaN,NaN,NaN,NaN,NaN,NaN,NaN,NaN,NaN,NaN,NaN,NaN,NaN,NaN,400,0,400,400,400,0,13,10,0,0,0,0,0,0,0,0,0,0,0,0,0,0,0
LIRCMOP7_BC,1,ref_tau,7,0,0,NaN,0,0,NaN,NaN,0,0,3,0,NaN,NaN,NaN,NaN,NaN,NaN,NaN,NaN,zero,0,0,0,0,NaN,NaN,NaN,NaN,NaN,NaN,NaN,NaN,NaN,NaN,NaN,NaN,NaN,NaN,400,0,400,400,400,0,22,13,0,0,0,0,0,0,0,0,0,0,0,0,0,0,0
LIRCMOP7_BC,1,ref_tau,8,0,0,NaN,0,0,NaN,NaN,0,0,3,0,NaN,NaN,NaN,NaN,NaN,NaN,NaN,NaN,zero,0,0,0,0,NaN,NaN,NaN,NaN,NaN,NaN,NaN,NaN,NaN,NaN,NaN,NaN,NaN,NaN,400,0,400,400,400,0,13,11,0,0,0,0,0,0,0,0,0,0,0,0,0,0,0
LIRCMOP7_BC,1,ref_tau,9,0,0,NaN,0,0,NaN,NaN,0,0,3,0,NaN,NaN,NaN,NaN,NaN,NaN,NaN,NaN,zero,0,0,0,0,NaN,NaN,NaN,NaN,NaN,NaN,NaN,NaN,NaN,NaN,NaN,NaN,NaN,NaN,400,0,400,400,400,0,25,16,0,0,0,0,0,0,0,0,0,0,0,0,0,0,0
LIRCMOP7_BC,1,ref_tau,10,0,0,NaN,0,0,NaN,NaN,0,0,3,0,NaN,NaN,NaN,NaN,NaN,NaN,NaN,NaN,zero,0,0,0,0,NaN,NaN,NaN,NaN,NaN,NaN,NaN,NaN,NaN,NaN,NaN,NaN,NaN,NaN,400,0,400,400,400,0,22,14,0,0,0,0,0,0,0,0,0,0,0,0,0,0,0
LIRCMOP7_BC,1,ref_tau,11,0,0,NaN,0,0,NaN,NaN,0,0,3,0,NaN,NaN,NaN,NaN,NaN,NaN,NaN,NaN,zero,0,0,0,0,NaN,NaN,NaN,NaN,NaN,NaN,NaN,NaN,NaN,NaN,NaN,NaN,NaN,NaN,400,0,400,400,400,0,34,15,0,0,0,0,0,0,0,0,0,0,0,0,0,0,0
LIRCMOP7_BC,1,ref_tau,12,0,0,NaN,0,0,NaN,NaN,0,0,3,0,NaN,NaN,NaN,NaN,NaN,NaN,NaN,NaN,zero,0,0,0,0,NaN,NaN,NaN,NaN,NaN,NaN,NaN,NaN,NaN,NaN,NaN,NaN,NaN,NaN,400,0,400,400,400,0,25,15,0,0,0,0,0,0,0,0,0,0,0,0,0,0,0
LIRCMOP7_BC,1,ref_tau,13,0,0,NaN,0,0,NaN,NaN,0,0,3,0,NaN,NaN,NaN,NaN,NaN,NaN,NaN,NaN,zero,0,0,0,0,NaN,NaN,NaN,NaN,NaN,NaN,NaN,NaN,NaN,NaN,NaN,NaN,NaN,NaN,400,0,400,400,400,0,35,17,0,0,0,0,0,0,0,0,0,0,0,0,0,0,0
LIRCMOP7_BC,1,ref_tau,14,0,0,NaN,0,0,NaN,NaN,0,0,3,0,NaN,NaN,NaN,NaN,NaN,NaN,NaN,NaN,zero,0,0,0,0,NaN,NaN,NaN,NaN,NaN,NaN,NaN,NaN,NaN,NaN,NaN,NaN,NaN,NaN,400,0,400,400,400,0,66,21,0,0,0,0,0,0,0,0,0,0,0,0,0,0,0
LIRCMOP7_BC,1,ref_tau,15,0,0,NaN,0,0,NaN,NaN,0,0,3,0,NaN,NaN,NaN,NaN,NaN,NaN,NaN,NaN,zero,0,0,0,0,NaN,NaN,NaN,NaN,NaN,NaN,NaN,NaN,NaN,NaN,NaN,NaN,NaN,NaN,400,0,400,400,400,0,54,24,0,0,0,0,0,0,0,0,0,0,0,0,0,0,0
LIRCMOP7_BC,1,ref_tau,16,0,0,NaN,0,0,NaN,NaN,0,0,3,0,NaN,NaN,NaN,NaN,NaN,NaN,NaN,NaN,zero,0,0,0,0,NaN,NaN,NaN,NaN,NaN,NaN,NaN,NaN,NaN,NaN,NaN,NaN,NaN,NaN,400,0,400,400,400,0,81,32,0,0,0,0,0,0,0,0,0,0,0,0,0,0,0
LIRCMOP7_BC,1,ref_tau,17,0,0,NaN,0,0,NaN,NaN,0,0,3,0,NaN,NaN,NaN,NaN,NaN,NaN,NaN,NaN,zero,0,0,0,0,NaN,NaN,NaN,NaN,NaN,NaN,NaN,NaN,NaN,NaN,NaN,NaN,NaN,NaN,400,0,400,400,400,0,60,36,0,0,0,0,0,0,0,0,0,0,0,0,0,0,0
LIRCMOP7_BC,1,ref_tau,18,0,0,NaN,0,0,NaN,NaN,0,0,3,0,NaN,NaN,NaN,NaN,NaN,NaN,NaN,NaN,zero,0,0,0,0,NaN,NaN,NaN,NaN,NaN,NaN,NaN,NaN,NaN,NaN,NaN,NaN,NaN,NaN,400,0,400,400,400,0,58,31,0,0,0,0,0,0,0,0,0,0,0,0,0,0,0
LIRCMOP7_BC,1,ref_tau,19,0,0,NaN,0,0,NaN,NaN,0,0,3,0,NaN,NaN,NaN,NaN,NaN,NaN,NaN,NaN,zero,0,0,0,0,NaN,NaN,NaN,NaN,NaN,NaN,NaN,NaN,NaN,NaN,NaN,NaN,NaN,NaN,400,0,400,400,400,0,77,39,0,0,0,0,0,0,0,0,0,0,0,0,0,0,0
LIRCMOP7_BC,1,ref_tau,20,0,0,NaN,0,0,NaN,NaN,0,0,3,0,NaN,NaN,NaN,NaN,NaN,NaN,NaN,NaN,zero,0,0,0,0,NaN,NaN,NaN,NaN,NaN,NaN,NaN,NaN,NaN,NaN,NaN,NaN,NaN,NaN,400,0,400,400,400,0,84,38,0,0,0,0,0,0,0,0,0,0,0,0,0,0,0
LIRCMOP7_BC,1,ref_tau,21,0,0,NaN,0,0,NaN,NaN,0,0,3,0,NaN,NaN,NaN,NaN,NaN,NaN,NaN,NaN,zero,0,0,0,0,NaN,NaN,NaN,NaN,NaN,NaN,NaN,NaN,NaN,NaN,NaN,NaN,NaN,NaN,400,0,400,400,400,0,111,43,0,0,0,0,0,0,0,0,0,0,0,0,0,0,0
LIRCMOP7_BC,1,ref_tau,22,9,1,0.05,9,0,0.0145020184707789,0.0234423274938869,9,13,3,0.000471130188975554,400,0.353864235049421,0.375669277689514,0.0946050165688271,0.207555982135543,0.444444444444444,0.544333653744195,0.474567967666642,zero,5,8,13,13,1.44444444444444,0.00213395859576435,0.00298452049250295,0,0.00707502356475342,5.09778503351758,0.846153846153846,0.0332473349801778,1,0.00548062367286038,0.00727542760402117,0.00655265323977762,0.00781153753974711,1,400,0,400,400,398,2,117,48,14,7,14,0,12,12,12,11,9,9,9,9,9,0,13
LIRCMOP7_BC,1,ref_tau,23,15,1,0.07,15,0,0.0113182095819038,0.0163390107448773,15,21,3,0.000785216981625923,400,0.367391857814737,0.597426151407615,0.0298619282510355,0.156291252899922,0.266666666666667,0.59072624260997,2.53413647353768,zero,7,14,21,21,1.4,0.0370755954367137,0.037775879788029,0,0.0381388605835416,NaN,0.80952380952381,0.0920022022206711,1,0.0372390377187877,0.0381393221354319,0.0380688387094798,0.0382253352608172,1,400,9,418,418,406,12,134,46,21,8,140,0,18,18,18,18,15,15,15,15,15,0,21
LIRCMOP7_BC,1,ref_tau,24,43,1,0.17,43,0,0.0123231114512624,0.019008091258686,43,30,3,0.00225095534732764,297.674418604651,0.293984059984726,0.542564411963322,0.157554354787075,0.385935284747612,0.372093023255814,0.561143132923721,2.40105806453536,zero,17,13,30,30,0.697674418604651,0.0260190114731228,0.0328909688513134,0,0.035414090732472,NaN,0.833333333333333,0.0643504864675005,0.764705882352941,0.0309360677537421,0.0355456498559024,0.0354928538842647,0.0356591066644271,1,400,15,430,430,408,22,162,50,33,17,288,0,43,43,43,43,43,43,43,43,43,0,30
LIRCMOP7_BC,1,ref_tau,25,45,1,0.16,45,0,0.00967279391183742,0.0199058375202614,45,30,3,0.00235565094487777,284.444444444444,0.335660841734735,0.565441799492059,0,0.0951750349679031,0.133333333333333,0.430100946785554,1.45771605141479,zero,19,11,30,25,0.666666666666667,0.00383905231577934,0.00868934038787085,0,0.0269462545499197,NaN,0.666666666666667,0.0370161090724115,0.75,0.0127467313147393,0.0295522377983937,0.0278247875719905,0.0308309970095093,0.833333333333333,400,43,486,486,430,56,175,49,45,20,780,0,55,55,55,52,45,45,45,45,45,0,30
LIRCMOP7_BC,1,ref_tau,26,65,1,0.23,65,0,0.0113782183685379,0.0281734529703218,65,30,3,0.003402606920379,196.923076923077,0.327513937020286,0.413497124671789,0,0.420980544713357,0.169230769230769,0.425086758763975,1.50930565744712,zero,30,0,30,30,0.461538461538462,0.00321692427671843,0.00995539003417514,0,0.0287055775412119,NaN,0.666666666666667,0.0405218807831389,0.91304347826087,0.0158809839619372,0.030093701380383,0.030093701380383,NaN,1,400,45,490,490,428,62,161,52,55,23,629,0,65,65,65,65,65,65,65,65,65,0,30
LIRCMOP7_BC,1,ref_tau,27,54,1,0.18,54,0,0.00654756527850734,0.0103239633484602,54,30,3,0.00282678113385332,237.037037037037,0.290956293455683,0.394110463628784,0,0.257936890923535,0.0555555555555556,0.362445250527915,1.30600546288152,zero,23,7,30,5,0.555555555555556,0.00490682753895728,0.00956641258499392,0,0.0245911761497051,NaN,0.666666666666667,0.00645814808120779,0.222222222222222,0.0106500577836991,0.0276036998673834,0.0272100663515476,0.027434168588119,0.166666666666667,400,65,530,530,438,92,147,46,51,20,1112,0,60,60,60,60,54,54,54,54,54,0,30
LIRCMOP7_BC,1,ref_tau,28,65,1,0.22,65,0,0.00404055749594457,0.0072668150638424,65,30,3,0.003402606920379,196.923076923077,0.311698612064893,0.394110463628784,0,0.967708992627806,0.184615384615385,0.359788325740838,1.09324438819183,zero,28,2,30,1,0.461538461538462,0.0127225693624047,0.013545080078179,0,0.018505401972531,NaN,0.533333333333333,0.00706409350397336,0.0909090909090909,0.0153183698926479,0.0206728728442238,0.0207492615599005,0.0201328256500079,0.0333333333333333,400,54,508,508,423,85,210,44,58,25,1420,0,75,75,75,73,65,65,65,65,65,0,30
LIRCMOP7_BC,1,ref_tau,29,75,1,0.25,75,0,0.00435769007558137,0.0152203596826693,75,30,3,0.00392608490812961,170.666666666667,0.311698612064893,0.449269323769019,0,0.967708992627806,0.173333333333333,0.455829384263426,2.18715050521469,zero,30,0,30,5,0.4,0.0136243575097492,0.0158329317123172,0,0.0262008714228465,NaN,0.566666666666667,0.00706622033571108,0.28,0.018193076433289,0.0262037082491604,0.0262037082491604,NaN,0.166666666666667,400,65,530,530,418,112,137,41,60,28,1683,0,84,84,84,84,75,75,75,75,75,0,30
LIRCMOP7_BC,1,ref_tau,30,78,1,0.26,78,0,0.00487603824992912,0.0145855117466686,78,30,3,0.0040831283044548,164.102564102564,0.281727065353295,0.394110463628784,0,0.967708992627806,0.192307692307692,0.405978669792483,1.61224005455351,zero,29,1,30,3,0.384615384615385,0.00768322226734358,0.0106659155032452,0,0.0135593906326516,NaN,0.6,0.0272565575594035,0.230769230769231,0.0110546590475514,0.0135865069766565,0.0135879344821791,0.0112061848881175,0.1,400,75,550,550,399,151,140,37,72,28,2749,0,84,84,84,84,78,78,78,78,78,0,30
LIRCMOP7_BC,1,ref_tau,31,84,1,0.28,84,0,0.0048043816281867,0.0110977093937259,84,30,3,0.00439721509710517,152.380952380952,0.320303212965944,0.498337400928739,-0,0.939208547656655,0.142857142857143,0.449312744833437,2.03965150023971,zero,30,0,30,14,0.357142857142857,0.00640678376052883,0.0088551400402873,0,0.0284570420853165,NaN,0.533333333333333,0.00355719183706429,0.214285714285714,0.0202691373974522,0.0295112806020417,0.0295112806020417,NaN,0.466666666666667,400,78,556,556,401,155,154,46,79,34,3212,0,98,98,98,95,84,84,84,84,84,0,30
LIRCMOP7_BC,1,ref_tau,32,113,1,0.38,113,0,0.00506406600844036,0.0152073745620475,113,30,3,0.00591530126158195,113.274336283186,0.310495196159677,0.444181542568153,-0,0.939208547656655,0.194690265486726,0.39871630897401,1.20319891407923,zero,30,0,30,18,0.265486725663717,0.000826307018900941,0.00674554275489865,0,0.0121613744297578,NaN,0.733333333333333,0.0220476473959765,0.289473684210526,0.00931816108831316,0.0135623263359248,0.0135623263359248,NaN,0.6,400,84,568,568,400,168,232,56,78,43,3633,0,127,127,127,127,113,113,113,113,113,0,30
LIRCMOP7_BC,1,ref_tau,33,120,1,0.4,120,0,0.00544100730726888,0.0120423505470809,120,30,3,0.00628173585300738,106.666666666667,0.320303212965944,0.453501293634065,-0,0.601699877650709,0.133333333333333,0.435005029491901,1.33229351123974,zero,29,1,30,13,0.25,0.00518625341250416,0.0236313035315333,0,0.0243754048076601,NaN,0.733333333333333,0.0466299698810838,0.325,0.00863125167588114,0.0252462343510326,0.0253995981584224,0.00837086928145188,0.433333333333333,400,113,626,626,444,182,256,61,80,46,4921,0,138,138,138,135,120,120,120,120,120,0,30
LIRCMOP7_BC,1,ref_tau,34,125,1,0.42,125,0,0.00478827190887652,0.0139516534338849,125,30,3,0.00654347484688269,102.4,0.327513937020286,0.447942302044254,0.0312427209442237,0.984296394464121,0.264,0.405377324482999,0.845885418603612,zero,28,2,30,12,0.24,0.00970291385088659,0.0223458835865296,0,0.0223458835865296,NaN,0.5,0.00182366222063546,0.166666666666667,0.0111266560334252,0.0231746202796749,0.0224360750694148,0.0238327065448547,0.4,400,120,640,640,450,190,268,58,78,47,5487,0,140,140,140,140,125,125,125,125,125,0,30
LIRCMOP7_BC,1,ref_tau,35,59,1,0.2,59,0,0.00475855344047757,0.0122394383191234,59,30,3,0.00308852012772863,216.949152542373,0.311233327446046,0.426700991006429,0,0.601699877650709,0.220338983050847,0.305709404859057,1.17610371619562,zero,30,0,30,5,0.508474576271186,0.0105410760981401,0.0123286127460645,0,0.0123286127460645,NaN,0.266666666666667,-0.0610640348287866,0.25,0.0122475220305687,0.0126859575971747,0.0126859575971747,NaN,0.166666666666667,400,125,650,650,464,186,177,38,82,24,2331,19,69,69,69,68,59,59,59,59,59,0,30
LIRCMOP7_BC,1,ref_tau,36,63,1,0.21,63,0,0.00414408513327296,0.0105360405894407,63,30,3,0.00329791132282887,203.174603174603,0.311233327446046,0.401020252927252,0,0.601699877650709,0.238095238095238,0.339886429737544,1.13396834851646,zero,30,0,30,6,0.476190476190476,0.00834410269306106,0.00991170930399528,0,0.0122335442090412,NaN,0.333333333333333,-0.0384499525383596,0.285714285714286,0.0182013943860976,0.0205444641560301,0.0205444641560301,NaN,0.2,400,59,518,518,401,117,152,36,85,26,2148,8,75,75,75,69,63,63,63,63,63,0,30
LIRCMOP7_BC,1,ref_tau,37,52,1,0.18,52,0,0.00483877736572847,0.0130596889333467,52,30,3,0.0027220855363032,246.153846153846,0.272811280359466,0.396783571502752,0,0.576713865191445,0.134615384615385,0.307138277855355,0.525843552080541,zero,30,0,30,6,0.576923076923077,0.00562623081234262,0.00991359933632561,0,0.0170663571463421,NaN,0.733333333333333,0.0242237226059931,0.277777777777778,0.00651466483410214,0.0170680406517275,0.0170680406517275,NaN,0.2,400,63,526,526,404,122,171,35,91,27,2386,13,72,72,72,66,52,52,52,52,52,0,30
LIRCMOP7_BC,1,ref_tau,38,57,1,0.2,57,0,0.00571198445339287,0.0189447807056663,57,30,3,0.00298382453017851,224.561403508772,0.299114438551572,0.429927461910334,0,0.576713865191445,0.157894736842105,0.30500927706886,1.09804519159377,zero,30,0,30,8,0.526315789473684,0.00925840280822447,0.0162406209805205,0,0.0326236035602044,NaN,0.8,0.00952424550860326,0.5,0.0140732318257632,0.0333706309730153,0.0333706309730153,NaN,0.266666666666667,400,52,504,504,375,129,147,40,82,27,1957,59,74,74,74,74,57,57,57,57,57,0,30
LIRCMOP7_BC,1,ref_tau,39,54,1,0.18,54,0,0.00736054686615253,0.0211994326195778,54,30,3,0.00282678113385332,237.037037037037,0.2932447493779,0.432523665927215,0,0.38258870617459,0.166666666666667,0.325635972510981,1.13942453681948,zero,30,0,30,0,0.555555555555556,0.00403721307047459,0.00772023698275463,0,0.0128606142436681,NaN,0.866666666666667,0.0615200019122193,0,0.0121764884546607,0.0144317298094151,0.0144317298094151,NaN,0,400,57,514,514,381,133,136,32,93,27,2176,165,72,72,72,66,54,54,54,54,54,0,30
LIRCMOP7_BC,1,ref_tau,40,60,1,0.21,60,0,0.0119285943617794,0.0404783605780559,60,30,3,0.00314086792650369,213.333333333333,0.243614801357633,0.36319750357521,0.219948351762912,0.78452515252294,0.3,0.319335278925965,1.07669745450234,zero,30,0,30,6,0.5,0.00265976513901084,0.00632799322387236,0,0.00686775088886328,NaN,0.233333333333333,-0.0411039630687754,0.333333333333333,0.00471296230575018,0.00807370029227883,0.00807370029227883,NaN,0.2,400,54,508,508,370,138,197,35,91,28,3269,76,76,76,76,75,60,60,60,60,60,0,30
LIRCMOP7_BC,1,ref_tau,41,77,1,0.26,77,0,0.00743659135577028,0.0225877553495821,77,30,3,0.00403078050567974,166.233766233766,0.219953458523895,0.36319750357521,0.0573079973512344,0.627943672186547,0.25974025974026,0.306252834899385,0.845268507049499,zero,30,0,30,3,0.38961038961039,0.00237232854747038,0.00528360701024899,0,0.00859250176213933,NaN,0.733333333333333,0.033228793439901,0.153846153846154,0.00621735597923783,0.0107257155735265,0.0107257155735265,NaN,0.1,400,60,520,520,388,132,191,40,91,33,2687,21,99,99,99,92,77,77,77,77,77,0,30
LIRCMOP7_BC,1,ref_tau,42,84,1,0.28,84,0,0.00524457150685528,0.0150045067649741,84,30,3,0.00439721509710517,152.380952380952,0.287165048964342,0.410372039000228,0.305315123183446,0.635298612147733,0.321428571428571,0.312562706959405,0.944453878448178,zero,30,0,30,2,0.357142857142857,0.00243923374734345,0.00556185021118378,0,0.0118623229051884,NaN,0.466666666666667,-0.0138138380021877,0.107142857142857,0.0066324736204229,0.0118651187206121,0.0118651187206121,NaN,0.0666666666666667,400,77,554,554,418,136,242,43,89,35,3028,10,105,105,105,105,84,84,84,84,84,0,30
LIRCMOP7_BC,1,ref_tau,43,88,1,0.3,88,0,0.00492604018624214,0.0146147945322718,88,30,3,0.00460660629220541,145.454545454545,0.282994527439165,0.419172328232297,0.0573079973512344,0.635298612147733,0.261363636363636,0.310073132922721,1.1749051513212,zero,30,0,30,5,0.340909090909091,0.00634037345735239,0.00726452444431906,0,0.0166472096027397,NaN,0.466666666666667,-0.020715297218615,0.3,0.015747123836005,0.0182036943216791,0.0182036943216791,NaN,0.166666666666667,400,84,568,568,419,149,166,46,87,36,2569,23,108,108,108,105,88,88,88,88,88,0,30
LIRCMOP7_BC,1,ref_tau,44,78,1,0.26,78,0,0.00422442657138378,0.0128763166670997,78,30,3,0.0040831283044548,164.102564102564,0.284020126071129,0.395527369805909,0.0305760384264434,0.63562000532691,0.294871794871795,0.323734664235012,1.29386989779827,zero,30,0,30,9,0.384615384615385,0.00188606616346946,0.00509383168568056,0,0.013015603321472,NaN,0.1,-0.0269990668280263,0.0769230769230769,0.0176166325888001,0.0348658369839308,0.0348658369839308,NaN,0.3,400,88,576,576,395,181,149,38,90,31,2296,43,89,89,89,89,78,78,78,78,78,0,30
LIRCMOP7_BC,1,ref_tau,45,63,1,0.21,63,0,0.00414315105779888,0.0104011184214037,63,30,3,0.00329791132282887,203.174603174603,0.284020126071129,0.448475903358899,-0,0.140910948210734,0.0952380952380952,0.361449848245409,0.49983935163958,zero,30,0,30,9,0.476190476190476,0.00443753329245016,0.010921501317602,0,0.0123249231337683,NaN,0.6,0.00858846761498969,0.142857142857143,0.0106476762896785,0.0274639244083979,0.0274639244083979,NaN,0.3,400,78,556,556,386,170,206,41,91,33,3361,295,94,94,94,85,63,63,63,63,63,0,30
LIRCMOP7_BC,1,ref_tau,46,61,1,0.21,61,0,0.00326695774511252,0.0105355402194262,61,30,3,0.00319321572527875,209.83606557377,0.305769473279249,0.453193879380035,0,0.954453472594165,0.19672131147541,0.355960569594079,0.577003400095399,zero,30,0,30,7,0.491803278688525,0.00308588787086479,0.00598505681679402,0,0.0104085369583066,NaN,0.4,-0.0165227994569926,0.0952380952380952,0.014295516173302,0.0318730250305973,0.0318730250305973,NaN,0.233333333333333,400,63,526,526,373,153,190,39,93,32,2615,62,92,92,92,84,61,61,61,61,61,0,30
LIRCMOP7_BC,1,ref_tau,47,76,1,0.26,76,0,0.0037308688609433,0.0103415922043875,76,30,3,0.00397843270690468,168.421052631579,0.303330208878594,0.466943795393421,0,0.624142664702715,0.197368421052632,0.311277115411087,0.332466029495096,zero,30,0,30,12,0.394736842105263,0.000988828309663945,0.00166866929190007,0,0.0224075638908133,NaN,0.433333333333333,-0.00588739777034709,0.115384615384615,0.00785175231613273,0.0236091186661093,0.0236091186661093,NaN,0.4,400,61,522,522,375,147,171,45,94,39,2040,43,105,105,105,99,76,76,76,76,76,0,30
LIRCMOP7_BC,1,ref_tau,48,90,1,0.32,90,0,0.00391844527333867,0.0126517112103169,90,30,3,0.00471130188975554,142.222222222222,0.285655393911833,0.455209515534101,-0,0.230839214055641,0.1,0.31112675203103,0.598868206256286,zero,30,0,30,9,0.333333333333333,0.00503228948362909,0.00798585022298256,0,0.00812848150419292,NaN,0.566666666666667,0.00847303311829598,0.1875,0.00566018681852604,0.010499997478604,0.010499997478604,NaN,0.3,400,76,552,552,381,171,188,47,91,42,3788,123,117,117,117,113,90,90,90,90,90,0,30
LIRCMOP7_BC,1,ref_tau,49,103,1,0.35,103,0,0.00375754781099765,0.0116102529739187,103,30,3,0.00539182327383134,124.271844660194,0.284020126071129,0.360246546937168,0,0.593127933581667,0.16504854368932,0.341219036109116,0.63827873612947,zero,30,0,30,3,0.29126213592233,0.00700188020145627,0.0145632388694281,0,0.0145632388694281,NaN,0.633333333333333,0.0135137963356872,0.114285714285714,0.00925217284066178,0.0190297632844614,0.0190297632844614,NaN,0.1,400,90,580,580,392,188,209,47,100,47,3170,28,139,139,139,132,103,103,103,103,103,0,30
LIRCMOP7_BC,1,ref_tau,50,99,1,0.33,99,0,0.00365287423301559,0.00782408527392077,99,30,3,0.00518243207873109,129.292929292929,0.283718700590927,0.400704075170592,0,0.192379031754496,0.111111111111111,0.283341934904579,0.671075880555584,zero,30,0,30,4,0.303030303030303,0.0052925100466248,0.00756086842118411,0,0.00756086842118411,NaN,0.8,0.0271804590696127,0.0909090909090909,0.00610738686997731,0.012608859875335,0.012608859875335,NaN,0.133333333333333,400,103,606,606,405,201,217,47,95,42,4092,34,125,125,125,125,99,99,99,99,99,0,30
LIRCMOP7_BC,1,ref_tau,51,96,1,0.32,96,0,0.00428670631089548,0.00812743161523838,96,30,3,0.0050253886824059,133.333333333333,0.304017946181799,0.411186359581265,0,0.836755414309173,0.15625,0.30916242997165,0.872706049225581,zero,30,0,30,2,0.3125,0.00610557967938824,0.00842663953180618,0,0.00842663953180618,NaN,0.9,0.0320129271148698,0.0625,0.00702143606400656,0.0121336737105615,0.0121336737105615,NaN,0.0666666666666667,400,99,598,598,385,213,237,47,94,42,4874,31,118,118,118,111,96,96,96,96,96,0,30
LIRCMOP7_BC,1,ref_tau,52,99,1,0.33,99,0,0.0032610408544604,0.00673463202382839,99,30,3,0.00518243207873109,129.292929292929,0.293900003268312,0.466943795393421,0,0.371283061037591,0.151515151515152,0.282283508677944,0.860163235532423,zero,30,0,30,0,0.303030303030303,0.0051032245690008,0.00602975166679958,0,0.00904378796043741,NaN,0.966666666666667,0.0456158358275632,0,0.00760684700264106,0.0100912588379279,0.0100912588379279,NaN,0,400,96,592,592,408,184,234,47,100,47,4118,11,132,132,132,122,99,99,99,99,99,0,30
LIRCMOP7_BC,1,ref_tau,53,117,1,0.39,117,0,0.00332090722321526,0.0076596506872186,117,30,3,0.0061246924566822,109.401709401709,0.283718700590927,0.44588604667609,0,0.674358814140721,0.230769230769231,0.309834791264001,1.33694626481156,zero,30,0,30,5,0.256410256410256,0.00476948625068778,0.0050949655971821,0,0.00723707453593431,NaN,0.633333333333333,0.0277750646873198,0.0769230769230769,0.00605419594100108,0.0155788806997596,0.0155788806997596,NaN,0.166666666666667,400,99,598,598,417,181,246,52,100,52,3433,9,151,151,151,139,117,117,117,117,117,0,30
LIRCMOP7_BC,1,ref_tau,54,128,1,0.43,128,0,0.00368966142779887,0.00850688171392676,128,30,3,0.00670051824320787,100,0.283718700590927,0.411186359581265,0,0.743742449430553,0.2109375,0.304126619004365,0.869508451657963,zero,30,0,30,5,0.234375,0.00232984826999418,0.00345953131785986,0,0.0128855251813727,NaN,0.966666666666667,0.0315911626537141,0.116279069767442,0.0115410893426791,0.0136033794442554,0.0136033794442554,NaN,0.166666666666667,400,117,634,634,427,207,264,53,100,53,4673,9,159,159,159,153,128,128,128,128,128,0,30
LIRCMOP7_BC,1,ref_tau,55,123,1,0.41,123,0,0.00322601129965627,0.00657433056562017,123,30,3,0.00643877924933257,104.065040650407,0.284020126071129,0.419861281354971,0,0.743742449430553,0.195121951219512,0.276914268406327,0.684004324910787,zero,30,0,30,5,0.24390243902439,0.00527813669629569,0.00568396700816183,0,0.00731317240993466,NaN,0.7,0.0260162179964613,0.146341463414634,0.00619834695167756,0.0116182616732445,0.0116182616732445,NaN,0.166666666666667,400,128,656,656,437,219,305,54,100,54,5224,19,161,161,161,148,123,123,123,123,123,0,30
LIRCMOP7_BC,1,ref_tau,56,132,1,0.44,132,0,0.00317051082979494,0.00598101273136688,132,30,3,0.00690990943830812,96.969696969697,0.270822802249772,0.411186359581265,-0,0.500235826179942,0.136363636363636,0.297510696431147,0.681027854622114,zero,30,0,30,11,0.227272727272727,0.00107277651012766,0.00701642960193299,0,0.00876591477102687,NaN,0.7,0.0151280455235139,0.136363636363636,0.00714164263004729,0.010312241090953,0.010312241090953,NaN,0.366666666666667,400,123,646,646,428,218,259,57,100,57,5020,7,171,171,171,161,132,132,132,132,132,0,30
LIRCMOP7_BC,1,ref_tau,57,134,1,0.45,134,0,0.00331241397510162,0.00833088510815221,134,30,3,0.00701460503585824,95.5223880597015,0.272465648041561,0.411186359581265,0,0.743742449430553,0.171641791044776,0.296485960413537,0.590800063801697,zero,30,0,30,10,0.223880597014925,0.00283555486464817,0.008432704448991,0,0.0103376941519657,NaN,0.6,0.0202133434753177,0.2,0.00774714849786518,0.0109948363135878,0.0109948363135878,NaN,0.333333333333333,400,132,664,664,439,225,279,56,100,56,5060,32,167,167,167,161,134,134,134,134,134,0,30
LIRCMOP7_BC,1,ref_tau,58,126,1,0.42,126,0,0.00386990047767778,0.00916198620766094,126,30,3,0.00659582264565775,101.587301587302,0.268343370862147,0.442624540315526,-0,0.608439567254472,0.119047619047619,0.26424032365402,0.550056648324846,zero,30,0,30,12,0.238095238095238,0.00315131696058372,0.00446993105791282,0,0.00504194597071197,NaN,0.633333333333333,0.00776635524076823,0.166666666666667,0.00318019469838328,0.0144497144461018,0.0144497144461018,NaN,0.4,400,134,668,668,458,210,247,54,93,48,5793,21,141,141,141,138,126,126,126,126,126,0,30
LIRCMOP7_BC,1,ref_tau,59,145,1,0.49,145,0,0.00322431245085918,0.00846070209175987,145,30,3,0.00759043082238392,88.2758620689655,0.262697446960304,0.454560968449796,0,0.69189326518224,0.186206896551724,0.293541360246593,0.908831284956649,zero,30,0,30,4,0.206896551724138,0.00447753770402324,0.0075731821110425,0,0.0121425909524597,NaN,0.8,0.0233491249443377,0.102040816326531,0.011123587533143,0.013249788010521,0.013249788010521,NaN,0.133333333333333,400,126,652,652,426,226,249,61,100,61,4864,12,183,183,183,170,145,145,145,145,145,0,30
LIRCMOP7_BC,1,ref_tau,60,135,1,0.45,135,0,0.00406117099054468,0.0109333129447422,135,30,3,0.0070669528346333,94.8148148148148,0.279558318871299,0.454560968449796,-0,0.69189326518224,0.155555555555556,0.297797973418704,0.710318498039906,zero,30,0,30,6,0.222222222222222,0.00356153280075635,0.00670288667083021,0,0.00999700874774845,NaN,0.533333333333333,0.00717994410929498,0.222222222222222,0.00897317710430284,0.0105320634077818,0.0105320634077818,NaN,0.2,400,145,690,690,439,251,281,58,100,58,6199,11,174,174,174,167,135,135,135,135,135,0,30
LIRCMOP7_BC,1,ref_tau,61,138,1,0.47,138,0,0.00363526347583775,0.00902460490808893,138,30,3,0.00722399623095849,92.7536231884058,0.26529886190394,0.446713145990364,-0,0.608439567254472,0.130434782608696,0.273296355504621,0.518683758755694,zero,30,0,30,20,0.217391304347826,0.00196323554543072,0.00478708201394369,0,0.00664813998999456,NaN,0.633333333333333,0.00842666651845433,0.276595744680851,0.00485806601968591,0.00748917459075781,0.00748917459075781,NaN,0.666666666666667,400,135,670,670,428,242,296,59,100,59,7450,17,174,174,174,170,138,138,138,138,138,0,30
LIRCMOP7_BC,1,ref_tau,62,162,1,0.54,162,0,0.00323985380389218,0.00765458221739397,162,30,3,0.00848034340155996,79.0123456790123,0.279558318871299,0.453180233463361,0,0.69189326518224,0.12962962962963,0.328915984985156,0.59553724088699,zero,28,2,30,4,0.185185185185185,0.00104367116434398,0.00815617564193276,0,0.0104470427308924,NaN,0.733333333333333,0.0212074700951849,0.0925925925925926,0.00579101560179077,0.0113342581305241,0.0114200601663172,0.00579101560179077,0.133333333333333,400,138,676,676,430,246,289,67,100,67,5969,1,198,198,198,197,162,162,162,162,162,0,30
LIRCMOP7_BC,1,ref_tau,63,166,1,0.56,166,0,0.0028255552045737,0.00590291891813132,166,30,3,0.00868973459666021,77.1084337349398,0.288755627114769,0.454560968449796,0,0.816399480255785,0.180722891566265,0.379794477176741,1.56192379704896,zero,28,2,30,15,0.180722891566265,0.00268662030036422,0.0156369811441097,0,0.0245484211668414,NaN,0.533333333333333,0.00393826672281494,0.267857142857143,0.00710673661806921,0.0256468405969647,0.0250536503891658,0.0258691491517927,0.5,400,162,724,724,468,256,323,66,100,66,6778,13,198,198,198,189,166,166,166,166,166,0,30
LIRCMOP7_BC,1,ref_tau,64,173,1,0.59,173,0,0.00251596762124787,0.00553074607025246,173,30,3,0.00905616918808564,73.9884393063584,0.294759618699767,0.453180233463361,0,0.816399480255785,0.121387283236994,0.354470274093231,0.969827432521137,zero,26,4,30,3,0.173410404624277,0.00657491378571633,0.0142589232527199,0,0.0191581454775509,NaN,0.566666666666667,0.0179611701256125,0.101694915254237,0.0161574264284461,0.0198222866163989,0.0198106711445986,0.0201823600329221,0.1,400,166,732,732,463,269,286,69,100,69,6938,6,204,204,204,204,173,173,173,173,173,0,30
LIRCMOP7_BC,1,ref_tau,65,168,1,0.56,168,0,0.00328967347592949,0.00623105954099104,168,30,3,0.00879443019421033,76.1904761904762,0.307712439972169,0.443254757938631,-0,0.816399480255785,0.18452380952381,0.34338988032065,0.57744318427277,zero,26,4,30,8,0.178571428571429,0.00303086414729693,0.00812264936720981,0,0.00944925042403232,NaN,0.633333333333333,0.0132132319375471,0.178571428571429,0.00576519276321223,0.0102689510450869,0.00994176494089792,0.010521482436098,0.266666666666667,400,173,746,746,457,289,297,67,100,67,7855,0,201,201,201,199,168,168,168,168,168,0,30
LIRCMOP7_BC,1,ref_tau,66,162,1,0.54,162,0,0.00279414838663631,0.00594865287420194,162,30,3,0.00848034340155996,79.0123456790123,0.288755627114769,0.443254757938631,-0,0.816399480255785,0.12962962962963,0.341099094823007,0.573023070533857,zero,27,3,30,16,0.185185185185185,0.00263038775838465,0.00731173514888651,0,0.00914522802151967,NaN,0.733333333333333,0.0163359305283426,0.259259259259259,0.00559760266258511,0.00957915346133113,0.00973779263888331,0.00632753224307994,0.533333333333333,400,168,736,736,454,282,297,65,100,65,8516,3,194,194,194,192,162,162,162,162,162,0,30
LIRCMOP7_BC,1,ref_tau,67,174,1,0.58,174,0,0.00312065732762689,0.00720650152654785,174,30,3,0.0091085169868607,73.5632183908046,0.288755627114769,0.442624540315526,-0,0.836788819336653,0.132183908045977,0.390530539591082,2.38087329613243,zero,26,4,30,11,0.172413793103448,0.0154169462444674,0.0397887533062844,0,0.0400055849436088,NaN,0.5,0.00132015917996769,0.224137931034483,0.0242352538576128,0.0402032933441004,0.0392287658364031,0.0408986703615869,0.366666666666667,400,162,724,724,441,283,292,68,100,68,7486,18,204,204,204,200,174,174,174,174,174,0,30
LIRCMOP7_BC,1,ref_tau,68,174,1,0.58,174,0,0.00254904662428469,0.00697151792102974,174,30,3,0.0091085169868607,73.5632183908046,0.303501668565206,0.457924645143205,0,0.836788819336653,0.137931034482759,0.364173234869915,0.680661360891686,zero,30,0,30,8,0.172413793103448,0.00532721766669128,0.0137124888806672,0,0.0148326816581583,NaN,0.766666666666667,0.0170322098756148,0.206896551724138,0.00758847394037399,0.0162526992419244,0.0162526992419244,NaN,0.266666666666667,400,174,748,748,448,300,315,65,100,65,8266,0,195,195,195,192,174,174,174,174,174,0,30
LIRCMOP7_BC,1,ref_tau,69,189,1,0.63,189,0,0.00237325405031326,0.00499249447718706,189,30,3,0.00989373396848662,67.7248677248677,0.301846396833327,0.455178389008402,0,0.816399480255785,0.174603174603175,0.376296433850722,0.863628213142733,zero,24,6,30,0,0.158730158730159,0.00772079752488717,0.0123041742408241,0,0.0142972890811217,NaN,0.7,0.00869319320822401,0,0.0119776830311563,0.0150623347503732,0.0141793955996283,0.0162038505747088,0,400,174,748,748,459,289,297,72,100,72,7723,3,216,216,216,210,189,189,189,189,189,0,30
LIRCMOP7_BC,1,ref_tau,70,193,1,0.65,193,0,0.00285158168161619,0.00720926572603055,193,30,3,0.0101031251635869,66.3212435233161,0.293900003268312,0.457924645143205,0,0.836788819336653,0.134715025906736,0.379612348405971,1.03319757352464,zero,30,0,30,10,0.155440414507772,0.00554645446233309,0.0151406084134084,0,0.0181902208210512,NaN,0.7,0.0160419247628798,0.215384615384615,0.00796519619830047,0.0190635417829079,0.0190635417829079,NaN,0.333333333333333,400,189,778,778,462,316,319,70,100,70,9322,0,210,210,210,210,193,193,193,193,193,0,30
LIRCMOP7_BC,1,ref_tau,71,183,1,0.61,183,0,0.00254711275152208,0.00545037606666458,183,30,3,0.00957964717583626,69.9453551912568,0.301846396833327,0.485518882168098,0,0.816399480255785,0.191256830601093,0.37556302582729,0.629954983255834,zero,30,0,30,4,0.163934426229508,0.00697123985196995,0.00869779315360315,0,0.0178354475564812,NaN,0.433333333333333,-0.0138070514326217,0.0327868852459016,0.00930542694850168,0.0191578982089548,0.0191578982089548,NaN,0.133333333333333,400,193,786,786,471,315,311,69,100,69,9421,0,207,207,207,207,183,183,183,183,183,0,30
LIRCMOP7_BC,1,ref_tau,72,174,1,0.58,174,0,0.00287349375194404,0.00697170609885368,174,30,3,0.0091085169868607,73.5632183908046,0.300524273265054,0.486470374284238,0,0.941918192179906,0.103448275862069,0.826842424729636,8.94921577311392,zero,30,0,30,20,0.172413793103448,0.0833658716095989,0.221639670360601,0,0.221639670360601,NaN,0.466666666666667,-0.00287733927234288,0.224137931034483,0.106635411166348,0.234463871348538,0.234463871348538,NaN,0.666666666666667,400,183,766,766,470,296,328,67,100,67,9112,4,201,201,201,198,174,174,174,174,174,0,30
LIRCMOP7_BC,1,ref_tau,73,192,1,0.64,192,0,0.00219423542799647,0.00522966951436416,192,30,3,0.0100507773648118,66.6666666666667,0.300524273265054,0.440925835006791,-0,0.982656971914563,0.171875,0.35555062868156,0.779845434018265,zero,28,2,30,9,0.15625,0.00829688894522526,0.0128568183938959,0,0.0176574807840375,NaN,0.766666666666667,0.0159746239472704,0.09375,0.0101182060920148,0.0230094924952747,0.0231781592730519,0.0218889295765784,0.3,400,174,748,748,459,289,311,73,100,73,8111,0,219,219,219,219,192,192,192,192,192,0,30
LIRCMOP7_BC,1,ref_tau,74,180,1,0.6,180,0,0.00255747595790774,0.00603080612088609,180,30,3,0.00942260377951107,71.1111111111111,0.302286058673394,0.474197860607662,0,0.941918192179906,0.144444444444444,0.357975108165362,0.584296192993955,zero,30,0,30,7,0.166666666666667,0.0043237055790221,0.0107978949197694,0,0.0107978949197694,NaN,0.6,0.0173999783949657,0.15,0.0094260514974426,0.0138341854115126,0.0138341854115126,NaN,0.233333333333333,400,192,784,784,482,302,336,69,100,69,10391,0,207,207,207,203,180,180,180,180,180,0,30
LIRCMOP7_BC,1,ref_tau,75,177,1,0.59,177,0,0.0031205968480624,0.0070892758264189,177,30,3,0.00926556038318589,72.316384180791,0.293900003268312,0.43987447564676,0,0.941918192179906,0.152542372881356,0.324142058570781,0.641940982389284,zero,30,0,30,13,0.169491525423729,0.00469387317765916,0.0100507283319663,0,0.0114778759849917,NaN,0.766666666666667,0.0325779695797249,0.254237288135593,0.00577227541162705,0.0121992019488597,0.0121992019488597,NaN,0.433333333333333,400,180,760,760,453,307,343,67,100,67,9744,0,201,201,201,198,177,177,177,177,177,0,30
LIRCMOP7_BC,1,ref_tau,76,186,1,0.62,186,0,0.0030117548180907,0.00639497124933978,186,30,3,0.00973669057216144,68.8172043010753,0.306240369646835,0.440925835006791,-0,0.723276136272293,0.129032258064516,0.40503786571346,0.62956988095531,zero,30,0,30,5,0.161290322580645,0.00366633332155246,0.019747253639453,0,0.0246679969162461,NaN,0.833333333333333,0.03693863819805,0.129032258064516,0.00793290621387402,0.0248019363158203,0.0248019363158203,NaN,0.166666666666667,400,177,754,754,462,292,345,71,100,71,9105,0,213,213,213,204,186,186,186,186,186,0,30
LIRCMOP7_BC,1,ref_tau,77,192,1,0.64,192,0,0.00337714311845999,0.0101546680822037,192,30,3,0.0100507773648118,66.6666666666667,0.29787320005082,0.440925835006791,-0,0.973112737571229,0.0885416666666667,0.363587604875428,0.61021064116423,zero,29,1,30,9,0.15625,0.00353689876670238,0.00592178831013103,0,0.014542616157811,NaN,0.7,0.0202987207841552,0.15625,0.00705196162516883,0.0145744787426928,0.0146964398089488,0.0139646734114129,0.3,400,186,772,772,464,308,354,72,100,72,9261,0,216,216,216,216,192,192,192,192,192,0,30
LIRCMOP7_BC,1,ref_tau,78,174,1,0.58,174,0,0.00272149827491183,0.00687634901843332,174,30,3,0.0091085169868607,73.5632183908046,0.301846396833327,0.493834752765528,0,0.723276136272293,0.0862068965517241,0.404892767146572,0.784400552277497,zero,30,0,30,1,0.172413793103448,0.00846661053540997,0.00976157896338309,0,0.0138400197413714,NaN,0.466666666666667,-0.0103192871556232,0.0344827586206897,0.00901714007537549,0.014543414596945,0.014543414596945,NaN,0.0333333333333333,400,192,784,784,477,307,344,68,100,68,10763,0,204,204,204,204,174,174,174,174,174,0,30
LIRCMOP7_BC,1,ref_tau,79,168,1,0.56,168,0,0.00331635050680201,0.0096256364343275,168,30,3,0.00879443019421033,76.1904761904762,0.302644656041962,0.442624540315526,0,0.696418930268488,0.0714285714285714,0.412141075717955,0.769328715369062,zero,29,1,30,4,0.178571428571429,0.0014069245063532,0.00197054366882798,0,0.00494989909968776,NaN,0.666666666666667,0.00564535384234935,0.0892857142857143,0.00506127012424415,0.00610742006868057,0.00611254737619519,0.00600158847089055,0.133333333333333,400,174,748,748,456,292,298,68,100,68,9830,3,204,204,204,195,168,168,168,168,168,0,30
LIRCMOP7_BC,1,ref_tau,80,188,1,0.64,188,0,0.00347758043964712,0.00883705399479369,188,30,3,0.00984138616971156,68.0851063829787,0.301886929069076,0.442624540315526,0,0.583850181226475,0.0531914893617021,0.40494601781448,0.895544805579062,zero,29,1,30,10,0.159574468085106,0.0105209646603263,0.0228887645838113,0,0.027798745864538,NaN,0.366666666666667,-0.0153961121616775,0.109375,0.0111169298799946,0.0292778566819785,0.0293345231219275,0.0278836620877601,0.333333333333333,400,168,736,736,449,287,292,71,100,71,8178,6,213,213,213,210,188,188,188,188,188,0,30
LIRCMOP7_BC,1,ref_tau,81,195,1,0.65,195,0,0.00293059790361658,0.00817045191402784,195,30,3,0.010207820761137,65.6410256410256,0.29808050657797,0.440105506886204,0,0.872317140566434,0.0769230769230769,0.403270789090063,0.545890900286898,zero,27,3,30,15,0.153846153846154,0.00504958360090503,0.0291600397422767,0,0.0314614871439457,NaN,0.666666666666667,0.00885126583213709,0.230769230769231,0.00775843098921341,0.0316593721028081,0.0299379443758438,0.0318152027001511,0.5,400,188,776,776,457,319,329,71,100,71,9634,12,213,213,213,212,195,195,195,195,195,0,30
LIRCMOP7_BC,1,ref_tau,82,174,1,0.58,174,0,0.00267191006898161,0.00792149466201691,174,30,3,0.0091085169868607,73.5632183908046,0.309125637979606,0.440925835006791,0,0.855128856529641,0.17816091954023,0.38346984674638,0.626764378964464,zero,30,0,30,23,0.172413793103448,0.0021544656757432,0.0063157336311419,0,0.00836212634586723,NaN,0.766666666666667,0.0384035324853257,0.327586206896552,0.00501130446802379,0.00881026955799928,0.00881026955799928,NaN,0.766666666666667,400,195,790,790,482,308,357,63,100,63,12287,2,189,189,189,189,174,174,174,174,174,0,30
LIRCMOP7_BC,1,ref_tau,83,204,1,0.68,204,0,0.00286042266971985,0.00746325761832993,204,30,3,0.0106789509501125,62.7450980392157,0.303501668565206,0.470793782592361,0,0.947969024600532,0.117647058823529,0.396919050446008,1.04387475767318,zero,23,7,30,5,0.147058823529412,0.00355731701274349,0.00635332303459529,0,0.00907225668470529,NaN,0.8,0.0268643707435681,0.0294117647058824,0.00643535076600576,0.0109815205154563,0.011231490916402,0.0106416162174213,0.166666666666667,400,174,748,748,450,298,315,75,100,75,8847,2,224,224,224,219,204,204,204,204,204,0,30
LIRCMOP7_BC,1,ref_tau,84,176,1,0.59,176,0,0.00332932998851681,0.0108154160868739,176,30,3,0.00921321258441083,72.7272727272727,0.307340835418288,0.44072828657501,-0,1,0.136363636363636,0.434964387317532,1.40861914344378,zero,30,0,30,15,0.170454545454545,0.0284391131745988,0.0614442645611395,0,0.0614442645611395,NaN,0.433333333333333,-0.00325514567283483,0.0847457627118644,0.0326301823045647,0.0638771437395681,0.0638771437395681,NaN,0.5,400,204,808,808,473,335,346,65,100,65,15318,1,195,195,195,193,176,176,176,176,176,0,30
LIRCMOP7_BC,1,ref_tau,85,183,1,0.61,183,0,0.00319200807185017,0.010231840913959,183,30,3,0.00957964717583626,69.9453551912568,0.307340835418288,0.466603800388654,0,0.99404202697771,0.103825136612022,0.340980367636691,0.936049748675383,zero,30,0,30,7,0.163934426229508,0.00594890370321414,0.0111285866477088,0,0.0122379181482869,NaN,0.366666666666667,-0.0093096344924959,0.147540983606557,0.0105456145855039,0.0131543551931789,0.0131543551931789,NaN,0.233333333333333,400,176,752,752,459,293,338,67,100,67,11280,0,201,201,201,201,183,183,183,183,183,0,30
LIRCMOP7_BC,1,ref_tau,86,198,1,0.66,198,0,0.00242707760252118,0.007268193329438,198,30,3,0.0103648641574622,64.6464646464647,0.302286058673394,0.521313464898063,-0,0.855128856529641,0.151515151515152,0.396086547349149,1.21809387337304,zero,24,6,30,11,0.151515151515152,0.00272629997826441,0.00430526105293702,0,0.0104602566098331,NaN,0.666666666666667,0.00922196066079087,0.121212121212121,0.00406090713011004,0.0113105404216873,0.0159129083214015,0.00682577222510519,0.366666666666667,400,183,766,766,466,300,321,73,100,73,9840,0,219,219,219,216,198,198,198,198,198,0,30
LIRCMOP7_BC,1,ref_tau,87,207,1,0.69,207,0,0.00272994686892322,0.00816907229000821,207,30,3,0.0108359943464377,61.8357487922705,0.301141544104126,0.50523593891981,-0,0.99404202697771,0.130434782608696,0.364106109824315,0.577147476533268,zero,22,8,30,4,0.144927536231884,0.0040107725098364,0.00801349475793334,0,0.00949347642520004,NaN,0.366666666666667,-0.0187768019104546,0.0434782608695652,0.00538632389948256,0.0099146922203744,0.00941093793801634,0.0101753289230834,0.133333333333333,400,198,796,796,462,334,350,77,100,77,11523,22,231,231,231,231,207,207,207,207,207,0,30
LIRCMOP7_BC,1,ref_tau,88,210,1,0.7,210,0,0.00271702866234218,0.00727912772025512,210,30,3,0.0109930377427629,60.9523809523809,0.301026273287906,0.503849113864869,0,0.99404202697771,0.119047619047619,0.407506682503026,1.04628678894395,zero,19,11,30,5,0.142857142857143,0.0117238589795464,0.0245771361139723,0,0.025406587448632,NaN,0.666666666666667,0.0380526801410995,0.0857142857142857,0.0162272305554015,0.0257745590987826,0.0259152541383933,0.023043667222995,0.166666666666667,400,207,814,814,477,337,357,78,100,78,11283,9,233,233,233,227,210,210,210,210,210,0,30
LIRCMOP7_BC,1,ref_tau,89,206,1,0.69,206,0,0.00269948190352255,0.0085823546651482,206,30,3,0.0107836465476627,62.1359223300971,0.293900003268312,0.513274701908936,0,0.855128856529641,0.160194174757282,0.466423111255554,1.07264109098865,zero,27,3,30,3,0.145631067961165,0.00895734093412365,0.0145051079230709,0,0.0194300651634653,NaN,0.533333333333333,0.00643743290052926,0.0289855072463768,0.0140815041118733,0.0248516928054025,0.0243669001442572,0.0248516928054025,0.1,400,210,820,820,478,342,382,76,100,76,13544,2,228,228,228,228,206,206,206,206,206,0,30
LIRCMOP7_BC,1,ref_tau,90,216,1,0.72,216,0,0.00376894825853289,0.00907514368183876,216,30,3,0.0113071245354133,59.2592592592593,0.299553389932938,0.428839268706323,0,0.99404202697771,0.111111111111111,0.393638879763111,0.707362846499212,zero,18,12,30,6,0.138888888888889,0.00728331577403608,0.0137918852292986,0,0.0160148148556969,NaN,0.566666666666667,0.00454590506738919,0.0833333333333333,0.012747090760051,0.0163384818970612,0.0163685744737955,0.0162602658625039,0.2,400,206,812,812,457,355,359,82,100,82,11060,7,246,246,246,244,216,216,216,216,216,0,30
LIRCMOP7_BC,1,ref_tau,91,207,1,0.69,207,0,0.00308992658782317,0.00904357950441257,207,30,3,0.0108359943464377,61.8357487922705,0.301026273287906,0.440761769382673,0,0.99404202697771,0.072463768115942,0.461683017746659,1.07994476468628,zero,23,7,30,17,0.144927536231884,0.00402546273737871,0.0212127873175748,0,0.0213651048283164,NaN,0.733333333333333,0.0248460974029833,0.217391304347826,0.0101113284182353,0.0225609909414372,0.0230229174404692,0.0210543580667002,0.566666666666667,400,216,832,832,482,350,356,80,100,80,11078,0,240,240,240,235,207,207,207,207,207,0,30
LIRCMOP7_BC,1,ref_tau,92,64,1,0.22,64,0,0.00420536251113026,0.0173691021959715,64,30,3,0.00335025912160394,200,0.269924120470793,0.413356186088312,0.202599421768853,0.75521104502848,0.28125,0.294588810131222,1.29343963404414,zero,30,0,30,0,0.46875,0.00228871632942843,0.00277703447803858,0,0.00444057349571593,NaN,0.1,-0.00812480224632636,0,0.00781375174258738,0.0179378132904591,0.0179378132904591,NaN,0,400,207,814,814,461,353,140,27,100,27,3153,32,79,79,79,76,64,64,64,64,64,0,30
LIRCMOP7_BC,1,ref_tau,93,60,1,0.2,60,0,0.00417417927309819,0.011049949363187,60,30,3,0.00314086792650369,213.333333333333,0.281469837618551,0.422769401835401,0,0.75521104502848,0.15,0.298539279992337,0.993101031877709,zero,30,0,30,1,0.5,0.00291033208938762,0.0043182955470333,0,0.00474296219423018,NaN,0.733333333333333,0.0343671328720442,0.1,0.00561253717751219,0.0142567202846035,0.0142567202846035,NaN,0.0333333333333333,400,64,528,528,331,197,186,27,100,27,6566,74,78,78,78,71,60,60,60,60,60,0,30
LIRCMOP7_BC,1,ref_tau,94,57,1,0.19,57,0,0.00412831285502176,0.0175452082244072,57,30,3,0.00298382453017851,224.561403508772,0.254283331072949,0.403332860128309,0.3623563961957,0.900560030295715,0.263157894736842,0.298755484148856,1.1968643539171,zero,30,0,30,7,0.526315789473684,0.00445517875681002,0.00517933654371143,0,0.00529998176535202,NaN,0.833333333333333,0.057974767747347,0.315789473684211,0.00558865433975446,0.00828693167397016,0.00828693167397016,NaN,0.233333333333333,400,60,520,520,339,181,174,24,100,24,4894,16,66,66,66,66,57,57,57,57,57,0,30
LIRCMOP7_BC,1,ref_tau,95,49,1,0.17,49,0,0.00454166615603242,0.0101069329554507,49,30,3,0.00256504213997801,261.224489795918,0.254283331072949,0.331845242760607,0.278259452834619,0.80824036018652,0.285714285714286,0.272308186676715,0.538832413993039,zero,30,0,30,8,0.612244897959184,0.00375815939570747,0.00505545040289983,0,0.00505545040289983,NaN,0.8,0.0542334494436308,0.235294117647059,0.00495477161956032,0.00644673889989871,0.00644673889989871,NaN,0.266666666666667,400,57,514,514,337,177,142,24,100,24,4048,51,61,61,61,56,49,49,49,49,49,0,30
LIRCMOP7_BC,1,ref_tau,96,60,1,0.21,60,0,0.00345800828861477,0.00992408550165071,60,30,3,0.00314086792650369,213.333333333333,0.245050684470095,0.326336359867611,0,0.830150860453585,0.183333333333333,0.250529479799095,0.631055485563243,zero,30,0,30,5,0.5,0.00304783249476649,0.00515401269834225,0,0.00571023907037423,NaN,0.733333333333333,0.0366503154046325,0.19047619047619,0.00460217881687056,0.00673345239627603,0.00673345239627603,NaN,0.166666666666667,400,49,498,498,323,175,152,26,100,26,4588,47,72,72,72,69,60,60,60,60,60,0,30
LIRCMOP7_BC,1,ref_tau,97,68,1,0.23,68,0,0.0033086019692471,0.0139222661004966,68,30,3,0.00355965031670418,188.235294117647,0.227095573105309,0.329868438368574,-0,0.830150860453585,0.205882352941176,0.255955728547767,1.29234273472719,zero,30,0,30,2,0.441176470588235,0.0038901132555847,0.00530189284643248,0,0.00891064001954198,NaN,0.5,0.000259520176958142,0.0869565217391304,0.00626618047258403,0.0098409261242216,0.0098409261242216,NaN,0.0666666666666667,400,60,520,520,334,186,196,26,100,26,5715,30,77,77,77,76,68,68,68,68,68,0,30
LIRCMOP7_BC,1,ref_tau,98,67,1,0.23,67,0,0.00414164270505505,0.01433535891117,67,30,3,0.00350730251792912,191.044776119403,0.227095573105309,0.347148235356939,-0,0.830150860453585,0.208955223880597,0.243735017306589,0.672666502514481,zero,30,0,30,1,0.447761194029851,0.0021396949911946,0.00420494953355743,0,0.00610836066165346,NaN,0.966666666666667,0.0492732551034919,0.0869565217391304,0.00529819262273188,0.00892022475581307,0.00892022475581307,NaN,0.0333333333333333,400,68,536,536,325,211,213,26,100,26,7568,70,73,73,73,71,67,67,67,67,67,0,30
LIRCMOP7_BC,1,ref_tau,99,69,1,0.23,69,0,0.00331891969603838,0.00839772523058188,69,30,3,0.00361199811547924,185.507246376812,0.214326631104292,0.317909827373367,0,0.80824036018652,0.130434782608696,0.215569632018104,0.58731970477116,zero,30,0,30,4,0.434782608695652,0.00199156215896668,0.00252968862860435,0,0.00295416205373871,NaN,0.9,0.0484514911580168,0.173913043478261,0.0050072486769854,0.00690689509887964,0.00690689509887964,NaN,0.133333333333333,400,67,534,534,332,202,161,26,100,26,5122,56,75,75,75,73,69,69,69,69,69,0,30
LIRCMOP7_BC,1,ref_tau,100,64,1,0.23,64,0,0.00290336672792438,0.00839142473419741,64,30,3,0.00335025912160394,200,0.215242972726802,0.301035244149482,0,0.80824036018652,0.09375,0.208549696965726,0.453306377647063,zero,30,0,30,2,0.46875,0.00219967608149455,0.00254241043886082,0,0.00254519170739487,NaN,1,0.0658916794025532,0.130434782608696,0.0070495479446401,0.00907451855073768,0.00907451855073768,NaN,0.0666666666666667,400,69,538,538,335,203,210,27,100,27,7167,111,75,75,75,75,64,64,64,64,64,0,30
LIRCMOP7_BC,1,ref_tau,101,68,1,0.23,68,0,0.00354194050662241,0.00802282302181861,68,30,3,0.00355965031670418,188.235294117647,0.214326631104292,0.29916029045794,0,0.650388888458557,0.117647058823529,0.207276160647128,0.5243702045802,zero,30,0,30,2,0.441176470588235,0.00211956294125003,0.00251977513345016,0,0.00253118937533017,NaN,0.966666666666667,0.0751561547488845,0.130434782608696,0.00907435631278057,0.0110813519036861,0.0110813519036861,NaN,0.0666666666666667,400,64,528,528,330,198,201,27,100,27,6708,60,78,78,78,78,68,68,68,68,68,0,30
LIRCMOP7_BC,1,ref_tau,102,69,1,0.23,69,0,0.00355926971459592,0.00918817830157778,69,30,3,0.00361199811547924,185.507246376812,0.197573689553546,0.29916029045794,0,0.490754583780248,0.130434782608696,0.191898041811472,0.58011768484399,zero,30,0,30,4,0.434782608695652,0.00175487669011245,0.0022445743780634,0,0.0036924358274424,NaN,1,0.0533705453825948,0.217391304347826,0.00879928812176456,0.0111763396566727,0.0111763396566727,NaN,0.133333333333333,400,68,536,536,334,202,204,27,100,27,6607,48,78,78,78,78,69,69,69,69,69,0,30
LIRCMOP7_BC,1,ref_tau,103,71,1,0.24,71,0,0.00297787067446581,0.00871154499485233,71,30,3,0.00371669371302937,180.281690140845,0.221319970374417,0.317909827373367,0,0.386065692781312,0.126760563380282,0.184304839879841,0.442646062432959,zero,30,0,30,3,0.422535211267606,0.00254521455680162,0.0030330104216685,0,0.0048813020007722,NaN,0.966666666666667,0.0858952327405943,0.0833333333333333,0.00876777477241695,0.0107862700130899,0.0107862700130899,NaN,0.1,400,69,538,538,345,193,144,29,100,29,3980,24,84,84,84,81,71,71,71,71,71,0,30
LIRCMOP7_BC,1,ref_tau,104,81,1,0.27,81,0,0.00303892819928675,0.0100042202048935,81,30,3,0.00424017170077998,158.024691358025,0.216159314349313,0.317909827373367,0,0.571884904195867,0.135802469135802,0.197538194948394,0.861152045494995,zero,30,0,30,4,0.37037037037037,0.00105173948982997,0.00230730874446638,0,0.00490228884735428,NaN,0.2,-0.0398401226045792,0.148148148148148,0.0086685681611822,0.0138336428564832,0.0138336428564832,NaN,0.133333333333333,400,71,542,542,329,213,154,30,100,30,4021,28,90,90,90,84,81,81,81,81,81,0,30
LIRCMOP7_BC,1,ref_tau,105,84,1,0.28,84,0,0.00289784379821466,0.00851228805421484,84,30,3,0.00439721509710517,152.380952380952,0.201729815255671,0.29916029045794,0,0.590437191930977,0.142857142857143,0.217198224432525,0.810829093608341,zero,30,0,30,2,0.357142857142857,0.00105826676544501,0.0024145410821564,0,0.00497617048425166,NaN,0.166666666666667,-0.0619662945927814,0.0714285714285714,0.00910749618985216,0.0140267481117038,0.0140267481117038,NaN,0.0666666666666667,400,81,562,562,345,217,194,33,100,33,5508,13,99,99,99,93,84,84,84,84,84,0,30
LIRCMOP7_BC,1,ref_tau,106,88,1,0.3,88,0,0.0024478124312353,0.00798605179404339,88,30,3,0.00460660629220541,145.454545454545,0.213705729201021,0.320827476974615,0,0.536507280481841,0.181818181818182,0.219750358284943,0.601448869788087,zero,30,0,30,4,0.340909090909091,0.00129126988251554,0.0018291921570749,0,0.00363311242865609,NaN,0.166666666666667,-0.0606804877444559,0.133333333333333,0.00579429342022756,0.00707836462686192,0.00707836462686192,NaN,0.133333333333333,400,84,568,568,366,202,198,33,100,33,4880,5,97,97,97,94,88,88,88,88,88,0,30
LIRCMOP7_BC,1,ref_tau,107,92,1,0.31,92,0,0.00304366562413267,0.00968121350602258,92,30,3,0.00481599748730566,139.130434782609,0.216159314349313,0.322426524794692,0,0.490754583780248,0.184782608695652,0.250385556706867,0.963132365168946,zero,30,0,30,5,0.326086956521739,0.00148659966640686,0.00180179429979172,0,0.00294560776302326,NaN,0.133333333333333,-0.0584918973997035,0.129032258064516,0.0101974994010555,0.01409856319129,0.01409856319129,NaN,0.166666666666667,400,88,576,576,356,220,227,35,100,35,6222,1,105,105,105,102,92,92,92,92,92,0,30
LIRCMOP7_BC,1,ref_tau,108,102,1,0.34,102,0,0.00277759309992738,0.00878731112989827,102,30,3,0.00533947547505627,125.490196078431,0.214932521775167,0.320827476974615,0.0623266978815772,1,0.284313725490196,0.255712592399502,0.815873511588863,zero,30,0,30,4,0.294117647058824,0.000591432100850713,0.00142125027745217,0,0.00316557049757292,NaN,0.9,0.0265166356268734,0.117647058823529,0.00870255466572918,0.011694623096594,0.011694623096594,NaN,0.133333333333333,400,92,584,584,343,241,218,39,100,39,6021,3,117,117,117,115,102,102,102,102,102,0,30
LIRCMOP7_BC,1,ref_tau,109,98,1,0.33,98,0,0.00284274657620425,0.00809011684834687,98,30,3,0.00513008427995603,130.612244897959,0.207470163031124,0.326157636374872,0,0.524948565457122,0.214285714285714,0.210130424170766,0.634117567547875,zero,30,0,30,5,0.306122448979592,0.000715161922365564,0.00149951948860596,0,0.00151053488199958,NaN,0.633333333333333,0.0160090564931203,0.151515151515152,0.00444317910243805,0.00923769518043068,0.00923769518043068,NaN,0.166666666666667,400,102,604,604,349,255,230,38,100,38,6921,9,114,114,114,113,98,98,98,98,98,0,30
LIRCMOP7_BC,1,ref_tau,110,105,1,0.35,105,0,0.00227215911740498,0.00569301481160537,105,30,3,0.00549651887138146,121.904761904762,0.18389251423725,0.326157636374872,0.375781053508999,1,0.314285714285714,0.193907510189698,0.560837177708321,zero,30,0,30,4,0.285714285714286,0.00067352610942742,0.00187488820411051,0,0.00224723426779561,NaN,0.566666666666667,0.0109073915119176,0.114285714285714,0.0033495234407794,0.00479730048354067,0.00479730048354067,NaN,0.133333333333333,400,98,596,596,347,249,239,41,100,41,7265,10,123,123,123,120,105,105,105,105,105,0,30
LIRCMOP7_BC,1,ref_tau,111,111,1,0.37,111,0,0.00207092189591878,0.00690666380260189,111,30,3,0.00581060566403183,115.315315315315,0.189537646878687,0.326157636374872,0.235568737567342,1,0.324324324324324,0.199353562633963,0.669054550688526,zero,30,0,30,4,0.27027027027027,0.000600893118964575,0.00140116319444858,0,0.00140116319444858,NaN,0.633333333333333,0.0196345123592915,0.108108108108108,0.00607724782026737,0.00950099247512167,0.00950099247512167,NaN,0.133333333333333,400,105,610,610,351,259,240,42,100,42,6545,7,126,126,126,126,111,111,111,111,111,0,30
LIRCMOP7_BC,1,ref_tau,112,103,1,0.35,103,0,0.00256971945285624,0.0084216278173844,103,30,3,0.00539182327383134,124.271844660194,0.189537646878687,0.326157636374872,0,0.695905995503037,0.233009708737864,0.220354464565664,0.57034420958996,zero,30,0,30,3,0.29126213592233,0.000668884520717165,0.00136700499347967,0,0.00186212165997442,NaN,0.766666666666667,0.0281156910132747,0.114285714285714,0.0030871673006321,0.0086654208713078,0.0086654208713078,NaN,0.1,400,111,622,622,368,254,257,39,100,39,8533,2,117,117,117,117,103,103,103,103,103,0,30
LIRCMOP7_BC,1,ref_tau,113,111,1,0.37,111,0,0.00230502427141456,0.00822226248712707,111,30,3,0.00581060566403183,115.315315315315,0.188031891820132,0.326157636374872,0.20571496297225,0.695905995503037,0.324324324324324,0.224543614154211,0.717628744961272,zero,30,0,30,4,0.27027027027027,0.000631218006403428,0.00104384726708479,0,0.00204734089858799,NaN,0.966666666666667,0.0356461820696922,0.0810810810810811,0.00833592158801219,0.0140465000227717,0.0140465000227717,NaN,0.133333333333333,400,103,606,606,368,238,185,42,100,42,4607,0,126,126,126,126,111,111,111,111,111,0,30
LIRCMOP7_BC,1,ref_tau,114,118,1,0.4,118,0,0.00188467441260536,0.00648204222015332,118,30,3,0.00617704025545726,108.474576271186,0.186000961349276,0.337508283551345,0.0668905014089192,0.695905995503037,0.313559322033898,0.204450538068727,0.508272668633944,zero,30,0,30,5,0.254237288135593,0.000349418412150053,0.00149026245445129,0,0.00154499006847192,NaN,0.933333333333333,0.0629747696204895,0.1,0.006249531017948,0.0101207687425423,0.0101207687425423,NaN,0.166666666666667,400,111,622,622,365,257,236,46,100,46,6696,4,138,138,138,138,118,118,118,118,118,0,30
LIRCMOP7_BC,1,ref_tau,115,114,1,0.38,114,0,0.00174679166431165,0.00646315592666574,114,30,3,0.00596764906035701,112.280701754386,0.168809133692353,0.299567873411642,0.235568737567342,1,0.315789473684211,0.209599384541295,0.730404483510027,zero,30,0,30,3,0.263157894736842,0.000688683766462232,0.00155907110713613,0,0.00606339663724127,NaN,0.9,0.0373115607202702,0.0789473684210526,0.00978660864981393,0.0137496227705087,0.0137496227705087,NaN,0.1,400,118,636,636,374,262,246,44,100,44,6580,12,132,132,132,132,114,114,114,114,114,0,30
LIRCMOP7_BC,1,ref_tau,116,106,1,0.36,106,0,0.00235074306001321,0.00940858923321794,106,30,3,0.00554886667015652,120.754716981132,0.186000961349276,0.29916029045794,0.220947583653319,1,0.339622641509434,0.20266915759472,0.483524434627259,zero,30,0,30,3,0.283018867924528,0.000507503578178326,0.00100841681291838,0,0.00128785479624603,NaN,0.933333333333333,0.00341712503823925,0.0833333333333333,0.00673721407514652,0.00943691791378573,0.00943691791378573,NaN,0.1,400,114,628,628,363,265,252,42,100,42,6707,20,124,124,124,124,106,106,106,106,106,0,30
LIRCMOP7_BC,1,ref_tau,117,115,1,0.39,115,0,0.00263669433664665,0.011757610861067,115,30,3,0.00601999685913207,111.304347826087,0.172641626882114,0.261244991039513,0.190861607167866,0.948784008632698,0.31304347826087,0.212589981869214,0.738035442465905,zero,30,0,30,3,0.260869565217391,0.000424856806147136,0.00150713844354298,0,0.00708487910250748,NaN,0.933333333333333,0.0237368476412737,0.102564102564103,0.00804494432233122,0.00879446667879785,0.00879446667879785,NaN,0.1,400,106,612,612,367,245,208,45,100,45,5258,22,135,135,135,135,115,115,115,115,115,0,30
LIRCMOP7_BC,1,ref_tau,118,119,1,0.41,119,0,0.00201171066955764,0.00785486487027051,119,30,3,0.00622938805423232,107.563025210084,0.17782707164452,0.29916029045794,0.348721307865946,1,0.352941176470588,0.214887097441721,0.527481733508376,zero,30,0,30,3,0.252100840336134,0.000546521873750525,0.00109384990126145,0,0.00351630040940728,NaN,0.566666666666667,0.00159761519195545,0.0487804878048781,0.00379851775058016,0.00739210688548282,0.00739210688548282,NaN,0.1,400,115,630,630,371,259,257,48,100,48,7883,44,140,140,140,137,119,119,119,119,119,0,30
LIRCMOP7_BC,1,ref_tau,119,114,1,0.38,114,0,0.00191973597388332,0.00719768714377339,114,30,3,0.00596764906035701,112.280701754386,0.186040880113918,0.300129079730355,0.220947583653319,1,0.289473684210526,0.210036571227582,0.482092579670349,zero,30,0,30,3,0.263157894736842,0.00176522045321183,0.00246024225823014,0,0.00249260137111785,NaN,0.433333333333333,-0.0087871064394472,0.0789473684210526,0.00613422201475817,0.00977290273747848,0.00977290273747848,NaN,0.1,400,119,638,638,374,264,230,46,100,46,6438,7,138,138,138,132,114,114,114,114,114,0,30
LIRCMOP7_BC,1,ref_tau,120,117,1,0.39,117,0,0.00163812599417431,0.00622230679952865,117,30,3,0.0061246924566822,109.401709401709,0.18608079887856,0.306539348381769,0.0113875779006699,1,0.256410256410256,0.199122597848344,0.366149181652189,zero,30,0,30,6,0.256410256410256,0.000545155660373345,0.00108465483853661,0,0.00117749666504265,NaN,0.366666666666667,-0.0275551056820673,0.153846153846154,0.00431783690575545,0.0091507808480036,0.0091507808480036,NaN,0.2,400,114,628,628,370,258,256,46,100,46,6817,1,138,138,138,135,117,117,117,117,117,0,30
LIRCMOP7_BC,1,ref_tau,121,128,1,0.43,128,0,0.00175161388743553,0.00771914122638386,128,30,3,0.00670051824320787,100,0.188747927848744,0.308848183182095,0.220947583653319,1,0.328125,0.202698415802224,0.283917047344286,zero,30,0,30,2,0.234375,0.000944757625217159,0.002085149972115,0,0.00215179120406753,NaN,0.566666666666667,0.00993722011046895,0.0930232558139535,0.0058609774111276,0.00873257604469929,0.00873257604469929,NaN,0.0666666666666667,400,117,634,634,361,273,233,50,100,50,6818,16,147,147,147,147,128,128,128,128,128,0,30
LIRCMOP7_BC,1,ref_tau,122,125,1,0.42,125,0,0.00173449783722677,0.00693114345519519,125,30,3,0.00654347484688269,102.4,0.18608079887856,0.29916029045794,-0,1,0.216,0.226449501246336,0.367592492175305,zero,30,0,30,6,0.24,0.000641443963906488,0.00126832732694497,0,0.00141025606012689,NaN,0.9,0.0127257782487869,0.119047619047619,0.00461201592328659,0.0100883259061101,0.0100883259061101,NaN,0.2,400,128,656,656,384,272,267,48,100,48,7762,48,143,143,143,143,125,125,125,125,125,0,30
LIRCMOP7_BC,1,ref_tau,123,102,1,0.34,102,0,0.0015920741429855,0.00547629100285198,102,30,3,0.00533947547505627,125.490196078431,0.177170192417529,0.325095071789156,0,0.883628942376815,0.137254901960784,0.227387412792713,0.955833157607513,zero,30,0,30,7,0.294117647058824,0.00256544455229586,0.00624748057033461,0,0.0118920528003064,NaN,0.433333333333333,-0.00278191300296497,0.117647058823529,0.00462548045303533,0.0188702393188341,0.0188702393188341,NaN,0.233333333333333,400,125,650,650,387,263,264,43,100,43,6513,72,126,126,126,120,102,102,102,102,102,0,30
LIRCMOP7_BC,1,ref_tau,124,113,1,0.39,113,0,0.00178318731208574,0.00598249708665859,113,30,3,0.00591530126158195,113.274336283186,0.189537646878687,0.343618074790544,-0,0.883628942376815,0.150442477876106,0.213587644500624,0.377140883509193,zero,30,0,30,4,0.265486725663717,0.000633714110658356,0.00148755126868852,0,0.00500745301820951,NaN,0.9,0.10834480169292,0.0769230769230769,0.00663075213720687,0.00943477652980459,0.00943477652980459,NaN,0.133333333333333,400,102,604,604,371,233,234,48,100,48,5491,16,134,134,134,131,113,113,113,113,113,0,30
LIRCMOP7_BC,1,ref_tau,125,115,1,0.39,115,0,0.00166064792194463,0.00627366760419873,115,30,3,0.00601999685913207,111.304347826087,0.191677520200656,0.326157636374872,0,1,0.182608695652174,0.242456600949046,0.365635748498492,zero,30,0,30,5,0.260869565217391,0.000593209080837746,0.000960259149557585,0,0.0016008529668678,NaN,0.8,0.0971438497505621,0.153846153846154,0.00393767172095596,0.0076771691350184,0.0076771691350184,NaN,0.166666666666667,400,113,626,626,367,259,280,44,100,44,8182,28,130,130,130,130,115,115,115,115,115,0,30
LIRCMOP7_BC,1,ref_tau,126,129,1,0.43,129,0,0.00154636909704205,0.00676143669580842,129,30,3,0.00675286604198293,99.2248062015504,0.218101870559731,0.29916029045794,0,1,0.201550387596899,0.212204943054034,0.612332305926303,zero,30,0,30,5,0.232558139534884,0.000719644006462912,0.00156863382022561,0,0.00305907578641653,NaN,0.9,0.109744758176359,0.13953488372093,0.00511383546323332,0.00893687190167721,0.00893687190167721,NaN,0.166666666666667,400,115,630,630,382,248,228,48,100,48,5528,17,144,144,144,144,129,129,129,129,129,0,30
LIRCMOP7_BC,1,ref_tau,127,107,1,0.36,107,0,0.00182762537670845,0.00670441891476937,107,30,3,0.00560121446893158,119.626168224299,0.220076705921428,0.306457831791029,0,1,0.205607476635514,0.238037018698981,0.486184912129283,zero,30,0,30,7,0.280373831775701,0.00142363804517832,0.0025375853846113,0,0.00871554296913237,NaN,0.666666666666667,0.0949986086275455,0.111111111111111,0.00588523485026277,0.0093886922421826,0.0093886922421826,NaN,0.233333333333333,400,129,658,658,399,259,270,45,100,45,7684,49,132,132,132,125,107,107,107,107,107,0,30
LIRCMOP7_BC,1,ref_tau,128,106,1,0.36,106,0,0.00151560869367111,0.00593388517054736,106,30,3,0.00554886667015652,120.754716981132,0.224837451765978,0.291733833772756,0,0.663653783662051,0.160377358490566,0.254956802622216,0.683830314250816,zero,30,0,30,4,0.283018867924528,0.00349551386743684,0.00453332226263998,0,0.00994956426048614,NaN,0.6,0.0181823318294546,0.0833333333333333,0.0111627293082231,0.0144254344484955,0.0144254344484955,NaN,0.133333333333333,400,107,614,614,370,244,258,45,100,45,6600,46,130,130,130,129,106,106,106,106,106,0,30
LIRCMOP7_BC,1,ref_tau,129,116,1,0.39,116,0,0.00190935664486526,0.00673811090445065,116,30,3,0.00607234465790714,110.344827586207,0.224837451765978,0.288799409025245,0,1,0.198275862068966,0.237218703825154,0.715311895518762,zero,30,0,30,10,0.258620689655172,0.000659707279088187,0.00106710837105299,0,0.0060902873505488,NaN,0.666666666666667,0.0296129158233202,0.128205128205128,0.00826413642527861,0.0128669842332757,0.0128669842332757,NaN,0.333333333333333,400,106,612,612,367,245,255,49,100,49,6604,53,144,144,144,144,116,116,116,116,116,0,30
LIRCMOP7_BC,1,ref_tau,130,105,1,0.35,105,0,0.00142454098179942,0.00646441629228992,105,30,3,0.00549651887138146,121.904761904762,0.203139902674402,0.308282217124301,0,0.649944325201173,0.219047619047619,0.300371943213205,0.964831017774744,zero,30,0,30,8,0.285714285714286,0.0017648316791274,0.00223014520315261,0,0.00994527331368447,NaN,0.333333333333333,-0.026703961115441,0.0857142857142857,0.0083133466464433,0.0140261118301046,0.0140261118301046,NaN,0.266666666666667,400,116,632,632,387,245,251,48,100,48,8361,33,140,140,140,134,105,105,105,105,105,0,30
LIRCMOP7_BC,1,ref_tau,131,113,1,0.38,113,0,0.00113548522961378,0.00480457245170741,113,30,3,0.00591530126158195,113.274336283186,0.208986833124397,0.291733833772756,0.00284689447516748,1,0.247787610619469,0.250333417749469,0.836695770617609,zero,30,0,30,5,0.265486725663717,0.00093722109708011,0.00313934813703797,0,0.00944964205573457,NaN,0.466666666666667,-0.00928152972419118,0.0789473684210526,0.00937090563485325,0.0138531440198118,0.0138531440198118,NaN,0.166666666666667,400,105,610,610,367,243,232,49,100,49,6071,139,141,141,141,137,113,113,113,113,113,0,30
LIRCMOP7_BC,1,ref_tau,132,134,1,0.45,134,0,0.00159164862730687,0.00656563474048916,134,30,3,0.00701460503585824,95.5223880597015,0.224837451765978,0.291733833772756,0,0.684703232514539,0.223880597014925,0.30168402786828,0.635609817212517,zero,30,0,30,4,0.223880597014925,0.00279190390251857,0.00523651216480671,0,0.0080686236872241,NaN,0.366666666666667,-0.0336438139291125,0.0444444444444444,0.00953508206313634,0.013266661427459,0.013266661427459,NaN,0.133333333333333,400,113,626,626,366,260,267,55,100,55,6891,61,161,161,161,160,134,134,134,134,134,0,30
LIRCMOP7_BC,1,ref_tau,133,125,1,0.42,125,0,0.00154019184983451,0.00641871578532532,125,30,3,0.00654347484688269,102.4,0.207998278616549,0.288582073002087,0.0113875779006699,1,0.264,0.271487011203523,0.736069320534246,zero,30,0,30,7,0.24,0.0019278515415353,0.00317408787135351,0,0.00745939343019206,NaN,0.533333333333333,0.00268459184109505,0.0714285714285714,0.00686415199582355,0.0121954345315234,0.0121954345315234,NaN,0.233333333333333,400,134,668,668,389,279,277,50,100,50,8565,76,147,147,147,146,125,125,125,125,125,0,30
LIRCMOP7_BC,1,ref_tau,134,129,1,0.43,129,0,0.00147434299057963,0.00575192888137072,129,30,3,0.00675286604198293,99.2248062015504,0.205467341844128,0.291733833772756,0.00284689447516748,1,0.248062015503876,0.230387997899966,0.749506283443494,zero,30,0,30,6,0.232558139534884,0.00104191379386727,0.00166899778707645,0,0.0083633412666955,NaN,0.666666666666667,0.0168188393937245,0.0697674418604651,0.00866291841058603,0.0138361324304502,0.0138361324304502,NaN,0.2,400,125,650,650,383,267,257,51,100,51,8144,77,150,150,150,148,129,129,129,129,129,0,30
LIRCMOP7_BC,1,ref_tau,135,131,1,0.44,131,0,0.00103421826034935,0.00322834247192513,131,30,3,0.00685756163953306,97.7099236641221,0.207998278616549,0.288582073002087,-0,0.876673655231039,0.16030534351145,0.267738811814146,0.358450434152568,zero,30,0,30,5,0.229007633587786,0.00145223944047582,0.00227700075599173,0,0.00678416244253809,NaN,0.566666666666667,0.0158582154589481,0.0454545454545455,0.00842422682996223,0.0106166925209505,0.0106166925209505,NaN,0.166666666666667,400,129,658,658,388,270,266,53,100,53,7550,69,156,156,156,156,131,131,131,131,131,0,30
LIRCMOP7_BC,1,ref_tau,136,124,1,0.42,124,0,0.00127828901790339,0.00437758093803833,124,30,3,0.00649112704810763,103.225806451613,0.207998278616549,0.282103484164924,0,0.876673655231039,0.185483870967742,0.30004235339687,0.663916523835309,zero,30,0,30,7,0.241935483870968,0.00211745672107664,0.00320739197895185,0,0.00866096470856108,NaN,0.633333333333333,0.00537495508267408,0.0952380952380952,0.00579031884997995,0.00995701176936949,0.00995701176936949,NaN,0.233333333333333,400,131,662,662,393,269,267,52,100,52,8982,46,153,153,153,147,124,124,124,124,124,0,30
LIRCMOP7_BC,1,ref_tau,137,138,1,0.47,138,0,0.00147657291331211,0.00491056094701147,138,30,3,0.00722399623095849,92.7536231884058,0.203769347203409,0.291733833772756,0,0.876673655231039,0.239130434782609,0.386564600913493,0.583996975866071,zero,30,0,30,7,0.217391304347826,0.000752398242941778,0.00364113078832496,0,0.00820572601423742,NaN,0.533333333333333,0.0080133148120293,0.127659574468085,0.0113549519473096,0.014922179959155,0.014922179959155,NaN,0.233333333333333,400,124,648,648,384,264,262,53,100,53,7123,56,158,158,158,150,138,138,138,138,138,0,30
LIRCMOP7_BC,1,ref_tau,138,135,1,0.45,135,0,0.00132277594876371,0.00516841001440749,135,30,3,0.0070669528346333,94.8148148148148,0.208188717529339,0.281033445319609,-0,0.876673655231039,0.17037037037037,0.2670010689942,0.817764866339994,zero,30,0,30,6,0.222222222222222,0.000741631475436185,0.00162263660488141,0,0.0108086944364232,NaN,0.433333333333333,-0.0191293204369167,0.111111111111111,0.00988615565087595,0.0142136614575371,0.0142136614575371,NaN,0.2,400,138,676,676,405,271,288,51,100,51,9210,72,153,153,153,150,135,135,135,135,135,0,30
LIRCMOP7_BC,1,ref_tau,139,147,1,0.49,147,0,0.00155382835509693,0.00551654505680353,147,30,3,0.00769512641993404,87.0748299319728,0.203769347203409,0.294703367323533,0,0.876673655231039,0.244897959183673,0.269534965665857,0.680222420265004,zero,30,0,30,4,0.204081632653061,0.000495404569907154,0.00111661967897479,0,0.00625820062254452,NaN,0.633333333333333,0.0228646795871773,0.122448979591837,0.00943060616917759,0.0136995038281019,0.0136995038281019,NaN,0.133333333333333,400,135,670,670,393,277,288,54,100,54,8687,40,162,162,162,156,147,147,147,147,147,0,30
LIRCMOP7_BC,1,ref_tau,140,140,1,0.47,140,0,0.00121755311555757,0.00446124945588747,140,30,3,0.00732869182850861,91.4285714285714,0.216198428067058,0.295445750711227,0,0.876673655231039,0.207142857142857,0.268450688458149,0.627953296050392,zero,30,0,30,5,0.214285714285714,0.000476015519728894,0.00109097315769035,0,0.00700023344157581,NaN,0.4,-0.017697985527683,0.0851063829787234,0.0105080720826944,0.0140269466981091,0.0140269466981091,NaN,0.166666666666667,400,147,694,694,425,269,288,54,100,54,9651,78,162,162,162,159,140,140,140,140,140,0,30
LIRCMOP7_BC,1,ref_tau,141,132,1,0.44,132,0,0.00117132095204371,0.00473205070870453,132,30,3,0.00690990943830812,96.969696969697,0.217912883389499,0.316234933189568,0,0.809233766972594,0.227272727272727,0.301561148702958,1.33093103270285,zero,30,0,30,4,0.227272727272727,0.00112173887163911,0.00275141138548815,0,0.0206272155499325,NaN,0.233333333333333,-0.0202875729750263,0.0909090909090909,0.0170052953992818,0.0229330177099624,0.0229330177099624,NaN,0.133333333333333,400,140,680,680,411,269,285,51,100,51,9845,31,153,153,153,151,132,132,132,132,132,0,30
LIRCMOP7_BC,1,ref_tau,142,133,1,0.45,133,0,0.000912703058496377,0.00333150068529729,133,30,3,0.00696225723708318,96.2406015037594,0.216198428067058,0.316234933189568,0.0474242292085129,0.809233766972594,0.270676691729323,0.237577574544383,0.758547131973367,zero,30,0,30,6,0.225563909774436,0.000612980761487988,0.00216078463188161,0,0.0116110312082252,NaN,0.5,-0.000123694060895088,0.133333333333333,0.0103588339890739,0.0170610826144392,0.0170610826144392,NaN,0.2,400,132,664,664,399,265,271,53,100,53,8332,33,159,159,159,150,133,133,133,133,133,0,30
LIRCMOP7_BC,1,ref_tau,143,129,1,0.43,129,0,0.000924368353388621,0.00321891581762439,129,30,3,0.00675286604198293,99.2248062015504,0.224837451765978,0.320039345814651,0.0113875779006699,0.809233766972594,0.255813953488372,0.365931023584562,1.62798097930109,zero,30,0,30,8,0.232558139534884,0.0025717046329856,0.0121922278328441,0,0.0220240047297148,NaN,0.766666666666667,0.0250192255877892,0.13953488372093,0.00477826061876519,0.0246832353304118,0.0246832353304118,NaN,0.266666666666667,400,133,666,666,411,255,278,52,100,52,9652,14,153,153,153,148,129,129,129,129,129,0,30
LIRCMOP7_BC,1,ref_tau,144,129,1,0.43,129,0,0.000886333569184192,0.00322030739187036,129,30,3,0.00675286604198293,99.2248062015504,0.225584358592006,0.31406223555278,0,0.809233766972594,0.232558139534884,0.237618720766689,0.956808288535321,zero,30,0,30,3,0.232558139534884,0.000512338930252555,0.00098508223242147,0,0.0140620415786706,NaN,0.666666666666667,0.0120200822452786,0.0465116279069767,0.0136067388224023,0.0177835437774978,0.0177835437774978,NaN,0.1,400,129,658,658,397,261,266,54,100,54,7526,21,162,162,162,159,129,129,129,129,129,0,30
LIRCMOP7_BC,1,ref_tau,145,129,1,0.43,129,0,0.00106601240406438,0.004091058767758,129,30,3,0.00675286604198293,99.2248062015504,0.220076705921428,0.316234933189568,-0,0.809233766972594,0.209302325581395,0.228266780016864,0.667482417436699,zero,30,0,30,4,0.232558139534884,0.000403866532753957,0.00107540196054358,0,0.00816646565468409,NaN,0.9,0.0284666901947254,0.0930232558139535,0.00875883394140108,0.011678401597499,0.011678401597499,NaN,0.133333333333333,400,129,658,658,406,252,287,53,100,53,7678,7,159,159,159,144,129,129,129,129,129,0,30
LIRCMOP7_BC,1,ref_tau,146,145,1,0.49,145,0,0.000936381998804813,0.00366730706465862,145,30,3,0.00759043082238392,88.2758620689655,0.227301255090239,0.377671009634634,0.00284689447516748,0.754893889081987,0.248275862068966,0.290355832377292,0.466312269018849,zero,30,0,30,9,0.206896551724138,0.00124977668937042,0.00232434016617504,0,0.00615957389091635,NaN,1,0.0588547438046758,0.142857142857143,0.00366350730701251,0.00735620093098531,0.00735620093098531,NaN,0.3,400,129,658,658,421,237,283,58,100,58,7330,10,174,174,174,168,145,145,145,145,145,0,30
LIRCMOP7_BC,1,ref_tau,147,138,1,0.46,138,0,0.000829708002588017,0.00329811805918942,138,30,3,0.00722399623095849,92.7536231884058,0.227301255090239,0.369564059158711,0,0.754893889081987,0.231884057971014,0.348632326410163,0.844535739787221,zero,30,0,30,5,0.217391304347826,0.000641953526071644,0.00142682044637791,0,0.0090654537369164,NaN,0.966666666666667,0.0391871850756408,0.0869565217391304,0.00482208751116417,0.0101256446972626,0.0101256446972626,NaN,0.166666666666667,400,145,690,690,418,272,297,57,100,57,9423,3,171,171,171,156,138,138,138,138,138,0,30
LIRCMOP7_BC,1,ref_tau,148,150,1,0.5,150,0,0.00133530182368587,0.00461319578915094,150,30,3,0.00785216981625923,85.3333333333333,0.228909877791557,0.35192551953914,0,1,0.24,0.260516232767312,0.540584192025784,zero,30,0,30,1,0.2,0.00043380596402677,0.00137029700450487,0,0.0045547818326424,NaN,0.866666666666667,0.0623465494452021,0.04,0.0047958726866761,0.00964085807358264,0.00964085807358264,NaN,0.0333333333333333,400,138,676,676,411,265,270,59,100,59,7032,55,177,177,177,177,150,150,150,150,150,0,30
LIRCMOP7_BC,1,ref_tau,149,144,1,0.48,144,0,0.001059695386929,0.00323261443688332,144,30,3,0.00753808302360886,88.8888888888889,0.222457078843703,0.350002042192305,0,0.822833927983977,0.166666666666667,0.283368546591808,0.957405181633256,zero,30,0,30,0,0.208333333333333,0.00199393908112123,0.00290401580715943,0,0.0137970045073198,NaN,0.866666666666667,0.123893890296907,0,0.0137419197248621,0.0176468338670306,0.0176468338670306,NaN,0,400,150,700,700,422,278,298,59,100,59,8398,12,177,177,177,174,144,144,144,144,144,0,30
LIRCMOP7_BC,1,ref_tau,150,148,1,0.5,148,0,0.00101402159584865,0.00340425850336271,148,30,3,0.0077474742187091,86.4864864864865,0.218426083471174,0.306679028671416,0,0.822833927983977,0.175675675675676,0.256975784366304,0.794735337606197,zero,30,0,30,4,0.202702702702703,0.000627310324457014,0.00122812820866319,0,0.0083541249022259,NaN,0.866666666666667,0.069135785300138,0.12,0.0101093466642209,0.0147271180268981,0.0147271180268981,NaN,0.133333333333333,400,144,688,688,427,261,306,58,100,58,7957,2,174,174,174,166,148,148,148,148,148,0,30
LIRCMOP7_BC,1,ref_tau,151,128,1,0.43,128,0,0.00110567242077146,0.0041489966289541,128,30,3,0.00670051824320787,100,0.233812868901953,0.394328636774798,0,0.631495933776966,0.234375,0.329393522578328,1.29749637976276,zero,30,0,30,3,0.234375,0.000274313802551333,0.00483765620452571,0,0.0211936017406052,NaN,0.533333333333333,0.0109535425769996,0.0465116279069767,0.0173756737419759,0.0223784287495919,0.0223784287495919,NaN,0.1,400,148,696,696,412,284,303,53,95,48,11721,18,142,142,142,142,128,128,128,128,128,0,30
LIRCMOP7_BC,1,ref_tau,152,136,1,0.46,136,0,0.000741039122114965,0.0032855346580278,136,30,3,0.00711930063340837,94.1176470588235,0.235495091670693,0.377671009634634,0,0.731040807024668,0.242647058823529,0.260394487204616,0.789200421314917,zero,30,0,30,8,0.220588235294118,0.000372876053188292,0.000965648946886156,0,0.0137460636023373,NaN,0.6,0.0107212473052598,0.173913043478261,0.0101404087037436,0.0169458685830468,0.0169458685830468,NaN,0.266666666666667,400,128,656,656,421,235,290,55,100,55,7267,2,165,165,165,157,136,136,136,136,136,0,30
LIRCMOP7_BC,1,ref_tau,153,141,1,0.47,141,0,0.00102247301493207,0.0033911380631465,141,30,3,0.00738103962728367,90.7801418439716,0.225584358592006,0.361050659185974,0,0.901906210238819,0.141843971631206,0.343696498523175,0.729951323934964,zero,30,0,30,4,0.212765957446809,0.00249986306496712,0.00312420270870866,0,0.00790761727367458,NaN,0.7,0.0381688137313995,0.0638297872340425,0.00937109350952248,0.0133730881753161,0.0133730881753161,NaN,0.133333333333333,400,136,672,672,417,255,272,56,100,56,6865,0,168,168,168,168,141,141,141,141,141,0,30
LIRCMOP7_BC,1,ref_tau,154,147,1,0.49,147,0,0.00113870631267743,0.00369044432522148,147,30,3,0.00769512641993404,87.0748299319728,0.225584358592006,0.372008061607472,0,1,0.204081632653061,0.268833420801305,0.445189674269385,zero,30,0,30,2,0.204081632653061,0.00100394933098738,0.00147118141801467,0,0.00648313560912685,NaN,0.966666666666667,0.0988093988226913,0.0612244897959184,0.00876716504055511,0.0119380825104992,0.0119380825104992,NaN,0.0666666666666667,400,141,682,682,430,252,273,60,100,60,6989,20,180,180,180,174,147,147,147,147,147,0,30
LIRCMOP7_BC,1,ref_tau,155,120,1,0.41,120,0,0.00112407382967009,0.00315008682008102,120,30,3,0.00628173585300738,106.666666666667,0.228497878864257,0.355526350689139,0,0.901906210238819,0.191666666666667,0.415613526366042,1.38093647904199,zero,30,0,30,1,0.25,0.000483589216388766,0.00456732904424053,0,0.0223733276848415,NaN,0.333333333333333,-0.0611873407007884,0.0487804878048781,0.0156936699159373,0.0238634962925515,0.0238634962925515,NaN,0.0333333333333333,400,147,694,694,439,255,295,55,93,49,10391,15,146,146,146,142,120,120,120,120,120,0,30
LIRCMOP7_BC,1,ref_tau,156,145,1,0.49,145,0,0.00112518655556723,0.00347445196760217,145,30,3,0.00759043082238392,88.2758620689655,0.235495091670693,0.377671009634634,0,1,0.186206896551724,0.30704916809102,0.47303705591009,zero,30,0,30,6,0.206896551724138,0.000630608238733914,0.000984476027994061,0,0.00668243465483635,NaN,0.866666666666667,0.0967020859658403,0.122448979591837,0.0103779494486684,0.0167362542050979,0.0167362542050979,NaN,0.2,400,120,640,640,412,228,242,59,100,59,5812,17,177,177,177,170,145,145,145,145,145,0,30
LIRCMOP7_BC,1,ref_tau,157,144,1,0.48,144,0,0.00106944162149534,0.00341474302368055,144,30,3,0.00753808302360886,88.8888888888889,0.228805004423905,0.394898056853465,0,1,0.1875,0.282919851740333,0.415956222057926,zero,30,0,30,2,0.208333333333333,0.000226830031236097,0.00051175802007792,0,0.00156098783969962,NaN,0.933333333333333,0.0682200338574867,0.0416666666666667,0.0114684673603256,0.013813988417375,0.013813988417375,NaN,0.0666666666666667,400,145,690,690,447,243,288,59,100,59,7066,10,174,174,174,171,144,144,144,144,144,0,30
LIRCMOP7_BC,1,ref_tau,158,138,1,0.46,138,0,0.00103832174714689,0.00380959531083537,138,30,3,0.00722399623095849,92.7536231884058,0.227041118728131,0.378947504406175,0,1,0.217391304347826,0.246019718560628,0.299965140183876,zero,30,0,30,3,0.217391304347826,0.000580591903400468,0.00109036713075749,0,0.00109036713075749,NaN,0.933333333333333,0.0470589838656401,0.108695652173913,0.00595716787333886,0.00696142029980308,0.00696142029980308,NaN,0.1,400,144,688,688,444,244,273,58,100,58,7564,9,171,171,171,168,138,138,138,138,138,0,30
LIRCMOP7_BC,1,ref_tau,159,132,1,0.44,132,0,0.000870602903030854,0.00354827493589474,132,30,3,0.00690990943830812,96.969696969697,0.231996485267475,0.370266473102267,0,1,0.242424242424242,0.266664045579555,0.614387750680653,zero,30,0,30,2,0.227272727272727,0.000258510013844493,0.000767603980423511,0,0.00158739012787421,NaN,0.733333333333333,0.0413668193847479,0.0454545454545455,0.0116753223625692,0.0133854671199913,0.0133854671199913,NaN,0.0666666666666667,400,138,676,676,422,254,312,57,95,52,9005,19,153,153,153,153,132,132,132,132,132,0,30
LIRCMOP7_BC,1,ref_tau,160,114,1,0.38,114,0,0.000899932115243819,0.00256301715353543,114,30,3,0.00596764906035701,112.280701754386,0.227041118728131,0.370266473102267,-0,0.731040807024668,0.105263157894737,0.28146085395558,0.317639437774728,zero,30,0,30,0,0.263157894736842,0.00343685050988284,0.00452892132732308,0,0.00611792512504135,NaN,0.933333333333333,0.0663999796610683,0,0.0117516436441079,0.012522504042161,0.012522504042161,NaN,0,400,132,664,664,423,241,274,53,93,46,8099,24,135,135,135,132,114,114,114,114,114,0,30
LIRCMOP7_BC,1,ref_tau,161,129,1,0.44,129,0,0.00102807923237546,0.00410202659791324,129,30,3,0.00675286604198293,99.2248062015504,0.224837451765978,0.350002042192305,-0,0.800544335992424,0.116279069767442,0.20522610799051,0.249893357885758,zero,30,0,30,3,0.232558139534884,0.000849435556414719,0.00245319003948147,0,0.00402613679207456,NaN,0.466666666666667,-0.00217940022262812,0.113636363636364,0.00338250416631136,0.00550832359798804,0.00550832359798804,NaN,0.1,400,114,628,628,412,216,255,55,95,50,5987,5,146,146,146,146,129,129,129,129,129,0,30
LIRCMOP7_BC,1,ref_tau,162,107,1,0.36,107,0,0.00105003822394552,0.00504874481032125,107,30,3,0.00560121446893158,119.626168224299,0.224837451765978,0.361050659185974,-0,0.800544335992424,0.11214953271028,0.263431782188781,0.802263572216467,zero,30,0,30,3,0.280373831775701,0.0015403700640829,0.00254303584617693,0,0.00397091647994261,NaN,0.433333333333333,-0.00380620387267966,0.0555555555555556,0.00761804088310009,0.0141501129129069,0.0141501129129069,NaN,0.1,400,129,658,658,419,239,279,53,89,42,9127,7,121,121,121,121,107,107,107,107,107,0,30
LIRCMOP7_BC,1,ref_tau,163,96,1,0.33,96,0,0.000993245415426718,0.00394239915672819,96,30,3,0.0050253886824059,133.333333333333,0.227041118728131,0.374713102661018,0,0.557490238861035,0.135416666666667,0.294725903328651,0.715524588103306,zero,30,0,30,4,0.3125,0.00311498630388542,0.00421736609921454,0,0.00666521286005963,NaN,0.966666666666667,0.017669190675646,0.0606060606060606,0.00898211894415231,0.0116109869034627,0.0116109869034627,NaN,0.133333333333333,400,107,614,614,396,218,247,53,82,37,8799,4,111,111,111,108,96,96,96,96,96,0,30
LIRCMOP7_BC,1,ref_tau,164,93,1,0.31,93,0,0.00083134506001258,0.00363318998001684,93,30,3,0.00486834528608072,137.634408602151,0.233279307387463,0.376600278930062,0,0.928679904670234,0.161290322580645,0.320851021527592,0.95695479100925,zero,30,0,30,0,0.32258064516129,0.00285357927665102,0.00507856280105359,0,0.0064041122723322,NaN,0.8,0.0217366890042332,0,0.0104139974758957,0.0143496559771201,0.0143496559771201,NaN,0,400,96,592,592,389,203,248,52,79,35,7031,0,104,104,104,104,93,93,93,93,93,0,30
LIRCMOP7_BC,1,ref_tau,165,96,1,0.32,96,0,0.000859245454732194,0.00412358434869678,96,30,3,0.0050253886824059,133.333333333333,0.239627468308497,0.350002042192305,0,0.928679904670234,0.1875,0.290927635384511,0.633723933909223,zero,30,0,30,0,0.3125,0.00116208203262644,0.00165660797051171,0,0.00165660797051171,NaN,0.866666666666667,0.0270518178995012,0,0.00838690473272402,0.012586985710123,0.012586985710123,NaN,0,400,93,586,586,387,199,241,51,85,38,5347,12,111,111,111,111,96,96,96,96,96,0,30
LIRCMOP7_BC,1,ref_tau,166,110,1,0.38,110,0,0.000933285030570567,0.0037845531537659,110,30,3,0.00575825786525677,116.363636363636,0.245975629229531,0.350002042192305,-0,1,0.218181818181818,0.263067408717957,0.890788774044926,zero,30,0,30,1,0.272727272727273,0.0010547538890803,0.00411132272192908,0,0.00832617699620248,NaN,0.466666666666667,-0.00298122121026427,0.0526315789473684,0.00590567806234743,0.0143087613421417,0.0143087613421417,NaN,0.0333333333333333,400,96,592,592,412,180,243,52,88,41,4632,7,121,121,121,121,110,110,110,110,110,0,30
LIRCMOP7_BC,1,ref_tau,167,87,1,0.29,87,0,0.000783625245883799,0.00279641788599525,87,30,3,0.00455425849343035,147.126436781609,0.228497878864257,0.37128063158251,-0,0.516148419037479,0.137931034482759,0.31316915190832,0.953226051190625,zero,30,0,30,1,0.344827586206897,0.0016978801827116,0.00236388832066099,0,0.0027704065887656,NaN,0.9,0.0066849851578597,0.0689655172413793,0.0102074657180817,0.0150064544383146,0.0150064544383146,NaN,0.0333333333333333,400,110,620,620,418,202,235,50,77,33,8198,34,95,95,95,95,87,87,87,87,87,0,30
LIRCMOP7_BC,1,ref_tau,168,79,1,0.27,79,0,0.000687323864318322,0.00151974855115742,79,30,3,0.00413547610322986,162.025316455696,0.250371848427351,0.376600278930062,0,0.516148419037479,0.151898734177215,0.339712086205918,1.07989142406744,zero,30,0,30,2,0.379746835443038,0.0024005911384764,0.00391691386275078,0,0.00391691386275078,NaN,0.533333333333333,0.00251096373936856,0.0740740740740741,0.00848863840937186,0.0153346049274249,0.0153346049274249,NaN,0.0666666666666667,400,87,574,574,399,175,223,45,69,29,7486,1,86,86,86,86,79,79,79,79,79,0,30
LIRCMOP7_BC,1,ref_tau,169,113,1,0.38,113,0,0.000699898061474239,0.00321041368703082,113,30,3,0.00591530126158195,113.274336283186,0.233279307387463,0.354722145910887,0,1,0.185840707964602,0.287213895790968,1.50795913367628,zero,30,0,30,5,0.265486725663717,0.000752689474915212,0.00219247438681731,0,0.00367635809375021,NaN,0.633333333333333,0.00780794852355901,0.0526315789473684,0.0114879265463924,0.0222304640921927,0.0222304640921927,NaN,0.166666666666667,400,79,558,558,382,176,218,55,89,44,3521,20,132,132,132,132,113,113,113,113,113,0,30
LIRCMOP7_BC,1,ref_tau,170,78,1,0.26,78,0,0.000727579956429304,0.00250784977157787,78,30,3,0.0040831283044548,164.102564102564,0.239627468308497,0.403040858316798,0,0.498800046987789,0.102564102564103,0.331707946241988,1.71917086454816,zero,30,0,30,9,0.384615384615385,0.00114989124779344,0.00140605853392296,0,0.00298530923300865,NaN,0.766666666666667,0.00259166520911082,0.0769230769230769,0.0150905392359955,0.0242544992241498,0.0242544992241498,NaN,0.3,400,113,626,626,415,211,236,51,73,33,9661,31,90,90,90,90,78,78,78,78,78,0,30
LIRCMOP7_BC,1,ref_tau,171,111,1,0.37,111,0,0.000919153887860525,0.0028696989087661,111,30,3,0.00581060566403183,115.315315315315,0.233279307387463,0.398841134949425,0,1,0.243243243243243,0.305210505259783,0.994214742639274,zero,30,0,30,0,0.27027027027027,0.00306008652466276,0.00471640400509422,0,0.00471640400509422,NaN,0.166666666666667,-0.0124778485523742,0,0.0115821262604902,0.0187306719816959,0.0187306719816959,NaN,0,400,78,556,556,381,175,225,56,81,42,5003,15,119,119,119,119,111,111,111,111,111,0,30
LIRCMOP7_BC,1,ref_tau,172,116,1,0.39,116,0,0.000905466811828395,0.00382925152138177,116,30,3,0.00607234465790714,110.344827586207,0.233279307387463,0.389887585673135,0,1,0.232758620689655,0.344626554150484,0.419910872961114,zero,30,0,30,4,0.258620689655172,0.00335301471676823,0.00947050305036238,0,0.00947050305036238,NaN,0.166666666666667,-0.0160254170248108,0.102564102564103,0.00754764256581517,0.0133302983014274,0.0133302983014274,NaN,0.133333333333333,400,111,622,622,417,205,256,52,84,42,6794,24,121,121,121,121,116,116,116,116,116,0,30
LIRCMOP7_BC,1,ref_tau,173,99,1,0.33,99,0,0.000813422721464853,0.00308723950659214,99,30,3,0.00518243207873109,129.292929292929,0.241344969384563,0.398841134949425,-0,0.343744490291843,0.151515151515152,0.27970118583065,0.398786146775497,zero,30,0,30,9,0.303030303030303,0.00268845527913209,0.0135902654446144,0,0.0149794731489449,NaN,0.6,0.0161330268490937,0.121212121212121,0.00383002023652324,0.0223358578571911,0.0223358578571911,NaN,0.3,400,116,632,632,419,213,226,51,79,38,9397,35,109,109,109,106,99,99,99,99,99,0,30
LIRCMOP7_BC,1,ref_tau,174,106,1,0.36,106,0,0.000765485562081611,0.00263136007706629,106,30,3,0.00554886667015652,120.754716981132,0.241344969384563,0.395070429234019,0,0.660064543942258,0.113207547169811,0.304357904738679,0.847097872649066,zero,30,0,30,5,0.283018867924528,0.0020350268966074,0.00526344348943727,0,0.00825132341969468,NaN,0.2,-0.0858685884442118,0.111111111111111,0.0143782746489003,0.0182013257365215,0.0182013257365215,NaN,0.166666666666667,400,99,598,598,403,195,229,52,81,38,6779,8,113,113,113,112,106,106,106,106,106,0,30
LIRCMOP7_BC,1,ref_tau,175,96,1,0.32,96,0,0.000865267451817865,0.00280240175297718,96,30,3,0.0050253886824059,133.333333333333,0.225584358592006,0.390220851408939,0,0.660064543942258,0.1875,0.29775635263276,0.762334307297107,zero,30,0,30,3,0.3125,0.000470228211729962,0.00220194393821517,0,0.00435321438398187,NaN,0.133333333333333,-0.0331357123083315,0.0625,0.0128631794522807,0.0151393155548512,0.0151393155548512,NaN,0.1,400,106,612,612,395,217,233,48,77,35,9173,3,104,104,104,104,96,96,96,96,96,0,30
LIRCMOP7_BC,1,ref_tau,176,106,1,0.36,106,0,0.00071622463427827,0.00310468789345442,106,30,3,0.00554886667015652,120.754716981132,0.225892540385759,0.374714234299961,0.0433885133281864,0.797748750354109,0.254716981132075,0.333523184811544,0.47465217155238,zero,30,0,30,9,0.283018867924528,0.00698378699068198,0.0201523207001055,0,0.0242065774622373,NaN,0.433333333333333,-0.00107241836438726,0.138888888888889,0.00710735991884662,0.0291331457896218,0.0291331457896218,NaN,0.3,400,96,592,592,394,198,231,49,82,40,6579,7,119,119,119,119,106,106,106,106,106,0,30
LIRCMOP7_BC,1,ref_tau,177,102,1,0.34,102,0,0.000726968541409036,0.00255394438487954,102,30,3,0.00533947547505627,125.490196078431,0.227514196764544,0.374714234299961,0,0.660064543942258,0.176470588235294,0.227512320967731,0.383781903091184,zero,30,0,30,0,0.294117647058824,0.00200012671871467,0.00265515943622488,0,0.00414639987046031,NaN,0.6,0.0142702432633905,0,0.0039635610827684,0.00705089817356462,0.00705089817356462,NaN,0,400,106,612,612,403,209,249,47,81,37,8319,4,110,110,110,107,102,102,102,102,102,0,30
LIRCMOP7_BC,1,ref_tau,178,69,1,0.23,69,0,0.0006247931904918,0.00244564440756233,69,30,3,0.00361199811547924,185.507246376812,0.229591903782203,0.374714234299961,0,0.550458120149476,0.202898550724638,0.273371676831967,1.32528366661965,zero,30,0,30,4,0.434782608695652,0.000916828967022894,0.00194572296074192,0,0.00221031240188839,NaN,0.933333333333333,0.0618931837639898,0.0869565217391304,0.011498312129137,0.0211663670009784,0.0211663670009784,NaN,0.133333333333333,400,102,604,604,406,198,252,38,64,28,12602,14,83,83,83,83,69,69,69,69,69,0,30
LIRCMOP7_BC,1,ref_tau,179,82,1,0.28,82,0,0.000525194740881266,0.00217992952421126,82,30,3,0.00429251949955504,156.09756097561,0.229444034937082,0.395070429234019,0,0.797748750354109,0.182926829268293,0.3182168482073,0.522704062093321,zero,30,0,30,1,0.365853658536585,0.00192253237910755,0.00332083383625708,0,0.00466845671003206,NaN,0.666666666666667,0.0355612657840359,0.0714285714285714,0.00548710383498479,0.00844266798316525,0.00844266798316525,NaN,0.0333333333333333,400,69,538,538,378,160,201,42,77,33,5065,4,99,99,99,96,82,82,82,82,82,0,30
LIRCMOP7_BC,1,ref_tau,180,85,1,0.3,85,0,0.000635353135717039,0.00253148001004302,85,30,3,0.00444956289588023,150.588235294118,0.234878720920482,0.390220851408939,0,0.925330399418039,0.235294117647059,0.287591531442319,0.487978323600492,zero,30,0,30,3,0.352941176470588,0.000745711085581804,0.00209939284220916,0,0.00528944768445668,NaN,0.8,0.112252834984561,0.0666666666666667,0.00832907770431385,0.0106882403446311,0.0106882403446311,NaN,0.1,400,82,564,564,404,160,198,43,73,34,5845,5,98,98,98,97,85,85,85,85,85,0,30
LIRCMOP7_BC,1,ref_tau,181,92,1,0.31,92,0,0.00061287354640089,0.00218143379694301,92,30,3,0.00481599748730566,139.130434782609,0.234878720920482,0.393175692451493,-0,0.797748750354109,0.16304347826087,0.279495183941666,0.291537194844763,zero,30,0,30,1,0.326086956521739,0.000560310349847098,0.00142133581509304,0,0.00151733682688106,NaN,0.166666666666667,-0.0138878763162771,0.0645161290322581,0.00654275601894778,0.0086331601674185,0.0086331601674185,NaN,0.0333333333333333,400,85,570,570,389,181,228,46,75,36,6615,9,105,105,105,105,92,92,92,92,92,0,30
LIRCMOP7_BC,1,ref_tau,182,85,1,0.29,85,0,0.000612777093357602,0.00249573921757912,85,30,3,0.00444956289588023,150.588235294118,0.229444034937082,0.391960091125412,0.0108471283320466,0.925330399418039,0.247058823529412,0.240615120219607,0.264027475623792,zero,30,0,30,0,0.352941176470588,0.00031071118927106,0.000653392901212759,0,0.00176609632398226,NaN,0.8,0.0764813600390278,0,0.00689429016878859,0.00849054161372211,0.00849054161372211,NaN,0,400,92,584,584,401,183,211,45,74,33,7149,6,99,99,99,99,85,85,85,85,85,0,30
LIRCMOP7_BC,1,ref_tau,183,82,1,0.28,82,0,0.000528961547614937,0.00202357516964678,82,30,3,0.00429251949955504,156.09756097561,0.223990601234327,0.390220851408939,0,0.797748750354109,0.182926829268293,0.268481211765329,0.226540848855024,zero,30,0,30,5,0.365853658536585,0.000271963090367452,0.00177266494063157,0,0.00197008839242412,NaN,0.866666666666667,0.101695593158652,0.142857142857143,0.00459693420845336,0.00623181280983063,0.00623181280983063,NaN,0.166666666666667,400,85,570,570,366,204,232,46,76,34,7760,18,102,102,102,102,82,82,82,82,82,0,30
LIRCMOP7_BC,1,ref_tau,184,83,1,0.28,83,0,0.000583648691633178,0.00257449075154644,83,30,3,0.00434486729833011,154.21686746988,0.229444034937082,0.390220851408939,0,0.550458120149476,0.192771084337349,0.265671079270508,0.230282347363118,zero,30,0,30,2,0.36144578313253,0.000633955997286278,0.0026976621203939,0,0.00410616166230655,NaN,0.933333333333333,0.0569457037152274,0.142857142857143,0.00504734703889094,0.00871755221251102,0.00871755221251102,NaN,0.0666666666666667,400,82,564,564,372,192,214,48,72,33,8263,14,96,96,96,96,83,83,83,83,83,0,30
LIRCMOP7_BC,1,ref_tau,185,71,1,0.24,71,0,0.000703782157385945,0.00378785037637921,71,30,3,0.00371669371302937,180.281690140845,0.236571450761121,0.374714234299961,0,0.550458120149476,0.126760563380282,0.30803253769906,0.501845504645045,zero,30,0,30,5,0.422535211267606,0.00113549809977788,0.00482567710842881,0,0.00522202764671663,NaN,0.7,0.0220154683575787,0.0833333333333333,0.00497394995458651,0.00886477296581064,0.00886477296581064,NaN,0.166666666666667,400,83,566,566,378,188,238,44,60,25,11701,16,75,75,75,75,71,71,71,71,71,0,30
LIRCMOP7_BC,1,ref_tau,186,85,1,0.29,85,0,0.00127282598040276,0.00523333377324586,85,30,3,0.00444956289588023,150.588235294118,0.254486686921726,0.377214275738932,0,1,0.2,0.280362995752624,0.597548330484374,zero,30,0,30,9,0.352941176470588,0.000607311938914899,0.00116782431948676,0,0.00740956775621333,NaN,0.666666666666667,0.0446220368541911,0.103448275862069,0.00728880555534469,0.0152948678022211,0.0152948678022211,NaN,0.3,400,71,542,542,366,176,194,45,70,30,6013,5,88,88,88,85,85,85,85,85,85,0,30
LIRCMOP7_BC,1,ref_tau,187,66,1,0.22,66,0,0.000673276890741666,0.0032154200130773,66,30,3,0.00345495471915406,193.939393939394,0.254486686921726,0.377214275738932,0,0.797748750354109,0.181818181818182,0.35966293117664,0.670838348941725,zero,30,0,30,5,0.454545454545455,0.00341430008012941,0.00841893811326844,0,0.00908869386698673,NaN,0.5,0.0249513032634004,0.0909090909090909,0.0110549160817655,0.01382993506547,0.01382993506547,NaN,0.166666666666667,400,85,570,570,374,196,219,40,62,26,10262,5,75,75,75,72,66,66,66,66,66,0,30
LIRCMOP7_BC,1,ref_tau,188,84,1,0.28,84,0,0.000845150663674629,0.00276493963790339,84,30,3,0.00439721509710517,152.380952380952,0.282618803466485,0.377214275738932,0,0.884487750702462,0.214285714285714,0.339516925394635,0.641038049979558,zero,30,0,30,7,0.357142857142857,0.00101740858899995,0.00458189594142553,0,0.00872656719682677,NaN,0.533333333333333,0.088356332284968,0.0714285714285714,0.0102959419153163,0.0204413562576331,0.0204413562576331,NaN,0.233333333333333,400,66,532,532,344,188,229,44,68,29,7509,6,84,84,84,84,84,84,84,84,84,0,30
LIRCMOP7_BC,1,ref_tau,189,82,1,0.28,82,0,0.00090211662763241,0.00365413592554115,82,30,3,0.00429251949955504,156.09756097561,0.266829192363002,0.436501677675804,0,1,0.207317073170732,0.364516637990921,0.799270374191284,zero,30,0,30,3,0.365853658536585,0.00181410214372132,0.00300825302529418,0,0.0106931354646795,NaN,0.666666666666667,0.0631208585210652,0.0714285714285714,0.0123237234387084,0.0233901739018229,0.0233901739018229,NaN,0.1,400,84,568,568,369,199,202,42,70,30,8405,12,84,84,84,84,82,82,82,82,82,0,30
LIRCMOP7_BC,1,ref_tau,190,78,1,0.26,78,0,0.00105381338849224,0.00342418886222492,78,30,3,0.0040831283044548,164.102564102564,0.265860011595087,0.436501677675804,0,0.566893069271966,0.192307692307692,0.366011369582834,0.557596595213769,zero,30,0,30,7,0.384615384615385,0.00149251911129582,0.00201930048452767,0,0.00688779944131783,NaN,0.8,0.052745326383584,0.0769230769230769,0.00902852690953922,0.0182308807783572,0.0182308807783572,NaN,0.233333333333333,400,82,564,564,383,181,227,41,66,28,8926,8,78,78,78,78,78,78,78,78,78,0,30
LIRCMOP7_BC,1,ref_tau,191,87,1,0.3,87,0,0.00120802629085276,0.00445963985260607,87,30,3,0.00455425849343035,147.126436781609,0.252934653614125,0.387619536274938,0,0.797748750354109,0.218390804597701,0.343934412375921,0.806149613914403,zero,30,0,30,4,0.344827586206897,0.00147373213282,0.00450495612317012,0,0.0106263084571556,NaN,0.666666666666667,0.0810828142668635,0.133333333333333,0.0107149360769078,0.0234239925358596,0.0234239925358596,NaN,0.133333333333333,400,78,556,556,361,195,228,49,73,35,7353,23,102,102,102,97,87,87,87,87,87,0,30
LIRCMOP7_BC,1,ref_tau,192,84,1,0.28,84,0,0.00111783173621476,0.00256823830384089,84,30,3,0.00439721509710517,152.380952380952,0.237877444090774,0.377214275738932,0,0.797748750354109,0.142857142857143,0.39661889249193,1.47462985686455,zero,30,0,30,15,0.357142857142857,0.00780155833938056,0.0284760039206484,0,0.0284760039206484,NaN,0.166666666666667,-0.0440289744361176,0.142857142857143,0.0131275439161738,0.0311899875026739,0.0311899875026739,NaN,0.5,400,87,574,574,389,185,230,45,67,30,9285,0,90,90,90,90,84,84,84,84,84,0,30
LIRCMOP7_BC,1,ref_tau,193,64,1,0.22,64,0,0.00113950785787057,0.00429196473276618,64,30,3,0.00335025912160394,200,0.252934653614125,0.390837278649565,0,0.0221341748576735,0.046875,0.323830469363161,0.499692162043796,zero,30,0,30,3,0.46875,0.00360079826587204,0.00862336053195704,0,0.00862336053195704,NaN,0.933333333333333,0.0715128591330475,0.0909090909090909,0.00484837293402834,0.00927549142410151,0.00927549142410151,NaN,0.1,400,84,568,568,376,192,239,39,54,22,13413,0,66,66,66,66,64,64,64,64,64,0,30
LIRCMOP7_BC,1,ref_tau,194,59,1,0.2,59,0,0.000872959649108059,0.00375907474991197,59,30,3,0.00308852012772863,216.949152542373,0.286845429418035,0.377214275738932,0,0.566893069271966,0.101694915254237,0.334147653846143,0.612321602554228,zero,21,9,30,5,0.508474576271186,0.001759100806031,0.006112283844348,0,0.006112283844348,NaN,0.9,0.100236904583151,0.25,0.00286912189619322,0.0062401381803965,0.00599885746066223,0.00624309055788531,0.166666666666667,400,64,528,528,350,178,223,42,55,22,10924,8,63,63,63,63,59,59,59,59,59,0,30
LIRCMOP7_BC,1,ref_tau,195,77,1,0.26,77,0,0.00111952697362562,0.00380227888786588,77,30,3,0.00403078050567974,166.233766233766,0.286845429418035,0.377623791543888,0,0.686556865796985,0.116883116883117,0.317570680093545,0.518443795780347,zero,29,1,30,4,0.38961038961039,0.00358784171671291,0.00618297132564641,0,0.00637254282158612,NaN,1,0.0821644741575747,0.115384615384615,0.00435388721222619,0.009946149027495,0.00997394907644918,0.0038175071594199,0.133333333333333,400,59,518,518,376,142,186,46,64,30,5207,2,82,82,82,82,77,77,77,77,77,0,30
LIRCMOP7_BC,1,ref_tau,196,65,1,0.22,65,0,0.000946265799837209,0.00279830054424286,65,30,3,0.003402606920379,196.923076923077,0.287785835198647,0.398025637164726,0,0.143484399856951,0.0923076923076923,0.283089651335128,0.68164443942199,zero,25,5,30,0,0.461538461538462,0.00340634703604435,0.00622261855888155,0,0.00635050851796875,NaN,0.933333333333333,0.0872733461666693,0,0.00604746204865862,0.0116576386837271,0.0117232491143141,0.00771671728031508,0,400,77,554,554,390,164,244,48,55,26,8839,4,72,72,72,72,65,65,65,65,65,0,30
LIRCMOP7_BC,1,ref_tau,197,63,1,0.21,63,0,0.00104461567210273,0.00244775587817946,63,30,3,0.00329791132282887,203.174603174603,0.287785835198647,0.424748865060826,0,0.544773783197653,0.142857142857143,0.23379491441446,1.02102042641069,zero,21,9,30,2,0.476190476190476,0.00134088578135367,0.00325010472517328,0,0.0102143168169776,NaN,0.9,0.0921806172237985,0.19047619047619,0.00652210486480516,0.0153595684902912,0.0156227693840297,0.0123072484573333,0.0666666666666667,400,65,530,530,381,149,206,45,56,24,7707,4,66,66,66,66,63,63,63,63,63,0,30
LIRCMOP7_BC,1,ref_tau,198,48,1,0.16,48,0,0.000710426860914563,0.00275711742504921,48,30,3,0.00251269434120295,266.666666666667,0.242159456222404,0.374714234299961,0,0.320286331933416,0.0625,0.250112948495245,1.0591825772641,zero,15,15,30,7,0.625,0.0010314384196524,0.00217115859919053,0,0.00976955233981784,NaN,1,0.0651764212977574,0.625,0.00522613656606863,0.0147922913490787,0.0147707379793349,0.0151632946743758,0.233333333333333,400,63,526,526,381,145,217,43,44,19,10005,7,51,51,51,51,48,48,48,48,48,0,30
LIRCMOP7_BC,1,ref_tau,199,36,1,0.12,36,0,0.000477001925876165,0.00238036392350306,36,30,3,0.00188452075590221,355.555555555556,0.222345113354604,0.374714234299961,0,0,0,0.267552145176354,0.642885218822996,zero,10,20,30,5,0.833333333333333,0.0044241521899727,0.0110291824495797,0,0.0111388744105939,NaN,0.866666666666667,0.0390903034795521,0.416666666666667,0.0069356464266403,0.012391539358086,0.00741189423346398,0.0124691613749351,0.166666666666667,400,48,496,496,365,131,199,40,31,16,10527,9,45,45,45,45,36,36,36,36,36,0,30
LIRCMOP7_BC,1,ref_tau,200,33,1,0.11,33,0,0.000322166830538205,0.00201075538112511,33,30,3,0.00172747735957703,387.878787878788,0.204609314402278,0.341063801381588,0,0,0,0.181842358361766,0.382212317952234,zero,11,19,30,8,0.909090909090909,0.00198441223050496,0.00444414338706439,0,0.00446611921973582,NaN,1,0.0666087852028233,0.454545454545455,0.00240536249269244,0.00465591811135432,0.00246200568218662,0.00493864316122482,0.266666666666667,400,36,472,472,355,117,162,34,27,15,7544,4,42,42,42,42,33,33,33,33,33,0,30
LIRCMOP7_BC,1,ref_tau,201,54,1,0.19,54,0,0.0014555377304039,0.00684083921906912,54,30,3,0.00282678113385332,237.037037037037,0.28022212609533,0.400273837904679,0,0.660996692082808,0.166666666666667,0.378410855200756,1.14395665521927,zero,20,10,30,10,0.555555555555556,0.00771351873044254,0.0198838142886693,0,0.0198838142886693,NaN,1,0.0361036454660515,0.315789473684211,0.00996804614609195,0.0208756752992489,0.0226134758953716,0.0191003573385464,0.333333333333333,400,33,466,466,344,122,165,37,41,20,6775,1,59,59,59,58,54,54,54,54,54,0,30
LIRCMOP7_BC,1,ref_tau,202,42,1,0.14,42,0,0.000562279062236414,0.00258822754026864,42,30,3,0.00219860754855258,304.761904761905,0.237784359744707,0.560437984764488,0,0.373387396718648,0.0238095238095238,0.407118291454917,1.84647659652827,zero,14,16,30,0,0.714285714285714,0.00408621858859795,0.00824683208284584,0,0.0270504200894126,NaN,0.866666666666667,0.0398543813463624,0,0.0104067530528673,0.027086795354327,0.0253860908471894,0.0272233863137807,0,400,54,508,508,352,156,162,30,41,17,9372,6,50,50,50,50,42,42,42,42,42,0,30
LIRCMOP7_BC,1,ref_tau,203,46,1,0.16,46,0,0.0005777459919613,0.00288477452134782,46,30,3,0.00240799874365283,278.260869565217,0.270959405087137,0.560437984764488,0,0.350341584791419,0.0217391304347826,0.4294610478841,0.657782426573021,zero,14,16,30,9,0.652173913043478,0.0119160642954664,0.0130137288286092,0,0.0130555014819906,NaN,0.566666666666667,0.00550430032062438,0.375,0.0127792373196463,0.0147042940417439,0.0147565886615748,0.0146321433504343,0.3,400,42,484,484,336,148,160,33,44,19,9132,2,54,54,54,54,46,46,46,46,46,0,30
LIRCMOP7_BC,1,ref_tau,204,48,1,0.16,48,0,0.000483138637900694,0.00225599990778193,48,30,3,0.00251269434120295,266.666666666667,0.237784359744707,0.497488513117071,0,0.544773783197653,0.0625,0.417166077566232,1.36978102649194,zero,16,14,30,0,0.625,0.002860456841198,0.00540938159505617,0,0.0129434374120331,NaN,0.966666666666667,0.0394117259519477,0,0.00634502430066352,0.0191238292687784,0.018162308892689,0.019966813108832,0,400,46,492,492,366,126,193,35,45,19,8674,0,56,56,56,56,48,48,48,48,48,0,30
LIRCMOP7_BC,1,ref_tau,205,31,1,0.11,31,0,0.000285649755865602,0.00240018302444197,31,30,3,0.00162278176202691,400,0.153556962320239,0.373051362836673,0,0,0,0.246208411452129,0.301987711589883,zero,13,17,30,5,0.967741935483871,0.00208961312307,0.00357658236069091,0,0.00502970081025463,NaN,1,0.0426016774960258,0.272727272727273,0.00381988183957182,0.00821336328379397,0.00878983906209735,0.00596776678437063,0.166666666666667,400,48,496,496,366,130,181,33,40,17,8343,9,51,51,51,48,31,31,31,31,31,0,30
LIRCMOP7_BC,1,ref_tau,206,38,1,0.13,38,0,0.000905370305950426,0.00519740525096416,38,30,3,0.00198921635345234,336.842105263158,0.204609314402278,0.49978658852476,0,0.373387396718648,0.0263157894736842,0.425584024589812,1.27346398911557,zero,18,12,30,4,0.789473684210526,0.0153259483557543,0.0284959599346313,0,0.0284959599346313,NaN,0.6,0.00483848894883686,0.307692307692308,0.0154645285628246,0.0288055219422766,0.0297223720952081,0.0251345522177174,0.133333333333333,400,31,462,462,328,134,190,40,34,16,9054,0,47,47,47,46,38,38,38,38,38,0,30
LIRCMOP7_BC,1,ref_tau,207,42,1,0.14,42,0,0.000793491117769279,0.00492074527160128,42,30,3,0.00219860754855258,304.761904761905,0.271338147864893,0.544664942506505,0,0.446824603793854,0.0714285714285714,0.697975352425439,2.61497504430828,zero,20,10,30,6,0.714285714285714,0.0146398469961167,0.0416576851924191,0,0.0416576851924191,NaN,0.433333333333333,-0.011962701961705,0.142857142857143,0.0184563803959567,0.0451741494462217,0.046067229267318,0.0434905478024123,0.2,400,38,476,476,351,125,186,38,37,17,7063,4,51,51,51,51,42,42,42,42,42,0,30
LIRCMOP7_BC,1,ref_tau,208,47,1,0.17,47,0,0.000744846737511637,0.00514780913278187,47,30,3,0.00246034654242789,272.340425531915,0.286845429418035,0.464862989896752,0,0,0,0.404049779177419,0.823908183143527,zero,23,7,30,7,0.638297872340426,0.00319881252170912,0.00670575483890472,0,0.0105109864027838,NaN,1,0.0546925970468859,0.176470588235294,0.00867104018473813,0.0127514196057131,0.011974896615638,0.0134288427205987,0.233333333333333,400,42,484,484,352,132,179,43,44,21,5852,7,63,63,63,60,47,47,47,47,47,0,30
LIRCMOP7_BC,1,ref_tau,209,45,1,0.15,45,0,0.00095480384363424,0.00451057732905317,45,30,3,0.00235565094487777,284.444444444444,0.308095784335152,0.464862989896752,0,0.423599701953033,0.0888888888888889,0.446352167974311,1.61405757402704,zero,18,12,30,11,0.666666666666667,0.00495979141630797,0.0205827463805708,0,0.0214437137865855,NaN,0.9,0.0494280153753925,0.666666666666667,0.00622624995666048,0.0265921573414865,0.0267307388388853,0.0231253488110572,0.366666666666667,400,47,494,494,350,144,205,46,40,19,7366,19,54,54,54,54,45,45,45,45,45,0,30
LIRCMOP7_BC,1,ref_tau,210,45,1,0.15,45,0,0.00121875004059302,0.00592194218953068,45,30,3,0.00235565094487777,284.444444444444,0.286845429418035,0.464862989896752,0,0.544773783197653,0.177777777777778,0.519183098240637,0.867811306357372,zero,15,15,30,10,0.666666666666667,0.00735297823548693,0.0101775202154153,0,0.01098484721926,NaN,0.533333333333333,0.00938413650442307,0.666666666666667,0.00996344496844277,0.0136160528827748,0.0141260159529393,0.0131725370896883,0.333333333333333,400,45,490,490,362,128,188,44,37,18,7962,13,51,51,51,51,45,45,45,45,45,0,30
LIRCMOP7_BC,1,ref_tau,211,54,1,0.18,54,0,0.00249392717425947,0.00889922576876373,54,30,3,0.00282678113385332,237.037037037037,0.29090046996738,0.432501622627557,-0,0.423599701953033,0.12962962962963,0.493502268248412,0.497467428713945,zero,23,7,30,10,0.555555555555556,0.00347695045272194,0.00923747894306228,0,0.00923747894306228,NaN,0.5,-0.00806745464639998,0.444444444444444,0.00804233841269167,0.011982878417556,0.0118822379073932,0.0121143158141926,0.333333333333333,400,45,490,490,346,144,200,43,42,20,6578,22,54,54,54,54,54,54,54,54,54,0,30
LIRCMOP7_BC,1,ref_tau,212,45,1,0.15,45,0,0.000919672183363081,0.00408970170065341,45,30,3,0.00235565094487777,284.444444444444,0.286845429418035,0.45560312226928,0,0.394799185292439,0.155555555555556,0.391362139868227,1.25008981521952,zero,14,16,30,2,0.666666666666667,0.00540638867916878,0.00996871588228975,0,0.0186264178357052,NaN,0.5,0.000481444292706593,0.266666666666667,0.0123139966365407,0.0191680741450616,0.0191104179902472,0.0203924698430722,0.0666666666666667,400,54,508,508,345,163,200,45,40,20,8155,30,54,54,54,54,45,45,45,45,45,0,30
LIRCMOP7_BC,1,ref_tau,213,50,1,0.17,50,0,0.000838182013924356,0.00444843714909801,50,30,3,0.00261738993875308,256,0.262840987719327,0.45560312226928,0,0.217801889563687,0.12,0.42411474877826,1.05044789952735,zero,15,15,30,3,0.6,0.00544090375453245,0.0101398488191262,0,0.0101583773455682,NaN,0.433333333333333,-0.0204667963457504,0.294117647058824,0.00837199527413054,0.0102459833513487,0.00920667878250709,0.0126898984842584,0.1,400,45,490,490,348,142,199,51,39,20,6607,5,57,57,57,55,50,50,50,50,50,0,30
LIRCMOP7_BC,1,ref_tau,214,42,1,0.14,42,0,0.000964545182727399,0.00417455367963516,42,30,3,0.00219860754855258,304.761904761905,0.297744631788525,0.45560312226928,0,0.203868853387844,0.142857142857143,0.411672439095927,0.936168992124179,zero,12,18,30,6,0.714285714285714,0.00306329535196051,0.003857578523665,0,0.0125970171287895,NaN,0.533333333333333,0.0045221929125021,0.357142857142857,0.0100859205607025,0.0147252819306449,0.015032478022999,0.0139578055998021,0.2,400,50,500,500,364,136,200,49,30,15,8536,0,45,45,45,45,42,42,42,42,42,0,30
LIRCMOP7_BC,1,ref_tau,215,47,1,0.17,47,0,0.00131117057646256,0.00646795529751707,47,30,3,0.00246034654242789,272.340425531915,0.287567817346318,0.45560312226928,0,0.203868853387844,0.127659574468085,0.474370653485711,0.999105763331714,zero,15,15,30,4,0.638297872340426,0.00669624007629152,0.0156363393025144,0,0.0162269345559604,NaN,0.833333333333333,0.00642981818303093,0.411764705882353,0.0098585267380529,0.0163293863467671,0.0163293863467671,0.0163293863467671,0.133333333333333,400,42,484,484,334,150,200,50,35,17,7062,2,51,51,51,51,47,47,47,47,47,0,30
LIRCMOP7_BC,1,ref_tau,216,59,1,0.2,59,0,0.00108444264680474,0.00556888878274923,59,30,3,0.00308852012772863,216.949152542373,0.308095784335152,0.45560312226928,0,0.722895885993441,0.186440677966102,0.568386152350265,1.23325996768256,zero,18,12,30,6,0.508474576271186,0.00508786827464519,0.0177647199540653,0,0.0184116011353819,NaN,0.7,0.0284156435553611,0.35,0.0084660771525424,0.0185048839373647,0.0152529952462381,0.0241856163331627,0.2,400,47,494,494,338,156,211,56,42,21,5749,4,63,63,63,63,59,59,59,59,59,0,30
LIRCMOP7_BC,1,ref_tau,217,47,1,0.16,47,0,0.00111276652398379,0.00601571616160335,47,30,3,0.00246034654242789,272.340425531915,0.291113127727006,0.548942367756424,0,1,0.191489361702128,0.526054364758639,2.22080960870999,zero,18,12,30,7,0.638297872340426,0.004039174915512,0.0264401422644704,0,0.0264401422644704,NaN,0.333333333333333,-0.049094625912609,0.5,0.00634857349005015,0.0265494770487872,0.0184444421085401,0.0334605660844162,0.233333333333333,400,59,518,518,364,154,169,46,44,21,6405,14,51,51,51,51,47,47,47,47,47,0,30
LIRCMOP7_BC,1,ref_tau,218,63,1,0.21,63,0,0.00128418008206427,0.00537855901273963,63,30,3,0.00329791132282887,203.174603174603,0.263089319129089,0.474270971366709,-0,1,0.19047619047619,0.341587362365789,0.653773981517691,zero,20,10,30,5,0.476190476190476,0.00326550045645741,0.00857755552188662,0,0.00857755552188662,NaN,0.333333333333333,-0.0499782958414945,0.238095238095238,0.00558006921588881,0.00875556269619237,0.00748839115841515,0.00920397984279233,0.166666666666667,400,47,494,494,342,152,188,54,43,22,4837,3,66,66,66,66,63,63,63,63,63,0,30
LIRCMOP7_BC,1,ref_tau,219,58,1,0.2,58,0,0.00130535656351797,0.00651203710032736,58,30,3,0.00303617232895357,220.689655172414,0.308095784335152,0.615535289095425,-0,1,0.155172413793103,0.606189720211896,2.70333721143382,zero,21,9,30,5,0.517241379310345,0.0192501777891162,0.0420112614267429,0,0.0427853032758353,NaN,0.233333333333333,-0.0632280510235056,0.3,0.0193196698135805,0.0430878168953737,0.0398702470543856,0.0535164428332737,0.166666666666667,400,63,526,526,363,163,224,55,43,23,6719,6,69,69,69,66,58,58,58,58,58,0,30
LIRCMOP7_BC,1,ref_tau,220,54,1,0.18,54,0,0.0012459604401955,0.00283351122673028,54,30,3,0.00282678113385332,237.037037037037,0.317621031782445,0.652877407843077,0,1,0.111111111111111,0.520814787732107,1.8384108756891,zero,19,11,30,5,0.555555555555556,0.00372036416192186,0.00921946177055744,0,0.0271311987575095,NaN,0.866666666666667,0.119018981786087,0.222222222222222,0.0177402235522,0.0276271068528319,0.0275462899680759,0.0278816549425873,0.166666666666667,400,58,516,516,351,165,202,52,41,20,6351,4,60,60,60,60,54,54,54,54,54,0,30
LIRCMOP7_BC,1,ref_tau,221,60,1,0.2,60,0,0.00146551749502853,0.00566986195678702,60,30,3,0.00314086792650369,213.333333333333,0.317621031782445,0.617099909949154,0,1,0.15,0.475282517581983,2.04316416096392,zero,20,10,30,5,0.5,0.0103564269698492,0.0327999072844871,0,0.0327999072844871,NaN,0.333333333333333,-0.101707794389028,0.3,0.01056320045262,0.0331655796395679,0.0303259278622709,0.0335628674977704,0.166666666666667,400,54,508,508,361,147,199,58,42,22,6191,0,66,66,66,66,60,60,60,60,60,0,30
LIRCMOP7_BC,1,ref_tau,222,78,1,0.26,78,0,0.00177690741718557,0.00738040095442974,78,30,3,0.0040831283044548,164.102564102564,0.292895961294965,0.544866016936904,0.328989330151201,1,0.307692307692308,0.907634851453179,3.04816104818583,zero,24,6,30,12,0.384615384615385,0.0107924073322413,0.0380472113195105,0,0.0401725051143657,NaN,0.833333333333333,0.231371124704702,0.230769230769231,0.016601150618021,0.040315251074418,0.0326735593188389,0.0554175540280292,0.4,400,60,520,520,353,167,199,55,51,27,5197,4,81,81,81,81,78,78,78,78,78,0,30
LIRCMOP7_BC,1,ref_tau,223,72,1,0.24,72,0,0.00206572886381068,0.00789023925394148,72,30,3,0.00376904151180443,177.777777777778,0.26897552657971,0.459691992003776,0.296078645303202,1,0.333333333333333,0.428706015963604,1.48286143682423,zero,21,9,30,4,0.416666666666667,0.00816644502928886,0.0186275170847186,0,0.0199822579559331,NaN,0.266666666666667,-0.185117290899685,0.166666666666667,0.00854011305453864,0.020176821246655,0.0123806118212728,0.0299229177569787,0.133333333333333,400,78,556,556,382,174,232,58,47,26,6830,3,78,78,78,78,72,72,72,72,72,0,30
LIRCMOP7_BC,1,ref_tau,224,67,1,0.23,67,0,0.00173073249531411,0.00596452075602013,67,30,3,0.00350730251792912,191.044776119403,0.291848153977418,0.459691992003776,-0,1,0.194029850746269,0.526112343167507,1.7069797770309,zero,20,10,30,4,0.447761194029851,0.00500597974641452,0.0109072692797946,0,0.0248484835618757,NaN,0.333333333333333,-0.0313174417941035,0.347826086956522,0.0124991774753843,0.0252237807340894,0.0241946316007704,0.0258662325863354,0.133333333333333,400,72,544,544,363,181,213,58,48,26,7057,2,75,75,75,72,67,67,67,67,67,0,30
LIRCMOP7_BC,1,ref_tau,225,80,1,0.27,80,0,0.00208870139953392,0.00750450880229656,80,30,3,0.00418782390200492,160,0.292777779494274,0.548942367756424,0.289851808385814,1,0.2625,0.593803724611799,1.19573770706939,zero,23,7,30,3,0.375,0.00504707419640337,0.0109079294784226,0,0.0185861985548821,NaN,0.766666666666667,0.0718466853193114,0.0740740740740741,0.0138555459446644,0.0190839788744112,0.0185036288205187,0.020378649573697,0.1,400,67,534,534,359,175,202,56,58,31,5053,16,84,84,84,84,80,80,80,80,80,0,30
LIRCMOP7_BC,1,ref_tau,226,54,1,0.18,54,0,0.00140414598656746,0.00601431330305653,54,30,3,0.00282678113385332,237.037037037037,0.363634209471024,0.557104208204368,0,1,0.166666666666667,0.59163154209937,2.55367182204072,zero,20,10,30,2,0.555555555555556,0.0154054116770995,0.0366149996274295,0,0.0374256693169679,NaN,0.4,-0.0333557115997228,0.111111111111111,0.0166536947929951,0.0379016639653261,0.0318289137183727,0.0466729963957941,0.0666666666666667,400,80,560,560,385,175,221,51,41,21,9609,0,63,63,63,60,54,54,54,54,54,0,30
LIRCMOP7_BC,1,ref_tau,227,45,1,0.15,45,0,0.00108430898933289,0.00617307456159533,45,30,3,0.00235565094487777,284.444444444444,0.371835081717572,0.45560312226928,0,0.868322014197933,0.0666666666666667,0.422663832016698,4.18288902620187,zero,22,8,30,8,0.666666666666667,0.00590346001451534,0.0479628892022377,0,0.0484536393666428,NaN,0.933333333333333,0.0867631554477968,0.2,0.0101817240219115,0.0500461483917435,0.0489620947133328,0.0482915088313169,0.266666666666667,400,54,508,508,347,161,194,55,46,23,6506,14,60,60,60,54,45,45,45,45,45,0,30
LIRCMOP7_BC,1,ref_tau,228,70,1,0.24,70,0,0.0021837106830016,0.00890236949580694,70,30,3,0.00366434591425431,182.857142857143,0.325553031369669,0.457647557136528,0,1,0.185714285714286,0.469267543038815,2.88937792873174,zero,23,7,30,10,0.428571428571429,0.0249284265928228,0.0467869936904998,0,0.0475092411875212,NaN,0.933333333333333,0.0911489294828877,0.208333333333333,0.0256397491271847,0.0477264480809579,0.046981213709987,0.0569169301087048,0.333333333333333,400,45,490,490,357,133,195,58,49,26,4122,8,75,75,75,75,70,70,70,70,70,0,30
LIRCMOP7_BC,1,ref_tau,229,66,1,0.22,66,0,0.00155186874396482,0.0092674313129707,66,30,3,0.00345495471915406,193.939393939394,0.363155332494121,0.459691992003776,0.530504391062315,0.868322014197933,0.257575757575758,0.425629773438358,1.41631827483164,zero,23,7,30,7,0.454545454545455,0.0113003514654398,0.0236413951281615,0,0.0236413951281615,NaN,0.933333333333333,0.110899979286423,0.227272727272727,0.011463763380239,0.0239158193632192,0.0185271751535103,0.0285046625068423,0.233333333333333,400,70,540,540,377,163,212,54,46,23,6348,9,69,69,69,69,66,66,66,66,66,0,30
LIRCMOP7_BC,1,ref_tau,230,69,1,0.23,69,0,0.00157528945757396,0.00639750659698956,69,30,3,0.00361199811547924,185.507246376812,0.36050422288779,0.479807331844043,0,1,0.202898550724638,0.419106794099294,0.836495342521666,zero,23,7,30,1,0.434782608695652,0.00154247276994624,0.0125145162471637,0,0.0125145162471637,NaN,0.966666666666667,0.11709301987018,0.0869565217391304,0.00620383291601971,0.0127186166896692,0.00892475043594022,0.0149315341523798,0.0333333333333333,400,66,532,532,371,161,241,59,52,27,5831,9,75,75,75,75,69,69,69,69,69,0,30
LIRCMOP7_BC,1,ref_tau,231,56,1,0.19,56,0,0.0011958584772871,0.0071995617144911,56,30,3,0.00293147673140344,228.571428571429,0.36050422288779,0.473743359703177,0,1,0.0892857142857143,0.39896063644299,0.563433889089608,zero,25,5,30,6,0.535714285714286,0.0029211594022808,0.00868146306162776,0,0.009935928168962,NaN,0.933333333333333,0.135635717886648,0.263157894736842,0.00407311941616555,0.0101999598654556,0.00768969238081116,0.0113069124243423,0.2,400,69,538,538,376,162,230,59,46,22,6387,19,66,66,66,66,56,56,56,56,56,0,30
LIRCMOP7_BC,1,ref_tau,232,72,1,0.24,72,0,0.00173391820376859,0.00750508266599217,72,30,3,0.00376904151180443,177.777777777778,0.361829777690955,0.461045193499449,0,1,0.166666666666667,0.352192547836843,1.37642170020936,zero,23,7,30,10,0.416666666666667,0.0137059308281819,0.0187457498934046,0,0.0187457498934046,NaN,0.8,0.0828513571470442,0.25,0.0157544170426484,0.0204266777390437,0.0201853703103379,0.027002120683818,0.333333333333333,400,56,512,512,365,147,201,61,49,26,4928,10,78,78,78,78,72,72,72,72,72,0,30
LIRCMOP7_BC,1,ref_tau,233,70,1,0.24,70,0,0.00171478000431225,0.00730138431091637,70,30,3,0.00366434591425431,182.857142857143,0.361829777690955,0.464673240986229,-0,1,0.2,0.359018754343099,0.824857767585219,zero,24,6,30,8,0.428571428571429,0.00314562353443935,0.0126939507588773,0,0.0128719643689124,NaN,0.333333333333333,-0.0615922427538654,0.166666666666667,0.00738691824234898,0.0130926679192951,0.0113647411172409,0.0170955754215984,0.266666666666667,400,72,544,544,381,163,210,56,54,28,5945,7,75,75,75,75,70,70,70,70,70,0,30
LIRCMOP7_BC,1,ref_tau,234,82,1,0.28,82,0,0.00185342896032852,0.00872522652698633,82,30,3,0.00429251949955504,156.09756097561,0.348766966563428,0.446411195758252,0,1,0.24390243902439,0.460552112601993,1.12716056920976,zero,24,6,30,8,0.365853658536585,0.00547660216431431,0.0122509542040129,0,0.014481012172709,NaN,0.933333333333333,0.0117066519255704,0.0714285714285714,0.0142042497991201,0.0159374981085281,0.0156781753204486,0.0212573925156236,0.266666666666667,400,70,540,540,370,170,207,56,55,31,6183,8,90,90,90,90,82,82,82,82,82,0,30
LIRCMOP7_BC,1,ref_tau,235,86,1,0.29,86,0,0.00179384141843105,0.00533477950546031,86,30,3,0.00450191069465529,148.837209302326,0.338772553284103,0.454289989910562,0,1,0.174418604651163,0.40609429595239,1.24380440056338,zero,26,4,30,4,0.348837209302326,0.0114353682255969,0.0258732208158425,0,0.0275902647866417,NaN,0.9,0.038608179966716,0.137931034482759,0.0118288122894998,0.0280553424649671,0.0267096534822768,0.0286978370721183,0.133333333333333,400,82,564,564,381,183,205,53,58,30,6372,12,90,90,90,90,86,86,86,86,86,0,30
LIRCMOP7_BC,1,ref_tau,236,87,1,0.29,87,0,0.00195108649344719,0.00698115448732755,87,30,3,0.00455425849343035,147.126436781609,0.338772553284103,0.45560312226928,-0,1,0.241379310344828,0.368167425940612,0.596832159086022,zero,28,2,30,4,0.344827586206897,0.00230395031411134,0.00453803043426443,0,0.00581747526708992,NaN,0.666666666666667,0.0183082455423974,0.137931034482759,0.00496381202713502,0.00877943868475901,0.00883509237571509,0.00629141092688472,0.133333333333333,400,86,572,572,364,208,250,52,60,30,7810,44,90,90,90,90,87,87,87,87,87,0,30
LIRCMOP7_BC,1,ref_tau,237,96,1,0.32,96,0,0.0018389992749016,0.005970344339586,96,30,3,0.0050253886824059,133.333333333333,0.338772553284103,0.443297195198146,0,1,0.21875,0.470548980067523,1.94952786099817,zero,30,0,30,6,0.3125,0.00662353846644182,0.0238366910282673,0,0.0247034791964401,NaN,0.7,0.0361528694357371,0.1875,0.0102094846146347,0.0252841773206064,0.0252841773206064,NaN,0.2,400,87,574,574,371,203,220,55,66,34,6224,6,102,102,102,102,96,96,96,96,96,0,30
LIRCMOP7_BC,1,ref_tau,238,99,1,0.33,99,0,0.00257908918383418,0.0085952029262843,99,30,3,0.00518243207873109,129.292929292929,0.338772553284103,0.45560312226928,0.179886194172517,1,0.282828282828283,0.442923622622917,2.04680126694895,zero,28,2,30,6,0.303030303030303,0.0203679129550982,0.0469409846826668,0,0.0478037709118681,NaN,0.9,0.0253653778820764,0.121212121212121,0.0203698060450332,0.0478783867297679,0.0425169577266936,0.0491693442943827,0.2,400,96,592,592,361,231,254,57,64,35,8935,67,105,105,105,102,99,99,99,99,99,0,30
LIRCMOP7_BC,1,ref_tau,239,105,1,0.35,105,0,0.00232054584370588,0.00720426473133968,105,30,3,0.00549651887138146,121.904761904762,0.363155332494121,0.51194336279928,0.043337304293129,1,0.247619047619048,0.460801351007959,1.344952416116,zero,30,0,30,4,0.285714285714286,0.00934106536555949,0.0195451062020653,0,0.0195681016408082,NaN,0.2,-0.0813480462271416,0.0571428571428571,0.00958765332966785,0.0197461251901764,0.0197461251901764,NaN,0.133333333333333,400,99,598,598,352,246,246,59,71,39,8243,8,114,114,114,114,105,105,105,105,105,0,30
LIRCMOP7_BC,1,ref_tau,240,91,1,0.31,91,0,0.00173058395570788,0.00717865336996951,91,30,3,0.0047636496885306,140.659340659341,0.346507901460189,0.498072026770984,0,1,0.21978021978022,0.442261993263003,0.887239465117096,zero,27,3,30,2,0.32967032967033,0.0067249372651069,0.0116077467049613,0,0.0132131100262605,NaN,0.466666666666667,-0.00154459238511184,0.0645161290322581,0.0116717431980804,0.0137436648709056,0.0137976426538461,0.0136073406903316,0.0666666666666667,400,105,610,610,365,245,247,56,62,33,9864,0,99,99,99,99,91,91,91,91,91,0,30
LIRCMOP7_BC,1,ref_tau,241,99,1,0.33,99,0,0.00180696543058662,0.00697683688793654,99,30,3,0.00518243207873109,129.292929292929,0.346507901460189,0.502695805447083,0,1,0.242424242424242,0.477031193979279,1.41680534015416,zero,28,2,30,7,0.303030303030303,0.0133007816612435,0.0291490590492814,0,0.0291490590492814,NaN,0.166666666666667,-0.102739056322422,0.151515151515152,0.0146118665602832,0.0292771044031611,0.0262924549123967,0.0335107691478481,0.233333333333333,400,91,582,582,367,215,233,57,67,37,6691,5,111,111,111,111,99,99,99,99,99,0,30
LIRCMOP7_BC,1,ref_tau,242,99,1,0.33,99,0,0.00203859500835055,0.00789385963944515,99,30,3,0.00518243207873109,129.292929292929,0.307138490740851,0.488824469418787,0,1,0.202020202020202,0.366244217704811,0.578532015813044,zero,28,2,30,3,0.303030303030303,0.000720650905288551,0.00166156102914766,0,0.00500569981978495,NaN,0.233333333333333,-0.0254041195762159,0.181818181818182,0.00723502321908369,0.0100495556522418,0.0100551902876848,0.00945404552044547,0.1,400,99,598,598,375,223,236,53,66,36,8156,32,105,105,105,105,99,99,99,99,99,0,30
LIRCMOP7_BC,1,ref_tau,243,96,1,0.32,96,0,0.00182541786908839,0.00783904963716175,96,30,3,0.0050253886824059,133.333333333333,0.316385226404246,0.452139879272885,0.00107805683874277,1,0.25,0.344429840867831,0.50246325387093,zero,28,2,30,5,0.3125,0.00151170224415605,0.00317634288425781,0,0.00444473341666082,NaN,0.3,-0.00997763661572751,0.15625,0.00693029448272496,0.00839047285482023,0.00832136421358369,0.00872370509009343,0.166666666666667,400,99,598,598,369,229,236,48,64,34,8119,0,102,102,102,102,96,96,96,96,96,0,30
LIRCMOP7_BC,1,ref_tau,244,90,1,0.3,90,0,0.00178421078433104,0.00743452272201153,90,30,3,0.00471130188975554,142.222222222222,0.307138490740851,0.45560312226928,0,1,0.211111111111111,0.331495844255507,0.778794882254629,zero,27,3,30,6,0.333333333333333,0.00158123772419088,0.0060411779087734,0,0.0069595747411511,NaN,0.3,-0.0517666838291299,0.166666666666667,0.00408934875273442,0.00735679831035209,0.00639237543045871,0.0103636811549358,0.2,400,96,592,592,384,208,223,49,62,32,7959,0,96,96,96,96,90,90,90,90,90,0,30
LIRCMOP7_BC,1,ref_tau,245,96,1,0.32,96,0,0.00157832174316397,0.00429673645648547,96,30,3,0.0050253886824059,133.333333333333,0.307138490740851,0.488824469418787,0,1,0.15625,0.507770038657199,1.57724502699273,zero,28,2,30,6,0.3125,0.0165385255049008,0.0238872750179327,0,0.0238872750179327,NaN,0.0666666666666667,-0.0597088854102139,0.0625,0.0200307524132479,0.0243262320443615,0.0244895132788985,0.0238221390035456,0.2,400,90,580,580,371,209,250,51,65,35,7517,0,105,105,105,105,96,96,96,96,96,0,30
LIRCMOP7_BC,1,ref_tau,246,97,1,0.33,97,0,0.00196534988283035,0.00629692825672747,97,30,3,0.00507773648118097,131.958762886598,0.307138490740851,0.533163262901565,0,1,0.206185567010309,0.506755693968478,1.62249295445858,zero,30,0,30,4,0.309278350515464,0.0126131052467484,0.0148913052883037,0,0.0156979716133078,NaN,0.666666666666667,0.0211062711941017,0.0606060606060606,0.0250088464430654,0.0297687860788629,0.0297687860788629,NaN,0.133333333333333,400,96,592,592,368,224,219,55,66,35,7058,30,102,102,102,102,97,97,97,97,97,0,30
LIRCMOP7_BC,1,ref_tau,247,77,1,0.26,77,0,0.00153435250332509,0.00666029719367124,77,30,3,0.00403078050567974,166.233766233766,0.328267351579747,0.51194336279928,-0,1,0.194805194805195,0.490312441563208,1.85641049704395,zero,28,2,30,6,0.38961038961039,0.0200377315688635,0.0435551599175412,0,0.0442279650747913,NaN,0.6,0.00512774618760387,0.153846153846154,0.0237251754911315,0.0446380657148791,0.0416602916602166,0.047064174419217,0.2,400,97,594,594,394,200,212,43,56,28,10238,0,84,84,84,84,77,77,77,77,77,0,30
LIRCMOP7_BC,1,ref_tau,248,97,1,0.33,97,0,0.00187217795069816,0.00664054416400485,97,30,3,0.00507773648118097,131.958762886598,0.267186511833931,0.50067531469328,0,1,0.237113402061856,0.573478565833717,2.27496996959041,zero,30,0,30,17,0.309278350515464,0.00557764098088103,0.00903762309387909,0,0.0108654612159716,NaN,0.633333333333333,0.0247071183281852,0.0606060606060606,0.0177340463958765,0.023485027502972,0.023485027502972,NaN,0.566666666666667,400,77,554,554,369,185,219,53,68,34,6230,25,101,101,101,101,97,97,97,97,97,0,30
LIRCMOP7_BC,1,ref_tau,249,100,1,0.34,100,0,0.00190680002480721,0.00659559770080105,100,30,3,0.00523477987750615,128,0.280830399452842,0.51194336279928,0,1,0.18,0.444268109238591,1.13973188823292,zero,29,1,30,6,0.3,0.00510748917063109,0.00751929777574493,0,0.00775773995034079,NaN,1,0.0403460924826363,0.147058823529412,0.00634178119038913,0.00804845679825782,0.00818872707120347,0.00682067519653919,0.2,400,97,594,594,383,211,232,49,69,36,9125,24,107,107,107,107,100,100,100,100,100,0,30
LIRCMOP7_BC,1,ref_tau,250,111,1,0.37,111,0,0.00167823954627896,0.00707161171559196,111,30,3,0.00581060566403183,115.315315315315,0.289555740972921,0.51194336279928,0.089070871221223,1,0.261261261261261,0.503319206053039,1.50858765474966,zero,30,0,30,0,0.27027027027027,0.00876323351124267,0.0130162212555244,0,0.0175483112683323,NaN,0.933333333333333,0.0876351033193813,0,0.00906462633816747,0.0218125720711811,0.0218125720711811,NaN,0,400,100,600,600,389,211,233,53,73,39,8397,0,117,117,117,117,111,111,111,111,111,0,30
LIRCMOP7_BC,1,ref_tau,251,138,1,0.46,138,0,0.00229399059266127,0.00669047607963142,138,30,3,0.00722399623095849,92.7536231884058,0.295938189691467,0.522108322047741,0.0983688817244998,1,0.253623188405797,0.536583258826249,1.51447340867342,zero,30,0,30,12,0.217391304347826,0.0240971896814846,0.0568034882623284,0,0.0568034882623284,NaN,0.866666666666667,0.0325260975732478,0.108695652173913,0.0311772845951191,0.0574721553257201,0.0574721553257201,NaN,0.4,400,111,622,622,386,236,258,61,84,51,7453,9,153,153,153,153,138,138,138,138,138,0,30
LIRCMOP7_BC,1,ref_tau,252,111,1,0.37,111,0,0.00177308102947583,0.00554122862239793,111,30,3,0.00581060566403183,115.315315315315,0.307138490740851,0.533163262901565,0,1,0.189189189189189,0.530959213908473,1.84269918658189,zero,30,0,30,2,0.27027027027027,0.0312844563312044,0.0376327672058119,0,0.0377737546897657,NaN,1,0.0620540866639933,0.0540540540540541,0.0322971884224914,0.0379623324712064,0.0379623324712064,NaN,0.0666666666666667,400,138,676,676,416,260,281,51,78,40,12037,36,119,119,119,119,111,111,111,111,111,0,30
LIRCMOP7_BC,1,ref_tau,253,117,1,0.39,117,0,0.00173809451316861,0.00553505064291801,117,30,3,0.0061246924566822,109.401709401709,0.307138490740851,0.542682076670929,0,1,0.205128205128205,0.504057556458938,0.760644400202062,zero,30,0,30,8,0.256410256410256,0.0112243641642631,0.0121506834899272,0,0.0128224863713132,NaN,1,0.0537113807975377,0.0512820512820513,0.0118194277943219,0.0128738781867858,0.0128738781867858,NaN,0.266666666666667,400,111,622,622,396,226,257,54,79,42,9386,12,125,125,125,122,117,117,117,117,117,0,30
LIRCMOP7_BC,1,ref_tau,254,144,1,0.48,144,0,0.0022200793157473,0.00750751091130095,144,30,3,0.00753808302360886,88.8888888888889,0.283082132106354,0.533163262901565,0,1,0.145833333333333,0.55385606625975,0.820833108143659,zero,30,0,30,0,0.208333333333333,0.0113633637801747,0.0131656868015536,0,0.0147564873141873,NaN,0.966666666666667,0.100969265623207,0,0.0142805006180967,0.0147690122230297,0.0147690122230297,NaN,0,400,117,634,634,389,245,263,63,87,53,7100,26,158,158,158,158,144,144,144,144,144,0,30
LIRCMOP7_BC,1,ref_tau,255,126,1,0.42,126,0,0.00243165086342296,0.00798113735423479,126,30,3,0.00659582264565775,101.587301587302,0.323347203260809,0.51194336279928,-0,1,0.166666666666667,0.432000269775154,1.13065990358365,zero,30,0,30,1,0.238095238095238,0.00733459904828562,0.0132830630949329,0,0.0132830630949329,NaN,1,0.0676706205258963,0.0476190476190476,0.0106861708958244,0.0184724204269008,0.0184724204269008,NaN,0.0333333333333333,400,144,688,688,403,285,268,55,82,46,13166,16,137,137,137,134,126,126,126,126,126,0,30
LIRCMOP7_BC,1,ref_tau,256,147,1,0.49,147,0,0.00264274377854803,0.00865850798986413,147,30,3,0.00769512641993404,87.0748299319728,0.323924464343888,0.587801516502192,-0,1,0.204081632653061,0.588438590521432,1.24190425583265,zero,30,0,30,7,0.204081632653061,0.0116872996887264,0.0132243478447495,0,0.0132243478447495,NaN,0.933333333333333,0.0516342661989402,0.163265306122449,0.0129838513162691,0.0136492742216917,0.0136492742216917,NaN,0.233333333333333,400,126,652,652,380,272,284,61,88,53,9615,29,158,158,158,158,147,147,147,147,147,0,30
LIRCMOP7_BC,1,ref_tau,257,150,1,0.5,150,0,0.00259707268870502,0.00725293433043406,150,30,3,0.00785216981625923,85.3333333333333,0.309472974724706,0.522553312850422,0.0611768397113923,1,0.26,0.605054058520917,1.35650359827122,zero,30,0,30,1,0.2,0.00193378001790859,0.00293306645066948,0,0.00601718893044528,NaN,0.9,0.0415477918259094,0.04,0.00982571104974024,0.014217439189776,0.014217439189776,NaN,0.0333333333333333,400,147,694,694,413,281,296,64,89,56,9113,29,166,166,166,166,150,150,150,150,150,0,30
LIRCMOP7_BC,1,ref_tau,258,126,1,0.42,126,0,0.00229399591121697,0.00815711030144965,126,30,3,0.00659582264565775,101.587301587302,0.326095907961818,0.533163262901565,0,1,0.238095238095238,0.475446147930038,0.675230247855902,zero,30,0,30,3,0.238095238095238,0.0117135398281587,0.0143970119076313,0,0.014563261105661,NaN,0.966666666666667,0.0510038937133577,0.0476190476190476,0.0143603161290205,0.0154904620292592,0.0154904620292592,NaN,0.1,400,150,700,700,417,283,277,54,84,47,11880,19,137,137,137,137,126,126,126,126,126,0,30
LIRCMOP7_BC,1,ref_tau,259,129,1,0.43,129,0,0.00248238133001718,0.00759626029606701,129,30,3,0.00675286604198293,99.2248062015504,0.325020430166285,0.51194336279928,0,1,0.232558139534884,0.539494443674262,0.696778525642231,zero,30,0,30,6,0.232558139534884,0.013436929549355,0.0285500039042155,0,0.028707276510602,NaN,0.966666666666667,0.0578818452160562,0.0930232558139535,0.0136739322109012,0.0293691712293474,0.0293691712293474,NaN,0.2,400,126,652,652,382,270,241,57,84,50,9710,32,140,140,140,140,129,129,129,129,129,0,30
LIRCMOP7_BC,1,ref_tau,260,153,1,0.51,153,0,0.00232568930373821,0.00676196515151794,153,30,3,0.00800921321258441,83.6601307189542,0.325631962067641,0.513927292188795,0.461498764270065,1,0.274509803921569,0.694763141381581,3.75601901933809,zero,30,0,30,20,0.196078431372549,0.0860634328483607,0.382084541403762,0,0.390343454621181,NaN,0.866666666666667,0.0216025667216486,0.0784313725490196,0.0957152733830545,0.392506797092532,0.392506797092532,NaN,0.666666666666667,400,129,658,658,388,270,286,63,91,58,8762,21,167,167,167,167,153,153,153,153,153,0,30
LIRCMOP7_BC,1,ref_tau,261,126,1,0.42,126,0,0.00243056623470571,0.00761431693039184,126,30,3,0.00659582264565775,101.587301587302,0.328438857123359,0.521863009746853,0,1,0.206349206349206,0.628466147767764,2.05298664997989,zero,30,0,30,4,0.238095238095238,0.0233972339064977,0.0331048459921539,0,0.0838717189108059,NaN,0.166666666666667,-0.0613496311692693,0.119047619047619,0.0584736351779137,0.0846239879851843,0.0846239879851843,NaN,0.133333333333333,400,153,706,706,413,293,275,56,83,47,13064,23,134,134,134,134,126,126,126,126,126,0,30
LIRCMOP7_BC,1,ref_tau,262,153,1,0.51,153,0,0.00278292637590916,0.007592845097016,153,30,3,0.00800921321258441,83.6601307189542,0.325631962067641,0.513927292188795,0.0611768397113923,1,0.254901960784314,0.600461021083585,2.03606958027727,zero,30,0,30,4,0.196078431372549,0.0214360955913491,0.030457379048154,0,0.030457379048154,NaN,0.866666666666667,0.174828021385706,0.0784313725490196,0.0216382952559299,0.0307523503786148,0.0307523503786148,NaN,0.133333333333333,400,126,652,652,373,279,252,64,91,57,7526,23,168,168,168,168,153,153,153,153,153,0,30
LIRCMOP7_BC,1,ref_tau,263,152,1,0.51,152,0,0.00263541897679034,0.00728587403490036,152,30,3,0.00795686541380935,84.2105263157895,0.327025891810358,0.548783313587253,0.0202811616473201,1,0.263157894736842,0.559925801904569,1.57838734201238,zero,30,0,30,4,0.197368421052632,0.0114222865882051,0.0233416650054703,0,0.0233416650054703,NaN,0.7,0.0484445503736581,0.0980392156862745,0.0132207853788454,0.023686233565637,0.023686233565637,NaN,0.133333333333333,400,153,706,706,404,302,285,61,91,56,9604,14,166,166,166,165,152,152,152,152,152,0,30
LIRCMOP7_BC,1,ref_tau,264,150,1,0.5,150,0,0.0027363599350231,0.00794885886795067,150,30,3,0.00785216981625923,85.3333333333333,0.334237676151962,0.578556303006438,0,1,0.213333333333333,0.49953598093032,1.32949149842521,zero,30,0,30,0,0.2,0.0058743419822189,0.00895452094892217,0,0.0141372814641783,NaN,0.933333333333333,0.0865542294405062,0,0.0161435116700211,0.0214414142974128,0.0214414142974128,NaN,0,400,152,704,704,389,315,273,63,88,55,11149,29,161,161,161,161,150,150,150,150,150,0,30
LIRCMOP7_BC,1,ref_tau,265,171,1,0.57,171,0,0.00294394131864246,0.00852395892997197,171,30,3,0.00895147359053552,74.8538011695906,0.328267351579747,0.511241176318852,0.0611768397113923,1,0.263157894736842,0.609999154369246,3.99388307891577,zero,30,0,30,2,0.175438596491228,0.0157853231800237,0.0182521918334375,0,0.024663109598668,NaN,0.6,0.0636759049139632,0.0701754385964912,0.0243156849835975,0.028559302693996,0.028559302693996,NaN,0.0666666666666667,400,150,700,700,369,331,282,68,95,63,9433,31,187,187,187,187,171,171,171,171,171,0,30
LIRCMOP7_BC,1,ref_tau,266,165,1,0.55,165,0,0.0027047733441328,0.0075541376624762,165,30,3,0.00863738679788515,77.5757575757576,0.328267351579747,0.511241176318852,0,1,0.236363636363636,0.538266182119534,1.45673317983869,zero,30,0,30,2,0.181818181818182,0.00910785204397464,0.014827362454057,0,0.014827362454057,NaN,0.766666666666667,0.0881812812712657,0.0727272727272727,0.0121633572406337,0.0149058297118913,0.0149058297118913,NaN,0.0666666666666667,400,171,742,742,400,342,316,65,94,60,11586,18,178,178,178,178,165,165,165,165,165,0,30
LIRCMOP7_BC,1,ref_tau,267,168,1,0.56,168,0,0.00312809947320348,0.00905526156754328,168,30,3,0.00879443019421033,76.1904761904762,0.331216826910605,0.531589495615416,0,1,0.232142857142857,0.501949319526652,1.81290632646376,zero,30,0,30,1,0.178571428571429,0.00239098180068044,0.00579777851344001,0,0.00646015435100687,NaN,0.733333333333333,0.0869204453726674,0.0357142857142857,0.00884166618717605,0.0145383219005487,0.0145383219005487,NaN,0.0333333333333333,400,165,730,730,392,338,299,68,95,63,10021,4,189,189,189,189,168,168,168,168,168,0,30
LIRCMOP7_BC,1,ref_tau,268,156,1,0.52,156,0,0.00313326687059647,0.0113166327941924,156,30,3,0.00816625660890959,82.0512820512821,0.320037405144154,0.599874672348444,0,1,0.205128205128205,0.838754147248825,2.92174150731479,zero,30,0,30,3,0.192307692307692,0.0189306955014679,0.0231109376141351,0,0.0235947422386173,NaN,0.5,-0.010881876367845,0.0769230769230769,0.0207195522203079,0.023827914330283,0.023827914330283,NaN,0.1,400,168,736,736,393,343,283,61,100,61,9220,23,181,181,181,181,156,156,156,156,156,0,30
LIRCMOP7_BC,1,ref_tau,269,163,1,0.55,163,0,0.00357701846036532,0.0110822020154002,163,30,3,0.00853269120033503,78.5276073619632,0.328267351579747,0.602285614238803,0,1,0.184049079754601,0.613592572224313,1.43211958615406,zero,30,0,30,2,0.184049079754601,0.0124842773327225,0.016020749640278,0,0.016020749640278,NaN,0.333333333333333,-0.021544343354177,0.0363636363636364,0.0147177188939779,0.0169393662531624,0.0169393662531624,NaN,0.0666666666666667,400,156,712,712,380,332,301,63,100,63,9070,34,188,188,188,185,163,163,163,163,163,0,30
LIRCMOP7_BC,1,ref_tau,270,171,1,0.57,171,0,0.00316914616423634,0.0106889859251581,171,30,3,0.00895147359053552,74.8538011695906,0.334166302241463,0.613179018431171,0,1,0.192982456140351,0.537163649405239,1.43916365141709,zero,30,0,30,3,0.175438596491228,0.00725269275943742,0.0113970855690495,0,0.0242751992541724,NaN,0.5,-0.000890338462301743,0.0350877192982456,0.00851782522505725,0.0245077659392343,0.0245077659392343,NaN,0.1,400,163,726,726,398,328,302,67,100,67,9179,25,198,198,198,198,171,171,171,171,171,0,30
LIRCMOP7_BC,1,ref_tau,271,162,1,0.54,162,0,0.00303673794290886,0.00813561437603335,162,30,3,0.00848034340155996,79.0123456790123,0.320037405144154,0.60461068018313,0,1,0.203703703703704,0.522047418110881,0.728963825073605,zero,30,0,30,0,0.185185185185185,0.00365744345805403,0.00429811685839325,0,0.00516512708110358,NaN,0.433333333333333,-0.0199952810836952,0,0.00505852333725654,0.00771955710711293,0.00771955710711293,NaN,0,400,171,742,742,418,324,268,63,100,63,8882,16,188,188,188,182,162,162,162,162,162,0,30
LIRCMOP7_BC,1,ref_tau,272,171,1,0.57,171,0,0.00341012191831428,0.0111065378751878,171,30,3,0.00895147359053552,74.8538011695906,0.311807458708562,0.599874672348444,-0,1,0.175438596491228,0.509662329720371,1.0452357601305,zero,30,0,30,2,0.175438596491228,0.0047787776588408,0.005402365466156,0,0.00550735618289805,NaN,0.633333333333333,0.0240472090757502,0.0701754385964912,0.00511761845664627,0.0095849545553383,0.0095849545553383,NaN,0.0666666666666667,400,162,724,724,396,328,270,65,100,65,8908,8,195,195,195,195,171,171,171,171,171,0,30
LIRCMOP7_BC,1,ref_tau,273,171,1,0.57,171,0,0.00318340329592842,0.0091075719778798,171,30,3,0.00895147359053552,74.8538011695906,0.323924464343888,0.613179018431171,-0,1,0.152046783625731,0.565202751735422,1.87067027983969,zero,30,0,30,3,0.175438596491228,0.0197983856405282,0.0239852415917822,0,0.0274471958766276,NaN,0.6,0.0199788497251819,0.0526315789473684,0.0224256067477242,0.0326098502858587,0.0326098502858587,NaN,0.1,400,171,742,742,402,340,299,65,100,65,10048,50,195,195,195,190,171,171,171,171,171,0,30
LIRCMOP7_BC,1,ref_tau,274,165,1,0.55,165,0,0.0037602414331057,0.00924068240471887,165,30,3,0.00863738679788515,77.5757575757576,0.325631962067641,0.58310808395244,0,1,0.2,0.827960288927297,2.30619607663113,zero,30,0,30,4,0.181818181818182,0.0130616578149772,0.016434767909829,0,0.018501274193628,NaN,0.466666666666667,-0.00632583089833566,0.0545454545454545,0.0165979619351108,0.0188559915625543,0.0188559915625543,NaN,0.133333333333333,400,171,742,742,399,343,283,64,100,64,11106,17,189,189,189,188,165,165,165,165,165,0,30
LIRCMOP7_BC,1,ref_tau,275,159,1,0.53,159,0,0.00364736878319492,0.00842070502751188,159,30,3,0.00832330000523478,80.503144654088,0.339860289213778,0.58310808395244,0,1,0.207547169811321,0.822482930161268,1.32581141190883,zero,30,0,30,2,0.188679245283019,0.00815467462276077,0.0107208591362818,0,0.0109106615236138,NaN,0.666666666666667,0.0298174883301973,0.0566037735849057,0.00989192029677742,0.0110846471465231,0.0110846471465231,NaN,0.0666666666666667,400,165,730,730,398,332,300,62,100,62,10797,25,185,185,185,184,159,159,159,159,159,0,30
LIRCMOP7_BC,1,ref_tau,276,184,1,0.62,184,0,0.00302975899767885,0.00966105146491856,184,30,3,0.00963199497461132,69.5652173913043,0.344121814913976,0.633995886951662,-0,1,0.184782608695652,0.65468765212836,2.29053621071781,zero,30,0,30,24,0.16304347826087,0.00700844941915607,0.011276105402268,0,0.0301689857848932,NaN,0.866666666666667,0.0207513344069568,0.129032258064516,0.0239275364887473,0.0312610451031467,0.0312610451031467,NaN,0.8,400,159,718,718,387,331,289,70,100,70,9724,12,209,209,209,207,184,184,184,184,184,0,30
LIRCMOP7_BC,1,ref_tau,277,168,1,0.56,168,0,0.0033385636584099,0.00982676622464979,168,30,3,0.00879443019421033,76.1904761904762,0.331216826910605,0.636795185820561,-0,0.998730105807208,0.220238095238095,0.608487806030114,2.85815280744163,zero,30,0,30,11,0.178571428571429,0.0223994128227008,0.0819182983442881,0,0.108112543439436,NaN,0.833333333333333,0.0729478212682197,0.125,0.0238753143896401,0.112371089867982,0.112371089867982,NaN,0.366666666666667,400,184,768,768,424,344,316,61,100,61,10759,21,181,181,181,180,168,168,168,168,168,0,30
LIRCMOP7_BC,1,ref_tau,278,179,1,0.6,179,0,0.00342386205256846,0.00983595601361712,179,30,3,0.00937025598073601,71.5083798882682,0.334166302241463,0.632529731409651,-0,0.998730105807208,0.223463687150838,0.620713573659538,2.19607656065553,zero,30,0,30,4,0.167597765363128,0.000887532011213487,0.00438866249446868,0,0.006326492681474,NaN,0.266666666666667,-0.0665333599872956,0.133333333333333,0.00410548344439919,0.00661892401543684,0.00661892401543684,NaN,0.133333333333333,400,168,736,736,392,344,295,69,100,69,10048,19,204,204,204,204,179,179,179,179,179,0,30
LIRCMOP7_BC,1,ref_tau,279,171,1,0.57,171,0,0.00286965180280577,0.00939698665386367,171,30,3,0.00895147359053552,74.8538011695906,0.339832329887221,0.636795185820561,0,0.998730105807208,0.175438596491228,0.656773364561027,3.07361819698715,zero,30,0,30,4,0.175438596491228,0.00477749584526333,0.0190634297320072,0,0.0275768819727358,NaN,0.866666666666667,0.0318548483021354,0.140350877192982,0.0057702417605201,0.0277133435007776,0.0277133435007776,NaN,0.133333333333333,400,179,758,758,404,354,323,64,100,64,11519,9,189,189,189,189,171,171,171,171,171,0,30
LIRCMOP7_BC,1,ref_tau,280,189,1,0.63,189,0,0.0034882136412257,0.0113692105612246,189,30,3,0.00989373396848662,67.7248677248677,0.334309050062461,0.626131549793286,-0,0.969093268268192,0.17989417989418,0.557581946063773,1.50057238486571,zero,30,0,30,1,0.158730158730159,0.0020407120117086,0.00983319224824093,0,0.0132362535668205,NaN,0.333333333333333,-0.0162682182646212,0.0317460317460317,0.00797534316583149,0.0151618901331436,0.0151618901331436,NaN,0.0333333333333333,400,171,742,742,388,354,314,72,100,72,10687,59,211,211,211,211,189,189,189,189,189,0,30
LIRCMOP7_BC,1,ref_tau,281,180,1,0.6,180,0,0.0027033913639734,0.00722764768773046,180,30,3,0.00942260377951107,71.1111111111111,0.320810602279058,0.631463367806923,-0,0.921609720865215,0.133333333333333,0.570694899170585,2.16552985903646,zero,30,0,30,13,0.166666666666667,0.0162425399908066,0.0819767748377169,0,0.132614364196132,NaN,0.8,0.0349331163622863,0.133333333333333,0.0386335277492891,0.133424902737461,0.133424902737461,NaN,0.433333333333333,400,189,778,778,406,372,325,66,100,66,11964,22,195,195,195,195,180,180,180,180,180,0,30
LIRCMOP7_BC,1,ref_tau,282,185,1,0.62,185,0,0.00302542467182749,0.00911478386065864,185,30,3,0.00968434277338638,69.1891891891892,0.339832329887221,0.674897901978051,0,0.884487750702462,0.108108108108108,0.466337813609459,1.62437966781886,zero,30,0,30,0,0.162162162162162,0.00227959581921491,0.0181371461888182,0,0.0188228134407117,NaN,0.4,-0.0282319854138182,0,0.00437344449792499,0.0189286518639554,0.0189286518639554,NaN,0,400,180,760,760,412,348,336,67,100,67,11288,15,198,198,198,198,185,185,185,185,185,0,30
LIRCMOP7_BC,1,ref_tau,283,192,1,0.64,192,0,0.00262338213620695,0.00820043681268608,192,30,3,0.0100507773648118,66.6666666666667,0.337070689974841,0.674897901978051,-0,0.952910550625742,0.135416666666667,0.582683201521049,1.29452751741203,zero,30,0,30,0,0.15625,0.00320217620317365,0.00682695813916298,0,0.00733750987746763,NaN,0.3,-0.0214599453528371,0,0.00440902348911731,0.00764621392335594,0.00764621392335594,NaN,0,400,185,770,770,393,377,339,70,100,70,12297,3,210,210,210,210,192,192,192,192,192,0,30
LIRCMOP7_BC,1,ref_tau,284,187,1,0.63,187,0,0.00278226052321466,0.00862294802426111,187,30,3,0.0097890383709365,68.4491978609626,0.344121814913976,0.718877180884299,0,0.85600210917156,0.0962566844919786,0.586340579204535,0.946865288632659,zero,30,0,30,4,0.160427807486631,0.00169613357849068,0.0075860286360632,0,0.0118625592149532,NaN,0.5,-0.00809263474989103,0.126984126984127,0.00289606654788311,0.0120960744088722,0.0120960744088722,NaN,0.133333333333333,400,192,784,784,406,378,326,68,100,68,12159,16,204,204,204,204,187,187,187,187,187,0,30
LIRCMOP7_BC,1,ref_tau,285,186,1,0.62,186,0,0.00256829035706892,0.00783841853544365,186,30,3,0.00973669057216144,68.8172043010753,0.337070689974841,0.645254387980302,0,0.85600210917156,0.0645161290322581,0.570329330201221,1.4067532783437,zero,30,0,30,3,0.161290322580645,0.0121630980684652,0.0253710637604522,0,0.0453103633202486,NaN,0.866666666666667,0.131243064191756,0.032258064516129,0.0206695915399172,0.0462157361031534,0.0462157361031534,NaN,0.1,400,187,774,774,390,384,333,68,100,68,12419,9,204,204,204,201,186,186,186,186,186,0,30
LIRCMOP7_BC,1,ref_tau,286,189,1,0.63,189,0,0.00224722565827669,0.00788937991147914,189,30,3,0.00989373396848662,67.7248677248677,0.339832329887221,0.663719250842398,-0,0.884487750702462,0.126984126984127,0.560466772085671,1.73696085728736,zero,30,0,30,5,0.158730158730159,0.00285398621485662,0.0286146330608105,0,0.0637993940068429,NaN,0.8,0.13142839718099,0.126984126984127,0.00949760540130976,0.0640283717579683,0.0640283717579683,NaN,0.166666666666667,400,186,772,772,384,388,327,69,100,69,12088,14,207,207,207,207,189,189,189,189,189,0,30
LIRCMOP7_BC,1,ref_tau,287,202,1,0.68,202,0,0.00279304213247166,0.0091931831891349,202,30,3,0.0105742553525624,63.3663366336634,0.347409996428435,0.674897901978051,-0,0.884487750702462,0.123762376237624,0.59630246733173,1.56178783499334,zero,30,0,30,2,0.148514851485149,0.00851377319965146,0.0275847807354373,0,0.0509653648114795,NaN,0.766666666666667,0.0952665787397703,0.0588235294117647,0.0153204718267943,0.0510141742055155,0.0510141742055155,NaN,0.0666666666666667,400,189,778,778,398,380,324,75,100,75,11874,21,223,223,223,223,202,202,202,202,202,0,30
LIRCMOP7_BC,1,ref_tau,288,201,1,0.67,201,0,0.00290652488775885,0.00943548929824931,201,30,3,0.0105219075537874,63.681592039801,0.339860289213778,0.674897901978051,-0,0.85600210917156,0.134328358208955,0.592161387465451,2.34288576468805,zero,30,0,30,6,0.149253731343284,0.0188958390872526,0.037678329593907,0,0.0915050096388775,NaN,0.833333333333333,0.207641083300933,0.0895522388059701,0.0355511500894082,0.095900697183348,0.095900697183348,NaN,0.2,400,202,804,804,421,383,313,73,100,73,11685,3,219,219,219,215,201,201,201,201,201,0,30
LIRCMOP7_BC,1,ref_tau,289,193,1,0.65,193,0,0.00279430700101833,0.00881258699374721,193,30,3,0.0101031251635869,66.3212435233161,0.345115499758898,0.674897901978051,0,0.884487750702462,0.10880829015544,0.614502720504897,2.25172444772216,zero,30,0,30,7,0.155440414507772,0.0125983605408123,0.0714061581986897,0,0.0860406113909307,NaN,0.8,0.0290187437052232,0.0923076923076923,0.0146640269566392,0.0877364879455797,0.0877364879455797,NaN,0.233333333333333,400,201,802,802,401,401,335,71,100,71,13071,12,212,212,212,212,193,193,193,193,193,0,30
LIRCMOP7_BC,1,ref_tau,290,207,1,0.69,207,0,0.00283798479962658,0.00888315791900316,207,30,3,0.0108359943464377,61.8357487922705,0.345115499758898,0.66156293460868,0,0.884487750702462,0.115942028985507,0.568980850516125,2.96936756227008,zero,30,0,30,7,0.144927536231884,0.0224945040302807,0.0532227568447043,0,0.0702761551932478,NaN,0.733333333333333,0.0343500118632792,0.101449275362319,0.0296425867317259,0.0703533219449525,0.0703533219449525,NaN,0.233333333333333,400,193,786,786,403,383,321,74,100,74,11994,1,222,222,222,222,207,207,207,207,207,0,30
LIRCMOP7_BC,1,ref_tau,291,201,1,0.67,201,0,0.00323840800239205,0.0105648016304416,201,30,3,0.0105219075537874,63.681592039801,0.339832329887221,0.652937669673808,-0,0.85600210917156,0.0895522388059701,0.656989536812935,2.50240389224963,zero,30,0,30,3,0.149253731343284,0.0171122638169402,0.0228884896365884,0,0.0435789446850989,NaN,0.733333333333333,0.0725454810896079,0.0895522388059701,0.0257966597891706,0.0436168879304293,0.0436168879304293,NaN,0.1,400,207,814,814,403,411,337,72,100,72,13371,0,216,216,216,216,201,201,201,201,201,0,30
LIRCMOP7_BC,1,ref_tau,292,207,1,0.69,207,0,0.00260640936493145,0.00810753670339737,207,30,3,0.0108359943464377,61.8357487922705,0.334246411348531,0.597866856366154,-0,0.89190324355501,0.101449275362319,0.503716169266201,1.30169821085041,zero,30,0,30,1,0.144927536231884,0.00389923328721844,0.0103495487465983,0,0.0176491577787631,NaN,0.633333333333333,0.0165024905458364,0.0289855072463768,0.0107862251029499,0.0181959951411983,0.0181959951411983,NaN,0.0333333333333333,400,201,802,802,423,379,336,73,100,73,12197,0,219,219,219,219,207,207,207,207,207,0,30
LIRCMOP7_BC,1,ref_tau,293,201,1,0.68,201,0,0.00280746010916702,0.00915833535394776,201,30,3,0.0105219075537874,63.681592039801,0.3176971362081,0.599772313447248,-0,0.99948737307359,0.129353233830846,0.499430578373806,0.793633825062364,zero,30,0,30,4,0.149253731343284,0.00341203787856462,0.008514089554065,0,0.0112209910994219,NaN,0.6,0.0110338985497422,0.0882352941176471,0.00568909429273609,0.0116339784188901,0.0116339784188901,NaN,0.133333333333333,400,207,814,814,399,415,344,73,100,73,13684,5,219,219,219,216,201,201,201,201,201,0,30
LIRCMOP7_BC,1,ref_tau,294,204,1,0.69,204,0,0.0029382052998186,0.0101247335742617,204,30,3,0.0106789509501125,62.7450980392157,0.339846309550499,0.652937669673808,-0,0.99948737307359,0.176470588235294,0.558182303881705,1.35365486700212,zero,30,0,30,7,0.147058823529412,0.00617862550438113,0.00891140746397537,0,0.0396275866454831,NaN,0.733333333333333,0.0505058322696955,0.0869565217391304,0.0128521280143361,0.0397889900555507,0.0397889900555507,NaN,0.233333333333333,400,201,802,802,395,407,337,73,100,73,12937,3,219,219,219,218,204,204,204,204,204,0,30
LIRCMOP7_BC,1,ref_tau,295,201,1,0.67,201,0,0.00244068718764104,0.00783525806819285,201,30,3,0.0105219075537874,63.681592039801,0.339832329887221,0.652937669673808,-0,0.99948737307359,0.164179104477612,0.525283225401236,1.43621893372637,zero,30,0,30,3,0.149253731343284,0.00660672666172969,0.0135917727953151,0,0.0297558395308178,NaN,0.766666666666667,0.0575857647490621,0.0298507462686567,0.0178399258260079,0.0298142593630271,0.0298142593630271,NaN,0.1,400,204,808,808,403,405,349,72,100,72,13100,3,216,216,216,216,201,201,201,201,201,0,30
LIRCMOP7_BC,1,ref_tau,296,194,1,0.66,194,0,0.00301937553648168,0.0094268532665049,194,30,3,0.0101554729623619,65.979381443299,0.339832329887221,0.599772313447248,-0,0.99948737307359,0.154639175257732,0.459600466319635,1.4492009467609,zero,30,0,30,1,0.154639175257732,0.00846524696982581,0.0135643928609634,0,0.0235962423343957,NaN,0.766666666666667,0.00853367872278904,0.0303030303030303,0.0121585962045532,0.023672205028019,0.023672205028019,NaN,0.0333333333333333,400,201,802,802,408,394,337,71,100,71,12777,0,213,213,213,213,194,194,194,194,194,0,30
LIRCMOP7_BC,1,ref_tau,297,210,1,0.7,210,0,0.00270624857523651,0.00779957771800342,210,30,3,0.0109930377427629,60.9523809523809,0.339846309550499,0.595008670744514,0,0.99948737307359,0.171428571428571,0.546327270139123,0.932203487941401,zero,29,1,30,5,0.142857142857143,0.00189695914001274,0.003691223990114,0,0.00820942390560904,NaN,0.633333333333333,0.00509445145508965,0.1,0.00522441689402367,0.0113737939325721,0.0115117712371332,0.00763894602231502,0.166666666666667,400,194,788,788,390,398,338,75,100,75,12901,10,225,225,225,225,210,210,210,210,210,0,30
LIRCMOP7_BC,1,ref_tau,298,204,1,0.68,204,0,0.00278329114110363,0.00904008554101212,204,30,3,0.0106789509501125,62.7450980392157,0.339846309550499,0.674897901978051,-0,1,0.132352941176471,0.591224817418299,2.54019879134487,zero,30,0,30,1,0.147058823529412,0.00508749066805052,0.0365329435642693,0,0.0399419480391257,NaN,0.4,-0.00754857122902386,0.0294117647058824,0.00808659061967031,0.0401455530016444,0.0401455530016444,NaN,0.0333333333333333,400,210,820,820,394,426,343,72,100,72,14993,0,216,216,216,216,204,204,204,204,204,0,30
LIRCMOP7_BC,1,ref_tau,299,198,1,0.66,198,0,0.00268575307946793,0.00871011889840318,198,30,3,0.0103648641574622,64.6464646464647,0.34996612771627,0.652937669673808,-0,1,0.146464646464646,0.511498361399896,1.43198502383502,zero,30,0,30,1,0.151515151515152,0.00694961065661911,0.0140494528688882,0,0.0151301403243882,NaN,0.733333333333333,0.00802995913433383,0.0303030303030303,0.0122013428290315,0.015538682966905,0.015538682966905,NaN,0.0333333333333333,400,204,808,808,386,422,337,72,100,72,14210,0,216,216,216,216,198,198,198,198,198,0,30
LIRCMOP7_BC,1,ref_tau,300,207,1,0.69,207,0,0.00277999145535498,0.00828416472238846,207,30,3,0.0108359943464377,61.8357487922705,0.376082178589952,0.670505855517202,-0,1,0.173913043478261,0.632880564205616,1.70361378606326,zero,30,0,30,1,0.144927536231884,0.00433450865909201,0.0182180214153504,0,0.0235206263561811,NaN,0.833333333333333,0.03193217397179,0.0289855072463768,0.00721942811784585,0.0236687911483299,0.0236687911483299,NaN,0.0333333333333333,400,198,796,796,377,419,324,74,100,74,13476,1,222,222,222,218,207,207,207,207,207,0,30
LIRCMOP7_BC,1,ref_tau,301,195,1,0.65,195,0,0.00263236103349983,0.00915372452671731,195,30,3,0.010207820761137,65.6410256410256,0.347409996428435,0.652937669673808,0,1,0.107692307692308,0.610984845443001,2.29694778360431,zero,30,0,30,3,0.153846153846154,0.00540164161617644,0.0354943672371173,0,0.0358282484737896,NaN,0.633333333333333,0.0111975246105367,0.0461538461538462,0.00790129796513472,0.0358811938367982,0.0358811938367982,NaN,0.1,400,207,814,814,381,433,320,73,100,73,13922,13,219,219,219,213,195,195,195,195,195,0,30
LIRCMOP7_BC,1,ref_tau,302,196,1,0.66,196,0,0.00297737647086557,0.00906419828251429,196,30,3,0.0102601685599121,65.3061224489796,0.35852981356412,0.674897901978051,0,1,0.153061224489796,0.637435959697194,3.56656789724255,zero,30,0,30,1,0.153061224489796,0.00679801491160406,0.0384677419726237,0,0.0414780321223182,NaN,0.3,-0.0195211295866775,0.0303030303030303,0.00877504193625455,0.0416680712247011,0.0416680712247011,NaN,0.0333333333333333,400,195,790,790,373,417,306,74,100,74,12779,37,219,219,219,217,196,196,196,196,196,0,30
LIRCMOP7_BC,1,ref_tau,303,204,1,0.68,204,0,0.0031444172049646,0.0100999493324798,204,30,3,0.0106789509501125,62.7450980392157,0.355415073793416,0.652937669673808,0,1,0.117647058823529,0.5227375039266,0.774448345360599,zero,30,0,30,2,0.147058823529412,0.00217051753023264,0.00882801641654726,0,0.00992167494360316,NaN,0.8,0.0871266914562983,0.0441176470588235,0.00577873447446138,0.0111465267002373,0.0111465267002373,NaN,0.0666666666666667,400,196,792,792,383,409,296,75,100,75,11762,19,221,221,221,221,204,204,204,204,204,0,30
LIRCMOP7_BC,1,ref_tau,304,201,1,0.68,201,0,0.00308480426495512,0.0103565702307006,201,30,3,0.0105219075537874,63.681592039801,0.352522259004105,0.674897901978051,0,1,0.139303482587065,0.551326149576908,1.22584534812159,zero,30,0,30,1,0.149253731343284,0.00349616144183345,0.00475092683067904,0,0.0215898815866474,NaN,0.733333333333333,0.00853619705243153,0.0294117647058824,0.00956303385598619,0.021816612388386,0.021816612388386,NaN,0.0333333333333333,400,204,808,808,392,416,331,75,100,75,13454,28,225,225,225,221,201,201,201,201,201,0,30
LIRCMOP7_BC,1,ref_tau,305,195,1,0.65,195,0,0.00256636344417234,0.00971635671933184,195,30,3,0.010207820761137,65.6410256410256,0.352522259004105,0.739050249235755,0,1,0.138461538461538,0.558670359701651,1.48012694946436,zero,22,8,30,6,0.153846153846154,0.00772897839039602,0.0117860430961393,0,0.0158219379648731,NaN,0.766666666666667,0.0397408265194912,0.123076923076923,0.00873790800642799,0.0166211219999316,0.0168077434679802,0.0156160729690687,0.2,400,201,802,802,392,410,323,74,100,74,12844,23,222,222,222,219,195,195,195,195,195,0,30
LIRCMOP7_BC,1,ref_tau,306,201,1,0.67,201,0,0.00271493049065039,0.00711941685568275,201,30,3,0.0105219075537874,63.681592039801,0.358307888582727,0.739050249235755,0,1,0.17910447761194,0.650079695053623,1.71678436380304,zero,11,19,30,3,0.149253731343284,0.0111379282296143,0.0222628914569397,0,0.0261761889655203,NaN,0.733333333333333,0.0463540635622011,0.0597014925373134,0.0134458419301362,0.0276443333047673,0.0323297584989107,0.0240489083473585,0.1,400,195,790,790,378,412,323,78,100,78,14431,24,227,227,227,223,201,201,201,201,201,0,30
LIRCMOP7_BC,1,ref_tau,307,195,1,0.65,195,0,0.00217393868874394,0.00735981748268506,195,30,3,0.010207820761137,65.6410256410256,0.367375582510901,0.743845551125926,0,1,0.0923076923076923,0.551512700022963,2.60000930011375,zero,21,9,30,7,0.153846153846154,0.0160524635043916,0.0509683272570329,0,0.0561634388178692,NaN,0.666666666666667,0.00529607266722876,0.0615384615384615,0.0379406988625426,0.0586263621930327,0.0603536190386692,0.0587829124369778,0.233333333333333,400,201,802,802,395,407,349,76,100,76,13931,46,226,226,226,224,195,195,195,195,195,0,30
LIRCMOP7_BC,1,ref_tau,308,186,1,0.63,186,0,0.00242282621775574,0.00698722869507276,186,30,3,0.00973669057216144,68.8172043010753,0.362841735546814,0.743845551125926,0,0.999218309537361,0.0860215053763441,0.536699801321395,2.04308194108892,zero,30,0,30,5,0.161290322580645,0.0102057956519616,0.0196694927692634,0,0.0556453295002699,NaN,0.766666666666667,0.0247103393478752,0.0952380952380952,0.0325988437502666,0.0556783697531625,0.0556783697531625,NaN,0.166666666666667,400,195,790,790,390,400,322,72,100,72,13119,39,216,216,216,209,186,186,186,186,186,0,30
LIRCMOP7_BC,1,ref_tau,309,202,1,0.68,202,0,0.00303432846205042,0.0096946632941992,202,30,3,0.0105742553525624,63.3663366336634,0.355678714578472,0.674897901978051,-0,0.811870980915517,0.0742574257425743,0.619116514326608,4.88485809192593,zero,23,7,30,11,0.148514851485149,0.0132139065184575,0.0844627552523178,0,0.0866016148431576,NaN,0.8,0.0574843685224938,0.176470588235294,0.013959083425495,0.0902372924810146,0.0908686292562898,0.0862332113926262,0.366666666666667,400,186,772,772,383,389,313,76,100,76,11397,27,228,228,228,222,202,202,202,202,202,0,30
LIRCMOP7_BC,1,ref_tau,310,200,1,0.67,200,0,0.00390002173151809,0.0126382115475273,200,30,3,0.0104695597550123,64,0.358307888582727,0.743845551125926,-0,0.999218309537361,0.105,0.637997828738098,1.25455887322714,zero,27,3,30,4,0.15,0.00942946691600832,0.014753549207849,0,0.0232554085884373,NaN,0.766666666666667,0.0271058842130945,0.0298507462686567,0.0151595038114868,0.0242737821460841,0.0244668893700072,0.0174191665601711,0.133333333333333,400,202,804,804,387,417,337,76,100,76,13642,18,228,228,228,222,200,200,200,200,200,0,30
LIRCMOP7_BC,1,ref_tau,311,192,1,0.64,192,0,0.00345373057232004,0.0115873258106483,192,30,3,0.0100507773648118,66.6666666666667,0.362841735546814,0.652937669673808,-0,0.999218309537361,0.109375,0.535460480047305,1.61999296929924,zero,29,1,30,3,0.15625,0.0129403073514685,0.0271628020469615,0,0.0288853604324447,NaN,0.766666666666667,0.0212046440775193,0.078125,0.0169244826363552,0.0299753691740865,0.0300036757258005,0.027806146044077,0.1,400,200,800,800,378,422,341,73,100,73,14101,13,219,219,219,216,192,192,192,192,192,0,30
LIRCMOP7_BC,1,ref_tau,312,210,1,0.7,210,0,0.00282852329671235,0.00957027646861932,210,30,3,0.0109930377427629,60.9523809523809,0.371728880550427,0.745348905300819,0,0.888587268448076,0.10952380952381,0.540246656350306,1.1507726272481,zero,23,7,30,3,0.142857142857143,0.0069076731823245,0.0152055282992951,0,0.0173299579392168,NaN,0.966666666666667,0.0265970387317744,0.0857142857142857,0.0114452699083547,0.0187430995311859,0.0185301191056556,0.0183442922609381,0.1,400,192,784,784,385,399,325,79,100,79,12420,10,237,237,237,237,210,210,210,210,210,0,30
LIRCMOP7_BC,1,ref_tau,313,195,1,0.65,195,0,0.0019001545234044,0.00637511298045783,195,30,3,0.010207820761137,65.6410256410256,0.367375582510901,0.768960516531861,0,0.914137889496517,0.0769230769230769,0.788829786806001,3.73103988891653,zero,30,0,30,14,0.153846153846154,0.0312599017916654,0.0507312269748636,0,0.0664659852261675,NaN,0.566666666666667,0.0447922000811191,0.169230769230769,0.0556290056545961,0.0685494732675702,0.0685494732675702,NaN,0.466666666666667,400,210,820,820,396,424,350,72,100,72,14229,7,216,216,216,216,195,195,195,195,195,0,30
LIRCMOP7_BC,1,ref_tau,314,216,1,0.72,216,0,0.00289637306772096,0.0077106742937546,216,30,3,0.0113071245354133,59.2592592592593,0.376318612369864,0.745200882033621,-0,0.999218309537361,0.125,1.0052889931851,22.5375265089511,zero,18,12,30,21,0.138888888888889,0.187480391578646,0.438114808390339,0,0.438114808390339,NaN,0.533333333333333,0.0191258467826563,0.236111111111111,0.223514265258295,0.4554672254692,0.455527401757961,0.428434472327778,0.7,400,195,790,790,378,412,320,81,100,81,13282,14,242,242,242,238,216,216,216,216,216,0,30
LIRCMOP7_BC,1,ref_tau,315,207,1,0.7,207,0,0.0025702694485721,0.0083908821863265,207,30,3,0.0108359943464377,61.8357487922705,0.376318612369864,0.789908153869122,-0,0.914137889496517,0.115942028985507,0.647259017227928,4.72560694722878,zero,28,2,30,10,0.144927536231884,0.0283146213188125,0.0859146835389976,0,0.0947964771424006,NaN,0.566666666666667,0.000627529687486403,0.114285714285714,0.0342596603128445,0.0949493078871791,0.0931882084849186,0.0961549758580607,0.333333333333333,400,216,832,832,386,446,352,77,100,77,15477,0,231,231,231,231,207,207,207,207,207,0,30
LIRCMOP7_BC,1,ref_tau,316,209,1,0.71,209,0,0.00283077031200436,0.00866586733546293,209,30,3,0.0109406899439879,61.244019138756,0.358307888582727,0.745348905300819,0,0.999218309537361,0.076555023923445,0.597139961838978,2.32058035169924,zero,28,2,30,10,0.143540669856459,0.0122801430582541,0.0357660056226624,0,0.0440957466124127,NaN,0.566666666666667,0.0111984464084562,0.126760563380282,0.0164760454048969,0.0517805491308982,0.0519225168729595,0.0510542451094443,0.333333333333333,400,207,814,814,390,424,349,75,100,75,14557,22,225,225,225,225,209,209,209,209,209,0,30
LIRCMOP7_BC,1,ref_tau,317,221,1,0.75,221,0,0.00333354999205095,0.00850669257556169,221,30,3,0.0115688635292886,57.9185520361991,0.390341392891158,0.841239068700336,-0,0.999218309537361,0.081447963800905,0.531852646752783,1.77295933887481,zero,24,6,30,3,0.135746606334842,0.00493170437044836,0.0142233599093271,0,0.0417371242600064,NaN,0.666666666666667,0.0215388799918936,0.0666666666666667,0.00536993769909295,0.0429559524319618,0.0446121527366774,0.0306179818707592,0.1,400,209,818,818,379,439,351,78,100,78,15018,9,234,234,234,234,221,221,221,221,221,0,30
LIRCMOP7_BC,1,ref_tau,318,225,1,0.75,225,0,0.00248250397083887,0.0075025484370505,225,30,3,0.0117782547243888,56.8888888888889,0.339832329887221,0.745348905300819,-0,0.914137889496517,0.146666666666667,0.562141365772114,2.37172555016548,zero,22,8,30,12,0.133333333333333,0.0107110899502707,0.0341331472705427,0,0.0541724701321846,NaN,0.733333333333333,0.0285208476282366,0.08,0.0421411755445744,0.0612933139513405,0.0625649540536469,0.0539082373372143,0.4,400,221,842,842,390,452,351,80,100,80,15279,0,240,240,240,240,225,225,225,225,225,0,30
LIRCMOP7_BC,1,ref_tau,319,240,1,0.8,240,0,0.0039739251892751,0.0103419493239935,240,30,3,0.0125634717060148,53.3333333333333,0.360820159620359,0.801047966011197,-0,1,0.15,0.587165836420129,2.62865544006582,zero,18,12,30,9,0.125,0.023346921337096,0.0597356281803164,0,0.0631873063083016,NaN,0.6,0.0185076988738972,0.075,0.0292459506547821,0.0634597638844298,0.065531067294149,0.0583717033763245,0.3,400,225,850,850,404,446,336,84,100,84,13916,0,252,252,252,252,240,240,240,240,240,0,30
LIRCMOP7_BC,1,ref_tau,320,237,1,0.79,237,0,0.00334854434859628,0.011367873089864,237,30,3,0.0124064283096896,54.0084388185654,0.376318612369864,0.804901647913681,0,1,0.177215189873418,0.529788849829022,1.03655488773902,zero,19,11,30,8,0.126582278481013,0.00648261383034563,0.0143707200610364,0,0.0200432275287846,NaN,0.733333333333333,0.0234101278821741,0.0759493670886076,0.0138919591158782,0.0227685905569257,0.0235723113305025,0.0196247775691547,0.266666666666667,400,240,880,880,425,455,351,82,100,82,14711,0,246,246,246,246,237,237,237,237,237,0,30
LIRCMOP7_BC,1,ref_tau,321,228,1,0.76,228,0,0.00246552087992619,0.00841165988356464,228,30,3,0.011935298120714,56.140350877193,0.383330002630511,0.805865068389302,0,1,0.184210526315789,0.535092430126393,1.18524701345758,zero,21,9,30,3,0.131578947368421,0.0114426169188319,0.0202823235154241,0,0.0204081234775866,NaN,0.633333333333333,0.036940521499667,0.0263157894736842,0.0128892140435131,0.0230057616174812,0.0238588363099818,0.020115617386924,0.1,400,237,874,874,419,455,342,80,100,80,14383,0,240,240,240,240,228,228,228,228,228,0,30
LIRCMOP7_BC,1,ref_tau,322,219,1,0.73,219,0,0.00253912247714853,0.00832970036947853,219,30,3,0.0114641679317385,58.4474885844749,0.376318612369864,0.805865068389302,-0,0.888587268448076,0.150684931506849,0.588616231301186,0.594437946485781,zero,23,7,30,5,0.136986301369863,0.00785766318085878,0.0200170358115077,0,0.0200170358115077,NaN,0.533333333333333,0.00203956340172617,0.0547945205479452,0.00991040574339544,0.0210225630842984,0.0219899727300251,0.0179948020356766,0.166666666666667,400,228,856,856,412,444,339,78,100,78,15412,0,234,234,234,234,219,219,219,219,219,0,30
LIRCMOP7_BC,1,ref_tau,323,234,1,0.78,234,0,0.00261740644143555,0.00643993301115889,234,30,3,0.0122493849133644,54.7008547008547,0.419350325158791,0.850323078769685,0,0.879829473962011,0.115384615384615,1.20554097310625,6.20096091901623,zero,20,10,30,13,0.128205128205128,0.0171853649094098,0.111467856385448,0,0.125264781085449,NaN,0.866666666666667,0.0357061255576433,0.115384615384615,0.0411067760312463,0.13294168257977,0.13294168257977,0.131069903679013,0.433333333333333,400,219,838,838,401,437,325,81,100,81,12815,0,243,243,243,243,234,234,234,234,234,0,30
LIRCMOP7_BC,1,ref_tau,324,235,1,0.79,235,0,0.00239254921642362,0.00837356716399083,235,30,3,0.0123017327121395,54.468085106383,0.412492111070163,0.805865068389302,-0,0.888587268448076,0.165957446808511,0.627153963706277,1.64939804809372,zero,19,11,30,3,0.127659574468085,0.0184381847738127,0.0294014927063494,0,0.037935385314768,NaN,0.633333333333333,0.00814987836528674,0.0253164556962025,0.0255445140505363,0.04040398850213,0.0405825021829683,0.0383112294439149,0.1,400,234,868,868,411,457,348,82,100,82,14746,0,246,246,246,246,235,235,235,235,235,0,30
LIRCMOP7_BC,1,ref_tau,325,211,1,0.71,211,0,0.0028180530904574,0.00942092658304605,211,30,3,0.011045385541538,60.6635071090047,0.367375582510901,0.829362561657181,0,0.888587268448076,0.170616113744076,0.642645515948751,2.81042024312137,zero,28,2,30,4,0.14218009478673,0.0239464437329672,0.0338314056763243,0,0.0342944921012086,NaN,0.866666666666667,0.0315020419966274,0.0704225352112676,0.0274769884712553,0.0410982699680075,0.0417890144515542,0.0353355022594924,0.133333333333333,400,235,870,870,415,455,342,73,100,73,16495,0,219,219,219,219,211,211,211,211,211,0,30
LIRCMOP7_BC,1,ref_tau,326,210,1,0.7,210,0,0.00172993860677385,0.00585531247247152,210,30,3,0.0109930377427629,60.9523809523809,0.374069276309935,0.803456517200249,0,0.820774416386807,0.128571428571429,0.620485014999903,2.83911813101287,zero,27,3,30,13,0.142857142857143,0.029871408134434,0.0643203022766229,0,0.067220277236846,NaN,0.833333333333333,0.0476482923705683,0.114285714285714,0.0386700632585432,0.0732031119065339,0.0735377734532211,0.0726453426620552,0.433333333333333,400,211,822,822,396,426,325,73,100,73,12597,0,219,219,219,219,210,210,210,210,210,0,30
LIRCMOP7_BC,1,ref_tau,327,207,1,0.69,207,0,0.00202941384893886,0.00680453090240403,207,30,3,0.0108359943464377,61.8357487922705,0.408236915181911,0.859983073059266,-0,0.8124378872607,0.101449275362319,0.551023430227626,1.67873535858581,zero,20,10,30,5,0.144927536231884,0.0199765371646621,0.0364595902513331,0,0.0374683569029377,NaN,0.833333333333333,0.0259280777279663,0.0869565217391304,0.0226636723916024,0.0375848443877729,0.0375848443877729,0.0361395011390676,0.166666666666667,400,210,820,820,407,413,324,74,100,74,13110,5,222,222,222,222,207,207,207,207,207,0,30
LIRCMOP7_BC,1,ref_tau,328,214,1,0.72,214,0,0.00200743850636258,0.0058903043039507,214,30,3,0.0112024289378632,59.8130841121495,0.410376566052028,0.873512574226756,0,0.8124378872607,0.126168224299065,0.679098793063529,7.75107970241637,zero,26,4,30,24,0.14018691588785,0.106501901050074,0.156380364173367,0,0.156380364173367,NaN,0.266666666666667,-0.0442049089844645,0.222222222222222,0.130898618840472,0.164188223454509,0.164497369700346,0.163026642457634,0.8,400,207,814,814,399,415,310,76,100,76,12197,8,228,228,228,225,214,214,214,214,214,0,30
LIRCMOP7_BC,1,ref_tau,329,213,1,0.71,213,0,0.0018598797830457,0.00548786090313634,213,30,3,0.0111500811390881,60.093896713615,0.374876939054746,0.856272013961806,-0,0.8124378872607,0.140845070422535,0.61159509551978,3.9187447009634,zero,27,3,30,12,0.140845070422535,0.0451990234880609,0.0704866997243314,0,0.0705624058342374,NaN,0.333333333333333,-0.0210649502388152,0.0845070422535211,0.0508136075412229,0.070884662063865,0.0711498807506413,0.069735760411713,0.4,400,214,828,828,404,424,331,75,100,75,13529,4,225,225,225,225,213,213,213,213,213,0,30
LIRCMOP7_BC,1,ref_tau,330,219,1,0.73,219,0,0.00200487568969899,0.00594937425542323,219,30,3,0.0114641679317385,58.4474885844749,0.408236915181911,0.853252413003583,0,0.905594603003882,0.164383561643836,0.687042224867313,2.31505378229767,zero,25,5,30,11,0.136986301369863,0.0120481692045079,0.0283982325918704,0,0.0498656806087264,NaN,0.533333333333333,0.00352381514944705,0.136986301369863,0.0439972340168347,0.0512103358794418,0.0512414557910839,0.0499316409675117,0.366666666666667,400,213,826,826,408,418,343,78,100,78,13786,0,234,234,234,234,219,219,219,219,219,0,30
LIRCMOP7_BC,1,ref_tau,331,219,1,0.73,219,0,0.00195836142501868,0.00531768852439899,219,30,3,0.0114641679317385,58.4474885844749,0.408236915181911,0.853252413003583,0,0.888587268448076,0.0958904109589041,0.509526341113567,1.31865489678486,zero,25,5,30,4,0.136986301369863,0.0080958564437448,0.02497874373353,0,0.0347759849227129,NaN,0.666666666666667,0.0125790356934093,0.0547945205479452,0.0189227155140611,0.0349853179501795,0.0350046679024579,0.034965967997901,0.133333333333333,400,219,838,838,416,422,344,77,100,77,13637,7,231,231,231,231,219,219,219,219,219,0,30
LIRCMOP7_BC,1,ref_tau,332,231,1,0.77,231,0,0.00241114035379838,0.00619876898367381,231,30,3,0.0120923415170392,55.4112554112554,0.39939168387986,0.853252413003583,-0,0.888587268448076,0.116883116883117,0.59470799108623,2.3063522453532,zero,20,10,30,11,0.12987012987013,0.0308699757060132,0.058946946306942,0,0.0601443852593781,NaN,0.633333333333333,0.0233950106904023,0.0649350649350649,0.0324231089347913,0.0627436956030124,0.0631131436263426,0.0608974280331748,0.366666666666667,400,219,838,838,393,445,351,82,100,82,14575,0,246,246,246,246,231,231,231,231,231,0,30
LIRCMOP7_BC,1,ref_tau,333,213,1,0.71,213,0,0.00189138103212284,0.00599880810302565,213,30,3,0.0111500811390881,60.093896713615,0.408236915181911,0.884123993698086,0,0.905594603003882,0.112676056338028,0.591024741751546,2.49511643253967,zero,25,5,30,17,0.140845070422535,0.0152275348363645,0.0484958658422372,0,0.0714806939611747,NaN,0.766666666666667,0.0265928167851712,0.112676056338028,0.0506758841122044,0.0747870926516994,0.0747951561126569,0.0718406432603833,0.566666666666667,400,231,862,862,421,441,370,77,100,77,15361,0,231,231,231,228,213,213,213,213,213,0,30
LIRCMOP7_BC,1,ref_tau,334,210,1,0.7,210,0,0.00213015694480632,0.00649406846554829,210,30,3,0.0109930377427629,60.9523809523809,0.403814299530886,0.803456517200249,-0,0.888587268448076,0.0857142857142857,0.55375070070475,1.12264977044299,zero,26,4,30,3,0.142857142857143,0.0110983239185956,0.0308862372275153,0,0.0308862372275153,NaN,0.733333333333333,0.043537841330578,0.0857142857142857,0.0132290839804732,0.0309771813245323,0.0317331140701462,0.0299939741660516,0.1,400,213,826,826,404,422,350,77,100,77,14157,10,231,231,231,231,210,210,210,210,210,0,30
LIRCMOP7_BC,1,ref_tau,335,214,1,0.72,214,0,0.0019430083964592,0.00612759015155893,214,30,3,0.0112024289378632,59.8130841121495,0.410376566052028,0.874116800129044,-0,0.8124378872607,0.107476635514019,0.584788654804083,0.985729085886996,zero,24,6,30,4,0.14018691588785,0.00693041561996961,0.0256747212176303,0,0.0315593708061741,NaN,0.766666666666667,0.0344036223501395,0.0555555555555556,0.0118505265138387,0.037983712879721,0.0398394102056485,0.035173136786322,0.133333333333333,400,210,820,820,382,438,335,77,100,77,13734,0,231,231,231,231,214,214,214,214,214,0,30
LIRCMOP7_BC,1,ref_tau,336,212,1,0.71,212,0,0.00200595491447121,0.00607774371949562,212,30,3,0.011097733340313,60.377358490566,0.39939168387986,0.819202471503417,0,0.888587268448076,0.0990566037735849,0.563456504818826,1.29346119185527,zero,26,4,30,5,0.141509433962264,0.0152429693763101,0.0504924733622398,0,0.0504924733622398,NaN,0.6,0.0299298240927479,0.0704225352112676,0.0179011831333156,0.0505496693767131,0.0517286886333176,0.048962815401138,0.166666666666667,400,214,828,828,399,429,341,77,100,77,13794,0,231,231,231,231,212,212,212,212,212,0,30
LIRCMOP7_BC,1,ref_tau,337,204,1,0.68,204,0,0.00196250962006395,0.00543677962576661,204,30,3,0.0106789509501125,62.7450980392157,0.381287780026134,0.805865068389302,-0,0.820774416386807,0.0882352941176471,0.91357230257107,3.96761418189686,zero,28,2,30,13,0.147058823529412,0.0255067900870286,0.138304444193035,0,0.138304444193035,NaN,0.8,0.0355548480318084,0.117647058823529,0.0470319989643877,0.148008749242276,0.148912758591545,0.145748725869103,0.433333333333333,400,212,824,824,406,418,329,74,100,74,14199,0,222,222,222,222,204,204,204,204,204,0,30
LIRCMOP7_BC,1,ref_tau,338,201,1,0.67,201,0,0.0019704670514179,0.00555525225217787,201,30,3,0.0105219075537874,63.681592039801,0.39939168387986,0.805865068389302,-0,1,0.119402985074627,0.752295474625993,3.63953876437168,zero,28,2,30,17,0.149253731343284,0.0497217715417812,0.132846594967301,0,0.132846594967301,NaN,0.533333333333333,0.0117454537532314,0.149253731343284,0.0673168964954236,0.141554399794815,0.142242351110043,0.136558822869631,0.566666666666667,400,204,808,808,384,424,326,72,100,72,14615,0,216,216,216,216,201,201,201,201,201,0,30
LIRCMOP7_BC,1,ref_tau,339,196,1,0.66,196,0,0.00212744960640574,0.00612174969559789,196,30,3,0.0102601685599121,65.3061224489796,0.363332430657991,0.801047966011197,0,1,0.122448979591837,0.742099680332977,1.47241004537134,zero,30,0,30,11,0.153061224489796,0.00633734581887604,0.0120596894902631,0,0.0388233868653553,NaN,0.666666666666667,0.0421556702104948,0.0757575757575758,0.027076279215527,0.0410408402230262,0.0410408402230262,NaN,0.366666666666667,400,201,802,802,359,443,328,72,100,72,14900,2,216,216,216,216,196,196,196,196,196,0,30
LIRCMOP7_BC,1,ref_tau,340,198,1,0.66,198,0,0.00224753400350503,0.00641498734466789,198,30,3,0.0103648641574622,64.6464646464647,0.387736931234906,0.805865068389302,0,1,0.121212121212121,0.820162552484217,1.01442115733722,zero,30,0,30,6,0.151515151515152,0.00861009137029681,0.0189877504795573,0,0.0189877504795573,NaN,0.666666666666667,0.0300476939924025,0.0909090909090909,0.00976711162033284,0.0225997361389249,0.0225997361389249,NaN,0.2,400,196,792,792,368,424,312,72,100,72,13983,2,216,216,216,216,198,198,198,198,198,0,30
LIRCMOP7_BC,1,ref_tau,341,240,1,0.8,240,0,0.00233299403221706,0.00710583440004,240,30,3,0.0125634717060148,53.3333333333333,0.412492111070163,0.894144692580436,0,1,0.158333333333333,0.705339865751803,2.2699266617918,zero,19,11,30,3,0.125,0.0163950320663422,0.0306032778193863,0,0.0330629070879616,NaN,0.6,0.0247317444996342,0.0375,0.0218598860441617,0.0359482701434264,0.0363193792401431,0.0359770786396641,0.1,400,198,796,796,386,410,320,85,100,85,12116,3,255,255,255,255,240,240,240,240,240,0,30
LIRCMOP7_BC,1,ref_tau,342,207,1,0.69,207,0,0.00204175677908655,0.00564931742962864,207,30,3,0.0108359943464377,61.8357487922705,0.408236915181911,0.859983073059266,0,1,0.144927536231884,0.531112715428393,2.14363578879336,zero,27,3,30,4,0.144927536231884,0.0215603231485699,0.0325277399473293,0,0.0381327737319896,NaN,0.633333333333333,0.0189563125305355,0.072463768115942,0.0319922379120536,0.0384548465382829,0.0380836156440426,0.0395537093116788,0.133333333333333,400,240,880,880,422,458,373,78,100,78,16727,4,234,234,234,234,207,207,207,207,207,0,30
LIRCMOP7_BC,1,ref_tau,343,202,1,0.68,202,0,0.00197669171640256,0.00603102550489313,202,30,3,0.0105742553525624,63.3663366336634,0.390652520303507,0.805865068389302,0,1,0.123762376237624,0.822685258234831,1.49992462564568,zero,30,0,30,4,0.148514851485149,0.0113318350395918,0.0173075740038561,0,0.0211014629336955,NaN,0.533333333333333,0.0239914081096718,0.0294117647058824,0.0173159942561763,0.0266247249348481,0.0266247249348481,NaN,0.133333333333333,400,207,814,814,401,413,347,74,100,74,14022,1,222,222,222,219,202,202,202,202,202,0,30
LIRCMOP7_BC,1,ref_tau,344,231,1,0.78,231,0,0.00185132935146858,0.00547139388185559,231,30,3,0.0120923415170392,55.4112554112554,0.408236915181911,0.873512574226756,0,1,0.142857142857143,0.823142315707676,4.57131833099262,zero,20,10,30,9,0.12987012987013,0.016513492857863,0.0730127150145145,0,0.0800391492697198,NaN,0.666666666666667,0.00901478075352768,0.0897435897435897,0.0527527800531398,0.0938614291129248,0.0938614291129248,0.0938614291129248,0.3,400,202,804,804,394,410,340,82,100,82,13021,0,246,246,246,243,231,231,231,231,231,0,30
LIRCMOP7_BC,1,ref_tau,345,207,1,0.69,207,0,0.00213964311814018,0.00665431176999183,207,30,3,0.0108359943464377,61.8357487922705,0.411845269129146,0.868874675135342,0,1,0.130434782608696,0.868032070072174,2.43925351791513,zero,30,0,30,1,0.144927536231884,0.0179364859382456,0.0201891421356694,0,0.0474568572582145,NaN,0.666666666666667,0.0885076818878536,0.0289855072463768,0.0410867236826178,0.0474890623897255,0.0474890623897255,NaN,0.0333333333333333,400,231,862,862,431,431,359,73,100,73,15951,3,219,219,219,219,207,207,207,207,207,0,30
LIRCMOP7_BC,1,ref_tau,346,216,1,0.72,216,0,0.00184601812300923,0.00564366705493127,216,30,3,0.0113071245354133,59.2592592592593,0.412492111070163,0.879554833249637,0,1,0.166666666666667,0.759177726536975,2.63983786633897,zero,26,4,30,8,0.138888888888889,0.016448226853406,0.0550938263810476,0,0.0573868941451742,NaN,0.7,0.0553596483498021,0.0833333333333333,0.0271766783208488,0.0753496423818491,0.0729537774157921,0.0766522879578472,0.266666666666667,400,207,814,814,400,414,336,77,100,77,12794,0,231,231,231,231,216,216,216,216,216,0,30
LIRCMOP7_BC,1,ref_tau,347,219,1,0.73,219,0,0.00206823735120673,0.00648726534669913,219,30,3,0.0114641679317385,58.4474885844749,0.377206088737629,0.805865068389302,0,1,0.178082191780822,0.72605873455569,4.86796440303884,zero,26,4,30,12,0.136986301369863,0.039226285259712,0.0813333352527813,0,0.0819177708009711,NaN,0.666666666666667,0.0641013085846761,0.150684931506849,0.0429068752110476,0.093422708455704,0.0934445331389785,0.0932415417805789,0.4,400,216,832,832,418,414,352,77,100,77,13849,0,231,231,231,231,219,219,219,219,219,0,30
LIRCMOP7_BC,1,ref_tau,348,221,1,0.74,221,0,0.00186017371317368,0.0057659470855357,221,30,3,0.0115688635292886,57.9185520361991,0.412492111070163,0.879554833249637,0,1,0.149321266968326,0.67403493006802,1.82049271131687,zero,24,6,30,2,0.135746606334842,0.00820147370678915,0.0242776194451107,0,0.0246860191030849,NaN,0.633333333333333,0.0483231221846182,0.0405405405405405,0.01170538769603,0.0257448200233755,0.028106431247438,0.0233271628477312,0.0666666666666667,400,219,838,838,406,432,354,77,100,77,14044,1,231,231,231,231,221,221,221,221,221,0,30
LIRCMOP7_BC,1,ref_tau,349,207,1,0.69,207,0,0.00236769613032863,0.0064326696609481,207,30,3,0.0108359943464377,61.8357487922705,0.408236915181911,0.859983073059266,0,1,0.101449275362319,0.708599756334801,1.84218009672885,zero,28,2,30,4,0.144927536231884,0.00884257936087458,0.0336626039379768,0,0.0432913040970346,NaN,0.566666666666667,0.00780166668060714,0.0579710144927536,0.0193862573857406,0.0487968483676199,0.0492087131983116,0.0262686009940175,0.133333333333333,400,221,842,842,413,429,354,73,100,73,14804,0,219,219,219,219,207,207,207,207,207,0,30
LIRCMOP7_BC,1,ref_tau,350,210,1,0.7,210,0,0.00200789521336395,0.00607062773156602,210,30,3,0.0109930377427629,60.9523809523809,0.412492111070163,0.873512574226756,0,1,0.0904761904761905,0.676268135593055,2.13196831733067,zero,27,3,30,8,0.142857142857143,0.00705356487757175,0.0322393961163499,0,0.0486640292604467,NaN,0.6,0.0177756075311814,0.114285714285714,0.0200661679852501,0.0535422146140568,0.0545970245459624,0.0498120596374507,0.266666666666667,400,207,814,814,397,417,344,75,100,75,13555,6,225,225,225,225,210,210,210,210,210,0,30
LIRCMOP7_BC,1,ref_tau,351,237,1,0.79,237,0,0.00205506507793022,0.00539435699917583,237,30,3,0.0124064283096896,54.0084388185654,0.421296526049028,0.900749446909595,-0,1,0.130801687763713,0.707841134516654,0.886628350759459,zero,19,11,30,8,0.126582278481013,0.00335617934009576,0.00995742265055526,0,0.0105534706839158,NaN,0.733333333333333,0.0494484920326509,0.0886075949367089,0.00607143261917279,0.0119711192548333,0.012807292035371,0.0111349464742956,0.266666666666667,400,210,820,820,400,420,348,83,100,83,13908,12,249,249,249,249,237,237,237,237,237,0,30
LIRCMOP7_BC,1,ref_tau,352,221,1,0.74,221,0,0.00172158540853038,0.0052419765026311,221,30,3,0.0115688635292886,57.9185520361991,0.427699407722411,0.894144692580436,-0,1,0.113122171945701,0.609501470209358,0.574670650794751,zero,26,4,30,7,0.135746606334842,0.00159448525366138,0.00547537624716422,0,0.00615279951585441,NaN,0.7,0.0748416996543117,0.108108108108108,0.00297686803109668,0.0177450071188582,0.0198047380060137,0.0145710274937175,0.233333333333333,400,237,874,874,420,454,368,78,100,78,15641,0,234,234,234,234,221,221,221,221,221,0,30
LIRCMOP7_BC,1,ref_tau,353,216,1,0.72,216,0,0.0020150445134036,0.00559546342682998,216,30,3,0.0113071245354133,59.2592592592593,0.403814299530886,0.88292711889389,0,1,0.0833333333333333,0.568841562276347,1.33933721574946,zero,28,2,30,7,0.138888888888889,0.00401128591820317,0.0182982483348667,0,0.0195577132940737,NaN,0.533333333333333,0.0255802557230996,0.152777777777778,0.00697344964070485,0.0211128208029252,0.0212786133780176,0.00703450501871784,0.233333333333333,400,221,842,842,408,434,343,77,100,77,14052,0,231,231,231,231,216,216,216,216,216,0,30
LIRCMOP7_BC,1,ref_tau,354,240,1,0.8,240,0,0.00209852579539154,0.00586931227824968,240,30,3,0.0125634717060148,53.3333333333333,0.415455520232613,0.886849762915036,-0,1,0.120833333333333,0.601782671806461,2.1620528169602,zero,20,10,30,5,0.125,0.0112707839142908,0.0370982206561042,0,0.0415101283753439,NaN,0.633333333333333,0.0434661168158952,0.075,0.0151912489678879,0.0470604135735588,0.0470604135735588,0.0449886654397603,0.166666666666667,400,216,832,832,403,429,342,83,100,83,13844,0,249,249,249,249,240,240,240,240,240,0,30
LIRCMOP7_BC,1,ref_tau,355,222,1,0.74,222,0,0.00213207089632037,0.00644044330533449,222,30,3,0.0116212113280637,57.6576576576577,0.408236915181911,0.86632473080856,0,1,0.13963963963964,0.6105798505365,1.23414710628075,zero,26,4,30,3,0.135135135135135,0.00471864733559867,0.0110157044743894,0,0.0110157044743894,NaN,0.633333333333333,0.0187883094598243,0.0810810810810811,0.00731261829464952,0.0161997992109199,0.0178589228252104,0.0107828448141451,0.1,400,240,880,880,418,462,353,79,100,79,15056,6,237,237,237,237,222,222,222,222,222,0,30
LIRCMOP7_BC,1,ref_tau,356,230,1,0.77,230,0,0.00186122051030468,0.00496041877487225,230,30,3,0.0120399937182641,55.6521739130435,0.404733574887889,0.873512574226756,0,1,0.143478260869565,0.615087758091302,2.7152799942717,zero,23,7,30,5,0.130434782608696,0.0170481595482541,0.0457624217888961,0,0.0457624217888961,NaN,0.566666666666667,0.013503240985577,0.051948051948052,0.0231810506478001,0.0469647964787217,0.0471867836763772,0.0438952241847945,0.166666666666667,400,222,844,844,401,443,351,81,100,81,14227,4,243,243,243,243,230,230,230,230,230,0,30
LIRCMOP7_BC,1,ref_tau,357,223,1,0.75,223,0,0.00186615040170818,0.00507898633434915,223,30,3,0.0116735591268387,57.3991031390135,0.414043188871295,0.873512574226756,0,1,0.143497757847534,0.722132083570295,1.48537414891523,zero,25,5,30,7,0.134529147982063,0.00587943425474335,0.0267901599649014,0,0.0325596162337988,NaN,0.633333333333333,0.0208603376247141,0.16,0.0110326984904189,0.0424344742454788,0.0424344742454788,0.0424344742454788,0.233333333333333,400,230,860,860,421,439,351,78,100,78,14011,4,234,234,234,234,223,223,223,223,223,0,30
LIRCMOP7_BC,1,ref_tau,358,222,1,0.74,222,0,0.0018744227905304,0.00560591095271467,222,30,3,0.0116212113280637,57.6576576576577,0.414043188871295,0.873512574226756,0,1,0.0675675675675676,0.764920496709503,1.70789444819376,zero,26,4,30,8,0.135135135135135,0.00894874742202838,0.0600495655739184,0,0.0600495655739184,NaN,0.5,0.000689065255478849,0.0810810810810811,0.0100510869771282,0.0607600320225194,0.0604990006553596,0.0607600463807373,0.266666666666667,400,223,846,846,403,443,334,77,100,77,13610,2,231,231,231,231,222,222,222,222,222,0,30
LIRCMOP7_BC,1,ref_tau,359,219,1,0.73,219,0,0.00202175695043245,0.00537949080975206,219,30,3,0.0114641679317385,58.4474885844749,0.374876939054746,0.805865068389302,0,1,0.141552511415525,0.774525339053679,1.01773756231542,zero,27,3,30,1,0.136986301369863,0.00865195925179525,0.0107241865619762,0,0.0161066891400812,NaN,0.766666666666667,0.0179851421054161,0.0273972602739726,0.0119605764729753,0.0191461748036527,0.020030169296483,0.0139384548142635,0.0333333333333333,400,222,844,844,402,442,342,74,100,74,14487,8,222,222,222,222,219,219,219,219,219,0,30
LIRCMOP7_BC,1,ref_tau,360,213,1,0.71,213,0,0.0020083173192448,0.00533881348927214,213,30,3,0.0111500811390881,60.093896713615,0.375356234569483,0.756488717442896,-0,1,0.112676056338028,0.790118385879485,1.33977129988024,zero,28,2,30,6,0.140845070422535,0.00428621035166359,0.0301316437225613,0,0.0301316437225613,NaN,0.666666666666667,0.0142436978896721,0.0985915492957746,0.0054216279304457,0.0362854905743066,0.0365923369432292,0.0327357522721044,0.2,400,219,838,838,407,431,316,75,100,75,12935,0,225,225,225,222,213,213,213,213,213,0,30
LIRCMOP7_BC,1,ref_tau,361,216,1,0.72,216,0,0.00230100093057323,0.00715802256958258,216,30,3,0.0113071245354133,59.2592592592593,0.376281161653556,0.805865068389302,0,1,0.111111111111111,0.544581186614973,0.558137493099361,zero,27,3,30,15,0.138888888888889,0.00203003782797167,0.0107696180247653,0,0.0107696180247653,NaN,0.7,0.0244791064960384,0.180555555555556,0.00342648576349868,0.0140502446762789,0.0148177752446715,0.011537732662487,0.5,400,213,826,826,389,437,324,74,100,74,13602,6,222,222,222,222,216,216,216,216,216,0,30
LIRCMOP7_BC,1,ref_tau,362,222,1,0.74,222,0,0.00208647676190822,0.00563918015687554,222,30,3,0.0116212113280637,57.6576576576577,0.4064852450349,0.862174635769829,0,1,0.135135135135135,0.525966977049027,0.62255329383432,zero,25,5,30,1,0.135135135135135,0.00376651565906702,0.00839805236623471,0,0.00839805236623471,NaN,0.866666666666667,0.0532660656106246,0.027027027027027,0.00500689896976721,0.0155131386669077,0.0177940759941526,0.0132322013396627,0.0333333333333333,400,216,832,832,385,447,339,78,100,78,13840,8,234,234,234,234,222,222,222,222,222,0,30
LIRCMOP7_BC,1,ref_tau,363,228,1,0.76,228,0,0.00180453746113316,0.0052779591362601,228,30,3,0.011935298120714,56.140350877193,0.393545152438691,0.815589252103311,0,1,0.144736842105263,0.576425688397709,0.847670469590811,zero,23,7,30,1,0.131578947368421,0.00408986841775403,0.00552855508229007,0,0.00598764571693057,NaN,0.566666666666667,0.0105663521474259,0.0263157894736842,0.00443071634129762,0.0148267514088893,0.0175692424123559,0.00819491403992356,0.0333333333333333,400,222,844,844,400,444,351,81,100,81,13921,4,243,243,243,243,228,228,228,228,228,0,30
LIRCMOP7_BC,1,ref_tau,364,222,1,0.74,222,0,0.00189340667066015,0.0057705471235883,222,30,3,0.0116212113280637,57.6576576576577,0.408315553339759,0.850323078769685,0,1,0.130630630630631,0.739253658702444,0.995644254028719,zero,25,5,30,1,0.135135135135135,0.00772102929060575,0.033034289191537,0,0.0330779197027106,NaN,0.533333333333333,0.00199103205612783,0.027027027027027,0.0091986463385276,0.0350719465522436,0.0354288364885896,0.0332907156107704,0.0333333333333333,400,228,856,856,407,449,357,80,100,80,14966,0,240,240,240,240,222,222,222,222,222,0,30
LIRCMOP7_BC,1,ref_tau,365,231,1,0.77,231,0,0.00181221420647829,0.00577303001251285,231,30,3,0.0120923415170392,55.4112554112554,0.408236915181911,0.873512574226756,0,1,0.177489177489178,0.754231690996699,1.75891097657384,zero,22,8,30,3,0.12987012987013,0.00713986262644343,0.018819853272188,0,0.0194419190357402,NaN,0.5,0.0129622011443659,0.0779220779220779,0.00825014400457448,0.0221335725438894,0.0244271766250164,0.0189044973657463,0.1,400,222,844,844,389,455,338,81,100,81,13802,6,243,243,243,243,231,231,231,231,231,0,30
LIRCMOP7_BC,1,ref_tau,366,207,1,0.69,207,0,0.00178592769994837,0.00552768386069945,207,30,3,0.0108359943464377,61.8357487922705,0.408394191497606,0.887581200837074,0,1,0.1256038647343,0.731436018952988,0.924559359307496,zero,30,0,30,1,0.144927536231884,0.00813048768718535,0.0136659736524971,0,0.013865976589888,NaN,0.366666666666667,-0.017662295011094,0.0289855072463768,0.00999928787359119,0.0198582486588198,0.0198582486588198,NaN,0.0333333333333333,400,231,862,862,417,445,352,74,100,74,15142,0,222,222,222,222,207,207,207,207,207,0,30
LIRCMOP7_BC,1,ref_tau,367,216,1,0.72,216,0,0.0019915574163883,0.00568070342674796,216,30,3,0.0113071245354133,59.2592592592593,0.408236915181911,0.889587792733934,0,1,0.125,0.57764240799321,0.951065017221403,zero,27,3,30,4,0.138888888888889,0.00188323421966923,0.00464984827760093,0,0.010745899028047,NaN,0.533333333333333,0.030243073772133,0.0555555555555556,0.00471458447776539,0.0147427167698447,0.014972338593321,0.0069723896301418,0.133333333333333,400,207,814,814,387,427,335,76,100,76,13554,0,228,228,228,228,216,216,216,216,216,0,30
LIRCMOP7_BC,1,ref_tau,368,204,1,0.68,204,0,0.00203184007521679,0.00592603642187968,204,30,3,0.0106789509501125,62.7450980392157,0.403814299530886,0.895278954434286,0,1,0.117647058823529,0.531632978053912,1.12730261272216,zero,30,0,30,3,0.147058823529412,0.00382712228111126,0.0201555654153728,0,0.0201555654153728,NaN,0.633333333333333,0.0141508782565568,0.0882352941176471,0.00964430839769872,0.0207776683323481,0.0207776683323481,NaN,0.1,400,216,832,832,391,441,339,72,100,72,14859,15,216,216,216,216,204,204,204,204,204,0,30
LIRCMOP7_BC,1,ref_tau,369,213,1,0.71,213,0,0.00209097182348157,0.00608792122852433,213,30,3,0.0111500811390881,60.093896713615,0.376082178589952,0.898655526459783,0,1,0.136150234741784,0.585812444873805,1.35594376359451,zero,28,2,30,3,0.140845070422535,0.00267056306438521,0.00656038166679406,0,0.00656038166679406,NaN,0.533333333333333,0.0112775384956601,0.0704225352112676,0.00620942495459639,0.0163844751851922,0.0172295884241423,0.014271692087817,0.1,400,204,808,808,383,425,339,75,100,75,13782,34,225,225,225,225,213,213,213,213,213,0,30
LIRCMOP7_BC,1,ref_tau,370,243,1,0.81,243,0,0.00185194989337047,0.00571648556091034,243,30,3,0.0127205151023399,52.6748971193416,0.41686785159393,0.898655526459783,0,1,0.148148148148148,0.581875705736856,0.787685209257554,zero,18,12,30,0,0.123456790123457,0.00526242669969221,0.00850861800434378,0,0.00886875813761231,NaN,0.8,0.0277212684664057,0,0.00641319484173217,0.0109234119363234,0.0124508746361718,0.0104176510844455,0,400,213,826,826,388,438,345,85,100,85,13565,0,255,255,255,255,243,243,243,243,243,0,30
LIRCMOP7_BC,1,ref_tau,371,225,1,0.75,225,0,0.00173833541574753,0.00554728339765446,225,30,3,0.0117782547243888,56.8888888888889,0.408236915181911,0.889587792733934,0,1,0.12,0.660759472748321,1.20056635070079,zero,24,6,30,1,0.133333333333333,0.012235448368797,0.0159287534503908,0,0.0176170777437785,NaN,0.5,0.000826294985156587,0.0266666666666667,0.0165429351356116,0.0181002761984314,0.0185318117916099,0.0179678512798589,0.0333333333333333,400,243,886,886,427,459,372,79,100,79,15689,3,237,237,237,236,225,225,225,225,225,0,30
LIRCMOP7_BC,1,ref_tau,372,225,1,0.75,225,0,0.00167895563692328,0.00515027212940959,225,30,3,0.0117782547243888,56.8888888888889,0.408236915181911,0.889587792733934,0,1,0.106666666666667,0.628805485087217,1.68550466396462,zero,24,6,30,5,0.133333333333333,0.0116992925867359,0.013578666472909,0,0.0261539118487988,NaN,0.466666666666667,-0.00843218973815302,0.04,0.0182406176198326,0.033398187668435,0.0339605431057696,0.0281170104797,0.166666666666667,400,225,850,850,403,447,334,79,100,79,14489,5,237,237,237,236,225,225,225,225,225,0,30
LIRCMOP7_BC,1,ref_tau,373,216,1,0.72,216,0,0.00200361857609765,0.00596607598254836,216,30,3,0.0113071245354133,59.2592592592593,0.39939168387986,0.895278954434286,0,1,0.12037037037037,0.942469165083652,4.41755988624245,zero,27,3,30,14,0.138888888888889,0.0320318263266666,0.115511395373095,0,0.117810204026901,NaN,0.7,0.0474238077699404,0.138888888888889,0.0573134813655814,0.128696436739671,0.129193899046972,0.127867332894169,0.466666666666667,400,225,850,850,400,450,340,75,100,75,15721,0,225,225,225,225,216,216,216,216,216,0,30
LIRCMOP7_BC,1,ref_tau,374,225,1,0.75,225,0,0.00171323983276845,0.00544955296240227,225,30,3,0.0117782547243888,56.8888888888889,0.39939168387986,0.895278954434286,0,1,0.08,0.620453492032248,1.54389204339455,zero,24,6,30,0,0.133333333333333,0.0107192808720466,0.0318625950448079,0,0.0326088161255141,NaN,0.5,0.000924010509679968,0,0.0136151360563057,0.0362539310327409,0.0365149868501867,0.0349488384470708,0,400,216,832,832,391,441,335,80,100,80,13810,0,240,240,240,240,225,225,225,225,225,0,30
LIRCMOP7_BC,1,ref_tau,375,214,1,0.72,214,0,0.00184315063084433,0.00593270113844952,214,30,3,0.0112024289378632,59.8130841121495,0.414043188871295,0.927496561695739,-0,1,0.11214953271028,0.818728809965306,3.05948910575927,zero,27,3,30,12,0.14018691588785,0.0126009126314567,0.080578428153779,0,0.0831048344397498,NaN,0.733333333333333,0.0554817028991251,0.138888888888889,0.0344840601334818,0.0944080479005699,0.0942668465898508,0.0964325024651691,0.4,400,225,850,850,398,452,338,75,100,75,14317,0,225,225,225,225,214,214,214,214,214,0,30
LIRCMOP7_BC,1,ref_tau,376,207,1,0.69,207,0,0.00166300986754569,0.00528034348554029,207,30,3,0.0108359943464377,61.8357487922705,0.39939168387986,0.892134130197356,0,0.9640857518857,0.0869565217391304,0.611596905101622,1.6106267612822,zero,30,0,30,1,0.144927536231884,0.0166816319191484,0.0259506199624817,0,0.0274697012053956,NaN,0.566666666666667,0.00377379162648411,0.0289855072463768,0.0202895342781921,0.0309035573816489,0.0309035573816489,NaN,0.0333333333333333,400,214,828,828,390,438,337,75,100,75,14484,0,225,225,225,225,207,207,207,207,207,0,30
LIRCMOP7_BC,1,ref_tau,377,234,1,0.78,234,0,0.00190050684653704,0.00576467693344939,234,30,3,0.0122493849133644,54.7008547008547,0.419082188821479,0.895278954434286,0,1,0.128205128205128,0.685552768039455,1.82112500012224,zero,21,9,30,7,0.128205128205128,0.00887495553763797,0.010869059816531,0,0.03678030031641,NaN,0.866666666666667,0.0657558355385889,0.0769230769230769,0.0291473664101757,0.0369707034520722,0.0369154719984799,0.058490845327788,0.233333333333333,400,207,814,814,379,435,318,82,100,82,12379,0,246,246,246,246,234,234,234,234,234,0,30
LIRCMOP7_BC,1,ref_tau,378,225,1,0.75,225,0,0.00176478558378464,0.0057344378468274,225,30,3,0.0117782547243888,56.8888888888889,0.41686785159393,0.912378698858394,0,0.998450000034493,0.155555555555556,0.716678342155173,1.91612487462214,zero,24,6,30,0,0.133333333333333,0.0119487083279833,0.020868958362559,0,0.0267383416128282,NaN,0.666666666666667,0.0634776180952424,0,0.0220737264550935,0.0371464533368773,0.0411603353334296,0.0327872763593324,0,400,234,868,868,405,463,348,79,100,79,15284,0,237,237,237,237,225,225,225,225,225,0,30
LIRCMOP7_BC,1,ref_tau,379,222,1,0.74,222,0,0.0018907453717005,0.0052639834272373,222,30,3,0.0116212113280637,57.6576576576577,0.423355076970068,0.912161814561771,0,0.998450000034493,0.0945945945945946,0.611832096139878,0.811276802362745,zero,25,5,30,11,0.135135135135135,0.00294990342284409,0.00923172069946455,0,0.00927991823134307,NaN,0.366666666666667,-0.0133369574903689,0.108108108108108,0.00562051078625328,0.0189068412266423,0.0197453016456965,0.0180683808075881,0.366666666666667,400,225,850,850,382,468,332,80,100,80,14333,0,240,240,240,240,222,222,222,222,222,0,30
LIRCMOP7_BC,1,ref_tau,380,207,1,0.69,207,0,0.0018079283027826,0.00599360525862442,207,30,3,0.0108359943464377,61.8357487922705,0.408236915181911,1.03863069096928,0,1,0.115942028985507,0.732821441486308,1.17923447525936,zero,30,0,30,2,0.144927536231884,0.00575801626383578,0.0106972659993437,0,0.0117647193215077,NaN,0.633333333333333,0.00844115719441577,0.0434782608695652,0.00807592032746474,0.0199359490708676,0.0199359490708676,NaN,0.0666666666666667,400,222,844,844,381,463,340,74,100,74,15113,0,222,222,222,222,207,207,207,207,207,0,30
LIRCMOP7_BC,1,ref_tau,381,219,1,0.73,219,0,0.00192503237933607,0.00545293547406513,219,30,3,0.0114641679317385,58.4474885844749,0.41686785159393,0.912161814561771,0,1,0.0821917808219178,0.555410844627175,1.89536042207687,zero,27,3,30,1,0.136986301369863,0.0102481535426037,0.0252019928016368,0,0.0343752247594628,NaN,0.7,0.0330415911749675,0.0273972602739726,0.0188326490868896,0.0406835576137101,0.0410508974560526,0.0400387153141892,0.0333333333333333,400,207,814,814,375,439,327,79,100,79,12935,0,237,237,237,237,219,219,219,219,219,0,30
LIRCMOP7_BC,1,ref_tau,382,231,1,0.77,231,0,0.00178048118229233,0.00470336617128632,231,30,3,0.0120923415170392,55.4112554112554,0.425413627891107,1.07024791007115,0,1,0.142857142857143,0.678574738058888,2.68585889423177,zero,23,7,30,6,0.12987012987013,0.00335760458441759,0.0128588518885981,0,0.0157602209930402,NaN,0.8,0.0497657590219688,0.0779220779220779,0.00511223599048293,0.0202158663575916,0.0188855458783382,0.0211022098041861,0.2,400,219,838,838,390,448,343,82,100,82,13800,0,246,246,246,246,231,231,231,231,231,0,30
LIRCMOP7_BC,1,ref_tau,383,220,1,0.74,220,0,0.00207790603235028,0.00698840916019127,220,30,3,0.0115165157305135,58.1818181818182,0.421296526049028,1.15201227554687,0,0.899439986652393,0.15,0.922507330408451,1.34568646178826,zero,26,4,30,0,0.136363636363636,0.00828375370272064,0.0169056160638407,0,0.0293749195247668,NaN,0.466666666666667,-0.00257412630728729,0,0.00970459620233498,0.0324496407044927,0.0217960027626691,0.0510729266514733,0,400,231,862,862,391,471,363,80,100,80,16557,1,240,240,240,240,220,220,220,220,220,0,30
LIRCMOP7_BC,1,ref_tau,384,229,1,0.77,229,0,0.00210217232941907,0.00701586552274458,229,30,3,0.0119876459194891,55.8951965065502,0.39939168387986,1.01921699267565,0,1,0.187772925764192,0.713744469629994,3.53140454566727,zero,23,7,30,9,0.131004366812227,0.0409012417073791,0.0429613629849721,0,0.0667204552848208,NaN,0.566666666666667,0.00481342767386692,0.12987012987013,0.0522499984169671,0.0684583184600557,0.0705085987924935,0.0610387042803658,0.3,400,220,840,840,395,445,350,78,100,78,14219,3,234,234,234,234,229,229,229,229,229,0,30
LIRCMOP7_BC,1,ref_tau,385,255,1,0.85,255,0,0.00167502357434642,0.00594068770030944,255,30,3,0.0133486886876407,50.1960784313725,0.41686785159393,1.15201227554687,-0,1,0.223529411764706,0.764842819401643,2.43608522203482,zero,15,15,30,0,0.117647058823529,0.0101483657408001,0.0267889006894528,0,0.0282678256391818,NaN,0.5,0.0102026394644968,0,0.0139918700147086,0.035688558897333,0.035688558897333,0.035688558897333,0,400,229,858,858,415,443,357,88,100,88,14647,0,264,264,264,264,255,255,255,255,255,0,30
LIRCMOP7_BC,1,ref_tau,386,210,1,0.7,210,0,0.00192543183942793,0.00651535424745169,210,30,3,0.0109930377427629,60.9523809523809,0.392799569428135,0.903720384498028,0,1,0.128571428571429,0.869755099879691,2.30974508654937,zero,29,1,30,8,0.142857142857143,0.0129724497444367,0.0435875459034825,0,0.0488893321676065,NaN,0.566666666666667,0.0101424054651542,0.0857142857142857,0.022855709911242,0.0583339937401794,0.0578662989055213,0.0583339937401794,0.266666666666667,400,255,910,910,430,480,391,78,100,78,18373,0,234,234,234,234,210,210,210,210,210,0,30
LIRCMOP7_BC,1,ref_tau,387,222,1,0.74,222,0,0.00170528786171216,0.00532150093590045,222,30,3,0.0116212113280637,57.6576576576577,0.431195422284603,1.15201227554687,-0,1,0.175675675675676,0.761174529396099,2.38716092455148,zero,25,5,30,2,0.135135135135135,0.019277993015837,0.0256177063032594,0,0.0456242136715182,NaN,0.5,-0.000211525375437005,0.0540540540540541,0.0357203403275016,0.0476159320903573,0.0494279923519225,0.0458038718287921,0.0666666666666667,400,210,820,820,398,422,340,80,100,80,13026,3,240,240,240,240,222,222,222,222,222,0,30
LIRCMOP7_BC,1,ref_tau,388,225,1,0.75,225,0,0.00228082350186001,0.00730232211146216,225,30,3,0.0117782547243888,56.8888888888889,0.436977216678099,1.15201227554687,0,1,0.12,0.832782926946956,2.32017833222324,zero,24,6,30,3,0.133333333333333,0.0235752467337075,0.0278481656905362,0,0.0415031490247383,NaN,0.6,0.0111456251552019,0.08,0.0339718708625549,0.0438627300403279,0.0459058875410751,0.041557312991803,0.1,400,222,844,844,396,448,358,80,100,80,14772,4,240,240,240,240,225,225,225,225,225,0,30
LIRCMOP7_BC,1,ref_tau,389,222,1,0.74,222,0,0.00183694406666165,0.00581174183300318,222,30,3,0.0116212113280637,57.6576576576577,0.425413627891107,1.15517636959832,0,1,0.144144144144144,0.710500886829131,1.50818118105573,zero,25,5,30,4,0.135135135135135,0.0134922176744894,0.0168773832168333,0,0.0231547751484461,NaN,0.4,-0.0122501810852101,0.0540540540540541,0.0196496407544953,0.0240885683222564,0.0241118310563594,0.0224389518841604,0.133333333333333,400,225,850,850,403,447,357,79,100,79,14554,0,237,237,237,237,222,222,222,222,222,0,30
LIRCMOP7_BC,1,ref_tau,390,228,1,0.76,228,0,0.00195859739160668,0.00564367152855593,228,30,3,0.011935298120714,56.140350877193,0.491589487448419,1.20902426470325,0,0.998450000034493,0.144736842105263,0.786335955000107,1.49071038847191,zero,23,7,30,1,0.131578947368421,0.0120167029307776,0.0188405166634785,0,0.0221712171065462,NaN,0.6,0.0611860514502597,0.0263157894736842,0.0157875485398664,0.0253347379845319,0.0259275795687029,0.0244674387381405,0.0333333333333333,400,222,844,844,401,443,355,82,100,82,14313,4,246,246,246,246,228,228,228,228,228,0,30
LIRCMOP7_BC,1,ref_tau,391,231,1,0.77,231,0,0.00197209082411971,0.00684393971468291,231,30,3,0.0120923415170392,55.4112554112554,0.41686785159393,1.18191008327663,0,1,0.181818181818182,0.824331484652048,1.09873965671625,zero,22,8,30,3,0.12987012987013,0.00659707626536362,0.00886410193296308,0,0.0115904850677548,NaN,0.466666666666667,-0.0114613841994601,0.051948051948052,0.00935275983535229,0.0236543791138773,0.0222138687918333,0.022241039030527,0.1,400,228,856,856,408,448,349,81,100,81,14371,10,243,243,243,243,231,231,231,231,231,0,30
LIRCMOP7_BC,1,ref_tau,392,222,1,0.74,222,0,0.00185748232423038,0.00539635554745107,222,30,3,0.0116212113280637,57.6576576576577,0.445738608103954,1.2227698206658,-0,1,0.162162162162162,0.721083956397362,0.853429010833162,zero,25,5,30,6,0.135135135135135,0.00380171694287748,0.00899107992872211,0,0.0113169228931602,NaN,0.433333333333333,-0.0101124190495004,0.148648648648649,0.00494363759749283,0.0143631947192125,0.0162042427731764,0.0097619067374766,0.2,400,231,862,862,399,463,356,79,100,79,15002,2,237,237,237,237,222,222,222,222,222,0,30
LIRCMOP7_BC,1,ref_tau,393,234,1,0.78,234,0,0.00213264953452898,0.00614275484637905,234,30,3,0.0122493849133644,54.7008547008547,0.439956813710458,1.20902426470325,0,0.998450000034493,0.14957264957265,0.902772926298305,1.9258440836138,zero,21,9,30,3,0.128205128205128,0.00721408934116655,0.0121213144932483,0,0.0194126209323771,NaN,0.633333333333333,0.00482598218359628,0.0256410256410256,0.0124970832451676,0.0276133801149776,0.0271203086002384,0.0281064516297168,0.1,400,222,844,844,375,469,349,84,100,84,14760,3,252,252,252,252,234,234,234,234,234,0,30
LIRCMOP7_BC,1,ref_tau,394,219,1,0.73,219,0,0.00214633803694892,0.00766997099704605,219,30,3,0.0114641679317385,58.4474885844749,0.41686785159393,1.15201227554687,0,1,0.164383561643836,0.813590068091521,1.24365571716675,zero,26,4,30,8,0.136986301369863,0.00242252392101897,0.00752055416793325,0,0.00752055416793325,NaN,0.4,-0.00727976560966714,0.0821917808219178,0.00420848123266301,0.0200066675131627,0.0194296361199499,0.0200066675131627,0.266666666666667,400,234,868,868,394,474,358,79,100,79,17288,5,237,237,237,237,219,219,219,219,219,0,30
LIRCMOP7_BC,1,ref_tau,395,213,1,0.71,213,0,0.00207298477646137,0.00694607363212293,213,30,3,0.0111500811390881,60.093896713615,0.408236915181911,0.992633972614371,0,1,0.126760563380282,0.700325229350589,1.61670138726412,zero,28,2,30,3,0.140845070422535,0.00925317578207986,0.0121840458785106,0,0.0290736572169809,NaN,0.433333333333333,-0.0175449151850332,0.0845070422535211,0.0128180525938497,0.0293281960619756,0.0303167421956846,0.0141423932020443,0.1,400,219,838,838,380,458,344,76,100,76,14086,35,228,228,228,228,213,213,213,213,213,0,30
LIRCMOP7_BC,1,ref_tau,396,237,1,0.79,237,0,0.00240034258687739,0.00826035622736425,237,30,3,0.0124064283096896,54.0084388185654,0.425413627891107,1.17593052173068,0,1,0.164556962025316,0.909152596341654,1.24671504409098,zero,20,10,30,4,0.126582278481013,0.00291386666767254,0.00792677368813438,0,0.00792677368813438,NaN,0.433333333333333,-0.00838682968219653,0.0253164556962025,0.00458320172248422,0.01325344019276,0.01325344019276,0.0120692230182165,0.133333333333333,400,213,826,826,373,453,337,83,100,83,13740,19,249,249,249,249,237,237,237,237,237,0,30
LIRCMOP7_BC,1,ref_tau,397,243,1,0.81,243,0,0.0021036027277642,0.00752469723644274,243,30,3,0.0127205151023399,52.6748971193416,0.425413627891107,1.18733291956195,0,1,0.185185185185185,0.737942447147976,0.824599956947763,zero,18,12,30,4,0.123456790123457,0.00552350002232829,0.00598426413396091,0,0.00857821365309888,NaN,0.533333333333333,0.0119557094915438,0.037037037037037,0.00638879906501718,0.010605300102133,0.0147723131325744,0.0101417000329522,0.133333333333333,400,237,874,874,411,463,362,84,100,84,15344,20,252,252,252,252,243,243,243,243,243,0,30
LIRCMOP7_BC,1,ref_tau,398,240,1,0.8,240,0,0.00200586920706339,0.00585327237966606,240,30,3,0.0125634717060148,53.3333333333333,0.42499196891587,1.16696117941175,0,1,0.1375,0.859856270013344,0.729497773334024,zero,19,11,30,2,0.125,0.00203919149815643,0.00546713925038739,0,0.00548146731338979,NaN,0.533333333333333,0.00761840561802257,0.025,0.00443690824179249,0.0101324543735649,0.0108662124733787,0.00917966388557373,0.0666666666666667,400,243,886,886,410,476,369,85,100,85,16110,5,255,255,255,255,240,240,240,240,240,0,30
LIRCMOP7_BC,1,ref_tau,399,219,1,0.73,219,0,0.00202009492098698,0.00706390203237849,219,30,3,0.0114641679317385,58.4474885844749,0.386207454976409,1.05545273018329,0,1,0.150684931506849,0.947301724798778,1.30104266601161,zero,26,4,30,4,0.136986301369863,0.00816214155094932,0.0147315336413802,0,0.0260865290887516,NaN,0.333333333333333,-0.00649660731236384,0.0410958904109589,0.0129670035032383,0.0288691713192446,0.0290754149853742,0.0225976840079012,0.133333333333333,400,240,880,880,412,468,368,77,100,77,15993,4,231,231,231,231,219,219,219,219,219,0,30
LIRCMOP7_BC,1,ref_tau,400,231,1,0.77,231,0,0.00202076608227576,0.00582196520308211,231,30,3,0.0120923415170392,55.4112554112554,0.41686785159393,1.19618053927831,0,0.9090964831119,0.12987012987013,0.888612166919119,1.54531635219223,zero,22,8,30,3,0.12987012987013,0.00205332995785077,0.00529984446628439,0,0.00563931677139462,NaN,0.366666666666667,-0.0101861390190351,0.051948051948052,0.00454986333026615,0.0100216412933898,0.00866049195241243,0.0159854810592743,0.1,400,219,838,838,380,458,326,83,100,83,13601,13,249,249,249,249,231,231,231,231,231,0,30
LIRCMOP7_BC,1,ref_tau,401,237,1,0.79,237,0,0.00186182556801271,0.00612272943566327,237,30,3,0.0124064283096896,54.0084388185654,0.376082178589952,1.20645551961826,-0,0.9090964831119,0.151898734177215,0.860868365830158,2.01081044735741,zero,20,10,30,0,0.126582278481013,0.00282998060751918,0.00679522557374055,0,0.00791843945986179,NaN,0.433333333333333,-0.00645885461371906,0,0.00654778282005789,0.0122832587967685,0.0122832587967685,0.015550370939951,0,400,231,862,862,386,476,346,84,100,84,15222,3,252,252,252,252,237,237,237,237,237,0,30
LIRCMOP7_BC,1,ref_tau,402,232,1,0.78,232,0,0.00266472551213818,0.00877794177538439,232,30,3,0.0121446893158143,55.1724137931034,0.425413627891107,1.20902426470325,0,1,0.155172413793103,0.86880388707011,0.667793367916584,zero,21,9,30,10,0.129310344827586,0.000814359415460353,0.00519200306866656,0,0.00790179215435366,NaN,0.466666666666667,-0.00453088604743315,0.141025641025641,0.0054861203595745,0.0123598843077736,0.0116197478784,0.0172866679779287,0.333333333333333,400,237,874,874,393,481,357,82,100,82,15652,0,246,246,246,246,232,232,232,232,232,0,30
LIRCMOP7_BC,1,ref_tau,403,222,1,0.74,222,0,0.00192013226511063,0.0068891825727623,222,30,3,0.0116212113280637,57.6576576576577,0.39722218507916,1.19618053927831,0,0.9090964831119,0.162162162162162,1.15438329207511,1.35698760899527,zero,25,5,30,5,0.135135135135135,0.0138601151717383,0.0181804766537342,0,0.0257705085788991,NaN,0.433333333333333,-0.027252464933344,0.0540540540540541,0.0151095267930034,0.0258699151574308,0.0260808397973039,0.0256589905175577,0.166666666666667,400,232,864,864,393,471,349,81,100,81,16042,12,243,243,243,243,222,222,222,222,222,0,30
LIRCMOP7_BC,1,ref_tau,404,237,1,0.79,237,0,0.00203057872796298,0.00610022399546162,237,30,3,0.0124064283096896,54.0084388185654,0.375356234569483,1.20645551961826,0,1,0.177215189873418,0.789630419386743,0.936614845667299,zero,20,10,30,3,0.126582278481013,0.00512152981641128,0.0070274111222941,0,0.0163277223835875,NaN,0.566666666666667,0.0158451106765894,0.0759493670886076,0.00742214060603024,0.016856641905188,0.016856641905188,0.0165362390898287,0.1,400,222,844,844,388,456,338,82,100,82,14064,0,246,246,246,246,237,237,237,237,237,0,30
LIRCMOP7_BC,1,ref_tau,405,222,1,0.74,222,0,0.00195456065285896,0.00703886836988628,222,30,3,0.0116212113280637,57.6576576576577,0.39722218507916,1.20902426470325,0,0.9090964831119,0.148648648648649,0.98154577435096,2.95520807948481,zero,25,5,30,8,0.135135135135135,0.022991075747547,0.0536774347493962,0,0.0554666418139011,NaN,0.633333333333333,0.0102403568004586,0.0810810810810811,0.0411993185776187,0.0555381460188696,0.054492316890698,0.0565839751470413,0.266666666666667,400,237,874,874,396,478,352,78,100,78,16371,6,234,234,234,234,222,222,222,222,222,0,30
LIRCMOP7_BC,1,ref_tau,406,216,1,0.72,216,0,0.00200649968855768,0.00660855972231971,216,30,3,0.0113071245354133,59.2592592592593,0.421140739742519,1.18383447291788,0,0.88740063553729,0.138888888888889,0.81344922313141,1.54545086964989,zero,26,4,30,4,0.138888888888889,0.00907147655542248,0.0570666669471031,0,0.0570666669471031,NaN,0.266666666666667,-0.0138025714976233,0.0277777777777778,0.0138289293458426,0.0592130665993055,0.0299575064338549,0.124323599460258,0.133333333333333,400,222,844,844,361,483,329,77,100,77,15250,9,231,231,231,231,216,216,216,216,216,0,30
LIRCMOP7_BC,1,ref_tau,407,225,1,0.75,225,0,0.00208090764360185,0.00725047066743477,225,30,3,0.0117782547243888,56.8888888888889,0.408236915181911,1.20902426470325,0,0.9090964831119,0.182222222222222,0.733311220645984,0.888914687469035,zero,23,7,30,0,0.133333333333333,0.00658796276765424,0.0105676096157624,0,0.0113105576633453,NaN,0.366666666666667,-0.00764314936190108,0,0.00873562409759791,0.0114939621436705,0.0126459439910898,0.0100721920331756,0,400,216,832,832,367,465,331,77,100,77,14538,6,231,231,231,231,225,225,225,225,225,0,30
LIRCMOP7_BC,1,ref_tau,408,225,1,0.75,225,0,0.00204579034340294,0.00568894031323671,225,30,3,0.0117782547243888,56.8888888888889,0.41686785159393,1.20902426470325,0,0.9090964831119,0.173333333333333,0.746452948488317,1.39997902865875,zero,20,10,30,6,0.133333333333333,0.0107574042421855,0.0272121399364835,0,0.0283283874291831,NaN,0.6,0.0130150467396746,0.08,0.0107642885894381,0.0283845405610671,0.0282717212288903,0.0298907259957706,0.2,400,225,850,850,382,468,342,80,100,80,14892,16,240,240,240,237,225,225,225,225,225,0,30
LIRCMOP7_BC,1,ref_tau,409,234,1,0.78,234,0,0.00229259045426363,0.00767170303959651,234,30,3,0.0122493849133644,54.7008547008547,0.4205318523233,1.23048582871256,0,1,0.192307692307692,0.73899775802317,1.61339235611894,zero,18,12,30,1,0.128205128205128,0.0108998116433301,0.0148994294979512,0,0.0208686699890544,NaN,0.133333333333333,-0.0419084674493514,0.0256410256410256,0.0120186997053131,0.0214491470512354,0.0197734140054187,0.0216084295131475,0.0333333333333333,400,225,850,850,378,472,339,85,100,85,14460,4,255,255,255,252,234,234,234,234,234,0,30
LIRCMOP7_BC,1,ref_tau,410,227,1,0.76,227,0,0.0020848095072002,0.00619467716092516,227,30,3,0.011882950321939,56.3876651982379,0.425413627891107,1.18191008327663,0,1,0.171806167400881,0.749948939271321,1.00254440930796,zero,20,10,30,3,0.13215859030837,0.00349367210951278,0.00830147061027024,0,0.00877572868082102,NaN,0.466666666666667,-0.00653541635578725,0.0526315789473684,0.0047632194400241,0.00883134577595235,0.00888235588599406,0.00849302604813523,0.1,400,234,868,868,380,488,351,81,100,81,15735,6,243,243,243,243,227,227,227,227,227,0,30
LIRCMOP7_BC,1,ref_tau,411,231,1,0.77,231,0,0.00247705993590827,0.00695644408350227,231,30,3,0.0120923415170392,55.4112554112554,0.425413627891107,1.23193114392949,0,1,0.155844155844156,0.860044029337088,1.02261032052513,zero,19,11,30,7,0.12987012987013,0.00322058563301516,0.00558109634510858,0,0.00770880178134866,NaN,0.266666666666667,-0.0329190931580112,0.0779220779220779,0.00390520502157563,0.00805246986591939,0.00821909392863045,0.00905705043532443,0.233333333333333,400,227,854,854,382,472,342,84,100,84,14585,6,252,252,252,252,231,231,231,231,231,0,30
LIRCMOP7_BC,1,ref_tau,412,231,1,0.77,231,0,0.00254670316369671,0.00872320547972596,231,30,3,0.0120923415170392,55.4112554112554,0.408236915181911,1.23193114392949,0,1,0.194805194805195,0.86140406545443,0.637708889348372,zero,19,11,30,2,0.12987012987013,0.00710074383744844,0.0131404496842907,0,0.0136904712678897,NaN,0.466666666666667,-0.0137051424504145,0.025974025974026,0.00770595564572976,0.0139231151927859,0.0126775470473051,0.0174987563086848,0.0666666666666667,400,231,862,862,386,476,345,81,100,81,15441,0,243,243,243,243,231,231,231,231,231,0,30
LIRCMOP7_BC,1,ref_tau,413,237,1,0.79,237,0,0.0017321037326855,0.00538194416659361,237,30,3,0.0124064283096896,54.0084388185654,0.444524523064266,1.21479111807942,0,1,0.151898734177215,0.830476937612493,0.579460017167745,zero,18,12,30,10,0.126582278481013,0.00234279259926486,0.00576506412750257,0,0.00661245376146512,NaN,0.5,0.0104371736359884,0.10126582278481,0.00301081874333991,0.00672302145324237,0.0074378519305493,0.00600819097593543,0.333333333333333,400,231,862,862,384,478,346,84,100,84,15272,3,252,252,252,252,237,237,237,237,237,0,30
LIRCMOP7_BC,1,ref_tau,414,231,1,0.77,231,0,0.00183911867868234,0.00535987227725891,231,30,3,0.0120923415170392,55.4112554112554,0.424195853052669,1.05405898448025,0,0.878362491494866,0.103896103896104,0.888659529056981,2.36232865521641,zero,21,9,30,17,0.12987012987013,0.0395952299619452,0.0461384005490373,0,0.0479589836676538,NaN,0.633333333333333,0.0210754402637226,0.12987012987013,0.0426510404214277,0.0481348883328914,0.0481347844089294,0.0477169249263914,0.566666666666667,400,237,874,874,393,481,339,81,100,81,15487,4,243,243,243,243,231,231,231,231,231,0,30
LIRCMOP7_BC,1,ref_tau,415,222,1,0.74,222,0,0.00195701959640988,0.0066969057802853,222,30,3,0.0116212113280637,57.6576576576577,0.424804740471888,1.23193114392949,0,0.88740063553729,0.121621621621622,1.16216740290818,1.05043726287979,zero,23,7,30,0,0.135135135135135,0.0151317220020729,0.0217518170530885,0,0.0225958719706417,NaN,0.466666666666667,-0.00798037787715661,0,0.0159932987289267,0.0227193890275996,0.0215831755922135,0.0257732741823639,0,400,231,862,862,380,482,337,77,100,77,16760,0,231,231,231,228,222,222,222,222,222,0,30
LIRCMOP7_BC,1,ref_tau,416,222,1,0.74,222,0,0.00202315712862222,0.00694556677579333,222,30,3,0.0116212113280637,57.6576576576577,0.424195853052669,1.15201227554687,0,0.88740063553729,0.148648648648649,0.837581385980204,1.16997723292538,zero,23,7,30,8,0.135135135135135,0.00491132175212438,0.0141431839859101,0,0.0156372076112458,NaN,0.666666666666667,0.00642553312272437,0.121621621621622,0.00810926096534919,0.0157729511444126,0.0156829554100142,0.015958438677645,0.266666666666667,400,222,844,844,377,467,333,77,100,77,15400,0,231,231,231,231,222,222,222,222,222,0,30
LIRCMOP7_BC,1,ref_tau,417,234,1,0.78,234,0,0.00177872233478119,0.00505347294240038,234,30,3,0.0122493849133644,54.7008547008547,0.4205318523233,1.23193114392949,0,1,0.128205128205128,1.02500590051711,0.910668927082023,zero,20,10,30,5,0.128205128205128,0.00372030396530144,0.012861904260403,0,0.0135866606772067,NaN,0.6,0.0408959305710619,0.0641025641025641,0.00419398122359862,0.0138590781261829,0.0138590781261829,0.0142315863576579,0.166666666666667,400,222,844,844,381,463,340,83,100,83,14358,0,249,249,249,249,234,234,234,234,234,0,30
LIRCMOP7_BC,1,ref_tau,418,222,1,0.74,222,0,0.00191417571428169,0.00551523270592627,222,30,3,0.0116212113280637,57.6576576576577,0.425413627891107,1.15201227554687,0,1,0.135135135135135,0.863698112707961,2.06713352553563,zero,24,6,30,9,0.135135135135135,0.0136007623279023,0.0284649463932135,0,0.0292897961386389,NaN,0.466666666666667,-0.00232558166973734,0.135135135135135,0.0140342693925291,0.0293995960695581,0.0286899891723272,0.0299305800503741,0.3,400,234,868,868,387,481,353,77,100,77,15580,8,231,231,231,231,222,222,222,222,222,0,30
LIRCMOP7_BC,1,ref_tau,419,238,1,0.8,238,0,0.00162239013660812,0.00493980703692726,238,30,3,0.0124587761084646,53.781512605042,0.41686785159393,1.13343789361886,0,0.878362491494866,0.138655462184874,0.910864024642275,1.8749553050371,zero,18,12,30,10,0.126050420168067,0.0219745647913984,0.0326954495041886,0,0.0329440902973089,NaN,0.466666666666667,-0.0143714598083977,0.1,0.0240514388093233,0.0329780160316007,0.0326910830073326,0.033103467914035,0.333333333333333,400,222,844,844,372,472,337,84,100,84,14439,1,252,252,252,252,238,238,238,238,238,0,30
LIRCMOP7_BC,1,ref_tau,420,230,1,0.77,230,0,0.00166122142422518,0.00499329221894839,230,30,3,0.0120399937182641,55.6521739130435,0.41686785159393,1.09009766912016,0,1,0.130434782608696,0.928172616652044,1.6533333329942,zero,21,9,30,11,0.130434782608696,0.00652085574179461,0.0320984084871533,0,0.0329480708153567,NaN,0.4,-0.0131102397741933,0.116883116883117,0.00905905874689285,0.0330594529687046,0.0325674382651031,0.0365848686246012,0.366666666666667,400,238,876,876,381,495,348,82,100,82,16382,0,246,246,246,246,230,230,230,230,230,0,30
LIRCMOP7_BC,1,ref_tau,421,228,1,0.76,228,0,0.00179614310807704,0.00523116822186606,228,30,3,0.011935298120714,56.140350877193,0.412552383387921,1.25618430206022,0,1,0.131578947368421,1.02738300115525,1.17560665737276,zero,22,8,30,1,0.131578947368421,0.00585134419941334,0.010395560755274,0,0.0113072382030654,NaN,0.5,0.00211316921279114,0.0263157894736842,0.00820716435252007,0.0115152560940538,0.0143308730681963,0.0105838237592622,0.0333333333333333,400,230,860,860,363,497,336,79,100,79,15293,0,237,237,237,237,228,228,228,228,228,0,30
LIRCMOP7_BC,1,ref_tau,422,216,1,0.72,216,0,0.00202933449962239,0.00606999257618141,216,30,3,0.0113071245354133,59.2592592592593,0.406447907891616,1.15201227554687,0,1,0.111111111111111,0.910999155803261,1.66765848134464,zero,25,5,30,3,0.138888888888889,0.0142695802510828,0.0253725724697116,0,0.0257424370319123,NaN,0.466666666666667,-0.0204833015250531,0.0694444444444444,0.0143177985536183,0.0257568204773734,0.0253025188510272,0.0262111221037197,0.1,400,228,856,856,366,490,335,77,100,77,16590,3,231,231,231,231,216,216,216,216,216,0,30
LIRCMOP7_BC,1,ref_tau,423,237,1,0.79,237,0,0.00196193151198639,0.00568124750159145,237,30,3,0.0124064283096896,54.0084388185654,0.408236915181911,1.21594737025297,0,1,0.10126582278481,0.784004167247298,2.66071454154849,zero,19,11,30,7,0.126582278481013,0.0444375322031586,0.0586003748954815,0,0.058965385435531,NaN,0.466666666666667,-0.0112478336610084,0.0759493670886076,0.0468931982753977,0.0591977471903214,0.0593646359971852,0.059835494494352,0.233333333333333,400,216,832,832,361,471,325,83,100,83,14777,0,249,249,249,249,237,237,237,237,237,0,30
LIRCMOP7_BC,1,ref_tau,424,237,1,0.79,237,0,0.00202900964858017,0.00599205399089327,237,30,3,0.0124064283096896,54.0084388185654,0.41686785159393,1.21594737025297,0,0.8124378872607,0.113924050632911,0.792720917070775,0.565782807480447,zero,19,11,30,1,0.126582278481013,0.0041338477153838,0.00478271409782205,0,0.00843012669466161,NaN,0.433333333333333,-0.00398873167030439,0.0253164556962025,0.00638306678417379,0.00865356037014017,0.00867430493433309,0.00863281580594725,0.0333333333333333,400,237,874,874,374,500,344,84,100,84,15879,3,252,252,252,250,237,237,237,237,237,0,30
LIRCMOP7_BC,1,ref_tau,425,243,1,0.81,243,0,0.00267079615913299,0.00762864784881403,243,30,3,0.0127205151023399,52.6748971193416,0.408236915181911,1.25461235756868,-0,1,0.160493827160494,0.86059779023252,2.44495878384566,zero,18,12,30,5,0.123456790123457,0.00820774006157005,0.0357037006160354,0,0.0391982326950826,NaN,0.466666666666667,-0.0175415820082316,0.0740740740740741,0.0177519331720932,0.0392694176766423,0.0403060057331122,0.0382542409197256,0.166666666666667,400,237,874,874,379,495,346,87,100,87,15862,0,261,261,261,261,243,243,243,243,243,0,30
LIRCMOP7_BC,1,ref_tau,426,223,1,0.75,223,0,0.00169198587283983,0.00543503552707556,223,30,3,0.0116735591268387,57.3991031390135,0.41686785159393,1.23193114392949,0,0.88740063553729,0.112107623318386,1.03766076605299,1.75251430805257,zero,22,8,30,3,0.134529147982063,0.0159182958627987,0.032782091515179,0,0.0366042265106057,NaN,0.433333333333333,-0.0207966913513712,0.0533333333333333,0.016557064455856,0.0372233886274993,0.036572415430579,0.0378253787491071,0.1,400,243,886,886,395,491,355,80,100,80,17152,0,240,240,240,240,223,223,223,223,223,0,30
LIRCMOP7_BC,1,ref_tau,427,216,1,0.72,216,0,0.00160510801454457,0.00488260765687359,216,30,3,0.0113071245354133,59.2592592592593,0.412552383387921,1.15201227554687,0,1,0.12962962962963,0.842439173561781,1.97633638938184,zero,26,4,30,5,0.138888888888889,0.00912753831181043,0.0273984561435573,0,0.0281361555152439,NaN,0.533333333333333,0.00540583253387114,0.111111111111111,0.010412537672913,0.0282223213425344,0.0276925715831495,0.0283284294989802,0.166666666666667,400,223,846,846,365,481,330,78,100,78,14831,0,234,234,234,234,216,216,216,216,216,0,30
LIRCMOP7_BC,1,ref_tau,428,234,1,0.78,234,0,0.00167781665354596,0.00545139312496716,234,30,3,0.0122493849133644,54.7008547008547,0.412552383387921,1.18191008327663,0,1,0.128205128205128,0.931110829437511,1.09212396591335,zero,20,10,30,1,0.128205128205128,0.00576709979304865,0.016388664548715,0,0.0202661520583379,NaN,0.466666666666667,-0.00703862735876168,0.0256410256410256,0.00636785448898732,0.0208740525820439,0.0192531615348538,0.0218271700680287,0.0333333333333333,400,216,832,832,365,467,324,83,100,83,14089,0,249,249,249,246,234,234,234,234,234,0,30
LIRCMOP7_BC,1,ref_tau,429,227,1,0.76,227,0,0.00175930881471836,0.00497060697962387,227,30,3,0.011882950321939,56.3876651982379,0.408236915181911,1.25421937144579,0,1,0.145374449339207,1.00751254325671,1.31258385231522,zero,22,8,30,5,0.13215859030837,0.0100093080625897,0.0165492823386844,0,0.0204699324975727,NaN,0.7,0.0737382031034299,0.0789473684210526,0.0148716540314077,0.0209091271202808,0.0227981745222676,0.0188263786045405,0.166666666666667,400,234,868,868,373,495,340,80,100,80,15475,0,240,240,240,240,227,227,227,227,227,0,30
LIRCMOP7_BC,1,ref_tau,430,228,1,0.76,228,0,0.00176135767763408,0.00566584679482269,228,30,3,0.011935298120714,56.140350877193,0.412552383387921,1.23193114392949,0,1,0.144736842105263,0.930942187119393,2.50049007619793,zero,22,8,30,8,0.131578947368421,0.0309953768844966,0.0672832447903946,0,0.0800361563557649,NaN,0.466666666666667,-0.0120557094938774,0.105263157894737,0.0330570058498204,0.0804714069124352,0.0783566218321793,0.0719920778508295,0.266666666666667,400,227,854,854,369,485,334,80,100,80,15857,0,240,240,240,240,228,228,228,228,228,0,30
LIRCMOP7_BC,1,ref_tau,431,244,1,0.82,244,0,0.00158630845484101,0.00494025591774635,244,30,3,0.012772862901115,52.4590163934426,0.424570309940634,1.15500205631984,0,1,0.147540983606557,1.05885616487712,1.63459934525812,zero,16,14,30,4,0.122950819672131,0.00453771415609957,0.0126834173160372,0,0.0162212961190337,NaN,0.366666666666667,-0.068300595667327,0.0487804878048781,0.00573606473407371,0.0165511061425187,0.0160288082577286,0.0165627264631475,0.133333333333333,400,228,856,856,367,489,333,84,100,84,14844,0,252,252,252,252,244,244,244,244,244,0,30
LIRCMOP7_BC,1,ref_tau,432,225,1,0.75,225,0,0.00214508864806512,0.0068972786772442,225,30,3,0.0117782547243888,56.8888888888889,0.41686785159393,1.18191008327663,0,0.88740063553729,0.106666666666667,0.889854417219386,0.776326398259244,zero,22,8,30,1,0.133333333333333,0.00530895769194497,0.0163849926537449,0,0.0179946442305774,NaN,0.533333333333333,0.0229668387069429,0.0266666666666667,0.00551486861112254,0.0181709091617171,0.0167726463602252,0.0224350321256956,0.0333333333333333,400,244,888,888,376,512,348,78,100,78,18689,0,234,234,234,234,225,225,225,225,225,0,30
LIRCMOP7_BC,1,ref_tau,433,219,1,0.73,219,0,0.00174964172991067,0.00581852552804703,219,30,3,0.0114641679317385,58.4474885844749,0.41686785159393,1.09777040716713,0,1,0.10958904109589,0.921577733380349,1.49416499497713,zero,24,6,30,1,0.136986301369863,0.0118061809710098,0.0238381679217377,0,0.0244699993728795,NaN,0.6,0.0582462282063624,0.0273972602739726,0.0133426681564413,0.0245991034707807,0.0249619313919475,0.0237193693675426,0.0333333333333333,400,225,850,850,358,492,331,76,100,76,16436,0,228,228,228,228,219,219,219,219,219,0,30
LIRCMOP7_BC,1,ref_tau,434,252,1,0.84,252,0,0.00170528963149628,0.00572112852249589,252,30,3,0.0131916452913155,50.7936507936508,0.421140739742519,1.23091942327764,0,1,0.166666666666667,0.817029725328035,1.89592175673627,zero,14,16,30,2,0.119047619047619,0.0126613265562119,0.0229636373812722,0,0.0260246823284693,NaN,0.6,0.00868779967947478,0.0238095238095238,0.014100111263574,0.0261982254353749,0.0250137564805753,0.0272852119818827,0.0666666666666667,400,219,838,838,351,487,322,87,100,87,14294,3,261,261,261,261,252,252,252,252,252,0,30
LIRCMOP7_BC,1,ref_tau,435,246,1,0.82,246,0,0.00153186331466714,0.00432839365161895,246,30,3,0.0128775584986651,52.0325203252033,0.462371960688356,1.25199054869416,0,1,0.158536585365854,0.842873507992356,1.64680059345767,zero,17,13,30,4,0.121951219512195,0.00678625409535405,0.0132170448672296,0,0.0208092294416023,NaN,0.433333333333333,-0.0172182876270447,0.0487804878048781,0.00796058571461483,0.0211364332164525,0.0209806355012757,0.0434832719035774,0.133333333333333,400,252,904,904,399,505,357,85,100,85,16857,0,255,255,255,255,246,246,246,246,246,0,30
LIRCMOP7_BC,1,ref_tau,436,240,1,0.8,240,0,0.00198214961401935,0.00575338615822672,240,30,3,0.0125634717060148,53.3333333333333,0.447898762157012,1.20692061360306,0,0.924500952714535,0.1625,0.760235025089459,2.04123932315452,zero,19,11,30,3,0.125,0.0164936381690962,0.0275671358872947,0,0.0278722176056794,NaN,0.566666666666667,0.0137885335196647,0.05,0.0189706301143291,0.0279016266884507,0.0279044712815931,0.0277664396606561,0.1,400,246,892,892,386,506,352,83,100,83,16129,0,249,249,249,249,240,240,240,240,240,0,30
LIRCMOP7_BC,1,ref_tau,437,247,1,0.83,247,0,0.00267466451534144,0.00714339938496702,247,30,3,0.0129299062974402,51.8218623481781,0.41686785159393,1.15201227554687,0,1,0.157894736842105,0.814631820512513,2.56521347278636,zero,16,14,30,0,0.121457489878543,0.00942185981853075,0.0292158701370926,0,0.0303829069389945,NaN,0.366666666666667,-0.0370128068576131,0,0.0107822899821686,0.0306096866386959,0.0297133528413153,0.0351414940462558,0,400,240,880,880,377,503,345,84,100,84,15797,0,252,252,252,252,247,247,247,247,247,0,30
