problem,run,target_FE,actual_FE,gen,pair_index,pair_side,archive_role,intended_feasible,ref,score,obj1,obj2,dec1,dec2,dec3,dec4,dec5,dec6,dec7,dec8,dec9,dec10,dec11,dec12,dec13,dec14,dec15,dec16,dec17,dec18,dec19,dec20,dec21,dec22,dec23,dec24,dec25,dec26,dec27,dec28,dec29,dec30
"LIRCMOP7_BC",1,10000,10060,49,1,"feasible_endpoint","AF_train",1,99,0.65734026978910287,8.2390719576563196,0.96373169862363584,0.96059459171921002,0.95815372808414845,0.40233512346828332,0.99934617888752464,0.42759495462756913,0.97210112509660418,0.90482944715912939,0.92890931784740083,0.2992294159037765,0.82217300554869821,0.68647799192197856,0.89931558937678713,0.41811296059057745,0.73709493252565295,0.5208864814223706,0.73476686832390592,0.87419374531291894,0.64470181934396376,0.70752263305174767,0.51871978816667419,1,0.37818516294354299,0.69238816787305757,0.37896430173357376,1,0.31359764595336909,0.87384222168248527,0.12442770468132232,0.80853421023712424,0.060592610789366341
"LIRCMOP7_BC",1,10000,10060,49,1,"infeasible_endpoint","AI_train",0,99,0.65734026978910287,4.7814419937152213,2.5312687726109222,0.79109750628537523,0.86814307937088242,0.32367008991627422,0.96534498684109415,0.40835869117053375,0.90254693848704437,0.59296256580752127,0.78757061825237129,0.35708091761551369,0.70829235597322304,0.48166535182536924,0.83554505008987467,0.33259216739479036,0.73072730120084683,0.49987378332739585,0.75482374280664499,0.62160348371049667,0.81715079559228398,0.61356732160613037,0.62050128611711186,0.83742326545584356,0.4662513568092031,0.50688669068217818,0.40822847895236386,0.85113640748502539,0.4956823802525484,0.86274585074737453,0.26863531613707103,0.90377873097945594,0.34030343268419705
"LIRCMOP7_BC",1,10000,10060,49,2,"feasible_endpoint","AF_train",1,56,0.0097295520766038108,3.2905948183126608,2.3576718907412806,0.97808524270293051,0.75514689038524396,0.22588246774098247,0.94743140789617808,0.25046861445099999,0.96658226435056227,0.61121781364430894,0.95925093471268341,0.45798966078864389,0.97344832123528502,0.53829352283400989,0.81625199171669449,0.48594362953819781,0.61381971924891976,0.58778053823408527,0.82393222357944795,0.59156324013035899,0.6780361798540897,0.91619640173862193,0.50887493069613832,1,0.43833467796359432,0.85622781372808032,0.25048081236047043,0.95489423559218745,0.27479340274411734,0.98145730731513181,0.23234476615891497,0.95706801589287394,0.20883591024084244
"LIRCMOP7_BC",1,10000,10060,49,2,"infeasible_endpoint","AI_train",0,56,0.0097295520766038108,3.2161943060274281,2.3190652688238469,0.84511290234352487,0.77060350971352198,0.21868242110047298,0.93786416538084116,0.14651419324337417,0.89548755006288794,0.57769079919380106,0.93215541432168436,0.3146358670902194,0.87563539545931246,0.52193723561054828,0.68628192401300325,0.38712676435735094,0.65128732268495537,0.46199841376344664,0.73086140425332968,0.6756303122373466,0.63266880618454557,0.75186999499364937,0.57289368324805579,0.85716913092703684,0.4719864182414939,0.83480127526524583,0.39367974190690008,0.87574519814555107,0.40142293399937501,0.80704892160264685,0.25691784323694633,0.89831768902074915,0.32156193515169174
"LIRCMOP7_BC",1,10000,10060,49,3,"feasible_endpoint","AF_train",1,72,0.0076552215493370579,3.8005800040082081,1.8143263378760393,0.92831686347135034,0.84159152364193079,0.29281803580460952,0.93174066890463281,0.28659784668326077,0.96445564077590573,0.64663412391678943,0.88350522424944389,0.42764436191822985,0.88832978812466901,0.56771878858923119,0.71444195673453315,0.47359060601728437,0.68177388779554082,0.52151954891269092,0.81725388939346799,0.70975939464735105,0.7098575435772605,0.66810511656220606,0.46029887530276181,0.94471138828562751,0.42205741154600279,0.77572423492341103,0.36432966113878229,0.84199237620158174,0.30341225356856882,0.88724855646201584,0.2581936005915314,0.97355709004701829,0.26280896375532137
"LIRCMOP7_BC",1,10000,10060,49,3,"infeasible_endpoint","AI_train",0,72,0.0076552215493370579,3.7313107008015836,1.7941457702972399,0.88792938402032706,0.78898348682344155,0.29175362831962892,1,0.20549990922254377,0.93365961483682069,0.64425170564739576,0.93131009830541112,0.36206151851665896,0.80571404424689064,0.5531902827099362,0.93198911920427285,0.39499287829309959,0.7141127151694795,0.5058637323275198,0.80151433629914293,0.65937060443993312,0.71838392027014542,0.75096378578688361,0.58798369499826197,0.78623516830950335,0.36413605717911601,0.81627806986179485,0.37728061938636775,0.97842900257553622,0.35236785781067681,0.81855743243395795,0.28987789411890341,0.98870158482460968,0.22073815452786288
"LIRCMOP7_BC",1,10000,10060,49,4,"feasible_endpoint","AF_train",1,56,0.0097295520766038108,3.2905948183126608,2.3576718907412806,0.97808524270293051,0.75514689038524396,0.22588246774098247,0.94743140789617808,0.25046861445099999,0.96658226435056227,0.61121781364430894,0.95925093471268341,0.45798966078864389,0.97344832123528502,0.53829352283400989,0.81625199171669449,0.48594362953819781,0.61381971924891976,0.58778053823408527,0.82393222357944795,0.59156324013035899,0.6780361798540897,0.91619640173862193,0.50887493069613832,1,0.43833467796359432,0.85622781372808032,0.25048081236047043,0.95489423559218745,0.27479340274411734,0.98145730731513181,0.23234476615891497,0.95706801589287394,0.20883591024084244
"LIRCMOP7_BC",1,10000,10060,49,4,"infeasible_endpoint","AI_train",0,56,0.0097295520766038108,3.2161943060274281,2.3190652688238469,0.84511290234352487,0.77060350971352198,0.21868242110047298,0.93786416538084116,0.14651419324337417,0.89548755006288794,0.57769079919380106,0.93215541432168436,0.3146358670902194,0.87563539545931246,0.52193723561054828,0.68628192401300325,0.38712676435735094,0.65128732268495537,0.46199841376344664,0.73086140425332968,0.6756303122373466,0.63266880618454557,0.75186999499364937,0.57289368324805579,0.85716913092703684,0.4719864182414939,0.83480127526524583,0.39367974190690008,0.87574519814555107,0.40142293399937501,0.80704892160264685,0.25691784323694633,0.89831768902074915,0.32156193515169174
"LIRCMOP7_BC",1,10000,10060,49,5,"feasible_endpoint","AF_train",1,56,0.0097295520766038108,3.2905948183126608,2.3576718907412806,0.97808524270293051,0.75514689038524396,0.22588246774098247,0.94743140789617808,0.25046861445099999,0.96658226435056227,0.61121781364430894,0.95925093471268341,0.45798966078864389,0.97344832123528502,0.53829352283400989,0.81625199171669449,0.48594362953819781,0.61381971924891976,0.58778053823408527,0.82393222357944795,0.59156324013035899,0.6780361798540897,0.91619640173862193,0.50887493069613832,1,0.43833467796359432,0.85622781372808032,0.25048081236047043,0.95489423559218745,0.27479340274411734,0.98145730731513181,0.23234476615891497,0.95706801589287394,0.20883591024084244
"LIRCMOP7_BC",1,10000,10060,49,5,"infeasible_endpoint","AI_train",0,56,0.0097295520766038108,3.2161943060274281,2.3190652688238469,0.84511290234352487,0.77060350971352198,0.21868242110047298,0.93786416538084116,0.14651419324337417,0.89548755006288794,0.57769079919380106,0.93215541432168436,0.3146358670902194,0.87563539545931246,0.52193723561054828,0.68628192401300325,0.38712676435735094,0.65128732268495537,0.46199841376344664,0.73086140425332968,0.6756303122373466,0.63266880618454557,0.75186999499364937,0.57289368324805579,0.85716913092703684,0.4719864182414939,0.83480127526524583,0.39367974190690008,0.87574519814555107,0.40142293399937501,0.80704892160264685,0.25691784323694633,0.89831768902074915,0.32156193515169174
"LIRCMOP7_BC",1,10000,10060,49,6,"feasible_endpoint","AF_train",1,64,0.06194782441207889,3.5934669581463261,2.1456813889330237,0.88853936615300833,0.8659461194284308,0.30953395481000323,0.9299787573400804,0.28888010607045578,1,0.59538493699673256,0.87950052728348938,0.36972255842069779,0.83065184974517403,0.53215614324596872,0.89629667518383838,0.41661702610414325,0.62266895367164699,0.55904274383950581,0.80256718655230741,0.5989806535023392,0.74007595773677348,0.707898280442252,0.58858358082846995,0.82698613502642671,0.43824079912980007,0.72514704913819328,0.33298585601706954,0.92671014215521241,0.39105695308886645,0.88903547024483331,0.22281277588445786,0.85505780940868714,0.39248821653542076
"LIRCMOP7_BC",1,10000,10060,49,6,"infeasible_endpoint","AI_train",0,64,0.06194782441207889,3.7313107008015836,1.7941457702972399,0.88792938402032706,0.78898348682344155,0.29175362831962892,1,0.20549990922254377,0.93365961483682069,0.64425170564739576,0.93131009830541112,0.36206151851665896,0.80571404424689064,0.5531902827099362,0.93198911920427285,0.39499287829309959,0.7141127151694795,0.5058637323275198,0.80151433629914293,0.65937060443993312,0.71838392027014542,0.75096378578688361,0.58798369499826197,0.78623516830950335,0.36413605717911601,0.81627806986179485,0.37728061938636775,0.97842900257553622,0.35236785781067681,0.81855743243395795,0.28987789411890341,0.98870158482460968,0.22073815452786288
"LIRCMOP7_BC",1,10000,10060,49,7,"feasible_endpoint","AF_train",1,64,0.06194782441207889,3.5934669581463261,2.1456813889330237,0.88853936615300833,0.8659461194284308,0.30953395481000323,0.9299787573400804,0.28888010607045578,1,0.59538493699673256,0.87950052728348938,0.36972255842069779,0.83065184974517403,0.53215614324596872,0.89629667518383838,0.41661702610414325,0.62266895367164699,0.55904274383950581,0.80256718655230741,0.5989806535023392,0.74007595773677348,0.707898280442252,0.58858358082846995,0.82698613502642671,0.43824079912980007,0.72514704913819328,0.33298585601706954,0.92671014215521241,0.39105695308886645,0.88903547024483331,0.22281277588445786,0.85505780940868714,0.39248821653542076
"LIRCMOP7_BC",1,10000,10060,49,7,"infeasible_endpoint","AI_train",0,64,0.06194782441207889,3.7313107008015836,1.7941457702972399,0.88792938402032706,0.78898348682344155,0.29175362831962892,1,0.20549990922254377,0.93365961483682069,0.64425170564739576,0.93131009830541112,0.36206151851665896,0.80571404424689064,0.5531902827099362,0.93198911920427285,0.39499287829309959,0.7141127151694795,0.5058637323275198,0.80151433629914293,0.65937060443993312,0.71838392027014542,0.75096378578688361,0.58798369499826197,0.78623516830950335,0.36413605717911601,0.81627806986179485,0.37728061938636775,0.97842900257553622,0.35236785781067681,0.81855743243395795,0.28987789411890341,0.98870158482460968,0.22073815452786288
"LIRCMOP7_BC",1,10000,10060,49,8,"feasible_endpoint","AF_train",1,72,0.0076552215493370579,3.8005800040082081,1.8143263378760393,0.92831686347135034,0.84159152364193079,0.29281803580460952,0.93174066890463281,0.28659784668326077,0.96445564077590573,0.64663412391678943,0.88350522424944389,0.42764436191822985,0.88832978812466901,0.56771878858923119,0.71444195673453315,0.47359060601728437,0.68177388779554082,0.52151954891269092,0.81725388939346799,0.70975939464735105,0.7098575435772605,0.66810511656220606,0.46029887530276181,0.94471138828562751,0.42205741154600279,0.77572423492341103,0.36432966113878229,0.84199237620158174,0.30341225356856882,0.88724855646201584,0.2581936005915314,0.97355709004701829,0.26280896375532137
"LIRCMOP7_BC",1,10000,10060,49,8,"infeasible_endpoint","AI_train",0,72,0.0076552215493370579,3.7313107008015836,1.7941457702972399,0.88792938402032706,0.78898348682344155,0.29175362831962892,1,0.20549990922254377,0.93365961483682069,0.64425170564739576,0.93131009830541112,0.36206151851665896,0.80571404424689064,0.5531902827099362,0.93198911920427285,0.39499287829309959,0.7141127151694795,0.5058637323275198,0.80151433629914293,0.65937060443993312,0.71838392027014542,0.75096378578688361,0.58798369499826197,0.78623516830950335,0.36413605717911601,0.81627806986179485,0.37728061938636775,0.97842900257553622,0.35236785781067681,0.81855743243395795,0.28987789411890341,0.98870158482460968,0.22073815452786288
"LIRCMOP7_BC",1,10000,10060,49,9,"feasible_endpoint","AF_train",1,72,0.0076552215493370579,3.8005800040082081,1.8143263378760393,0.92831686347135034,0.84159152364193079,0.29281803580460952,0.93174066890463281,0.28659784668326077,0.96445564077590573,0.64663412391678943,0.88350522424944389,0.42764436191822985,0.88832978812466901,0.56771878858923119,0.71444195673453315,0.47359060601728437,0.68177388779554082,0.52151954891269092,0.81725388939346799,0.70975939464735105,0.7098575435772605,0.66810511656220606,0.46029887530276181,0.94471138828562751,0.42205741154600279,0.77572423492341103,0.36432966113878229,0.84199237620158174,0.30341225356856882,0.88724855646201584,0.2581936005915314,0.97355709004701829,0.26280896375532137
"LIRCMOP7_BC",1,10000,10060,49,9,"infeasible_endpoint","AI_train",0,72,0.0076552215493370579,3.7313107008015836,1.7941457702972399,0.88792938402032706,0.78898348682344155,0.29175362831962892,1,0.20549990922254377,0.93365961483682069,0.64425170564739576,0.93131009830541112,0.36206151851665896,0.80571404424689064,0.5531902827099362,0.93198911920427285,0.39499287829309959,0.7141127151694795,0.5058637323275198,0.80151433629914293,0.65937060443993312,0.71838392027014542,0.75096378578688361,0.58798369499826197,0.78623516830950335,0.36413605717911601,0.81627806986179485,0.37728061938636775,0.97842900257553622,0.35236785781067681,0.81855743243395795,0.28987789411890341,0.98870158482460968,0.22073815452786288
"LIRCMOP7_BC",1,10000,10060,49,10,"feasible_endpoint","AF_train",1,99,0.59180921702033285,8.2390719576563196,0.96373169862363584,0.96059459171921002,0.95815372808414845,0.40233512346828332,0.99934617888752464,0.42759495462756913,0.97210112509660418,0.90482944715912939,0.92890931784740083,0.2992294159037765,0.82217300554869821,0.68647799192197856,0.89931558937678713,0.41811296059057745,0.73709493252565295,0.5208864814223706,0.73476686832390592,0.87419374531291894,0.64470181934396376,0.70752263305174767,0.51871978816667419,1,0.37818516294354299,0.69238816787305757,0.37896430173357376,1,0.31359764595336909,0.87384222168248527,0.12442770468132232,0.80853421023712424,0.060592610789366341
"LIRCMOP7_BC",1,10000,10060,49,10,"infeasible_endpoint","AI_train",0,99,0.59180921702033285,5.0296501119016517,2.1577317635308195,0.84102481510562221,0.84712141761308524,0.24467664196551678,0.98194211233372997,0.43609623704502037,0.92463690554920441,0.61943015252722966,0.89551714042057595,0.41284282757734003,0.78673290585573763,0.46828730300456889,0.87948736881688416,0.36225720779413934,0.62205021044069997,0.4508773972098386,0.76445432200215713,0.65664371060333249,0.77473517436285255,0.68343941950425857,0.68574461303463985,0.91019005166569733,0.51238280073276554,0.52404436237723817,0.32324036979379722,0.92627698735432029,0.43938164176009459,0.92985480707311052,0.2330313436591242,0.8798673395526535,0.3477801368857823
"LIRCMOP7_BC",1,10000,10060,49,11,"feasible_endpoint","AF_train",1,72,0.0076552215493370579,3.8005800040082081,1.8143263378760393,0.92831686347135034,0.84159152364193079,0.29281803580460952,0.93174066890463281,0.28659784668326077,0.96445564077590573,0.64663412391678943,0.88350522424944389,0.42764436191822985,0.88832978812466901,0.56771878858923119,0.71444195673453315,0.47359060601728437,0.68177388779554082,0.52151954891269092,0.81725388939346799,0.70975939464735105,0.7098575435772605,0.66810511656220606,0.46029887530276181,0.94471138828562751,0.42205741154600279,0.77572423492341103,0.36432966113878229,0.84199237620158174,0.30341225356856882,0.88724855646201584,0.2581936005915314,0.97355709004701829,0.26280896375532137
"LIRCMOP7_BC",1,10000,10060,49,11,"infeasible_endpoint","AI_train",0,72,0.0076552215493370579,3.7313107008015836,1.7941457702972399,0.88792938402032706,0.78898348682344155,0.29175362831962892,1,0.20549990922254377,0.93365961483682069,0.64425170564739576,0.93131009830541112,0.36206151851665896,0.80571404424689064,0.5531902827099362,0.93198911920427285,0.39499287829309959,0.7141127151694795,0.5058637323275198,0.80151433629914293,0.65937060443993312,0.71838392027014542,0.75096378578688361,0.58798369499826197,0.78623516830950335,0.36413605717911601,0.81627806986179485,0.37728061938636775,0.97842900257553622,0.35236785781067681,0.81855743243395795,0.28987789411890341,0.98870158482460968,0.22073815452786288
"LIRCMOP7_BC",1,10000,10060,49,12,"feasible_endpoint","AF_train",1,72,0.0076552215493370579,3.8005800040082081,1.8143263378760393,0.92831686347135034,0.84159152364193079,0.29281803580460952,0.93174066890463281,0.28659784668326077,0.96445564077590573,0.64663412391678943,0.88350522424944389,0.42764436191822985,0.88832978812466901,0.56771878858923119,0.71444195673453315,0.47359060601728437,0.68177388779554082,0.52151954891269092,0.81725388939346799,0.70975939464735105,0.7098575435772605,0.66810511656220606,0.46029887530276181,0.94471138828562751,0.42205741154600279,0.77572423492341103,0.36432966113878229,0.84199237620158174,0.30341225356856882,0.88724855646201584,0.2581936005915314,0.97355709004701829,0.26280896375532137
"LIRCMOP7_BC",1,10000,10060,49,12,"infeasible_endpoint","AI_train",0,72,0.0076552215493370579,3.7313107008015836,1.7941457702972399,0.88792938402032706,0.78898348682344155,0.29175362831962892,1,0.20549990922254377,0.93365961483682069,0.64425170564739576,0.93131009830541112,0.36206151851665896,0.80571404424689064,0.5531902827099362,0.93198911920427285,0.39499287829309959,0.7141127151694795,0.5058637323275198,0.80151433629914293,0.65937060443993312,0.71838392027014542,0.75096378578688361,0.58798369499826197,0.78623516830950335,0.36413605717911601,0.81627806986179485,0.37728061938636775,0.97842900257553622,0.35236785781067681,0.81855743243395795,0.28987789411890341,0.98870158482460968,0.22073815452786288
"LIRCMOP7_BC",1,10000,10060,49,13,"feasible_endpoint","AF_train",1,99,0.46090529345299519,8.2390719576563196,0.96373169862363584,0.96059459171921002,0.95815372808414845,0.40233512346828332,0.99934617888752464,0.42759495462756913,0.97210112509660418,0.90482944715912939,0.92890931784740083,0.2992294159037765,0.82217300554869821,0.68647799192197856,0.89931558937678713,0.41811296059057745,0.73709493252565295,0.5208864814223706,0.73476686832390592,0.87419374531291894,0.64470181934396376,0.70752263305174767,0.51871978816667419,1,0.37818516294354299,0.69238816787305757,0.37896430173357376,1,0.31359764595336909,0.87384222168248527,0.12442770468132232,0.80853421023712424,0.060592610789366341
"LIRCMOP7_BC",1,10000,10060,49,13,"infeasible_endpoint","AI_train",0,99,0.46090529345299519,5.6919081407310719,1.7800290163028478,0.87912685629509801,0.86414735608398308,0.32566340946540628,0.90475160187277215,0.36155952110426459,0.89826380757490809,0.74067026855187978,0.82004135571907155,0.26924368365204765,0.76454494548822116,0.62835133124787101,0.72515864601805458,0.39976009594080386,0.74897113050744268,0.49242916347066695,0.75143430256774035,0.77990839696712688,0.72921988586398112,0.77602306689769507,0.52020318086423545,0.91919454346850094,0.46449091640049645,0.65453995835282697,0.36553825606784329,0.8976167065138656,0.38100890674150839,0.85797487298000275,0.22870142773243779,0.82525614799336267,0.22092450161634175
"LIRCMOP7_BC",1,10000,10060,49,14,"feasible_endpoint","AF_train",1,47,0.025359425331507212,2.9965016063647116,2.705605875393732,0.76524645090103149,0.89224529266357422,0.17894959449768066,0.90401142835617065,0.20384427905082703,0.89669579267501831,0.48909567855298519,0.78878509998321533,0.36441163718700409,0.86087417602539062,0.47883516922593117,0.77552199363708496,0.32198795676231384,0.59693837910890579,0.60284185409545898,0.819642573595047,0.71493947505950928,0.72555370628833771,0.73849478363990784,0.72127154469490051,0.78254798054695129,0.7375558614730835,0.85439881682395935,0.3954068049788475,0.73623079061508179,0.55863259732723236,0.67526039481163025,0.35855327546596527,0.90437972545623779,0.45126810669898987
"LIRCMOP7_BC",1,10000,10060,49,14,"infeasible_endpoint","AI_train",0,47,0.025359425331507212,3.0630849775478222,2.5480953646378746,0.93846681139334753,0.73708314634703387,0.19681702513355256,0.96176032019844682,0.25343188543354161,0.98112385635953647,0.57179501747403716,0.88701710639001274,0.48169647965411766,0.97243153239926017,0.48792055484171587,0.85857905788036515,0.46683265837906274,0.66489546150632417,0.57082226245243917,0.87184375267501568,0.5423680178884871,0.73100639181958904,0.78501445298558314,0.50498756111404663,0.87422875075863549,0.35369442140916202,0.82503966292626374,0.35172550067136976,0.96098354820869814,0.27754107923840876,0.88905796596024445,0.25008747706282575,1,0.2823224837914472
"LIRCMOP7_BC",1,10000,10060,49,15,"feasible_endpoint","AF_train",1,47,0.025359425331507212,2.9965016063647116,2.705605875393732,0.76524645090103149,0.89224529266357422,0.17894959449768066,0.90401142835617065,0.20384427905082703,0.89669579267501831,0.48909567855298519,0.78878509998321533,0.36441163718700409,0.86087417602539062,0.47883516922593117,0.77552199363708496,0.32198795676231384,0.59693837910890579,0.60284185409545898,0.819642573595047,0.71493947505950928,0.72555370628833771,0.73849478363990784,0.72127154469490051,0.78254798054695129,0.7375558614730835,0.85439881682395935,0.3954068049788475,0.73623079061508179,0.55863259732723236,0.67526039481163025,0.35855327546596527,0.90437972545623779,0.45126810669898987
"LIRCMOP7_BC",1,10000,10060,49,15,"infeasible_endpoint","AI_train",0,47,0.025359425331507212,3.0630849775478222,2.5480953646378746,0.93846681139334753,0.73708314634703387,0.19681702513355256,0.96176032019844682,0.25343188543354161,0.98112385635953647,0.57179501747403716,0.88701710639001274,0.48169647965411766,0.97243153239926017,0.48792055484171587,0.85857905788036515,0.46683265837906274,0.66489546150632417,0.57082226245243917,0.87184375267501568,0.5423680178884871,0.73100639181958904,0.78501445298558314,0.50498756111404663,0.87422875075863549,0.35369442140916202,0.82503966292626374,0.35172550067136976,0.96098354820869814,0.27754107923840876,0.88905796596024445,0.25008747706282575,1,0.2823224837914472
"LIRCMOP7_BC",1,10000,10060,49,16,"feasible_endpoint","AF_train",1,62,0.0086539287403274469,3.4778662474359914,2.1749021425980883,0.97002269164142063,0.84251519752687887,0.20457910562786472,0.98254747179333246,0.38767468267056832,0.98659264688154424,0.63649335114868233,0.88261170065941275,0.47597518127118293,0.93753641464536552,0.49258722817720174,0.77784351158106546,0.52394499984997167,0.63574179857976509,0.57290355203966181,0.78916520454595829,0.76083908216635676,0.61807139754715101,0.75576200068967614,0.4275685996992572,0.89567036347418572,0.31765334144774715,0.92036782299115505,0.35101113879837931,0.86469479359361878,0.16718035496017253,0.78451636928633961,0.18202416737834168,1,0.28523348122052716
"LIRCMOP7_BC",1,10000,10060,49,16,"infeasible_endpoint","AI_train",0,62,0.0086539287403274469,3.4008923513527192,2.1873571559407159,0.9436316904815778,0.8421582172727643,0.32272556966686616,0.99248855800032676,0.35214578080905934,0.99195316929372512,0.57483957787036866,0.91729844652680259,0.39967513330391652,0.97317363727008155,0.49631124200309806,0.79674591793981198,0.48331580172125088,0.63119223909051647,0.61735906463837431,0.85155973867179446,0.67799797474852719,0.71631297464488553,0.71211502840271479,0.52257011669739595,0.86174718711932141,0.39866351651068344,0.88238317178012027,0.36407290069349452,0.88378053355741581,0.25807724044499719,0.76847456261039904,0.30200332193616175,1,0.29530031021256153
"LIRCMOP7_BC",1,10000,10060,49,17,"feasible_endpoint","AF_train",1,62,0.0086539287403274469,3.4778662474359914,2.1749021425980883,0.97002269164142063,0.84251519752687887,0.20457910562786472,0.98254747179333246,0.38767468267056832,0.98659264688154424,0.63649335114868233,0.88261170065941275,0.47597518127118293,0.93753641464536552,0.49258722817720174,0.77784351158106546,0.52394499984997167,0.63574179857976509,0.57290355203966181,0.78916520454595829,0.76083908216635676,0.61807139754715101,0.75576200068967614,0.4275685996992572,0.89567036347418572,0.31765334144774715,0.92036782299115505,0.35101113879837931,0.86469479359361878,0.16718035496017253,0.78451636928633961,0.18202416737834168,1,0.28523348122052716
"LIRCMOP7_BC",1,10000,10060,49,17,"infeasible_endpoint","AI_train",0,62,0.0086539287403274469,3.4008923513527192,2.1873571559407159,0.9436316904815778,0.8421582172727643,0.32272556966686616,0.99248855800032676,0.35214578080905934,0.99195316929372512,0.57483957787036866,0.91729844652680259,0.39967513330391652,0.97317363727008155,0.49631124200309806,0.79674591793981198,0.48331580172125088,0.63119223909051647,0.61735906463837431,0.85155973867179446,0.67799797474852719,0.71631297464488553,0.71211502840271479,0.52257011669739595,0.86174718711932141,0.39866351651068344,0.88238317178012027,0.36407290069349452,0.88378053355741581,0.25807724044499719,0.76847456261039904,0.30200332193616175,1,0.29530031021256153
"LIRCMOP7_BC",1,10000,10060,49,18,"feasible_endpoint","AF_train",1,66,0.023613342393459948,3.6510092701399399,2.0489536357611229,0.88483389618859332,0.74963970852209372,0.28378185181221571,0.95810843722399919,0.19129380581969593,0.94970280685234176,0.62992180745494597,0.9380890467265931,0.397849886052693,0.82355463031897502,0.5102788131301117,0.80389059126660256,0.39217942685693857,0.62484322321480401,0.61605163369972626,0.79535066388023234,0.61924065479087465,0.71380480237879107,0.87648454388831964,0.56566104189487088,0.94863395264978201,0.41645460560031278,0.74067356208231061,0.36820122439021885,0.92354368830512645,0.41304599000392206,0.92306012034248641,0.26401388389554825,0.92738278379843164,0.24163820212396514
"LIRCMOP7_BC",1,10000,10060,49,18,"infeasible_endpoint","AI_train",0,66,0.023613342393459948,3.6395442733443026,1.8887174966849076,0.95961952287682806,0.81948966574080284,0.23540102671413565,1,0.28353823657817584,1,0.65727866293935511,0.94208610972543816,0.42361614479014703,0.97521898429073417,0.55434768765929276,0.82317218695603112,0.53108516107475356,0.72011798196831256,0.53201282171898345,0.84503652705198662,0.73872708020825617,0.65394511503487185,0.72591306166114611,0.40688729628536296,0.99386570536683849,0.42370881186944742,0.74268177968387894,0.27004342355519018,0.88698512960963072,0.28958078765185519,0.91850501308520982,0.17261428896245454,1,0.20862849932224664
"LIRCMOP7_BC",1,10000,10060,49,19,"feasible_endpoint","AF_train",1,66,0.023613342393459948,3.6510092701399399,2.0489536357611229,0.88483389618859332,0.74963970852209372,0.28378185181221571,0.95810843722399919,0.19129380581969593,0.94970280685234176,0.62992180745494597,0.9380890467265931,0.397849886052693,0.82355463031897502,0.5102788131301117,0.80389059126660256,0.39217942685693857,0.62484322321480401,0.61605163369972626,0.79535066388023234,0.61924065479087465,0.71380480237879107,0.87648454388831964,0.56566104189487088,0.94863395264978201,0.41645460560031278,0.74067356208231061,0.36820122439021885,0.92354368830512645,0.41304599000392206,0.92306012034248641,0.26401388389554825,0.92738278379843164,0.24163820212396514
"LIRCMOP7_BC",1,10000,10060,49,19,"infeasible_endpoint","AI_train",0,66,0.023613342393459948,3.6395442733443026,1.8887174966849076,0.95961952287682806,0.81948966574080284,0.23540102671413565,1,0.28353823657817584,1,0.65727866293935511,0.94208610972543816,0.42361614479014703,0.97521898429073417,0.55434768765929276,0.82317218695603112,0.53108516107475356,0.72011798196831256,0.53201282171898345,0.84503652705198662,0.73872708020825617,0.65394511503487185,0.72591306166114611,0.40688729628536296,0.99386570536683849,0.42370881186944742,0.74268177968387894,0.27004342355519018,0.88698512960963072,0.28958078765185519,0.91850501308520982,0.17261428896245454,1,0.20862849932224664
"LIRCMOP7_BC",1,10000,10060,49,20,"feasible_endpoint","AF_train",1,64,0.041414673244721693,3.5934669581463261,2.1456813889330237,0.88853936615300833,0.8659461194284308,0.30953395481000323,0.9299787573400804,0.28888010607045578,1,0.59538493699673256,0.87950052728348938,0.36972255842069779,0.83065184974517403,0.53215614324596872,0.89629667518383838,0.41661702610414325,0.62266895367164699,0.55904274383950581,0.80256718655230741,0.5989806535023392,0.74007595773677348,0.707898280442252,0.58858358082846995,0.82698613502642671,0.43824079912980007,0.72514704913819328,0.33298585601706954,0.92671014215521241,0.39105695308886645,0.88903547024483331,0.22281277588445786,0.85505780940868714,0.39248821653542076
"LIRCMOP7_BC",1,10000,10060,49,20,"infeasible_endpoint","AI_train",0,64,0.041414673244721693,3.6395442733443026,1.8887174966849076,0.95961952287682806,0.81948966574080284,0.23540102671413565,1,0.28353823657817584,1,0.65727866293935511,0.94208610972543816,0.42361614479014703,0.97521898429073417,0.55434768765929276,0.82317218695603112,0.53108516107475356,0.72011798196831256,0.53201282171898345,0.84503652705198662,0.73872708020825617,0.65394511503487185,0.72591306166114611,0.40688729628536296,0.99386570536683849,0.42370881186944742,0.74268177968387894,0.27004342355519018,0.88698512960963072,0.28958078765185519,0.91850501308520982,0.17261428896245454,1,0.20862849932224664
"LIRCMOP7_BC",1,10000,10060,49,21,"feasible_endpoint","AF_train",1,64,0.041414673244721693,3.5934669581463261,2.1456813889330237,0.88853936615300833,0.8659461194284308,0.30953395481000323,0.9299787573400804,0.28888010607045578,1,0.59538493699673256,0.87950052728348938,0.36972255842069779,0.83065184974517403,0.53215614324596872,0.89629667518383838,0.41661702610414325,0.62266895367164699,0.55904274383950581,0.80256718655230741,0.5989806535023392,0.74007595773677348,0.707898280442252,0.58858358082846995,0.82698613502642671,0.43824079912980007,0.72514704913819328,0.33298585601706954,0.92671014215521241,0.39105695308886645,0.88903547024483331,0.22281277588445786,0.85505780940868714,0.39248821653542076
"LIRCMOP7_BC",1,10000,10060,49,21,"infeasible_endpoint","AI_train",0,64,0.041414673244721693,3.6395442733443026,1.8887174966849076,0.95961952287682806,0.81948966574080284,0.23540102671413565,1,0.28353823657817584,1,0.65727866293935511,0.94208610972543816,0.42361614479014703,0.97521898429073417,0.55434768765929276,0.82317218695603112,0.53108516107475356,0.72011798196831256,0.53201282171898345,0.84503652705198662,0.73872708020825617,0.65394511503487185,0.72591306166114611,0.40688729628536296,0.99386570536683849,0.42370881186944742,0.74268177968387894,0.27004342355519018,0.88698512960963072,0.28958078765185519,0.91850501308520982,0.17261428896245454,1,0.20862849932224664
"LIRCMOP7_BC",1,10000,10060,49,22,"feasible_endpoint","AF_train",1,98,0.36961997257787987,6.6155137585272952,1.0175661731210131,0.9154073086570147,0.96304292714726436,0.40120924695452082,0.97185680553260834,0.33850327931730329,0.94757876067693325,0.7983051436945271,0.84789075380650947,0.33888546559942506,0.86455425256652751,0.57854309362970269,0.86070626771548442,0.46127207852487956,0.69868794301612125,0.5263461388428694,0.7649180598082238,0.8289705775734415,0.66636526372666893,0.59793130868109334,0.54409154697115247,0.88217672240310063,0.42344441864899018,0.86314663249585388,0.40877880492878882,0.9000238913364671,0.32254883362480813,0.68161063169513836,0.20425058732319024,0.81246050679096915,0.18241124071123954
"LIRCMOP7_BC",1,10000,10060,49,22,"infeasible_endpoint","AI_train",0,98,0.36961997257787987,4.5647012746109112,1.665404992540235,0.84434343649140253,0.90844276430667192,0.3593648993094859,0.97051594474687775,0.26011926360277376,0.87908783446211558,0.65561885494129257,0.83191053198755394,0.29623866792878517,0.79653054929681999,0.55082489137380908,0.81348193003636271,0.44698214863938401,0.69597696002617604,0.47536709832549828,0.7331790451416379,0.70742171916165264,0.73345905152606394,0.64810592609507101,0.59452664441468694,0.80123083115844818,0.46228686728940654,0.81374231933714691,0.40174300884082059,0.91522878510305961,0.44867546352285104,0.71105547454985962,0.22777639336838176,0.81329817272315286,0.21132220217257799
"LIRCMOP7_BC",1,10000,10060,49,23,"feasible_endpoint","AF_train",1,29,0.025284880950729567,2.360716452707865,3.3105473728242583,0.81751484299988664,0.79848942376831333,0.20254978551094668,0.93641432774330124,0.17814014459108229,0.83184597346661904,0.47198173187375347,0.78059557124871559,0.39928750542667168,0.77657877248321583,0.48701085767958741,0.69368039508505808,0.44646544061587329,0.73570505043265633,0.47253810643723643,0.74781619474247352,0.54440157854026017,0.74851280445121793,0.7333902731570916,0.48048508982374261,0.7653539061856236,0.42311800241758313,0.76407369606326814,0.41652748687641178,0.91254550108356425,0.47692793515488685,0.8926770181763517,0.18860086954414981,0.9527733703481307,0.20431140408309562
"LIRCMOP7_BC",1,10000,10060,49,23,"infeasible_endpoint","AI_train",0,29,0.025284880950729567,2.2377269957713164,3.1904633663201309,0.82028582977253139,0.81683045080832695,0.16173599637942218,0.86153879764578956,0.28416486616393194,0.90043991697359915,0.48654110947341056,0.75165907446039426,0.36964558313802237,0.86682792260176877,0.4990432589413844,0.73684330420350386,0.44552802198182406,0.65347680439351685,0.50845597493324568,0.76534651758553962,0.69467565267683318,0.66570514468884523,0.72855667483767839,0.55790082439743804,0.83356330727936179,0.50256554731693381,0.83235379196056991,0.3342906271333721,0.84154754002215104,0.39100320814989464,0.84699931667672024,0.2256874327485604,0.90565211758148467,0.45460732662447545
"LIRCMOP7_BC",1,10000,10060,49,24,"feasible_endpoint","AF_train",1,47,0.025359425331507212,2.9965016063647116,2.705605875393732,0.76524645090103149,0.89224529266357422,0.17894959449768066,0.90401142835617065,0.20384427905082703,0.89669579267501831,0.48909567855298519,0.78878509998321533,0.36441163718700409,0.86087417602539062,0.47883516922593117,0.77552199363708496,0.32198795676231384,0.59693837910890579,0.60284185409545898,0.819642573595047,0.71493947505950928,0.72555370628833771,0.73849478363990784,0.72127154469490051,0.78254798054695129,0.7375558614730835,0.85439881682395935,0.3954068049788475,0.73623079061508179,0.55863259732723236,0.67526039481163025,0.35855327546596527,0.90437972545623779,0.45126810669898987
"LIRCMOP7_BC",1,10000,10060,49,24,"infeasible_endpoint","AI_train",0,47,0.025359425331507212,3.0630849775478222,2.5480953646378746,0.93846681139334753,0.73708314634703387,0.19681702513355256,0.96176032019844682,0.25343188543354161,0.98112385635953647,0.57179501747403716,0.88701710639001274,0.48169647965411766,0.97243153239926017,0.48792055484171587,0.85857905788036515,0.46683265837906274,0.66489546150632417,0.57082226245243917,0.87184375267501568,0.5423680178884871,0.73100639181958904,0.78501445298558314,0.50498756111404663,0.87422875075863549,0.35369442140916202,0.82503966292626374,0.35172550067136976,0.96098354820869814,0.27754107923840876,0.88905796596024445,0.25008747706282575,1,0.2823224837914472
"LIRCMOP7_BC",1,10000,10060,49,25,"feasible_endpoint","AF_train",1,62,0.0086539287403274469,3.4778662474359914,2.1749021425980883,0.97002269164142063,0.84251519752687887,0.20457910562786472,0.98254747179333246,0.38767468267056832,0.98659264688154424,0.63649335114868233,0.88261170065941275,0.47597518127118293,0.93753641464536552,0.49258722817720174,0.77784351158106546,0.52394499984997167,0.63574179857976509,0.57290355203966181,0.78916520454595829,0.76083908216635676,0.61807139754715101,0.75576200068967614,0.4275685996992572,0.89567036347418572,0.31765334144774715,0.92036782299115505,0.35101113879837931,0.86469479359361878,0.16718035496017253,0.78451636928633961,0.18202416737834168,1,0.28523348122052716
"LIRCMOP7_BC",1,10000,10060,49,25,"infeasible_endpoint","AI_train",0,62,0.0086539287403274469,3.4008923513527192,2.1873571559407159,0.9436316904815778,0.8421582172727643,0.32272556966686616,0.99248855800032676,0.35214578080905934,0.99195316929372512,0.57483957787036866,0.91729844652680259,0.39967513330391652,0.97317363727008155,0.49631124200309806,0.79674591793981198,0.48331580172125088,0.63119223909051647,0.61735906463837431,0.85155973867179446,0.67799797474852719,0.71631297464488553,0.71211502840271479,0.52257011669739595,0.86174718711932141,0.39866351651068344,0.88238317178012027,0.36407290069349452,0.88378053355741581,0.25807724044499719,0.76847456261039904,0.30200332193616175,1,0.29530031021256153
"LIRCMOP7_BC",1,10000,10060,49,26,"feasible_endpoint","AF_train",1,66,0.023613342393459948,3.6510092701399399,2.0489536357611229,0.88483389618859332,0.74963970852209372,0.28378185181221571,0.95810843722399919,0.19129380581969593,0.94970280685234176,0.62992180745494597,0.9380890467265931,0.397849886052693,0.82355463031897502,0.5102788131301117,0.80389059126660256,0.39217942685693857,0.62484322321480401,0.61605163369972626,0.79535066388023234,0.61924065479087465,0.71380480237879107,0.87648454388831964,0.56566104189487088,0.94863395264978201,0.41645460560031278,0.74067356208231061,0.36820122439021885,0.92354368830512645,0.41304599000392206,0.92306012034248641,0.26401388389554825,0.92738278379843164,0.24163820212396514
"LIRCMOP7_BC",1,10000,10060,49,26,"infeasible_endpoint","AI_train",0,66,0.023613342393459948,3.6395442733443026,1.8887174966849076,0.95961952287682806,0.81948966574080284,0.23540102671413565,1,0.28353823657817584,1,0.65727866293935511,0.94208610972543816,0.42361614479014703,0.97521898429073417,0.55434768765929276,0.82317218695603112,0.53108516107475356,0.72011798196831256,0.53201282171898345,0.84503652705198662,0.73872708020825617,0.65394511503487185,0.72591306166114611,0.40688729628536296,0.99386570536683849,0.42370881186944742,0.74268177968387894,0.27004342355519018,0.88698512960963072,0.28958078765185519,0.91850501308520982,0.17261428896245454,1,0.20862849932224664
"LIRCMOP7_BC",1,10000,10060,49,27,"feasible_endpoint","AF_train",1,29,0.025284880950729567,2.360716452707865,3.3105473728242583,0.81751484299988664,0.79848942376831333,0.20254978551094668,0.93641432774330124,0.17814014459108229,0.83184597346661904,0.47198173187375347,0.78059557124871559,0.39928750542667168,0.77657877248321583,0.48701085767958741,0.69368039508505808,0.44646544061587329,0.73570505043265633,0.47253810643723643,0.74781619474247352,0.54440157854026017,0.74851280445121793,0.7333902731570916,0.48048508982374261,0.7653539061856236,0.42311800241758313,0.76407369606326814,0.41652748687641178,0.91254550108356425,0.47692793515488685,0.8926770181763517,0.18860086954414981,0.9527733703481307,0.20431140408309562
"LIRCMOP7_BC",1,10000,10060,49,27,"infeasible_endpoint","AI_train",0,29,0.025284880950729567,2.2377269957713164,3.1904633663201309,0.82028582977253139,0.81683045080832695,0.16173599637942218,0.86153879764578956,0.28416486616393194,0.90043991697359915,0.48654110947341056,0.75165907446039426,0.36964558313802237,0.86682792260176877,0.4990432589413844,0.73684330420350386,0.44552802198182406,0.65347680439351685,0.50845597493324568,0.76534651758553962,0.69467565267683318,0.66570514468884523,0.72855667483767839,0.55790082439743804,0.83356330727936179,0.50256554731693381,0.83235379196056991,0.3342906271333721,0.84154754002215104,0.39100320814989464,0.84699931667672024,0.2256874327485604,0.90565211758148467,0.45460732662447545
"LIRCMOP7_BC",1,10000,10060,49,28,"feasible_endpoint","AF_train",1,29,0.025284880950729567,2.360716452707865,3.3105473728242583,0.81751484299988664,0.79848942376831333,0.20254978551094668,0.93641432774330124,0.17814014459108229,0.83184597346661904,0.47198173187375347,0.78059557124871559,0.39928750542667168,0.77657877248321583,0.48701085767958741,0.69368039508505808,0.44646544061587329,0.73570505043265633,0.47253810643723643,0.74781619474247352,0.54440157854026017,0.74851280445121793,0.7333902731570916,0.48048508982374261,0.7653539061856236,0.42311800241758313,0.76407369606326814,0.41652748687641178,0.91254550108356425,0.47692793515488685,0.8926770181763517,0.18860086954414981,0.9527733703481307,0.20431140408309562
"LIRCMOP7_BC",1,10000,10060,49,28,"infeasible_endpoint","AI_train",0,29,0.025284880950729567,2.2377269957713164,3.1904633663201309,0.82028582977253139,0.81683045080832695,0.16173599637942218,0.86153879764578956,0.28416486616393194,0.90043991697359915,0.48654110947341056,0.75165907446039426,0.36964558313802237,0.86682792260176877,0.4990432589413844,0.73684330420350386,0.44552802198182406,0.65347680439351685,0.50845597493324568,0.76534651758553962,0.69467565267683318,0.66570514468884523,0.72855667483767839,0.55790082439743804,0.83356330727936179,0.50256554731693381,0.83235379196056991,0.3342906271333721,0.84154754002215104,0.39100320814989464,0.84699931667672024,0.2256874327485604,0.90565211758148467,0.45460732662447545
"LIRCMOP7_BC",1,10000,10060,49,29,"feasible_endpoint","AF_train",1,47,0.025359425331507212,2.9965016063647116,2.705605875393732,0.76524645090103149,0.89224529266357422,0.17894959449768066,0.90401142835617065,0.20384427905082703,0.89669579267501831,0.48909567855298519,0.78878509998321533,0.36441163718700409,0.86087417602539062,0.47883516922593117,0.77552199363708496,0.32198795676231384,0.59693837910890579,0.60284185409545898,0.819642573595047,0.71493947505950928,0.72555370628833771,0.73849478363990784,0.72127154469490051,0.78254798054695129,0.7375558614730835,0.85439881682395935,0.3954068049788475,0.73623079061508179,0.55863259732723236,0.67526039481163025,0.35855327546596527,0.90437972545623779,0.45126810669898987
"LIRCMOP7_BC",1,10000,10060,49,29,"infeasible_endpoint","AI_train",0,47,0.025359425331507212,3.0630849775478222,2.5480953646378746,0.93846681139334753,0.73708314634703387,0.19681702513355256,0.96176032019844682,0.25343188543354161,0.98112385635953647,0.57179501747403716,0.88701710639001274,0.48169647965411766,0.97243153239926017,0.48792055484171587,0.85857905788036515,0.46683265837906274,0.66489546150632417,0.57082226245243917,0.87184375267501568,0.5423680178884871,0.73100639181958904,0.78501445298558314,0.50498756111404663,0.87422875075863549,0.35369442140916202,0.82503966292626374,0.35172550067136976,0.96098354820869814,0.27754107923840876,0.88905796596024445,0.25008747706282575,1,0.2823224837914472
"LIRCMOP7_BC",1,10000,10060,49,30,"feasible_endpoint","AF_train",1,62,0.0086539287403274469,3.4778662474359914,2.1749021425980883,0.97002269164142063,0.84251519752687887,0.20457910562786472,0.98254747179333246,0.38767468267056832,0.98659264688154424,0.63649335114868233,0.88261170065941275,0.47597518127118293,0.93753641464536552,0.49258722817720174,0.77784351158106546,0.52394499984997167,0.63574179857976509,0.57290355203966181,0.78916520454595829,0.76083908216635676,0.61807139754715101,0.75576200068967614,0.4275685996992572,0.89567036347418572,0.31765334144774715,0.92036782299115505,0.35101113879837931,0.86469479359361878,0.16718035496017253,0.78451636928633961,0.18202416737834168,1,0.28523348122052716
"LIRCMOP7_BC",1,10000,10060,49,30,"infeasible_endpoint","AI_train",0,62,0.0086539287403274469,3.4008923513527192,2.1873571559407159,0.9436316904815778,0.8421582172727643,0.32272556966686616,0.99248855800032676,0.35214578080905934,0.99195316929372512,0.57483957787036866,0.91729844652680259,0.39967513330391652,0.97317363727008155,0.49631124200309806,0.79674591793981198,0.48331580172125088,0.63119223909051647,0.61735906463837431,0.85155973867179446,0.67799797474852719,0.71631297464488553,0.71211502840271479,0.52257011669739595,0.86174718711932141,0.39866351651068344,0.88238317178012027,0.36407290069349452,0.88378053355741581,0.25807724044499719,0.76847456261039904,0.30200332193616175,1,0.29530031021256153
"LIRCMOP7_BC",1,10000,10060,49,31,"feasible_endpoint","AF_train",1,70,0.0077572852808347123,3.7021195106234188,1.8594926278224058,0.92244723760383851,0.79323412853983177,0.26325404456045354,0.96675129023459261,0.21939837317032709,0.92116747510642116,0.64109150643978463,0.92791155678969406,0.40726938098603249,0.85574880368541417,0.58459376384530348,0.68645398557103832,0.46248921170076479,0.7044744405513037,0.46165184796442982,0.7983416537532948,0.70993150056881238,0.70329519163529453,0.75334351301443081,0.44869940633742739,0.94541984546408331,0.39466263155303583,0.81281229107943664,0.36175314124680791,0.84853654077490259,0.27203382592277092,0.86970191772615379,0.27460027009824584,0.99032083306430208,0.14571723511858495
"LIRCMOP7_BC",1,10000,10060,49,31,"infeasible_endpoint","AI_train",0,70,0.0077572852808347123,3.7313107008015836,1.7941457702972399,0.88792938402032706,0.78898348682344155,0.29175362831962892,1,0.20549990922254377,0.93365961483682069,0.64425170564739576,0.93131009830541112,0.36206151851665896,0.80571404424689064,0.5531902827099362,0.93198911920427285,0.39499287829309959,0.7141127151694795,0.5058637323275198,0.80151433629914293,0.65937060443993312,0.71838392027014542,0.75096378578688361,0.58798369499826197,0.78623516830950335,0.36413605717911601,0.81627806986179485,0.37728061938636775,0.97842900257553622,0.35236785781067681,0.81855743243395795,0.28987789411890341,0.98870158482460968,0.22073815452786288
"LIRCMOP7_BC",1,10000,10060,49,32,"feasible_endpoint","AF_train",1,66,0.023613342393459948,3.6510092701399399,2.0489536357611229,0.88483389618859332,0.74963970852209372,0.28378185181221571,0.95810843722399919,0.19129380581969593,0.94970280685234176,0.62992180745494597,0.9380890467265931,0.397849886052693,0.82355463031897502,0.5102788131301117,0.80389059126660256,0.39217942685693857,0.62484322321480401,0.61605163369972626,0.79535066388023234,0.61924065479087465,0.71380480237879107,0.87648454388831964,0.56566104189487088,0.94863395264978201,0.41645460560031278,0.74067356208231061,0.36820122439021885,0.92354368830512645,0.41304599000392206,0.92306012034248641,0.26401388389554825,0.92738278379843164,0.24163820212396514
"LIRCMOP7_BC",1,10000,10060,49,32,"infeasible_endpoint","AI_train",0,66,0.023613342393459948,3.6395442733443026,1.8887174966849076,0.95961952287682806,0.81948966574080284,0.23540102671413565,1,0.28353823657817584,1,0.65727866293935511,0.94208610972543816,0.42361614479014703,0.97521898429073417,0.55434768765929276,0.82317218695603112,0.53108516107475356,0.72011798196831256,0.53201282171898345,0.84503652705198662,0.73872708020825617,0.65394511503487185,0.72591306166114611,0.40688729628536296,0.99386570536683849,0.42370881186944742,0.74268177968387894,0.27004342355519018,0.88698512960963072,0.28958078765185519,0.91850501308520982,0.17261428896245454,1,0.20862849932224664
"LIRCMOP7_BC",1,10000,10060,49,33,"feasible_endpoint","AF_train",1,64,0.040009911895698975,3.5934669581463261,2.1456813889330237,0.88853936615300833,0.8659461194284308,0.30953395481000323,0.9299787573400804,0.28888010607045578,1,0.59538493699673256,0.87950052728348938,0.36972255842069779,0.83065184974517403,0.53215614324596872,0.89629667518383838,0.41661702610414325,0.62266895367164699,0.55904274383950581,0.80256718655230741,0.5989806535023392,0.74007595773677348,0.707898280442252,0.58858358082846995,0.82698613502642671,0.43824079912980007,0.72514704913819328,0.33298585601706954,0.92671014215521241,0.39105695308886645,0.88903547024483331,0.22281277588445786,0.85505780940868714,0.39248821653542076
"LIRCMOP7_BC",1,10000,10060,49,33,"infeasible_endpoint","AI_train",0,64,0.040009911895698975,3.5957976501151094,1.8927113500263502,0.92958413350972535,0.88275159069759823,0.34579219308725778,0.97955896921252084,0.36523338895752738,0.99180683267197911,0.56261000790320659,0.88448922996791079,0.3753218656906,0.97694314987759645,0.51403252327622095,0.76049598266545626,0.55145283024032943,0.65586890309775803,0.61167663015913876,0.83766235520777632,0.68128170108037733,0.72604940160952947,0.65491558064229771,0.51944666735826639,0.83028974454066606,0.40720886980319532,0.86784759467100203,0.39249523909331707,0.89138534112425827,0.33016927381792849,0.7354360892533669,0.2769472295615073,1,0.29695279226641808
"LIRCMOP7_BC",1,10000,10060,49,34,"feasible_endpoint","AF_train",1,80,0.040244562425672196,3.9861849525939004,1.5249928508675201,0.98091137475544177,0.87781172942810526,0.26831689701237071,0.99894754501616689,0.35458710255390874,1,0.7017421489555643,0.88919281931348881,0.41333351308993915,0.94381199198254584,0.55123228392448742,0.85030199826013786,0.52309256241216917,0.67525249407958809,0.57803563350439402,0.77817210716567486,0.80460792650866897,0.59949202446099537,0.70861786875982957,0.42747842032061878,0.89055904740983194,0.30256458558445776,0.9007432023748092,0.38201976488230582,0.91765295114428591,0.25025382498146137,0.77943891164155454,0.15401079031795539,0.99480566321007768,0.15353286923959719
"LIRCMOP7_BC",1,10000,10060,49,34,"infeasible_endpoint","AI_train",0,80,0.040244562425672196,3.7517406643450313,1.6345425783352692,0.93143968774530206,0.8851036533648784,0.2693690448943592,0.97009207147787446,0.3815186914139001,0.96898886730702971,0.62367213390634779,0.84302779669661942,0.40299010538087149,0.91628292379375997,0.52433399485548915,0.80769152623387996,0.52056623261717405,0.65762486560143851,0.56525686206709502,0.79518919917486308,0.76746825745922642,0.67022984620330917,0.65274119237002715,0.46958080742271791,0.82103891794628603,0.36586470671017479,0.86493536961772743,0.38323595348548345,0.87162694923826378,0.26021274258141919,0.75065321545674957,0.21138920960244462,1,0.26281975583236139
"LIRCMOP7_BC",1,10000,10060,49,35,"feasible_endpoint","AF_train",1,83,0.27232466133460492,4.19654923758503,1.4896196587387343,0.94292948841637791,0.85570566744287957,0.3016720189892253,0.94269620674440024,0.3726803768338191,0.97389610672273763,0.69348795713402112,0.8734488610695198,0.35665413251969025,0.88386063728533903,0.56186582865469015,0.85926212821426862,0.43305382750443089,0.66923498502406642,0.58038812165935771,0.80168855943250517,0.70730617793491235,0.69737696890477918,0.80242227518122866,0.52316420328688673,0.94200819978943295,0.43473457964475515,0.74612900386092162,0.32958676303019546,0.9674504663662451,0.35364255214519891,0.91450375506535253,0.16686117436894674,0.90426710511856212,0.22132197851134747
"LIRCMOP7_BC",1,10000,10060,49,35,"infeasible_endpoint","AI_train",0,83,0.27232466133460492,3.8534902951439616,3.0145448542434998,0.81825720449369099,0.8345389389812915,0.25859834263462589,0.86963898304119502,0.36932992873412496,0.94346045021625791,0.55544745472616397,0.79350769207904148,0.30389262050548582,0.81180722798212324,0.45521974790479786,0.88512550415878055,0.35030145513150024,0.63051706696951737,0.54110822333270436,0.79729485084667084,0.65454611343227898,0.74087178531905018,0.66678447322539491,0.56042089029577746,0.90057760586904279,0.59985830466684975,0.59592669805092724,0.30045754268476843,0.89065524824752873,0.54414011397747797,0.89665643311598919,0.19229385077031538,0.85247552814480598,0.40425836521829239
"LIRCMOP7_BC",1,10000,10060,49,36,"feasible_endpoint","AF_train",1,2,0.65427660835392187,1.4768420323283811,8.348058407075559,0.61832354109473942,0.77658388824069324,0.12403044403888933,0.78371150045499904,0.21953802359338226,0.74047798833395895,0.23290069417278242,0.65284759838259521,0.27094950545467356,0.73540624164515755,0.34903531553507577,0.61918165627290433,0.37022219934708489,0.58743783683923079,0.41752577848140049,0.7712435495200608,0.52646189938341126,0.82427093093645509,0.57105014642459806,0.66583913053674415,0.64607099229985188,0.75178013576981706,0.67071614655420686,0.34623559201359366,0.71432969851095196,0.59042368708941462,0.71686865952303969,0.38930547092556456,0.86945391320662357,0.76232363989970153
"LIRCMOP7_BC",1,10000,10060,49,36,"infeasible_endpoint","AI_train",0,2,0.65427660835392187,2.8629125702156282,4.8920999969295247,0.7574262630942119,0.85385489423085537,0.22550442297060924,0.82998587739872365,0.30410123928945948,0.75320628606231754,0.50319038578013087,0.70443589196967338,0.29794068745811292,0.74283601396719601,0.49350624796960213,0.59447846773002366,0.39469098321970908,0.63418256848233912,0.46657824082623822,0.77604628229313399,0.68200729747821398,0.77243786237582779,0.61762695918494115,0.58233295247409611,0.75208544451014048,0.63202405393200378,0.66045493611789097,0.39177585851410268,0.79075439887017973,0.44848639174862703,0.78336085225851826,0.31055959911141295,0.86252603588283772,0.48920601322223561
"LIRCMOP7_BC",1,10000,10060,49,37,"feasible_endpoint","AF_train",1,99,0.62223250070026093,8.8750003732876586,0.96071115019737885,0.9959595009446216,0.95186719520937046,0.41707081177402661,1,0.42941874902100441,0.93192724992294118,0.95706113978948881,0.91311734514490972,0.30580858053509996,0.85538738079405396,0.70867772299166143,0.90088944376696878,0.45883120854227677,0.73327855581094448,0.5525116534940705,0.71973874754253897,0.94233868197502035,0.60316832989385405,0.74979117921314564,0.47537068261021226,1,0.39982568883523961,0.68755321371724565,0.35485797376360806,0.99228676628085433,0.30133053220758105,0.86046792197769928,0.14666645838300296,0.81203099566715431,0
"LIRCMOP7_BC",1,10000,10060,49,37,"infeasible_endpoint","AI_train",0,99,0.62223250070026093,5.3553935143908209,1.739659171023848,0.90086726527595928,0.85084618621447694,0.28600213378979294,0.94853673526641313,0.42305053822130556,0.88507837713728688,0.72568060008128299,0.84393638483535627,0.36010618668156491,0.84134996706117327,0.52516646055951233,0.89627075426422542,0.44748585446463734,0.66595424542419446,0.5274491633111269,0.70835897605456233,0.79284805478422382,0.60687394838737174,0.71185964154160397,0.50996413099267279,0.97244946864677351,0.54155746934725435,0.62141086180788985,0.28556260510314141,0.89463736788428294,0.43754643641699981,0.84250195582152443,0.20436078661618076,0.87847296505409389,0.18906366560369259
"LIRCMOP7_BC",1,10000,10060,49,38,"feasible_endpoint","AF_train",1,29,0.025284880950729567,2.360716452707865,3.3105473728242583,0.81751484299988664,0.79848942376831333,0.20254978551094668,0.93641432774330124,0.17814014459108229,0.83184597346661904,0.47198173187375347,0.78059557124871559,0.39928750542667168,0.77657877248321583,0.48701085767958741,0.69368039508505808,0.44646544061587329,0.73570505043265633,0.47253810643723643,0.74781619474247352,0.54440157854026017,0.74851280445121793,0.7333902731570916,0.48048508982374261,0.7653539061856236,0.42311800241758313,0.76407369606326814,0.41652748687641178,0.91254550108356425,0.47692793515488685,0.8926770181763517,0.18860086954414981,0.9527733703481307,0.20431140408309562
"LIRCMOP7_BC",1,10000,10060,49,38,"infeasible_endpoint","AI_train",0,29,0.025284880950729567,2.2377269957713164,3.1904633663201309,0.82028582977253139,0.81683045080832695,0.16173599637942218,0.86153879764578956,0.28416486616393194,0.90043991697359915,0.48654110947341056,0.75165907446039426,0.36964558313802237,0.86682792260176877,0.4990432589413844,0.73684330420350386,0.44552802198182406,0.65347680439351685,0.50845597493324568,0.76534651758553962,0.69467565267683318,0.66570514468884523,0.72855667483767839,0.55790082439743804,0.83356330727936179,0.50256554731693381,0.83235379196056991,0.3342906271333721,0.84154754002215104,0.39100320814989464,0.84699931667672024,0.2256874327485604,0.90565211758148467,0.45460732662447545
"LIRCMOP7_BC",1,10000,10060,49,39,"feasible_endpoint","AF_train",1,29,0.025284880950729567,2.360716452707865,3.3105473728242583,0.81751484299988664,0.79848942376831333,0.20254978551094668,0.93641432774330124,0.17814014459108229,0.83184597346661904,0.47198173187375347,0.78059557124871559,0.39928750542667168,0.77657877248321583,0.48701085767958741,0.69368039508505808,0.44646544061587329,0.73570505043265633,0.47253810643723643,0.74781619474247352,0.54440157854026017,0.74851280445121793,0.7333902731570916,0.48048508982374261,0.7653539061856236,0.42311800241758313,0.76407369606326814,0.41652748687641178,0.91254550108356425,0.47692793515488685,0.8926770181763517,0.18860086954414981,0.9527733703481307,0.20431140408309562
"LIRCMOP7_BC",1,10000,10060,49,39,"infeasible_endpoint","AI_train",0,29,0.025284880950729567,2.2377269957713164,3.1904633663201309,0.82028582977253139,0.81683045080832695,0.16173599637942218,0.86153879764578956,0.28416486616393194,0.90043991697359915,0.48654110947341056,0.75165907446039426,0.36964558313802237,0.86682792260176877,0.4990432589413844,0.73684330420350386,0.44552802198182406,0.65347680439351685,0.50845597493324568,0.76534651758553962,0.69467565267683318,0.66570514468884523,0.72855667483767839,0.55790082439743804,0.83356330727936179,0.50256554731693381,0.83235379196056991,0.3342906271333721,0.84154754002215104,0.39100320814989464,0.84699931667672024,0.2256874327485604,0.90565211758148467,0.45460732662447545
"LIRCMOP7_BC",1,10000,10060,49,40,"feasible_endpoint","AF_train",1,3,0.20194100323755196,1.550080908807818,6.3277170680347288,0.65331294270990181,0.70925408937182022,0.13591665643287684,0.9252108764921928,0.1472791956476493,0.88858043946486354,0.22577558214985202,0.67133509193669927,0.26700877118442468,0.90174502739842299,0.3627308432445816,0.85653740359530872,0.46852081546852176,0.70470456032458451,0.44898867492450384,0.77918718761280958,0.51303801765909718,0.72247558406571655,0.6108653823746335,0.58661573319034366,0.71011631449016344,0.67123432329645172,0.67931822473785308,0.25383111993086682,0.78677730109596533,0.64570470190637519,0.72871769290256838,0.29921403186099393,0.8830816533741811,0.62319080149174522
"LIRCMOP7_BC",1,10000,10060,49,40,"infeasible_endpoint","AI_train",0,3,0.20194100323755196,1.8064262566671088,5.1900250559028107,0.66841615387289988,0.70726155040463379,0.14853459769756555,0.87442620131038495,0.065992258199428305,0.91007792665341181,0.26860557582651134,0.77608894008689766,0.28308722980222595,0.80642212415775782,0.33350147851605738,0.78897021093201769,0.356125987563083,0.60359863429674809,0.46244024139377959,0.84882075330264906,0.45761288327936028,0.83621925198424152,0.65730187990957023,0.64349710894504253,0.63155064761652058,0.69253784360358939,0.67021314521228226,0.37813269787158488,0.79643495750599402,0.65749395275433742,0.78056135406795424,0.32580532894900649,0.85300944628169417,0.6637603808973227
"LIRCMOP7_BC",1,10000,10060,49,41,"feasible_endpoint","AF_train",1,40,0.0068388129849167277,2.7345029067856084,2.8897316242681006,0.76808371207331072,0.73663262614302283,0.22009695479633745,0.96185392574211848,0.22625228020580077,0.95347625082022425,0.3086097843386541,0.98047720692376239,0.37085153410538485,0.82136766889084012,0.36532107497484345,0.8043063993534989,0.28229502112812077,0.60661326369598112,0.48842380836837684,0.74119120727063448,0.48907143978918016,0.77234455861909956,0.60766602410804493,0.57268292401528931,0.72942724461659336,0.51955510033129726,0.66937866226132348,0.48095828068085322,0.9047503612735901,0.51314391615503019,0.93410885042160052,0.27992309627040718,0.9991701765230161,0.32865947479397206
"LIRCMOP7_BC",1,10000,10060,49,41,"infeasible_endpoint","AI_train",0,40,0.0068388129849167277,2.7460660171013638,2.8245590150748781,0.87646929897207959,0.7400438008073984,0.20438287165157584,1,0.18013788358320376,0.97370550781090937,0.50135112233207313,0.94210035010393667,0.46523321271195012,0.95323620895895811,0.4686684131583741,0.85273594609563341,0.51781914983734079,0.67929211572464487,0.58027348443627469,0.81127397416161506,0.57375963979500788,0.63056621241627597,0.91053812472557649,0.4957305221319665,0.94681701876718094,0.338150822640507,0.95276583238063417,0.23678263429496604,0.94647567356241324,0.30183050388011934,0.88286486407764087,0.19050123883182293,0.95122181714156584,0.12041710378490467
"LIRCMOP7_BC",1,10000,10060,49,42,"feasible_endpoint","AF_train",1,47,0.025359425331507212,2.9965016063647116,2.705605875393732,0.76524645090103149,0.89224529266357422,0.17894959449768066,0.90401142835617065,0.20384427905082703,0.89669579267501831,0.48909567855298519,0.78878509998321533,0.36441163718700409,0.86087417602539062,0.47883516922593117,0.77552199363708496,0.32198795676231384,0.59693837910890579,0.60284185409545898,0.819642573595047,0.71493947505950928,0.72555370628833771,0.73849478363990784,0.72127154469490051,0.78254798054695129,0.7375558614730835,0.85439881682395935,0.3954068049788475,0.73623079061508179,0.55863259732723236,0.67526039481163025,0.35855327546596527,0.90437972545623779,0.45126810669898987
"LIRCMOP7_BC",1,10000,10060,49,42,"infeasible_endpoint","AI_train",0,47,0.025359425331507212,3.0630849775478222,2.5480953646378746,0.93846681139334753,0.73708314634703387,0.19681702513355256,0.96176032019844682,0.25343188543354161,0.98112385635953647,0.57179501747403716,0.88701710639001274,0.48169647965411766,0.97243153239926017,0.48792055484171587,0.85857905788036515,0.46683265837906274,0.66489546150632417,0.57082226245243917,0.87184375267501568,0.5423680178884871,0.73100639181958904,0.78501445298558314,0.50498756111404663,0.87422875075863549,0.35369442140916202,0.82503966292626374,0.35172550067136976,0.96098354820869814,0.27754107923840876,0.88905796596024445,0.25008747706282575,1,0.2823224837914472
"LIRCMOP7_BC",1,10000,10060,49,43,"feasible_endpoint","AF_train",1,54,0.014253598286288095,3.1850788017938232,2.4225885486823779,0.86834680754823113,0.87713778354517635,0.30367537447807935,0.89818592121173102,0.28034936447946757,0.9248475982750981,0.53907933395485497,0.77949579602592856,0.37659869971305904,0.76151630535514436,0.53798575526255832,0.83871308942898781,0.43420563598095624,0.60953811064238095,0.557911727917766,0.7632800297145016,0.53890082666702477,0.75810928936372357,0.74289285039349495,0.60936482470029818,0.74921840717014421,0.39585086731967639,0.78871490524276866,0.38906700590999832,0.93578793943047844,0.41926357418656407,0.88742671963958442,0.19314121730542794,0.84687891822911698,0.33773642994072839
"LIRCMOP7_BC",1,10000,10060,49,43,"infeasible_endpoint","AI_train",0,54,0.014253598286288095,3.2161943060274281,2.3190652688238469,0.84511290234352487,0.77060350971352198,0.21868242110047298,0.93786416538084116,0.14651419324337417,0.89548755006288794,0.57769079919380106,0.93215541432168436,0.3146358670902194,0.87563539545931246,0.52193723561054828,0.68628192401300325,0.38712676435735094,0.65128732268495537,0.46199841376344664,0.73086140425332968,0.6756303122373466,0.63266880618454557,0.75186999499364937,0.57289368324805579,0.85716913092703684,0.4719864182414939,0.83480127526524583,0.39367974190690008,0.87574519814555107,0.40142293399937501,0.80704892160264685,0.25691784323694633,0.89831768902074915,0.32156193515169174
"LIRCMOP7_BC",1,10000,10060,49,44,"feasible_endpoint","AF_train",1,56,0.0056413340442634545,3.2905948183126608,2.3576718907412806,0.97808524270293051,0.75514689038524396,0.22588246774098247,0.94743140789617808,0.25046861445099999,0.96658226435056227,0.61121781364430894,0.95925093471268341,0.45798966078864389,0.97344832123528502,0.53829352283400989,0.81625199171669449,0.48594362953819781,0.61381971924891976,0.58778053823408527,0.82393222357944795,0.59156324013035899,0.6780361798540897,0.91619640173862193,0.50887493069613832,1,0.43833467796359432,0.85622781372808032,0.25048081236047043,0.95489423559218745,0.27479340274411734,0.98145730731513181,0.23234476615891497,0.95706801589287394,0.20883591024084244
"LIRCMOP7_BC",1,10000,10060,49,44,"infeasible_endpoint","AI_train",0,56,0.0056413340442634545,3.2343136902605973,2.3354564447384085,0.9526316304744723,0.73610017672100991,0.23568374526150024,1,0.37559606256402051,1,0.53278433820584925,1,0.48306110693880233,1,0.4908862929094967,0.78032830436791722,0.38901217876128985,0.58138561597753424,0.56570734559453228,0.73957370699945835,0.63607906891651167,0.66643459920995407,0.74032900288756942,0.55657082511347433,0.90457585817978103,0.36217627881356196,0.79255079944107576,0.43922624962623524,0.94266103102083432,0.24340903940664882,1,0.25375749650975865,1,0.16762048232249643
"LIRCMOP7_BC",1,10000,10060,49,45,"feasible_endpoint","AF_train",1,56,0.0056413340442634545,3.2905948183126608,2.3576718907412806,0.97808524270293051,0.75514689038524396,0.22588246774098247,0.94743140789617808,0.25046861445099999,0.96658226435056227,0.61121781364430894,0.95925093471268341,0.45798966078864389,0.97344832123528502,0.53829352283400989,0.81625199171669449,0.48594362953819781,0.61381971924891976,0.58778053823408527,0.82393222357944795,0.59156324013035899,0.6780361798540897,0.91619640173862193,0.50887493069613832,1,0.43833467796359432,0.85622781372808032,0.25048081236047043,0.95489423559218745,0.27479340274411734,0.98145730731513181,0.23234476615891497,0.95706801589287394,0.20883591024084244
"LIRCMOP7_BC",1,10000,10060,49,45,"infeasible_endpoint","AI_train",0,56,0.0056413340442634545,3.2343136902605973,2.3354564447384085,0.9526316304744723,0.73610017672100991,0.23568374526150024,1,0.37559606256402051,1,0.53278433820584925,1,0.48306110693880233,1,0.4908862929094967,0.78032830436791722,0.38901217876128985,0.58138561597753424,0.56570734559453228,0.73957370699945835,0.63607906891651167,0.66643459920995407,0.74032900288756942,0.55657082511347433,0.90457585817978103,0.36217627881356196,0.79255079944107576,0.43922624962623524,0.94266103102083432,0.24340903940664882,1,0.25375749650975865,1,0.16762048232249643
"LIRCMOP7_BC",1,10000,10060,49,46,"feasible_endpoint","AF_train",1,66,0.028398485650125802,3.6510092701399399,2.0489536357611229,0.88483389618859332,0.74963970852209372,0.28378185181221571,0.95810843722399919,0.19129380581969593,0.94970280685234176,0.62992180745494597,0.9380890467265931,0.397849886052693,0.82355463031897502,0.5102788131301117,0.80389059126660256,0.39217942685693857,0.62484322321480401,0.61605163369972626,0.79535066388023234,0.61924065479087465,0.71380480237879107,0.87648454388831964,0.56566104189487088,0.94863395264978201,0.41645460560031278,0.74067356208231061,0.36820122439021885,0.92354368830512645,0.41304599000392206,0.92306012034248641,0.26401388389554825,0.92738278379843164,0.24163820212396514
"LIRCMOP7_BC",1,10000,10060,49,46,"infeasible_endpoint","AI_train",0,66,0.028398485650125802,3.469464826151512,1.9889148693389955,0.90364056689621597,0.77143691853096275,0.27351794818633463,0.96242986372929584,0.20534608949501151,0.93543514097938152,0.6355066569473653,0.93300030175814364,0.40255963351936275,0.83965171700219465,0.54743628848770753,0.74517228841882044,0.42733431927885168,0.66465883188305386,0.5388517408320781,0.79684615881676357,0.66458607767984357,0.7085499970070428,0.81491402845137517,0.50718022411614916,0.9470268990569326,0.4055586185766743,0.77674292658087363,0.36497718281851338,0.88604011454001452,0.34253990796334649,0.8963810190343201,0.26930707699689704,0.95885180843136686,0.28259429752597298
"LIRCMOP7_BC",1,10000,10060,49,47,"feasible_endpoint","AF_train",1,83,0.29667997158749748,4.19654923758503,1.4896196587387343,0.94292948841637791,0.85570566744287957,0.3016720189892253,0.94269620674440024,0.3726803768338191,0.97389610672273763,0.69348795713402112,0.8734488610695198,0.35665413251969025,0.88386063728533903,0.56186582865469015,0.85926212821426862,0.43305382750443089,0.66923498502406642,0.58038812165935771,0.80168855943250517,0.70730617793491235,0.69737696890477918,0.80242227518122866,0.52316420328688673,0.94200819978943295,0.43473457964475515,0.74612900386092162,0.32958676303019546,0.9674504663662451,0.35364255214519891,0.91450375506535253,0.16686117436894674,0.90426710511856212,0.22132197851134747
"LIRCMOP7_BC",1,10000,10060,49,47,"infeasible_endpoint","AI_train",0,83,0.29667997158749748,2.8090745206373695,2.509770847217248,0.87044201321857151,0.79457187633170689,0.18983307420967738,0.86970324055796278,0.30998403664195118,0.92922850196991946,0.54488732089162562,0.80950149361525203,0.31216983267469778,0.92375768573913941,0.49788591272579447,0.79705577998361621,0.41843257856228189,0.59960418864881215,0.56045364029265166,0.80668691473858922,0.64089903421457106,0.71191690770213345,0.76234448140269329,0.60873360223394879,0.86153761614294766,0.53479467447473905,0.72592200546240071,0.33754084774449977,0.92655878979481177,0.45451946850147207,0.91128689374591409,0.23126299013091112,1,0.37279892360279954
"LIRCMOP7_BC",1,10000,10060,49,48,"feasible_endpoint","AF_train",1,98,0.29997701646753644,6.6155137585272952,1.0175661731210131,0.9154073086570147,0.96304292714726436,0.40120924695452082,0.97185680553260834,0.33850327931730329,0.94757876067693325,0.7983051436945271,0.84789075380650947,0.33888546559942506,0.86455425256652751,0.57854309362970269,0.86070626771548442,0.46127207852487956,0.69868794301612125,0.5263461388428694,0.7649180598082238,0.8289705775734415,0.66636526372666893,0.59793130868109334,0.54409154697115247,0.88217672240310063,0.42344441864899018,0.86314663249585388,0.40877880492878882,0.9000238913364671,0.32254883362480813,0.68161063169513836,0.20425058732319024,0.81246050679096915,0.18241124071123954
"LIRCMOP7_BC",1,10000,10060,49,48,"infeasible_endpoint","AI_train",0,98,0.29997701646753644,5.0286365155395716,1.7495640898387605,0.88813593068779917,0.87445564302624668,0.28218739231390622,0.92670577083752348,0.28348104863205192,0.91397713373305534,0.73130563479280408,0.80609770423321536,0.3548575902501464,0.9159332061039176,0.5468985002761324,0.81841498541023128,0.41391513851612455,0.59880424171483693,0.53129854075786742,0.78075354972981859,0.76122789823040127,0.62303447758352748,0.58122611350744036,0.56281522407479145,0.84860129227095182,0.49081542136180273,0.81577302147485486,0.44487617013136505,0.85896819457518814,0.39161069265661852,0.72582151501260106,0.21018522621200764,0.86966597525231726,0.28395241447441283
"LIRCMOP7_BC",1,10000,10060,49,49,"feasible_endpoint","AF_train",1,97,0.35556378441041264,5.2080619034891118,1.0374764907546776,0.99954490328014534,0.98243675322853108,0.40594579256120467,0.97650670627795155,0.40011070501662799,0.94606103701357114,0.77627193569389941,0.87944978784601746,0.41975925720462426,0.90002719402721532,0.62741263824051685,0.83496576823248225,0.58805981182328448,0.74559018917722231,0.54183225059642426,0.75651152048215287,0.83532003925372211,0.67177887295573635,0.74100800246731369,0.48783839455504691,1,0.37005774147480097,0.91201818442462357,0.30078282858142424,0.93877620202129863,0.22684043770190912,0.8401632332275083,0.16983125857243436,0.9063587386062848,0.097060861097370443
"LIRCMOP7_BC",1,10000,10060,49,49,"infeasible_endpoint","AI_train",0,97,0.35556378441041264,3.2223506266890851,1.6237848235118744,0.86939030338660594,0.88487186390386618,0.33031088424551758,0.94258108845943434,0.29002181023738188,0.92659789375061752,0.5841618436610434,0.88152556883029853,0.35597654099545045,0.83649029016413767,0.5162723303754625,0.76755083421819914,0.53299725418216881,0.75688502895617771,0.50175287163649407,0.77262321375752707,0.71881293738990559,0.76845702032727536,0.72087606938530757,0.53323318578791257,0.86641581516648736,0.45349872398634017,0.82451477080284563,0.30534111263329933,0.89029154223238682,0.33750198425838807,0.82439329528302707,0.26019528559770111,0.8753438514997991,0.27422506336068697
"LIRCMOP7_BC",1,10000,10060,49,50,"feasible_endpoint","AF_train",1,35,0.0087374562548015698,2.5718086826617199,3.0434818442806746,0.92532994199134078,0.78939645942714076,0.24893341468462382,0.91516835331518676,0.27797036771832595,0.93476149414453591,0.49250588248744931,0.83465055359604134,0.42689830007594909,1,0.48926225502378151,0.77325471554551251,0.49796483136535097,0.60807537374471443,0.63360276192952725,0.86101339749770256,0.56296180375601945,0.66818670721786544,0.77822371257513001,0.53662300610688829,0.91803882610798582,0.53304532191641385,0.89100417482727545,0.32037057175992167,0.90847310265299064,0.41248165576968132,0.85766925865655008,0.29758590432681536,1,0.39678932633017772
"LIRCMOP7_BC",1,10000,10060,49,50,"infeasible_endpoint","AI_train",0,35,0.0087374562548015698,2.6159701904324848,2.9799528714051124,0.85302725843209171,0.77378674619187526,0.19635449067104097,1,0.30141124094814348,1,0.51049037680332754,0.9836925630581802,0.35543556159860923,0.99399525169980829,0.44223845557780217,0.92729083603019535,0.52212067174651366,0.64161554470223159,0.48635688601796973,0.80310633808204446,0.66776102659282122,0.68766336186031873,0.73527810993302611,0.54769257524782899,0.90403770618107337,0.55998599311519115,0.72715759024411875,0.16957803131382748,0.89468725975618324,0.37618514060509955,0.85503953796548493,0.24122077444033732,0.94804360756714257,0.35184086257970365
"LIRCMOP7_BC",1,10000,10060,49,51,"feasible_endpoint","AF_train",1,35,0.0087374562548015698,2.5718086826617199,3.0434818442806746,0.92532994199134078,0.78939645942714076,0.24893341468462382,0.91516835331518676,0.27797036771832595,0.93476149414453591,0.49250588248744931,0.83465055359604134,0.42689830007594909,1,0.48926225502378151,0.77325471554551251,0.49796483136535097,0.60807537374471443,0.63360276192952725,0.86101339749770256,0.56296180375601945,0.66818670721786544,0.77822371257513001,0.53662300610688829,0.91803882610798582,0.53304532191641385,0.89100417482727545,0.32037057175992167,0.90847310265299064,0.41248165576968132,0.85766925865655008,0.29758590432681536,1,0.39678932633017772
"LIRCMOP7_BC",1,10000,10060,49,51,"infeasible_endpoint","AI_train",0,35,0.0087374562548015698,2.6159701904324848,2.9799528714051124,0.85302725843209171,0.77378674619187526,0.19635449067104097,1,0.30141124094814348,1,0.51049037680332754,0.9836925630581802,0.35543556159860923,0.99399525169980829,0.44223845557780217,0.92729083603019535,0.52212067174651366,0.64161554470223159,0.48635688601796973,0.80310633808204446,0.66776102659282122,0.68766336186031873,0.73527810993302611,0.54769257524782899,0.90403770618107337,0.55998599311519115,0.72715759024411875,0.16957803131382748,0.89468725975618324,0.37618514060509955,0.85503953796548493,0.24122077444033732,0.94804360756714257,0.35184086257970365
"LIRCMOP7_BC",1,10000,10060,49,52,"feasible_endpoint","AF_train",1,40,0.0068388129849167277,2.7345029067856084,2.8897316242681006,0.76808371207331072,0.73663262614302283,0.22009695479633745,0.96185392574211848,0.22625228020580077,0.95347625082022425,0.3086097843386541,0.98047720692376239,0.37085153410538485,0.82136766889084012,0.36532107497484345,0.8043063993534989,0.28229502112812077,0.60661326369598112,0.48842380836837684,0.74119120727063448,0.48907143978918016,0.77234455861909956,0.60766602410804493,0.57268292401528931,0.72942724461659336,0.51955510033129726,0.66937866226132348,0.48095828068085322,0.9047503612735901,0.51314391615503019,0.93410885042160052,0.27992309627040718,0.9991701765230161,0.32865947479397206
"LIRCMOP7_BC",1,10000,10060,49,52,"infeasible_endpoint","AI_train",0,40,0.0068388129849167277,2.7460660171013638,2.8245590150748781,0.87646929897207959,0.7400438008073984,0.20438287165157584,1,0.18013788358320376,0.97370550781090937,0.50135112233207313,0.94210035010393667,0.46523321271195012,0.95323620895895811,0.4686684131583741,0.85273594609563341,0.51781914983734079,0.67929211572464487,0.58027348443627469,0.81127397416161506,0.57375963979500788,0.63056621241627597,0.91053812472557649,0.4957305221319665,0.94681701876718094,0.338150822640507,0.95276583238063417,0.23678263429496604,0.94647567356241324,0.30183050388011934,0.88286486407764087,0.19050123883182293,0.95122181714156584,0.12041710378490467
"LIRCMOP7_BC",1,10000,10060,49,53,"feasible_endpoint","AF_train",1,54,0.011754574518184922,3.1850788017938232,2.4225885486823779,0.86834680754823113,0.87713778354517635,0.30367537447807935,0.89818592121173102,0.28034936447946757,0.9248475982750981,0.53907933395485497,0.77949579602592856,0.37659869971305904,0.76151630535514436,0.53798575526255832,0.83871308942898781,0.43420563598095624,0.60953811064238095,0.557911727917766,0.7632800297145016,0.53890082666702477,0.75810928936372357,0.74289285039349495,0.60936482470029818,0.74921840717014421,0.39585086731967639,0.78871490524276866,0.38906700590999832,0.93578793943047844,0.41926357418656407,0.88742671963958442,0.19314121730542794,0.84687891822911698,0.33773642994072839
"LIRCMOP7_BC",1,10000,10060,49,53,"infeasible_endpoint","AI_train",0,54,0.011754574518184922,3.2032244123076401,2.3304494144414569,0.90156134281597722,0.79095822914773284,0.29176005074613309,0.94653506681677946,0.26618940481992237,0.95133007846786644,0.58451056997585049,0.88939929255900907,0.38455492378718953,0.93260652556399215,0.4997327568400346,0.836490824309718,0.43305114281993407,0.61478674789567522,0.63988250231529409,0.83534187739234977,0.61578437880412784,0.65286616322304614,0.79081125440706823,0.55999956956721741,0.96409462926026956,0.53616973464898865,0.76741216937492029,0.34309057756655209,0.94121404352968774,0.48863138723688043,0.8795911336541189,0.29386113538986752,0.97246374863927509,0.34198906209301061
"LIRCMOP7_BC",1,10000,10060,49,54,"feasible_endpoint","AF_train",1,49,0.034923664569683627,3.0437062231172476,2.6012103882014692,0.84239887958841009,0.82991894200360772,0.27336970325771193,0.88116703256960849,0.26736927961546275,0.96211427553246454,0.5385293000973923,0.86854584306098115,0.25953255632487904,0.84040082562189755,0.46160861171162693,0.96515378745792579,0.48800820972766151,0.65651937423513185,0.57955833289316172,0.76957378398631482,0.63007950422003645,0.6927093611243138,0.81037837248026368,0.50423160479706386,0.86865837334864771,0.47780528558232566,0.85059431250211992,0.29020137348933517,0.89898857199874438,0.43143690127940793,0.77655724887811961,0.23062593634940937,0.82877331568378942,0.39782331248601616
"LIRCMOP7_BC",1,10000,10060,49,54,"infeasible_endpoint","AI_train",0,49,0.034923664569683627,3.0403151495619447,2.3769022772354171,0.83937650427220589,0.85229968683122714,0.33395007243654146,0.88072559289596852,0.24914784028224873,0.88582008234279297,0.55059296657989698,0.83667740209915942,0.35331002365509256,0.79072687470367531,0.51506428314891628,0.70609054424246531,0.50341344424701218,0.67771024739366492,0.52256197468508403,0.76418900815076085,0.62646248556518924,0.78639841332696458,0.69701777494622141,0.53459819514714979,0.77685506302029173,0.46619785842295908,0.80418299579553643,0.345460426178478,0.8401792633650268,0.3963683912535948,0.81449395294534621,0.31117041698509007,0.85233645120985546,0.29930764778610297
"LIRCMOP7_BC",1,10000,10060,49,55,"feasible_endpoint","AF_train",1,70,0.029397628721679264,3.7021195106234188,1.8594926278224058,0.92244723760383851,0.79323412853983177,0.26325404456045354,0.96675129023459261,0.21939837317032709,0.92116747510642116,0.64109150643978463,0.92791155678969406,0.40726938098603249,0.85574880368541417,0.58459376384530348,0.68645398557103832,0.46248921170076479,0.7044744405513037,0.46165184796442982,0.7983416537532948,0.70993150056881238,0.70329519163529453,0.75334351301443081,0.44869940633742739,0.94541984546408331,0.39466263155303583,0.81281229107943664,0.36175314124680791,0.84853654077490259,0.27203382592277092,0.86970191772615379,0.27460027009824584,0.99032083306430208,0.14571723511858495
"LIRCMOP7_BC",1,10000,10060,49,55,"infeasible_endpoint","AI_train",0,70,0.029397628721679264,3.5741855438323844,1.7123673459283142,1,0.82233132796776454,0.21136329121533323,1,0.40150835471303997,0.95862238424839252,0.68843447493696419,0.91487374203228167,0.55378684693969038,0.92822329147193305,0.5717516098463864,0.7276690570661638,0.57468738641633099,0.71592226172429496,0.55799571898190792,0.77029583289768666,0.70730970475619093,0.64669035087321969,0.88001017679028792,0.45801121465504152,0.92935521384404107,0.24774730967743927,0.88056890705374924,0.35665019876457144,0.93346582017149793,0.17793814785750722,0.90588667736096484,0.16709315573828706,1,0.10689677644829607
"LIRCMOP7_BC",1,10000,10060,49,56,"feasible_endpoint","AF_train",1,80,0.040244562425672196,3.9861849525939004,1.5249928508675201,0.98091137475544177,0.87781172942810526,0.26831689701237071,0.99894754501616689,0.35458710255390874,1,0.7017421489555643,0.88919281931348881,0.41333351308993915,0.94381199198254584,0.55123228392448742,0.85030199826013786,0.52309256241216917,0.67525249407958809,0.57803563350439402,0.77817210716567486,0.80460792650866897,0.59949202446099537,0.70861786875982957,0.42747842032061878,0.89055904740983194,0.30256458558445776,0.9007432023748092,0.38201976488230582,0.91765295114428591,0.25025382498146137,0.77943891164155454,0.15401079031795539,0.99480566321007768,0.15353286923959719
"LIRCMOP7_BC",1,10000,10060,49,56,"infeasible_endpoint","AI_train",0,80,0.040244562425672196,3.7517406643450313,1.6345425783352692,0.93143968774530206,0.8851036533648784,0.2693690448943592,0.97009207147787446,0.3815186914139001,0.96898886730702971,0.62367213390634779,0.84302779669661942,0.40299010538087149,0.91628292379375997,0.52433399485548915,0.80769152623387996,0.52056623261717405,0.65762486560143851,0.56525686206709502,0.79518919917486308,0.76746825745922642,0.67022984620330917,0.65274119237002715,0.46958080742271791,0.82103891794628603,0.36586470671017479,0.86493536961772743,0.38323595348548345,0.87162694923826378,0.26021274258141919,0.75065321545674957,0.21138920960244462,1,0.26281975583236139
"LIRCMOP7_BC",1,10000,10060,49,57,"feasible_endpoint","AF_train",1,80,0.040244562425672196,3.9861849525939004,1.5249928508675201,0.98091137475544177,0.87781172942810526,0.26831689701237071,0.99894754501616689,0.35458710255390874,1,0.7017421489555643,0.88919281931348881,0.41333351308993915,0.94381199198254584,0.55123228392448742,0.85030199826013786,0.52309256241216917,0.67525249407958809,0.57803563350439402,0.77817210716567486,0.80460792650866897,0.59949202446099537,0.70861786875982957,0.42747842032061878,0.89055904740983194,0.30256458558445776,0.9007432023748092,0.38201976488230582,0.91765295114428591,0.25025382498146137,0.77943891164155454,0.15401079031795539,0.99480566321007768,0.15353286923959719
"LIRCMOP7_BC",1,10000,10060,49,57,"infeasible_endpoint","AI_train",0,80,0.040244562425672196,3.7517406643450313,1.6345425783352692,0.93143968774530206,0.8851036533648784,0.2693690448943592,0.97009207147787446,0.3815186914139001,0.96898886730702971,0.62367213390634779,0.84302779669661942,0.40299010538087149,0.91628292379375997,0.52433399485548915,0.80769152623387996,0.52056623261717405,0.65762486560143851,0.56525686206709502,0.79518919917486308,0.76746825745922642,0.67022984620330917,0.65274119237002715,0.46958080742271791,0.82103891794628603,0.36586470671017479,0.86493536961772743,0.38323595348548345,0.87162694923826378,0.26021274258141919,0.75065321545674957,0.21138920960244462,1,0.26281975583236139
"LIRCMOP7_BC",1,10000,10060,49,58,"feasible_endpoint","AF_train",1,68,0.1413918219919387,3.7015472699399323,1.9785997983725143,0.97246352610247855,0.85665622800731489,0.32186821003719862,0.97549947673593607,0.2690114316036083,1,0.65587465151997781,0.9478820812446126,0.34061414448282867,0.88558608000643824,0.58140574849233406,0.76293825052271314,0.46805415451372484,0.6719858940281076,0.59782643387347911,0.81995567972853123,0.69563643581209522,0.74848057994316852,0.77766577804021142,0.48414567656966434,0.84615288990603665,0.29984548831497582,0.78631853081896297,0.38909101012851022,0.87309102646399384,0.20551928389442203,0.92244697624315586,0.15744407138374394,1,0.22173524287998486
"LIRCMOP7_BC",1,10000,10060,49,58,"infeasible_endpoint","AI_train",0,68,0.1413918219919387,2.9562024959555657,2.3615403146448442,0.87828620648152589,0.85473739345096944,0.31470789509928376,0.94970800827623314,0.29829742887760774,1,0.58158183954381015,0.90125157964778624,0.35042860402778697,0.95771167816373115,0.53373999408157302,0.80633861550995023,0.4857919643460179,0.62378636062481296,0.72696721596273983,0.85129155160073511,0.62215158740569876,0.73092633773445392,0.79010587782056096,0.52810747645439482,0.83246238022798791,0.36903683349666483,0.82541447269288237,0.3683997253850671,0.90305930740303786,0.27574319881787723,0.91643064670835406,0.16893688849802871,1,0.34727128848578126
"LIRCMOP7_BC",1,10000,10060,49,59,"feasible_endpoint","AF_train",1,97,0.22669729720125789,5.2080619034891118,1.0374764907546776,0.99954490328014534,0.98243675322853108,0.40594579256120467,0.97650670627795155,0.40011070501662799,0.94606103701357114,0.77627193569389941,0.87944978784601746,0.41975925720462426,0.90002719402721532,0.62741263824051685,0.83496576823248225,0.58805981182328448,0.74559018917722231,0.54183225059642426,0.75651152048215287,0.83532003925372211,0.67177887295573635,0.74100800246731369,0.48783839455504691,1,0.37005774147480097,0.91201818442462357,0.30078282858142424,0.93877620202129863,0.22684043770190912,0.8401632332275083,0.16983125857243436,0.9063587386062848,0.097060861097370443
"LIRCMOP7_BC",1,10000,10060,49,59,"infeasible_endpoint","AI_train",0,97,0.22669729720125789,4.238090216913081,1.9319621579101283,0.87481733618417268,0.88639542084530976,0.36339482042803295,0.89191245384061635,0.35642468168343755,0.86444123664309558,0.58516645086287078,0.79495953379973727,0.41799536547763516,0.83624044092772554,0.47755060443561675,0.76977855124580363,0.54706290719116513,0.7260458628141,0.47664005140550786,0.73245453631860769,0.69055195952210946,0.71164294125694938,0.59154196870635123,0.52441336844793884,0.92423526772815645,0.45633202247966997,0.8095262805940413,0.27160229640282746,0.83427855734573908,0.37291351625797575,0.78569181435553381,0.27732493312372214,0.81609468121959838,0.25072051674322698
"LIRCMOP7_BC",1,10000,10060,49,60,"feasible_endpoint","AF_train",1,9,0.66480030249021382,1.8480916757424539,5.7314846287194845,0.67278890200108732,0.66192086897365321,0.16025519522216428,0.88433302234641487,0.20145504454212315,1,0.19759298061308592,0.90975721908736085,0.2704320571175145,1,0.39182994316355035,0.82807967290827689,0.38489805684975381,0.62942208220376805,0.44430454310432527,0.82625719011715937,0.55287444710603606,0.79040940821155126,0.54497227390539116,0.71371106650107918,0.7322624610430617,0.66099302173126451,0.65631336773413262,0.2098804094147734,0.67061174522825695,0.50730720127430406,0.73805992381582652,0.45371691610832099,0.90416642248508272,0.72032164074822558
"LIRCMOP7_BC",1,10000,10060,49,60,"infeasible_endpoint","AI_train",0,9,0.66480030249021382,4.2663873055331729,2.7947586551200105,0.82982118653368009,0.76854628788616164,0.36192749577304278,0.96639556463325382,0.25868803029652065,1,0.52667195410622203,1,0.24301788730824869,1,0.58617694046524516,0.90249483021546073,0.41443068874359801,0.73355044993520457,0.49657951848321641,0.6822839456572376,0.74097522340496202,0.69602009334909654,0.62498426737094914,0.65444189450747881,0.88222840857917151,0.47566609000753013,0.80887906432177692,0.23999648431924234,0.76229384070982498,0.28056573953388503,0.72519893571879168,0.34957312119604461,0.79616057706919885,0.39359557532054973
"LIRCMOP7_BC",1,10000,10060,49,61,"feasible_endpoint","AF_train",1,35,0.0075757152287597362,2.5718086826617199,3.0434818442806746,0.92532994199134078,0.78939645942714076,0.24893341468462382,0.91516835331518676,0.27797036771832595,0.93476149414453591,0.49250588248744931,0.83465055359604134,0.42689830007594909,1,0.48926225502378151,0.77325471554551251,0.49796483136535097,0.60807537374471443,0.63360276192952725,0.86101339749770256,0.56296180375601945,0.66818670721786544,0.77822371257513001,0.53662300610688829,0.91803882610798582,0.53304532191641385,0.89100417482727545,0.32037057175992167,0.90847310265299064,0.41248165576968132,0.85766925865655008,0.29758590432681536,1,0.39678932633017772
"LIRCMOP7_BC",1,10000,10060,49,61,"infeasible_endpoint","AI_train",0,35,0.0075757152287597362,2.615171628338727,2.987445170221009,0.79167957016015655,0.82012870537432214,0.18796446429385777,0.93050817738486336,0.2274366825343262,0.92815611269878173,0.40686836209015875,0.75493654643300578,0.33286013966500916,0.90354285991756589,0.45034728599241752,0.81487318139334475,0.50744061431395537,0.70434967341799393,0.43863372842641413,0.79345543576138744,0.65472069703830915,0.70529793872220381,0.53705104161899075,0.50907620820044774,0.76387754251448436,0.51974490336220591,0.71087199880151564,0.32604570591841264,0.79686387317268592,0.44332225890445087,0.75202186511948177,0.26724468384774253,1,0.46340727022425254
"LIRCMOP7_BC",1,10000,10060,49,62,"feasible_endpoint","AF_train",1,35,0.0075757152287597362,2.5718086826617199,3.0434818442806746,0.92532994199134078,0.78939645942714076,0.24893341468462382,0.91516835331518676,0.27797036771832595,0.93476149414453591,0.49250588248744931,0.83465055359604134,0.42689830007594909,1,0.48926225502378151,0.77325471554551251,0.49796483136535097,0.60807537374471443,0.63360276192952725,0.86101339749770256,0.56296180375601945,0.66818670721786544,0.77822371257513001,0.53662300610688829,0.91803882610798582,0.53304532191641385,0.89100417482727545,0.32037057175992167,0.90847310265299064,0.41248165576968132,0.85766925865655008,0.29758590432681536,1,0.39678932633017772
"LIRCMOP7_BC",1,10000,10060,49,62,"infeasible_endpoint","AI_train",0,35,0.0075757152287597362,2.615171628338727,2.987445170221009,0.79167957016015655,0.82012870537432214,0.18796446429385777,0.93050817738486336,0.2274366825343262,0.92815611269878173,0.40686836209015875,0.75493654643300578,0.33286013966500916,0.90354285991756589,0.45034728599241752,0.81487318139334475,0.50744061431395537,0.70434967341799393,0.43863372842641413,0.79345543576138744,0.65472069703830915,0.70529793872220381,0.53705104161899075,0.50907620820044774,0.76387754251448436,0.51974490336220591,0.71087199880151564,0.32604570591841264,0.79686387317268592,0.44332225890445087,0.75202186511948177,0.26724468384774253,1,0.46340727022425254
"LIRCMOP7_BC",1,10000,10060,49,63,"feasible_endpoint","AF_train",1,40,0.022133353144303081,2.7345029067856084,2.8897316242681006,0.76808371207331072,0.73663262614302283,0.22009695479633745,0.96185392574211848,0.22625228020580077,0.95347625082022425,0.3086097843386541,0.98047720692376239,0.37085153410538485,0.82136766889084012,0.36532107497484345,0.8043063993534989,0.28229502112812077,0.60661326369598112,0.48842380836837684,0.74119120727063448,0.48907143978918016,0.77234455861909956,0.60766602410804493,0.57268292401528931,0.72942724461659336,0.51955510033129726,0.66937866226132348,0.48095828068085322,0.9047503612735901,0.51314391615503019,0.93410885042160052,0.27992309627040718,0.9991701765230161,0.32865947479397206
"LIRCMOP7_BC",1,10000,10060,49,63,"infeasible_endpoint","AI_train",0,40,0.022133353144303081,2.615171628338727,2.987445170221009,0.79167957016015655,0.82012870537432214,0.18796446429385777,0.93050817738486336,0.2274366825343262,0.92815611269878173,0.40686836209015875,0.75493654643300578,0.33286013966500916,0.90354285991756589,0.45034728599241752,0.81487318139334475,0.50744061431395537,0.70434967341799393,0.43863372842641413,0.79345543576138744,0.65472069703830915,0.70529793872220381,0.53705104161899075,0.50907620820044774,0.76387754251448436,0.51974490336220591,0.71087199880151564,0.32604570591841264,0.79686387317268592,0.44332225890445087,0.75202186511948177,0.26724468384774253,1,0.46340727022425254
"LIRCMOP7_BC",1,10000,10060,49,64,"feasible_endpoint","AF_train",1,54,0.014976359793974346,3.1850788017938232,2.4225885486823779,0.86834680754823113,0.87713778354517635,0.30367537447807935,0.89818592121173102,0.28034936447946757,0.9248475982750981,0.53907933395485497,0.77949579602592856,0.37659869971305904,0.76151630535514436,0.53798575526255832,0.83871308942898781,0.43420563598095624,0.60953811064238095,0.557911727917766,0.7632800297145016,0.53890082666702477,0.75810928936372357,0.74289285039349495,0.60936482470029818,0.74921840717014421,0.39585086731967639,0.78871490524276866,0.38906700590999832,0.93578793943047844,0.41926357418656407,0.88742671963958442,0.19314121730542794,0.84687891822911698,0.33773642994072839
"LIRCMOP7_BC",1,10000,10060,49,64,"infeasible_endpoint","AI_train",0,54,0.014976359793974346,3.0777160925562059,2.461249445162446,0.83141268502183907,0.84593328421545322,0.18569968234738771,0.89372777926699465,0.17762582623765311,0.95731832583258747,0.50790957285687677,0.8653644338954336,0.23333559310653851,0.89901769293579981,0.58262464726627106,0.73776702616181344,0.48362584059848779,0.57927897287375341,0.56757938773056105,0.78205349877322339,0.79579779485814095,0.7121354575341966,0.87327154055461365,0.59786224783706932,0.74465301608976409,0.53512735313300053,0.89276125113984428,0.35666193208467956,0.80506827756054067,0.37140275076064572,0.78177692559591871,0.28494619629118562,0.96696728635368312,0.41667132045728184
"LIRCMOP7_BC",1,10000,10060,49,65,"feasible_endpoint","AF_train",1,49,0.02063720983598798,3.0437062231172476,2.6012103882014692,0.84239887958841009,0.82991894200360772,0.27336970325771193,0.88116703256960849,0.26736927961546275,0.96211427553246454,0.5385293000973923,0.86854584306098115,0.25953255632487904,0.84040082562189755,0.46160861171162693,0.96515378745792579,0.48800820972766151,0.65651937423513185,0.57955833289316172,0.76957378398631482,0.63007950422003645,0.6927093611243138,0.81037837248026368,0.50423160479706386,0.86865837334864771,0.47780528558232566,0.85059431250211992,0.29020137348933517,0.89898857199874438,0.43143690127940793,0.77655724887811961,0.23062593634940937,0.82877331568378942,0.39782331248601616
"LIRCMOP7_BC",1,10000,10060,49,65,"infeasible_endpoint","AI_train",0,49,0.02063720983598798,3.0777160925562059,2.461249445162446,0.83141268502183907,0.84593328421545322,0.18569968234738771,0.89372777926699465,0.17762582623765311,0.95731832583258747,0.50790957285687677,0.8653644338954336,0.23333559310653851,0.89901769293579981,0.58262464726627106,0.73776702616181344,0.48362584059848779,0.57927897287375341,0.56757938773056105,0.78205349877322339,0.79579779485814095,0.7121354575341966,0.87327154055461365,0.59786224783706932,0.74465301608976409,0.53512735313300053,0.89276125113984428,0.35666193208467956,0.80506827756054067,0.37140275076064572,0.78177692559591871,0.28494619629118562,0.96696728635368312,0.41667132045728184
"LIRCMOP7_BC",1,10000,10060,49,66,"feasible_endpoint","AF_train",1,70,0.029735606169816107,3.7021195106234188,1.8594926278224058,0.92244723760383851,0.79323412853983177,0.26325404456045354,0.96675129023459261,0.21939837317032709,0.92116747510642116,0.64109150643978463,0.92791155678969406,0.40726938098603249,0.85574880368541417,0.58459376384530348,0.68645398557103832,0.46248921170076479,0.7044744405513037,0.46165184796442982,0.7983416537532948,0.70993150056881238,0.70329519163529453,0.75334351301443081,0.44869940633742739,0.94541984546408331,0.39466263155303583,0.81281229107943664,0.36175314124680791,0.84853654077490259,0.27203382592277092,0.86970191772615379,0.27460027009824584,0.99032083306430208,0.14571723511858495
"LIRCMOP7_BC",1,10000,10060,49,66,"infeasible_endpoint","AI_train",0,70,0.029735606169816107,3.5050974241908497,1.829959793617048,0.85598145656475055,0.83328606154069351,0.33920557998028789,1,0.18840974513505243,0.97111224001848906,0.60377231167356693,0.94667653288345255,0.39183219976536532,0.78417058891015801,0.46785704019610491,0.87506636093922285,0.43476326970140955,0.74873893885967457,0.55282243509464324,0.82904459857258006,0.59078459427665775,0.81965343512407629,0.72433120945212237,0.55071682005118128,0.74679884881940151,0.42165318424915921,0.73672059038472004,0.39241157646775998,0.95688045493817642,0.46069870841823402,0.82741660118920191,0.30777500102008409,0.92218723028475502,0.29303419810686299
"LIRCMOP7_BC",1,10000,10060,49,67,"feasible_endpoint","AF_train",1,49,0.082789059060198442,3.0437062231172476,2.6012103882014692,0.84239887958841009,0.82991894200360772,0.27336970325771193,0.88116703256960849,0.26736927961546275,0.96211427553246454,0.5385293000973923,0.86854584306098115,0.25953255632487904,0.84040082562189755,0.46160861171162693,0.96515378745792579,0.48800820972766151,0.65651937423513185,0.57955833289316172,0.76957378398631482,0.63007950422003645,0.6927093611243138,0.81037837248026368,0.50423160479706386,0.86865837334864771,0.47780528558232566,0.85059431250211992,0.29020137348933517,0.89898857199874438,0.43143690127940793,0.77655724887811961,0.23062593634940937,0.82877331568378942,0.39782331248601616
"LIRCMOP7_BC",1,10000,10060,49,67,"infeasible_endpoint","AI_train",0,49,0.082789059060198442,3.5388292727016868,2.5060367216330297,0.8707226316636979,0.8868245218025379,0.28940138285797729,0.93768530545789475,0.23558466998338196,0.96969443058784655,0.57702866710897982,0.83815382701629737,0.2270682011965981,0.86825449614032624,0.49075020544625481,1,0.48312374787343471,0.73676291801173044,0.57212152535849281,0.81281421320803182,0.63992460778363158,0.65438661596470282,0.83083694694174093,0.42364664796637358,0.8893525913601551,0.45648111107933792,0.89540105558517835,0.28644268877555179,0.97063235418463789,0.38967945386532576,0.76047536007484917,0.15307657050520923,0.85463998778883521,0.36717746406787988
"LIRCMOP7_BC",1,10000,10060,49,68,"feasible_endpoint","AF_train",1,9,0.24503885915138013,1.8480916757424539,5.7314846287194845,0.67278890200108732,0.66192086897365321,0.16025519522216428,0.88433302234641487,0.20145504454212315,1,0.19759298061308592,0.90975721908736085,0.2704320571175145,1,0.39182994316355035,0.82807967290827689,0.38489805684975381,0.62942208220376805,0.44430454310432527,0.82625719011715937,0.55287444710603606,0.79040940821155126,0.54497227390539116,0.71371106650107918,0.7322624610430617,0.66099302173126451,0.65631336773413262,0.2098804094147734,0.67061174522825695,0.50730720127430406,0.73805992381582652,0.45371691610832099,0.90416642248508272,0.72032164074822558
"LIRCMOP7_BC",1,10000,10060,49,68,"infeasible_endpoint","AI_train",0,9,0.24503885915138013,2.6387038191652401,4.5555228178831015,0.66111950580675172,0.73220515321513346,0.28720399999790214,0.87901100107422969,0.16285968330953512,0.98606017367192544,0.31042457852129746,0.91322903777415898,0.16971693386809852,0.96089582268298046,0.47409930434741687,0.86467418650088046,0.35242888147407758,0.67035074049761212,0.42833826624317195,0.80104924530270871,0.61556932352715976,0.80682165414875473,0.48907313867440666,0.76988119134543287,0.74304320544328084,0.69836460682806478,0.64123456666435441,0.23370016703094723,0.69630975189935196,0.56512354224932326,0.69881471741785728,0.43899808365367793,0.79574903431629573,0.63214343852336219
"LIRCMOP7_BC",1,10000,10060,49,69,"feasible_endpoint","AF_train",1,90,0.30041166765746224,4.6225351585705505,1.2469820492458348,0.96680143262364804,0.83993558966254067,0.31472564476887133,0.95717902311850434,0.33833985382131682,0.94556417043248331,0.71347420874827039,0.92529006744971687,0.39348928702722763,0.88844229821876874,0.66063344922639744,0.77078378205613807,0.46310642831196075,0.70179501038515202,0.56605652134382733,0.75822784170254987,0.73147947768206723,0.64925008468387346,0.86932636642449412,0.50402603140723423,0.98374015107800938,0.3626511296268593,0.84969984237477625,0.31545314662925911,0.95125624076554893,0.24546616900564597,0.93085513203980486,0.18750478681693158,0.77721894537060099,0.13319633374091261
"LIRCMOP7_BC",1,10000,10060,49,69,"infeasible_endpoint","AI_train",0,90,0.30041166765746224,4.0534869441611443,2.8739248134191522,0.83305032490190356,0.81542439208324313,0.2493905886297475,0.90824458461789637,0.23197668038470487,0.86855199936130867,0.56741092236298685,0.8401325778023917,0.26359268771264549,0.81251943820837624,0.62919304556015399,0.70769798034197795,0.40689687911070521,0.75146161941934631,0.48918326643207977,0.72794555878835343,0.68077212041586588,0.66201243460895687,0.86027854766344691,0.51006293125448421,0.86238055184788298,0.42842722655679055,0.78010374843033747,0.29285164765995542,0.90030549056299236,0.37286597718223646,0.90779385404729396,0.18917529482623407,0.69275346477732735,0.27593946979811396
"LIRCMOP7_BC",1,10000,10060,49,70,"feasible_endpoint","AF_train",1,90,0.12101253579954688,4.6225351585705505,1.2469820492458348,0.96680143262364804,0.83993558966254067,0.31472564476887133,0.95717902311850434,0.33833985382131682,0.94556417043248331,0.71347420874827039,0.92529006744971687,0.39348928702722763,0.88844229821876874,0.66063344922639744,0.77078378205613807,0.46310642831196075,0.70179501038515202,0.56605652134382733,0.75822784170254987,0.73147947768206723,0.64925008468387346,0.86932636642449412,0.50402603140723423,0.98374015107800938,0.3626511296268593,0.84969984237477625,0.31545314662925911,0.95125624076554893,0.24546616900564597,0.93085513203980486,0.18750478681693158,0.77721894537060099,0.13319633374091261
"LIRCMOP7_BC",1,10000,10060,49,70,"infeasible_endpoint","AI_train",0,90,0.12101253579954688,3.9586107364259746,1.5308927603752798,0.96722686959348592,0.84518207863848782,0.31457744723854419,0.96702193544253578,0.30429066334772359,0.96581019497377607,0.70313355912586062,0.93968078596528648,0.40397573522189389,0.91342678308989322,0.61443984683424158,0.78511396147086576,0.51506713495145828,0.68927180751692185,0.55743767073643313,0.77368818875020251,0.7079802183451015,0.67323468178170875,0.82420510105825173,0.49483996096218497,0.96337647377283275,0.36719007521713676,0.8518701571404711,0.31822219238749372,0.94423650404868709,0.26278458044016556,0.92661081426014413,0.19453980931975917,0.85635661723916789,0.22414786454292057
"LIRCMOP7_BC",1,10000,10060,49,71,"feasible_endpoint","AF_train",1,83,0.20256337199011015,4.19654923758503,1.4896196587387343,0.94292948841637791,0.85570566744287957,0.3016720189892253,0.94269620674440024,0.3726803768338191,0.97389610672273763,0.69348795713402112,0.8734488610695198,0.35665413251969025,0.88386063728533903,0.56186582865469015,0.85926212821426862,0.43305382750443089,0.66923498502406642,0.58038812165935771,0.80168855943250517,0.70730617793491235,0.69737696890477918,0.80242227518122866,0.52316420328688673,0.94200819978943295,0.43473457964475515,0.74612900386092162,0.32958676303019546,0.9674504663662451,0.35364255214519891,0.91450375506535253,0.16686117436894674,0.90426710511856212,0.22132197851134747
"LIRCMOP7_BC",1,10000,10060,49,71,"infeasible_endpoint","AI_train",0,83,0.20256337199011015,5.3601941115561829,1.2288904503664893,0.97614292124983293,0.93783914178411221,0.39295107204869417,0.95202928839696166,0.38702680851075177,0.99415493435337554,0.7918538725295976,0.89847780482169237,0.34651376818627017,0.84742501155161376,0.62648574380112731,0.84841765916523926,0.47492396611554455,0.76746709141920388,0.56524563456074539,0.77621108709983355,0.78308229898322168,0.73531391807217028,0.80679373453729131,0.47968665149275608,0.95719009645675301,0.32929324236049407,0.79063438811027664,0.35067806567373261,0.99057258536165937,0.2779899965653097,0.91274270623451104,0.1230549249296862,0.8865947340459791,0.1003061667321167
"LIRCMOP7_BC",1,10000,10060,49,72,"feasible_endpoint","AF_train",1,83,0.26411991004779112,4.3379617497265563,1.4834718092762746,0.89575007245661908,0.84709705889358,0.25941358420138977,0.9483972790341888,0.36772112533446233,0.92329322160441363,0.6582226475667533,0.88343925823413372,0.31511244456256421,0.846013567933526,0.53533018931226339,0.84202650928132028,0.39102359478906812,0.67010745272622274,0.52870373241193669,0.75571928837978297,0.68845545220404147,0.66547212761290631,0.73511261664100069,0.55591500270766037,0.91952941635351471,0.43984340417778928,0.63769433138994569,0.37245080870466685,0.95255453799584622,0.38653690102796656,0.94608095619460608,0.18187744973292375,0.95966286408534529,0.26732423786361886
"LIRCMOP7_BC",1,10000,10060,49,72,"infeasible_endpoint","AI_train",0,83,0.26411991004779112,3.3931899262518534,2.6837539606619139,0.84495693574550435,0.79044465524214846,0.14275507310572472,0.92135787712384554,0.36738705570862812,0.90259269796989949,0.51737888284887668,0.88466744316484547,0.35096745831738729,0.8641980207915958,0.46637263520198535,0.84834089452583705,0.37087646699032795,0.55337754067295064,0.52677037617276512,0.76345542267052113,0.61914300016779644,0.64606864137134112,0.7451021114632288,0.58961862382606789,0.90072517195273716,0.53018433682789268,0.60211098092535598,0.33305170278032109,0.9201307559379579,0.41457910588974661,0.95024469812256751,0.21048765896073482,0.98693145375622104,0.39587396133045022
"LIRCMOP7_BC",1,10000,10060,49,73,"feasible_endpoint","AF_train",1,3,0.63421727116454651,1.550080908807818,6.3277170680347288,0.65331294270990181,0.70925408937182022,0.13591665643287684,0.9252108764921928,0.1472791956476493,0.88858043946486354,0.22577558214985202,0.67133509193669927,0.26700877118442468,0.90174502739842299,0.3627308432445816,0.85653740359530872,0.46852081546852176,0.70470456032458451,0.44898867492450384,0.77918718761280958,0.51303801765909718,0.72247558406571655,0.6108653823746335,0.58661573319034366,0.71011631449016344,0.67123432329645172,0.67931822473785308,0.25383111993086682,0.78677730109596533,0.64570470190637519,0.72871769290256838,0.29921403186099393,0.8830816533741811,0.62319080149174522
"LIRCMOP7_BC",1,10000,10060,49,73,"infeasible_endpoint","AI_train",0,3,0.63421727116454651,4.0256829752810521,3.6658025209466221,0.76389210645580774,0.83624190717670621,0.31373718279680196,0.93290500034493273,0.22290128599624015,0.86868477693227741,0.52803293659984274,0.75961502553083515,0.23372078122440454,0.82867039203398984,0.52532842129618174,0.85971200313050766,0.48880791938112278,0.7285561052203402,0.42947678998795452,0.67541574046584829,0.716671255849329,0.63766527270347217,0.67004898316011641,0.51418204752749141,0.80987612107895446,0.57693685475637957,0.81520267773247679,0.27847354404520946,0.83095144947665101,0.4725915340376679,0.6811831939198868,0.26381526326726884,0.67464108997762862,0.39366256995408339
"LIRCMOP7_BC",1,10000,10060,49,74,"feasible_endpoint","AF_train",1,99,0.77675671570978677,7.48555911532645,0.98209150654289057,0.99469356310546364,0.92856566129386797,0.37227496645504826,0.99770090918452548,0.41404238026813867,0.96483369787088136,0.90407340099315092,0.96575244767031876,0.34581340237434266,0.88172245760904744,0.74301498579243952,0.77734932199171736,0.49778382281024564,0.75939027316548113,0.50083432380947501,0.73605754215595498,0.89420258175192258,0.64183033421042379,0.73109255732162715,0.4482610844666618,1,0.35770490158544654,0.71727632172042788,0.36858556911767848,0.9782789438793098,0.26450008890626808,0.94560509427531136,0.12734793654255869,0.88742273244380443,0
"LIRCMOP7_BC",1,10000,10060,49,74,"infeasible_endpoint","AI_train",0,99,0.77675671570978677,3.5276310317589665,3.0730573043230907,0.789983154433469,0.76696688802330049,0.19442454235970638,0.89631513373526039,0.35072308330317653,0.89249285234383047,0.52289294053192337,0.85941170263244682,0.41116078296484931,0.83331377553438446,0.49286206073508915,0.66972557901679397,0.4427252693500382,0.6715814853887685,0.47119617891017401,0.76134902486059786,0.65553571269940902,0.76460017989737261,0.5984379359395916,0.5522029572714231,0.82536868615017311,0.51957996249200911,0.53400348839522038,0.35961212416273036,0.80564344008916633,0.51068694769773104,0.92362378739218498,0.29556817308909877,0.96060908058215921,0.33268777593320287
"LIRCMOP7_BC",1,10000,10060,49,75,"feasible_endpoint","AF_train",1,1,0.98764394697100877,1.4139652524414736,8.923517700256026,0.58968767161648139,0.65210600130200846,0.11923437855180558,0.75224057379700815,0.15509597285175969,0.79232296809416425,0.20585891185429711,0.7182644097342884,0.26285765269188793,0.75270359211092153,0.30603971983606215,0.61266513833317793,0.35924055762942264,0.56272989127678996,0.45587460344474462,0.73229707469830763,0.52195234923324785,0.79547835590720695,0.58654760333078793,0.68839721876980997,0.6395638957632459,0.7068195423143917,0.61498136189271013,0.31577056515744484,0.63098914045644272,0.69439054178329274,0.71705266670987133,0.47607554977984051,0.77933569460336116,0.68054785265888929
"LIRCMOP7_BC",1,10000,10060,49,75,"infeasible_endpoint","AI_train",0,1,0.98764394697100877,2.8346080037335355,3.5088368490602599,0.78029835270918435,0.72054149123871181,0.26019205281296326,0.88568383100716375,0.24538231356338255,0.89511449243397034,0.47754453261485558,0.83156550446599953,0.33726252856686328,0.83501406830195046,0.44522838118878272,0.72055719431296694,0.46815936386752244,0.64180606744578572,0.42927876431816359,0.72493106017935371,0.67638141916840322,0.71923232691684758,0.67152653135214568,0.65295654648337154,0.81652839961331991,0.51595834516688366,0.73563238082791849,0.29304418344136013,0.74321239221161606,0.51259891708953997,0.77869995356210564,0.36633844360327539,0.79778810730319183,0.31162678255864101
"LIRCMOP7_BC",1,10000,10060,49,76,"feasible_endpoint","AF_train",1,100,0.99999999999857581,9.6087403170295218,0.9017103634318715,0.95713060894337798,0.96862095227855871,0.44462689922524629,0.97396943934671509,0.35155248413108436,0.99489254992947196,0.90665559213590852,0.93600907869836902,0.20884233135233626,0.90059250324768036,0.81026170765774475,0.8347557712122522,0.45224732129462175,0.73227756277585743,0.49613859919644621,0.70062669526114973,0.96300634482041614,0.62273237864783182,0.78420156020263376,0.52116985134188654,0.9497696976746941,0.35930123590716972,0.8862018346944015,0.36399024701026517,0.97779368252237742,0.21577896931863624,0.8196253875802515,0.12914177243104721,0.66179800270261313,0.092079998156522999
"LIRCMOP7_BC",1,10000,10060,49,76,"infeasible_endpoint","AI_train",0,100,0.99999999999857581,4.0334400149088818,2.4017165388227304,0.79782502576320913,0.86926074765580719,0.27528207630553087,0.91714582119349641,0.27285798202783285,0.92373234282469419,0.5897345095148957,0.84514412754171442,0.28840964815224346,0.85922162734862095,0.65607378492975799,0.75007293573443257,0.43019177515767509,0.69636288724154261,0.4404460007470562,0.72110798694873646,0.76661060975617512,0.70693070296271487,0.67928833530832544,0.56783861576802419,0.804130588043376,0.48504750850112421,0.78620066819250511,0.36297171428098979,0.87356472863204604,0.39598834119149956,0.8038101583429329,0.25186369653644802,0.76761830994798608,0.36959455232970273
"LIRCMOP7_BC",1,10000,10060,49,77,"feasible_endpoint","AF_train",1,20,0.050623713553816133,2.044112580679883,3.5887583230475792,0.77884167250818814,0.74602436439022812,0.16697287904343017,0.95514361029295247,0.22151874521135995,0.96784564710583187,0.39548529110001868,0.7556597691046032,0.25542909282870524,0.96868226555206838,0.47930332972222189,0.83028028756365002,0.43037154475725636,0.7301756492115864,0.53609028990949148,0.83132765331146774,0.59273352361953635,0.72326712183595754,0.72408973930180998,0.61864329298642029,0.80048038682241807,0.53277965768148561,0.72761165499652325,0.27909531968692325,0.87972097605907718,0.52843954547376648,0.83315764682322802,0.1914634965588507,1,0.45905646307532366
"LIRCMOP7_BC",1,10000,10060,49,77,"infeasible_endpoint","AI_train",0,20,0.050623713553816133,1.9534329119289029,3.2888579254423229,0.84971883268453863,0.81919723149399792,0.14046302000917432,0.89231633527393317,0.31006981787638321,0.9195407293188107,0.35757284091748925,0.91142831993666196,0.45065371485250211,0.91212337700421098,0.4472161028231128,0.79054838112042325,0.49489360979271824,0.47242656497639257,0.53258162936455422,0.82078807973335532,0.62566008480876312,0.66275537271021068,0.78390871403281537,0.59162603058964658,0.88101076465991546,0.51224719465882507,0.88604049948732111,0.30213900516178027,0.87615215583611195,0.31953272981092518,0.88983333933044828,0.245976634454143,0.93563579038524169,0.4190749048889012
"LIRCMOP7_BC",1,10000,10060,49,78,"feasible_endpoint","AF_train",1,20,0.050623713553816133,2.044112580679883,3.5887583230475792,0.77884167250818814,0.74602436439022812,0.16697287904343017,0.95514361029295247,0.22151874521135995,0.96784564710583187,0.39548529110001868,0.7556597691046032,0.25542909282870524,0.96868226555206838,0.47930332972222189,0.83028028756365002,0.43037154475725636,0.7301756492115864,0.53609028990949148,0.83132765331146774,0.59273352361953635,0.72326712183595754,0.72408973930180998,0.61864329298642029,0.80048038682241807,0.53277965768148561,0.72761165499652325,0.27909531968692325,0.87972097605907718,0.52843954547376648,0.83315764682322802,0.1914634965588507,1,0.45905646307532366
"LIRCMOP7_BC",1,10000,10060,49,78,"infeasible_endpoint","AI_train",0,20,0.050623713553816133,1.9534329119289029,3.2888579254423229,0.84971883268453863,0.81919723149399792,0.14046302000917432,0.89231633527393317,0.31006981787638321,0.9195407293188107,0.35757284091748925,0.91142831993666196,0.45065371485250211,0.91212337700421098,0.4472161028231128,0.79054838112042325,0.49489360979271824,0.47242656497639257,0.53258162936455422,0.82078807973335532,0.62566008480876312,0.66275537271021068,0.78390871403281537,0.59162603058964658,0.88101076465991546,0.51224719465882507,0.88604049948732111,0.30213900516178027,0.87615215583611195,0.31953272981092518,0.88983333933044828,0.245976634454143,0.93563579038524169,0.4190749048889012
"LIRCMOP7_BC",1,10000,10060,49,79,"feasible_endpoint","AF_train",1,23,0.04110441652293495,2.164032166653314,3.4393650325388023,0.91541704504611543,0.79965372386254241,0.14065349724865242,1,0.31118738356894704,1,0.39061653500161669,1,0.46171498569924208,1,0.47853339593710109,1,0.57342696593777442,0.53468399204353156,0.54409904808054688,0.86176082387701824,0.65082436237529406,0.58005469707424284,0.8347101088500033,0.54591053674499856,0.97914135987939144,0.48157652959005426,0.90593987384440811,0.1874994944411707,0.97474355906653587,0.25380927051482938,0.92534124651247474,0.1619639661419067,0.99056177742729545,0.33239818954879036
"LIRCMOP7_BC",1,10000,10060,49,79,"infeasible_endpoint","AI_train",0,23,0.04110441652293495,2.2377269957713164,3.1904633663201309,0.82028582977253139,0.81683045080832695,0.16173599637942218,0.86153879764578956,0.28416486616393194,0.90043991697359915,0.48654110947341056,0.75165907446039426,0.36964558313802237,0.86682792260176877,0.4990432589413844,0.73684330420350386,0.44552802198182406,0.65347680439351685,0.50845597493324568,0.76534651758553962,0.69467565267683318,0.66570514468884523,0.72855667483767839,0.55790082439743804,0.83356330727936179,0.50256554731693381,0.83235379196056991,0.3342906271333721,0.84154754002215104,0.39100320814989464,0.84699931667672024,0.2256874327485604,0.90565211758148467,0.45460732662447545
"LIRCMOP7_BC",1,10000,10060,49,80,"feasible_endpoint","AF_train",1,35,0.0094681967766601701,2.5718086826617199,3.0434818442806746,0.92532994199134078,0.78939645942714076,0.24893341468462382,0.91516835331518676,0.27797036771832595,0.93476149414453591,0.49250588248744931,0.83465055359604134,0.42689830007594909,1,0.48926225502378151,0.77325471554551251,0.49796483136535097,0.60807537374471443,0.63360276192952725,0.86101339749770256,0.56296180375601945,0.66818670721786544,0.77822371257513001,0.53662300610688829,0.91803882610798582,0.53304532191641385,0.89100417482727545,0.32037057175992167,0.90847310265299064,0.41248165576968132,0.85766925865655008,0.29758590432681536,1,0.39678932633017772
"LIRCMOP7_BC",1,10000,10060,49,80,"infeasible_endpoint","AI_train",0,35,0.0094681967766601701,2.4920812602167102,3.0219592193232145,0.83529243282617083,0.71762195633558823,0.24817662221284342,0.96736542998331521,0.20905404402372071,1,0.46828266216455033,0.95359074688570189,0.34094040994613711,0.94787692286462777,0.45781227353687737,0.91915650478424316,0.42370104102087625,0.65766186917385094,0.537846239108978,0.85281601614448521,0.6030710032061819,0.71939833856469804,0.72480391653490805,0.5791877334109109,0.85727587762560153,0.48903569832326044,0.78683063390279284,0.26018158620767007,0.80616802041602043,0.39674751597109159,0.80872989794720285,0.3557414560495798,0.94527721009347443,0.44920716292911322
"LIRCMOP7_BC",1,10000,10060,49,81,"feasible_endpoint","AF_train",1,40,0.036188572892459525,2.7345029067856084,2.8897316242681006,0.76808371207331072,0.73663262614302283,0.22009695479633745,0.96185392574211848,0.22625228020580077,0.95347625082022425,0.3086097843386541,0.98047720692376239,0.37085153410538485,0.82136766889084012,0.36532107497484345,0.8043063993534989,0.28229502112812077,0.60661326369598112,0.48842380836837684,0.74119120727063448,0.48907143978918016,0.77234455861909956,0.60766602410804493,0.57268292401528931,0.72942724461659336,0.51955510033129726,0.66937866226132348,0.48095828068085322,0.9047503612735901,0.51314391615503019,0.93410885042160052,0.27992309627040718,0.9991701765230161,0.32865947479397206
"LIRCMOP7_BC",1,10000,10060,49,81,"infeasible_endpoint","AI_train",0,40,0.036188572892459525,2.628502691658003,2.6828363299488953,0.87177479240481826,0.7112167511570775,0.18215482762877469,0.91267455628214544,0.25037994872414432,0.90254425658002724,0.41455728077381737,0.87961870896698224,0.41812892133283774,0.94996134355621153,0.42976137357745348,0.776642650404749,0.37160432750939043,0.6067305697200357,0.58264903994407224,0.8123385099692304,0.52101943532670747,0.66998479130665334,0.80186093167749195,0.53053144566460819,0.92511860852745254,0.58746532743794233,0.8022606859838004,0.36290254606025274,0.9355257748331729,0.4852617764663984,0.96973978165092656,0.27109803692350976,1,0.32705954858191805
"LIRCMOP7_BC",1,10000,10060,49,82,"feasible_endpoint","AF_train",1,49,0.022094676104973537,3.0437062231172476,2.6012103882014692,0.84239887958841009,0.82991894200360772,0.27336970325771193,0.88116703256960849,0.26736927961546275,0.96211427553246454,0.5385293000973923,0.86854584306098115,0.25953255632487904,0.84040082562189755,0.46160861171162693,0.96515378745792579,0.48800820972766151,0.65651937423513185,0.57955833289316172,0.76957378398631482,0.63007950422003645,0.6927093611243138,0.81037837248026368,0.50423160479706386,0.86865837334864771,0.47780528558232566,0.85059431250211992,0.29020137348933517,0.89898857199874438,0.43143690127940793,0.77655724887811961,0.23062593634940937,0.82877331568378942,0.39782331248601616
"LIRCMOP7_BC",1,10000,10060,49,82,"infeasible_endpoint","AI_train",0,49,0.022094676104973537,3.1054131421693159,2.46164641219407,0.84949458351104823,0.8451379219079227,0.20975534540903004,0.92843678135642072,0.26364596563462139,0.93575455480766878,0.50911600469694029,0.83159099463748831,0.3433465682262794,0.8849684872407797,0.4478960471730522,0.84322770989662543,0.53486184648444801,0.64844540163891184,0.53690515332680677,0.75450346696446857,0.72078352001335577,0.62888171107868163,0.65475288522018937,0.45368085288817173,0.77989983231704407,0.40336132758450849,0.93412264236872966,0.36648927735772524,0.82014181199671232,0.34834628328461981,0.66083970351065568,0.24150424544734117,0.9483554705147067,0.37703395157402003
"LIRCMOP7_BC",1,10000,10060,49,83,"feasible_endpoint","AF_train",1,54,0.010579708972686957,3.1850788017938232,2.4225885486823779,0.86834680754823113,0.87713778354517635,0.30367537447807935,0.89818592121173102,0.28034936447946757,0.9248475982750981,0.53907933395485497,0.77949579602592856,0.37659869971305904,0.76151630535514436,0.53798575526255832,0.83871308942898781,0.43420563598095624,0.60953811064238095,0.557911727917766,0.7632800297145016,0.53890082666702477,0.75810928936372357,0.74289285039349495,0.60936482470029818,0.74921840717014421,0.39585086731967639,0.78871490524276866,0.38906700590999832,0.93578793943047844,0.41926357418656407,0.88742671963958442,0.19314121730542794,0.84687891822911698,0.33773642994072839
"LIRCMOP7_BC",1,10000,10060,49,83,"infeasible_endpoint","AI_train",0,54,0.010579708972686957,3.1054131421693159,2.46164641219407,0.84949458351104823,0.8451379219079227,0.20975534540903004,0.92843678135642072,0.26364596563462139,0.93575455480766878,0.50911600469694029,0.83159099463748831,0.3433465682262794,0.8849684872407797,0.4478960471730522,0.84322770989662543,0.53486184648444801,0.64844540163891184,0.53690515332680677,0.75450346696446857,0.72078352001335577,0.62888171107868163,0.65475288522018937,0.45368085288817173,0.77989983231704407,0.40336132758450849,0.93412264236872966,0.36648927735772524,0.82014181199671232,0.34834628328461981,0.66083970351065568,0.24150424544734117,0.9483554705147067,0.37703395157402003
"LIRCMOP7_BC",1,10000,10060,49,84,"feasible_endpoint","AF_train",1,48,0.031890642972761458,3.0412405352681509,2.6591464454435156,0.80169196494629746,0.80002441944986513,0.23233149092199448,1,0.35043022652224881,1,0.48824685327711348,1,0.26889457936875133,0.9351874525811672,0.41776438235451302,0.85328695510022223,0.37576540104914941,0.67575251948863235,0.43997208542435784,0.82029259310477909,0.62377820680760243,0.76247951371545364,0.66990882897854009,0.59124499255435659,0.83537066694019113,0.5732926560139171,0.73982473385423464,0.23424659926470096,0.94682971621107304,0.41986899978511505,0.82796684449084745,0.27033125514616985,0.88729794863327149,0.35510219564438122
"LIRCMOP7_BC",1,10000,10060,49,84,"infeasible_endpoint","AI_train",0,48,0.031890642972761458,3.1054131421693159,2.46164641219407,0.84949458351104823,0.8451379219079227,0.20975534540903004,0.92843678135642072,0.26364596563462139,0.93575455480766878,0.50911600469694029,0.83159099463748831,0.3433465682262794,0.8849684872407797,0.4478960471730522,0.84322770989662543,0.53486184648444801,0.64844540163891184,0.53690515332680677,0.75450346696446857,0.72078352001335577,0.62888171107868163,0.65475288522018937,0.45368085288817173,0.77989983231704407,0.40336132758450849,0.93412264236872966,0.36648927735772524,0.82014181199671232,0.34834628328461981,0.66083970351065568,0.24150424544734117,0.9483554705147067,0.37703395157402003
"LIRCMOP7_BC",1,10000,10060,49,85,"feasible_endpoint","AF_train",1,70,0.06210303481058603,3.7021195106234188,1.8594926278224058,0.92244723760383851,0.79323412853983177,0.26325404456045354,0.96675129023459261,0.21939837317032709,0.92116747510642116,0.64109150643978463,0.92791155678969406,0.40726938098603249,0.85574880368541417,0.58459376384530348,0.68645398557103832,0.46248921170076479,0.7044744405513037,0.46165184796442982,0.7983416537532948,0.70993150056881238,0.70329519163529453,0.75334351301443081,0.44869940633742739,0.94541984546408331,0.39466263155303583,0.81281229107943664,0.36175314124680791,0.84853654077490259,0.27203382592277092,0.86970191772615379,0.27460027009824584,0.99032083306430208,0.14571723511858495
"LIRCMOP7_BC",1,10000,10060,49,85,"infeasible_endpoint","AI_train",0,70,0.06210303481058603,3.5268673207001333,1.523318290401638,0.92100830177483983,0.83326432285559093,0.31084695601063556,0.95050006874113679,0.32828891595493126,0.97408247119627722,0.63248513485910873,0.94708109167859444,0.4398632045974542,0.85644654908347251,0.52897817677737402,0.82243861476820601,0.51519889674506669,0.66967321577166805,0.52660920679703183,0.77994951523903522,0.69538068374207263,0.76180504569170115,0.74900310732532849,0.58167764940639,0.90047452841318165,0.43975897036096023,0.80709834775556444,0.31334909923296694,0.90050187996808462,0.29779931799706061,0.90616149796908552,0.22759316817133829,0.84060533436354634,0.21624819478850493
"LIRCMOP7_BC",1,10000,10060,49,86,"feasible_endpoint","AF_train",1,80,0,3.9861849525939004,1.5249928508675201,0.98091137475544177,0.87781172942810526,0.26831689701237071,0.99894754501616689,0.35458710255390874,1,0.7017421489555643,0.88919281931348881,0.41333351308993915,0.94381199198254584,0.55123228392448742,0.85030199826013786,0.52309256241216917,0.67525249407958809,0.57803563350439402,0.77817210716567486,0.80460792650866897,0.59949202446099537,0.70861786875982957,0.42747842032061878,0.89055904740983194,0.30256458558445776,0.9007432023748092,0.38201976488230582,0.91765295114428591,0.25025382498146137,0.77943891164155454,0.15401079031795539,0.99480566321007768,0.15353286923959719
"LIRCMOP7_BC",1,10000,10060,49,86,"infeasible_endpoint","AI_train",0,80,0,3.9586107364259746,1.5308927603752798,0.96722686959348592,0.84518207863848782,0.31457744723854419,0.96702193544253578,0.30429066334772359,0.96581019497377607,0.70313355912586062,0.93968078596528648,0.40397573522189389,0.91342678308989322,0.61443984683424158,0.78511396147086576,0.51506713495145828,0.68927180751692185,0.55743767073643313,0.77368818875020251,0.7079802183451015,0.67323468178170875,0.82420510105825173,0.49483996096218497,0.96337647377283275,0.36719007521713676,0.8518701571404711,0.31822219238749372,0.94423650404868709,0.26278458044016556,0.92661081426014413,0.19453980931975917,0.85635661723916789,0.22414786454292057
"LIRCMOP7_BC",1,10000,10060,49,87,"feasible_endpoint","AF_train",1,80,0,3.9861849525939004,1.5249928508675201,0.98091137475544177,0.87781172942810526,0.26831689701237071,0.99894754501616689,0.35458710255390874,1,0.7017421489555643,0.88919281931348881,0.41333351308993915,0.94381199198254584,0.55123228392448742,0.85030199826013786,0.52309256241216917,0.67525249407958809,0.57803563350439402,0.77817210716567486,0.80460792650866897,0.59949202446099537,0.70861786875982957,0.42747842032061878,0.89055904740983194,0.30256458558445776,0.9007432023748092,0.38201976488230582,0.91765295114428591,0.25025382498146137,0.77943891164155454,0.15401079031795539,0.99480566321007768,0.15353286923959719
"LIRCMOP7_BC",1,10000,10060,49,87,"infeasible_endpoint","AI_train",0,80,0,3.9586107364259746,1.5308927603752798,0.96722686959348592,0.84518207863848782,0.31457744723854419,0.96702193544253578,0.30429066334772359,0.96581019497377607,0.70313355912586062,0.93968078596528648,0.40397573522189389,0.91342678308989322,0.61443984683424158,0.78511396147086576,0.51506713495145828,0.68927180751692185,0.55743767073643313,0.77368818875020251,0.7079802183451015,0.67323468178170875,0.82420510105825173,0.49483996096218497,0.96337647377283275,0.36719007521713676,0.8518701571404711,0.31822219238749372,0.94423650404868709,0.26278458044016556,0.92661081426014413,0.19453980931975917,0.85635661723916789,0.22414786454292057
"LIRCMOP7_BC",1,10000,10060,49,88,"feasible_endpoint","AF_train",1,42,0.078459036499742285,2.8140771673189899,2.8493559184718551,0.9312931798106876,0.65782377611467768,0.17038706352554062,1,0.27228058071455591,1,0.55283461626561869,1,0.41383913918598397,0.98824015282174971,0.44337067894775734,0.89238677346477391,0.48805252090043466,0.61695938423618157,0.58313488349961951,0.83597107122997039,0.62929533759554768,0.63532745537625468,0.82179995156301155,0.60100684283882988,0.91261304975285928,0.50017793431674584,0.74927325543926659,0.28993345301245571,0.96793661323579439,0.3821746195235915,0.91558066828675633,0.28484616505334692,0.92664710594816602,0.19808590272230647
"LIRCMOP7_BC",1,10000,10060,49,88,"infeasible_endpoint","AI_train",0,42,0.078459036499742285,2.8663948199442677,2.3826169952964031,0.9548468623215095,0.72224019930762873,0.23008084505388782,0.97937136717784412,0.36366218189938238,0.98835137040288468,0.45897685359795781,0.9910503410799274,0.37943098557055494,1,0.5357357882319751,0.85178804725352553,0.49809124907094249,0.64851018444210429,0.60024676389606624,0.78031382136779603,0.73575019553805476,0.58411513216292432,0.83582678613918349,0.61360745688699336,0.96563219232258724,0.50163047823741802,0.78364719785110004,0.28107950805446752,0.99527089612518271,0.35329869451566975,0.90456498012919928,0.31864624620668236,0.81525657863346646,0.13177803286304282
"LIRCMOP7_BC",1,10000,10060,49,89,"feasible_endpoint","AF_train",1,48,0.099087906026841144,3.0412405352681509,2.6591464454435156,0.80169196494629746,0.80002441944986513,0.23233149092199448,1,0.35043022652224881,1,0.48824685327711348,1,0.26889457936875133,0.9351874525811672,0.41776438235451302,0.85328695510022223,0.37576540104914941,0.67575251948863235,0.43997208542435784,0.82029259310477909,0.62377820680760243,0.76247951371545364,0.66990882897854009,0.59124499255435659,0.83537066694019113,0.5732926560139171,0.73982473385423464,0.23424659926470096,0.94682971621107304,0.41986899978511505,0.82796684449084745,0.27033125514616985,0.88729794863327149,0.35510219564438122
"LIRCMOP7_BC",1,10000,10060,49,89,"infeasible_endpoint","AI_train",0,48,0.099087906026841144,3.639323744433919,2.6413522174191923,0.82835001531992281,0.79244654224143629,0.2397908802789688,0.99074294742738422,0.33816060008204774,0.99461806940045339,0.53332143207953076,1,0.19435698948366642,0.94134624034739256,0.50165402011559412,0.83900934398408689,0.40446456787694629,0.68652382597824135,0.42011285106844853,0.79245122493140496,0.6806637893033004,0.71533451103836754,0.77951840394853877,0.55217757369903164,0.87505466709913871,0.56477287328760117,0.78677566093345164,0.19548793573087075,0.97311790264760767,0.3660846017509391,0.87180245465272266,0.26623444425709686,0.81732340722673458,0.31126198019728957
"LIRCMOP7_BC",1,10000,10060,49,90,"feasible_endpoint","AF_train",1,90,0.13221662167813353,4.6225351585705505,1.2469820492458348,0.96680143262364804,0.83993558966254067,0.31472564476887133,0.95717902311850434,0.33833985382131682,0.94556417043248331,0.71347420874827039,0.92529006744971687,0.39348928702722763,0.88844229821876874,0.66063344922639744,0.77078378205613807,0.46310642831196075,0.70179501038515202,0.56605652134382733,0.75822784170254987,0.73147947768206723,0.64925008468387346,0.86932636642449412,0.50402603140723423,0.98374015107800938,0.3626511296268593,0.84969984237477625,0.31545314662925911,0.95125624076554893,0.24546616900564597,0.93085513203980486,0.18750478681693158,0.77721894537060099,0.13319633374091261
"LIRCMOP7_BC",1,10000,10060,49,90,"infeasible_endpoint","AI_train",0,90,0.13221662167813353,5.4111020875443128,1.2221112883737399,0.95240073292893201,0.83642095032008401,0.31827414994497261,0.9523644519766945,0.35617579498969471,0.92264093004616776,0.75004488326660912,0.90557783979137652,0.44245583041961351,0.88025926986405789,0.65366866672806612,0.7777578475922502,0.46129329450078471,0.71965734253945013,0.54108272128234003,0.7446621452463289,0.75143553374358929,0.6034523649020751,0.8422288408159978,0.4970708619180092,1,0.40961500422730523,0.86608855889285841,0.29315694840131956,0.95058554483544377,0.2837162163480958,0.89020473046783499,0.23527816313203148,0.70435726072262561,0.11332044822561754
"LIRCMOP7_BC",1,10000,10060,49,91,"feasible_endpoint","AF_train",1,74,0.061617775020062208,3.8360237199348202,1.7414917433034522,0.92488924019477992,0.81924425151056579,0.14615140855826828,1,0.41822438885286184,0.9645760283245427,0.58312580395012736,0.88462789906018735,0.63973879565971337,0.8731713566568341,0.41429147459364524,0.78803657102612168,0.52932875963148229,0.69118120343007095,0.52813639416524805,0.79435540129904147,0.6191783272547231,0.69964852849814552,0.75819387647216252,0.49078902076624598,0.84728503696564939,0.31256070094979127,0.75754716464264149,0.3670143900632411,0.90879620899502478,0.29933041403673011,0.85225444318506272,0.14300826865987087,1,0.19486489444072055
"LIRCMOP7_BC",1,10000,10060,49,91,"infeasible_endpoint","AI_train",0,74,0.061617775020062208,3.5492876556687287,1.4932890231232179,0.96718558586627257,0.82168679373342435,0.18224453202765245,1,0.39194510285670525,0.96476121449922703,0.66012608438783371,0.92856422015982376,0.53303094036109144,0.87671704814545892,0.5374725408123423,0.76892209543538037,0.55689521174614898,0.71140809599534593,0.51558958954658163,0.75342966068008388,0.70469303846800235,0.64476883866850399,0.89081966221546804,0.44963025311932714,0.90449660206035865,0.28851696471965405,0.81802988589973091,0.32319165108038,0.94311785323123021,0.22567811764525553,0.9082977157445693,0.11307941534373059,0.94029692968316692,0.11425759702340937
"LIRCMOP7_BC",1,10000,10060,49,92,"feasible_endpoint","AF_train",1,46,0.088713754027875236,2.9727606393462418,2.7088556583224825,0.94587322475881819,0.8927258527185411,0.073177341462047379,1,0.42375969364618693,0.94361071640828031,0.43064254375950745,0.96761467545393676,0.5352673159646022,0.93122879352166643,0.43284609548488462,0.8570528670450217,0.62291538801139756,0.52158074714349345,0.50948837073539877,0.81527553687762155,0.65478075011297843,0.55906344666927477,0.91157497501469287,0.44341261372867508,0.93479766262154673,0.41640278481539106,0.99998404237762517,0.24011377042812138,0.9878336934324925,0.15707846605249848,0.90799716843318667,0.084145916018459443,0.95716142808075699,0.30097511510847719
"LIRCMOP7_BC",1,10000,10060,49,92,"infeasible_endpoint","AI_train",0,46,0.088713754027875236,2.4607451691807363,2.8726668012838461,0.93374517603387086,0.90973528957326877,0.1328910849428338,0.98149859810020912,0.35676254511048455,0.94817816252003562,0.44732348013260115,0.94005699590878478,0.44707891204390154,0.93480058809160649,0.44504273940605854,0.90222288343446588,0.56099469589053852,0.50049419165785369,0.54188763679178675,0.8394049862538322,0.65608731984643343,0.58536751178741242,0.86737628149757318,0.48017958881245487,0.95355346148608389,0.48951159227794161,0.96403360135822047,0.2433113264030291,1,0.22106068330247017,0.91110018809357829,0.11103679553106752,0.93914651579845465,0.35450730585244622
"LIRCMOP7_BC",1,10000,10060,49,93,"feasible_endpoint","AF_train",1,83,0.16733070724153695,4.3379617497265563,1.4834718092762746,0.89575007245661908,0.84709705889358,0.25941358420138977,0.9483972790341888,0.36772112533446233,0.92329322160441363,0.6582226475667533,0.88343925823413372,0.31511244456256421,0.846013567933526,0.53533018931226339,0.84202650928132028,0.39102359478906812,0.67010745272622274,0.52870373241193669,0.75571928837978297,0.68845545220404147,0.66547212761290631,0.73511261664100069,0.55591500270766037,0.91952941635351471,0.43984340417778928,0.63769433138994569,0.37245080870466685,0.95255453799584622,0.38653690102796656,0.94608095619460608,0.18187744973292375,0.95966286408534529,0.26732423786361886
"LIRCMOP7_BC",1,10000,10060,49,93,"infeasible_endpoint","AI_train",0,83,0.16733070724153695,4.1858652238310858,2.4420774067754678,0.85853050080095628,0.8514708239888753,0.24596488376816811,0.90591267054304592,0.37654375326553663,0.87894668984704527,0.59878812881186849,0.76213826556858855,0.29460213203498331,0.8056755475758165,0.52769688471865428,0.7998585966756655,0.3610999758671018,0.67963605910239899,0.55069751865386118,0.81523387360511923,0.63072335267964541,0.71437615583902903,0.70722953937192923,0.56657203063220529,0.87364666053654672,0.46206809637210056,0.58177274148139668,0.41309060490937854,0.92770706883047405,0.44118007823241273,0.94272438088735799,0.14501329298379459,0.98253246158712504,0.37953559569436962
"LIRCMOP7_BC",1,10000,10060,49,94,"feasible_endpoint","AF_train",1,23,0.1048305666180151,2.164032166653314,3.4393650325388023,0.91541704504611543,0.79965372386254241,0.14065349724865242,1,0.31118738356894704,1,0.39061653500161669,1,0.46171498569924208,1,0.47853339593710109,1,0.57342696593777442,0.53468399204353156,0.54409904808054688,0.86176082387701824,0.65082436237529406,0.58005469707424284,0.8347101088500033,0.54591053674499856,0.97914135987939144,0.48157652959005426,0.90593987384440811,0.1874994944411707,0.97474355906653587,0.25380927051482938,0.92534124651247474,0.1619639661419067,0.99056177742729545,0.33239818954879036
"LIRCMOP7_BC",1,10000,10060,49,94,"infeasible_endpoint","AI_train",0,23,0.1048305666180151,2.7290183898770364,3.1634307682842975,0.95771339071760808,0.80209626608540097,0.1767466207180366,0.99076625928556106,0.28490809757279045,1,0.46761681543932304,1,0.35500713040062015,1,0.60171446215579816,0.98088552440925869,0.60099341805244111,0.55491088460880655,0.53155224346188046,0.82083508325806065,0.73633907358857331,0.52517500724460131,0.96733589459330882,0.50475176909807973,1,0.45753279335991703,0.96642259510149753,0.14367675545830957,1,0.1801569741233548,0.98138451907198132,0.13203511282576641,0.90593959445648697,0.2517908921314792
"LIRCMOP7_BC",1,10000,10060,49,95,"feasible_endpoint","AF_train",1,91,0.12568148039797172,4.6873006408458435,1.2258599572925963,0.99068716871798124,0.91516294557766265,0.3332789068775327,0.94891688676839858,0.42982143374044174,0.94686986611699953,0.7637287897815076,0.86871210893217554,0.39864171507650031,0.8850644658384661,0.60814974445402203,0.80825456416160146,0.51902969111080743,0.68722035838813222,0.64288261116636847,0.76906477291856068,0.81775486247344742,0.67526151326486117,0.75893047375125389,0.47103406932322278,0.97100409989471648,0.42605390199689225,0.76584899302169074,0.30836374872555916,0.96744984803902057,0.27922899301421567,0.91444722199848738,0.045290241446995963,0.95567305528966318,0.126412991274235
"LIRCMOP7_BC",1,10000,10060,49,95,"infeasible_endpoint","AI_train",0,91,0.12568148039797172,5.4385065860463966,1.210300844909252,0.97081521249639668,0.8778985947351523,0.32216789270754942,0.96051097075608727,0.41735701518838686,0.95282747830407311,0.79369655932285066,0.89456705137262205,0.37593196560437503,0.88102527066288627,0.6078713179147861,0.82543327900339247,0.44334431728817481,0.68211080415040093,0.64574763587082851,0.76659940081813827,0.80897770448054795,0.65152571591845465,0.76001621505159189,0.47683776905728459,0.97100409989471648,0.42694358786681064,0.69855386597435409,0.33388030141986047,0.95134284390214952,0.30936481154912199,0.91700069371016268,0.053428550190198376,0.88837628138607183,0.1183202084087584
"LIRCMOP7_BC",1,10000,10060,49,96,"feasible_endpoint","AF_train",1,90,0.41176833395980161,4.6225351585705505,1.2469820492458348,0.96680143262364804,0.83993558966254067,0.31472564476887133,0.95717902311850434,0.33833985382131682,0.94556417043248331,0.71347420874827039,0.92529006744971687,0.39348928702722763,0.88844229821876874,0.66063344922639744,0.77078378205613807,0.46310642831196075,0.70179501038515202,0.56605652134382733,0.75822784170254987,0.73147947768206723,0.64925008468387346,0.86932636642449412,0.50402603140723423,0.98374015107800938,0.3626511296268593,0.84969984237477625,0.31545314662925911,0.95125624076554893,0.24546616900564597,0.93085513203980486,0.18750478681693158,0.77721894537060099,0.13319633374091261
"LIRCMOP7_BC",1,10000,10060,49,96,"infeasible_endpoint","AI_train",0,90,0.41176833395980161,4.3776509694517021,3.58157070354991,0.81846862336308079,0.7905603682052571,0.29289741012365605,0.83754051922270378,0.26211435262821725,0.80793474029860257,0.62689524755021153,0.75128732927766295,0.30427222779493857,0.73303631794795765,0.57101538372472338,0.61985032547819019,0.37896840580666824,0.73700868642907402,0.51597941322193708,0.7001794939556083,0.66127858840248921,0.73498801745526066,0.7507514163648743,0.56660331927281848,0.82716088708762159,0.4837996938703169,0.70376125144965251,0.37086642746414555,0.82430036199484524,0.467952826343776,0.83511261857129604,0.30031720225760944,0.68399670834384363,0.30128637346446574
"LIRCMOP7_BC",1,10000,10060,49,97,"feasible_endpoint","AF_train",1,33,0.33834613545151365,2.4989018211817737,3.1741236230520986,0.82004042142308609,0.80500045350886218,0.20373632727299629,0.84259056026702295,0.28810193829211855,0.89588709992906068,0.48401232657558013,0.85087859036738211,0.41197109743234317,0.83138476927320248,0.45835314787383641,0.75622735246240713,0.44231901617972147,0.56491551363632309,0.49626214734262125,0.7833910136303841,0.59062217014338292,0.77190256563435811,0.68864208742164923,0.58252610225870138,0.80945136230515613,0.56845725045796724,0.73758046090707508,0.33770887030122138,0.82425226438222676,0.40991042131664818,0.87689248038845591,0.27749314739149145,0.85269797461894248,0.46096013513051143
"LIRCMOP7_BC",1,10000,10060,49,97,"infeasible_endpoint","AI_train",0,33,0.33834613545151365,3.5268673207001333,1.523318290401638,0.92100830177483983,0.83326432285559093,0.31084695601063556,0.95050006874113679,0.32828891595493126,0.97408247119627722,0.63248513485910873,0.94708109167859444,0.4398632045974542,0.85644654908347251,0.52897817677737402,0.82243861476820601,0.51519889674506669,0.66967321577166805,0.52660920679703183,0.77994951523903522,0.69538068374207263,0.76180504569170115,0.74900310732532849,0.58167764940639,0.90047452841318165,0.43975897036096023,0.80709834775556444,0.31334909923296694,0.90050187996808462,0.29779931799706061,0.90616149796908552,0.22759316817133829,0.84060533436354634,0.21624819478850493
"LIRCMOP7_BC",1,10000,10060,49,98,"feasible_endpoint","AF_train",1,7,0.79446739469344074,1.7337677977574695,5.9661859879928238,0.69267924067651265,0.76576686399155436,0.19687603436365719,0.78132097777843657,0.20568841848203162,0.82845726900720984,0.28055204531170402,0.78516379714282658,0.33836433937768901,0.71978112207404421,0.38459036381558753,0.61992011975582617,0.51435068306628762,0.62366564779166767,0.43908787085424977,0.7407158397515452,0.5484612776944533,0.91456113469241718,0.63369327222176985,0.64639817430624014,0.61150849578635269,0.63898865842434116,0.67956994966669626,0.34763326476603895,0.75692734268098205,0.48268216411226172,0.84847011869708144,0.3876104812947892,0.82305459325613128,0.57941349686420218
"LIRCMOP7_BC",1,10000,10060,49,98,"infeasible_endpoint","AI_train",0,7,0.79446739469344074,3.0947989431806411,1.6654551183962538,0.88043079243952738,0.85554405865624861,0.32892931421813221,0.94715562932783648,0.27020105129653155,0.97789521797485934,0.57703580863556292,0.94082985005128683,0.3985556846789004,0.83549588566912725,0.50086161598083223,0.81177567212579937,0.5363244310032258,0.69707585668955818,0.51247249814568052,0.78764462383798084,0.67679810084936676,0.82715021352540363,0.69506324282823884,0.59255880887014523,0.78122831422965955,0.46768204913392675,0.80732391937957337,0.34028086370415273,0.90137066857126902,0.36081113715799257,0.85514098491834556,0.26260954102648426,0.88631405523391982,0.29647717589803996
"LIRCMOP7_BC",1,10000,10060,49,99,"feasible_endpoint","AF_train",1,23,0.04110441652293495,2.164032166653314,3.4393650325388023,0.91541704504611543,0.79965372386254241,0.14065349724865242,1,0.31118738356894704,1,0.39061653500161669,1,0.46171498569924208,1,0.47853339593710109,1,0.57342696593777442,0.53468399204353156,0.54409904808054688,0.86176082387701824,0.65082436237529406,0.58005469707424284,0.8347101088500033,0.54591053674499856,0.97914135987939144,0.48157652959005426,0.90593987384440811,0.1874994944411707,0.97474355906653587,0.25380927051482938,0.92534124651247474,0.1619639661419067,0.99056177742729545,0.33239818954879036
"LIRCMOP7_BC",1,10000,10060,49,99,"infeasible_endpoint","AI_train",0,23,0.04110441652293495,2.2377269957713164,3.1904633663201309,0.82028582977253139,0.81683045080832695,0.16173599637942218,0.86153879764578956,0.28416486616393194,0.90043991697359915,0.48654110947341056,0.75165907446039426,0.36964558313802237,0.86682792260176877,0.4990432589413844,0.73684330420350386,0.44552802198182406,0.65347680439351685,0.50845597493324568,0.76534651758553962,0.69467565267683318,0.66570514468884523,0.72855667483767839,0.55790082439743804,0.83356330727936179,0.50256554731693381,0.83235379196056991,0.3342906271333721,0.84154754002215104,0.39100320814989464,0.84699931667672024,0.2256874327485604,0.90565211758148467,0.45460732662447545
"LIRCMOP7_BC",1,10000,10060,49,100,"feasible_endpoint","AF_train",1,23,0.04110441652293495,2.164032166653314,3.4393650325388023,0.91541704504611543,0.79965372386254241,0.14065349724865242,1,0.31118738356894704,1,0.39061653500161669,1,0.46171498569924208,1,0.47853339593710109,1,0.57342696593777442,0.53468399204353156,0.54409904808054688,0.86176082387701824,0.65082436237529406,0.58005469707424284,0.8347101088500033,0.54591053674499856,0.97914135987939144,0.48157652959005426,0.90593987384440811,0.1874994944411707,0.97474355906653587,0.25380927051482938,0.92534124651247474,0.1619639661419067,0.99056177742729545,0.33239818954879036
"LIRCMOP7_BC",1,10000,10060,49,100,"infeasible_endpoint","AI_train",0,23,0.04110441652293495,2.2377269957713164,3.1904633663201309,0.82028582977253139,0.81683045080832695,0.16173599637942218,0.86153879764578956,0.28416486616393194,0.90043991697359915,0.48654110947341056,0.75165907446039426,0.36964558313802237,0.86682792260176877,0.4990432589413844,0.73684330420350386,0.44552802198182406,0.65347680439351685,0.50845597493324568,0.76534651758553962,0.69467565267683318,0.66570514468884523,0.72855667483767839,0.55790082439743804,0.83356330727936179,0.50256554731693381,0.83235379196056991,0.3342906271333721,0.84154754002215104,0.39100320814989464,0.84699931667672024,0.2256874327485604,0.90565211758148467,0.45460732662447545
"LIRCMOP7_BC",1,10000,10060,49,101,"feasible_endpoint","AF_train",1,18,0.020746366038796132,2.0249550006068895,3.8991898235572222,0.80296343771969603,0.72060491522140091,0.14775277812657978,0.92391492515431151,0.26132894688351649,0.88608023848934181,0.38743001286989032,0.83146768132595328,0.37625726966229062,0.90936154163158811,0.38703250008258827,0.78923977231625786,0.44925697695994155,0.56042081616590267,0.53203784583371871,0.8235781584228703,0.56726069529328693,0.69258312199249317,0.71213315067318228,0.62018828937617387,0.83605202183184735,0.66438139855486233,0.7355040023041356,0.26315850734622498,0.84404730424155827,0.48880709541816647,0.82791539294471006,0.34780778447622218,0.91068859364496513,0.5162566869191485
"LIRCMOP7_BC",1,10000,10060,49,101,"infeasible_endpoint","AI_train",0,18,0.020746366038796132,2.1667777432451043,3.8591756572290734,0.78893034070504608,0.85751626108277845,0.25063658008420853,0.83022712410036925,0.24479530526243071,0.86998605232308379,0.4343811672324972,0.68632897773931978,0.30755705938776245,0.76497060605574574,0.44501363259281873,0.770514660805941,0.43432375805797629,0.72693105588237295,0.5380598269954715,0.79730987124966834,0.56380595012100965,0.82858929674772708,0.75611282986547868,0.54998046272167223,0.76008149273991665,0.48375218282357091,0.76663676558856064,0.35983995453562434,0.87080567781272833,0.47896330964619249,0.83760415953246814,0.20767117211190847,0.89787421267831269,0.47061146579571123
"LIRCMOP7_BC",1,10000,10060,49,102,"feasible_endpoint","AF_train",1,18,0.020746366038796132,2.0249550006068895,3.8991898235572222,0.80296343771969603,0.72060491522140091,0.14775277812657978,0.92391492515431151,0.26132894688351649,0.88608023848934181,0.38743001286989032,0.83146768132595328,0.37625726966229062,0.90936154163158811,0.38703250008258827,0.78923977231625786,0.44925697695994155,0.56042081616590267,0.53203784583371871,0.8235781584228703,0.56726069529328693,0.69258312199249317,0.71213315067318228,0.62018828937617387,0.83605202183184735,0.66438139855486233,0.7355040023041356,0.26315850734622498,0.84404730424155827,0.48880709541816647,0.82791539294471006,0.34780778447622218,0.91068859364496513,0.5162566869191485
"LIRCMOP7_BC",1,10000,10060,49,102,"infeasible_endpoint","AI_train",0,18,0.020746366038796132,2.1667777432451043,3.8591756572290734,0.78893034070504608,0.85751626108277845,0.25063658008420853,0.83022712410036925,0.24479530526243071,0.86998605232308379,0.4343811672324972,0.68632897773931978,0.30755705938776245,0.76497060605574574,0.44501363259281873,0.770514660805941,0.43432375805797629,0.72693105588237295,0.5380598269954715,0.79730987124966834,0.56380595012100965,0.82858929674772708,0.75611282986547868,0.54998046272167223,0.76008149273991665,0.48375218282357091,0.76663676558856064,0.35983995453562434,0.87080567781272833,0.47896330964619249,0.83760415953246814,0.20767117211190847,0.89787421267831269,0.47061146579571123
"LIRCMOP7_BC",1,10000,10060,49,103,"feasible_endpoint","AF_train",1,33,0.049025937354964515,2.4989018211817737,3.1741236230520986,0.82004042142308609,0.80500045350886218,0.20373632727299629,0.84259056026702295,0.28810193829211855,0.89588709992906068,0.48401232657558013,0.85087859036738211,0.41197109743234317,0.83138476927320248,0.45835314787383641,0.75622735246240713,0.44231901617972147,0.56491551363632309,0.49626214734262125,0.7833910136303841,0.59062217014338292,0.77190256563435811,0.68864208742164923,0.58252610225870138,0.80945136230515613,0.56845725045796724,0.73758046090707508,0.33770887030122138,0.82425226438222676,0.40991042131664818,0.87689248038845591,0.27749314739149145,0.85269797461894248,0.46096013513051143
"LIRCMOP7_BC",1,10000,10060,49,103,"infeasible_endpoint","AI_train",0,33,0.049025937354964515,2.4607451691807363,2.8726668012838461,0.93374517603387086,0.90973528957326877,0.1328910849428338,0.98149859810020912,0.35676254511048455,0.94817816252003562,0.44732348013260115,0.94005699590878478,0.44707891204390154,0.93480058809160649,0.44504273940605854,0.90222288343446588,0.56099469589053852,0.50049419165785369,0.54188763679178675,0.8394049862538322,0.65608731984643343,0.58536751178741242,0.86737628149757318,0.48017958881245487,0.95355346148608389,0.48951159227794161,0.96403360135822047,0.2433113264030291,1,0.22106068330247017,0.91110018809357829,0.11103679553106752,0.93914651579845465,0.35450730585244622
"LIRCMOP7_BC",1,10000,10060,49,104,"feasible_endpoint","AF_train",1,40,0.035563780259410087,2.7345029067856084,2.8897316242681006,0.76808371207331072,0.73663262614302283,0.22009695479633745,0.96185392574211848,0.22625228020580077,0.95347625082022425,0.3086097843386541,0.98047720692376239,0.37085153410538485,0.82136766889084012,0.36532107497484345,0.8043063993534989,0.28229502112812077,0.60661326369598112,0.48842380836837684,0.74119120727063448,0.48907143978918016,0.77234455861909956,0.60766602410804493,0.57268292401528931,0.72942724461659336,0.51955510033129726,0.66937866226132348,0.48095828068085322,0.9047503612735901,0.51314391615503019,0.93410885042160052,0.27992309627040718,0.9991701765230161,0.32865947479397206
"LIRCMOP7_BC",1,10000,10060,49,104,"infeasible_endpoint","AI_train",0,40,0.035563780259410087,2.7624970584813315,2.6634468208244124,0.8821967235227075,0.69820317628172213,0.19444588612652658,0.96346897561213818,0.15771824156093975,0.8929865958625135,0.53048558216152819,0.91593244603119461,0.44776962591128999,0.87046625811273104,0.44609143305273979,0.86455449133466922,0.42912488033831864,0.58646080889001784,0.61478988211861485,0.82104299474700759,0.56839508790748694,0.70219571326966845,0.86023451812592311,0.52834713672890576,0.90180072036282721,0.39679348015285754,0.80098955478777656,0.36932064645053964,0.91286760275646772,0.41904154889055872,0.90378341557401043,0.28188003987032195,1,0.28898619670541892
"LIRCMOP7_BC",1,10000,10060,49,105,"feasible_endpoint","AF_train",1,42,0.029297437130596252,2.8140771673189899,2.8493559184718551,0.9312931798106876,0.65782377611467768,0.17038706352554062,1,0.27228058071455591,1,0.55283461626561869,1,0.41383913918598397,0.98824015282174971,0.44337067894775734,0.89238677346477391,0.48805252090043466,0.61695938423618157,0.58313488349961951,0.83597107122997039,0.62929533759554768,0.63532745537625468,0.82179995156301155,0.60100684283882988,0.91261304975285928,0.50017793431674584,0.74927325543926659,0.28993345301245571,0.96793661323579439,0.3821746195235915,0.91558066828675633,0.28484616505334692,0.92664710594816602,0.19808590272230647
"LIRCMOP7_BC",1,10000,10060,49,105,"infeasible_endpoint","AI_train",0,42,0.029297437130596252,2.7624970584813315,2.6634468208244124,0.8821967235227075,0.69820317628172213,0.19444588612652658,0.96346897561213818,0.15771824156093975,0.8929865958625135,0.53048558216152819,0.91593244603119461,0.44776962591128999,0.87046625811273104,0.44609143305273979,0.86455449133466922,0.42912488033831864,0.58646080889001784,0.61478988211861485,0.82104299474700759,0.56839508790748694,0.70219571326966845,0.86023451812592311,0.52834713672890576,0.90180072036282721,0.39679348015285754,0.80098955478777656,0.36932064645053964,0.91286760275646772,0.41904154889055872,0.90378341557401043,0.28188003987032195,1,0.28898619670541892
"LIRCMOP7_BC",1,10000,10060,49,106,"feasible_endpoint","AF_train",1,46,0.03335225514368842,2.9727606393462418,2.7088556583224825,0.94587322475881819,0.8927258527185411,0.073177341462047379,1,0.42375969364618693,0.94361071640828031,0.43064254375950745,0.96761467545393676,0.5352673159646022,0.93122879352166643,0.43284609548488462,0.8570528670450217,0.62291538801139756,0.52158074714349345,0.50948837073539877,0.81527553687762155,0.65478075011297843,0.55906344666927477,0.91157497501469287,0.44341261372867508,0.93479766262154673,0.41640278481539106,0.99998404237762517,0.24011377042812138,0.9878336934324925,0.15707846605249848,0.90799716843318667,0.084145916018459443,0.95716142808075699,0.30097511510847719
"LIRCMOP7_BC",1,10000,10060,49,106,"infeasible_endpoint","AI_train",0,46,0.03335225514368842,2.9503923480074681,2.494489128701185,0.92090414405174936,0.87980287103950205,0.18558834814698577,0.99464153258480237,0.37572767002089613,0.99010335810553296,0.52479071907735508,1,0.42199416143230817,0.93925022194716423,0.57151166734446823,0.92362479816359977,0.51167682380432544,0.53179429027093539,0.50477500076221637,0.79390814348623073,0.74489052942499223,0.59645192677216463,0.86361203852106194,0.57766837972281926,0.98528293366097897,0.44145849270977894,0.86845928194370792,0.23288160063330482,0.97580737840885412,0.1916867851912363,0.95580654671798237,0.14124572266719398,0.86963050274306775,0.27551731458187012
"LIRCMOP7_BC",1,10000,10060,49,107,"feasible_endpoint","AF_train",1,49,0.020035144081639419,3.0437062231172476,2.6012103882014692,0.84239887958841009,0.82991894200360772,0.27336970325771193,0.88116703256960849,0.26736927961546275,0.96211427553246454,0.5385293000973923,0.86854584306098115,0.25953255632487904,0.84040082562189755,0.46160861171162693,0.96515378745792579,0.48800820972766151,0.65651937423513185,0.57955833289316172,0.76957378398631482,0.63007950422003645,0.6927093611243138,0.81037837248026368,0.50423160479706386,0.86865837334864771,0.47780528558232566,0.85059431250211992,0.29020137348933517,0.89898857199874438,0.43143690127940793,0.77655724887811961,0.23062593634940937,0.82877331568378942,0.39782331248601616
"LIRCMOP7_BC",1,10000,10060,49,107,"infeasible_endpoint","AI_train",0,49,0.020035144081639419,2.9503923480074681,2.494489128701185,0.92090414405174936,0.87980287103950205,0.18558834814698577,0.99464153258480237,0.37572767002089613,0.99010335810553296,0.52479071907735508,1,0.42199416143230817,0.93925022194716423,0.57151166734446823,0.92362479816359977,0.51167682380432544,0.53179429027093539,0.50477500076221637,0.79390814348623073,0.74489052942499223,0.59645192677216463,0.86361203852106194,0.57766837972281926,0.98528293366097897,0.44145849270977894,0.86845928194370792,0.23288160063330482,0.97580737840885412,0.1916867851912363,0.95580654671798237,0.14124572266719398,0.86963050274306775,0.27551731458187012
"LIRCMOP7_BC",1,10000,10060,49,108,"feasible_endpoint","AF_train",1,54,0.016498268930292867,3.1850788017938232,2.4225885486823779,0.86834680754823113,0.87713778354517635,0.30367537447807935,0.89818592121173102,0.28034936447946757,0.9248475982750981,0.53907933395485497,0.77949579602592856,0.37659869971305904,0.76151630535514436,0.53798575526255832,0.83871308942898781,0.43420563598095624,0.60953811064238095,0.557911727917766,0.7632800297145016,0.53890082666702477,0.75810928936372357,0.74289285039349495,0.60936482470029818,0.74921840717014421,0.39585086731967639,0.78871490524276866,0.38906700590999832,0.93578793943047844,0.41926357418656407,0.88742671963958442,0.19314121730542794,0.84687891822911698,0.33773642994072839
"LIRCMOP7_BC",1,10000,10060,49,108,"infeasible_endpoint","AI_train",0,54,0.016498268930292867,3.0675367458361276,2.3866136274661609,0.96572172535888812,0.85298654163401455,0.26774181899708038,0.99164335700704276,0.25987900519820073,0.95917024770378756,0.54475973884000528,0.90143632138914698,0.37873490733745135,1,0.58604262018998665,0.84376014704956726,0.42018631781868376,0.57112163769868252,0.54387977024738043,0.90822404954971536,0.65407897600710296,0.58840444309863393,0.76189582486391161,0.55406466500214657,0.91384084355245265,0.39058630124485677,0.98472264227450046,0.41316340406659935,0.9987785433072105,0.30531730708426846,0.96586270478241576,0.13431230507543315,0.9862437758930731,0.24214639164605167
"LIRCMOP7_BC",1,10000,10060,49,109,"feasible_endpoint","AF_train",1,48,0.028319966234424742,3.0412405352681509,2.6591464454435156,0.80169196494629746,0.80002441944986513,0.23233149092199448,1,0.35043022652224881,1,0.48824685327711348,1,0.26889457936875133,0.9351874525811672,0.41776438235451302,0.85328695510022223,0.37576540104914941,0.67575251948863235,0.43997208542435784,0.82029259310477909,0.62377820680760243,0.76247951371545364,0.66990882897854009,0.59124499255435659,0.83537066694019113,0.5732926560139171,0.73982473385423464,0.23424659926470096,0.94682971621107304,0.41986899978511505,0.82796684449084745,0.27033125514616985,0.88729794863327149,0.35510219564438122
"LIRCMOP7_BC",1,10000,10060,49,109,"infeasible_endpoint","AI_train",0,48,0.028319966234424742,2.9503923480074681,2.494489128701185,0.92090414405174936,0.87980287103950205,0.18558834814698577,0.99464153258480237,0.37572767002089613,0.99010335810553296,0.52479071907735508,1,0.42199416143230817,0.93925022194716423,0.57151166734446823,0.92362479816359977,0.51167682380432544,0.53179429027093539,0.50477500076221637,0.79390814348623073,0.74489052942499223,0.59645192677216463,0.86361203852106194,0.57766837972281926,0.98528293366097897,0.44145849270977894,0.86845928194370792,0.23288160063330482,0.97580737840885412,0.1916867851912363,0.95580654671798237,0.14124572266719398,0.86963050274306775,0.27551731458187012
"LIRCMOP7_BC",1,10000,10060,49,110,"feasible_endpoint","AF_train",1,62,0.006515013399394534,3.4778662474359914,2.1749021425980883,0.97002269164142063,0.84251519752687887,0.20457910562786472,0.98254747179333246,0.38767468267056832,0.98659264688154424,0.63649335114868233,0.88261170065941275,0.47597518127118293,0.93753641464536552,0.49258722817720174,0.77784351158106546,0.52394499984997167,0.63574179857976509,0.57290355203966181,0.78916520454595829,0.76083908216635676,0.61807139754715101,0.75576200068967614,0.4275685996992572,0.89567036347418572,0.31765334144774715,0.92036782299115505,0.35101113879837931,0.86469479359361878,0.16718035496017253,0.78451636928633961,0.18202416737834168,1,0.28523348122052716
"LIRCMOP7_BC",1,10000,10060,49,110,"infeasible_endpoint","AI_train",0,62,0.006515013399394534,3.4123334993481311,2.1701613791348633,0.75771587576133204,0.81275943882607882,0.33352664961430667,0.97032944740736427,0.22530452845514648,0.97322996492533176,0.46701766981450232,0.95253497379313745,0.24295312370062111,0.86794364291843118,0.44827755791815993,0.82540496142534092,0.35146745723230399,0.67841241402394403,0.51776592770558705,0.78675362305598273,0.68815497941147774,0.75166796821724124,0.51367774809232736,0.55486264884701431,0.68363521058565302,0.59535869828618471,0.67595908145375028,0.41990932276499837,0.84240238920074462,0.52651073961400818,0.7159969001652442,0.40358077261031139,0.94460850972565935,0.47889746050473525
"LIRCMOP7_BC",1,10000,10060,49,111,"feasible_endpoint","AF_train",1,70,0.010982079855654603,3.7021195106234188,1.8594926278224058,0.92244723760383851,0.79323412853983177,0.26325404456045354,0.96675129023459261,0.21939837317032709,0.92116747510642116,0.64109150643978463,0.92791155678969406,0.40726938098603249,0.85574880368541417,0.58459376384530348,0.68645398557103832,0.46248921170076479,0.7044744405513037,0.46165184796442982,0.7983416537532948,0.70993150056881238,0.70329519163529453,0.75334351301443081,0.44869940633742739,0.94541984546408331,0.39466263155303583,0.81281229107943664,0.36175314124680791,0.84853654077490259,0.27203382592277092,0.86970191772615379,0.27460027009824584,0.99032083306430208,0.14571723511858495
"LIRCMOP7_BC",1,10000,10060,49,111,"infeasible_endpoint","AI_train",0,70,0.010982079855654603,3.7188369079198704,1.7715170117360783,0.98585353467601722,0.83130342262186196,0.33669844082357653,1,0.1592658921210475,0.97323677390541929,0.58119006749384305,0.96603886603512579,0.31513720713244953,0.96515522091278005,0.620135871593958,0.87361987561199039,0.56910028747476915,0.71155020816691639,0.50863121167844283,0.81284404575027525,0.59121404167518765,0.7229370502983985,0.86824766015470523,0.50592696476054,0.88959969983294185,0.36342610340282949,0.94737364907815769,0.31666385651972218,1,0.3273844486861589,0.8852247115652232,0.19302214049515962,1,0.120787575016848
"LIRCMOP7_BC",1,10000,10060,49,1,"generated","GAN_generated",1,0,NaN,2.7860179542684609,10.099312203383947,0.56438574939966202,0.86898303031921387,0.042786717414855957,0.64397342503070831,0.17665493488311768,0.67926046252250671,0.24647736549377441,0.38330431282520294,0.41331383585929871,0.90374702215194702,0.20287218689918518,0.6969597339630127,0.37898366153240204,0.70452424883842468,0.34718286991119385,0.86132845282554626,0.49191144481301308,0.85268035531044006,0.62363548576831818,0.73375539481639862,0.52553923986852169,0.79335102438926697,0.82525977492332458,0.35272093117237091,0.69617465138435364,0.76463800668716431,0.54368865862488747,0.44614814221858978,0.90953058004379272,0.61603424698114395
"LIRCMOP7_BC",1,10000,10060,49,2,"generated","GAN_generated",1,0,NaN,5.0655142401188744,3.2810399002268742,0.78723978996276855,0.88072890043258667,0.24684959650039673,0.9640769362449646,0.23559346795082092,0.9525914192199707,0.70104795694351196,0.86822333931922913,0.37762103229761124,0.79830256104469299,0.71475894749164581,0.82384750247001648,0.43205122649669647,0.58258688449859619,0.50147522729821503,0.84497740864753723,0.74042446911334991,0.73131787776947021,0.75450310111045837,0.52579352259635925,0.82132261991500854,0.52467311918735504,0.87294340133666992,0.29193976521492004,0.76849269866943359,0.31873071193695068,0.67972861230373383,0.27854621410369873,0.86286398768424988,0.29577335715293884
"LIRCMOP7_BC",1,10000,10060,49,3,"generated","GAN_generated",0,0,NaN,4.4467012284279406,2.2550901211265888,0.79472237825393677,0.92388451099395752,0.33277221024036407,0.94703641533851624,0.29592664539813995,0.91917675733566284,0.59325847774744034,0.88369160890579224,0.44310866296291351,0.72954164445400238,0.6007702425122261,0.86263474822044373,0.30991236865520477,0.57956502586603165,0.58512645214796066,0.82853689789772034,0.77006703615188599,0.79842981696128845,0.71624432504177094,0.63077791035175323,0.81595849990844727,0.55174601823091507,0.85752719640731812,0.41228403896093369,0.76886940002441406,0.47232942655682564,0.68648400902748108,0.33788216114044189,0.88181403279304504,0.32543537020683289
"LIRCMOP7_BC",1,10000,10060,49,4,"generated","GAN_generated",1,0,NaN,5.9029809468520735,1.8687690210722805,0.86088436841964722,0.91292312741279602,0.20903140306472778,0.95304068922996521,0.19267338514328003,0.95275041460990906,0.68793444335460663,0.83433493971824646,0.36856530606746674,0.88370126485824585,0.64266379177570343,0.84235921502113342,0.4091712012887001,0.69350966811180115,0.54251140356063843,0.80795803666114807,0.66520361602306366,0.74325297772884369,0.71119959652423859,0.63252541422843933,0.75611212849617004,0.65039448440074921,0.93963611125946045,0.27762055397033691,0.76100531220436096,0.35924147069454193,0.50262521090917289,0.23061865568161011,0.88436684012413025,0.34824006259441376
"LIRCMOP7_BC",1,10000,10060,49,5,"generated","GAN_generated",1,0,NaN,3.8646612994802023,5.5000092830989633,0.78993386030197144,0.91171759366989136,0.069472670555114746,0.78464275598526001,0.21796292066574097,0.70172658562660217,0.41674092411994934,0.58849749714136124,0.43667274713516235,0.89571923017501831,0.33449453115463257,0.78436031937599182,0.40276900678873062,0.63536392152309418,0.43655440956354141,0.80810651183128357,0.6154465526342392,0.75681942701339722,0.59887931495904922,0.68518829345703125,0.64492575824260712,0.78276059031486511,0.8942706286907196,0.35255880653858185,0.76706779003143311,0.64267386496067047,0.54689955711364746,0.32781174778938293,0.88914433121681213,0.58990880846977234
"LIRCMOP7_BC",1,10000,10060,49,6,"generated","GAN_generated",1,0,NaN,7.050938814240169,2.7225839956498827,0.8757229745388031,0.88218420743942261,0.35744918882846832,0.98554179072380066,0.28361661732196808,0.96003448963165283,0.81289166212081909,0.96727254986763,0.39824749529361725,0.66308861970901489,0.7864018976688385,0.92187052965164185,0.41399546712636948,0.52532565221190453,0.52230684086680412,0.73394998908042908,0.85130596160888672,0.56996655464172363,0.76956966519355774,0.55291268602013588,0.90230140089988708,0.40192154794931412,0.91220742464065552,0.40933791548013687,0.78642311692237854,0.27448189258575439,0.70112934708595276,0.23021146655082703,0.84488126635551453,0.18656361103057861
"LIRCMOP7_BC",1,10000,10060,49,7,"generated","GAN_generated",1,0,NaN,7.1062999502938222,2.3338558464013781,0.8956034779548645,0.8735966682434082,0.37672163546085358,0.98637053370475769,0.24101611971855164,0.96537837386131287,0.85304808616638184,0.95980525016784668,0.38287990540266037,0.75008627772331238,0.7991829514503479,0.90182405710220337,0.45522364228963852,0.52156077325344086,0.58622873574495316,0.74618293344974518,0.80997154116630554,0.58106313645839691,0.83368313312530518,0.46982269361615181,0.89201140403747559,0.44215657189488411,0.90318480134010315,0.35570742189884186,0.79410269856452942,0.23505872488021851,0.73694790899753571,0.23556271195411682,0.83031356334686279,0.17621138691902161
"LIRCMOP7_BC",1,10000,10060,49,8,"generated","GAN_generated",1,0,NaN,3.3212952091273618,10.477982132318532,0.63422350585460663,0.89272856712341309,0.069362074136734009,0.53891226649284363,0.20483636856079102,0.667292520403862,0.19527190923690796,0.35576274991035461,0.4017130434513092,0.91214081645011902,0.17095139622688293,0.6693560779094696,0.25460623204708099,0.71871903538703918,0.33733813464641571,0.84129661321640015,0.45346076041460037,0.87837162613868713,0.57819505780935287,0.65657787024974823,0.5618487149477005,0.83002492785453796,0.70770695805549622,0.35770909488201141,0.61740313470363617,0.82269251346588135,0.52012874744832516,0.55636842548847198,0.89472946524620056,0.58030024915933609
"LIRCMOP7_BC",1,10000,10060,49,9,"generated","GAN_generated",0,0,NaN,5.651984681740359,1.4472395139138705,0.88619911670684814,0.90843743085861206,0.32754944264888763,0.9833754301071167,0.18550372123718262,0.97076642513275146,0.70115751028060913,0.94417339563369751,0.43485403060913086,0.82174709439277649,0.71866481006145477,0.86713969707489014,0.42378003150224686,0.61285945028066635,0.50537333684042096,0.80502620339393616,0.82090061902999878,0.70900732278823853,0.80258274078369141,0.49101823568344116,0.91352415084838867,0.55031169950962067,0.84613469243049622,0.41629476100206375,0.76585519313812256,0.36433711647987366,0.6707969456911087,0.30232921242713928,0.88954970240592957,0.20482358336448669
"LIRCMOP7_BC",1,10000,10060,49,10,"generated","GAN_generated",1,0,NaN,3.5189812226309893,11.113352612663455,0.53407439589500427,0.90975219011306763,0.042004406452178955,0.60099545121192932,0.22745692729949951,0.56586255878210068,0.14549168944358826,0.37495388090610504,0.41317147016525269,0.87760311365127563,0.14314734935760498,0.72334080934524536,0.26053458452224731,0.7533162534236908,0.31432904303073883,0.8883030116558075,0.43189547210931778,0.88968721032142639,0.49876306147780269,0.75888288021087646,0.43089910596609116,0.80279222130775452,0.82700750231742859,0.38759258389472961,0.70382559299468994,0.82791894674301147,0.51365033444017172,0.46706569939851761,0.93770045042037964,0.65283779799938202
"LIRCMOP7_BC",1,10000,10060,49,11,"generated","GAN_generated",1,0,NaN,6.9523314009064112,2.4060564063606718,0.89938148856163025,0.89452734589576721,0.41733565926551819,0.98128700256347656,0.28264635801315308,0.9680512547492981,0.83003371953964233,0.96666768193244934,0.40654163807630539,0.67401629686355591,0.74244034290313721,0.92208704352378845,0.40918026864528656,0.56499594449996948,0.50031573590240441,0.77816137671470642,0.83927184343338013,0.63706555962562561,0.79243031144142151,0.49469858501106501,0.92600437998771667,0.34044210612773895,0.87087547779083252,0.37646883726119995,0.80054068565368652,0.26033350825309753,0.77406609058380127,0.24007469415664673,0.84708771109580994,0.15430855751037598
"LIRCMOP7_BC",1,10000,10060,49,12,"generated","GAN_generated",1,0,NaN,3.0462218314431153,6.738040218230652,0.71022850275039673,0.87913960218429565,0.1091650128364563,0.71579407155513763,0.20464387536048889,0.76329991221427917,0.39477259665727615,0.50550162745639682,0.3680410236120224,0.87915650010108948,0.33112846314907074,0.67009411752223969,0.33696721494197845,0.63201877474784851,0.37273633480072021,0.79584211111068726,0.57953532785177231,0.82016351819038391,0.66812153160572052,0.67166894674301147,0.7002241313457489,0.80893614888191223,0.8116975724697113,0.34784036874771118,0.65824088454246521,0.68611939251422882,0.57463587075471878,0.48703432641923428,0.86490258574485779,0.59556770324707031
"LIRCMOP7_BC",1,10000,10060,49,13,"generated","GAN_generated",1,0,NaN,6.3593402957340066,2.1117705327126703,0.85692340135574341,0.8884848952293396,0.32903321087360382,0.97539675235748291,0.2081030011177063,0.96635040640830994,0.75331839919090271,0.94390097260475159,0.35715183615684509,0.7738652229309082,0.6925254762172699,0.87109813094139099,0.40097986906766891,0.58668370544910431,0.53069093637168407,0.74167929589748383,0.85626325011253357,0.55467105284333229,0.83696436882019043,0.53260074928402901,0.86838933825492859,0.52956756390631199,0.91098609566688538,0.38741972297430038,0.801075279712677,0.26794804632663727,0.61641448736190796,0.29317982494831085,0.85907050967216492,0.29114286601543427
"LIRCMOP7_BC",1,10000,10060,49,14,"generated","GAN_generated",1,0,NaN,6.2121376033302509,2.1883774532108253,0.89592614769935608,0.92303618788719177,0.35898622870445251,0.9650384783744812,0.23034608364105225,0.93869689106941223,0.76358351111412048,0.93827015161514282,0.37533374130725861,0.77427938580513,0.75802019238471985,0.89418712258338928,0.44279376789927483,0.52200017124414444,0.59076636284589767,0.71713894605636597,0.86048072576522827,0.58538644015789032,0.82634326815605164,0.51540726888924837,0.91251841187477112,0.57190098613500595,0.88418090343475342,0.39779657870531082,0.80057597160339355,0.41451524943113327,0.69854113459587097,0.36636076867580414,0.84456226229667664,0.27908413112163544
"LIRCMOP7_BC",1,10000,10060,49,15,"generated","GAN_generated",0,0,NaN,3.3683870979403814,2.9102244504134891,0.76874172687530518,0.91555944085121155,0.2321723997592926,0.8910086452960968,0.19148924946784973,0.91459637880325317,0.45837999507784843,0.71798592805862427,0.3977874293923378,0.8688417375087738,0.45619721338152885,0.75820431113243103,0.44429882988333702,0.70416657626628876,0.49202809110283852,0.85599043965339661,0.5638117715716362,0.81268519163131714,0.65681898593902588,0.57882995903491974,0.70687413215637207,0.65659074485301971,0.83593720197677612,0.32933899760246277,0.72328869998455048,0.50160065200179815,0.56018807739019394,0.30144396424293518,0.86045688390731812,0.40721817314624786
"LIRCMOP7_BC",1,10000,10060,49,16,"generated","GAN_generated",1,0,NaN,6.2177083185745277,1.8180223681542833,0.88166457414627075,0.8883090615272522,0.34010531008243561,0.97430622577667236,0.30333377420902252,0.94772297143936157,0.76091200113296509,0.95185425877571106,0.41887819766998291,0.73537932336330414,0.68453459441661835,0.88696110248565674,0.41726511716842651,0.58432326465845108,0.58075672388076782,0.75466465950012207,0.82199251651763916,0.6080087348818779,0.78047153353691101,0.55378556251525879,0.82616150379180908,0.48777348641306162,0.89964503049850464,0.38120868802070618,0.74791580438613892,0.34484958648681641,0.63196398317813873,0.27052454650402069,0.85567477345466614,0.26876820623874664
"LIRCMOP7_BC",1,10000,10060,49,17,"generated","GAN_generated",1,0,NaN,6.6064986410497113,1.6165504528439549,0.89246869087219238,0.90527850389480591,0.43193348497152328,0.96975961327552795,0.20011022686958313,0.97350877523422241,0.77614867687225342,0.92679548263549805,0.39487651735544205,0.82458803057670593,0.68967708945274353,0.86456212401390076,0.51363779790699482,0.65758524835109711,0.52654499933123589,0.84058710932731628,0.72149950265884399,0.69367583096027374,0.76809990406036377,0.55116155743598938,0.83003577589988708,0.45292768627405167,0.91213589906692505,0.2752312570810318,0.75971958041191101,0.26133894920349121,0.61852044612169266,0.23093035817146301,0.86548420786857605,0.21027025580406189
"LIRCMOP7_BC",1,10000,10060,49,18,"generated","GAN_generated",1,0,NaN,7.6179672972308596,2.8432892086815764,0.90602585673332214,0.90412351489067078,0.36175812780857086,0.98489707708358765,0.27451765537261963,0.96001473069190979,0.87640365958213806,0.96162852644920349,0.4099615216255188,0.68344688415527344,0.83325448632240295,0.91658717393875122,0.44947972893714905,0.49269273038953543,0.54127626121044159,0.75240436196327209,0.83376291394233704,0.55463327467441559,0.8145962655544281,0.46645689010620117,0.90387946367263794,0.39581877738237381,0.92443197965621948,0.32191045582294464,0.81105932593345642,0.19541621208190918,0.73603901267051697,0.21643170714378357,0.82365384697914124,0.15462422370910645
"LIRCMOP7_BC",1,10000,10060,49,19,"generated","GAN_generated",1,0,NaN,6.218702407526111,2.426834766868156,0.88878011703491211,0.92839419841766357,0.22967198491096497,0.96422562003135681,0.18399915099143982,0.95094892382621765,0.77179518342018127,0.93103110790252686,0.33425183594226837,0.80110213160514832,0.76509967446327209,0.88414677977561951,0.39506153017282486,0.47958341613411903,0.60632529109716415,0.73816750943660736,0.85903251171112061,0.50998744368553162,0.82216131687164307,0.56579927355051041,0.90452668070793152,0.59305411577224731,0.94051584601402283,0.37545109540224075,0.83488309383392334,0.35608997941017151,0.65956020355224609,0.28677435219287872,0.87748965620994568,0.29955187439918518
"LIRCMOP7_BC",1,10000,10060,49,20,"generated","GAN_generated",1,0,NaN,2.7921446835518857,5.3467576159644539,0.73006810247898102,0.89192676544189453,0.11913341283798218,0.78165361285209656,0.2263786792755127,0.82576441764831543,0.42294833064079285,0.64176331460475922,0.38226760178804398,0.85913768410682678,0.44517514854669571,0.71913139522075653,0.29347185790538788,0.52227217145264149,0.52846498042345047,0.7813507616519928,0.69603197276592255,0.7069590836763382,0.71992939710617065,0.65579909086227417,0.83470240235328674,0.76744988560676575,0.78194513916969299,0.33613377809524536,0.73949781060218811,0.62776234745979309,0.65555305778980255,0.4767680075019598,0.88978862762451172,0.57082391530275345
"LIRCMOP7_BC",1,10000,10060,49,21,"generated","GAN_generated",1,0,NaN,3.3253207745162419,6.9912160981162792,0.7299816906452179,0.91143792867660522,0.086417853832244873,0.70008665323257446,0.189043790102005,0.74745193123817444,0.30669049918651581,0.44800316169857979,0.38740108162164688,0.89049738645553589,0.30380651354789734,0.73119941353797913,0.31568558514118195,0.68005941808223724,0.30905734002590179,0.80597522854804993,0.56102250143885612,0.8239363431930542,0.63151919841766357,0.70653294026851654,0.71329717338085175,0.81697008013725281,0.82279664278030396,0.34543406963348389,0.7540040910243988,0.70832940936088562,0.57064323127269745,0.46776600927114487,0.88393887877464294,0.5967705249786377
"LIRCMOP7_BC",1,10000,10060,49,22,"generated","GAN_generated",1,0,NaN,5.7362499552790993,2.2154138665542131,0.84299939870834351,0.85869497060775757,0.37773510068655014,0.97324657440185547,0.24187800288200378,0.95036756992340088,0.75315016508102417,0.94215533137321472,0.40119487792253494,0.73872669041156769,0.67773108184337616,0.86911872029304504,0.38775079697370529,0.57784494757652283,0.55063647031784058,0.78817671537399292,0.79166388511657715,0.70697203278541565,0.7819189727306366,0.50779686076566577,0.86149176955223083,0.44857315346598625,0.84179142117500305,0.41566199064254761,0.78695765137672424,0.35282330214977264,0.71438361704349518,0.31736321747303009,0.86506557464599609,0.22045806050300598
"LIRCMOP7_BC",1,10000,10060,49,23,"generated","GAN_generated",1,0,NaN,2.5427502242505322,6.3927395597462979,0.62993697822093964,0.88271826505661011,0.15219444036483765,0.77972686290740967,0.23637574911117554,0.79956352710723877,0.37798044085502625,0.58188061416149139,0.40896201878786087,0.84672492742538452,0.41886267811059952,0.70854945480823517,0.38002058863639832,0.67477522790431976,0.41674049943685532,0.84388628602027893,0.59193041175603867,0.81977912783622742,0.60533596575260162,0.60778643190860748,0.63283395767211914,0.6829952746629715,0.81744155287742615,0.37506724148988724,0.70567220449447632,0.53812521696090698,0.56546539068222046,0.39292380213737488,0.85690787434577942,0.49494217243045568
"LIRCMOP7_BC",1,10000,10060,49,24,"generated","GAN_generated",0,0,NaN,3.4298052161672521,3.6312186465696179,0.82162556052207947,0.88115179538726807,0.16803979873657227,0.80306348204612732,0.30688229203224182,0.8210487961769104,0.37015940248966217,0.67194043099880219,0.46142569184303284,0.8436298668384552,0.34238243103027344,0.73300939798355103,0.31199516355991364,0.76158663630485535,0.37971597909927368,0.79959309101104736,0.68872790038585663,0.75577718019485474,0.71337017416954041,0.61864779889583588,0.78968966007232666,0.72785048186779022,0.71196728944778442,0.35902830958366394,0.78391772508621216,0.62087574601173401,0.73978032171726227,0.46204373240470886,0.91719359159469604,0.43072246015071869
"LIRCMOP7_BC",1,10000,10060,49,25,"generated","GAN_generated",0,0,NaN,5.0764699105198137,2.005693064095035,0.90032640099525452,0.92415523529052734,0.34361311793327332,0.95610803365707397,0.252765953540802,0.93480172753334045,0.69813631474971771,0.91523689031600952,0.40870841592550278,0.74648872017860413,0.64209415018558502,0.87450292706489563,0.43711159378290176,0.57059794664382935,0.54526066780090332,0.75908169150352478,0.78849652409553528,0.66632671654224396,0.7961781919002533,0.50582110323011875,0.87469321489334106,0.58012263476848602,0.85810220241546631,0.35168825089931488,0.79610267281532288,0.40916284173727036,0.68997113406658173,0.31456905603408813,0.83863848447799683,0.29997822642326355
"LIRCMOP7_BC",1,10000,10060,49,26,"generated","GAN_generated",1,0,NaN,6.3923531832922285,1.6681460650365869,0.91070249676704407,0.91921871900558472,0.33468210697174072,0.96221122145652771,0.23002883791923523,0.9421120285987854,0.7572418749332428,0.91730597615242004,0.39635059982538223,0.81543642282485962,0.71771644055843353,0.89202263951301575,0.49153397418558598,0.62160207331180573,0.56301978975534439,0.72153279185295105,0.81503406167030334,0.63573390245437622,0.77907055616378784,0.44427115470170975,0.87585040926933289,0.57837747037410736,0.89830473065376282,0.37760177999734879,0.77236267924308777,0.37996450811624527,0.60344640165567398,0.29142643511295319,0.80689290165901184,0.27333872020244598
"LIRCMOP7_BC",1,10000,10060,49,27,"generated","GAN_generated",1,0,NaN,5.5260262771120434,10.48651648465073,0.71792244911193848,0.88291147351264954,0.066430956125259399,0.58552682399749756,0.2106090784072876,0.7157793790102005,0.22961664199829102,0.36104068160057068,0.36500440537929535,0.93264955282211304,0.15838658809661865,0.66195127367973328,0.2663935124874115,0.69462072849273682,0.33266423642635345,0.84639474749565125,0.48714391607791185,0.88187018036842346,0.56769049912691116,0.67601434886455536,0.56866695731878281,0.86951008439064026,0.72182844579219818,0.30295729637145996,0.57339303940534592,0.82302093505859375,0.43918541446328163,0.55665645748376846,0.90052306652069092,0.66734790802001953
"LIRCMOP7_BC",1,10000,10060,49,28,"generated","GAN_generated",1,0,NaN,3.3328877446371443,7.0700309629638554,0.67988359928131104,0.88194343447685242,0.11204701662063599,0.72353298962116241,0.23504668474197388,0.69655051827430725,0.35669155418872833,0.47039731778204441,0.38515713810920715,0.86113041639328003,0.29070396721363068,0.73571258783340454,0.34903895854949951,0.65413865447044373,0.35906387865543365,0.80670714378356934,0.54718538373708725,0.81119626760482788,0.59167465567588806,0.68441388010978699,0.57584688812494278,0.78741860389709473,0.84945142269134521,0.36601673066616058,0.69311875104904175,0.66512766480445862,0.50354198296554387,0.42748408019542694,0.87581643462181091,0.60489814728498459
"LIRCMOP7_BC",1,10000,10060,49,29,"generated","GAN_generated",1,0,NaN,7.4412783765660366,2.8182944294363104,0.86799046397209167,0.8844355046749115,0.32766930758953094,0.98637479543685913,0.22204029560089111,0.96708017587661743,0.84325942397117615,0.96954986453056335,0.38588897138834,0.7359100729227066,0.828052818775177,0.92115682363510132,0.42560598999261856,0.51922151818871498,0.57688695937395096,0.71737560629844666,0.85109511017799377,0.5238360483199358,0.85437992215156555,0.50356217194348574,0.93296486139297485,0.44158558174967766,0.90873020887374878,0.39781647175550461,0.82014364004135132,0.22274482250213623,0.72339501976966858,0.27862273156642914,0.81421887874603271,0.17001622915267944
"LIRCMOP7_BC",1,10000,10060,49,30,"generated","GAN_generated",1,0,NaN,6.6780778420896203,1.7145919046035598,0.85830307006835938,0.89315825700759888,0.37525212019681931,0.97423595190048218,0.26070931553840637,0.95865872502326965,0.75412338972091675,0.92861616611480713,0.36670596897602081,0.78634268045425415,0.7099149078130722,0.85232272744178772,0.42558784782886505,0.62812045216560364,0.5347951278090477,0.78262978792190552,0.78783485293388367,0.69194488227367401,0.78107157349586487,0.48965087998658419,0.81221196055412292,0.49226751970127225,0.86736378073692322,0.37744391709566116,0.75044307112693787,0.31851029396057129,0.5920717641711235,0.29610912501811981,0.81459638476371765,0.24786275625228882
"LIRCMOP7_BC",1,10000,10060,49,31,"generated","GAN_generated",0,0,NaN,5.6336647898244321,1.8385976803725577,0.88609379529953003,0.88262131810188293,0.31928439438343048,0.95148986577987671,0.22284629940986633,0.94978296756744385,0.7374398410320282,0.92037004232406616,0.3921109139919281,0.84357097744941711,0.63805978000164032,0.85344523191452026,0.34548765420913696,0.59322589635848999,0.59629927575588226,0.76682931184768677,0.80575215816497803,0.56935278326272964,0.798789381980896,0.57656925171613693,0.83374407887458801,0.59469988197088242,0.92359709739685059,0.31171734631061554,0.79484951496124268,0.36459270119667053,0.65496881306171417,0.28035973012447357,0.88168078660964966,0.30255459249019623
"LIRCMOP7_BC",1,10000,10060,49,32,"generated","GAN_generated",1,0,NaN,6.2908549292888267,1.820220499132214,0.86428052186965942,0.85923472046852112,0.36219297349452972,0.96709120273590088,0.25248590111732483,0.95441910624504089,0.73515903949737549,0.93480074405670166,0.3788304328918457,0.79201284050941467,0.65668056905269623,0.84399360418319702,0.40258596837520599,0.60945703089237213,0.55156312882900238,0.76205524802207947,0.78716063499450684,0.7100716233253479,0.80355054140090942,0.4929271494038403,0.84447044134140015,0.55128307640552521,0.84034284949302673,0.37535785883665085,0.70156686007976532,0.38553943485021591,0.6120607927441597,0.33746056258678436,0.83178845047950745,0.30691838264465332
"LIRCMOP7_BC",1,10000,10060,49,33,"generated","GAN_generated",1,0,NaN,6.2724996544774498,1.9354383614428674,0.86202141642570496,0.90229383111000061,0.29299408197402954,0.97167447209358215,0.23478028178215027,0.95424050092697144,0.77806571125984192,0.93064418435096741,0.44564095884561539,0.72453892230987549,0.70200444757938385,0.89705789089202881,0.48911935184150934,0.60344824939966202,0.5300305150449276,0.73873139917850494,0.82502803206443787,0.59766041487455368,0.79538542032241821,0.55862413719296455,0.85314187407493591,0.47508269920945168,0.92731374502182007,0.40485721826553345,0.73421943187713623,0.32657946646213531,0.63192866742610931,0.23599430918693542,0.85380354523658752,0.27803289890289307
"LIRCMOP7_BC",1,10000,10060,49,34,"generated","GAN_generated",1,0,NaN,8.0341599729734252,3.0548389158199196,0.89919736981391907,0.90800130367279053,0.36320801079273224,0.98685431480407715,0.27335244417190552,0.96892350912094116,0.87418210506439209,0.96379372477531433,0.38152233511209488,0.71004495024681091,0.83771565556526184,0.92650973796844482,0.3708617240190506,0.47289706766605377,0.53753421455621719,0.75515332818031311,0.82467734813690186,0.53147571906447411,0.78704357147216797,0.536086305975914,0.91292768716812134,0.36079391837120056,0.90590184926986694,0.31282830238342285,0.81684505939483643,0.18255779147148132,0.70656615495681763,0.24219396710395813,0.82029443979263306,0.14991983771324158
"LIRCMOP7_BC",1,10000,10060,49,35,"generated","GAN_generated",0,0,NaN,5.0058389221876176,2.1005840916552856,0.85944274067878723,0.89365428686141968,0.2552991658449173,0.94265943765640259,0.24052628874778748,0.92502632737159729,0.67758545279502869,0.87948733568191528,0.3867318332195282,0.77317872643470764,0.62461355328559875,0.86292120814323425,0.40432458370923996,0.57466064393520355,0.52761990390717983,0.77132222056388855,0.73087656497955322,0.66861410439014435,0.73156517744064331,0.58871452510356903,0.82180643081665039,0.58226730674505234,0.92072692513465881,0.34994053840637207,0.73964160680770874,0.38565483689308167,0.62245702743530273,0.24675241112709045,0.871430903673172,0.37196701765060425
"LIRCMOP7_BC",1,10000,10060,49,36,"generated","GAN_generated",0,0,NaN,5.6847614091085132,1.8848820743663868,0.85601359605789185,0.91794851422309875,0.35244005918502808,0.96732911467552185,0.32720251381397247,0.93712469935417175,0.71581996977329254,0.91370350122451782,0.45166081935167313,0.73052392899990082,0.67131462693214417,0.87970775365829468,0.37948215752840042,0.62135960906744003,0.57409463077783585,0.83404815196990967,0.76716521382331848,0.70992828905582428,0.75264549255371094,0.51598051376640797,0.83296549320220947,0.48295594938099384,0.87272191047668457,0.3810901865363121,0.80656245350837708,0.33200521767139435,0.63946439325809479,0.27892173826694489,0.862132728099823,0.25270402431488037
"LIRCMOP7_BC",1,10000,10060,49,37,"generated","GAN_generated",1,0,NaN,3.5116053689992652,2.1868113465141068,0.81132304668426514,0.91803982853889465,0.13526913523674011,0.92448657751083374,0.24206143617630005,0.89071258902549744,0.56004030629992485,0.80376935005187988,0.46475782245397568,0.78789761662483215,0.56346869468688965,0.877982497215271,0.40145835280418396,0.62489117681980133,0.44571597501635551,0.82378357648849487,0.78018960356712341,0.72306936979293823,0.72868520021438599,0.61749009788036346,0.82042381167411804,0.57258196175098419,0.88804137706756592,0.36712354421615601,0.82524403929710388,0.47050283849239349,0.69819119572639465,0.31059350073337555,0.90913921594619751,0.40734001994132996
"LIRCMOP7_BC",1,10000,10060,49,38,"generated","GAN_generated",1,0,NaN,7.1416670474685864,2.1940337101296867,0.92539131641387939,0.90004974603652954,0.37882717698812485,0.98431852459907532,0.22806751728057861,0.96271297335624695,0.86931192874908447,0.9659397304058075,0.43950684368610382,0.69796480238437653,0.80512002110481262,0.92311617732048035,0.44736984744668007,0.54564184695482254,0.57117331773042679,0.72329266369342804,0.82787474989891052,0.51594945043325424,0.85357114672660828,0.48210402391850948,0.93609410524368286,0.42751855403184891,0.90992331504821777,0.37428918480873108,0.83168774843215942,0.20945149660110474,0.77036663889884949,0.23865756392478943,0.83713242411613464,0.13860678672790527
"LIRCMOP7_BC",1,10000,10060,49,39,"generated","GAN_generated",1,0,NaN,3.1446299285012129,5.2498020286452904,0.67042556405067444,0.88900431990623474,0.098449140787124634,0.76414027810096741,0.2000216543674469,0.79515326023101807,0.37640602141618729,0.5938432589173317,0.43538058549165726,0.87654867768287659,0.29769130051136017,0.72312556207180023,0.38831862062215805,0.70394791662693024,0.40623413771390915,0.81000682711601257,0.58636118471622467,0.77757418155670166,0.6308683305978775,0.66480235755443573,0.66514073312282562,0.74546068906784058,0.81984585523605347,0.36027020215988159,0.68816977739334106,0.62693288922309875,0.48382710851728916,0.3923688530921936,0.8551386296749115,0.53242165595293045
"LIRCMOP7_BC",1,10000,10060,49,40,"generated","GAN_generated",1,0,NaN,7.1189046126502129,1.8271681952238237,0.88646888732910156,0.89475274085998535,0.36493998765945435,0.98598280549049377,0.22064656019210815,0.95916193723678589,0.80752637982368469,0.96348637342453003,0.35385185480117798,0.77287739515304565,0.77006235718727112,0.91511520743370056,0.47357215732336044,0.58388075977563858,0.59987993538379669,0.70123143494129181,0.84847065806388855,0.61691285669803619,0.83679059147834778,0.46224629878997803,0.89020150899887085,0.53084814548492432,0.88631385564804077,0.4156663566827774,0.74364811182022095,0.31539265811443329,0.65998177230358124,0.33236755430698395,0.80465197563171387,0.21559286117553711
"LIRCMOP7_BC",1,10000,10060,49,41,"generated","GAN_generated",1,0,NaN,7.8172417655529181,2.5646344579067666,0.91899138689041138,0.90568187832832336,0.37592034786939621,0.98655474185943604,0.23186147212982178,0.96741786599159241,0.8837740421295166,0.9705759584903717,0.40257461369037628,0.65746495127677917,0.85332483053207397,0.92884236574172974,0.46689300984144211,0.51308903191238642,0.53805610537528992,0.76223158836364746,0.83387270569801331,0.55539360642433167,0.82693883776664734,0.48649724293500185,0.93066859245300293,0.41178414225578308,0.93640947341918945,0.37078273296356201,0.81919431686401367,0.20269063115119934,0.74310052394866943,0.1848791241645813,0.82293561100959778,0.13866186141967773
"LIRCMOP7_BC",1,10000,10060,49,42,"generated","GAN_generated",1,0,NaN,6.3502515277319915,1.773685986026112,0.86072373390197754,0.88913887739181519,0.31372514367103577,0.97807961702346802,0.18809768557548523,0.96686530113220215,0.79094937443733215,0.95209288597106934,0.38430145382881165,0.79261291027069092,0.72185294330120087,0.85739520192146301,0.45762718096375465,0.60700108110904694,0.62010813504457474,0.79447475075721741,0.79795292019844055,0.6268698126077652,0.86698493361473083,0.52008950337767601,0.91669344902038574,0.57073956727981567,0.88432109355926514,0.42367259413003922,0.77032336592674255,0.27539962530136108,0.6596384197473526,0.32557804882526398,0.84664040803909302,0.28313934803009033
"LIRCMOP7_BC",1,10000,10060,49,43,"generated","GAN_generated",1,0,NaN,6.3561601337848037,2.0682737574177166,0.88219019770622253,0.88745811581611633,0.37494958937168121,0.98308899998664856,0.26411396265029907,0.94677934050559998,0.77687236666679382,0.95124551653862,0.41198780387639999,0.7785172164440155,0.72583682835102081,0.89793610572814941,0.42912014573812485,0.5391884483397007,0.62444718927145004,0.72416684031486511,0.8343086838722229,0.65350043773651123,0.81860747933387756,0.47083896957337856,0.86918169260025024,0.53154643625020981,0.85438835620880127,0.38438298553228378,0.77594837546348572,0.34364110231399536,0.67686790227890015,0.36368167400360107,0.83592778444290161,0.25278405845165253
"LIRCMOP7_BC",1,10000,10060,49,44,"generated","GAN_generated",0,0,NaN,5.553087650431336,1.6077631281410401,0.890941321849823,0.90931695699691772,0.33351859450340271,0.96396467089653015,0.25568500161170959,0.94826334714889526,0.74436008930206299,0.91162568330764771,0.41613061726093292,0.76271915435791016,0.68188893795013428,0.87357142567634583,0.44056371226906776,0.63299423456192017,0.54299584776163101,0.81047284603118896,0.7552872896194458,0.66779792308807373,0.79865628480911255,0.49348244071006775,0.85920557379722595,0.53360278159379959,0.8777259886264801,0.33615590631961823,0.80460643768310547,0.3097463995218277,0.66224934160709381,0.26755125820636749,0.85730904340744019,0.23705831170082092
"LIRCMOP7_BC",1,10000,10060,49,45,"generated","GAN_generated",0,0,NaN,5.4818314261939989,2.0796620724343358,0.8979727029800415,0.89717596769332886,0.31295619904994965,0.95967334508895874,0.21554389595985413,0.93986085057258606,0.75283226370811462,0.91990435123443604,0.38491364568471909,0.78937917947769165,0.72039297223091125,0.88314488530158997,0.40009260922670364,0.50558900414034724,0.59599124640226364,0.72464175522327423,0.8393147885799408,0.60822716355323792,0.82597216963768005,0.51017527934163809,0.88927745819091797,0.57734460383653641,0.89008533954620361,0.367401123046875,0.81489792466163635,0.38364705443382263,0.75254124402999878,0.29472553730010986,0.85317146778106689,0.24341350793838501
"LIRCMOP7_BC",1,10000,10060,49,46,"generated","GAN_generated",1,0,NaN,6.5136036304997855,1.5104331861946525,0.87666377425193787,0.89418408274650574,0.35307179391384125,0.96843430399894714,0.21349775791168213,0.95506608486175537,0.7252659946680069,0.91161516308784485,0.37848423421382904,0.81087911128997803,0.65196521580219269,0.86611571907997131,0.4690245408564806,0.65262369811534882,0.49213102832436562,0.76796996593475342,0.77236071228981018,0.70077881217002869,0.77750867605209351,0.5339496023952961,0.81456398963928223,0.560775276273489,0.90691223740577698,0.3459027111530304,0.71523140370845795,0.32366415858268738,0.54930682107806206,0.26236474514007568,0.83431574702262878,0.30458611249923706
"LIRCMOP7_BC",1,10000,10060,49,47,"generated","GAN_generated",1,0,NaN,7.2009808092109537,2.9645352731951018,0.86498558521270752,0.84903928637504578,0.41065020859241486,0.97747707366943359,0.27234974503517151,0.95603370666503906,0.82521122694015503,0.96065229177474976,0.40723425894975662,0.70038653910160065,0.77497273683547974,0.90056547522544861,0.36996860802173615,0.52896362729370594,0.55217203497886658,0.76527458429336548,0.80973321199417114,0.60007764399051666,0.74220731854438782,0.51444461476057768,0.89071866869926453,0.35039398074150085,0.88814342021942139,0.37969495356082916,0.78192871809005737,0.27056954801082611,0.73317840695381165,0.25117352604866028,0.84420996904373169,0.17925003170967102
"LIRCMOP7_BC",1,10000,10060,49,48,"generated","GAN_generated",1,0,NaN,3.306517416071685,7.0622389387767068,0.68405702710151672,0.88644406199455261,0.063720166683197021,0.74540047347545624,0.16728901863098145,0.74647445976734161,0.38321974128484726,0.43518505990505219,0.37964295595884323,0.89868840575218201,0.34937864542007446,0.73774969577789307,0.35477511584758759,0.70077911019325256,0.34096510708332062,0.84871989488601685,0.51281861402094364,0.81049570441246033,0.61348016560077667,0.64583691954612732,0.63930539786815643,0.83200368285179138,0.89486253261566162,0.36564643681049347,0.74424625933170319,0.64785045385360718,0.51641575619578362,0.35768643021583557,0.89544546604156494,0.5824129581451416
"LIRCMOP7_BC",1,10000,10060,49,49,"generated","GAN_generated",1,0,NaN,6.8481464254578732,3.2270316997656963,0.85719195008277893,0.91901695728302002,0.37135311961174011,0.95941033959388733,0.36197443306446075,0.93648821115493774,0.74292023479938507,0.92379921674728394,0.46944556385278702,0.64763243496417999,0.70833037793636322,0.87394440174102783,0.35010021924972534,0.53675007075071335,0.54527000337839127,0.82612800598144531,0.75511983036994934,0.71245139837265015,0.69861041009426117,0.48740070592612028,0.82182112336158752,0.34528049826622009,0.85122361779212952,0.32124766707420349,0.83306252956390381,0.30238108336925507,0.57720985263586044,0.28675462305545807,0.83539366722106934,0.20793008804321289
"LIRCMOP7_BC",1,10000,10060,49,50,"generated","GAN_generated",1,0,NaN,6.5983029332957068,1.9155463370608214,0.87191438674926758,0.89558100700378418,0.31506338715553284,0.97723883390426636,0.16508370637893677,0.96830487251281738,0.77305209636688232,0.95174431800842285,0.31870590150356293,0.80771645903587341,0.7498621791601181,0.87639832496643066,0.35904745757579803,0.57125677913427353,0.61247231811285019,0.76038038730621338,0.85836955904960632,0.57261029630899429,0.86317101120948792,0.51408000104129314,0.91035342216491699,0.59157159179449081,0.89209422469139099,0.42406317591667175,0.8012128472328186,0.2909483015537262,0.67657692730426788,0.34467588365077972,0.87042862176895142,0.27795347571372986
"LIRCMOP7_BC",1,10000,10060,49,51,"generated","GAN_generated",1,0,NaN,7.2124719319196666,2.1245228355148971,0.87817263603210449,0.89674016833305359,0.37144604325294495,0.9756547212600708,0.26098503172397614,0.95969155430793762,0.79377725720405579,0.95972737669944763,0.40853797644376755,0.73154045641422272,0.77693328261375427,0.90732249617576599,0.34491583704948425,0.53378443419933319,0.57227633893489838,0.71950110793113708,0.86079949140548706,0.57778524607419968,0.84645777940750122,0.51806431077420712,0.89921945333480835,0.47217344492673874,0.89427313208580017,0.4116978719830513,0.79205158352851868,0.37081858515739441,0.69174805283546448,0.30881011486053467,0.81254324316978455,0.20584321022033691
"LIRCMOP7_BC",1,10000,10060,49,52,"generated","GAN_generated",1,0,NaN,6.5409132219432866,1.4079651720016073,0.89665770530700684,0.9118671715259552,0.37793127447366714,0.97970771789550781,0.23254293203353882,0.96746286749839783,0.79129800200462341,0.94228366017341614,0.42230464518070221,0.78603729605674744,0.73129120469093323,0.87575221061706543,0.49334477819502354,0.64165255427360535,0.57136444747447968,0.79584541916847229,0.79922226071357727,0.69456480443477631,0.79967787861824036,0.47607242129743099,0.86013653874397278,0.49961578610236757,0.88395929336547852,0.39459160715341568,0.76166132092475891,0.31076192855834961,0.65338107943534851,0.26498456299304962,0.82092201709747314,0.20906668901443481
"LIRCMOP7_BC",1,10000,10060,49,53,"generated","GAN_generated",0,0,NaN,5.3567348799571155,2.1334841299271328,0.83327212929725647,0.91486835479736328,0.33760534226894379,0.95554301142692566,0.25397089123725891,0.95380914211273193,0.65612171590328217,0.87630826234817505,0.38275516033172607,0.78558552265167236,0.66702111065387726,0.8294280469417572,0.3707614541053772,0.62724913656711578,0.52037243545055389,0.83222481608390808,0.71635285019874573,0.76864156126976013,0.72549766302108765,0.52188421972095966,0.77851304411888123,0.48961526434868574,0.85700392723083496,0.31578440964221954,0.76467767357826233,0.37076768279075623,0.59891185909509659,0.28669057786464691,0.85015425086021423,0.26885059475898743
"LIRCMOP7_BC",1,10000,10060,49,54,"generated","GAN_generated",0,0,NaN,2.4509283656777967,5.3026873878998337,0.68515008687973022,0.88312152028083801,0.14989271759986877,0.78895959258079529,0.19838204979896545,0.85586881637573242,0.41886456310749054,0.61403435468673706,0.43203748762607574,0.85122492909431458,0.40778059512376785,0.68054607510566711,0.43228362500667572,0.66697871685028076,0.40243718773126602,0.85544827580451965,0.56941865384578705,0.78611502051353455,0.63590255379676819,0.54497190192341805,0.75475409626960754,0.70580679178237915,0.79735094308853149,0.37656863033771515,0.76521280407905579,0.52943334355950356,0.62562733888626099,0.37056621909141541,0.86724558472633362,0.44898563623428345
"LIRCMOP7_BC",1,10000,10060,49,55,"generated","GAN_generated",1,0,NaN,3.4382336929244,5.8404094432629821,0.67549549043178558,0.90294754505157471,0.1198609471321106,0.7791578471660614,0.24170804023742676,0.73721936345100403,0.39294303208589554,0.52023649401962757,0.40680146217346191,0.85124489665031433,0.30523201823234558,0.77410468459129333,0.3636995255947113,0.64969983696937561,0.37314869463443756,0.79831701517105103,0.60195215791463852,0.79929238557815552,0.58522985875606537,0.70543758571147919,0.58700821548700333,0.72729603946208954,0.85005396604537964,0.37831678241491318,0.72912360727787018,0.63043980300426483,0.48028664663434029,0.41873551905155182,0.86912018060684204,0.58274217694997787
"LIRCMOP7_BC",1,10000,10060,49,56,"generated","GAN_generated",1,0,NaN,3.4307452496092052,6.0060412189822667,0.71944113075733185,0.88701024651527405,0.094060987234115601,0.78637263178825378,0.17401182651519775,0.78926676511764526,0.44635573402047157,0.49482438527047634,0.38819016516208649,0.90254712104797363,0.34402723610401154,0.71267536282539368,0.4105248898267746,0.65881624817848206,0.38552654534578323,0.80044755339622498,0.60746338963508606,0.78085151314735413,0.66760167479515076,0.65953753888607025,0.67452307045459747,0.8018861711025238,0.85490462183952332,0.32687567174434662,0.71319888532161713,0.57391519844532013,0.51450289785861969,0.41675633192062378,0.86097720265388489,0.58616234362125397
"LIRCMOP7_BC",1,10000,10060,49,57,"generated","GAN_generated",1,0,NaN,2.9105702363595451,10.829209718666258,0.59381221979856491,0.8779245913028717,0.071735173463821411,0.6191728338599205,0.19681677222251892,0.69087369740009308,0.19661754369735718,0.33464162051677704,0.39587730169296265,0.90519580245018005,0.21256843209266663,0.66109831631183624,0.28414395451545715,0.69829191267490387,0.32007624208927155,0.8661867082118988,0.41831479221582413,0.8745536208152771,0.5200978871434927,0.66738788783550262,0.53022214397788048,0.81004130840301514,0.79660868644714355,0.32556943595409393,0.66631193459033966,0.78555583953857422,0.52072847075760365,0.47568667307496071,0.90523409843444824,0.63523112237453461
"LIRCMOP7_BC",1,10000,10060,49,58,"generated","GAN_generated",1,0,NaN,6.5637784112369904,1.7673356287130024,0.88054648041725159,0.91847524046897888,0.3300100564956665,0.96171027421951294,0.2382524311542511,0.96476787328720093,0.77298820018768311,0.91621875762939453,0.44195587560534477,0.79749011993408203,0.73960649967193604,0.87377464771270752,0.42523886263370514,0.60897956788539886,0.54391498863697052,0.80331838130950928,0.78849112987518311,0.66805508732795715,0.73736792802810669,0.53751760721206665,0.83596783876419067,0.43923390656709671,0.92260327935218811,0.3156028687953949,0.73849324882030487,0.28853923082351685,0.62716436386108398,0.21543055772781372,0.84942528605461121,0.24909138679504395
"LIRCMOP7_BC",1,10000,10060,49,59,"generated","GAN_generated",1,0,NaN,7.6352124271915738,2.2927985403842257,0.90367940068244934,0.89344671368598938,0.36761318147182465,0.98189139366149902,0.22421720623970032,0.96751591563224792,0.86944931745529175,0.95743450522422791,0.38195973634719849,0.70743592083454132,0.83572924137115479,0.90866020321846008,0.45897864177823067,0.5525701642036438,0.51035679411143064,0.7247881144285202,0.84002190828323364,0.5608549527823925,0.83961492776870728,0.52398505620658398,0.92361688613891602,0.39041750133037567,0.91453737020492554,0.35282829403877258,0.81562170386314392,0.20292589068412781,0.74845719337463379,0.2583775520324707,0.82451587915420532,0.17401182651519775
"LIRCMOP7_BC",1,10000,10060,49,60,"generated","GAN_generated",0,0,NaN,3.3632776368807642,3.0449437602629281,0.70622245967388153,0.89975833892822266,0.12518143653869629,0.84239262342453003,0.19487491250038147,0.83134007453918457,0.43160343170166016,0.7059459388256073,0.4453037902712822,0.86341679096221924,0.32942469418048859,0.79196909070014954,0.39321138709783554,0.71313796937465668,0.43957322090864182,0.78398314118385315,0.60289450734853745,0.82013297080993652,0.70190940797328949,0.73418810963630676,0.6828283965587616,0.69319824874401093,0.83646935224533081,0.41763686388731003,0.63937775790691376,0.61149419844150543,0.52949518710374832,0.44789199158549309,0.8629210889339447,0.5320686399936676
"LIRCMOP7_BC",1,10000,10060,49,61,"generated","GAN_generated",0,0,NaN,5.2874104838627272,1.9016004440674401,0.86946806311607361,0.90735596418380737,0.30837216973304749,0.95725375413894653,0.28754411637783051,0.94445556402206421,0.74149221181869507,0.90073385834693909,0.42701319605112076,0.7301519513130188,0.67108578979969025,0.87041634321212769,0.4361567497253418,0.60536893457174301,0.53195264935493469,0.82280966639518738,0.76170027256011963,0.67643368244171143,0.80444473028182983,0.51347903627902269,0.85869327187538147,0.51350960973650217,0.87811407446861267,0.34632973372936249,0.80079951882362366,0.32253530621528625,0.69511982798576355,0.26420179009437561,0.85812938213348389,0.24563306570053101
"LIRCMOP7_BC",1,10000,10060,49,62,"generated","GAN_generated",1,0,NaN,5.9774155175820702,1.6535907290344234,0.87965184450149536,0.93680638074874878,0.2411043643951416,0.95211899280548096,0.20545262098312378,0.95365035533905029,0.67714850604534149,0.84334146976470947,0.39280066639184952,0.87054505944252014,0.6200793981552124,0.87200680375099182,0.44031156599521637,0.7512800395488739,0.56151019781827927,0.84744876623153687,0.66580215096473694,0.74412348866462708,0.70751567184925079,0.54202176257967949,0.78916117548942566,0.60727652907371521,0.92697590589523315,0.30005158483982086,0.78574180603027344,0.33006910979747772,0.47285950556397438,0.18195772171020508,0.87992364168167114,0.30644932389259338
"LIRCMOP7_BC",1,10000,10060,49,63,"generated","GAN_generated",1,0,NaN,2.7955363456954174,12.591398678905344,0.57178760319948196,0.88504886627197266,0.049600929021835327,0.55858864262700081,0.19577679038047791,0.66797326505184174,0.17347857356071472,0.30410419404506683,0.38154491782188416,0.91403177380561829,0.16537994146347046,0.64191949367523193,0.24062535166740417,0.65402564406394958,0.30118085443973541,0.86157643795013428,0.4293907955288887,0.88469463586807251,0.54851662367582321,0.72550317645072937,0.50528550148010254,0.85433277487754822,0.79239350557327271,0.32245813310146332,0.71319910883903503,0.82557862997055054,0.60081648081541061,0.45211403071880341,0.90681564807891846,0.66239938139915466
"LIRCMOP7_BC",1,10000,10060,49,64,"generated","GAN_generated",0,0,NaN,4.9527451278031602,1.706089958745636,0.89815902709960938,0.92458271980285645,0.35552619397640228,0.96958979964256287,0.24519449472427368,0.95931985974311829,0.71202407777309418,0.92838865518569946,0.41020648181438446,0.75661158561706543,0.67052477598190308,0.89154449105262756,0.39379593729972839,0.56856521964073181,0.58817102015018463,0.7851024866104126,0.79605048894882202,0.67249299585819244,0.82958331704139709,0.5342160202562809,0.88541427254676819,0.51553112082183361,0.86724710464477539,0.34763713181018829,0.82826048135757446,0.34955419600009918,0.75646558403968811,0.27787990868091583,0.87674841284751892,0.23913305997848511
"LIRCMOP7_BC",1,10000,10060,49,65,"generated","GAN_generated",1,0,NaN,5.7010129377601304,2.1487038929290385,0.8680778443813324,0.92309755086898804,0.30191220343112946,0.96423351764678955,0.25456978380680084,0.96751844882965088,0.74787339568138123,0.91661065816879272,0.46347511559724808,0.78275525569915771,0.70072294771671295,0.88761132955551147,0.42104178667068481,0.60722330212593079,0.53471692278981209,0.87595981359481812,0.78689813613891602,0.77067184448242188,0.7510388195514679,0.52634046040475368,0.862730473279953,0.44656196236610413,0.91240876913070679,0.33789283037185669,0.78532600402832031,0.24952185153961182,0.66156160831451416,0.2226594090461731,0.87596654891967773,0.21852684020996094
"LIRCMOP7_BC",1,10000,10060,49,66,"generated","GAN_generated",1,0,NaN,7.4672418049696407,2.1487583999950468,0.89841461181640625,0.88734501600265503,0.41339240968227386,0.98057383298873901,0.26287433505058289,0.95969516038894653,0.82762172818183899,0.94555994868278503,0.39635884016752243,0.72450156509876251,0.79171228408813477,0.89742690324783325,0.45598401874303818,0.53473905473947525,0.53127437457442284,0.75236418843269348,0.81740418076515198,0.63851973414421082,0.78820914030075073,0.47069487348198891,0.86762461066246033,0.4564020000398159,0.89070641994476318,0.34930558502674103,0.78665539622306824,0.26309359073638916,0.670765221118927,0.24736469984054565,0.80587887763977051,0.18537881970405579
"LIRCMOP7_BC",1,10000,10060,49,67,"generated","GAN_generated",1,0,NaN,5.8918524083459429,2.0046050047179342,0.84741374850273132,0.87374597787857056,0.37086997926235199,0.96805819869041443,0.24864029884338379,0.95313578844070435,0.72671906650066376,0.92655295133590698,0.38183801621198654,0.76372027397155762,0.67834958434104919,0.85078617930412292,0.39504693448543549,0.58103124797344208,0.54530175030231476,0.79815945029258728,0.78668731451034546,0.72413356602191925,0.77887055277824402,0.5033847966697067,0.82323086261749268,0.50538857327774167,0.84703749418258667,0.39310191571712494,0.7217225581407547,0.36598412692546844,0.66472113132476807,0.31334215402603149,0.84073135256767273,0.27386385202407837
"LIRCMOP7_BC",1,10000,10060,49,68,"generated","GAN_generated",0,0,NaN,5.4273714220296707,1.7311136354926231,0.87605822086334229,0.90708315372467041,0.26859793066978455,0.957938551902771,0.22713762521743774,0.949628084897995,0.71716034412384033,0.86436799168586731,0.40579017996788025,0.83114194869995117,0.68101722002029419,0.85369834303855896,0.45727976411581039,0.68016497790813446,0.56956696510314941,0.82636192440986633,0.69338527321815491,0.70065437257289886,0.73579879105091095,0.52327138371765614,0.79189831018447876,0.59305538237094879,0.91820138692855835,0.28823265433311462,0.79253506660461426,0.30783885717391968,0.59249305725097656,0.20349329710006714,0.8760344386100769,0.2851727157831192
"LIRCMOP7_BC",1,10000,10060,49,69,"generated","GAN_generated",1,0,NaN,3.8841886196404394,4.5505975577237834,0.70027399063110352,0.8905656635761261,0.17636990547180176,0.77718919515609741,0.2116706371307373,0.87153545022010803,0.45296328142285347,0.61863912642002106,0.43682162463665009,0.88186806440353394,0.44906941801309586,0.6847832053899765,0.44978771358728409,0.72645565867424011,0.36219799518585205,0.81438818573951721,0.55940170958638191,0.79474225640296936,0.60252705961465836,0.58286535739898682,0.77796536684036255,0.68008482456207275,0.8064238429069519,0.35189071297645569,0.64287212491035461,0.54130407050251961,0.48645851295441389,0.45366885885596275,0.81192988157272339,0.48855937551707029
"LIRCMOP7_BC",1,10000,10060,49,70,"generated","GAN_generated",1,0,NaN,6.7219286061938437,1.4922588231050511,0.88141173124313354,0.92341524362564087,0.31073960661888123,0.98632127046585083,0.22471103072166443,0.95949298143386841,0.80045032501220703,0.95245712995529175,0.47897748835384846,0.76328223943710327,0.72491084039211273,0.89890629053115845,0.42547662556171417,0.61795327067375183,0.61706950515508652,0.75599893927574158,0.8049159049987793,0.69425225257873535,0.81134554743766785,0.52073584124445915,0.84820720553398132,0.52599161304533482,0.91392070055007935,0.39518182724714279,0.76394841074943542,0.32664275169372559,0.62099799513816833,0.27509526908397675,0.81581762433052063,0.24072518944740295
"LIRCMOP7_BC",1,10000,10060,49,71,"generated","GAN_generated",1,0,NaN,7.3822087234957063,2.2496236077393652,0.87316963076591492,0.86829900741577148,0.39986509084701538,0.97918069362640381,0.28652027249336243,0.95688670873641968,0.82843905687332153,0.94789329171180725,0.40696350485086441,0.75421780347824097,0.77892658114433289,0.88560503721237183,0.41771534830331802,0.56211723759770393,0.56065322831273079,0.77838104963302612,0.79077011346817017,0.63325515389442444,0.76638850569725037,0.5002734792069532,0.85267984867095947,0.41432435065507889,0.88003489375114441,0.35614438354969025,0.77876526117324829,0.275090292096138,0.65791460871696472,0.24458929896354675,0.82368320226669312,0.16941916942596436
"LIRCMOP7_BC",1,10000,10060,49,72,"generated","GAN_generated",1,0,NaN,3.0771113654695563,7.9222399775210537,0.608538918197155,0.85829350352287292,0.099052131175994873,0.66628473997116089,0.20945084095001221,0.80840221047401428,0.3056555837392807,0.48054975457489491,0.37060835957527161,0.90440726280212402,0.21525630354881287,0.65494151413440704,0.23527416586875916,0.66606718301773071,0.3941091001033783,0.85617312788963318,0.47394134849309921,0.85279461741447449,0.62123516201972961,0.72591125965118408,0.51885154470801353,0.79429948329925537,0.77655154466629028,0.37369778752326965,0.69520880281925201,0.8209993839263916,0.4826579112559557,0.46972285397350788,0.88531160354614258,0.58859962970018387
"LIRCMOP7_BC",1,10000,10060,49,73,"generated","GAN_generated",0,0,NaN,5.0281189961498489,2.6770574295758847,0.8048693835735321,0.93157696723937988,0.29730257391929626,0.97155675292015076,0.31009609997272491,0.92492103576660156,0.61694533377885818,0.92355316877365112,0.49620493571273983,0.67740273475646973,0.67701409757137299,0.88328921794891357,0.31730338931083679,0.59617720544338226,0.60199779272079468,0.83858650922775269,0.78087469935417175,0.68311874568462372,0.69989378750324249,0.51178335677832365,0.85637888312339783,0.47884107753634453,0.85747608542442322,0.40098271518945694,0.87292277812957764,0.38615486770868301,0.64407923817634583,0.34763157367706299,0.89062657952308655,0.24435532093048096
"LIRCMOP7_BC",1,10000,10060,49,74,"generated","GAN_generated",1,0,NaN,7.1865775831402461,2.6363563068722486,0.907370924949646,0.88668036460876465,0.35452061891555786,0.98732075095176697,0.21674555540084839,0.96705636382102966,0.85518717765808105,0.97443825006484985,0.35120747983455658,0.68276570737361908,0.81490233540534973,0.92303866147994995,0.4477098137140274,0.56349197775125504,0.54347562789916992,0.69196511805057526,0.84838613867759705,0.46497632190585136,0.85373231768608093,0.47278372570872307,0.93792504072189331,0.40698076784610748,0.91916185617446899,0.4359976202249527,0.82415571808815002,0.20217669010162354,0.7672346830368042,0.24189111590385437,0.8375280499458313,0.1617777943611145
"LIRCMOP7_BC",1,10000,10060,49,75,"generated","GAN_generated",1,0,NaN,3.4355179957412405,12.283105290115836,0.55103467777371407,0.91180074214935303,0.050379723310470581,0.60459614545106888,0.19979697465896606,0.78227958083152771,0.17200130224227905,0.27991697192192078,0.40002217888832092,0.90221497416496277,0.18575102090835571,0.65134133398532867,0.27419935166835785,0.73695282638072968,0.24751999974250793,0.88344347476959229,0.39154467731714249,0.85969826579093933,0.43512856215238571,0.69917377829551697,0.56685581058263779,0.80727478861808777,0.80284425616264343,0.29063442349433899,0.62697979807853699,0.81681537628173828,0.44576078280806541,0.41985346376895905,0.89205852150917053,0.61394240707159042
"LIRCMOP7_BC",1,10000,10060,49,76,"generated","GAN_generated",1,0,NaN,2.4875946785066816,10.098570835194385,0.60509120672941208,0.86207172274589539,0.076148837804794312,0.64374396204948425,0.19167649745941162,0.72052951157093048,0.23596927523612976,0.38965361565351486,0.38290618360042572,0.90139177441596985,0.22047790884971619,0.63585928082466125,0.27004790306091309,0.62369758635759354,0.3700767457485199,0.84998229146003723,0.46527456864714622,0.86983346939086914,0.58498567342758179,0.68997290730476379,0.54793372750282288,0.82326334714889526,0.78925657272338867,0.33172248303890228,0.65584027767181396,0.78036081790924072,0.58375874906778336,0.47602732665836811,0.90102431178092957,0.61974609643220901
"LIRCMOP7_BC",1,10000,10060,49,77,"generated","GAN_generated",0,0,NaN,3.4960613259156119,2.4781396212717768,0.81499379873275757,0.89778017997741699,0.2334839403629303,0.88985669612884521,0.21322563290596008,0.89017486572265625,0.50308439019136131,0.75749090313911438,0.40225087106227875,0.86101555824279785,0.42948850244283676,0.76881653070449829,0.42220433801412582,0.69788584113121033,0.47381387464702129,0.82440602779388428,0.62697319686412811,0.77237257361412048,0.72425079345703125,0.57592659443616867,0.74409329891204834,0.70223447680473328,0.8174547553062439,0.34544263780117035,0.7283286452293396,0.5456775538623333,0.62224609404802322,0.36819657683372498,0.86890387535095215,0.40543204545974731
"LIRCMOP7_BC",1,10000,10060,49,78,"generated","GAN_generated",1,0,NaN,5.5551004125393844,3.4489854521935737,0.74408924579620361,0.88581988215446472,0.32521992921829224,0.96586287021636963,0.22200658917427063,0.95641425251960754,0.68139442801475525,0.89573168754577637,0.38560064136981964,0.80674439668655396,0.64439977705478668,0.81150716543197632,0.394068643450737,0.58466494828462601,0.58879587054252625,0.78828683495521545,0.74373646080493927,0.67289997637271881,0.72512808442115784,0.57404967397451401,0.78382989764213562,0.5324409045279026,0.89367982745170593,0.37763570994138718,0.72672191262245178,0.38067310303449631,0.57983234524726868,0.27556851506233215,0.83725887537002563,0.32348959147930145
"LIRCMOP7_BC",1,10000,10060,49,79,"generated","GAN_generated",1,0,NaN,6.17971468812536,2.0176641615362807,0.87901744246482849,0.89560583233833313,0.32255133986473083,0.97242605686187744,0.27626477181911469,0.94468870759010315,0.76523059606552124,0.94211575388908386,0.41589367389678955,0.73112080991268158,0.70261526107788086,0.88332092761993408,0.4151708111166954,0.54661617428064346,0.58309812098741531,0.76124131679534912,0.82005488872528076,0.61172410100698471,0.8073367178440094,0.52337554097175598,0.85775694251060486,0.54078022763133049,0.90014094114303589,0.38928471505641937,0.77466711401939392,0.34141410887241364,0.63474857807159424,0.2906213104724884,0.8455289900302887,0.26970779895782471
"LIRCMOP7_BC",1,10000,10060,49,80,"generated","GAN_generated",0,0,NaN,5.6145482350564597,1.540491543166753,0.88518866896629333,0.88601696491241455,0.37600987404584885,0.97944951057434082,0.24723577499389648,0.96295309066772461,0.76840335130691528,0.94429665803909302,0.43196161091327667,0.78250867128372192,0.66887389123439789,0.86234453320503235,0.43081159144639969,0.60742674022912979,0.56715507805347443,0.79815658926963806,0.78589963912963867,0.70361173152923584,0.80027040839195251,0.50885967444628477,0.88264131546020508,0.4856299851089716,0.83021649718284607,0.40774469077587128,0.78858867287635803,0.35340730845928192,0.72498263418674469,0.30200165510177612,0.88707393407821655,0.1744445264339447
"LIRCMOP7_BC",1,10000,10060,49,81,"generated","GAN_generated",0,0,NaN,5.3891489938956934,1.884858606255162,0.85374438762664795,0.91819286346435547,0.27502454817295074,0.94827371835708618,0.31127215921878815,0.93286025524139404,0.69661246240139008,0.87982556223869324,0.43742471933364868,0.75381380319595337,0.68212340772151947,0.87080278992652893,0.37985077500343323,0.6248021125793457,0.5521598793566227,0.81810241937637329,0.7373020201921463,0.71696378290653229,0.72706723213195801,0.54998333379626274,0.80956655740737915,0.5033130997326225,0.90241420269012451,0.34649369120597839,0.77751147747039795,0.35218310356140137,0.62805524468421936,0.23475587368011475,0.8601568341255188,0.28977806866168976
"LIRCMOP7_BC",1,10000,10060,49,82,"generated","GAN_generated",0,0,NaN,4.8940872878991621,2.0504532537560571,0.85645905137062073,0.9222666323184967,0.29643809795379639,0.93311032652854919,0.25352177023887634,0.88713622093200684,0.60154791921377182,0.87650090456008911,0.42085267603397369,0.79689842462539673,0.62784335017204285,0.85994037985801697,0.32396315038204193,0.58201373368501663,0.61384949088096619,0.7898688018321991,0.77606415748596191,0.6931900680065155,0.70575527846813202,0.60537956655025482,0.81911769509315491,0.65012286603450775,0.86362463235855103,0.39316459745168686,0.76450532674789429,0.52081050537526608,0.60566434264183044,0.37627629190683365,0.88037747144699097,0.3154604583978653
"LIRCMOP7_BC",1,10000,10060,49,83,"generated","GAN_generated",1,0,NaN,6.7769592826175087,1.9988555287061083,0.88319805264472961,0.89782342314720154,0.36565789580345154,0.97763559222221375,0.25703947246074677,0.95399865508079529,0.80015024542808533,0.94454744458198547,0.41300928592681885,0.71979007124900818,0.7562134861946106,0.89521980285644531,0.43002115190029144,0.55611730739474297,0.58852830529212952,0.74726186692714691,0.82621785998344421,0.60600682348012924,0.82815417647361755,0.50864611659198999,0.87910249829292297,0.51205864548683167,0.88994240760803223,0.38887996971607208,0.77279865741729736,0.3091772049665451,0.66845104098320007,0.30526100099086761,0.82839515805244446,0.22865453362464905
"LIRCMOP7_BC",1,10000,10060,49,84,"generated","GAN_generated",1,0,NaN,6.7833432872264972,1.8029786984424021,0.87178859114646912,0.89330041408538818,0.33783219754695892,0.97928512096405029,0.25604242086410522,0.953715980052948,0.78592747449874878,0.95104175806045532,0.39866107702255249,0.74572920799255371,0.74638676643371582,0.89267063140869141,0.48852983862161636,0.59050709754228592,0.53670125082135201,0.73447352647781372,0.82486400008201599,0.64133891463279724,0.77667269110679626,0.53170830011367798,0.84209445118904114,0.47196617536246777,0.91678816080093384,0.40209254622459412,0.72714851796627045,0.30696752667427063,0.62937542796134949,0.25973162055015564,0.8221069872379303,0.24340716004371643
"LIRCMOP7_BC",1,10000,10060,49,85,"generated","GAN_generated",1,0,NaN,6.5701364941912539,1.9859281371007371,0.87891250848770142,0.88644418120384216,0.37304449081420898,0.97999987006187439,0.24739044904708862,0.95258668065071106,0.7618354856967926,0.94648647308349609,0.37510355561971664,0.7943730354309082,0.71813645958900452,0.87122678756713867,0.4050072580575943,0.54207061976194382,0.56899285316467285,0.74082008004188538,0.81529378890991211,0.66146358847618103,0.80541250109672546,0.48742979392409325,0.85578343272209167,0.53091299533843994,0.87356707453727722,0.40258846431970596,0.77642661333084106,0.3376680463552475,0.62948332726955414,0.34088002145290375,0.81160873174667358,0.29628525674343109
"LIRCMOP7_BC",1,10000,10060,49,86,"generated","GAN_generated",1,0,NaN,2.7734276330687049,6.5105514896079582,0.63967010378837585,0.84924846887588501,0.20400145649909973,0.82746332883834839,0.18356281518936157,0.89234447479248047,0.42618809640407562,0.63329678773880005,0.42738101631402969,0.85826250910758972,0.43217070400714874,0.61543268710374832,0.4503047838807106,0.67242555320262909,0.45812750980257988,0.85046744346618652,0.52527344785630703,0.78200453519821167,0.63925854861736298,0.53394784405827522,0.7512488067150116,0.71468968689441681,0.75405609607696533,0.36350850760936737,0.65209828317165375,0.50835435185581446,0.5721624493598938,0.38748477399349213,0.83923745155334473,0.42890054732561111
"LIRCMOP7_BC",1,10000,10060,49,87,"generated","GAN_generated",1,0,NaN,3.7448637163681688,5.377536916549321,0.71744935214519501,0.91201043128967285,0.11107409000396729,0.72846119105815887,0.19385236501693726,0.81588342785835266,0.35057640075683594,0.54285773634910583,0.43720617890357971,0.90056964755058289,0.35719586908817291,0.77885285019874573,0.42326993495225906,0.74596211314201355,0.37093682587146759,0.83594366908073425,0.53986425325274467,0.82129141688346863,0.56109403446316719,0.57382932305335999,0.73229704797267914,0.69635768234729767,0.81496021151542664,0.29043745994567871,0.67193786799907684,0.57757857441902161,0.4656231664121151,0.38081558048725128,0.84961917996406555,0.48105322383344173
"LIRCMOP7_BC",1,10000,10060,49,88,"generated","GAN_generated",1,0,NaN,2.4956067387729171,6.7642227199202489,0.63478884100914001,0.87494182586669922,0.14091160893440247,0.75263705849647522,0.24193567037582397,0.74327464401721954,0.35723164677619934,0.52647906914353371,0.46476805582642555,0.85905122756958008,0.35168677568435669,0.71759259700775146,0.36426658928394318,0.65127739310264587,0.44179272279143333,0.84081417322158813,0.5638294592499733,0.80610418319702148,0.64315666258335114,0.64805762469768524,0.60259836912155151,0.74777533113956451,0.83610251545906067,0.39536730945110321,0.77080908417701721,0.61428789794445038,0.60829846560955048,0.38745006918907166,0.86162453889846802,0.52841858007013798
"LIRCMOP7_BC",1,10000,10060,49,89,"generated","GAN_generated",1,0,NaN,6.3084069475238103,1.7025340444876411,0.88077935576438904,0.88445845246315002,0.39278420805931091,0.97808906435966492,0.24486333131790161,0.96329569816589355,0.78953537344932556,0.95093348622322083,0.41425856947898865,0.76352736353874207,0.71876181662082672,0.89001446962356567,0.49029330443590879,0.60987096279859543,0.5778387039899826,0.77822348475456238,0.80285358428955078,0.64959987998008728,0.81989690661430359,0.48902036715298891,0.88586050271987915,0.46792839467525482,0.86211568117141724,0.40063571929931641,0.75492310523986816,0.29703740775585175,0.70627479255199432,0.28817987442016602,0.82786399126052856,0.20882219076156616
"LIRCMOP7_BC",1,10000,10060,49,90,"generated","GAN_generated",1,0,NaN,6.6284992711136361,2.0649904975300784,0.92366528511047363,0.889881432056427,0.41061453521251678,0.98435103893280029,0.22263002395629883,0.96146813035011292,0.84192979335784912,0.9632340669631958,0.40606715530157089,0.75022956728935242,0.79176631569862366,0.89532938599586487,0.43887573480606079,0.53705713897943497,0.61551053822040558,0.76592135429382324,0.81243780255317688,0.5162707045674324,0.8278462290763855,0.50375666795298457,0.91038393974304199,0.46502165496349335,0.89803916215896606,0.33092609047889709,0.83222034573554993,0.22426551580429077,0.7975383996963501,0.26724545657634735,0.87030482292175293,0.15417799353599548
"LIRCMOP7_BC",1,10000,10060,49,91,"generated","GAN_generated",0,0,NaN,5.5563514509089016,2.1702490691440204,0.8635939359664917,0.88114917278289795,0.30588440597057343,0.97197997570037842,0.25875356793403625,0.95389389991760254,0.7587757408618927,0.92529404163360596,0.39206613600254059,0.73807957768440247,0.72588065266609192,0.86299583315849304,0.40502035617828369,0.5673581138253212,0.58474677801132202,0.79024985432624817,0.80010873079299927,0.62167049199342728,0.79697036743164062,0.55067819729447365,0.83304813504219055,0.49391826009377837,0.88572409749031067,0.33013856410980225,0.79602494835853577,0.28736236691474915,0.72246123850345612,0.28225111961364746,0.86813253164291382,0.24756315350532532
"LIRCMOP7_BC",1,10000,10060,49,92,"generated","GAN_generated",1,0,NaN,3.7923432712281269,10.433824674622034,0.67201514542102814,0.88815689086914062,0.065409719944000244,0.55415135249495506,0.22458633780479431,0.68315736949443817,0.19066908955574036,0.35974463820457458,0.40400645136833191,0.91283738613128662,0.14522272348403931,0.69218036532402039,0.23964652419090271,0.73074860870838165,0.35160528123378754,0.86197623610496521,0.40145181864500046,0.88532227277755737,0.57224597036838531,0.67499253153800964,0.51586651615798473,0.83414009213447571,0.73584668338298798,0.2928147166967392,0.69526726007461548,0.82234480977058411,0.60056929290294647,0.451985914260149,0.91387760639190674,0.60081451386213303
"LIRCMOP7_BC",1,10000,10060,49,93,"generated","GAN_generated",0,0,NaN,2.5974779093456499,4.7316311185834961,0.69462001323699951,0.86545431613922119,0.13929006457328796,0.79468506574630737,0.18938061594963074,0.86646184325218201,0.44730813428759575,0.67053213715553284,0.42285078763961792,0.83542290329933167,0.38699803501367569,0.67007714509963989,0.40834400802850723,0.63909491896629333,0.40589028596878052,0.8497263491153717,0.60566798597574234,0.76444849371910095,0.65526774525642395,0.59519761800765991,0.7592569887638092,0.69927744567394257,0.82137593626976013,0.36888682842254639,0.74470517039299011,0.51846542023122311,0.62859213352203369,0.42225324362516403,0.88578402996063232,0.50131449627224356
"LIRCMOP7_BC",1,10000,10060,49,94,"generated","GAN_generated",1,0,NaN,3.9228279501353676,10.788265486094707,0.61574225872755051,0.94931548833847046,0.058559119701385498,0.55134349316358566,0.12440267205238342,0.83713856339454651,0.13405710458755493,0.32358378171920776,0.34228275716304779,0.94154462218284607,0.17860889434814453,0.66415543854236603,0.21597516536712646,0.71733488142490387,0.26381815969944,0.85785490274429321,0.40203657001256943,0.89263558387756348,0.46652380749583244,0.60137065500020981,0.63758482038974762,0.81118172407150269,0.74634884297847748,0.32188192009925842,0.65794497728347778,0.85279080271720886,0.45143672078847885,0.48130714520812035,0.8916858434677124,0.53798665478825569
"LIRCMOP7_BC",1,10000,10060,49,95,"generated","GAN_generated",1,0,NaN,3.574112332731886,6.1400219343218474,0.71585381031036377,0.90161827206611633,0.12677320837974548,0.71159489452838898,0.229096919298172,0.72645796835422516,0.35985437035560608,0.49099266808480024,0.41880635917186737,0.87334606051445007,0.30989882349967957,0.74074870347976685,0.39953663200139999,0.70954737067222595,0.33300764858722687,0.79605311155319214,0.55419560894370079,0.8140503466129303,0.58878309279680252,0.62008514255285263,0.66506101191043854,0.78217092156410217,0.80403327941894531,0.36576199531555176,0.69548632204532623,0.62418095022439957,0.50306007522158325,0.44639116525650024,0.84525847434997559,0.55104949697852135
"LIRCMOP7_BC",1,10000,10060,49,96,"generated","GAN_generated",1,0,NaN,7.3796978426337345,2.0726027260074282,0.90116769075393677,0.88832038640975952,0.39406018704175949,0.97934415936470032,0.21439871191978455,0.96807384490966797,0.84118086099624634,0.95875614881515503,0.40318567305803299,0.74297043681144714,0.79975691437721252,0.91343158483505249,0.42765702307224274,0.53143492341041565,0.56766897439956665,0.70147542655467987,0.84887894988059998,0.55071985721588135,0.83584639430046082,0.52270358242094517,0.92790865898132324,0.4655090905725956,0.89893427491188049,0.38948590308427811,0.78449526429176331,0.26555840671062469,0.72959160804748535,0.27155181765556335,0.82051396369934082,0.17011925578117371
"LIRCMOP7_BC",1,10000,10060,49,97,"generated","GAN_generated",0,0,NaN,5.3116891425863626,1.7455526123736891,0.8718416690826416,0.92382901906967163,0.36826391518115997,0.96254715323448181,0.21866825222969055,0.95306235551834106,0.67424090206623077,0.92662587761878967,0.37655122578144073,0.79522928595542908,0.62846183776855469,0.85860556364059448,0.46242408454418182,0.59432807564735413,0.57163036614656448,0.75146368145942688,0.79881089925765991,0.69199053943157196,0.77744922041893005,0.52737472951412201,0.85643294453620911,0.6224089041352272,0.85690993070602417,0.41457001119852066,0.71992619335651398,0.46969477646052837,0.64501659572124481,0.33428457379341125,0.83371105790138245,0.30057811737060547
"LIRCMOP7_BC",1,10000,10060,49,98,"generated","GAN_generated",0,0,NaN,5.7313345747056559,1.5035742271072161,0.87397530674934387,0.88094541430473328,0.33019192516803741,0.95147299766540527,0.22151535749435425,0.93318358063697815,0.71169735491275787,0.91213932633399963,0.38919283449649811,0.81699657440185547,0.6716676652431488,0.85079732537269592,0.44293351843953133,0.67301347851753235,0.47445537149906158,0.75821563601493835,0.73993830382823944,0.67410364747047424,0.76916801929473877,0.50102029123809189,0.86689960956573486,0.58474433422088623,0.8681885302066803,0.35282793641090393,0.74635756015777588,0.38822240382432938,0.63942113518714905,0.32970565557479858,0.82346877455711365,0.28336496651172638
"LIRCMOP7_BC",1,10000,10060,49,99,"generated","GAN_generated",1,0,NaN,7.1649867299033527,2.2561113485529161,0.91676604747772217,0.88702595233917236,0.35225282609462738,0.99080061912536621,0.26126305758953094,0.96757599711418152,0.86547932028770447,0.97855910658836365,0.42275582253932953,0.70251646637916565,0.81063845753669739,0.93991142511367798,0.46208991482853889,0.55336283147335052,0.5466846376657486,0.76147878170013428,0.8379732072353363,0.59188404679298401,0.81330135464668274,0.46050048992037773,0.93680822849273682,0.3838886171579361,0.90069353580474854,0.43642109632492065,0.82351347804069519,0.234264075756073,0.74851590394973755,0.18495020270347595,0.83281606435775757,0.10887011885643005
"LIRCMOP7_BC",1,10000,10060,49,100,"generated","GAN_generated",1,0,NaN,6.4364482783556412,1.8630483613567872,0.85738059878349304,0.89666339755058289,0.35806374251842499,0.97994983196258545,0.23607024550437927,0.95646563172340393,0.76738622784614563,0.95100155472755432,0.40698643773794174,0.75200724601745605,0.73144517838954926,0.89702069759368896,0.44597730040550232,0.57578703761100769,0.61479894816875458,0.74603581428527832,0.83235296607017517,0.58649856597185135,0.78015753626823425,0.58844301849603653,0.8690456748008728,0.52166777849197388,0.90831089019775391,0.43532782047986984,0.75962802767753601,0.3270198255777359,0.63484475016593933,0.27772101759910583,0.85529077053070068,0.24256360530853271
