problem,run,condition_mode,gen,bmem_count,boundary_count,bmem_ref_coverage,finite_gap_count,inf_gap_count,median_gap,max_gap,train_count,query_count,condition_dim,train_param_ratio,gan_sample_reuse,train_pair_dec_dist50,train_pair_dec_dist90,train_tau_iqr,train_tau_range,train_tau_nonzero_rate,train_x_rec90,train_y_rec90,sample_z_mode,missing_ref_query_count,large_gap_query_count,raw_generated_count,feasible_generated_count,generated_per_train,boundary_dist50,boundary_dist90,query_width90,segment_width90,segment_width90_ratio,side_rate,pair_margin50,ref_cover,query_obj_dist50,query_obj_dist90,missing_ref_query_obj_dist90,large_gap_query_obj_dist90,feasible_rate,boundary_sample_current_count,boundary_sample_prev_pair_count,boundary_sample_merged_count,boundary_sample_finite_count,boundary_feasible_count,boundary_infeasible_count,boundary_main_feasible_count,boundary_ref_with_main_feasible_count,boundary_ref_with_neighbor_infeasible_count,boundary_ref_pairable_count,boundary_pair_distance_count,boundary_pair_dominated_skip_count,boundary_pair_appended_count,boundary_candidate_raw_count,boundary_candidate_finite_count,boundary_candidate_pareto_count,boundary_candidate_gap_count,boundary_candidate_dedup_count,boundary_candidate_final_count,dataset_bmem_input_count,dataset_valid_train_count,dataset_invalid_train_count,dataset_query_count
LIRCMOP7_BC,1,ref_tau,1,0,0,NaN,0,0,NaN,NaN,0,0,3,0,NaN,NaN,NaN,NaN,NaN,NaN,NaN,NaN,zero,0,0,0,0,NaN,NaN,NaN,NaN,NaN,NaN,NaN,NaN,NaN,NaN,NaN,NaN,NaN,NaN,400,0,400,400,400,0,5,5,0,0,0,0,0,0,0,0,0,0,0,0,0,0,0
LIRCMOP7_BC,1,ref_tau,2,0,0,NaN,0,0,NaN,NaN,0,0,3,0,NaN,NaN,NaN,NaN,NaN,NaN,NaN,NaN,zero,0,0,0,0,NaN,NaN,NaN,NaN,NaN,NaN,NaN,NaN,NaN,NaN,NaN,NaN,NaN,NaN,400,0,400,400,400,0,6,6,0,0,0,0,0,0,0,0,0,0,0,0,0,0,0
LIRCMOP7_BC,1,ref_tau,3,0,0,NaN,0,0,NaN,NaN,0,0,3,0,NaN,NaN,NaN,NaN,NaN,NaN,NaN,NaN,zero,0,0,0,0,NaN,NaN,NaN,NaN,NaN,NaN,NaN,NaN,NaN,NaN,NaN,NaN,NaN,NaN,400,0,400,400,400,0,9,8,0,0,0,0,0,0,0,0,0,0,0,0,0,0,0
LIRCMOP7_BC,1,ref_tau,4,0,0,NaN,0,0,NaN,NaN,0,0,3,0,NaN,NaN,NaN,NaN,NaN,NaN,NaN,NaN,zero,0,0,0,0,NaN,NaN,NaN,NaN,NaN,NaN,NaN,NaN,NaN,NaN,NaN,NaN,NaN,NaN,400,0,400,400,400,0,20,15,0,0,0,0,0,0,0,0,0,0,0,0,0,0,0
LIRCMOP7_BC,1,ref_tau,5,0,0,NaN,0,0,NaN,NaN,0,0,3,0,NaN,NaN,NaN,NaN,NaN,NaN,NaN,NaN,zero,0,0,0,0,NaN,NaN,NaN,NaN,NaN,NaN,NaN,NaN,NaN,NaN,NaN,NaN,NaN,NaN,400,0,400,400,400,0,10,9,0,0,0,0,0,0,0,0,0,0,0,0,0,0,0
LIRCMOP7_BC,1,ref_tau,6,0,0,NaN,0,0,NaN,NaN,0,0,3,0,NaN,NaN,NaN,NaN,NaN,NaN,NaN,NaN,zero,0,0,0,0,NaN,NaN,NaN,NaN,NaN,NaN,NaN,NaN,NaN,NaN,NaN,NaN,NaN,NaN,400,0,400,400,400,0,13,10,0,0,0,0,0,0,0,0,0,0,0,0,0,0,0
LIRCMOP7_BC,1,ref_tau,7,0,0,NaN,0,0,NaN,NaN,0,0,3,0,NaN,NaN,NaN,NaN,NaN,NaN,NaN,NaN,zero,0,0,0,0,NaN,NaN,NaN,NaN,NaN,NaN,NaN,NaN,NaN,NaN,NaN,NaN,NaN,NaN,400,0,400,400,400,0,22,13,0,0,0,0,0,0,0,0,0,0,0,0,0,0,0
LIRCMOP7_BC,1,ref_tau,8,0,0,NaN,0,0,NaN,NaN,0,0,3,0,NaN,NaN,NaN,NaN,NaN,NaN,NaN,NaN,zero,0,0,0,0,NaN,NaN,NaN,NaN,NaN,NaN,NaN,NaN,NaN,NaN,NaN,NaN,NaN,NaN,400,0,400,400,400,0,13,11,0,0,0,0,0,0,0,0,0,0,0,0,0,0,0
LIRCMOP7_BC,1,ref_tau,9,0,0,NaN,0,0,NaN,NaN,0,0,3,0,NaN,NaN,NaN,NaN,NaN,NaN,NaN,NaN,zero,0,0,0,0,NaN,NaN,NaN,NaN,NaN,NaN,NaN,NaN,NaN,NaN,NaN,NaN,NaN,NaN,400,0,400,400,400,0,25,16,0,0,0,0,0,0,0,0,0,0,0,0,0,0,0
LIRCMOP7_BC,1,ref_tau,10,0,0,NaN,0,0,NaN,NaN,0,0,3,0,NaN,NaN,NaN,NaN,NaN,NaN,NaN,NaN,zero,0,0,0,0,NaN,NaN,NaN,NaN,NaN,NaN,NaN,NaN,NaN,NaN,NaN,NaN,NaN,NaN,400,0,400,400,400,0,22,14,0,0,0,0,0,0,0,0,0,0,0,0,0,0,0
LIRCMOP7_BC,1,ref_tau,11,0,0,NaN,0,0,NaN,NaN,0,0,3,0,NaN,NaN,NaN,NaN,NaN,NaN,NaN,NaN,zero,0,0,0,0,NaN,NaN,NaN,NaN,NaN,NaN,NaN,NaN,NaN,NaN,NaN,NaN,NaN,NaN,400,0,400,400,400,0,34,15,0,0,0,0,0,0,0,0,0,0,0,0,0,0,0
LIRCMOP7_BC,1,ref_tau,12,0,0,NaN,0,0,NaN,NaN,0,0,3,0,NaN,NaN,NaN,NaN,NaN,NaN,NaN,NaN,zero,0,0,0,0,NaN,NaN,NaN,NaN,NaN,NaN,NaN,NaN,NaN,NaN,NaN,NaN,NaN,NaN,400,0,400,400,400,0,25,15,0,0,0,0,0,0,0,0,0,0,0,0,0,0,0
LIRCMOP7_BC,1,ref_tau,13,0,0,NaN,0,0,NaN,NaN,0,0,3,0,NaN,NaN,NaN,NaN,NaN,NaN,NaN,NaN,zero,0,0,0,0,NaN,NaN,NaN,NaN,NaN,NaN,NaN,NaN,NaN,NaN,NaN,NaN,NaN,NaN,400,0,400,400,400,0,35,17,0,0,0,0,0,0,0,0,0,0,0,0,0,0,0
LIRCMOP7_BC,1,ref_tau,14,0,0,NaN,0,0,NaN,NaN,0,0,3,0,NaN,NaN,NaN,NaN,NaN,NaN,NaN,NaN,zero,0,0,0,0,NaN,NaN,NaN,NaN,NaN,NaN,NaN,NaN,NaN,NaN,NaN,NaN,NaN,NaN,400,0,400,400,400,0,66,21,0,0,0,0,0,0,0,0,0,0,0,0,0,0,0
LIRCMOP7_BC,1,ref_tau,15,0,0,NaN,0,0,NaN,NaN,0,0,3,0,NaN,NaN,NaN,NaN,NaN,NaN,NaN,NaN,zero,0,0,0,0,NaN,NaN,NaN,NaN,NaN,NaN,NaN,NaN,NaN,NaN,NaN,NaN,NaN,NaN,400,0,400,400,400,0,54,24,0,0,0,0,0,0,0,0,0,0,0,0,0,0,0
LIRCMOP7_BC,1,ref_tau,16,0,0,NaN,0,0,NaN,NaN,0,0,3,0,NaN,NaN,NaN,NaN,NaN,NaN,NaN,NaN,zero,0,0,0,0,NaN,NaN,NaN,NaN,NaN,NaN,NaN,NaN,NaN,NaN,NaN,NaN,NaN,NaN,400,0,400,400,400,0,81,32,0,0,0,0,0,0,0,0,0,0,0,0,0,0,0
LIRCMOP7_BC,1,ref_tau,17,0,0,NaN,0,0,NaN,NaN,0,0,3,0,NaN,NaN,NaN,NaN,NaN,NaN,NaN,NaN,zero,0,0,0,0,NaN,NaN,NaN,NaN,NaN,NaN,NaN,NaN,NaN,NaN,NaN,NaN,NaN,NaN,400,0,400,400,400,0,60,36,0,0,0,0,0,0,0,0,0,0,0,0,0,0,0
LIRCMOP7_BC,1,ref_tau,18,0,0,NaN,0,0,NaN,NaN,0,0,3,0,NaN,NaN,NaN,NaN,NaN,NaN,NaN,NaN,zero,0,0,0,0,NaN,NaN,NaN,NaN,NaN,NaN,NaN,NaN,NaN,NaN,NaN,NaN,NaN,NaN,400,0,400,400,400,0,58,31,0,0,0,0,0,0,0,0,0,0,0,0,0,0,0
LIRCMOP7_BC,1,ref_tau,19,0,0,NaN,0,0,NaN,NaN,0,0,3,0,NaN,NaN,NaN,NaN,NaN,NaN,NaN,NaN,zero,0,0,0,0,NaN,NaN,NaN,NaN,NaN,NaN,NaN,NaN,NaN,NaN,NaN,NaN,NaN,NaN,400,0,400,400,400,0,77,39,0,0,0,0,0,0,0,0,0,0,0,0,0,0,0
LIRCMOP7_BC,1,ref_tau,20,0,0,NaN,0,0,NaN,NaN,0,0,3,0,NaN,NaN,NaN,NaN,NaN,NaN,NaN,NaN,zero,0,0,0,0,NaN,NaN,NaN,NaN,NaN,NaN,NaN,NaN,NaN,NaN,NaN,NaN,NaN,NaN,400,0,400,400,400,0,84,38,0,0,0,0,0,0,0,0,0,0,0,0,0,0,0
LIRCMOP7_BC,1,ref_tau,21,0,0,NaN,0,0,NaN,NaN,0,0,3,0,NaN,NaN,NaN,NaN,NaN,NaN,NaN,NaN,zero,0,0,0,0,NaN,NaN,NaN,NaN,NaN,NaN,NaN,NaN,NaN,NaN,NaN,NaN,NaN,NaN,400,0,400,400,400,0,111,43,0,0,0,0,0,0,0,0,0,0,0,0,0,0,0
LIRCMOP7_BC,1,ref_tau,22,9,1,0.05,9,0,0.0145020184707789,0.0234423274938869,9,13,3,0.00232498062516146,40,0.353864235049421,0.375669277689514,0.0946050165688271,0.207555982135543,0.444444444444444,1.38282978920336,21.4577947282658,random,5,8,13,13,1.44444444444444,0.308532016894445,0.310034051427638,0,0.315766609108805,227.520131808291,0.153846153846154,-0.0515072464588693,1,0.31079560338998,0.315635827396859,0.313889372445771,0.316134302186548,1,400,0,400,400,398,2,117,48,14,7,14,0,12,12,12,11,9,9,9,9,9,0,13
LIRCMOP7_BC,1,ref_tau,23,25,1,0.09,25,0,0.0130771271800452,0.0355804755965105,25,30,3,0.00645827951433738,40,0.292811284205364,0.39051367217515,0.240915694944337,0.385912630355282,0.48,1.34880195313028,20.6755500861254,random,10,20,30,30,1.2,0.29931196905376,0.301092589065025,0,0.305273349644803,NaN,0.3,-0.0378229082747342,1,0.301815730525305,0.305418181789856,0.305576513973506,0.305278612039326,1,400,9,418,418,406,12,138,50,22,9,157,0,25,25,25,25,25,25,25,25,25,0,30
LIRCMOP7_BC,1,ref_tau,24,17,1,0.06,17,0,0.0117779101113607,0.0155127946731685,17,30,3,0.00439163006974942,40,0.255757662869052,0.297460872022819,0.782689408630691,0.809094800484761,0.294117647058824,1.25880194198902,19.8306358198166,random,15,15,30,30,1.76470588235294,0.283078721315638,0.285058235474094,0,0.290156042161557,NaN,0.333333333333333,-0.0221155962192494,1,0.286044752516417,0.291984524977339,0.291594273260501,0.292220917215811,1,400,25,450,450,421,29,117,35,21,7,419,0,20,20,20,17,17,17,17,17,17,0,30
LIRCMOP7_BC,1,ref_tau,25,30,1,0.1,30,0,0.00939079723339645,0.012244898411431,30,30,3,0.00774993541720486,40,0.263752239999711,0.351441269558193,0.207555982135543,0.922553584812944,0.366666666666667,1.21268954233017,18.271318611685,random,10,20,30,30,1,0.256849403650911,0.264484350891587,0,0.268808664632808,NaN,0.533333333333333,0.00270480041461341,1,0.261087365440502,0.270706250438456,0.271258800218176,0.269809522308628,1,400,17,434,434,412,22,159,44,21,10,277,0,30,30,30,30,30,30,30,30,30,0,30
LIRCMOP7_BC,1,ref_tau,26,57,1,0.21,57,0,0.00883219222056717,0.0213347534822432,57,30,3,0.0147248772926892,22.4561403508772,0.263468908516405,0.423638715626839,0.117094979949715,0.705421661449478,0.385964912280702,1.142812967102,14.4158334477161,random,24,6,30,30,0.526315789473684,0.206627845365995,0.211049059432527,0,0.215516896035716,NaN,0.3,-0.0309279830811809,0.904761904761905,0.209972344259279,0.216219769219153,0.216687379024229,0.215552611728713,1,400,30,460,460,413,47,160,47,49,21,909,0,57,57,57,57,57,57,57,57,57,0,30
LIRCMOP7_BC,1,ref_tau,27,74,1,0.25,74,0,0.00969268735332755,0.0220261227416925,74,30,3,0.0191165073624386,17.2972972972973,0.292811284205364,0.438515556545651,0,0.918524777734832,0.243243243243243,1.1120301607841,10.4566040107088,random,30,0,30,30,0.405405405405405,0.159641340824026,0.16274939999797,0,0.169596653278137,NaN,0.533333333333333,0.00249583144961363,0.96,0.165290443204767,0.170739088129791,0.170739088129791,NaN,1,400,57,514,514,434,80,209,49,58,26,1432,0,76,76,76,76,74,74,74,74,74,0,30
LIRCMOP7_BC,1,ref_tau,28,67,1,0.23,67,0,0.00720703183245564,0.018437447091124,67,30,3,0.0173081890984242,19.1044776119403,0.297032164472281,0.419123424584677,0.207555982135543,0.705421661449478,0.26865671641791,1.13189886223253,9.13965435599555,random,26,4,30,30,0.447761194029851,0.136446368158365,0.157573089946361,0,0.165142050744275,NaN,0.6,0.0164310802073444,0.869565217391304,0.150941067205491,0.165988717824683,0.167572113403521,0.163991460990059,1,400,74,548,548,451,97,183,48,59,25,1674,0,75,75,75,73,67,67,67,67,67,0,30
LIRCMOP7_BC,1,ref_tau,29,69,1,0.23,69,0,0.00613376384785178,0.0148425474769139,69,30,3,0.0178248514595712,18.5507246376812,0.349018304066964,0.444026943119811,0,0.860095954203323,0.101449275362319,1.14684542591083,8.4590984834019,random,30,0,30,30,0.434782608695652,0.132627972662603,0.138078232063737,0,0.166837750544653,NaN,0.666666666666667,0.0150763064602086,0.956521739130435,0.146569208677669,0.167627137877753,0.167627137877753,NaN,1,400,67,534,534,438,96,205,46,67,28,1407,0,83,83,83,83,69,69,69,69,69,0,30
LIRCMOP7_BC,1,ref_tau,30,73,1,0.25,73,0,0.0050263009363918,0.0124325880309748,73,30,3,0.0188581761818652,17.5342465753425,0.368429376574437,0.462572363062304,0,0.918524777734832,0.0821917808219178,1.16841665106383,17.208054454791,random,30,0,30,30,0.410958904109589,0.278931212895378,0.30306687149888,0,0.334114795546203,NaN,0.766666666666667,0.0216988416022138,0.96,0.294762220139231,0.33505373576546,0.33505373576546,NaN,1,400,69,538,538,442,96,220,50,67,29,1351,0,86,86,86,84,73,73,73,73,73,0,30
LIRCMOP7_BC,1,ref_tau,31,79,1,0.27,79,0,0.00487854085965577,0.0116002598341445,79,30,3,0.0204081632653061,16.2025316455696,0.368429376574437,0.462572363062304,0,0.484030926412047,0.113924050632911,1.24219506969397,21.4878648265243,random,30,0,30,30,0.379746835443038,0.347033172545134,0.375101800199389,0,0.400747999112318,NaN,0.6,0.0120404008772891,0.814814814814815,0.361681319653806,0.401138668144798,0.401138668144798,NaN,1,400,73,546,546,443,103,153,50,77,37,1624,0,101,101,101,98,79,79,79,79,79,0,30
LIRCMOP7_BC,1,ref_tau,32,82,1,0.28,82,0,0.00423048028367148,0.010165440926757,82,30,3,0.0211831568070266,15.609756097561,0.371020834744786,0.468759898282916,0,0.705421661449478,0.0731707317073171,1.27469843419931,14.2432698047409,random,30,0,30,30,0.365853658536585,0.225288357144181,0.238045573352259,0,0.250144477159024,NaN,0.566666666666667,0.00698726683972106,0.928571428571429,0.23013979693394,0.250572407607247,0.250572407607247,NaN,1,400,79,558,558,422,136,169,49,77,36,2349,0,101,101,101,97,82,82,82,82,82,0,30
LIRCMOP7_BC,1,ref_tau,33,87,1,0.29,87,0,0.00415859194745839,0.0104951491229978,87,30,3,0.0224748127098941,14.7126436781609,0.361924351578428,0.465715546540834,-0,0.719800535734073,0.103448275862069,1.19366116538384,7.18524696065489,random,29,1,30,30,0.344827586206897,0.100235176978319,0.104718934094143,0,0.110233635834582,NaN,0.5,0.00521737271990785,0.793103448275862,0.102428895180104,0.111317398118796,0.111421058704363,0.101166819426306,1,400,82,564,564,439,125,212,53,73,35,2038,0,99,99,99,95,87,87,87,87,87,0,30
LIRCMOP7_BC,1,ref_tau,34,93,1,0.31,93,0,0.00380059081965258,0.0097481909118724,93,30,3,0.0240247997933351,13.7634408602151,0.368429376574437,0.48063336932405,0,0.719800535734073,0.0967741935483871,1.10330622990049,7.61666620149675,random,30,0,30,30,0.32258064516129,0.103257255336574,0.121509427397806,0,0.133246084465276,NaN,0.666666666666667,0.0132360013253923,0.935483870967742,0.110946471394184,0.134546384009904,0.134546384009904,NaN,1,400,87,574,574,439,135,206,52,75,38,2408,0,112,112,112,112,93,93,93,93,93,0,30
LIRCMOP7_BC,1,ref_tau,35,105,1,0.35,105,0,0.00351985569308095,0.00927474375862395,105,30,3,0.027124773960217,12.1904761904762,0.371020834744786,0.518369358485592,0,0.719800535734073,0.0857142857142857,1.31234498341571,16.2582704897312,random,29,1,30,30,0.285714285714286,0.262377758240966,0.290279832782549,0,0.306416818531465,NaN,0.3,-0.0310117972546896,0.771428571428571,0.268130043449379,0.307065120768007,0.307793408630853,0.268275041779314,1,400,93,586,586,444,142,220,56,79,44,2603,0,127,127,127,127,105,105,105,105,105,0,30
LIRCMOP7_BC,1,ref_tau,36,105,1,0.36,105,0,0.0040257440852518,0.0145670893791553,105,30,3,0.027124773960217,12.1904761904762,0.383931721611082,0.543426520494204,0,0.719800535734073,0.0761904761904762,1.52086154173246,21.5688203344593,random,30,0,30,30,0.285714285714286,0.39165013764138,0.413719750923147,0,0.435606364136667,NaN,0.366666666666667,-0.0177055011226304,0.777777777777778,0.411606685941418,0.43658583516986,0.43658583516986,NaN,1,400,105,610,610,448,162,228,53,77,43,3474,0,128,128,128,122,105,105,105,105,105,0,30
LIRCMOP7_BC,1,ref_tau,37,116,1,0.4,116,0,0.00389911385477522,0.00963632261349717,116,30,3,0.0299664169465254,11.0344827586207,0.398220318995396,0.51868993119178,0,0.918524777734832,0.155172413793103,1.66491150169895,26.2727242563891,random,30,0,30,30,0.258620689655172,0.423128427963015,0.452364439107039,0,0.477934602954457,NaN,0.3,-0.0104002162553817,0.675,0.431790144232683,0.47876914737003,0.47876914737003,NaN,1,400,105,610,610,455,155,239,58,80,44,2981,0,130,130,130,130,116,116,116,116,116,0,30
LIRCMOP7_BC,1,ref_tau,38,111,1,0.37,111,0,0.00334631051075788,0.00849202919927158,111,30,3,0.028674761043658,11.5315315315315,0.387789138239282,0.529313913444521,0,0.0921473921776948,0.027027027027027,1.36368374134503,20.5311703204198,random,30,0,30,30,0.27027027027027,0.344197631605117,0.356846196280088,0,0.35993378473258,NaN,0.566666666666667,0.00314778441100061,0.810810810810811,0.358019164765108,0.360414939827992,0.360414939827992,NaN,1,400,116,632,632,457,175,233,54,83,44,3407,0,132,132,132,129,111,111,111,111,111,0,30
LIRCMOP7_BC,1,ref_tau,39,135,1,0.45,135,0,0.00404915728671925,0.0117457390860657,135,30,3,0.0348747093774219,9.48148148148148,0.361924351578428,0.520397897460517,0,0.918524777734832,0.133333333333333,1.17389389590331,12.5600408301177,random,30,0,30,30,0.222222222222222,0.184365477148803,0.194293914609561,0,0.198649602992113,NaN,0.666666666666667,0.0203833429073134,0.666666666666667,0.188042908691207,0.198901517099938,0.198901517099938,NaN,1,400,111,622,622,455,167,268,61,82,48,3455,0,144,144,144,144,135,135,135,135,135,0,30
LIRCMOP7_BC,1,ref_tau,40,129,1,0.43,129,0,0.00424197679788572,0.0105320725039074,129,30,3,0.0333247222939809,9.92248062015504,0.383931721611082,0.529313913444521,0,0.918524777734832,0.0930232558139535,1.24100150607397,8.92643582481711,random,30,0,30,30,0.232558139534884,0.129805945367306,0.142491957046222,0,0.17810516086745,NaN,0.6,0.012992686523755,0.651162790697674,0.135684738848169,0.179295325492875,0.179295325492875,NaN,1,400,135,670,670,477,193,290,60,81,48,4460,0,144,144,144,144,129,129,129,129,129,0,30
LIRCMOP7_BC,1,ref_tau,41,141,1,0.47,141,0,0.0034972836450264,0.00901385117076942,141,30,3,0.0364246964608628,9.07801418439716,0.390774294345209,0.543426520494204,0,0.705421661449478,0.099290780141844,1.36132457924613,15.8278448976266,random,30,0,30,30,0.212765957446809,0.252167684552666,0.271617053672072,0,0.330082699228685,NaN,0.533333333333333,0.00426044278180415,0.680851063829787,0.279498101571999,0.331597846143501,0.331597846143501,NaN,1,400,129,658,658,479,179,260,60,90,55,3832,0,164,164,164,163,141,141,141,141,141,0,30
LIRCMOP7_BC,1,ref_tau,42,138,1,0.46,138,0,0.00378387684158016,0.0110784635703092,138,30,3,0.0356497029191423,9.27536231884058,0.368350634487544,0.529313913444521,0,0.918524777734832,0.173913043478261,1.39872058297097,16.7808878381766,random,30,0,30,30,0.217391304347826,0.243139938869924,0.273100914018205,0,0.288010750229211,NaN,0.433333333333333,-0.00341066288723657,0.695652173913043,0.25549402374675,0.289845359747144,0.289845359747144,NaN,1,400,141,682,682,477,205,264,57,93,53,4682,0,158,158,158,158,138,138,138,138,138,0,30
LIRCMOP7_BC,1,ref_tau,43,150,1,0.5,150,0,0.00379134735829465,0.0110086546430324,150,30,3,0.0387496770860243,8.53333333333333,0.355471327822696,0.524855905452519,0.115287246185798,0.918524777734832,0.273333333333333,1.22565590050731,9.21268981919146,random,29,1,30,30,0.2,0.118164878229111,0.163704156621599,0,0.176107287583051,NaN,0.3,-0.0116552284296999,0.66,0.141276617832316,0.177516191392457,0.177651423776222,0.112753745558199,1,400,138,676,676,467,209,270,64,93,59,4659,0,172,172,172,170,150,150,150,150,150,0,30
LIRCMOP7_BC,1,ref_tau,44,73,1,0.25,73,0,0.00449821603627364,0.0159544028850197,73,30,3,0.0188581761818652,17.5342465753425,0.320367341242795,0.468759898282916,0.0263206671488914,0.878980400649623,0.246575342465753,1.12380473580405,7.71099534010595,random,30,0,30,30,0.410958904109589,0.0814262194306289,0.0952215398412659,0,0.156353786105053,NaN,0.933333333333333,0.0509222893651021,0.6,0.115129466110302,0.159438452943395,0.159438452943395,NaN,1,400,150,700,700,487,213,195,38,91,33,2397,59,93,93,93,81,73,73,73,73,73,0,30
LIRCMOP7_BC,1,ref_tau,45,61,1,0.21,61,0,0.00942713510399742,0.033091345738725,61,30,3,0.0157582020149832,20.983606557377,0.278032305488829,0.374397807311633,0.186132053796448,0.878980400649623,0.409836065573771,1.07878962465261,5.99808916965964,random,30,0,30,30,0.491803278688525,0.0702700981822056,0.0859902648148973,0,0.112752007778706,NaN,0.9,0.0306890033035982,0.523809523809524,0.0786936654899783,0.114418784619563,0.114418784619563,NaN,1,400,73,546,546,414,132,176,36,90,29,1943,10,76,76,76,76,61,61,61,61,61,0,30
LIRCMOP7_BC,1,ref_tau,46,48,1,0.18,48,0,0.00733891715361045,0.0178166108898166,48,30,3,0.0123998966675278,26.6666666666667,0.270040914135468,0.343920177396847,0.108205541037875,0.870556696710602,0.333333333333333,0.958532663082519,4.23805944204772,random,30,0,30,30,0.625,0.0571892261172249,0.0645396720633727,0,0.0678512132003686,NaN,0.0333333333333333,-0.0294250551160275,0.388888888888889,0.0616212560629307,0.0700284945194622,0.0700284945194622,NaN,1,400,61,522,522,389,133,185,32,90,26,2715,102,60,60,60,54,48,48,48,48,48,0,30
LIRCMOP7_BC,1,ref_tau,47,47,1,0.18,47,0,0.0104436058068381,0.0418369339393931,47,30,3,0.0121415654869543,27.2340425531915,0.277804366963468,0.361428226727966,0.285694846415932,0.866280985798384,0.404255319148936,0.96165081619678,4.1225877491339,random,30,0,30,30,0.638297872340426,0.0463844070829169,0.0543028727593628,0,0.0552388457459533,NaN,0,-0.0760580203000396,0.277777777777778,0.0538308549243617,0.0578339069357196,0.0578339069357196,NaN,1,400,48,496,496,375,121,141,29,94,25,1297,127,56,56,56,55,47,47,47,47,47,0,30
LIRCMOP7_BC,1,ref_tau,48,50,1,0.18,50,0,0.00914737359734006,0.0319527416863989,50,30,3,0.0129165590286748,25.6,0.273741017968861,0.361428226727966,0.447006432587356,0.942525678898376,0.44,0.970368790535898,4.20739334907157,random,30,0,30,30,0.6,0.0478953551373807,0.0512029470120249,0,0.0526399742181097,NaN,0.0333333333333333,-0.0720549584823083,0.277777777777778,0.054435440708418,0.058821816913725,0.058821816913725,NaN,1,400,47,494,494,379,115,125,28,93,24,1701,90,56,56,56,56,50,50,50,50,50,0,30
LIRCMOP7_BC,1,ref_tau,49,61,1,0.22,61,0,0.00865130984008906,0.0316089750373492,61,30,3,0.0157582020149832,20.983606557377,0.258174042677628,0.376559910717086,0.198724487665826,0.857178031510719,0.360655737704918,0.958206809491064,5.49501367020519,random,30,0,30,30,0.491803278688525,0.0658800793159205,0.0711990040870153,0,0.096353781675569,NaN,0.2,-0.0421529616439828,0.318181818181818,0.0761410956775237,0.096353781675569,0.096353781675569,NaN,1,400,50,500,500,364,136,137,33,95,29,1458,100,77,77,77,74,61,61,61,61,61,0,30
LIRCMOP7_BC,1,ref_tau,50,74,1,0.26,74,0,0.00775703479538247,0.0260723186699687,74,30,3,0.0191165073624386,17.2972972972973,0.244873006890553,0.330164980449067,0,0.620001702622659,0.216216216216216,1.08294020913564,8.80761542212129,random,30,0,30,30,0.405405405405405,0.0992749231979517,0.105528018055691,0,0.158008143735485,NaN,0.166666666666667,-0.0314207360668552,0.423076923076923,0.154063292812769,0.158467030749077,0.158467030749077,NaN,1,400,61,522,522,362,160,200,36,100,36,2315,101,98,98,98,90,74,74,74,74,74,0,30
LIRCMOP7_BC,1,ref_tau,51,76,1,0.26,76,0,0.00648716565032199,0.0180024435006481,76,30,3,0.0196331697235856,16.8421052631579,0.251618263178802,0.361496532433042,0.147722811268711,1,0.302631578947368,1.13973850652947,10.8986583838092,random,30,0,30,30,0.394736842105263,0.106826588267681,0.15016387388127,0,0.210232385775821,NaN,0.666666666666667,0.00917299569161967,0.538461538461538,0.159055513392606,0.210232385775821,0.210232385775821,NaN,1,400,74,548,548,378,170,190,35,95,33,3349,141,89,89,89,89,76,76,76,76,76,0,30
LIRCMOP7_BC,1,ref_tau,52,98,1,0.34,98,0,0.0070581509143214,0.0295548429641118,98,30,3,0.0253164556962025,13.0612244897959,0.266780618033245,0.369131807399732,0.2940374003375,1,0.397959183673469,1.01484119018249,8.23373583510059,random,30,0,30,30,0.306122448979592,0.0920173782752172,0.0949231796404238,0,0.152566050896229,NaN,0.6,0.0209633871182717,0.5,0.148153408128131,0.154181451623032,0.154181451623032,NaN,1,400,76,552,552,367,185,185,41,100,41,3204,60,118,118,118,117,98,98,98,98,98,0,30
LIRCMOP7_BC,1,ref_tau,53,99,1,0.33,99,0,0.00449708101828089,0.0221764339821767,99,30,3,0.025574786876776,12.9292929292929,0.238855620577333,0.375867529102171,0.188820746750521,0.936985219266436,0.303030303030303,0.952258114943281,7.96619928904148,random,30,0,30,30,0.303030303030303,0.078703750784178,0.0971027054968477,0,0.161315868866596,NaN,0.566666666666667,0.0106101071835137,0.424242424242424,0.138868166727677,0.161746519952138,0.161746519952138,NaN,1,400,98,596,596,396,200,200,46,100,46,3375,119,132,132,132,123,99,99,99,99,99,0,30
LIRCMOP7_BC,1,ref_tau,54,102,1,0.34,102,0,0.00430395966446762,0.0225967717982245,102,30,3,0.0263497804184965,12.5490196078431,0.232762152438828,0.321430317128789,0.0927914510114608,0.936985219266436,0.264705882352941,0.86189590696337,6.68337974123101,random,30,0,30,30,0.294117647058824,0.0719083006744342,0.0766535387599699,0,0.136313876252465,NaN,0.833333333333333,0.0203458862691876,0.411764705882353,0.13376158390259,0.14255597063605,0.14255597063605,NaN,1,400,99,598,598,417,181,276,48,100,48,4225,66,139,139,139,133,102,102,102,102,102,0,30
LIRCMOP7_BC,1,ref_tau,55,105,1,0.35,105,0,0.00450333330530152,0.0134694021673772,105,30,3,0.027124773960217,12.1904761904762,0.247347291787852,0.371307602434598,0.12389105307587,0.788880335525435,0.257142857142857,0.885583577913758,6.23780744788875,random,30,0,30,30,0.285714285714286,0.0700084018631193,0.0744489909303092,0,0.125334883285452,NaN,0.633333333333333,0.00312708273651735,0.428571428571429,0.122945869985388,0.128466662228917,0.128466662228917,NaN,1,400,102,604,604,435,169,266,49,100,49,3682,75,138,138,138,132,105,105,105,105,105,0,30
LIRCMOP7_BC,1,ref_tau,56,127,1,0.43,127,0,0.00451125816647144,0.0161438737356971,127,30,3,0.0328080599328339,10.0787401574803,0.237627240302774,0.364361382271507,0,0.54373746997002,0.236220472440945,0.739191570012329,3.61837328334995,random,30,0,30,30,0.236220472440945,0.0529820359812493,0.0590578657544507,0,0.0615621937938697,NaN,0.7,0.0124624607786287,0.395348837209302,0.0597169566958741,0.0620470035113925,0.0620470035113925,NaN,1,400,105,610,610,414,196,279,59,95,54,4466,112,150,150,150,150,127,127,127,127,127,0,30
LIRCMOP7_BC,1,ref_tau,57,135,1,0.47,135,0,0.00391329352935119,0.0121561213871813,135,30,3,0.0348747093774219,9.48148148148148,0.260724400027742,0.384604067303228,0.172588323331859,0.843018581436903,0.311111111111111,0.761475681741876,4.42112949963347,random,30,0,30,17,0.222222222222222,0.0200220917056733,0.0530123931250602,0,0.105899065827161,NaN,0.466666666666667,-0.000858657909967697,0.297872340425532,0.0636945513370769,0.109650236489773,0.109650236489773,NaN,0.566666666666667,400,127,654,654,431,223,288,59,100,59,5892,102,177,177,177,167,135,135,135,135,135,0,30
LIRCMOP7_BC,1,ref_tau,58,143,1,0.48,143,0,0.00350742882822315,0.0130278841755825,143,30,3,0.0369413588220098,8.95104895104895,0.254496591770716,0.387918816468764,0.188820746750521,0.860759546981534,0.293706293706294,0.957375092258229,6.82760588898151,random,30,0,30,30,0.20979020979021,0.0583747084872136,0.0984394184339277,0,0.142225693523328,NaN,0.4,-0.00785092102865653,0.625,0.102759413427296,0.142945316837273,0.142945316837273,NaN,1,400,135,670,670,429,241,276,60,100,60,5700,165,175,175,175,175,143,143,143,143,143,0,30
LIRCMOP7_BC,1,ref_tau,59,112,1,0.38,112,0,0.00285513892569538,0.00744586216027881,112,30,3,0.0289330922242315,11.4285714285714,0.283773892742362,0.404618194743228,0,0.743532096993051,0.133928571428571,0.708943140957196,2.91324461210359,random,30,0,30,8,0.267857142857143,0.0143401181469436,0.0449194907218196,0,0.0667136079959127,NaN,0.5,6.93414525974045e-05,0.0789473684210526,0.0362921441327868,0.0677953954064609,0.0677953954064609,NaN,0.266666666666667,400,143,686,686,451,235,267,56,100,56,5382,227,163,163,163,150,112,112,112,112,112,0,30
LIRCMOP7_BC,1,ref_tau,60,118,1,0.4,118,0,0.00316946236326574,0.00716317900340658,118,30,3,0.0304830793076724,10.8474576271186,0.282230879553824,0.403118921450636,0,0.792961642117527,0.110169491525424,0.589693943238019,1.50696418797227,random,30,0,30,0,0.254237288135593,0.0107567009111313,0.0125406769704939,0,0.0328648660079953,NaN,0.433333333333333,-0.00424182107349774,0,0.0296145600099733,0.0432451749135165,0.0432451749135165,NaN,0,400,112,624,624,421,203,250,57,100,57,4608,135,164,164,164,160,118,118,118,118,118,0,30
LIRCMOP7_BC,1,ref_tau,61,130,1,0.44,130,0,0.00295861349892648,0.00820191461465766,130,30,3,0.0335830534745544,9.84615384615385,0.265222107128872,0.386477438502492,0,0.610696037396488,0.107692307692308,0.571200943351105,2.46001488444179,random,30,0,30,25,0.230769230769231,0.0287909558474663,0.0308239220911858,0,0.0339441393646979,NaN,0.7,0.0111224104261754,0.431818181818182,0.0309893233749162,0.0346995254754881,0.0346995254754881,NaN,0.833333333333333,400,118,636,636,418,218,245,58,100,58,5023,101,171,171,171,168,130,130,130,130,130,0,30
LIRCMOP7_BC,1,ref_tau,62,147,1,0.49,147,0,0.00412713651855677,0.00986725045466666,147,30,3,0.0379746835443038,8.70748299319728,0.282230879553824,0.403064412533998,0,0.907257216022085,0.136054421768707,0.588554216922685,2.69075608196869,random,27,3,30,30,0.204081632653061,0.0326296266946941,0.0358076296489959,0,0.0404547479527735,NaN,0.633333333333333,0.00859367803648967,0.653061224489796,0.0378571496963777,0.0408535997454026,0.040859725552372,0.0399983245821826,1,400,130,660,660,419,241,299,65,100,65,6631,81,188,188,188,182,147,147,147,147,147,0,30
LIRCMOP7_BC,1,ref_tau,63,149,1,0.51,149,0,0.00364151870382783,0.0110078894624674,149,30,3,0.0384913459054508,8.59060402684564,0.265671424307812,0.403615262969339,0,0.611909366896914,0.147651006711409,0.655228595324706,4.02375162514722,random,30,0,30,30,0.201342281879195,0.0402064662701443,0.0429205706642698,0,0.0740635623827886,NaN,0.866666666666667,0.0290641968510721,0.470588235294118,0.0724739582356749,0.0781055994883668,0.0781055994883668,NaN,1,400,147,694,694,426,268,229,64,100,64,5898,11,192,192,192,187,149,149,149,149,149,0,30
LIRCMOP7_BC,1,ref_tau,64,144,1,0.48,144,0,0.00257533961137578,0.00493647746150619,144,30,3,0.0371996900025833,8.88888888888889,0.285990467954875,0.437132615451164,-0,0.650172441747978,0.131944444444444,0.582382075282902,3.50930124848475,random,30,0,30,10,0.208333333333333,0.028197096983019,0.0322842990915709,0,0.0581917030441411,NaN,0.8,0.0239491119343949,0.125,0.0439757952205166,0.0651731244196881,0.0651731244196881,NaN,0.333333333333333,400,149,698,698,442,256,284,62,100,62,6867,23,182,182,182,181,144,144,144,144,144,0,30
LIRCMOP7_BC,1,ref_tau,65,159,1,0.53,159,0,0.00202692097201685,0.00679441398194874,159,30,3,0.0410746577111857,8.05031446540881,0.286157019129024,0.442630707045182,0,0.886706094090516,0.150943396226415,0.516527989128166,2.11032730462496,random,30,0,30,0,0.188679245283019,0.0105581064026789,0.0158489415163443,0,0.0418122621909058,NaN,0.533333333333333,0.000251696548088209,0,0.0310672438102746,0.0509785217172889,0.0509785217172889,NaN,0,400,144,688,688,453,235,288,67,100,67,6330,17,201,201,201,200,159,159,159,159,159,0,30
LIRCMOP7_BC,1,ref_tau,66,154,1,0.52,154,0,0.00219098449521462,0.00683393016161367,154,30,3,0.0397830018083183,8.31168831168831,0.286157019129024,0.418502442915532,0,0.989667776746411,0.194805194805195,0.560482705673103,2.32048425730908,random,30,0,30,9,0.194805194805195,0.00407695145955592,0.00906779873524894,0,0.0279952710413448,NaN,0.5,0.00103928259881231,0.288461538461538,0.0193377493875795,0.0331269860456295,0.0331269860456295,NaN,0.3,400,159,718,718,450,268,283,63,100,63,6863,25,189,189,189,180,154,154,154,154,154,0,30
LIRCMOP7_BC,1,ref_tau,67,156,1,0.52,156,0,0.0026938907825541,0.00615144057411965,156,30,3,0.0402996641694653,8.2051282051282,0.281930788105509,0.418005717378473,0,0.873660412680793,0.134615384615385,0.503501290112437,1.74404397993092,random,30,0,30,15,0.192307692307692,0.00245287651458914,0.00423603306876578,0,0.0311955562729032,NaN,0.766666666666667,0.0524904380379719,0.269230769230769,0.0327736936013012,0.049651842549189,0.049651842549189,NaN,0.5,400,154,708,708,461,247,285,67,95,62,6709,7,183,183,183,176,156,156,156,156,156,0,30
LIRCMOP7_BC,1,ref_tau,68,173,1,0.58,173,0,0.00219305969621521,0.00690866976188775,173,30,3,0.0446912942392147,7.39884393063584,0.283241025487544,0.423009839855128,0,0.743495816372139,0.15028901734104,0.506773724788291,2.14185382191064,random,29,1,30,1,0.173410404624277,0.00859613601601917,0.0112422894644036,0,0.0362516367608194,NaN,0.733333333333333,0.0246542932963367,0.0344827586206897,0.0196625728935132,0.0379582723400079,0.0381781966804138,0.0237291971487937,0.0333333333333333,400,156,712,712,460,252,322,71,100,71,7352,23,212,212,212,211,173,173,173,173,173,0,30
LIRCMOP7_BC,1,ref_tau,69,153,1,0.51,153,0,0.002100416204076,0.00579745582256891,153,30,3,0.0395246706277448,8.36601307189543,0.286157019129024,0.423009839855128,0,0.743495816372139,0.0980392156862745,0.496288379514552,2.27551521756542,random,30,0,30,25,0.196078431372549,0.000816511730441282,0.00271902836554454,0,0.0290210662923238,NaN,0.566666666666667,0.00888262522119407,0.411764705882353,0.0151863301154734,0.0333321358090238,0.0333321358090238,NaN,0.833333333333333,400,173,746,746,474,272,293,65,100,65,7747,6,195,195,195,186,153,153,153,153,153,0,30
LIRCMOP7_BC,1,ref_tau,70,153,1,0.51,153,0,0.00205210698423607,0.00643269666687265,153,30,3,0.0395246706277448,8.36601307189543,0.283241025487544,0.425952369713737,-0,0.672305202717269,0.117647058823529,0.437163052576433,2.32730494065365,random,30,0,30,12,0.196078431372549,0.00381789911719617,0.00639339673923325,0,0.0209860746986107,NaN,0.566666666666667,0.0118116824493337,0.313725490196078,0.0170423885236626,0.034937241185046,0.034937241185046,NaN,0.4,400,153,706,706,437,269,327,66,100,66,7701,17,198,198,198,183,153,153,153,153,153,0,30
LIRCMOP7_BC,1,ref_tau,71,171,1,0.57,171,0,0.00172199390473641,0.00485413211098895,171,30,3,0.0441746318780677,7.48538011695906,0.304914878646369,0.459814502371889,0,0.816136946960696,0.0701754385964912,0.520292584402765,2.21508367414258,random,30,0,30,0,0.175438596491228,0.0169808197581633,0.0228947169468899,0,0.0493166113899063,NaN,0.8,0.0268036519124855,0,0.0331877117435894,0.0570368292557089,0.0570368292557089,NaN,0,400,153,706,706,458,248,302,71,100,71,6774,13,213,213,213,204,171,171,171,171,171,0,30
LIRCMOP7_BC,1,ref_tau,72,150,1,0.5,150,0,0.00239126404373333,0.00614356962059028,150,30,3,0.0387496770860243,8.53333333333333,0.308002341765359,0.448473558911527,0,0.743495816372139,0.04,0.508555291459486,2.03576727136833,random,30,0,30,0,0.2,0.0114361709441746,0.0140337698902066,0,0.0558695283009603,NaN,0.9,0.0304220332196224,0,0.041364292904525,0.0570802839238943,0.0570802839238943,NaN,0,400,171,742,742,477,265,341,65,92,58,9063,31,171,171,171,171,150,150,150,150,150,0,30
LIRCMOP7_BC,1,ref_tau,73,173,1,0.59,173,0,0.00211543159804279,0.00548202884405387,173,30,3,0.0446912942392147,7.39884393063584,0.324985483820044,0.455661321677992,0,0.611909366896914,0.0867052023121387,0.469812751143366,2.2463549543697,random,30,0,30,0,0.173410404624277,0.0204470303203331,0.0219599016926331,0,0.0376467917755812,NaN,0.7,0.0216721292969616,0,0.0244278806356047,0.039047327021051,0.039047327021051,NaN,0,400,150,700,700,450,250,324,71,100,71,6936,16,212,212,212,206,173,173,173,173,173,0,30
LIRCMOP7_BC,1,ref_tau,74,168,1,0.56,168,0,0.00180044616610036,0.00530553733444274,168,30,3,0.0433996383363472,7.61904761904762,0.334314311514136,0.464642851407531,0,0.485806408289007,0.0892857142857143,0.454948070179716,2.20031969099012,random,30,0,30,4,0.178571428571429,0.00435205837072731,0.00564453229217314,0,0.0462991989912882,NaN,0.766666666666667,0.0186877798223116,0.0357142857142857,0.0317339559701821,0.0605946519571127,0.0605946519571127,NaN,0.133333333333333,400,173,746,746,469,277,349,69,100,69,8261,5,207,207,207,207,168,168,168,168,168,0,30
LIRCMOP7_BC,1,ref_tau,75,149,1,0.5,149,0,0.00231487632726096,0.00624194788490625,149,30,3,0.0384913459054508,8.59060402684564,0.324985483820044,0.464920490790124,0,0.687307654059628,0.100671140939597,0.458215283519259,2.30942939258179,random,30,0,30,0,0.201342281879195,0.00596152834599549,0.00900868742669035,0,0.0637618123040497,NaN,0.433333333333333,-0.00506160864364416,0,0.0412575827515683,0.0643587884734575,0.0643587884734575,NaN,0,400,168,736,736,473,263,322,68,90,58,9732,6,167,167,167,167,149,149,149,149,149,0,30
LIRCMOP7_BC,1,ref_tau,76,150,1,0.5,150,0,0.00158221172614387,0.00423436264349024,150,30,3,0.0387496770860243,8.53333333333333,0.324985483820044,0.464874217559691,0,0.743495816372139,0.1,0.474180754206014,1.94572384415816,random,30,0,30,9,0.2,0.00334606350949839,0.00626093646392339,0,0.0265477257415832,NaN,0.6,0.00746601226352531,0.2,0.0267925536779557,0.0438812005472303,0.0438812005472303,NaN,0.3,400,149,698,698,440,258,277,67,92,59,7017,32,172,172,172,169,150,150,150,150,150,0,30
LIRCMOP7_BC,1,ref_tau,77,162,1,0.54,162,0,0.00198318008341139,0.00633522006316954,162,30,3,0.0418496512529062,7.90123456790123,0.318037644352197,0.465105583711852,0,0.819547660097336,0.12962962962963,0.425409633545889,1.78538424491137,random,30,0,30,5,0.185185185185185,0.00406202516984541,0.00671976884535043,0,0.0320641370342022,NaN,0.533333333333333,0.00152824569052665,0.0555555555555556,0.0233661724780808,0.0435642791051968,0.0435642791051968,NaN,0.166666666666667,400,150,700,700,451,249,325,68,94,62,6865,35,180,180,180,177,162,162,162,162,162,0,30
LIRCMOP7_BC,1,ref_tau,78,144,1,0.48,144,0,0.00206451516263508,0.00558359915433339,144,30,3,0.0371996900025833,8.88888888888889,0.318037644352197,0.464642851407531,0,0.743495816372139,0.166666666666667,0.466830741173394,1.70075554069975,random,30,0,30,0,0.208333333333333,0.0042765876792176,0.00611631731225502,0,0.0279471825695463,NaN,0.133333333333333,-0.0274204251534319,0,0.0347432886022787,0.0488831362786803,0.0488831362786803,NaN,0,400,162,724,724,465,259,327,66,88,55,8908,31,158,158,158,158,144,144,144,144,144,0,30
LIRCMOP7_BC,1,ref_tau,79,162,1,0.54,162,0,0.00159194181999262,0.00486093488882072,162,30,3,0.0418496512529062,7.90123456790123,0.318037644352197,0.474436202836304,0,0.743495816372139,0.12962962962963,0.429922087628094,2.1123725505791,random,30,0,30,0,0.185185185185185,0.00506217143760501,0.00605511521518907,0,0.0223065000858678,NaN,0.333333333333333,-0.00503594871445964,0,0.0228698479238087,0.042853251294716,0.042853251294716,NaN,0,400,144,688,688,455,233,295,70,94,64,5775,16,183,183,183,183,162,162,162,162,162,0,30
LIRCMOP7_BC,1,ref_tau,80,132,1,0.44,132,0,0.0024616065827563,0.00720495036300113,132,30,3,0.0340997158357014,9.6969696969697,0.337177323646027,0.464642851407531,0,0.687307654059628,0.136363636363636,0.399278528455003,1.78362503317159,random,30,0,30,0,0.227272727272727,0.00644080526457858,0.00733421728198838,0,0.0231087094308183,NaN,0.0666666666666667,-0.0198509131310529,0,0.0335555365037672,0.0459398869080636,0.0459398869080636,NaN,0,400,162,724,724,474,250,319,64,86,52,9941,23,139,139,139,139,132,132,132,132,132,0,30
LIRCMOP7_BC,1,ref_tau,81,144,1,0.49,144,0,0.00232337024157596,0.0076341568432208,144,30,3,0.0371996900025833,8.88888888888889,0.346656656050466,0.503412253226104,0,0.69147973331147,0.180555555555556,0.4517839042645,2.03358914679211,random,30,0,30,25,0.208333333333333,0.00126936601766465,0.00242743562288462,0,0.025152943552779,NaN,0.166666666666667,-0.0253242899038694,0.142857142857143,0.0254608626976498,0.0403514288642669,0.0403514288642669,NaN,0.833333333333333,400,132,664,664,435,229,281,64,85,51,7786,10,149,149,149,149,144,144,144,144,144,0,30
LIRCMOP7_BC,1,ref_tau,82,138,1,0.46,138,0,0.0026497813036949,0.00774347490305219,138,30,3,0.0356497029191423,9.27536231884058,0.336089587279082,0.485139628442761,0,0.696303715552799,0.173913043478261,0.435241784948876,1.91975532045608,random,30,0,30,0,0.217391304347826,0.00722603991782583,0.0088126436701707,0,0.0237424302416383,NaN,0.566666666666667,0.00687887932876624,0,0.0232333434882671,0.0416518251514082,0.0416518251514082,NaN,0,400,144,688,688,461,227,308,63,82,48,8621,8,143,143,143,143,138,138,138,138,138,0,30
LIRCMOP7_BC,1,ref_tau,83,132,1,0.44,132,0,0.0026773260813362,0.00772922761662747,132,30,3,0.0340997158357014,9.6969696969697,0.336089587279082,0.48589363051404,0,0.696303715552799,0.181818181818182,0.418996126531683,1.81334450207906,random,30,0,30,0,0.227272727272727,0.0114214550749467,0.0123393391845461,0,0.0236228068819134,NaN,0.233333333333333,-0.0194597208515981,0,0.0245681137692163,0.0428021589941346,0.0428021589941346,NaN,0,400,138,676,676,444,232,295,64,84,48,8372,3,142,142,142,142,132,132,132,132,132,0,30
LIRCMOP7_BC,1,ref_tau,84,140,1,0.47,140,0,0.00202374718513968,0.00687806193309679,140,30,3,0.0361663652802893,9.14285714285714,0.355149031479854,0.505596345359834,0,0.830280163764749,0.185714285714286,0.430776877814392,1.73561889383657,random,30,0,30,0,0.214285714285714,0.0105271361696402,0.0115113332418936,0,0.0274514665120176,NaN,0.2,-0.0079609126075306,0,0.0336190669131722,0.048717584595185,0.048717584595185,NaN,0,400,132,664,664,445,219,292,66,87,53,6469,4,153,153,153,151,140,140,140,140,140,0,30
LIRCMOP7_BC,1,ref_tau,85,144,1,0.48,144,0,0.001924941580725,0.00634172147124153,144,30,3,0.0371996900025833,8.88888888888889,0.355149031479854,0.505596345359834,0,0.830280163764749,0.125,0.446161738034063,1.80508698907664,random,30,0,30,0,0.208333333333333,0.00982639154057074,0.0108709286736275,0,0.0262602260634479,NaN,0.666666666666667,0.0141170794138222,0,0.0313895258207173,0.0471389708197523,0.0471389708197523,NaN,0,400,140,680,680,447,233,318,67,84,54,6791,2,159,159,159,156,144,144,144,144,144,0,30
LIRCMOP7_BC,1,ref_tau,86,123,1,0.41,123,0,0.00201890873056746,0.0060405510279238,123,30,3,0.0317747352105399,10.4065040650407,0.366868177132338,0.511450150364773,0,0.715907403511844,0.195121951219512,0.43838138833738,1.82028174607632,random,30,0,30,16,0.24390243902439,0.00190120418795135,0.00456065289819076,0,0.021030455134662,NaN,0.766666666666667,0.0165552457084336,0.121951219512195,0.0259396958013519,0.0384782051963593,0.0384782051963593,NaN,0.533333333333333,400,144,688,688,462,226,308,66,81,49,8380,23,138,138,138,135,123,123,123,123,123,0,30
LIRCMOP7_BC,1,ref_tau,87,141,1,0.48,141,0,0.00246208784036651,0.00922400848295203,141,30,3,0.0364246964608628,9.07801418439716,0.324985483820044,0.511147056084967,0,0.865533611500903,0.234042553191489,0.584074467426444,2.4878577121975,random,30,0,30,0,0.212765957446809,0.0104259100667029,0.0223175964398112,0,0.0458476217605366,NaN,0.6,0.016955158500206,0,0.0233874321944892,0.0458476217605366,0.0458476217605366,NaN,0,400,123,646,646,443,203,270,64,80,49,7012,8,146,146,146,146,141,141,141,141,141,0,30
LIRCMOP7_BC,1,ref_tau,88,138,1,0.46,138,0,0.00262273121677822,0.00852021406796189,138,30,3,0.0356497029191423,9.27536231884058,0.324306884947779,0.534865370384526,0,0.715907403511844,0.173913043478261,0.453454861751311,2.06434167810377,random,30,0,30,1,0.217391304347826,0.00588947899031891,0.00858330619916052,0,0.0468586876930502,NaN,0.6,0.00763240716217373,0.0434782608695652,0.0257819762494626,0.0486314129156594,0.0486314129156594,NaN,0.0333333333333333,400,141,682,682,452,230,294,65,79,48,7858,0,144,144,144,141,138,138,138,138,138,0,30
LIRCMOP7_BC,1,ref_tau,89,156,1,0.52,156,0,0.00301131020990271,0.0105060213702539,156,30,3,0.0402996641694653,8.2051282051282,0.306836264850195,0.511147056084967,0.00231142860136605,1,0.25,0.447532833267266,2.1583357550128,random,30,0,30,0,0.192307692307692,0.00730248022437507,0.00920454692428931,0,0.0240210885542808,NaN,0.5,-0.00567843140618965,0,0.0152370346868653,0.0354874969348236,0.0354874969348236,NaN,0,400,138,676,676,435,241,275,69,84,53,6399,0,159,159,159,159,156,156,156,156,156,0,30
LIRCMOP7_BC,1,ref_tau,90,144,1,0.48,144,0,0.00328620104021657,0.0108472808067665,144,30,3,0.0371996900025833,8.88888888888889,0.313377407300911,0.534865370384526,0,1,0.229166666666667,0.4554575037808,1.9677162196745,random,29,1,30,7,0.208333333333333,0.00506089575829121,0.0134183390449776,0,0.0258428447639347,NaN,0.7,0.00890340104883514,0.145833333333333,0.0152247361673379,0.0297444289123783,0.0297953671287258,0.0243910705581869,0.233333333333333,400,156,712,712,463,249,325,65,78,49,9289,0,147,147,147,147,144,144,144,144,144,0,30
LIRCMOP7_BC,1,ref_tau,91,139,1,0.47,139,0,0.00241559505509914,0.00786823778354553,139,30,3,0.0359080340997158,9.20863309352518,0.30258272481604,0.534865370384526,0,1,0.18705035971223,0.481187075522937,2.02127690486838,random,28,2,30,0,0.215827338129496,0.00806776825368643,0.00979585762424994,0,0.0277447744037596,NaN,0.533333333333333,0.0040169547837223,0,0.0203429942567814,0.0372371035894932,0.0377206196945203,0.0353894936146971,0,400,144,688,688,455,233,275,66,77,48,7990,19,143,143,143,143,139,139,139,139,139,0,30
LIRCMOP7_BC,1,ref_tau,92,147,1,0.49,147,0,0.00244080379904944,0.00698936465378704,147,30,3,0.0379746835443038,8.70748299319728,0.343205851199624,0.523125533472815,0,1,0.217687074829932,0.472133153962428,2.07255405653883,random,27,3,30,6,0.204081632653061,0.00492759965878594,0.00862870741844735,0,0.0197226958228321,NaN,0.5,0.00246388663159372,0.102040816326531,0.0142117557161415,0.0276754306195188,0.027957929298839,0.0246664025815422,0.2,400,139,678,678,446,232,281,67,78,50,7622,0,150,150,150,150,147,147,147,147,147,0,30
LIRCMOP7_BC,1,ref_tau,93,129,1,0.43,129,0,0.00229918274605675,0.00713616713068984,129,30,3,0.0333247222939809,9.92248062015504,0.315635993804902,0.491054736012869,0,1,0.170542635658915,0.48436865912831,1.79907700213013,random,28,2,30,5,0.232558139534884,0.00635731585110655,0.0112598208470671,0,0.0124796318628055,NaN,0.5,-0.000294581795964616,0.162790697674419,0.00991034345190018,0.0195113803568438,0.0195249995776043,0.0160708957175621,0.166666666666667,400,147,694,694,457,237,285,64,73,45,8939,0,133,133,133,133,129,129,129,129,129,0,30
LIRCMOP7_BC,1,ref_tau,94,117,1,0.39,117,0,0.00213524564007421,0.00673940403998515,117,30,3,0.0302247481270989,10.9401709401709,0.338782335160854,0.469707898757762,-0,1,0.179487179487179,0.433489831589649,1.44131727879933,random,30,0,30,1,0.256410256410256,0.00832462367308298,0.0165211826705895,0,0.0173056887023583,NaN,0.4,-0.00870902947040361,0.0512820512820513,0.0174287946434537,0.021309416706126,0.021309416706126,NaN,0.0333333333333333,400,129,658,658,433,225,275,63,75,45,7375,19,130,130,130,127,117,117,117,117,117,0,30
LIRCMOP7_BC,1,ref_tau,95,126,1,0.43,126,0,0.00194694384452642,0.006656155376416,126,30,3,0.0325497287522604,10.1587301587302,0.360136191894138,0.491054736012869,0,1,0.142857142857143,0.472511495183856,1.7473272164015,random,30,0,30,6,0.238095238095238,0.00842671639334572,0.0102997704520764,0,0.0156673138911609,NaN,0.333333333333333,-0.0197175068087248,0.0465116279069767,0.0158246124389757,0.0228061786754337,0.0228061786754337,NaN,0.2,400,117,634,634,422,212,255,66,75,47,6770,4,139,139,139,136,126,126,126,126,126,0,30
LIRCMOP7_BC,1,ref_tau,96,128,1,0.43,128,0,0.00211934356032858,0.00778533934390741,128,30,3,0.0330663911134074,10,0.352949753705664,0.472571680273459,0,0.757669939823356,0.234375,0.476809124770844,1.62801711807636,random,30,0,30,14,0.234375,0.00896434670265392,0.020157853192733,0,0.0204344626035981,NaN,0.333333333333333,-0.00338149273512464,0.186046511627907,0.0110224737390906,0.021304014903712,0.021304014903712,NaN,0.466666666666667,400,126,652,652,444,208,283,65,79,47,6432,0,140,140,140,137,128,128,128,128,128,0,30
LIRCMOP7_BC,1,ref_tau,97,123,1,0.43,123,0,0.00228892109669516,0.00796389025818139,123,30,3,0.0317747352105399,10.4065040650407,0.338782335160854,0.486733906719923,0,1,0.24390243902439,0.46726655697656,1.37705829428634,random,30,0,30,4,0.24390243902439,0.0107938119584791,0.0152578791683159,0,0.0164054206510775,NaN,0.266666666666667,-0.0174375861462701,0.0465116279069767,0.0144365889965979,0.0171085730998592,0.0171085730998592,NaN,0.133333333333333,400,128,656,656,439,217,281,65,76,45,7473,17,131,131,131,127,123,123,123,123,123,0,30
LIRCMOP7_BC,1,ref_tau,98,144,1,0.48,144,0,0.00252151268144078,0.00837766385607817,144,30,3,0.0371996900025833,8.88888888888889,0.338951165411161,0.511147056084967,-0,1,0.236111111111111,0.467675451715059,1.30677861826596,random,30,0,30,3,0.208333333333333,0.0103933713736262,0.0131422936531501,0,0.0166146079715164,NaN,0.366666666666667,-0.0181452085625401,0.0625,0.0131416391686691,0.0171183483571527,0.0171183483571527,NaN,0.1,400,123,646,646,447,199,288,66,80,49,5325,42,144,144,144,144,144,144,144,144,144,0,30
LIRCMOP7_BC,1,ref_tau,99,118,1,0.4,118,0,0.00211095287928733,0.0073478967760743,118,30,3,0.0304830793076724,10.8474576271186,0.352800754953735,0.476659755609223,-0,1,0.152542372881356,0.470900329290884,1.52669585660055,random,30,0,30,16,0.254237288135593,0.0105302325102766,0.0208808340899637,0,0.0208808340899637,NaN,0.4,-0.0157611431494805,0.125,0.0132297784130793,0.0245116804183095,0.0245116804183095,NaN,0.533333333333333,400,144,688,688,462,226,295,64,76,42,7611,3,126,126,126,123,118,118,118,118,118,0,30
LIRCMOP7_BC,1,ref_tau,100,110,1,0.38,110,0,0.00183268826589128,0.00684785226926977,110,30,3,0.0284164298630845,11.6363636363636,0.359107201607619,0.534865370384526,-0,1,0.163636363636364,0.512859110048386,1.24756615268281,random,30,0,30,10,0.272727272727273,0.00903426493811144,0.0126898246938762,0,0.0157489009621175,NaN,0.366666666666667,-0.00517141272804356,0.105263157894737,0.0126663626289909,0.0171159144615848,0.0171159144615848,NaN,0.333333333333333,400,118,636,636,448,188,275,64,77,43,5200,5,127,127,127,120,110,110,110,110,110,0,30
LIRCMOP7_BC,1,ref_tau,101,126,1,0.43,126,0,0.00179414474167838,0.00631314987814599,126,30,3,0.0325497287522604,10.1587301587302,0.352949753705664,0.576196550025348,0,1,0.166666666666667,0.483044252880231,1.85524252902968,random,30,0,30,16,0.238095238095238,0.00719430322959753,0.0180385181166693,0,0.0223771015908607,NaN,0.7,0.0268674940314194,0.162790697674419,0.0110973526536504,0.0279443703717234,0.0279443703717234,NaN,0.533333333333333,400,110,620,620,443,177,270,67,78,47,4921,10,139,139,139,136,126,126,126,126,126,0,30
LIRCMOP7_BC,1,ref_tau,102,103,1,0.35,103,0,0.00209481182102789,0.006669998609567,103,30,3,0.02660811159907,12.4271844660194,0.352800754953735,0.527030511162721,0,1,0.184466019417476,0.477349359287172,1.65036772020677,random,30,0,30,7,0.29126213592233,0.00736621655182595,0.0123056080063195,0,0.0150729923626807,NaN,0.666666666666667,0.0163818781808168,0.171428571428571,0.00907508990042585,0.0154651192283454,0.0154651192283454,NaN,0.233333333333333,400,126,652,652,443,209,285,61,69,36,7708,9,106,106,106,103,103,103,103,103,103,0,30
LIRCMOP7_BC,1,ref_tau,103,108,1,0.36,108,0,0.00217892808956578,0.00843262556097012,108,30,3,0.0278997675019375,11.8518518518519,0.352949753705664,0.577493282872591,0,1,0.240740740740741,0.45967829261728,1.28291056093338,random,30,0,30,10,0.277777777777778,0.00814851580123879,0.01302853731454,0,0.0160592978727852,NaN,0.533333333333333,0.012842305145139,0.222222222222222,0.0120182952343056,0.0167169272299802,0.0167169272299802,NaN,0.333333333333333,400,103,606,606,419,187,259,63,71,38,5463,12,114,114,114,114,108,108,108,108,108,0,30
LIRCMOP7_BC,1,ref_tau,104,112,1,0.38,112,0,0.00186395297418628,0.00677721351544187,112,30,3,0.0289330922242315,11.4285714285714,0.338782335160854,0.577493282872591,0,0.98549586835999,0.1875,0.447197957291334,1.40981547149061,random,30,0,30,14,0.267857142857143,0.00814298041961089,0.021840700696875,0,0.021840700696875,NaN,0.7,0.0161877380179858,0.157894736842105,0.0118556431889815,0.0252341902448928,0.0252341902448928,NaN,0.466666666666667,400,108,616,616,417,199,245,63,74,41,5091,18,122,122,122,121,112,112,112,112,112,0,30
LIRCMOP7_BC,1,ref_tau,105,103,1,0.35,103,0,0.00221118733592267,0.00737467068651967,103,30,3,0.02660811159907,12.4271844660194,0.352949753705664,0.543390952882139,0.135114913104008,1,0.29126213592233,0.450805126155207,1.08034043079108,random,30,0,30,8,0.29126213592233,0.0048634798787407,0.011201032803628,0,0.0129883576643489,NaN,0.433333333333333,-0.0034148784094977,0.2,0.00673956245871572,0.0129883576643489,0.0129883576643489,NaN,0.266666666666667,400,112,624,624,423,201,265,60,69,36,6025,0,108,108,108,106,103,103,103,103,103,0,30
LIRCMOP7_BC,1,ref_tau,106,106,1,0.36,106,0,0.00225932116924651,0.00795526614554546,106,30,3,0.0273831051407905,12.0754716981132,0.320429435564616,0.527030511162721,0.0046228572027321,1,0.254716981132075,0.441301045526346,1.24538321586238,random,30,0,30,1,0.283018867924528,0.00721966925184012,0.013912706381862,0,0.0164342447882015,NaN,0.766666666666667,0.0168237743549652,0.0555555555555556,0.00961363185689169,0.0169605317159931,0.0169605317159931,NaN,0.0333333333333333,400,103,606,606,409,197,246,63,69,38,5548,0,114,114,114,111,106,106,106,106,106,0,30
LIRCMOP7_BC,1,ref_tau,107,118,1,0.4,118,0,0.00241333286782216,0.00904401653740971,118,30,3,0.0304830793076724,10.8474576271186,0.352108047406412,0.57733404732149,0.233537736131156,1,0.305084745762712,0.459462996921373,1.27047460329359,random,30,0,30,1,0.254237288135593,0.00802924397878942,0.0138429240078482,0,0.0167372041884847,NaN,0.766666666666667,0.0447959509012574,0.05,0.011221956703422,0.0174301592569475,0.0174301592569475,NaN,0.0333333333333333,400,106,612,612,413,199,256,64,74,42,5154,11,126,126,126,123,118,118,118,118,118,0,30
LIRCMOP7_BC,1,ref_tau,108,87,1,0.3,87,0,0.00212250805522707,0.00752505348483738,87,30,3,0.0224748127098941,14.7126436781609,0.352800754953735,0.5202383870592,0,1,0.172413793103448,0.446043184612187,1.37147003033422,random,30,0,30,2,0.344827586206897,0.00794319919707862,0.0154828991542935,0,0.0173487198338226,NaN,0.6,0.0144614346305482,0.133333333333333,0.0112234229516276,0.0178451465987888,0.0178451465987888,NaN,0.0666666666666667,400,118,636,636,416,220,234,58,63,33,7827,5,98,98,98,94,87,87,87,87,87,0,30
LIRCMOP7_BC,1,ref_tau,109,106,1,0.36,106,0,0.00284526787451026,0.00862444724693855,106,30,3,0.0273831051407905,12.0754716981132,0.365264649509573,0.534865370384526,0,1,0.245283018867925,0.425484102079156,1.27644900250104,random,30,0,30,5,0.283018867924528,0.00643497620665092,0.0135746579376815,0,0.0168368533094628,NaN,0.5,0.0025468147520295,0.111111111111111,0.00975715259003063,0.0169924054173707,0.0169924054173707,NaN,0.166666666666667,400,87,574,574,389,185,234,58,70,38,5094,10,111,111,111,111,106,106,106,106,106,0,30
LIRCMOP7_BC,1,ref_tau,110,87,1,0.29,87,0,0.00217176766564337,0.00629951195779149,87,30,3,0.0224748127098941,14.7126436781609,0.366868177132338,0.568967700374978,0,0.633568740901304,0.103448275862069,0.43858585495835,1.43526247212562,random,30,0,30,5,0.344827586206897,0.00607528556124597,0.0121018760295079,0,0.0159195517137579,NaN,0.466666666666667,-0.0106828673268023,0.0689655172413793,0.0100313914617475,0.016382915623382,0.016382915623382,NaN,0.166666666666667,400,106,612,612,410,202,239,57,70,35,6812,5,100,100,100,100,87,87,87,87,87,0,30
LIRCMOP7_BC,1,ref_tau,111,102,1,0.35,102,0,0.002140438467952,0.00767445656515251,102,30,3,0.0263497804184965,12.5490196078431,0.352949753705664,0.577493282872591,0.0046228572027321,1,0.254901960784314,0.420425757465849,1.21609905308321,random,30,0,30,7,0.294117647058824,0.00577629213536975,0.0101177320176409,0,0.0127370767731338,NaN,0.133333333333333,-0.0273671192328615,0.114285714285714,0.007083658678611,0.0129412748506225,0.0129412748506225,NaN,0.233333333333333,400,87,574,574,408,166,247,60,74,41,5044,12,116,116,116,116,102,102,102,102,102,0,30
LIRCMOP7_BC,1,ref_tau,112,90,1,0.3,90,0,0.00196653176266245,0.00664390348979927,90,30,3,0.0232498062516146,14.2222222222222,0.359107201607619,0.577493282872591,0,1,0.111111111111111,0.442719928243989,1.51023859519426,random,30,0,30,6,0.333333333333333,0.0051356408979418,0.0128559678707851,0,0.0155722636175607,NaN,0.1,-0.0435039180280415,0.0666666666666667,0.00698895229876256,0.0159752197889161,0.0159752197889161,NaN,0.2,400,102,604,604,415,189,257,60,67,35,6803,0,104,104,104,104,90,90,90,90,90,0,30
LIRCMOP7_BC,1,ref_tau,113,98,1,0.34,98,0,0.00267135049784551,0.00978890118554863,98,30,3,0.0253164556962025,13.0612244897959,0.352800754953735,0.577493282872591,0,1,0.153061224489796,0.441790067230975,1.23607172234788,random,30,0,30,4,0.306122448979592,0.00509086849687433,0.0137506129967046,0,0.0165501939138851,NaN,0.633333333333333,0.0211768613220341,0.117647058823529,0.00755793015552019,0.0172211761798988,0.0172211761798988,NaN,0.133333333333333,400,90,580,580,403,177,239,59,65,36,6194,2,106,106,106,106,98,98,98,98,98,0,30
LIRCMOP7_BC,1,ref_tau,114,102,1,0.34,102,0,0.00237489519346707,0.00777513176124535,102,30,3,0.0263497804184965,12.5490196078431,0.362134737037232,0.547653744130946,0,1,0.176470588235294,0.429627560970693,1.54777620106679,random,30,0,30,5,0.294117647058824,0.00967856243723844,0.0170607075466474,0,0.0207906479206081,NaN,0.633333333333333,0.0289497779705447,0.0882352941176471,0.0131653701006844,0.0213382656709435,0.0213382656709435,NaN,0.166666666666667,400,98,596,596,403,193,253,62,70,38,5863,2,114,114,114,114,102,102,102,102,102,0,30
LIRCMOP7_BC,1,ref_tau,115,108,1,0.36,108,0,0.00228276901329875,0.00681380932043474,108,30,3,0.0278997675019375,11.8518518518519,0.359032702231654,0.577493282872591,0,1,0.194444444444444,0.425311789593739,1.45640055023206,random,30,0,30,6,0.277777777777778,0.00594270557680575,0.0159781277358127,0,0.0194986073582377,NaN,0.633333333333333,0.0287836347335724,0.0833333333333333,0.0100297981806047,0.0197665925074214,0.0197665925074214,NaN,0.2,400,102,604,604,420,184,245,65,73,42,4780,5,123,123,123,119,108,108,108,108,108,0,30
LIRCMOP7_BC,1,ref_tau,116,114,1,0.38,114,0,0.00214648910789646,0.00698918411047315,114,30,3,0.0294497545853785,11.2280701754386,0.372269127778756,0.68865775297014,0,1,0.201754385964912,0.463796026136494,1.48580211255571,random,30,0,30,5,0.263157894736842,0.00685097330498073,0.0159305197160603,0,0.0193543278645214,NaN,0.766666666666667,0.0378948028677949,0.131578947368421,0.0104265647067177,0.0200350592565724,0.0200350592565724,NaN,0.166666666666667,400,108,616,616,423,193,256,61,74,43,5318,6,127,127,127,127,114,114,114,114,114,0,30
LIRCMOP7_BC,1,ref_tau,117,46,1,0.16,46,0,0.00269706873428326,0.00622459267791213,46,30,3,0.0118832343063808,27.8260869565217,0.324740010105611,0.514389274036842,0,0.545920900888191,0.130434782608696,0.417504798778519,1.67185957290593,random,30,0,30,6,0.652173913043478,0.00225961427519748,0.00495589196548423,0,0.0199179554902366,NaN,0.433333333333333,-0.00786128772818992,0.125,0.015226491509436,0.0207719091466015,0.0207719091466015,NaN,0.2,400,114,628,628,430,198,159,39,71,19,1974,8,52,52,52,52,46,46,46,46,46,0,30
LIRCMOP7_BC,1,ref_tau,118,48,1,0.16,48,0,0.00321825715033453,0.00636248703404032,48,30,3,0.0123998966675278,26.6666666666667,0.30782000405955,0.507531529270861,0,0.549083839360347,0.1875,0.463412070046196,1.92329628398098,random,30,0,30,7,0.625,0.00254788010350889,0.00488415067663556,0,0.0169289427126202,NaN,0.433333333333333,-0.00465357107762596,0.125,0.0101548897636164,0.0181570451884503,0.0181570451884503,NaN,0.233333333333333,400,46,492,492,370,122,151,41,62,17,1434,19,48,48,48,48,48,48,48,48,48,0,30
LIRCMOP7_BC,1,ref_tau,119,46,1,0.16,46,0,0.00293801100073016,0.00763795617948851,46,30,3,0.0118832343063808,27.8260869565217,0.286828594884378,0.507531529270861,0,0.549083839360347,0.130434782608696,0.468463933993982,1.65946208602448,random,30,0,30,5,0.652173913043478,0.00246567766319995,0.00443602907865674,0,0.0212183851020318,NaN,0.533333333333333,0.00391643323410609,0.125,0.0171515832213861,0.021842628069615,0.021842628069615,NaN,0.166666666666667,400,48,496,496,356,140,186,44,66,19,1954,18,51,51,51,48,46,46,46,46,46,0,30
LIRCMOP7_BC,1,ref_tau,120,48,1,0.16,48,0,0.00342464786008842,0.00722479583698166,48,30,3,0.0123998966675278,26.6666666666667,0.276016354331649,0.507531529270861,0,0.571800438028322,0.125,0.473131500376675,1.94823211544261,random,30,0,30,4,0.625,0.00219510223265584,0.00437639055864435,0,0.0171326278830891,NaN,0.533333333333333,0.00789950693492632,0.125,0.0135609314840941,0.0186713989503786,0.0186713989503786,NaN,0.133333333333333,400,46,492,492,368,124,187,47,58,18,1870,7,51,51,51,48,48,48,48,48,48,0,30
LIRCMOP7_BC,1,ref_tau,121,50,1,0.17,50,0,0.00287471615254025,0.00712783496653944,50,30,3,0.0129165590286748,25.6,0.256068839238882,0.507531529270861,0,0.210471307926989,0.06,0.471056475521239,1.80176889388344,random,30,0,30,0,0.6,0.00236311639155449,0.00389578204631381,0,0.0239995037691732,NaN,0.566666666666667,0.00685664178442834,0,0.0211520558573957,0.0252651777346804,0.0252651777346804,NaN,0,400,48,496,496,375,121,188,40,68,18,1544,6,53,53,53,53,50,50,50,50,50,0,30
LIRCMOP7_BC,1,ref_tau,122,54,1,0.18,54,0,0.00207552400209131,0.00616766089560676,54,30,3,0.0139498837509687,23.7037037037037,0.26233939623534,0.656095956878682,0,0.571800438028322,0.0555555555555556,0.478101274224103,1.70063714732256,random,30,0,30,4,0.555555555555556,0.00269450895737369,0.00435287880875785,0,0.0173387784230969,NaN,0.6,0.0114553218339851,0.111111111111111,0.0124523385259846,0.0184702735256451,0.0184702735256451,NaN,0.133333333333333,400,50,500,500,374,126,197,43,66,19,1628,0,56,56,56,56,54,54,54,54,54,0,30
LIRCMOP7_BC,1,ref_tau,123,45,1,0.15,45,0,0.00189827470846653,0.00436823048220246,45,30,3,0.0116249031258073,28.4444444444444,0.331227472085852,0.656095956878682,0,0.230125853435039,0.0444444444444444,0.486211616365943,1.67816926800079,random,30,0,30,5,0.666666666666667,0.00202257951246307,0.0048441673905646,0,0.0213868926105911,NaN,0.7,0.0202799544623468,0.133333333333333,0.0153024275644624,0.0228639730313533,0.0228639730313533,NaN,0.166666666666667,400,54,508,508,375,133,153,36,65,18,1930,0,54,54,54,54,45,45,45,45,45,0,30
LIRCMOP7_BC,1,ref_tau,124,45,1,0.15,45,0,0.00201864344172722,0.00409619029770831,45,30,3,0.0116249031258073,28.4444444444444,0.324345947042388,0.656095956878682,-0,0.704681887469733,0.0888888888888889,0.45779906218307,1.869513522322,random,30,0,30,1,0.666666666666667,0.00245633245733361,0.00323981887348352,0,0.0242979988095076,NaN,0.533333333333333,0.0198879012192511,0.133333333333333,0.0222354131341653,0.0261535871793762,0.0261535871793762,NaN,0.0333333333333333,400,45,490,490,378,112,194,42,67,18,1959,1,54,54,54,54,45,45,45,45,45,0,30
LIRCMOP7_BC,1,ref_tau,125,40,1,0.14,40,0,0.00213665504017784,0.00751244013808347,40,30,3,0.0103332472229398,32,0.259739542775324,0.417081399631329,-0,0.704681887469733,0.225,0.347319299680937,1.75093390352996,random,30,0,30,5,0.75,0.00153893250826636,0.00365946658460949,0,0.0122998674062456,NaN,0.7,0.0309020914919724,0.142857142857143,0.0113504736744804,0.0157621989934751,0.0157621989934751,NaN,0.166666666666667,400,45,490,490,377,113,157,41,67,15,1347,8,42,42,42,42,40,40,40,40,40,0,30
LIRCMOP7_BC,1,ref_tau,126,37,1,0.13,37,0,0.00239185620771717,0.00794059317343987,37,30,3,0.00955825368121932,34.5945945945946,0.235570884575647,0.417081399631329,-0,0.484667222367487,0.0810810810810811,0.432474591901706,2.15050712250568,random,30,0,30,3,0.810810810810811,0.00209277835231074,0.00469562334015652,0,0.00787799903742263,NaN,0.533333333333333,0.0102208124800929,0.230769230769231,0.00537243200806427,0.010669751925691,0.010669751925691,NaN,0.1,400,40,480,480,370,110,158,42,56,14,1789,24,39,39,39,39,37,37,37,37,37,0,30
LIRCMOP7_BC,1,ref_tau,127,48,1,0.16,48,0,0.00191410564512187,0.00621959271491075,48,30,3,0.0123998966675278,26.6666666666667,0.238270072307447,0.369573806151451,0,0.704681887469733,0.1875,0.379280069536595,1.7343719690438,random,30,0,30,1,0.625,0.00117548291847444,0.00240240810379029,0,0.0217674445898487,NaN,0.566666666666667,0.00344912139458652,0.125,0.023560145687666,0.0255423069732825,0.0255423069732825,NaN,0.0333333333333333,400,37,474,474,369,105,174,41,67,17,1672,3,48,48,48,48,48,48,48,48,48,0,30
LIRCMOP7_BC,1,ref_tau,128,42,1,0.14,42,0,0.00205652980328069,0.00621979065380189,42,30,3,0.0108499095840868,30.4761904761905,0.228410144427652,0.417081399631329,0,0.704681887469733,0.142857142857143,0.403011168703527,1.60839205364813,random,30,0,30,5,0.714285714285714,0.00194546708916245,0.00365546209779628,0,0.0131015314209145,NaN,0.633333333333333,0.0109077472852072,0.142857142857143,0.0129321077055893,0.0187966138633292,0.0187966138633292,NaN,0.166666666666667,400,48,496,496,373,123,150,40,64,15,2007,12,42,42,42,42,42,42,42,42,42,0,30
LIRCMOP7_BC,1,ref_tau,129,49,1,0.17,49,0,0.00225945531650483,0.00810674137952444,49,30,3,0.0126582278481013,26.1224489795918,0.29489665495127,0.417081399631329,0.180288358144402,0.900559231582383,0.306122448979592,0.366774961811808,1.61623770386346,random,30,0,30,4,0.612244897959184,0.00377889892551701,0.0064323315036339,0,0.0147638520423216,NaN,0.4,-0.0184269346269925,0.235294117647059,0.0127458359580794,0.017607703993181,0.017607703993181,NaN,0.133333333333333,400,42,484,484,362,122,186,40,67,18,2444,28,49,49,49,49,49,49,49,49,49,0,30
LIRCMOP7_BC,1,ref_tau,130,42,1,0.14,42,0,0.00187858516712806,0.00451319431014176,42,30,3,0.0108499095840868,30.4761904761905,0.300660861100079,0.400356928700095,-0,0.704681887469733,0.214285714285714,0.355912520578212,1.55895286373884,random,30,0,30,6,0.714285714285714,0.00320991629587938,0.0048308182487534,0,0.0124121361898843,NaN,1,0.0297570674701867,0.142857142857143,0.0112337809348513,0.016506716826793,0.016506716826793,NaN,0.2,400,49,498,498,358,140,184,36,66,17,2972,6,48,48,48,45,42,42,42,42,42,0,30
LIRCMOP7_BC,1,ref_tau,131,45,1,0.15,45,0,0.00198755386633674,0.00439374340301534,45,30,3,0.0116249031258073,28.4444444444444,0.236450213073708,0.364333978516632,0,0.484667222367487,0.0666666666666667,0.432590688532392,2.26364519661687,random,30,0,30,7,0.666666666666667,0.00150603040809376,0.00307381950447265,0,0.00798931923345652,NaN,0.866666666666667,0.0451813084318604,0.133333333333333,0.00725575032802255,0.0130005132006913,0.0130005132006913,NaN,0.233333333333333,400,42,484,484,342,142,150,43,56,18,2486,12,50,50,50,50,45,45,45,45,45,0,30
LIRCMOP7_BC,1,ref_tau,132,50,1,0.17,50,0,0.001512821447914,0.00478752221598295,50,30,3,0.0129165590286748,25.6,0.29489665495127,0.369573806151451,0,0.837726650944209,0.18,0.349429796800262,1.76538961526124,random,30,0,30,0,0.6,0.00120252782577714,0.00228532532134414,0,0.0225822123739356,NaN,0.9,0.0262837277739568,0,0.0226988537995544,0.026641534792709,0.026641534792709,NaN,0,400,45,490,490,360,130,183,43,70,21,2453,27,60,60,60,60,50,50,50,50,50,0,30
LIRCMOP7_BC,1,ref_tau,133,42,1,0.14,42,0,0.00173417391061642,0.00308611787213392,42,30,3,0.0108499095840868,30.4761904761905,0.287868414155461,0.381150761071498,0,0,0,0.435899672752818,2.37332160918596,random,30,0,30,3,0.714285714285714,0.00170323570378955,0.00922320170259047,0,0.00922320170259047,NaN,0.766666666666667,0.0228408623519218,0.142857142857143,0.00610340528972891,0.00925530125452301,0.00925530125452301,NaN,0.1,400,50,500,500,357,143,203,47,56,20,3102,18,56,56,56,55,42,42,42,42,42,0,30
LIRCMOP7_BC,1,ref_tau,134,49,1,0.17,49,0,0.00156773507421588,0.00623093846346831,49,30,3,0.0126582278481013,26.1224489795918,0.303738905032399,0.381150761071498,0,0.837726650944209,0.122448979591837,0.381498795658286,1.84700809940955,random,30,0,30,6,0.612244897959184,0.00191110178433061,0.00387387267698773,0,0.0102258238461274,NaN,0.833333333333333,0.0213986578254231,0.176470588235294,0.00958498690022606,0.0161222425087092,0.0161222425087092,NaN,0.2,400,42,484,484,354,130,181,48,62,22,2614,14,61,61,61,61,49,49,49,49,49,0,30
LIRCMOP7_BC,1,ref_tau,135,52,1,0.18,52,0,0.00208059592326279,0.00755837242848308,52,30,3,0.0134332213898218,24.6153846153846,0.323576734644673,0.402406194175102,0.0789500728735784,0.837726650944209,0.25,0.36114050571727,1.67050126900874,random,30,0,30,6,0.576923076923077,0.00146981205835521,0.00388004137179943,0,0.0180357005517069,NaN,0.8,0.0253800875422649,0.111111111111111,0.0148621776872359,0.0203692862185801,0.0203692862185801,NaN,0.2,400,49,498,498,358,140,187,49,64,22,2016,16,58,58,58,58,52,52,52,52,52,0,30
LIRCMOP7_BC,1,ref_tau,136,40,1,0.14,40,0,0.00176996155630333,0.00517852071781676,40,30,3,0.0103332472229398,32,0.255080026406161,0.36073975795042,0,0.155494766700195,0.075,0.432880655851287,2.30858402088943,random,30,0,30,3,0.75,0.00148564309621686,0.0101655402198158,0,0.0102022000935768,NaN,0.733333333333333,0.0365085526528528,0.285714285714286,0.0044256787364104,0.013629501997329,0.013629501997329,NaN,0.1,400,52,504,504,366,138,156,45,58,18,2046,41,48,48,48,46,40,40,40,40,40,0,30
LIRCMOP7_BC,1,ref_tau,137,42,1,0.14,42,0,0.00177112729260556,0.00656908704751936,42,30,3,0.0108499095840868,30.4761904761905,0.245325455490904,0.339463796146103,-0,0.275525536554096,0.119047619047619,0.368035345575726,1.80209441863255,random,30,0,30,0,0.714285714285714,0.00138665414879744,0.00381273110385986,0,0.0192348950583694,NaN,0.766666666666667,0.0493272280976502,0,0.0177726480828502,0.0238909540671058,0.0238909540671058,NaN,0,400,40,480,480,360,120,181,45,62,18,2105,4,51,51,51,49,42,42,42,42,42,0,30
LIRCMOP7_BC,1,ref_tau,138,36,1,0.12,36,0,0.00164685311868415,0.00474886436648014,36,30,3,0.00929992250064583,35.5555555555556,0.259251886768893,0.334112880465119,-0,0.266609957682059,0.166666666666667,0.388274416872238,1.85201956582306,random,30,0,30,5,0.833333333333333,0.00172309270956996,0.00441576565218958,0,0.00952464698912088,NaN,0.8,0.0309579065283464,0.166666666666667,0.00975574926618285,0.0139750255522471,0.0139750255522471,NaN,0.166666666666667,400,42,484,484,368,116,134,38,63,15,1900,5,42,42,42,42,36,36,36,36,36,0,30
LIRCMOP7_BC,1,ref_tau,139,52,1,0.18,52,0,0.00143379394704026,0.00623985480113372,52,30,3,0.0134332213898218,24.6153846153846,0.271314806427939,0.36073975795042,-0,0.641340944978662,0.211538461538462,0.359736867188914,1.5493282482636,random,30,0,30,7,0.576923076923077,0.0019704893810423,0.00257487610090293,0,0.0147451369917795,NaN,0.866666666666667,0.0441608701091896,0.277777777777778,0.0141574788688318,0.0192096021528232,0.0192096021528232,NaN,0.233333333333333,400,36,472,472,375,97,178,38,70,20,1558,0,60,60,60,60,52,52,52,52,52,0,30
LIRCMOP7_BC,1,ref_tau,140,48,1,0.16,48,0,0.00181408420799249,0.005797915472003,48,30,3,0.0123998966675278,26.6666666666667,0.258009022020358,0.31858369861159,-0,0.641340944978662,0.125,0.469153743435559,2.21854533176502,random,30,0,30,3,0.625,0.00100765068893266,0.00691664706059767,0,0.00931508488211167,NaN,0.7,0.0112073456500293,0.25,0.00718373543473466,0.0118133279798405,0.0118133279798405,NaN,0.1,400,52,504,504,386,118,201,44,56,18,2911,15,51,51,51,51,48,48,48,48,48,0,30
LIRCMOP7_BC,1,ref_tau,141,49,1,0.17,49,0,0.00194321620081252,0.00530950338931305,49,30,3,0.0126582278481013,26.1224489795918,0.260938017634555,0.334112880465119,0.0343992860823705,0.763945755141602,0.244897959183673,0.424566070507537,1.99482473700164,random,30,0,30,1,0.612244897959184,0.00351593391011,0.0075670383097028,0,0.0291015871212826,NaN,0.9,0.0184188770005274,0.117647058823529,0.0167380521586597,0.0317031157411347,0.0317031157411347,NaN,0.0333333333333333,400,48,496,496,378,118,206,46,58,21,2129,20,60,60,60,60,49,49,49,49,49,0,30
LIRCMOP7_BC,1,ref_tau,142,41,1,0.14,41,0,0.00124936164965883,0.00473600928828331,41,30,3,0.0105915784035133,31.219512195122,0.279205865724254,0.461730453757898,0,0.167837654769329,0.0731707317073171,0.445460516341861,2.01023086383299,random,30,0,30,5,0.731707317073171,0.00860161708107181,0.0104630104315711,0,0.010959134643025,NaN,0.533333333333333,0.000815120763455551,0.357142857142857,0.0102102234823557,0.0127548736241625,0.0127548736241625,NaN,0.166666666666667,400,49,498,498,377,121,162,46,52,18,2688,32,51,51,51,51,41,41,41,41,41,0,30
LIRCMOP7_BC,1,ref_tau,143,42,1,0.14,42,0,0.00133446875436214,0.00198634023415116,42,30,3,0.0108499095840868,30.4761904761905,0.279797246625745,0.489406191246747,0,0.220844931081719,0.142857142857143,0.456894163318024,2.23799599788277,random,27,3,30,0,0.714285714285714,0.00176223607351112,0.00316407533601147,0,0.00783281845107079,NaN,0.733333333333333,0.0128451684420183,0,0.0126871231265972,0.0199707656064966,0.0193426607167584,0.0205009165966256,0,400,41,482,482,381,101,170,44,55,21,2170,40,59,59,59,59,42,42,42,42,42,0,30
LIRCMOP7_BC,1,ref_tau,144,43,1,0.16,43,0,0.00203337194102773,0.00959063744557279,43,30,3,0.0111082407646603,29.7674418604651,0.260938017634555,0.329441401318687,0.0654763546067858,0.439083341727462,0.325581395348837,0.499018051047523,1.90573097315022,random,30,0,30,13,0.697674418604651,0.00608939062126139,0.0123053782244381,0,0.014011892321513,NaN,1,0.0333729089353026,0.375,0.0101979725469716,0.0199499688737983,0.0199499688737983,NaN,0.433333333333333,400,42,484,484,369,115,144,37,58,17,2411,20,45,45,45,45,43,43,43,43,43,0,30
LIRCMOP7_BC,1,ref_tau,145,30,1,0.1,30,0,0.00148708919204243,0.00291437475793624,30,30,3,0.00774993541720486,40,0.207722522950634,0.342755063917491,0,0,0,0.424318224875657,1.56859690307135,random,30,0,30,4,1,0.00244747139994174,0.00410883233250352,0,0.0185436071200853,NaN,0.8,0.0189204937875571,0.2,0.0210468794594019,0.0233465484642237,0.0233465484642237,NaN,0.133333333333333,400,43,486,486,354,132,139,39,60,16,2239,26,42,42,42,42,30,30,30,30,30,0,30
LIRCMOP7_BC,1,ref_tau,146,22,1,0.08,22,0,0.00136999191069572,0.00389195435045115,22,30,3,0.00568328597261689,40,0.226887602017652,0.339365251578218,0,0,0,0.457604501986446,1.99633002483149,random,30,0,30,0,1.36363636363636,0.00295590237126922,0.00561543760498438,0,0.0253271421259683,NaN,0.866666666666667,0.0330880035425632,0,0.0279525235250699,0.0296664860694105,0.0296664860694105,NaN,0,400,30,460,460,340,120,132,36,52,13,3092,18,34,34,34,31,22,22,22,22,22,0,30
LIRCMOP7_BC,1,ref_tau,147,27,1,0.09,27,0,0.00154695526254006,0.00338161432711228,27,30,3,0.00697494187548437,40,0.172273951619412,0.380174925751644,-0,0.737771514889796,0.037037037037037,0.526144775456959,2.49847948438302,random,28,2,30,0,1.11111111111111,0.00304399979560547,0.00367162639145021,0,0.00376490666659585,NaN,0.4,-0.00756689351913117,0,0.00644306934155571,0.0113732032882898,0.011612736077522,0.0085510794527962,0,400,22,444,444,331,113,157,38,55,13,2937,8,33,33,33,33,27,27,27,27,27,0,30
LIRCMOP7_BC,1,ref_tau,148,31,1,0.11,31,0,0.00149595024098518,0.00281230538179117,31,30,3,0.00800826659777835,40,0.226887602017652,0.405121500307746,0,0.301095592695212,0.129032258064516,0.445543318362748,2.2035249698,random,30,0,30,1,0.967741935483871,0.00490168041280582,0.00550281714591555,0,0.00616386321493425,NaN,0.533333333333333,0.00845996612814173,0.181818181818182,0.00663107941394662,0.00741621812806426,0.00741621812806426,NaN,0.0333333333333333,400,27,454,454,345,109,152,39,45,14,2947,1,42,42,42,42,31,31,31,31,31,0,30
LIRCMOP7_BC,1,ref_tau,149,34,1,0.12,34,0,0.00143691765242894,0.00476788803257039,34,30,3,0.00878326013949884,37.6470588235294,0.197382678095871,0.332727013622364,0,0.396578340547071,0.0294117647058824,0.371700758115607,1.76298973410474,random,30,0,30,0,0.882352941176471,0.00385105608965752,0.00549727053709954,0,0.0139996895266107,NaN,0.733333333333333,0.0536293812642059,0,0.0161483395705614,0.018086865727008,0.018086865727008,NaN,0,400,31,462,462,342,120,165,38,60,15,3212,19,42,42,42,42,34,34,34,34,34,0,30
LIRCMOP7_BC,1,ref_tau,150,31,1,0.11,31,0,0.00162158628605831,0.00600153021050987,31,30,3,0.00800826659777835,40,0.279205865724254,0.397359201777793,0,0,0,0.43968223890979,1.98418318661979,random,15,15,30,7,0.967741935483871,0.0015582246300874,0.00513006621010314,0,0.0184208137524471,NaN,0.566666666666667,0.0244399972162667,0.636363636363636,0.01581338471102,0.0254521963132867,0.0250174573436092,0.0258869352829642,0.233333333333333,400,34,468,468,354,114,166,38,38,13,4555,2,39,39,39,39,31,31,31,31,31,0,30
LIRCMOP7_BC,1,ref_tau,151,39,1,0.13,39,0,0.00192242637046002,0.00736894129096966,39,30,3,0.0100749160423663,32.8205128205128,0.226887602017652,0.28821770223555,0,0.362269853278566,0.179487179487179,0.472287112410404,2.53079387667341,random,28,2,30,5,0.769230769230769,0.0019413982687456,0.00583174917561792,0,0.00794043713679064,NaN,0.4,-0.0336396719247641,0.153846153846154,0.00928347517454659,0.0121155285191196,0.0122243578757438,0.0116860726927004,0.166666666666667,400,31,462,462,344,118,168,44,41,14,4423,6,39,39,39,39,39,39,39,39,39,0,30
LIRCMOP7_BC,1,ref_tau,152,30,1,0.1,30,0,0.00159594360523734,0.00493116372744209,30,30,3,0.00774993541720486,40,0.279797246625745,0.313791476906884,0,0,0,0.436135313140776,1.96564558970776,random,19,11,30,0,1,0.00415824826445174,0.00758794350456841,0,0.0280793031931735,NaN,0.666666666666667,0.0198913128564564,0,0.0222772475564195,0.0286623511580953,0.0286637986265414,0.0290103775676011,0,400,39,478,478,346,132,169,44,39,15,4701,17,42,42,42,42,30,30,30,30,30,0,30
LIRCMOP7_BC,1,ref_tau,153,33,1,0.11,33,0,0.00141037034922942,0.00421269138493265,33,30,3,0.00852492895892534,38.7878787878788,0.279205865724254,0.394270830960943,0,0.301095592695212,0.0909090909090909,0.394304255227446,1.45355250356473,random,18,12,30,0,0.909090909090909,0.00437164786292976,0.0056046686462015,0,0.0156728912074917,NaN,0.8,0.0408975040113281,0,0.0129361490348656,0.0174102975947821,0.0174531636365685,0.0188102504556279,0,400,30,460,460,346,114,176,48,35,15,3996,17,42,42,42,42,33,33,33,33,33,0,30
LIRCMOP7_BC,1,ref_tau,154,29,1,0.1,29,0,0.00168983233147275,0.00466865217587068,29,30,3,0.00749160423663136,40,0.267329332958357,0.380063344909481,0,0.235278004311401,0.103448275862069,0.434255573758509,1.97079139841987,random,16,14,30,5,1.03448275862069,0.00441784515338098,0.0054013622045312,0,0.0170453049774226,NaN,0.666666666666667,0.0208563105036108,0.4,0.0122189814461959,0.0181178901331963,0.0178934912209536,0.0190671370628527,0.166666666666667,400,33,466,466,361,105,173,47,36,14,4065,12,37,37,37,36,29,29,29,29,29,0,30
LIRCMOP7_BC,1,ref_tau,155,33,1,0.11,33,0,0.00148814809052518,0.0044655211365083,33,30,3,0.00852492895892534,38.7878787878788,0.267329332958357,0.410727070311015,0,0,0,0.406911572410481,1.77455178466208,random,16,14,30,0,0.909090909090909,0.00251181352796913,0.00405381591447895,0,0.0203882991461782,NaN,0.8,0.0285725662875626,0,0.0165182539927933,0.0227743214635236,0.022162628196571,0.0237914416379657,0,400,29,458,458,356,102,159,43,37,15,3789,8,41,41,41,41,33,33,33,33,33,0,30
LIRCMOP7_BC,1,ref_tau,156,42,1,0.14,42,0,0.00151773197053975,0.00732891937827907,42,30,3,0.0108499095840868,30.4761904761905,0.273267599341305,0.405121500307746,0,0.35189634521979,0.119047619047619,0.429437067394165,1.92981452056077,random,26,4,30,3,0.714285714285714,0.00131397592821465,0.00261164924128181,0,0.0216156315792398,NaN,0.866666666666667,0.0335624458449476,0.142857142857143,0.0206000878719567,0.0237307413236658,0.0238761913821189,0.0220446023219137,0.1,400,33,466,466,354,112,160,43,41,16,3506,10,48,48,48,48,42,42,42,42,42,0,30
LIRCMOP7_BC,1,ref_tau,157,45,1,0.15,45,0,0.00437600373131069,0.0168152081485616,45,30,3,0.0116249031258073,28.4444444444444,0.265168921172587,0.306565578382153,0.0805295853625627,0.823528412933381,0.266666666666667,0.454684421123451,0.735688993670214,random,24,6,30,1,0.666666666666667,0.00474659969175326,0.00835512072233224,0,0.0090730897631695,NaN,0.866666666666667,0.0126104431216862,0.133333333333333,0.00730114951176717,0.0101774074393448,0.00970653338682773,0.0138097755063903,0.0333333333333333,400,42,484,484,371,113,153,43,39,15,3884,4,45,45,45,45,45,45,45,45,45,0,30
LIRCMOP7_BC,1,ref_tau,158,36,1,0.12,36,0,0.00174951701693597,0.00729064347996412,36,30,3,0.00929992250064583,35.5555555555556,0.192653652705743,0.28821770223555,0,0.35189634521979,0.0833333333333333,0.437116269924935,1.64216692506987,random,23,7,30,4,0.833333333333333,0.00292792735074471,0.00548609844390376,0,0.0141362976890801,NaN,0.433333333333333,-0.00139949093569178,0.166666666666667,0.0142294538151506,0.0180879636547397,0.0181565557638038,0.0172147888209554,0.133333333333333,400,45,490,490,363,127,162,37,36,14,5185,0,42,42,42,42,36,36,36,36,36,0,30
LIRCMOP7_BC,1,ref_tau,159,51,1,0.17,51,0,0.0017250861014287,0.00810376197487059,51,30,3,0.0131748902092483,25.0980392156863,0.240177421424494,0.349123871500012,0.0805135587886276,0.823528412933381,0.254901960784314,0.455377454459466,2.16848308941279,random,26,4,30,7,0.588235294117647,0.00189005461970078,0.00398927673314583,0,0.0102492125009721,NaN,0.866666666666667,0.0452831852343402,0.235294117647059,0.0123742279254217,0.0172365706435046,0.0174702033019818,0.0138959251647197,0.233333333333333,400,36,472,472,339,133,182,47,43,17,4578,1,51,51,51,51,51,51,51,51,51,0,30
LIRCMOP7_BC,1,ref_tau,160,45,1,0.15,45,0,0.00155899802044048,0.0069812308254257,45,30,3,0.0116249031258073,28.4444444444444,0.213033353792073,0.391558163624242,0.0337241266534107,0.487843527746011,0.266666666666667,0.456497127971028,1.65394029722353,random,25,5,30,4,0.666666666666667,0.00244389314812195,0.00357646985485976,0,0.0197739711964808,NaN,0.933333333333333,0.0146764857783242,0.4,0.0185680642558043,0.0221810402599186,0.0223416924868647,0.0220203880329726,0.133333333333333,400,51,502,502,367,135,198,49,41,17,5058,2,51,51,51,51,45,45,45,45,45,0,30
LIRCMOP7_BC,1,ref_tau,161,48,1,0.16,48,0,0.00170012564471663,0.0077944300286024,48,30,3,0.0123998966675278,26.6666666666667,0.259021793783522,0.405121500307746,0,0.823528412933381,0.208333333333333,0.464552674838078,1.38342450015285,random,23,7,30,7,0.625,0.000660675849188109,0.00397896159064189,0,0.0127253147720164,NaN,0.766666666666667,0.00909772499059616,0.25,0.0131706421509003,0.0165643896329823,0.0163157435607647,0.0270848582349402,0.233333333333333,400,45,490,490,361,129,167,50,40,18,4685,4,53,53,53,53,48,48,48,48,48,0,30
LIRCMOP7_BC,1,ref_tau,162,48,1,0.16,48,0,0.00145189700309964,0.00408502429782524,48,30,3,0.0123998966675278,26.6666666666667,0.19796123155074,0.405121500307746,-0,0.737771514889796,0.145833333333333,0.451388987942961,1.42509328564581,random,20,10,30,0,0.625,0.00303755149423198,0.0051703775567237,0,0.0172753373110609,NaN,0.966666666666667,0.0382591023502433,0,0.0176380209481698,0.0204902980548068,0.0206044273059338,0.0187695700767367,0,400,48,496,496,350,146,184,52,47,19,4920,13,54,54,54,54,48,48,48,48,48,0,30
LIRCMOP7_BC,1,ref_tau,163,50,1,0.17,50,0,0.00161057183078348,0.00563506389525122,50,30,3,0.0129165590286748,25.6,0.196617252015301,0.402801723093481,0,0.737771514889796,0.22,0.482819234429623,2.10333799364231,random,25,5,30,5,0.6,0.00377344784077712,0.00599214378704639,0,0.00717583559964917,NaN,0.933333333333333,0.057636847906161,0.235294117647059,0.00419525353696629,0.0164259368397516,0.0128482622800132,0.0219705816513785,0.166666666666667,400,48,496,496,373,123,202,50,47,20,4771,6,55,55,55,55,50,50,50,50,50,0,30
LIRCMOP7_BC,1,ref_tau,164,39,1,0.13,39,0,0.00150672981303368,0.00645508166746253,39,30,3,0.0100749160423663,32.8205128205128,0.196617252015301,0.414045282562719,0,0.175506044127973,0.0769230769230769,0.503369017536535,1.4116320429197,random,22,8,30,5,0.769230769230769,0.00377440246966766,0.00499493818397566,0,0.0180296485633907,NaN,0.8,0.00993190714259265,0.615384615384615,0.0170343644903161,0.0208034832635701,0.020159720703356,0.0227452045620748,0.166666666666667,400,50,500,500,362,138,211,51,40,17,6535,4,48,48,48,45,39,39,39,39,39,0,30
LIRCMOP7_BC,1,ref_tau,165,51,1,0.17,51,0,0.00151099766782394,0.00568611876313913,51,30,3,0.0131748902092483,25.0980392156863,0.211127295228999,0.399374309455908,0.0266648895514821,0.737771514889796,0.274509803921569,0.450697055190576,1.83579602490123,random,25,5,30,5,0.588235294117647,0.00524982994500568,0.00978838263945515,0,0.0185794952980249,NaN,0.933333333333333,0.0221937157591684,0.352941176470588,0.0197095123520243,0.0217635048071596,0.0217864851151463,0.0217405244991729,0.166666666666667,400,39,478,478,360,118,190,53,46,19,3667,7,56,56,56,56,51,51,51,51,51,0,30
LIRCMOP7_BC,1,ref_tau,166,54,1,0.18,54,0,0.00204191196702965,0.0074271256366527,54,30,3,0.0139498837509687,23.7037037037037,0.211127295228999,0.337413160181114,0.0266648895514821,0.823528412933381,0.277777777777778,0.454286646037404,1.8481257645882,random,23,7,30,3,0.555555555555556,0.0151005219798026,0.0183059725658406,0,0.0192044140479819,NaN,0.1,-0.0157217656586725,0.222222222222222,0.0165111378167485,0.0194787025653043,0.0188605516908969,0.0203610032760865,0.1,400,51,502,502,378,124,188,53,46,20,4909,4,57,57,57,57,54,54,54,54,54,0,30
LIRCMOP7_BC,1,ref_tau,167,42,1,0.14,42,0,0.00105617785641127,0.0046374103955077,42,30,3,0.0108499095840868,30.4761904761905,0.231440370230383,0.414045282562719,0,0.0266648895514821,0.0714285714285714,0.478877147710319,1.43745521221603,random,22,8,30,3,0.714285714285714,0.010349021864889,0.0113846495946144,0,0.0195589775150044,NaN,0.733333333333333,0.0147953800913729,0.142857142857143,0.0188724429761135,0.0204563250862105,0.0202823757589628,0.0210563039622895,0.1,400,54,508,508,373,135,189,51,41,20,5803,12,54,54,54,54,42,42,42,42,42,0,30
LIRCMOP7_BC,1,ref_tau,168,39,1,0.13,39,0,0.00151416937437835,0.00546505136486244,39,30,3,0.0100749160423663,32.8205128205128,0.237654960039808,0.444398543876074,0,0.0640571690188579,0.0256410256410256,0.42586817868187,1.22204875734013,random,17,13,30,3,0.769230769230769,0.00659049193158271,0.0103692683781929,0,0.0108899828971854,NaN,0.9,0.0431758792812165,0.230769230769231,0.00811971282984384,0.0159068340565279,0.00999898468513167,0.0176591551073995,0.1,400,42,484,484,346,138,171,52,42,17,4633,21,45,45,45,45,39,39,39,39,39,0,30
LIRCMOP7_BC,1,ref_tau,169,35,1,0.12,35,0,0.000884235206333619,0.00433147427052926,35,30,3,0.00904159132007233,36.5714285714286,0.276617866947429,0.444618042266114,0,0,0,0.404929323192038,0.650119709450226,random,17,13,30,4,0.857142857142857,0.00314983671827906,0.00574318194508243,0,0.00668424891689588,NaN,0.666666666666667,0.0014047658351137,0.416666666666667,0.00789012055513756,0.0107840099841549,0.00885453573947262,0.0135221903912168,0.133333333333333,400,39,478,478,355,123,184,55,41,19,4829,13,46,46,46,46,35,35,35,35,35,0,30
LIRCMOP7_BC,1,ref_tau,170,42,1,0.14,42,0,0.000928861519680804,0.00477711725040618,42,30,3,0.0108499095840868,30.4761904761905,0.228311943966531,0.4473825833541,-0,0.737771514889796,0.0714285714285714,0.401496690488672,1.47358604323995,random,20,10,30,3,0.714285714285714,0.00651475255701265,0.00757646392637079,0,0.0138263393669903,NaN,0.866666666666667,0.00251922404754681,0.142857142857143,0.0132753947171576,0.0150937630608539,0.0150569914718886,0.015619166731784,0.1,400,35,470,470,346,124,184,54,48,21,3920,10,51,51,51,51,42,42,42,42,42,0,30
LIRCMOP7_BC,1,ref_tau,171,45,1,0.15,45,0,0.000996089564865694,0.00409369204480733,45,30,3,0.0116249031258073,28.4444444444444,0.228311943966531,0.444398543876074,-0,0.737771514889796,0.155555555555556,0.441729519385388,1.73684706931414,random,17,13,30,0,0.666666666666667,0.00471413213386653,0.00551663353102456,0,0.010662998352911,NaN,0.666666666666667,0.00610330494832677,0,0.0113080976513229,0.0154423740599573,0.0154529812898391,0.0144866812421352,0,400,42,484,484,361,123,189,55,35,17,4908,1,51,51,51,51,45,45,45,45,45,0,30
LIRCMOP7_BC,1,ref_tau,172,39,1,0.13,39,0,0.000956207626752197,0.00395855728756053,39,30,3,0.0100749160423663,32.8205128205128,0.309081845123987,0.444530242910098,-0,0.823528412933381,0.102564102564103,0.415565949062153,1.59371250902935,random,18,12,30,3,0.769230769230769,0.00430290278525853,0.0145416676702701,0,0.0148899173232552,NaN,0.266666666666667,-0.00756971636681072,0.153846153846154,0.00579318500806997,0.0184759455061385,0.0141863218691641,0.0211945059941601,0.1,400,45,490,490,360,130,178,52,46,20,5106,10,49,49,49,49,39,39,39,39,39,0,30
LIRCMOP7_BC,1,ref_tau,173,42,1,0.14,42,0,0.000978074715250518,0.00355149876254369,42,30,3,0.0108499095840868,30.4761904761905,0.228311943966531,0.444464393393086,-0,0.737771514889796,0.142857142857143,0.415955165774101,2.10170925602373,random,16,14,30,2,0.714285714285714,0.00569043587016143,0.0114063743466742,0,0.0157742711439,NaN,0.866666666666667,0.0344305704457803,0.142857142857143,0.00658043660449078,0.0196461947088382,0.00784000079169387,0.042833549120074,0.0666666666666667,400,39,478,478,349,129,162,49,43,21,4423,21,50,50,50,50,42,42,42,42,42,0,30
LIRCMOP7_BC,1,ref_tau,174,54,1,0.18,54,0,0.00144529377820712,0.00683516911886732,54,30,3,0.0139498837509687,23.7037037037037,0.281063139016725,0.444398543876074,0,1,0.222222222222222,0.54583829268432,1.84772507801224,random,21,9,30,0,0.555555555555556,0.0123751203373165,0.0173240082418139,0,0.0225929689953691,NaN,0.8,0.0151058149828611,0,0.0218040966959734,0.0232416103053274,0.0224111201120355,0.0309665076222915,0,400,42,484,484,357,127,178,53,50,24,3574,19,63,63,63,63,54,54,54,54,54,0,30
LIRCMOP7_BC,1,ref_tau,175,45,1,0.15,45,0,0.000956447966010516,0.00408465290940632,45,30,3,0.0116249031258073,28.4444444444444,0.298661144837669,0.414045282562719,0,0.737771514889796,0.133333333333333,0.465813824086796,1.48165318087539,random,20,10,30,4,0.666666666666667,0.0129557085200313,0.0151597214082003,0,0.0254701811314714,NaN,0.233333333333333,-0.0114519202768112,0.4,0.0211928295618703,0.0259635544537358,0.0231018178307461,0.0263911733851258,0.133333333333333,400,54,508,508,370,138,212,50,45,19,5244,5,48,48,48,48,45,45,45,45,45,0,30
LIRCMOP7_BC,1,ref_tau,176,52,1,0.18,52,0,0.00259469316434339,0.00686776206864046,52,30,3,0.0134332213898218,24.6153846153846,0.228311943966531,0.414045282562719,0,0.823528412933381,0.173076923076923,0.496522774595624,3.0661963519287,random,19,11,30,7,0.576923076923077,0.0260591308395258,0.053225034899425,0,0.0532985512304984,NaN,0.733333333333333,0.0229809663718998,0.333333333333333,0.0264297128575258,0.0534328456050093,0.0432639446206682,0.0578920407410522,0.233333333333333,400,45,490,490,355,135,163,48,42,19,4274,7,54,54,54,54,52,52,52,52,52,0,30
LIRCMOP7_BC,1,ref_tau,177,59,1,0.2,59,0,0.00192651032250196,0.00757158483012954,59,30,3,0.0152415396538362,21.6949152542373,0.272912080912286,0.414045282562719,0,0.823528412933381,0.203389830508475,0.55800506057133,3.46122630339613,random,28,2,30,9,0.508474576271186,0.00758999974803149,0.0421676866539029,0,0.042467547348054,NaN,0.133333333333333,-0.0336392828033655,0.2,0.0115674251935401,0.0429401677351592,0.0374944874899818,0.0552342566081312,0.3,400,52,504,504,365,139,195,52,58,22,3486,10,63,63,63,63,59,59,59,59,59,0,30
LIRCMOP7_BC,1,ref_tau,178,55,1,0.19,55,0,0.00254698287768043,0.00818567659309737,55,30,3,0.0142082149315422,23.2727272727273,0.270357749020656,0.441986978558923,-0,0.256811830914831,0.127272727272727,0.48023642833542,1.5514387649003,random,24,6,30,2,0.545454545454545,0.00865620744048253,0.0166320741842771,0,0.0166320741842771,NaN,0.8,0.00542986807963622,0.105263157894737,0.0134189728747697,0.0168258282804243,0.0156306923299592,0.021279401645715,0.0666666666666667,400,59,518,518,377,141,207,56,53,22,5330,14,63,63,63,60,55,55,55,55,55,0,30
LIRCMOP7_BC,1,ref_tau,179,55,1,0.19,55,0,0.00224435691794261,0.00615985205375149,55,30,3,0.0142082149315422,23.2727272727273,0.272912080912286,0.430306156928235,0,0.823528412933381,0.145454545454545,0.608560271850856,4.70745908705973,random,24,6,30,11,0.545454545454545,0.0150129024950267,0.0545912077338233,0,0.0547913507091296,NaN,0.0666666666666667,-0.0268015765187584,0.210526315789474,0.0237017274907315,0.0565341438920843,0.0543813939640083,0.0646614746574404,0.366666666666667,400,55,510,510,372,138,179,51,46,21,4471,14,63,63,63,63,55,55,55,55,55,0,30
LIRCMOP7_BC,1,ref_tau,180,58,1,0.2,58,0,0.00208996144457325,0.0071447733438252,58,30,3,0.0149832084732627,22.0689655172414,0.269896837751604,0.406026475932883,-0,1,0.103448275862069,0.542563154638577,1.54111195452969,random,21,9,30,2,0.517241379310345,0.0107111506753113,0.0154113248262858,0,0.0213552129796494,NaN,0.8,0.0204654971437027,0.1,0.0183438136646702,0.0216684634356875,0.0196961507030162,0.0246134022040709,0.0666666666666667,400,55,510,510,376,134,176,47,44,20,5278,8,60,60,60,60,58,58,58,58,58,0,30
LIRCMOP7_BC,1,ref_tau,181,60,1,0.2,60,0,0.00212329576249758,0.00698686749165222,60,30,3,0.0154998708344097,21.3333333333333,0.268022097120452,0.414045282562719,0,0.250473238849613,0.15,0.519815373715359,3.99868468881018,random,22,8,30,11,0.5,0.0226710684018987,0.0549096913407703,0,0.0549096913407703,NaN,0.866666666666667,0.0350746143304896,0.4,0.0275005844760649,0.0561607860008021,0.055209749491138,0.0601346562170136,0.366666666666667,400,58,516,516,369,147,180,48,47,23,4740,9,66,66,66,66,60,60,60,60,60,0,30
LIRCMOP7_BC,1,ref_tau,182,57,1,0.19,57,0,0.0017854022883761,0.00631009388176521,57,30,3,0.0147248772926892,22.4561403508772,0.266068692001142,0.408699411476162,-0,0.58134029280812,0.105263157894737,0.448250584255529,3.50286379560059,random,19,11,30,10,0.526315789473684,0.0283400619071026,0.0637007585059128,0,0.0641193695722319,NaN,0.8,0.0287735791838,0.263157894736842,0.0285950155419194,0.0643663926144016,0.0608645454172067,0.0671086380667126,0.333333333333333,400,60,520,520,357,163,188,45,48,22,7096,18,60,60,60,60,57,57,57,57,57,0,30
LIRCMOP7_BC,1,ref_tau,183,63,1,0.21,63,0,0.0021740888564603,0.00974023909249483,63,30,3,0.0162748643761302,20.3174603174603,0.269896837751604,0.436223926444023,-0,0.638606109440684,0.222222222222222,0.510161529979209,3.07976623822621,random,21,9,30,11,0.476190476190476,0.0138834053914911,0.0416731612633158,0,0.0416731612633158,NaN,0.1,-0.0560783301736689,0.380952380952381,0.0188511630701268,0.0429681550787693,0.0429292522207286,0.0421978875556858,0.366666666666667,400,57,514,514,362,152,190,50,53,25,4834,21,69,69,69,69,63,63,63,63,63,0,30
LIRCMOP7_BC,1,ref_tau,184,69,1,0.23,69,0,0.00187675114000586,0.00570839107791922,69,30,3,0.0178248514595712,18.5507246376812,0.285873599698624,0.416909439828437,0,0.852790895718552,0.173913043478261,0.487054263061351,1.66957361919133,random,23,7,30,6,0.434782608695652,0.00474142276595325,0.0158105012722548,0,0.0159773689655505,NaN,0.2,-0.0213964175908986,0.173913043478261,0.00676507447381323,0.0168762646506082,0.0165184380411973,0.0305351584919911,0.2,400,63,526,526,374,152,215,53,49,27,4956,18,81,81,81,78,69,69,69,69,69,0,30
LIRCMOP7_BC,1,ref_tau,185,71,1,0.24,71,0,0.00290982976284049,0.0124027224816392,71,30,3,0.0183415138207182,18.0281690140845,0.284307515878619,0.415190945469006,0.102667204800163,0.823528412933381,0.253521126760563,0.493326474614979,1.57346022273371,random,23,7,30,5,0.422535211267606,0.00582948632892429,0.00934835592373429,0,0.0124820793245344,NaN,0.6,0.002394663703428,0.25,0.00655469141685674,0.0191618073655671,0.0139384452368044,0.019382257130637,0.166666666666667,400,69,538,538,380,158,222,56,48,25,5749,15,74,74,74,74,71,71,71,71,71,0,30
LIRCMOP7_BC,1,ref_tau,186,72,1,0.24,72,0,0.00237597002750416,0.00541134822522142,72,30,3,0.0185998450012917,17.7777777777778,0.307561365907028,0.422702570629432,0,0.852790895718552,0.236111111111111,0.516544989354474,1.47805177841375,random,24,6,30,4,0.416666666666667,0.00447952625830868,0.00747678046891306,0,0.00900949388023282,NaN,0.133333333333333,-0.0359985339034973,0.0833333333333333,0.00582064270826556,0.0108043892315907,0.0100515036977671,0.0172547723735959,0.133333333333333,400,71,542,542,383,159,203,53,55,27,4953,25,81,81,81,81,72,72,72,72,72,0,30
LIRCMOP7_BC,1,ref_tau,187,70,1,0.24,70,0,0.00245011890889773,0.00740364481388327,70,30,3,0.0180831826401447,18.2857142857143,0.281990650639129,0.416909439828437,-0,0.775169012530562,0.142857142857143,0.509011689578792,2.0054895071921,random,22,8,30,4,0.428571428571429,0.0149227057468936,0.0244560608033492,0,0.0245120670572963,NaN,0.466666666666667,-0.00234812849813695,0.166666666666667,0.0160574885311312,0.0248122976865019,0.0245348804151293,0.0320328144826836,0.133333333333333,400,72,544,544,375,169,225,53,56,28,6346,44,76,76,76,76,70,70,70,70,70,0,30
LIRCMOP7_BC,1,ref_tau,188,68,1,0.23,68,0,0.00246299061093949,0.00894441344089914,68,30,3,0.0175665202789977,18.8235294117647,0.269896837751604,0.414045282562719,0,0.823528412933381,0.132352941176471,0.498805910055311,1.89825518661781,random,21,9,30,4,0.441176470588235,0.00485895623416589,0.00868074106722721,0,0.009752277835432,NaN,0.333333333333333,-0.0415021966868987,0.173913043478261,0.00979071251564776,0.0116693926951633,0.0103623342183412,0.0182883025206945,0.133333333333333,400,70,540,540,381,159,194,49,45,23,6888,15,69,69,69,69,68,68,68,68,68,0,30
LIRCMOP7_BC,1,ref_tau,189,72,1,0.24,72,0,0.00267179193708954,0.00910642540515301,72,30,3,0.0185998450012917,17.7777777777778,0.288942911180362,0.416909439828437,0,0.823528412933381,0.152777777777778,0.573317742961404,1.65724963503902,random,23,7,30,6,0.416666666666667,0.00533937138889593,0.0177842687570077,0,0.0188568824337186,NaN,0.666666666666667,0.0268076626776856,0.166666666666667,0.00635374491618415,0.0196746824130772,0.0170035616223502,0.0238599861868307,0.2,400,68,536,536,394,142,227,55,48,26,5083,28,78,78,78,75,72,72,72,72,72,0,30
LIRCMOP7_BC,1,ref_tau,190,75,1,0.25,75,0,0.00322691687317645,0.0105306691585485,75,30,3,0.0193748385430121,17.0666666666667,0.28652615454082,0.416909439828437,0.166193589601964,0.943469489314412,0.266666666666667,0.772189138618939,4.47158431572635,random,23,7,30,4,0.4,0.0247821814128066,0.0357862397172672,0,0.0377781121098528,NaN,0.933333333333333,0.0526536033005209,0.24,0.026881067030153,0.0385684896315185,0.0323882109345014,0.0589662819596721,0.133333333333333,400,72,544,544,389,155,218,56,57,30,5569,14,81,81,81,81,75,75,75,75,75,0,30
LIRCMOP7_BC,1,ref_tau,191,81,1,0.27,81,0,0.00260779281513614,0.00960538341540891,81,30,3,0.0209248256264531,15.8024691358025,0.281990650639129,0.420473980303957,0.312327070168708,0.787538753229538,0.333333333333333,0.576927062564099,1.35317053903225,random,24,6,30,6,0.37037037037037,0.00956333510845187,0.015512897931974,0,0.0168983976470711,NaN,0.533333333333333,0.00125320311441809,0.148148148148148,0.0108942541613415,0.0228287494970614,0.0178724095686859,0.027543412659968,0.2,400,75,550,550,390,160,235,58,52,28,5586,18,84,84,84,84,81,81,81,81,81,0,30
LIRCMOP7_BC,1,ref_tau,192,78,1,0.26,78,0,0.00233913227513721,0.00816870463167403,78,30,3,0.0201498320847326,16.4102564102564,0.305761783014186,0.420473980303957,0.166193589601964,0.836297575246266,0.269230769230769,0.501141527490176,1.27958923095421,random,28,2,30,3,0.384615384615385,0.0124009807346235,0.0189704482475901,0,0.0191988667990128,NaN,0.833333333333333,0.0648855439182402,0.0769230769230769,0.0136000562260065,0.0216439127853452,0.0221405719495785,0.0202093921790637,0.1,400,81,562,562,402,160,228,60,56,28,4854,33,84,84,84,84,78,78,78,78,78,0,30
LIRCMOP7_BC,1,ref_tau,193,78,1,0.26,78,0,0.00257327974517036,0.00775339734551363,78,30,3,0.0201498320847326,16.4102564102564,0.28652615454082,0.430426745030759,0.72867827030142,0.836297575246266,0.333333333333333,0.576982754007237,0.827151287706766,random,26,4,30,3,0.384615384615385,0.00488188280490183,0.00878379472307692,0,0.0107992446236314,NaN,0.3,-0.046904628023226,0.153846153846154,0.0083312022085657,0.0112272313764816,0.0112658723880634,0.0111788552505021,0.1,400,78,556,556,401,155,205,58,54,28,5312,31,84,84,84,84,78,78,78,78,78,0,30
LIRCMOP7_BC,1,ref_tau,194,72,1,0.24,72,0,0.00298822394107919,0.0113450508405119,72,30,3,0.0185998450012917,17.7777777777778,0.28652615454082,0.416909439828437,0.239260329885336,0.823528412933381,0.291666666666667,0.584065706197539,1.5635876368237,random,23,7,30,5,0.416666666666667,0.0268002736479387,0.0295624457669305,0,0.0309803989886491,NaN,0.8,0.079797515579624,0.0833333333333333,0.0271692643465616,0.0312705007367466,0.0310874233483529,0.0318201857728499,0.166666666666667,400,78,556,556,380,176,216,59,50,26,6956,42,76,76,76,75,72,72,72,72,72,0,30
LIRCMOP7_BC,1,ref_tau,195,79,1,0.27,79,0,0.00233676302681728,0.00739741403320342,79,30,3,0.0204081632653061,16.2025316455696,0.298167782311745,0.416909439828437,0,0.58134029280812,0.227848101265823,0.537269800408321,1.78489670953943,random,29,1,30,5,0.379746835443038,0.0105057575900761,0.0256636070123317,0,0.0260157546089866,NaN,0.9,0.0364985144853514,0.148148148148148,0.013205022646407,0.0271099433202526,0.0272666907649356,0.0124954783371397,0.166666666666667,400,72,544,544,384,160,215,56,59,30,4483,48,90,90,90,87,79,79,79,79,79,0,30
LIRCMOP7_BC,1,ref_tau,196,93,1,0.32,93,0,0.00293644323897683,0.0077687729655271,93,30,3,0.0240247997933351,13.7634408602151,0.28652615454082,0.436219875831754,-0,0.823528412933381,0.182795698924731,0.554989069098856,1.44211177791304,random,30,0,30,7,0.32258064516129,0.00723975430379762,0.014086043297671,0,0.014086043297671,NaN,0.2,-0.067164964035192,0.125,0.00877665782769769,0.0145062178936337,0.0145062178936337,NaN,0.233333333333333,400,79,558,558,390,168,225,62,69,35,4500,6,105,105,105,103,93,93,93,93,93,0,30
LIRCMOP7_BC,1,ref_tau,197,93,1,0.31,93,0,0.0032084929615496,0.00916907011393722,93,30,3,0.0240247997933351,13.7634408602151,0.28652615454082,0.418944468679521,-0,0.823528412933381,0.161290322580645,0.51586684209536,1.05729847190886,random,30,0,30,2,0.32258064516129,0.0105258016228428,0.0166460633159949,0,0.0168590209036588,NaN,0.466666666666667,-0.00588283434846532,0.0645161290322581,0.0119487050976693,0.0198044579153784,0.0198044579153784,NaN,0.0666666666666667,400,93,586,586,395,191,249,63,69,37,6072,31,102,102,102,99,93,93,93,93,93,0,30
LIRCMOP7_BC,1,ref_tau,198,96,1,0.32,96,0,0.00369040536606037,0.0106761318843528,96,30,3,0.0247997933350555,13.3333333333333,0.292346968426282,0.416909439828437,0.0866331379826811,0.852790895718552,0.25,0.513506179563254,1.16841100652096,random,28,2,30,2,0.3125,0.00793435631058333,0.0167225812468572,0,0.0167225812468572,NaN,0.433333333333333,-0.00837558434453661,0.125,0.0121162885986531,0.0236129456552671,0.0222830005582387,0.0302244536158917,0.0666666666666667,400,93,586,586,398,188,216,55,62,36,5444,15,108,108,108,108,96,96,96,96,96,0,30
LIRCMOP7_BC,1,ref_tau,199,90,1,0.3,90,0,0.00321677322204449,0.010480174162749,90,30,3,0.0232498062516146,14.2222222222222,0.300107673497644,0.437698955986418,0.035011224663438,0.852790895718552,0.288888888888889,0.478529018033003,1.68750350278822,random,30,0,30,5,0.333333333333333,0.00537902238233917,0.0135026826367506,0,0.0167348105048677,NaN,0.366666666666667,-0.0130053358110767,0.166666666666667,0.0103293385781649,0.0171057038131612,0.0171057038131612,NaN,0.166666666666667,400,96,592,592,397,195,179,47,64,32,5692,18,96,96,96,96,90,90,90,90,90,0,30
LIRCMOP7_BC,1,ref_tau,200,93,1,0.31,93,0,0.00328009180423836,0.0111673565412188,93,30,3,0.0240247997933351,13.7634408602151,0.298167782311745,0.43681150789362,0.00833959045223754,0.787538753229538,0.258064516129032,0.486504198271603,1.47925328646915,random,30,0,30,0,0.32258064516129,0.00518706650120167,0.0110003247608067,0,0.0160722272659125,NaN,0.466666666666667,-0.00123628877973941,0,0.0132383309510711,0.0219378219908107,0.0219378219908107,NaN,0,400,90,580,580,390,190,216,52,70,35,5929,31,102,102,102,102,93,93,93,93,93,0,30
LIRCMOP7_BC,1,ref_tau,201,100,1,0.34,100,0,0.0037406068492888,0.0129998763069099,100,30,3,0.0258331180573495,12.8,0.282730308310097,0.436219875831754,0.173266275965362,0.943469489314412,0.33,0.518865316287301,1.69540479140742,random,30,0,30,1,0.3,0.00807260054007022,0.0194032249778049,0,0.0194032249778049,NaN,0.633333333333333,0.0373448547004142,0.0588235294117647,0.00991219070121635,0.0224652507703062,0.0224652507703062,NaN,0.0333333333333333,400,93,586,586,385,201,204,54,65,36,6185,7,108,108,108,108,100,100,100,100,100,0,30
LIRCMOP7_BC,1,ref_tau,202,104,1,0.35,104,0,0.00393856507758164,0.013403463510041,104,30,3,0.0268664427796435,12.3076923076923,0.298125730785734,0.439178036141081,-0,0.787538753229538,0.201923076923077,0.482160712047037,1.3320885972714,random,30,0,30,2,0.288461538461538,0.00449071599915769,0.00666501046815593,0,0.00812666446869762,NaN,0.966666666666667,0.0459258410330232,0.114285714285714,0.00587949622747191,0.00956555520610401,0.00956555520610401,NaN,0.0666666666666667,400,100,600,600,405,195,222,60,67,37,5813,10,111,111,111,111,104,104,104,104,104,0,30
LIRCMOP7_BC,1,ref_tau,203,93,1,0.31,93,0,0.00380652985590173,0.0135113771353633,93,30,3,0.0240247997933351,13.7634408602151,0.302206900018614,0.498534785673999,0,0.72867827030142,0.0967741935483871,0.503830484702144,2.68002439450403,random,30,0,30,2,0.32258064516129,0.0239044264432173,0.0317459882715431,0,0.0444356178622564,NaN,0.933333333333333,0.0625935431322105,0.0645161290322581,0.0271782777554152,0.0455201290434074,0.0455201290434074,NaN,0.0666666666666667,400,104,608,608,411,197,236,54,63,32,6730,6,96,96,96,96,93,93,93,93,93,0,30
LIRCMOP7_BC,1,ref_tau,204,102,1,0.34,102,0,0.00249901876100519,0.00928788403481839,102,30,3,0.0263497804184965,12.5490196078431,0.324557837028617,0.57377770290405,0,0.835788952478002,0.147058823529412,0.529059079645976,1.26534703673379,random,30,0,30,1,0.294117647058824,0.00552988125940271,0.0105545798031131,0,0.0105545798031131,NaN,0.633333333333333,0.0183009714804956,0.0588235294117647,0.00975910691161971,0.018191874911853,0.018191874911853,NaN,0.0333333333333333,400,93,586,586,396,190,247,59,70,37,5030,4,111,111,111,111,102,102,102,102,102,0,30
LIRCMOP7_BC,1,ref_tau,205,112,1,0.38,112,0,0.00429736859752654,0.0142374034454633,112,30,3,0.0289330922242315,11.4285714285714,0.285486275350389,0.439178036141081,-0,0.835788952478002,0.160714285714286,0.503089483827502,1.11703595704562,random,29,1,30,0,0.267857142857143,0.00658617566112253,0.0086875526879538,0,0.0086875526879538,NaN,0.6,0.0135632610303275,0,0.0107820190049807,0.0167833540627564,0.0168467876954566,0.0101906891949733,0,400,102,604,604,409,195,236,59,73,41,6210,8,120,120,120,120,112,112,112,112,112,0,30
LIRCMOP7_BC,1,ref_tau,206,117,1,0.39,117,0,0.00483725241784419,0.0141152647571587,117,30,3,0.0302247481270989,10.9401709401709,0.284298525180549,0.42337405275207,0.109794602968274,0.835788952478002,0.256410256410256,0.516868139029449,0.707771179140348,random,30,0,30,2,0.256410256410256,0.00402994468951292,0.00625395298229217,0,0.00625395298229217,NaN,0.766666666666667,0.0238240363763678,0.102564102564103,0.00652473036786428,0.00923952729789052,0.00923952729789052,NaN,0.0666666666666667,400,112,624,624,407,217,259,59,77,42,6360,0,126,126,126,126,117,117,117,117,117,0,30
LIRCMOP7_BC,1,ref_tau,207,111,1,0.37,111,0,0.00470906420982077,0.0111095700136813,111,30,3,0.028674761043658,11.5315315315315,0.323599379218063,0.444060117600063,0,0.852790895718552,0.189189189189189,0.485772054378696,0.631732890847019,random,30,0,30,1,0.27027027027027,0.00208991147441384,0.00253105829584933,0,0.00748983812562419,NaN,0.733333333333333,0.022955391368113,0.0540540540540541,0.00767123966243193,0.0116141207695538,0.0116141207695538,NaN,0.0333333333333333,400,117,634,634,411,223,242,56,73,40,7457,10,120,120,120,120,111,111,111,111,111,0,30
LIRCMOP7_BC,1,ref_tau,208,105,1,0.35,105,0,0.0045160005087079,0.0130169650767439,105,30,3,0.027124773960217,12.1904761904762,0.269896837751604,0.444060117600063,-0,0.943469489314412,0.142857142857143,0.514670144889975,2.21842227545243,random,30,0,30,7,0.285714285714286,0.00912466520887835,0.0332078578249931,0,0.0339504960523367,NaN,0.3,-0.0254432487369128,0.2,0.010212326099376,0.0341199302825461,0.0341199302825461,NaN,0.233333333333333,400,111,622,622,411,211,227,52,71,38,7501,7,114,114,114,114,105,105,105,105,105,0,30
LIRCMOP7_BC,1,ref_tau,209,105,1,0.35,105,0,0.00482782190504049,0.0110711443626856,105,30,3,0.027124773960217,12.1904761904762,0.288577138811249,0.48840034766663,0,0.943469489314412,0.171428571428571,0.569052944969845,3.16616275745045,random,30,0,30,9,0.285714285714286,0.0207576419717534,0.0524820452056389,0,0.0528152678582054,NaN,0.333333333333333,-0.0321767341357429,0.171428571428571,0.0229810575961247,0.0531983604155243,0.0531983604155243,NaN,0.3,400,105,610,610,385,225,201,54,74,39,6783,4,117,117,117,117,105,105,105,105,105,0,30
LIRCMOP7_BC,1,ref_tau,210,105,1,0.35,105,0,0.00364882325102739,0.00803022980547292,105,30,3,0.027124773960217,12.1904761904762,0.296990119698866,0.48840034766663,-0,0.943469489314412,0.142857142857143,0.650710640733079,5.75387273519158,random,30,0,30,15,0.285714285714286,0.0343040011091961,0.0938999788705015,0,0.109150919336703,NaN,0.633333333333333,0.0290410490593023,0.2,0.0380826148678521,0.109391765916083,0.109391765916083,NaN,0.5,400,105,610,610,396,214,238,54,75,39,7223,8,117,117,117,117,105,105,105,105,105,0,30
LIRCMOP7_BC,1,ref_tau,211,111,1,0.37,111,0,0.0044672249888532,0.00860946322811112,111,30,3,0.028674761043658,11.5315315315315,0.280405526150229,0.444060117600063,-0,0.823148663918842,0.162162162162162,0.688602146588534,6.80210154334554,random,30,0,30,19,0.27027027027027,0.0453615117009675,0.107607876148886,0,0.147504365365593,NaN,0.5,-0.00381859921261785,0.162162162162162,0.0776602767419509,0.147728892820895,0.147728892820895,NaN,0.633333333333333,400,105,610,610,383,227,228,50,74,39,7740,4,117,117,117,117,111,111,111,111,111,0,30
LIRCMOP7_BC,1,ref_tau,212,97,1,0.33,97,0,0.00377806437305333,0.00989293965735288,97,30,3,0.025058124515629,13.1958762886598,0.269896837751604,0.406415369928933,0,0.852790895718552,0.0927835051546392,0.531845193975682,6.60733439349202,random,30,0,30,17,0.309278350515464,0.0410241089038553,0.100078242325416,0,0.14779187230461,NaN,0.3,-0.0258416722486877,0.181818181818182,0.0799762352492089,0.148192321734592,0.148192321734592,NaN,0.566666666666667,400,111,622,622,373,249,232,46,70,34,9358,4,102,102,102,100,97,97,97,97,97,0,30
LIRCMOP7_BC,1,ref_tau,213,111,1,0.37,111,0,0.00404205346314848,0.00898009664875679,111,30,3,0.028674761043658,11.5315315315315,0.268708883265424,0.444060117600063,-0,0.823148663918842,0.144144144144144,0.531907892074868,7.57060594100725,random,30,0,30,22,0.27027027027027,0.0558396498279269,0.118577672606159,0,0.153970882256688,NaN,0.0666666666666667,-0.019702958196458,0.189189189189189,0.0913789413911328,0.154278893634988,0.154278893634988,NaN,0.733333333333333,400,97,594,594,382,212,215,48,72,39,7755,6,117,117,117,117,111,111,111,111,111,0,30
LIRCMOP7_BC,1,ref_tau,214,129,1,0.44,129,0,0.00396384325012188,0.00982167145786948,129,30,3,0.0333247222939809,9.92248062015504,0.290707662200284,0.463936000129409,0,0.943469489314412,0.162790697674419,0.605357933331389,3.88492871790666,random,30,0,30,10,0.232558139534884,0.010570794989282,0.0547204743916314,0,0.0551267041145349,NaN,0.333333333333333,-0.0295017104833016,0.136363636363636,0.0188685535538746,0.0556442222841029,0.0556442222841029,NaN,0.333333333333333,400,111,622,622,390,232,248,53,80,45,7645,7,135,135,135,135,129,129,129,129,129,0,30
LIRCMOP7_BC,1,ref_tau,215,129,1,0.43,129,0,0.00521467623839238,0.014218977100539,129,30,3,0.0333247222939809,9.92248062015504,0.288577138811249,0.463498150444548,0,0.760006207067775,0.162790697674419,0.502159931105587,1.59079842338586,random,30,0,30,2,0.232558139534884,0.00331608553427135,0.0125271393753818,0,0.0132912924161913,NaN,0.466666666666667,-0.00666759410796686,0.0465116279069767,0.00433042166668781,0.0134214192795823,0.0134214192795823,NaN,0.0666666666666667,400,129,658,658,393,265,280,54,86,48,9993,5,143,143,143,143,129,129,129,129,129,0,30
LIRCMOP7_BC,1,ref_tau,216,140,1,0.47,140,0,0.00387856284277984,0.0122312089653142,140,30,3,0.0361663652802893,9.14285714285714,0.325491686939686,0.463498150444548,0,0.835788952478002,0.142857142857143,0.544690194366354,0.734301223706916,random,30,0,30,2,0.214285714285714,0.0120512901256471,0.0137280283764025,0,0.0140618080070048,NaN,0.4,-0.0100627861156738,0.0425531914893617,0.0137551269402111,0.0142524608387037,0.0142524608387037,NaN,0.0666666666666667,400,129,658,658,410,248,268,58,91,52,7548,6,156,156,156,156,140,140,140,140,140,0,30
LIRCMOP7_BC,1,ref_tau,217,130,1,0.44,130,0,0.00333104820214933,0.0105712397111488,130,30,3,0.0335830534745544,9.84615384615385,0.323599379218063,0.463498150444548,0,0.72867827030142,0.0846153846153846,0.48189058182063,0.4588549212272,random,30,0,30,3,0.230769230769231,0.00590617986111016,0.00602863830661198,0,0.00650768918224343,NaN,0.1,-0.125798186391271,0.0909090909090909,0.00632549796334625,0.00749470392965305,0.00749470392965305,NaN,0.1,400,140,680,680,411,269,289,54,88,48,9160,17,142,142,142,142,130,130,130,130,130,0,30
LIRCMOP7_BC,1,ref_tau,218,128,1,0.43,128,0,0.00340480145543144,0.0113582799006902,128,30,3,0.0330663911134074,10,0.305892265517072,0.439022547494522,0,0.58134029280812,0.140625,0.529264661069162,2.19468714373465,random,30,0,30,6,0.234375,0.01338250738145,0.0254605257483338,0,0.0256494365880794,NaN,0.0666666666666667,-0.103905646703945,0.116279069767442,0.0184072004092293,0.0264916261315209,0.0264916261315209,NaN,0.2,400,130,660,660,393,267,259,53,89,46,9501,26,137,137,137,137,128,128,128,128,128,0,30
LIRCMOP7_BC,1,ref_tau,219,134,1,0.46,134,0,0.00507029040992611,0.0190723747405659,134,30,3,0.0346163781968484,9.55223880597015,0.303923271469901,0.48840034766663,0,0.943469489314412,0.23134328358209,0.531147918110331,1.02531420323029,random,30,0,30,5,0.223880597014925,0.00634243015879208,0.00842594061703189,0,0.00842594061703189,NaN,0.433333333333333,-0.0196022781858638,0.108695652173913,0.00672289203438072,0.00869671997758867,0.00869671997758867,NaN,0.166666666666667,400,128,656,656,377,279,279,55,94,50,7924,12,148,148,148,148,134,134,134,134,134,0,30
LIRCMOP7_BC,1,ref_tau,220,130,1,0.44,130,0,0.00477853643472127,0.0182633337721194,130,30,3,0.0335830534745544,9.84615384615385,0.290238524290599,0.441976204400362,0,0.58134029280812,0.207692307692308,0.48898731435206,1.70499807962189,random,30,0,30,6,0.230769230769231,0.00989183397470387,0.0251211539088084,0,0.0253634882488879,NaN,0.6,0.0123579454748891,0.113636363636364,0.0122312774494506,0.0258265475670876,0.0258265475670876,NaN,0.2,400,134,668,668,395,273,279,53,92,48,8611,17,140,140,140,140,130,130,130,130,130,0,30
LIRCMOP7_BC,1,ref_tau,221,137,1,0.46,137,0,0.00437967280601016,0.0126891339171447,137,30,3,0.0353913717385688,9.34306569343066,0.309081845123987,0.457101325201139,-0,0.72867827030142,0.153284671532847,0.517402369741349,1.35932960441287,random,30,0,30,11,0.218978102189781,0.0238202351115618,0.0434930970935437,0,0.0434930970935437,NaN,0.6,0.0194846503163931,0.0869565217391304,0.0299396612179276,0.0448985130172171,0.0448985130172171,NaN,0.366666666666667,400,130,660,660,395,265,232,58,94,53,6602,14,157,157,157,157,137,137,137,137,137,0,30
LIRCMOP7_BC,1,ref_tau,222,141,1,0.47,141,0,0.00422220661939443,0.0129364029485853,141,30,3,0.0364246964608628,9.07801418439716,0.305892265517072,0.456119330412908,0,0.943469489314412,0.212765957446809,0.537637296611563,2.27850083294255,random,30,0,30,10,0.212765957446809,0.0218088862966798,0.0406662898839638,0,0.0406662898839638,NaN,0.633333333333333,0.0238976842571348,0.127659574468085,0.0272522890815317,0.0416991759120522,0.0416991759120522,NaN,0.333333333333333,400,137,674,674,390,284,263,58,100,58,8043,21,168,168,168,168,141,141,141,141,141,0,30
LIRCMOP7_BC,1,ref_tau,223,154,1,0.52,154,0,0.00429097515300438,0.0129532433579406,154,30,3,0.0397830018083183,8.31168831168831,0.319224732694117,0.493895907077235,0,0.560195118926302,0.201298701298701,0.511883486089559,2.14672817511883,random,30,0,30,10,0.194805194805195,0.0209583244797033,0.0386216817772212,0,0.0386216817772212,NaN,0.5,-3.03729251816542e-05,0.134615384615385,0.026495585317026,0.0400395241238494,0.0400395241238494,NaN,0.333333333333333,400,141,682,682,378,304,295,62,100,62,9101,16,184,184,184,182,154,154,154,154,154,0,30
LIRCMOP7_BC,1,ref_tau,224,156,1,0.52,156,0,0.0050297662669678,0.0185383197085023,156,30,3,0.0402996641694653,8.2051282051282,0.302204073445326,0.456119330412908,0,0.731172766042486,0.147435897435897,0.510255557042553,2.0760296057583,random,30,0,30,10,0.192307692307692,0.0123417716607037,0.041009611991851,0,0.0411112396033395,NaN,0.833333333333333,0.0190880306057443,0.153846153846154,0.0170855612395399,0.0412300412444598,0.0412300412444598,NaN,0.333333333333333,400,154,708,708,409,299,301,61,100,61,9407,12,181,181,181,181,156,156,156,156,156,0,30
LIRCMOP7_BC,1,ref_tau,225,153,1,0.51,153,0,0.0042843916796789,0.0151801853477247,153,30,3,0.0395246706277448,8.36601307189543,0.351682646800312,0.453880751569365,0,0.58134029280812,0.137254901960784,0.512988093369703,2.02774634554528,random,30,0,30,8,0.196078431372549,0.0124422767040096,0.0297064249182163,0,0.0297064249182163,NaN,0.833333333333333,0.0335790622716776,0.0784313725490196,0.0226935538896838,0.0317997676370886,0.0317997676370886,NaN,0.266666666666667,400,156,712,712,398,314,281,58,100,58,9139,2,174,174,174,174,153,153,153,153,153,0,30
LIRCMOP7_BC,1,ref_tau,226,144,1,0.48,144,0,0.00357467240252039,0.0117200682208168,144,30,3,0.0371996900025833,8.88888888888889,0.318479006983036,0.456119330412908,0,0.347325353110268,0.0833333333333333,0.521992340848629,2.05004078302827,random,30,0,30,9,0.208333333333333,0.00748981011617682,0.0272914245983824,0,0.0276477962067029,NaN,0.766666666666667,0.0158804271225983,0.145833333333333,0.0136884289176712,0.0283393409950475,0.0283393409950475,NaN,0.3,400,153,706,706,391,315,295,57,100,57,9885,0,171,171,171,171,144,144,144,144,144,0,30
LIRCMOP7_BC,1,ref_tau,227,144,1,0.48,144,0,0.00452360119939003,0.0141958688452491,144,30,3,0.0371996900025833,8.88888888888889,0.364178154557858,0.536480760827895,-0,0.560195118926302,0.145833333333333,0.510853459621514,3.08396011866534,random,30,0,30,13,0.208333333333333,0.0187924381447419,0.0472576110182358,0,0.0472790833538029,NaN,0.9,0.043697387425532,0.125,0.0321984146280971,0.0485636783018765,0.0485636783018765,NaN,0.433333333333333,400,144,688,688,377,311,289,57,100,57,8698,0,171,171,171,159,144,144,144,144,144,0,30
LIRCMOP7_BC,1,ref_tau,228,147,1,0.49,147,0,0.00354698684002227,0.0125603477420226,147,30,3,0.0379746835443038,8.70748299319728,0.370228793619659,0.521529128718512,0,0.58134029280812,0.122448979591837,0.487908135752093,1.56840026772795,random,30,0,30,5,0.204081632653061,0.0228980100237126,0.0293675540103859,0,0.0293675540103859,NaN,0.866666666666667,0.0490147619764078,0.0816326530612245,0.0296548833939415,0.0314193025410826,0.0314193025410826,NaN,0.166666666666667,400,144,688,688,379,309,275,59,100,59,8873,31,176,176,176,176,147,147,147,147,147,0,30
LIRCMOP7_BC,1,ref_tau,229,147,1,0.49,147,0,0.00359695453489888,0.012533344108412,147,30,3,0.0379746835443038,8.70748299319728,0.359062797490175,0.550984669447028,0,0.560195118926302,0.142857142857143,0.498433107764521,1.12335085233293,random,30,0,30,9,0.204081632653061,0.00544427443325912,0.0121867809347563,0,0.0121867809347563,NaN,0.733333333333333,0.0173739010820564,0.163265306122449,0.0110660144483552,0.0140979918740488,0.0140979918740488,NaN,0.3,400,147,694,694,375,319,280,58,100,58,9259,0,174,174,174,174,147,147,147,147,147,0,30
LIRCMOP7_BC,1,ref_tau,230,153,1,0.51,153,0,0.00301987116844273,0.0097374488387443,153,30,3,0.0395246706277448,8.36601307189543,0.369293511625542,0.53805822540991,0,0.58134029280812,0.137254901960784,0.566867889827459,1.47748653842205,random,30,0,30,5,0.196078431372549,0.0112875961871766,0.0186498144480586,0,0.0197797466920916,NaN,0.733333333333333,0.00935848733779748,0.117647058823529,0.0178881482400471,0.0254639775371044,0.0254639775371044,NaN,0.166666666666667,400,147,694,694,377,317,270,61,100,61,8741,0,183,183,183,183,153,153,153,153,153,0,30
LIRCMOP7_BC,1,ref_tau,231,160,1,0.54,160,0,0.0042991029441334,0.0137935767329272,160,30,3,0.0413329888917592,8,0.364990184057229,0.536480760827895,0,0.640831442212149,0.19375,0.495371615485824,1.09356287369547,random,30,0,30,10,0.1875,0.0037869454493559,0.0152138143388602,0,0.0152312012275313,NaN,0.866666666666667,0.0704135435922726,0.185185185185185,0.00897068021297199,0.0160250548297145,0.0160250548297145,NaN,0.333333333333333,400,153,706,706,371,335,269,61,100,61,9210,1,183,183,183,181,160,160,160,160,160,0,30
LIRCMOP7_BC,1,ref_tau,232,155,1,0.52,155,0,0.00492132190946119,0.0148269926165017,155,30,3,0.0400413329888918,8.25806451612903,0.371012241301718,0.508896784393057,0,0.58134029280812,0.135483870967742,0.493087836007684,1.22306589816964,random,30,0,30,11,0.193548387096774,0.00833598380343239,0.0294980200585589,0,0.029586371937787,NaN,0.933333333333333,0.0694064469089145,0.153846153846154,0.0137667712556307,0.029855127992481,0.029855127992481,NaN,0.366666666666667,400,160,720,720,370,350,278,58,100,58,10446,1,174,174,174,174,155,155,155,155,155,0,30
LIRCMOP7_BC,1,ref_tau,233,153,1,0.51,153,0,0.00430709823643288,0.0149684876802855,153,30,3,0.0395246706277448,8.36601307189543,0.370489152089454,0.53805822540991,-0,0.58134029280812,0.0980392156862745,0.538535155839076,1.3776747294238,random,30,0,30,7,0.196078431372549,0.0038942244181892,0.0157836125757285,0,0.015893718383491,NaN,0.533333333333333,0.00438123956719158,0.117647058823529,0.0142374729541195,0.0198009852361889,0.0198009852361889,NaN,0.233333333333333,400,155,710,710,353,357,282,57,100,57,10245,3,171,171,171,171,153,153,153,153,153,0,30
LIRCMOP7_BC,1,ref_tau,234,161,1,0.54,161,0,0.00390287663145247,0.0117088300583088,161,30,3,0.0415913200723327,7.95031055900621,0.359062797490175,0.508896784393057,0,0.658288909080045,0.192546583850932,0.510366189368913,0.797564784431751,random,30,0,30,3,0.186335403726708,0.00574789985363613,0.012352558981139,0,0.012352558981139,NaN,0.633333333333333,0.0150075723956293,0.0740740740740741,0.0101365965671035,0.0146421313817866,0.0146421313817866,NaN,0.1,400,153,706,706,338,368,291,62,100,62,10758,1,186,186,186,186,161,161,161,161,161,0,30
LIRCMOP7_BC,1,ref_tau,235,165,1,0.55,165,0,0.00386920269585184,0.0100719916000359,165,30,3,0.0426246447946267,7.75757575757576,0.370228793619659,0.508896784393057,0,0.658288909080045,0.109090909090909,0.509541763273137,0.754651150144025,random,30,0,30,5,0.181818181818182,0.00587436317683964,0.00962181048627021,0,0.011265406553414,NaN,0.733333333333333,0.011646863540744,0.0363636363636364,0.00942340074575599,0.0119527757935992,0.0119527757935992,NaN,0.166666666666667,400,161,722,722,362,360,289,63,100,63,10311,0,189,189,189,189,165,165,165,165,165,0,30
LIRCMOP7_BC,1,ref_tau,236,167,1,0.56,167,0,0.00418905521710294,0.0147660836892074,167,30,3,0.0431413071557737,7.66467065868263,0.370489152089454,0.570003806879979,0,0.574670245755265,0.149700598802395,0.508577022182326,0.464804313314498,random,30,0,30,4,0.179640718562874,0.00364449117189801,0.00592160824588369,0,0.00601856269938294,NaN,0.566666666666667,0.00794790071926953,0.107142857142857,0.00590744879972585,0.00982703665778449,0.00982703665778449,NaN,0.133333333333333,400,165,730,730,383,347,288,63,100,63,10827,0,189,189,189,189,167,167,167,167,167,0,30
LIRCMOP7_BC,1,ref_tau,237,156,1,0.52,156,0,0.00458989293427034,0.0134111675618982,156,30,3,0.0402996641694653,8.2051282051282,0.365457825054287,0.536480760827895,0,0.574670245755265,0.0961538461538462,0.471120126172214,0.702009330080201,random,30,0,30,4,0.192307692307692,0.00797125108211478,0.0146403898743584,0,0.0146403898743584,NaN,0.866666666666667,0.0364364106715735,0.153846153846154,0.0156199825980301,0.0180165489444486,0.0180165489444486,NaN,0.133333333333333,400,167,734,734,365,369,266,58,100,58,10688,5,174,174,174,174,156,156,156,156,156,0,30
LIRCMOP7_BC,1,ref_tau,238,159,1,0.53,159,0,0.00404207383182548,0.0108842504622889,159,30,3,0.0410746577111857,8.05031446540881,0.358313957145324,0.536480760827895,0,0.58134029280812,0.0943396226415094,0.521183365734227,1.10299506876595,random,30,0,30,2,0.188679245283019,0.0200301558146051,0.0329890183821325,0,0.0329890183821325,NaN,0.9,0.0524458380749756,0.0377358490566038,0.0307138998548055,0.0339587062447174,0.0339587062447174,NaN,0.0666666666666667,400,156,712,712,344,368,254,63,100,63,9473,24,186,186,186,183,159,159,159,159,159,0,30
LIRCMOP7_BC,1,ref_tau,239,159,1,0.53,159,0,0.00363846172207436,0.0104022494608599,159,30,3,0.0410746577111857,8.05031446540881,0.370049752836153,0.536480760827895,0,0.554755541476424,0.132075471698113,0.511133909790372,1.17592499441813,random,30,0,30,0,0.188679245283019,0.0112230779499011,0.0210339531500818,0,0.0326848711703434,NaN,0.733333333333333,0.0781360527665057,0,0.0302239340186477,0.0429618251869322,0.0429618251869322,NaN,0,400,159,718,718,338,380,265,62,100,62,10228,46,183,183,183,183,159,159,159,159,159,0,30
LIRCMOP7_BC,1,ref_tau,240,154,1,0.52,154,0,0.00330427904144634,0.0105531001472757,154,30,3,0.0397830018083183,8.31168831168831,0.349482795882417,0.536480760827895,0,0.384298989877448,0.0714285714285714,0.512239197336027,0.486748429851933,random,30,0,30,5,0.194805194805195,0.00811867937883801,0.0141469555802758,0,0.0141469555802758,NaN,0.566666666666667,0.0165325974033085,0.0961538461538462,0.0109888004782163,0.0143322558533535,0.0143322558533535,NaN,0.166666666666667,400,159,718,718,334,384,276,58,100,58,10617,84,171,171,171,169,154,154,154,154,154,0,30
LIRCMOP7_BC,1,ref_tau,241,159,1,0.53,159,0,0.00354930803865865,0.00950936145509799,159,30,3,0.0410746577111857,8.05031446540881,0.357974728925692,0.615408021251779,0,0.58134029280812,0.0943396226415094,0.498757894262133,1.24692117726962,random,30,0,30,5,0.188679245283019,0.0315017497815794,0.0480703229325992,0,0.0480703229325992,NaN,0.833333333333333,0.0150263761019394,0.0377358490566038,0.0418737537471601,0.0482904090401512,0.0482904090401512,NaN,0.166666666666667,400,154,708,708,349,359,269,62,100,62,10046,0,186,186,186,186,159,159,159,159,159,0,30
LIRCMOP7_BC,1,ref_tau,242,157,1,0.53,157,0,0.00356948399270923,0.0107583951074626,157,30,3,0.0405579953500387,8.15286624203822,0.359062797490175,0.65869961418184,0,0.918402338154231,0.0445859872611465,0.528457170846791,0.78123206196549,random,30,0,30,4,0.191082802547771,0.0187239989679225,0.0301895661746441,0,0.0308431148857899,NaN,0.8,0.0477784914685051,0.0754716981132075,0.0235560635044821,0.0322890734809542,0.0322890734809542,NaN,0.133333333333333,400,159,718,718,348,370,281,59,100,59,10690,11,176,176,176,176,157,157,157,157,157,0,30
LIRCMOP7_BC,1,ref_tau,243,177,1,0.59,177,0,0.00393048968042855,0.0105279235171215,177,30,3,0.0457246189615087,7.2316384180791,0.359062797490175,0.672173571161999,0,0.918402338154231,0.101694915254237,0.508549517415568,1.97184892936541,random,30,0,30,15,0.169491525423729,0.0518609352301555,0.0737484824819211,0,0.0742607231859624,NaN,0.466666666666667,-0.00526692568396847,0.101694915254237,0.0629846533929506,0.0754803994910869,0.0754803994910869,NaN,0.5,400,157,714,714,331,383,274,65,100,65,10455,20,195,195,195,193,177,177,177,177,177,0,30
LIRCMOP7_BC,1,ref_tau,244,177,1,0.59,177,0,0.00372305290989269,0.0120498288987509,177,30,3,0.0457246189615087,7.2316384180791,0.359062797490175,0.738492688572824,0,0.918402338154231,0.11864406779661,0.515014132779347,0.617611131788834,random,30,0,30,4,0.169491525423729,0.00950722728556283,0.0217932010602563,0,0.0223727581037837,NaN,0.733333333333333,0.035531527319328,0.0677966101694915,0.0141187852761979,0.0233246998508162,0.0233246998508162,NaN,0.133333333333333,400,177,754,754,362,392,310,64,100,64,11999,10,192,192,192,190,177,177,177,177,177,0,30
LIRCMOP7_BC,1,ref_tau,245,165,1,0.55,165,0,0.00405653954174966,0.010443326299574,165,30,3,0.0426246447946267,7.75757575757576,0.359062797490175,0.76595245368487,0,0.918402338154231,0.0909090909090909,0.507667501084625,1.32619360321732,random,30,0,30,9,0.181818181818182,0.0334874287149623,0.0503932706240429,0,0.0503932706240429,NaN,0.8,0.0120847724755025,0.0545454545454545,0.0364365304722592,0.0508288159134449,0.0508288159134449,NaN,0.3,400,177,754,754,354,400,294,64,100,64,11414,7,192,192,192,192,165,165,165,165,165,0,30
LIRCMOP7_BC,1,ref_tau,246,171,1,0.57,171,0,0.00490275866070917,0.0143211051519387,171,30,3,0.0441746318780677,7.48538011695906,0.358313957145324,0.797527249446231,0,0.918402338154231,0.116959064327485,0.527137240499962,0.752469283323033,random,30,0,30,5,0.175438596491228,0.0055063289819786,0.00607485513734655,0,0.0084412666191188,NaN,0.333333333333333,-0.010214081966343,0.140350877192982,0.00689023290605457,0.00975911455902036,0.00975911455902036,NaN,0.166666666666667,400,165,730,730,346,384,300,62,100,62,11431,9,185,185,185,185,171,171,171,171,171,0,30
LIRCMOP7_BC,1,ref_tau,247,174,1,0.58,174,0,0.00384408437204186,0.0143267730641529,174,30,3,0.0449496254197882,7.35632183908046,0.364645795554917,0.76595245368487,0,0.865820497963327,0.103448275862069,0.521363206244432,0.998157860282117,random,30,0,30,9,0.172413793103448,0.00333094165913721,0.0179995473314468,0,0.0195525813203065,NaN,0.566666666666667,0.00537210292452278,0.103448275862069,0.0111038899287576,0.0213247852779479,0.0213247852779479,NaN,0.3,400,171,742,742,351,391,311,65,100,65,11315,22,195,195,195,195,174,174,174,174,174,0,30
LIRCMOP7_BC,1,ref_tau,248,190,1,0.64,190,0,0.00408340292230622,0.0135248035096692,190,30,3,0.0490829243089641,6.73684210526316,0.364645795554917,0.772127024097473,0,0.871623127320261,0.142105263157895,0.509885098298894,0.730140920991724,random,30,0,30,7,0.157894736842105,0.00196140906895695,0.00744597348345724,0,0.00947778845995165,NaN,0.6,0.00547716759585852,0.109375,0.00362891028619091,0.00978795885928924,0.00978795885928924,NaN,0.233333333333333,400,174,748,748,371,377,311,70,100,70,11681,9,208,208,208,208,190,190,190,190,190,0,30
LIRCMOP7_BC,1,ref_tau,249,186,1,0.62,186,0,0.00397946930102313,0.0122091931129563,186,30,3,0.0480495995866701,6.88172043010753,0.37079887898878,0.772127024097473,0,0.956646065653858,0.145161290322581,0.56627899845383,0.561794015711213,random,30,0,30,3,0.161290322580645,0.00261803449869779,0.00588398455145812,0,0.00826659108012683,NaN,0.733333333333333,0.0571158012070118,0.032258064516129,0.0058407774710413,0.0095088272100451,0.0095088272100451,NaN,0.1,400,190,780,780,371,409,325,68,100,68,12759,10,204,204,204,204,186,186,186,186,186,0,30
LIRCMOP7_BC,1,ref_tau,250,180,1,0.6,180,0,0.00336260059356068,0.00852935700521798,180,30,3,0.0464996125032291,7.11111111111111,0.388255704871674,0.769039738891171,0,0.837977647311901,0.0666666666666667,0.549621867610863,0.74123951060884,random,30,0,30,2,0.166666666666667,0.00124615860693573,0.00236347840937495,0,0.00729661429758439,NaN,0.9,0.117822674670589,0.0666666666666667,0.00526932897978277,0.00825401881897501,0.00825401881897501,NaN,0.0666666666666667,400,186,772,772,374,398,325,68,100,68,12712,1,204,204,204,201,180,180,180,180,180,0,30
LIRCMOP7_BC,1,ref_tau,251,181,1,0.61,181,0,0.00375584967278595,0.0146721289235689,181,30,3,0.0467579436838026,7.07182320441989,0.385633438343966,0.768422281849911,0,0.956646065653858,0.116022099447514,0.555595755884566,0.506213454419354,random,30,0,30,2,0.165745856353591,0.00405634034937708,0.00565790429515744,0,0.0128567461741972,NaN,0.7,0.0824400114546692,0.0327868852459016,0.0066947415827164,0.0141091300519276,0.0141091300519276,NaN,0.0666666666666667,400,180,760,760,366,394,322,68,100,68,12045,6,204,204,204,204,181,181,181,181,181,0,30
LIRCMOP7_BC,1,ref_tau,252,190,1,0.64,190,0,0.00380688275898487,0.0134494540796065,190,30,3,0.0490829243089641,6.73684210526316,0.387026403756276,0.76595245368487,0,0.837977647311901,0.115789473684211,0.592018395196902,0.569649458201153,random,30,0,30,3,0.157894736842105,0.00403944262381728,0.00512299657097113,0,0.00998831536232365,NaN,0.6,0.0169811665459938,0.09375,0.00661599899922587,0.0122929964066453,0.0122929964066453,NaN,0.1,400,181,762,762,362,400,314,71,100,71,12246,0,213,213,213,213,190,190,190,190,190,0,30
LIRCMOP7_BC,1,ref_tau,253,195,1,0.65,195,0,0.00351231305680626,0.0108585894548769,195,30,3,0.0503745802118316,6.56410256410256,0.385633438343966,0.76595245368487,0,0.956646065653858,0.0564102564102564,0.534986085718187,0.709621684903066,random,30,0,30,1,0.153846153846154,0.00397911399034066,0.00873538340436679,0,0.0116790964469568,NaN,0.766666666666667,0.0514693413704641,0.0307692307692308,0.00653134485096419,0.0118386521133095,0.0118386521133095,NaN,0.0333333333333333,400,190,780,780,363,417,324,73,100,73,12996,0,219,219,219,216,195,195,195,195,195,0,30
LIRCMOP7_BC,1,ref_tau,254,186,1,0.62,186,0,0.00323756400821888,0.00958952737085205,186,30,3,0.0480495995866701,6.88172043010753,0.387315927129932,0.693198468750765,0,0.837977647311901,0.0698924731182796,0.512579809296103,0.767608929295423,random,30,0,30,0,0.161290322580645,0.00479825776484874,0.00787426545379778,0,0.0120060966898005,NaN,0.866666666666667,0.0913927617128258,0,0.00797214377195459,0.0122618938929605,0.0122618938929605,NaN,0,400,195,790,790,374,416,325,71,100,71,13232,0,213,213,213,213,186,186,186,186,186,0,30
LIRCMOP7_BC,1,ref_tau,255,195,1,0.65,195,0,0.00310201015703441,0.00919767690658854,195,30,3,0.0503745802118316,6.56410256410256,0.387315927129932,0.76595245368487,0,0.956646065653858,0.0769230769230769,0.51368490261172,1.61669085388221,random,30,0,30,10,0.153846153846154,0.00433465767747278,0.0208865544012705,0,0.0232391979586518,NaN,0.633333333333333,0.0156309647277657,0.138461538461538,0.0117861070355153,0.0234455325142603,0.0234455325142603,NaN,0.333333333333333,400,186,772,772,360,412,308,73,100,73,12387,2,219,219,219,219,195,195,195,195,195,0,30
LIRCMOP7_BC,1,ref_tau,256,189,1,0.63,189,0,0.00311597252539054,0.00969525758406582,189,30,3,0.0488245931283906,6.77248677248677,0.389485005987072,0.772127024097473,-0,0.956646065653858,0.0952380952380952,0.53659870434467,1.08321613624664,random,30,0,30,0,0.158730158730159,0.00301738498012977,0.0114918813581818,0,0.0131579113177992,NaN,0.533333333333333,0.00251431430024111,0,0.00700257996444597,0.0136412599316225,0.0136412599316225,NaN,0,400,195,790,790,388,402,321,71,100,71,12559,3,213,213,213,210,189,189,189,189,189,0,30
LIRCMOP7_BC,1,ref_tau,257,189,1,0.63,189,0,0.00342693692976617,0.0114551540433971,189,30,3,0.0488245931283906,6.77248677248677,0.408948141681259,0.706759546168998,0,0.899906034515309,0.142857142857143,0.614448330418344,0.983240120248035,random,30,0,30,7,0.158730158730159,0.00292891612075429,0.00951584370883589,0,0.00999838043530531,NaN,0.766666666666667,0.0730981822956821,0.126984126984127,0.00492284695545994,0.0159820136208069,0.0159820136208069,NaN,0.233333333333333,400,189,778,778,384,394,318,71,100,71,12010,10,213,213,213,213,189,189,189,189,189,0,30
LIRCMOP7_BC,1,ref_tau,258,198,1,0.66,198,0,0.00346687565160179,0.0105290295062397,198,30,3,0.0511495737535521,6.46464646464646,0.392709627086961,0.772127024097473,0,0.956646065653858,0.0909090909090909,0.578346286048208,0.533189491287743,random,30,0,30,5,0.151515151515152,0.00136319351876957,0.00371615185106885,0,0.00823224720789363,NaN,0.733333333333333,0.0152030563736019,0.106060606060606,0.00640232054212148,0.0189219563489853,0.0189219563489853,NaN,0.166666666666667,400,189,778,778,383,395,312,75,100,75,11761,37,225,225,225,225,198,198,198,198,198,0,30
LIRCMOP7_BC,1,ref_tau,259,192,1,0.64,192,0,0.00281555112765806,0.00923092884240134,192,30,3,0.0495995866701111,6.66666666666667,0.40317729372604,0.76595245368487,0,0.899906034515309,0.125,0.596315629525149,0.343255195357349,random,22,8,30,13,0.15625,0.00181445812629959,0.00430052381409984,0,0.00451082507400844,NaN,0.666666666666667,0.0213579382615141,0.140625,0.00387199487665105,0.0222034478493651,0.0224337975124495,0.0187097775622495,0.433333333333333,400,198,796,796,397,399,318,72,100,72,12166,35,211,211,211,211,192,192,192,192,192,0,30
LIRCMOP7_BC,1,ref_tau,260,200,1,0.67,200,0,0.00446254479116024,0.0127953504509896,200,30,3,0.051666236114699,6.4,0.427084584083855,0.772127024097473,0,1,0.205,0.563304000144111,0.478651708566744,random,23,7,30,1,0.15,0.00387132301761022,0.00744129451339606,0,0.00883312767969751,NaN,0.7,0.0799268078811531,0.0298507462686567,0.00705126588096339,0.0129860730260983,0.0120879764437791,0.0138012833367707,0.0333333333333333,400,192,784,784,391,393,316,75,100,75,12282,24,224,224,224,221,200,200,200,200,200,0,30
LIRCMOP7_BC,1,ref_tau,261,204,1,0.68,204,0,0.00353876079165335,0.0121824040305339,204,30,3,0.052699560836993,6.27450980392157,0.418752461674542,0.76595245368487,0,1,0.205882352941176,0.572916883877727,0.398533664366103,random,22,8,30,2,0.147058823529412,0.00314751404541011,0.00895436478124124,0,0.0117544558881524,NaN,0.766666666666667,0.0541916116795236,0.0294117647058824,0.00490066483702357,0.0216829860521858,0.0200534671642781,0.0203620247925913,0.0666666666666667,400,200,800,800,386,414,332,76,100,76,13321,0,228,228,228,228,204,204,204,204,204,0,30
LIRCMOP7_BC,1,ref_tau,262,201,1,0.67,201,0,0.00323197540919288,0.00934604036912632,201,30,3,0.0519245672952725,6.3681592039801,0.434091467363938,0.768422281849911,-0,0.868221495245391,0.194029850746269,0.558961427874968,0.380089400778803,random,22,8,30,6,0.149253731343284,0.00358430848501818,0.00657874116368343,0,0.00792625546823243,NaN,0.6,0.0315399123249334,0.0746268656716418,0.00526479369959457,0.0252631997109094,0.029465818770909,0.0177410058213283,0.2,400,204,808,808,391,417,329,76,100,76,13402,22,228,228,228,228,201,201,201,201,201,0,30
LIRCMOP7_BC,1,ref_tau,263,194,1,0.66,194,0,0.00415411894855503,0.0153509778647885,194,30,3,0.0501162490312581,6.5979381443299,0.444060117600063,0.774030058901017,0,0.899906034515309,0.195876288659794,0.587716459086755,0.590857026999399,random,26,4,30,1,0.154639175257732,0.00356738083617318,0.00978495139969907,0,0.0160538492387819,NaN,0.6,0.00658255676313152,0.0303030303030303,0.00983996334449821,0.0172586828380773,0.0174471264252985,0.0132349442393315,0.0333333333333333,400,201,802,802,394,408,342,72,100,72,13590,2,216,216,216,216,194,194,194,194,194,0,30
LIRCMOP7_BC,1,ref_tau,264,198,1,0.66,198,0,0.00381373325870485,0.0135509256434949,198,30,3,0.0511495737535521,6.46464646464646,0.428129815488282,0.774030058901017,-0,1,0.156565656565657,0.549087368870253,1.02414715742934,random,26,4,30,3,0.151515151515152,0.00427457603521329,0.0110629707245179,0,0.0118059573098047,NaN,0.733333333333333,0.0714378042328563,0.0606060606060606,0.00474596751138657,0.0217971819078858,0.0238909848597365,0.0191681144270914,0.1,400,194,788,788,405,383,346,76,100,76,12328,5,228,228,228,223,198,198,198,198,198,0,30
LIRCMOP7_BC,1,ref_tau,265,195,1,0.65,195,0,0.00361443534235667,0.0114538288819846,195,30,3,0.0503745802118316,6.56410256410256,0.444060117600063,0.772127024097473,0,0.868221495245391,0.153846153846154,0.586671273446414,0.475969847216389,random,24,6,30,4,0.153846153846154,0.00492751668838426,0.00619795965933381,0,0.00721868469774708,NaN,0.566666666666667,0.00513357081344082,0.0307692307692308,0.00521080793783449,0.019206998632564,0.0181068649678207,0.019840063659948,0.133333333333333,400,198,796,796,410,386,328,74,100,74,11374,0,222,222,222,218,195,195,195,195,195,0,30
LIRCMOP7_BC,1,ref_tau,266,207,1,0.69,207,0,0.00384998895437675,0.0111348489440203,207,30,3,0.0534745543787135,6.18357487922705,0.444060117600063,0.770892110014952,-0,0.868221495245391,0.159420289855072,0.557758248345754,0.514854463567388,random,21,9,30,8,0.144927536231884,0.00229864831716151,0.00767383293671838,0,0.00767383293671838,NaN,0.666666666666667,0.0635358000514507,0.115942028985507,0.00404929480050204,0.0196112157812762,0.022335173352063,0.0143475682502662,0.266666666666667,400,195,790,790,393,397,329,77,100,77,12526,0,231,231,231,231,207,207,207,207,207,0,30
LIRCMOP7_BC,1,ref_tau,267,200,1,0.67,200,0,0.00309269831923436,0.0113891065510999,200,30,3,0.051666236114699,6.4,0.432854464185471,0.76595245368487,0,0.837977647311901,0.135,0.588348807037853,0.41397185358336,random,28,2,30,10,0.15,0.00118866782047549,0.00584232934190189,0,0.00924139494301565,NaN,0.533333333333333,0.0112527558198697,0.104477611940299,0.00338821283645242,0.0251377279400089,0.0230542393850085,0.0251675573403753,0.333333333333333,400,207,814,814,419,395,360,75,100,75,13209,0,225,225,225,225,200,200,200,200,200,0,30
LIRCMOP7_BC,1,ref_tau,268,206,1,0.69,206,0,0.00370990212801306,0.0137061850274787,206,30,3,0.05321622319814,6.21359223300971,0.432854464185471,0.763445977038957,0,0.868221495245391,0.121359223300971,0.623366299980335,0.728252153335213,random,27,3,30,8,0.145631067961165,0.00297654612963207,0.0182111795475218,0,0.0182673848620886,NaN,0.6,0.0280874094561461,0.101449275362319,0.00596120295695703,0.0209296868548275,0.0205263817065914,0.0206908498111772,0.266666666666667,400,200,800,800,394,406,335,76,100,76,12750,5,228,228,228,228,206,206,206,206,206,0,30
LIRCMOP7_BC,1,ref_tau,269,225,1,0.75,225,0,0.00351544379199008,0.0113562961583756,225,30,3,0.0581245156290364,5.68888888888889,0.432854464185471,0.732427041027055,0,0.868221495245391,0.16,0.605057281966769,0.598718832729282,random,21,9,30,4,0.133333333333333,0.00201770931423781,0.0114945924804718,0,0.0121380538716615,NaN,0.766666666666667,0.0473826208055675,0.0533333333333333,0.00765313476544089,0.0263614229271847,0.0276317643581854,0.0220444047692316,0.133333333333333,400,206,812,812,417,395,354,81,100,81,13309,0,243,243,243,243,225,225,225,225,225,0,30
LIRCMOP7_BC,1,ref_tau,270,234,1,0.78,234,0,0.00357762573123131,0.0111387678819775,234,30,3,0.0604494962541979,5.47008547008547,0.440500196485404,0.837598513749648,0,0.956646065653858,0.166666666666667,0.582885013824527,0.722568037975094,random,20,10,30,6,0.128205128205128,0.00174847616573697,0.00918160589899381,0,0.0108881498969189,NaN,0.7,0.0455574573336042,0.102564102564103,0.00528440500079832,0.02019524572299,0.0202701205715013,0.017958583249083,0.2,400,225,850,850,431,419,346,81,100,81,13357,1,243,243,243,243,234,234,234,234,234,0,30
LIRCMOP7_BC,1,ref_tau,271,222,1,0.74,222,0,0.00304745575133419,0.00873056811361568,222,30,3,0.0573495220873159,5.76576576576577,0.43101475553909,0.732427041027055,0,0.956646065653858,0.148648648648649,0.629916832979793,1.19999493799711,random,24,6,30,6,0.135135135135135,0.00487353340983372,0.0150830990692321,0,0.0181459754419797,NaN,0.666666666666667,0.0362089663979331,0.0810810810810811,0.00851797613932447,0.0232374716502636,0.0212261515585157,0.0246437767413943,0.2,400,234,868,868,445,423,354,78,100,78,13502,0,234,234,234,234,222,222,222,222,222,0,30
LIRCMOP7_BC,1,ref_tau,272,228,1,0.76,228,0,0.00347000894012134,0.00953809355599862,228,30,3,0.0588995091707569,5.6140350877193,0.388400466558502,0.76595245368487,0,0.868221495245391,0.184210526315789,0.668814112939946,0.549360902270561,random,23,7,30,5,0.131578947368421,0.00401543933430825,0.0178593612542047,0,0.0178593612542047,NaN,0.566666666666667,0.0387123222764124,0.105263157894737,0.00418096348333034,0.0197822518571379,0.0193441963759771,0.0181545930588387,0.166666666666667,400,222,844,844,415,429,348,79,100,79,13538,0,237,237,237,234,228,228,228,228,228,0,30
LIRCMOP7_BC,1,ref_tau,273,216,1,0.72,216,0,0.00361080217248936,0.0118524848416467,216,30,3,0.055799535003875,5.92592592592593,0.416946000184176,0.897998619157697,0,0.870609985761873,0.185185185185185,0.643565190399605,0.677593956252881,random,26,4,30,8,0.138888888888889,0.00383123984699231,0.0227867539342572,0,0.0227867539342572,NaN,0.566666666666667,0.0385082122688387,0.125,0.00856876621308943,0.0241890256914267,0.0247012126441595,0.0206924495417863,0.266666666666667,400,228,856,856,415,441,367,76,100,76,15123,2,228,228,228,228,216,216,216,216,216,0,30
LIRCMOP7_BC,1,ref_tau,274,219,1,0.73,219,0,0.00305498616723523,0.00945996371000186,219,30,3,0.0565745285455955,5.84474885844749,0.385633438343966,0.803086058415539,0,0.870609985761873,0.150684931506849,0.659120907216831,0.952148194798119,random,25,5,30,3,0.136986301369863,0.00450804042050707,0.0197167626335478,0,0.0271224072439993,NaN,0.433333333333333,-0.00402589894048336,0.0821917808219178,0.0134694709192364,0.0282646082203829,0.0288246427996093,0.0268757704685601,0.1,400,216,832,832,418,414,337,77,100,77,12932,0,231,231,231,231,219,219,219,219,219,0,30
LIRCMOP7_BC,1,ref_tau,275,210,1,0.7,210,0,0.00316692701615409,0.00923494916380019,210,30,3,0.054249547920434,6.09523809523809,0.387559222165519,0.918619857395912,0,0.837977647311901,0.0857142857142857,0.601363405780243,0.799346091760361,random,28,2,30,6,0.142857142857143,0.00480064318896141,0.0205882237499188,0,0.0220324998457133,NaN,0.666666666666667,0.0105498853800659,0.1,0.00554073186006216,0.0233155275903384,0.0233538099701415,0.0184498126344445,0.2,400,219,838,838,431,407,355,75,100,75,13329,0,225,225,225,225,210,210,210,210,210,0,30
LIRCMOP7_BC,1,ref_tau,276,225,1,0.75,225,0,0.00309313605240674,0.0086969282368132,225,30,3,0.0581245156290364,5.68888888888889,0.411587194458617,0.969001278113023,0,0.883449169831858,0.173333333333333,0.561822853833182,2.18318367068128,random,24,6,30,3,0.133333333333333,0.00687458951312843,0.0181182424971014,0,0.0231889716759118,NaN,0.733333333333333,0.0236819216633954,0.0666666666666667,0.00914340761742414,0.0274714652952405,0.0243426338942118,0.0408662844271251,0.1,400,210,820,820,413,407,335,78,100,78,12744,3,234,234,234,234,225,225,225,225,225,0,30
LIRCMOP7_BC,1,ref_tau,277,213,1,0.71,213,0,0.00312900696240368,0.00915643845851727,213,30,3,0.0550245414621545,6.0093896713615,0.395934248186851,0.974223382190979,0,0.868221495245391,0.126760563380282,0.569330229436024,1.07016904063416,random,27,3,30,6,0.140845070422535,0.00406038739666018,0.0107598577392692,0,0.0107598577392692,NaN,0.733333333333333,0.043704522124795,0.0704225352112676,0.00445220538386267,0.0157166239347928,0.0129477125113978,0.0174663987478789,0.2,400,225,850,850,427,423,360,77,100,77,13965,4,231,231,231,231,213,213,213,213,213,0,30
LIRCMOP7_BC,1,ref_tau,278,222,1,0.74,222,0,0.00290827101251373,0.00896993321698253,222,30,3,0.0573495220873159,5.76576576576577,0.411587194458617,0.925838704801334,0,1,0.243243243243243,0.518830725111419,0.593017967866555,random,24,6,30,5,0.135135135135135,0.00518811569369092,0.00967306485630115,0,0.0101971583047078,NaN,0.6,0.0430044160991992,0.0405405405405405,0.00575044734443149,0.0123594934084914,0.0123013108586807,0.0121881298382139,0.166666666666667,400,213,826,826,417,409,355,78,100,78,13080,3,234,234,234,234,222,222,222,222,222,0,30
LIRCMOP7_BC,1,ref_tau,279,207,1,0.69,207,0,0.00337547091271689,0.0112674721721474,207,30,3,0.0534745543787135,6.18357487922705,0.385633438343966,0.968318775470605,0,0.870609985761873,0.144927536231884,0.67654457270669,1.16727667737128,random,29,1,30,3,0.144927536231884,0.00640304811665823,0.0241809578024047,0,0.034542028893884,NaN,0.5,0.00274213973716125,0.0869565217391304,0.0164430248458926,0.0396027281705103,0.038664103423682,0.040218388596065,0.1,400,222,844,844,405,439,350,73,100,73,14522,8,219,219,219,219,207,207,207,207,207,0,30
LIRCMOP7_BC,1,ref_tau,280,225,1,0.75,225,0,0.00323079689156573,0.0101502995249341,225,30,3,0.0581245156290364,5.68888888888889,0.431577925533658,0.962253414464706,0,1,0.16,0.547870033323046,1.46589730297593,random,23,7,30,0,0.133333333333333,0.0044182467940462,0.0112945106360858,0,0.0168432802778724,NaN,0.766666666666667,0.0278091953913062,0,0.00643760629684507,0.0192821580173632,0.0215418578476683,0.0128911018935973,0,400,207,814,814,381,433,342,80,100,80,13437,10,240,240,240,240,225,225,225,225,225,0,30
LIRCMOP7_BC,1,ref_tau,281,243,1,0.81,243,0,0.00316982606507177,0.00965020921666312,243,30,3,0.0627744768793593,5.26748971193416,0.395934248186851,0.855448013142847,0,1,0.234567901234568,0.572405055547383,1.28002936934955,random,18,12,30,8,0.123456790123457,0.00602647993871508,0.0195460266367955,0,0.0213339324164621,NaN,0.766666666666667,0.0345179394852906,0.0987654320987654,0.00643857958637517,0.0213907523878849,0.0215641751903973,0.0214290079094876,0.266666666666667,400,225,850,850,408,442,352,83,100,83,14148,18,249,249,249,246,243,243,243,243,243,0,30
LIRCMOP7_BC,1,ref_tau,282,228,1,0.76,228,0,0.00329298129441194,0.0110233579311144,228,30,3,0.0588995091707569,5.6140350877193,0.403760721322734,0.969001278113023,0,1,0.210526315789474,0.650442799353535,0.77564764796439,random,22,8,30,1,0.131578947368421,0.00562378106592272,0.0129787803999502,0,0.013851073348551,NaN,0.733333333333333,0.0353225433652403,0.0263157894736842,0.0072742779439247,0.0147420393298478,0.0154126041971133,0.014151189267447,0.0333333333333333,400,243,886,886,431,455,378,80,100,80,15519,0,240,240,240,240,228,228,228,228,228,0,30
LIRCMOP7_BC,1,ref_tau,283,228,1,0.76,228,0,0.00359791710246186,0.0117014174669113,228,30,3,0.0588995091707569,5.6140350877193,0.384930397472944,0.837850340228224,0,1,0.184210526315789,0.682410350825217,0.662576207069297,random,22,8,30,2,0.131578947368421,0.00676414118052571,0.0117407373958331,0,0.0124544660411995,NaN,0.8,0.0995103601553608,0.0263157894736842,0.00821109611853769,0.0155932917258435,0.0144882371376107,0.0155894047699338,0.0666666666666667,400,228,856,856,414,442,359,82,100,82,14547,0,246,246,246,246,228,228,228,228,228,0,30
LIRCMOP7_BC,1,ref_tau,284,231,1,0.77,231,0,0.00348810490339176,0.0111647275058645,231,30,3,0.0596745027124774,5.54112554112554,0.385633438343966,0.837850340228224,0,1,0.194805194805195,0.719550560821637,0.716140058681648,random,21,9,30,16,0.12987012987013,0.00197629096848875,0.0096811713683388,0,0.0101458150142388,NaN,0.7,0.069790131754042,0.194805194805195,0.00465032774647154,0.0148478206213861,0.0140286342900685,0.0149784756913846,0.533333333333333,400,228,856,856,407,449,369,83,100,83,15568,0,249,249,249,246,231,231,231,231,231,0,30
LIRCMOP7_BC,1,ref_tau,285,237,1,0.79,237,0,0.00336822028468323,0.0105944334539699,237,30,3,0.0612244897959184,5.40084388185654,0.395934248186851,0.960368763450686,0,1,0.240506329113924,0.720024383267696,0.541091610581243,random,19,11,30,15,0.126582278481013,0.00163197253799162,0.00555022130744595,0,0.00587136899608498,NaN,0.733333333333333,0.0294786605318692,0.139240506329114,0.00292348994804315,0.00811518544940426,0.0086347312976751,0.0100890742090435,0.5,400,231,862,862,417,445,368,84,100,84,15428,0,252,252,252,249,237,237,237,237,237,0,30
LIRCMOP7_BC,1,ref_tau,286,237,1,0.79,237,0,0.00350418139080961,0.0111461478101204,237,30,3,0.0612244897959184,5.40084388185654,0.424549401573646,0.960368763450686,0,1,0.215189873417722,0.65097663392756,0.913639741545067,random,19,11,30,6,0.126582278481013,0.00605875772060074,0.0249493655583764,0,0.0293239528506587,NaN,0.666666666666667,0.0180628505842984,0.0759493670886076,0.00808403107366511,0.0297788969942135,0.0284442657458711,0.0305981915187936,0.2,400,237,874,874,415,459,376,83,100,83,15832,8,249,249,249,249,237,237,237,237,237,0,30
LIRCMOP7_BC,1,ref_tau,287,250,1,0.84,250,0,0.00306973494454497,0.00949968767736961,250,30,3,0.0645827951433738,5.12,0.395934248186851,0.925838704801334,0.0587642223749335,1,0.256,0.58746369153578,0.7658944961195,random,15,15,30,3,0.12,0.00236000093912267,0.00584635679098064,0,0.0113529294310007,NaN,0.533333333333333,0.0465074135579513,0.0476190476190476,0.0047064077527461,0.0114473925125994,0.0111117605292584,0.0117830244959404,0.1,400,237,874,874,428,446,355,86,100,86,14983,14,258,258,258,256,250,250,250,250,250,0,30
LIRCMOP7_BC,1,ref_tau,288,240,1,0.8,240,0,0.00323336798506474,0.0104227647257425,240,30,3,0.0619994833376389,5.33333333333333,0.418068298016131,0.94404605963302,0,1,0.225,0.660129120443174,0.621809587072258,random,18,12,30,6,0.125,0.00317176882703064,0.00753508167368481,0,0.00809750713004709,NaN,0.6,0.0131228197181618,0.075,0.00483289056204594,0.00956365962455305,0.0102358967886756,0.00899015286574125,0.2,400,250,900,900,421,479,381,84,100,84,16997,9,252,252,252,252,240,240,240,240,240,0,30
LIRCMOP7_BC,1,ref_tau,289,243,1,0.81,243,0,0.00339192188959868,0.0105252310139746,243,30,3,0.0627744768793593,5.26748971193416,0.424549401573646,0.934637986985484,0.25841500502136,1,0.283950617283951,0.612288286960648,0.591220946951061,random,19,11,30,3,0.123456790123457,0.00284293568344662,0.00759088716253691,0,0.00780660650066374,NaN,0.7,0.0247257109590524,0.0493827160493827,0.00387438292939002,0.01151320700522,0.0111410869232149,0.0133684519281714,0.1,400,240,880,880,425,455,377,83,100,83,16143,0,249,249,249,249,243,243,243,243,243,0,30
LIRCMOP7_BC,1,ref_tau,290,225,1,0.75,225,0,0.00331280448442772,0.0109239768376776,225,30,3,0.0581245156290364,5.68888888888889,0.395934248186851,0.962253414464706,0.0587642223749335,1,0.253333333333333,0.695639839160302,0.65232716087595,random,23,7,30,6,0.133333333333333,0.00387659851392099,0.0105075296740361,0,0.0132058135327966,NaN,0.733333333333333,0.0607056155627616,0.12,0.00439267159685193,0.013446684093814,0.0131037020475429,0.0157303625653186,0.2,400,243,886,886,423,463,382,79,100,79,16766,10,237,237,237,237,225,225,225,225,225,0,30
LIRCMOP7_BC,1,ref_tau,291,231,1,0.77,231,0,0.00311648639262113,0.0102284498904584,231,30,3,0.0596745027124774,5.54112554112554,0.395934248186851,0.950125813466414,0,1,0.207792207792208,0.656327816349539,0.395407205642841,random,21,9,30,6,0.12987012987013,0.00293891662841134,0.00597561005385316,0,0.00761370303014042,NaN,0.566666666666667,0.0165657401752554,0.0779220779220779,0.00615917195721907,0.010054748690226,0.00968389919817396,0.0144563837646621,0.2,400,225,850,850,419,431,361,81,100,81,14512,1,243,243,243,243,231,231,231,231,231,0,30
LIRCMOP7_BC,1,ref_tau,292,228,1,0.76,228,0,0.00257908341989223,0.00857083851820791,228,30,3,0.0588995091707569,5.6140350877193,0.390783843265408,0.962253414464706,0,1,0.184210526315789,0.754390129787115,0.691467640260115,random,22,8,30,5,0.131578947368421,0.00288531824065378,0.0148206408309395,0,0.0148206408309395,NaN,0.666666666666667,0.0589192814376888,0.0921052631578947,0.00626593956303882,0.0166982831949907,0.0159269659360354,0.0162447787505662,0.166666666666667,400,231,862,862,431,431,374,82,100,82,14823,24,246,246,246,246,228,228,228,228,228,0,30
LIRCMOP7_BC,1,ref_tau,293,225,1,0.75,225,0,0.00320307954306861,0.0100500749371036,225,30,3,0.0581245156290364,5.68888888888889,0.430413825410512,0.969835115722079,-0,1,0.173333333333333,0.563555982773918,0.480898891473397,random,23,7,30,16,0.133333333333333,0.00176138875032691,0.00753866264542292,0,0.00819983220377844,NaN,0.566666666666667,0.0317232655991463,0.266666666666667,0.0057207463184826,0.0195245333013853,0.0187759920524765,0.0188985183354054,0.533333333333333,400,228,856,856,420,436,353,82,100,82,14464,12,246,246,246,243,225,225,225,225,225,0,30
LIRCMOP7_BC,1,ref_tau,294,241,1,0.81,241,0,0.00271393563855118,0.00869389614672123,241,30,3,0.0622578145182123,5.31120331950207,0.385633438343966,1.05492246505593,-0,1,0.211618257261411,0.663017947251866,1.6335732148618,random,19,11,30,4,0.12448132780083,0.00699669423776781,0.0420559159492106,0,0.0422458764687375,NaN,0.733333333333333,0.0205061252262521,0.0740740740740741,0.00773881822073658,0.0425928276401651,0.0431376721776632,0.0302540456257888,0.133333333333333,400,225,850,850,402,448,338,83,100,83,14478,8,249,249,249,248,241,241,241,241,241,0,30
LIRCMOP7_BC,1,ref_tau,295,243,1,0.81,243,0,0.00322616532391944,0.0101692181118288,243,30,3,0.0627744768793593,5.26748971193416,0.395934248186851,0.933121646734009,-0,1,0.242798353909465,0.69800149753099,0.875762974073653,random,17,13,30,5,0.123456790123457,0.00725424495958863,0.0152661606751333,0,0.0157789641254593,NaN,0.566666666666667,0.00286348764152242,0.0493827160493827,0.00735049178535581,0.0159099563093649,0.0184498755804786,0.0158040775993066,0.166666666666667,400,241,882,882,429,453,369,86,100,86,15092,0,258,258,258,258,243,243,243,243,243,0,30
LIRCMOP7_BC,1,ref_tau,296,225,1,0.75,225,0,0.00291704872649994,0.00969294361192555,225,30,3,0.0581245156290364,5.68888888888889,0.424549401573646,1.08264072917193,0,1,0.226666666666667,0.659555494638169,2.23919655136506,random,23,7,30,5,0.133333333333333,0.0138916300921954,0.0203501870805715,0,0.041960168990268,NaN,0.566666666666667,0.0136470203165021,0.106666666666667,0.0177849998443116,0.0423752559805337,0.0448397100829421,0.0398169757564994,0.166666666666667,400,243,886,886,409,477,359,81,100,81,15694,0,243,243,243,240,225,225,225,225,225,0,30
LIRCMOP7_BC,1,ref_tau,297,246,1,0.82,246,0,0.00315294294366317,0.0104899603332088,246,30,3,0.0635494704210798,5.20325203252033,0.395646434098102,0.962253414464706,-0,1,0.227642276422764,0.669074153544217,0.621100345310974,random,17,13,30,3,0.121951219512195,0.00305026176780067,0.0108245501046203,0,0.0108245501046203,NaN,0.6,0.00898645564976901,0.0487804878048781,0.00387897105212234,0.0131204632480759,0.0148595026608863,0.00794556720422144,0.1,400,225,850,850,393,457,347,87,100,87,14854,24,261,261,261,261,246,246,246,246,246,0,30
LIRCMOP7_BC,1,ref_tau,298,240,1,0.8,240,0,0.00298546868695379,0.00981061845868582,240,30,3,0.0619994833376389,5.33333333333333,0.428003621879683,1.05954217574193,0,1,0.2125,0.669931253710362,0.47401339900083,random,18,12,30,4,0.125,0.00440606993260481,0.00619074495296011,0,0.00671756674702577,NaN,0.466666666666667,-0.00205735227139231,0.0625,0.00612196384054846,0.0111714633712268,0.0128213492771806,0.011864709904028,0.133333333333333,400,246,892,892,421,471,374,85,100,85,16900,49,255,255,255,255,240,240,240,240,240,0,30
LIRCMOP7_BC,1,ref_tau,299,237,1,0.79,237,0,0.00285190250292911,0.00955112365792605,237,30,3,0.0612244897959184,5.40084388185654,0.377242106509926,0.96765170538336,0,1,0.177215189873418,0.759070502465352,0.808315190428786,random,21,9,30,4,0.126582278481013,0.00341402803024246,0.0159363797757162,0,0.017548447367353,NaN,0.366666666666667,-0.0134414989621284,0.0632911392405063,0.00437734513529357,0.0188031500034971,0.0187682132914418,0.0160679456097105,0.133333333333333,400,240,880,880,421,459,358,83,100,83,14844,0,249,249,249,249,237,237,237,237,237,0,30
LIRCMOP7_BC,1,ref_tau,300,252,1,0.84,252,0,0.0030605517725547,0.00921648886683173,252,30,3,0.0650994575045208,5.07936507936508,0.390783843265408,0.969001278113023,0,1,0.202380952380952,0.715056464900537,0.916293824033638,random,15,15,30,4,0.119047619047619,0.00466979031655945,0.0100714992857121,0,0.0180144325488418,NaN,0.6,0.0234737978451653,0.0476190476190476,0.00568112514567545,0.0188630545278009,0.0221010947869154,0.0156250142686864,0.133333333333333,400,237,874,874,417,457,355,86,100,86,15084,0,258,258,258,258,252,252,252,252,252,0,30
LIRCMOP7_BC,1,ref_tau,301,246,1,0.82,246,0,0.00302724536770467,0.0102873005876951,246,30,3,0.0635494704210798,5.20325203252033,0.391625087658391,0.969001278113023,0,1,0.231707317073171,0.671096066406356,1.57749869285198,random,18,12,30,2,0.121951219512195,0.0115547242832095,0.0206237208597138,0,0.0301303398994701,NaN,0.466666666666667,-0.00413963046339411,0.024390243902439,0.0121229060234186,0.0310741025875439,0.0304090802931605,0.0315778062813956,0.0666666666666667,400,252,904,904,426,478,353,85,100,85,14973,4,255,255,255,255,246,246,246,246,246,0,30
LIRCMOP7_BC,1,ref_tau,302,246,1,0.82,246,0,0.00271748908582009,0.00864447594882162,246,30,3,0.0635494704210798,5.20325203252033,0.381437772426946,1.03644362231193,0,1,0.195121951219512,0.682120059383371,0.697787142608056,random,17,13,30,2,0.121951219512195,0.00345836601336084,0.0121347998392347,0,0.0141662916138157,NaN,0.533333333333333,0.00925887473340355,0.024390243902439,0.00373996754165652,0.0146502662448666,0.0151782703705722,0.0137223358864744,0.0666666666666667,400,246,892,892,419,473,357,87,100,87,15312,4,261,261,261,261,246,246,246,246,246,0,30
LIRCMOP7_BC,1,ref_tau,303,231,1,0.77,231,0,0.00287065871708642,0.00875554859565295,231,30,3,0.0596745027124774,5.54112554112554,0.373315795450174,1.02577507444084,0,1,0.142857142857143,0.792647575975207,1.27232675660904,random,22,8,30,5,0.12987012987013,0.00768066338455063,0.0261345780787169,0,0.0261345780787169,NaN,0.533333333333333,0.00151389990926089,0.051948051948052,0.0106187676114623,0.0268133781160092,0.0269458441327311,0.0232538014862603,0.166666666666667,400,246,892,892,412,480,355,81,100,81,15327,0,243,243,243,243,231,231,231,231,231,0,30
LIRCMOP7_BC,1,ref_tau,304,234,1,0.78,234,0,0.00341351582990501,0.0110721733654374,234,30,3,0.0604494962541979,5.47008547008547,0.391625087658391,1.03644362231193,0,1,0.162393162393162,0.612796819065576,0.817888989460705,random,21,9,30,0,0.128205128205128,0.00604878889254944,0.0083468147830903,0,0.011824945303616,NaN,0.833333333333333,0.0256745858317715,0,0.00834811715414151,0.0176264521627812,0.0198429988576295,0.0131817836438093,0,400,231,862,862,396,466,347,82,100,82,14807,0,246,246,246,246,234,234,234,234,234,0,30
LIRCMOP7_BC,1,ref_tau,305,243,1,0.81,243,0,0.00340174582968115,0.0105462480595952,243,30,3,0.0627744768793593,5.26748971193416,0.376257330589661,0.974957746459933,0,1,0.148148148148148,0.684290311566886,0.791736984642453,random,18,12,30,3,0.123456790123457,0.00683783923441235,0.0235953721096251,0,0.0244731759830933,NaN,0.666666666666667,0.0146807435464004,0.0246913580246914,0.00934507412302464,0.0247806157103266,0.0250411576573765,0.0240768613599456,0.1,400,234,868,868,403,465,353,85,100,85,15277,0,255,255,255,255,243,243,243,243,243,0,30
LIRCMOP7_BC,1,ref_tau,306,252,1,0.84,252,0,0.00281890899685801,0.00886081237028656,252,30,3,0.0650994575045208,5.07936507936508,0.374786563019918,1.02577507444084,0,1,0.154761904761905,0.696049489200116,0.702936247284707,random,15,15,30,4,0.119047619047619,0.00368968799821701,0.0170210393691641,0,0.0173028018577789,NaN,0.5,0.00774731790266855,0.0714285714285714,0.00794197878590707,0.0205942444635168,0.0233878381950953,0.0149922388360637,0.133333333333333,400,243,886,886,424,462,366,88,100,88,15401,0,264,264,264,264,252,252,252,252,252,0,30
LIRCMOP7_BC,1,ref_tau,307,240,1,0.8,240,0,0.00277842533413543,0.00787731550797872,240,30,3,0.0619994833376389,5.33333333333333,0.376749718549793,1.03110934837638,-0,1,0.1625,0.782758330729774,0.880625026920725,random,19,11,30,3,0.125,0.00342125501888,0.00905826672091116,0,0.0106404580700177,NaN,0.566666666666667,0.0171813194064125,0.05,0.00376850416428156,0.011150740435515,0.0111619579490303,0.00908503997136183,0.1,400,252,904,904,436,468,379,83,100,83,16464,0,249,249,249,249,240,240,240,240,240,0,30
LIRCMOP7_BC,1,ref_tau,308,240,1,0.8,240,0,0.00198395501437036,0.0065055906523482,240,30,3,0.0619994833376389,5.33333333333333,0.392891199846253,1.08841914019422,-0,1,0.15,0.770317046557028,0.874197308376626,random,20,10,30,2,0.125,0.00531072703440356,0.0103774913537745,0,0.0129012629035612,NaN,0.6,0.00345852346710815,0.025,0.00561709273451622,0.0154289199092779,0.0154289199092779,0.0186744534062593,0.0666666666666667,400,240,880,880,423,457,372,84,100,84,17170,0,252,252,252,249,240,240,240,240,240,0,30
LIRCMOP7_BC,1,ref_tau,309,240,1,0.8,240,0,0.00309086087628603,0.0096183676253738,240,30,3,0.0619994833376389,5.33333333333333,0.373682968238884,1.00094220667138,0,1,0.15,0.91214990155805,1.35830790575532,random,19,11,30,0,0.125,0.0141620704948484,0.0190089711667542,0,0.0197563648839917,NaN,0.566666666666667,0.00466433223953314,0,0.0160764070406088,0.0217105051793841,0.0220772557049898,0.0213926313386016,0,400,240,880,880,420,460,362,84,100,84,15692,2,252,252,252,252,240,240,240,240,240,0,30
LIRCMOP7_BC,1,ref_tau,310,246,1,0.82,246,0,0.00306254968235952,0.00981523413371025,246,30,3,0.0635494704210798,5.20325203252033,0.368587323123343,1.02577507444084,-0,1,0.146341463414634,0.853817152912341,1.59939374122172,random,18,12,30,5,0.121951219512195,0.00785074688910303,0.0159640359755099,0,0.0243716068202031,NaN,0.466666666666667,-0.00989561795762034,0.0731707317073171,0.00855182847441424,0.0293648796650684,0.0306119204177576,0.0286092484911818,0.166666666666667,400,240,880,880,416,464,372,85,100,85,16100,4,255,255,255,255,246,246,246,246,246,0,30
LIRCMOP7_BC,1,ref_tau,311,240,1,0.8,240,0,0.00234657540627,0.00757384223069537,240,30,3,0.0619994833376389,5.33333333333333,0.373682968238884,1.03110934837638,0,1,0.125,0.763718043041566,0.843393049213101,random,19,11,30,5,0.125,0.00402844638793711,0.0199175752533047,0,0.0242223270750367,NaN,0.633333333333333,0.00925666678265179,0.05,0.00535665518136387,0.0242737685794244,0.0233104132431328,0.023989426478202,0.166666666666667,400,246,892,892,441,451,367,83,100,83,15889,0,249,249,249,249,240,240,240,240,240,0,30
LIRCMOP7_BC,1,ref_tau,312,240,1,0.8,240,0,0.00234104412938633,0.00727287039432656,240,30,3,0.0619994833376389,5.33333333333333,0.388869853406542,1.03110934837638,-0,1,0.1625,0.798063149762372,0.46717469721321,random,19,11,30,6,0.125,0.0016156423819767,0.00514413053436493,0,0.00514413053436493,NaN,0.533333333333333,0.0142029818198039,0.075,0.00364854649873209,0.00526764805155641,0.0051804204728208,0.00635516684700416,0.2,400,240,880,880,427,453,345,82,100,82,14013,0,246,246,246,246,240,240,240,240,240,0,30
LIRCMOP7_BC,1,ref_tau,313,237,1,0.79,237,0,0.00269001484083993,0.00667324689654076,237,30,3,0.0612244897959184,5.40084388185654,0.430413825410512,1.07340130779993,0,1,0.139240506329114,0.813643671313532,0.713649889423334,random,15,15,30,7,0.126582278481013,0.00293206242444984,0.0109035552174317,0,0.0128875369580233,NaN,0.633333333333333,0.00773272450357794,0.0886075949367089,0.00453216462355245,0.0131920189444978,0.0107936515564193,0.0141357067089856,0.233333333333333,400,240,880,880,427,453,352,86,100,86,14770,2,258,258,258,249,237,237,237,237,237,0,30
LIRCMOP7_BC,1,ref_tau,314,252,1,0.84,252,0,0.00279195280539845,0.00785798035926107,252,30,3,0.0650994575045208,5.07936507936508,0.376749718549793,1.02577507444084,-0,1,0.154761904761905,0.79580210395438,1.06931939486163,random,13,17,30,5,0.119047619047619,0.00613739427464073,0.0175924645654912,0,0.0249271399281413,NaN,0.633333333333333,0.0214956744987752,0.0714285714285714,0.00766599979577665,0.0251520514899587,0.0218464938280206,0.0286752587054129,0.166666666666667,400,237,874,874,423,451,361,87,100,87,14970,6,261,261,261,261,252,252,252,252,252,0,30
LIRCMOP7_BC,1,ref_tau,315,249,1,0.83,249,0,0.0025836306909211,0.00730036648045416,249,30,3,0.0643244639628003,5.14056224899598,0.395358620009353,1.08264072917193,-0,1,0.156626506024096,0.815626147498721,1.68146184941166,random,14,16,30,0,0.120481927710843,0.00710059326596338,0.0230455961305412,0,0.0395800782012443,NaN,0.766666666666667,0.0365544207597894,0,0.00744777450500111,0.0399282065560694,0.0258084503247582,0.0430517826265418,0,400,252,904,904,436,468,378,88,100,88,15928,3,264,264,264,261,249,249,249,249,249,0,30
LIRCMOP7_BC,1,ref_tau,316,252,1,0.84,252,0,0.00328747839453668,0.00936849748372295,252,30,3,0.0650994575045208,5.07936507936508,0.37914133760996,1.0941975512165,0,1,0.142857142857143,0.825523384341188,0.772024688105104,random,12,18,30,6,0.119047619047619,0.00418320266016981,0.0136300125196591,0,0.0140851793796355,NaN,0.466666666666667,-0.0214594190323513,0.0714285714285714,0.00571771026663566,0.0141014070129228,0.0146729765940334,0.012810068049482,0.2,400,249,898,898,430,468,383,88,100,88,16485,4,264,264,264,264,252,252,252,252,252,0,30
LIRCMOP7_BC,1,ref_tau,317,246,1,0.82,246,0,0.00295638400276597,0.00919499797500597,246,30,3,0.0635494704210798,5.20325203252033,0.393179013935002,1.03644362231193,0,1,0.146341463414634,0.782911114395847,0.644803594601705,random,14,16,30,0,0.121951219512195,0.00639460828172613,0.00896802189693217,0,0.00973595426290546,NaN,0.666666666666667,0.0177302866029725,0,0.00783937604013503,0.00985877011050493,0.0100199126916977,0.00958244667506374,0,400,252,904,904,430,474,388,86,100,86,16903,5,258,258,258,258,246,246,246,246,246,0,30
LIRCMOP7_BC,1,ref_tau,318,250,1,0.84,250,0,0.00264911482990671,0.00784296891203081,250,30,3,0.0645827951433738,5.12,0.385633438343966,1.08264072917193,-0,1,0.156,0.704357175233699,0.469214308252691,random,16,14,30,6,0.12,0.00187594189449876,0.00909636364229262,0,0.00926504311996698,NaN,0.533333333333333,0.00452056083597135,0.0595238095238095,0.0048120645880846,0.0152408143244825,0.0165556004997953,0.0150326684154857,0.2,400,246,892,892,429,463,380,86,100,86,15478,12,258,258,258,258,250,250,250,250,250,0,30
LIRCMOP7_BC,1,ref_tau,319,246,1,0.82,246,0,0.00292395683789142,0.00917870474042993,246,30,3,0.0635494704210798,5.20325203252033,0.391625087658391,1.02577507444084,-0,1,0.150406504065041,0.629886072680307,0.583250778955997,random,18,12,30,2,0.121951219512195,0.00252443899827829,0.0131995630688063,0,0.0149100480091129,NaN,0.566666666666667,0.0146029476131704,0.024390243902439,0.00741939243796956,0.0204379079903343,0.0219105446998679,0.0138430095667968,0.0666666666666667,400,250,900,900,426,474,384,85,100,85,16477,0,255,255,255,255,246,246,246,246,246,0,30
LIRCMOP7_BC,1,ref_tau,320,255,1,0.85,255,0,0.00294429800764899,0.0083038272255331,255,30,3,0.0658744510462413,5.01960784313725,0.387315927129932,1.02577507444084,0,1,0.164705882352941,0.689812598341131,0.725915493324472,random,15,15,30,9,0.117647058823529,0.00248623794749423,0.00833310246755613,0,0.0094506510259,NaN,0.433333333333333,-0.015179625377876,0.105882352941176,0.00444614866398361,0.0104573344407002,0.0102374279485191,0.0106772409328814,0.3,400,246,892,892,427,465,371,87,100,87,15453,2,261,261,261,261,255,255,255,255,255,0,30
LIRCMOP7_BC,1,ref_tau,321,249,1,0.83,249,0,0.00266244999376814,0.00754758296942128,249,30,3,0.0643244639628003,5.14056224899598,0.395934248186851,1.02577507444084,0,1,0.144578313253012,0.736621881025092,1.19495648142688,random,17,13,30,11,0.120481927710843,0.0023969010316509,0.00868468088144415,0,0.00868468088144415,NaN,0.433333333333333,-0.00396715195808903,0.0963855421686747,0.00388451676437593,0.0167489100719975,0.0197472408293148,0.0145951698943228,0.366666666666667,400,255,910,910,438,472,371,86,100,86,16096,5,258,258,258,258,249,249,249,249,249,0,30
LIRCMOP7_BC,1,ref_tau,322,249,1,0.83,249,0,0.00292947365595083,0.00866532459446551,249,30,3,0.0643244639628003,5.14056224899598,0.39764242193021,1.08264072917193,0,1,0.144578313253012,0.684397377054244,1.10804002446219,random,17,13,30,7,0.120481927710843,0.00361062509674283,0.00823814579687667,0,0.0176216976922622,NaN,0.5,8.44412182725018e-05,0.0843373493975904,0.00402055894884739,0.0177576381520279,0.0149752501098934,0.0215103521871329,0.233333333333333,400,249,898,898,420,478,374,86,100,86,16733,10,258,258,258,258,249,249,249,249,249,0,30
LIRCMOP7_BC,1,ref_tau,323,255,1,0.85,255,0,0.0025566406701178,0.00557878940642022,255,30,3,0.0658744510462413,5.01960784313725,0.421133793811123,1.03644362231193,0,1,0.16078431372549,0.751753053106963,2.58982481434888,random,15,15,30,1,0.117647058823529,0.0298740025612853,0.0336180905311965,0,0.0445241448405887,NaN,0.7,0.00548550290254218,0.0235294117647059,0.0366144700375075,0.0446015084406895,0.0448220816479496,0.0445309633198166,0.0333333333333333,400,249,898,898,428,470,363,87,100,87,15214,5,261,261,261,261,255,255,255,255,255,0,30
LIRCMOP7_BC,1,ref_tau,324,255,1,0.85,255,0,0.00307365845527469,0.00801309678196752,255,30,3,0.0658744510462413,5.01960784313725,0.395358620009353,1.08264072917193,0,1,0.129411764705882,0.787288547941194,0.964995825568509,random,15,15,30,0,0.117647058823529,0.0102870993116905,0.0141407068906021,0,0.0142213019369232,NaN,0.566666666666667,0.0221937235666958,0,0.0135996786684769,0.0174175620990312,0.0190639338494707,0.0157711903485916,0,400,255,910,910,431,479,372,88,100,88,15970,0,264,264,264,264,255,255,255,255,255,0,30
LIRCMOP7_BC,1,ref_tau,325,243,1,0.81,243,0,0.00285900930631982,0.00767867369799817,243,30,3,0.0627744768793593,5.26748971193416,0.395934248186851,1.03644362231193,0,1,0.1440329218107,0.815542589637276,2.21226784485126,random,19,11,30,4,0.123456790123457,0.0181676549946496,0.0204225162054922,0,0.0221047267582171,NaN,0.6,0.0262492968933298,0.0246913580246914,0.0200019519316455,0.0234540220373988,0.0236910894766996,0.0233319315835083,0.133333333333333,400,255,910,910,421,489,373,85,100,85,16621,0,255,255,255,252,243,243,243,243,243,0,30
LIRCMOP7_BC,1,ref_tau,326,249,1,0.83,249,0,0.00239812172926221,0.00652477556588392,249,30,3,0.0643244639628003,5.14056224899598,0.424926148215454,1.1017220956135,0,1,0.144578313253012,0.789882832712412,2.84699364217377,random,17,13,30,17,0.120481927710843,0.0195788725337131,0.0375819630277641,0,0.0542022156996153,NaN,0.366666666666667,-0.0194265602975282,0.156626506024096,0.033446637476068,0.0575833072613682,0.0564344224883085,0.0584235614446461,0.566666666666667,400,243,886,886,426,460,370,85,100,85,15584,7,255,255,255,255,249,249,249,249,249,0,30
LIRCMOP7_BC,1,ref_tau,327,240,1,0.8,240,0,0.00262592248334411,0.00652759360937923,240,30,3,0.0619994833376389,5.33333333333333,0.413077257174917,1.09218141239272,0,1,0.141666666666667,0.833567339133785,4.4364563272833,random,20,10,30,6,0.125,0.0464512459085754,0.0692829149935649,0,0.0692829149935649,NaN,0.466666666666667,-0.00445861972089724,0.05,0.0484390702618282,0.0705696976955813,0.0732222653609362,0.0615279501220433,0.2,400,249,898,898,422,476,370,84,100,84,16287,5,252,252,252,252,240,240,240,240,240,0,30
LIRCMOP7_BC,1,ref_tau,328,249,1,0.83,249,0,0.0030328988433265,0.00963975418836406,249,30,3,0.0643244639628003,5.14056224899598,0.412649068181875,1.08264072917193,0,1,0.156626506024096,0.858970225013353,3.30580405407617,random,17,13,30,4,0.120481927710843,0.0423743935495036,0.0561070773079929,0,0.0561070773079929,NaN,0.6,0.0139554750747421,0.0240963855421687,0.0456825675563893,0.0629206013624981,0.0640672420409911,0.0554210024858462,0.133333333333333,400,240,880,880,418,462,358,86,100,86,15023,10,258,258,258,258,249,249,249,249,249,0,30
LIRCMOP7_BC,1,ref_tau,329,255,1,0.85,255,0,0.00268775825375976,0.0076930073532545,255,30,3,0.0658744510462413,5.01960784313725,0.385633438343966,1.0941975512165,0,1,0.176470588235294,0.787756833839956,2.61816292197998,random,15,15,30,5,0.117647058823529,0.0283561864651081,0.0384273407706713,0,0.0424626929698684,NaN,0.566666666666667,0.0148532327742066,0.0588235294117647,0.0317019392964141,0.0441693248273023,0.0448478392161065,0.0390303801282033,0.166666666666667,400,249,898,898,428,470,373,88,100,88,16120,30,264,264,264,264,255,255,255,255,255,0,30
LIRCMOP7_BC,1,ref_tau,330,246,1,0.82,246,0,0.00228974650359468,0.00747979995258176,246,30,3,0.0635494704210798,5.20325203252033,0.395646434098102,1.00890713208301,0,1,0.219512195121951,0.791059375185331,2.46178398128567,random,18,12,30,4,0.121951219512195,0.0311808672763511,0.0402203146613529,0,0.0418391254701037,NaN,0.533333333333333,0.00866942384271982,0.0365853658536585,0.0352201948148021,0.0444745580347898,0.0442175693517786,0.0446513362420267,0.133333333333333,400,255,910,910,438,472,376,85,100,85,16173,0,255,255,255,255,246,246,246,246,246,0,30
LIRCMOP7_BC,1,ref_tau,331,252,1,0.84,252,0,0.00187499601370619,0.00602304807996372,252,30,3,0.0650994575045208,5.07936507936508,0.452891358940519,1.1017220956135,-0,1,0.202380952380952,0.750999510554728,2.0552875906135,random,16,14,30,8,0.119047619047619,0.0155325695294313,0.0289230540689836,0,0.0302697371807036,NaN,0.666666666666667,0.0128699958740071,0.0952380952380952,0.0164539302850685,0.0303987376265948,0.0298475519389062,0.0309619225818148,0.266666666666667,400,246,892,892,422,470,359,85,100,85,16212,0,255,255,255,255,252,252,252,252,252,0,30
LIRCMOP7_BC,1,ref_tau,332,240,1,0.8,240,0,0.00266626021333141,0.0078176218738091,240,30,3,0.0619994833376389,5.33333333333333,0.418813329374281,1.08841914019422,-0,1,0.1375,0.81508481106214,1.74795909781333,random,20,10,30,5,0.125,0.0121659675139678,0.0173284431897443,0,0.0362060699147795,NaN,0.633333333333333,0.0129720609484651,0.0375,0.0213416844131525,0.0362808925569538,0.0362808925569538,0.0372282146467426,0.166666666666667,400,252,904,904,425,479,380,82,100,82,16420,0,246,246,246,246,240,240,240,240,240,0,30
LIRCMOP7_BC,1,ref_tau,333,237,1,0.79,237,0,0.00275614586866808,0.00712521052665908,237,30,3,0.0612244897959184,5.40084388185654,0.395934248186851,1.07126759822571,0,1,0.126582278481013,0.867223889147823,0.991095821901335,random,21,9,30,0,0.126582278481013,0.00825647778343306,0.0190803573783174,0,0.0191078225231878,NaN,0.633333333333333,0.0356064385910997,0,0.0121185272716864,0.020341109355711,0.0208582230049355,0.0203050709883728,0,400,240,880,880,412,468,362,82,100,82,15750,2,246,246,246,246,237,237,237,237,237,0,30
LIRCMOP7_BC,1,ref_tau,334,246,1,0.82,246,0,0.00205843626210995,0.00631214149582248,246,30,3,0.0635494704210798,5.20325203252033,0.41710552549302,1.08264072917193,0,1,0.0975609756097561,0.676191122664631,1.43306153472364,random,18,12,30,10,0.121951219512195,0.0103950206749759,0.0230077173070443,0,0.0254825662988935,NaN,0.7,0.0163969542055572,0.0975609756097561,0.0159821279681051,0.025900340199828,0.0281648961264481,0.0226880251916498,0.333333333333333,400,237,874,874,402,472,363,84,100,84,15900,0,252,252,252,252,246,246,246,246,246,0,30
LIRCMOP7_BC,1,ref_tau,335,252,1,0.84,252,0,0.00267843263894827,0.00629518622107689,252,30,3,0.0650994575045208,5.07936507936508,0.39678833505853,1.02577507444084,0,1,0.130952380952381,0.808164874297548,2.03130005152435,random,16,14,30,7,0.119047619047619,0.0135254707072758,0.0212755825159755,0,0.0378700283517769,NaN,0.5,0.0179491440712026,0.0595238095238095,0.024441542458786,0.0398945948479067,0.0408374738491073,0.0395092384762516,0.233333333333333,400,246,892,892,413,479,369,87,100,87,16088,4,261,261,261,261,252,252,252,252,252,0,30
LIRCMOP7_BC,1,ref_tau,336,249,1,0.83,249,0,0.00218760433197508,0.0067179930895016,249,30,3,0.0643244639628003,5.14056224899598,0.395934248186851,1.08264072917193,0,1,0.156626506024096,0.817487839375481,0.927727109829358,random,17,13,30,2,0.120481927710843,0.0103423987885396,0.012470973283364,0,0.0145316504678042,NaN,0.533333333333333,0.0230265648976261,0.0240963855421687,0.0113397962033849,0.0155395316848479,0.0159045743554807,0.0154930973450759,0.0666666666666667,400,252,904,904,425,479,380,86,100,86,16597,4,258,258,258,258,249,249,249,249,249,0,30
LIRCMOP7_BC,1,ref_tau,337,237,1,0.79,237,0,0.00281372946307244,0.00894469593995095,237,30,3,0.0612244897959184,5.40084388185654,0.395934248186851,1.00890713208301,0,1,0.177215189873418,0.838466471785652,0.9897568272259,random,21,9,30,7,0.126582278481013,0.00593472536037258,0.0120909701365676,0,0.0229701371312109,NaN,0.333333333333333,-0.0128959749126411,0.0759493670886076,0.00720415892845092,0.0243903355140865,0.0258194335769591,0.0232330794944155,0.233333333333333,400,249,898,898,416,482,374,82,100,82,16459,12,246,246,246,246,237,237,237,237,237,0,30
LIRCMOP7_BC,1,ref_tau,338,258,1,0.86,258,0,0.00251865845532935,0.00745805459038274,258,30,3,0.0666494445879618,4.96124031007752,0.404505752680884,1.08264072917193,0,1,0.151162790697674,0.858025144879402,1.33072793442098,random,14,16,30,8,0.116279069767442,0.00376234426535783,0.0144727552489415,0,0.0311869794990437,NaN,0.3,-0.0188910477742425,0.0813953488372093,0.00534406130399333,0.0312647200374451,0.0318797730372284,0.0305465136755719,0.266666666666667,400,237,874,874,409,465,357,89,100,89,15029,6,267,267,267,267,258,258,258,258,258,0,30
LIRCMOP7_BC,1,ref_tau,339,240,1,0.8,240,0,0.00279028591593692,0.00650209976215852,240,30,3,0.0619994833376389,5.33333333333333,0.448666623924179,1.05420790180639,-0,1,0.1,0.928312935978087,0.969631550396015,random,20,10,30,6,0.125,0.00376267510411463,0.00943821404986055,0,0.0183757808014617,NaN,0.6,0.0161119960323759,0.05,0.00512318695805561,0.0184648540049666,0.0182590512435272,0.0201069646625166,0.2,400,258,916,916,422,494,366,83,100,83,16310,0,249,249,249,249,240,240,240,240,240,0,30
LIRCMOP7_BC,1,ref_tau,340,249,1,0.83,249,0,0.00214886151829737,0.00657365482019095,249,30,3,0.0643244639628003,5.14056224899598,0.424549401573646,1.02577507444084,0,1,0.144578313253012,0.857071005840755,0.737709458114864,random,17,13,30,5,0.120481927710843,0.00508177018267309,0.00973811020706272,0,0.010369468806976,NaN,0.466666666666667,-0.00427797078236106,0.0481927710843374,0.00719888489869249,0.0109593315537066,0.0111527983236718,0.0118615139883049,0.166666666666667,400,240,880,880,406,474,352,85,100,85,14972,0,255,255,255,255,249,249,249,249,249,0,30
LIRCMOP7_BC,1,ref_tau,341,249,1,0.83,249,0,0.00243820708185698,0.00555779453039765,249,30,3,0.0643244639628003,5.14056224899598,0.421133793811123,0.990358062639523,0,1,0.140562248995984,0.849203284560964,0.582367400388325,random,17,13,30,6,0.120481927710843,0.00199269108861176,0.00963847130428687,0,0.00963847130428687,NaN,0.666666666666667,0.0644388030142712,0.072289156626506,0.00354152399997275,0.015328043266243,0.0176435623816449,0.00955226678458554,0.2,400,249,898,898,409,489,369,86,100,86,16468,0,258,258,258,258,249,249,249,249,249,0,30
LIRCMOP7_BC,1,ref_tau,342,234,1,0.78,234,0,0.00280842106778387,0.00658198947090722,234,30,3,0.0604494962541979,5.47008547008547,0.418813329374281,1.08264072917193,0,1,0.153846153846154,0.837548653714768,1.03144102511293,random,22,8,30,0,0.128205128205128,0.0106225645366659,0.0126242096541885,0,0.0154474736739833,NaN,0.433333333333333,-0.000161593379274211,0,0.0123110824474738,0.0183943074733339,0.0179359975050621,0.0182872535096195,0,400,249,898,898,412,486,359,81,100,81,16232,0,243,243,243,243,234,234,234,234,234,0,30
LIRCMOP7_BC,1,ref_tau,343,258,1,0.86,258,0,0.0026268864004558,0.00614026450617091,258,30,3,0.0666494445879618,4.96124031007752,0.418813329374281,1.18232715973165,0,1,0.13953488372093,0.889121022114841,1.18799814647295,random,14,16,30,8,0.116279069767442,0.00516086878225717,0.014269412563858,0,0.0239026268845432,NaN,0.5,0.00449391220942985,0.0930232558139535,0.014854112164577,0.0241483296350028,0.025111434059784,0.0237047167594035,0.266666666666667,400,234,868,868,401,467,346,89,100,89,14656,0,267,267,267,267,258,258,258,258,258,0,30
LIRCMOP7_BC,1,ref_tau,344,232,1,0.78,232,0,0.00286148612330112,0.00707110919585241,232,30,3,0.0599328338930509,5.51724137931035,0.487167064665015,1.08264072917193,0,1,0.168103448275862,0.898436756189222,0.824512605004044,random,22,8,30,8,0.129310344827586,0.00398405347229536,0.0108350974958532,0,0.0188132192201205,NaN,0.533333333333333,0.00683485267549672,0.0769230769230769,0.00562579033384149,0.0202326124241836,0.0213095640467756,0.0172499264361693,0.266666666666667,400,258,916,916,416,500,371,81,100,81,17071,0,243,243,243,240,232,232,232,232,232,0,30
LIRCMOP7_BC,1,ref_tau,345,249,1,0.83,249,0,0.00250028983694811,0.00628241879786242,249,30,3,0.0643244639628003,5.14056224899598,0.487167064665015,1.00890713208301,0,1,0.180722891566265,0.90211360123769,1.71814031041814,random,17,13,30,1,0.120481927710843,0.0123518780142383,0.0180419615773827,0,0.0181843120798214,NaN,0.366666666666667,-0.0185586606098063,0.0240963855421687,0.014068330795506,0.0188837736792822,0.0190810790367633,0.0216448640976532,0.0333333333333333,400,232,864,864,397,467,340,85,100,85,14782,0,255,255,255,255,249,249,249,249,249,0,30
LIRCMOP7_BC,1,ref_tau,346,252,1,0.84,252,0,0.0026297535045946,0.00656065397472501,252,30,3,0.0650994575045208,5.07936507936508,0.45409410428716,1.00890713208301,0,1,0.154761904761905,0.897236591878903,1.03278629759792,random,16,14,30,2,0.119047619047619,0.0100551595157034,0.0111118698366338,0,0.0220336258089798,NaN,0.266666666666667,-0.0134784970350563,0.0238095238095238,0.011233056711501,0.02207342035446,0.0219427076070625,0.0221803739898472,0.0666666666666667,400,249,898,898,419,479,366,86,100,86,16235,0,258,258,258,258,252,252,252,252,252,0,30
LIRCMOP7_BC,1,ref_tau,347,258,1,0.86,258,0,0.00240877066201376,0.0069208248228339,258,30,3,0.0666494445879618,4.96124031007752,0.45409410428716,1.00553678892157,0,1,0.174418604651163,0.931050043223665,2.42934378551795,random,14,16,30,6,0.116279069767442,0.0258043353214654,0.03454229198192,0,0.0384192883893532,NaN,0.366666666666667,-0.00884288066321021,0.0697674418604651,0.0277956095490213,0.039042499988149,0.0394570025197469,0.0385584583927619,0.2,400,252,904,904,408,496,370,88,100,88,16519,0,264,264,264,264,258,258,258,258,258,0,30
LIRCMOP7_BC,1,ref_tau,348,249,1,0.83,249,0,0.00282994253219265,0.00709652793629875,249,30,3,0.0643244639628003,5.14056224899598,0.447858625478116,1.00148750430561,0,1,0.156626506024096,0.918014997239833,5.88210359714933,random,17,13,30,11,0.120481927710843,0.0147887984544766,0.0416524052394535,0,0.101974930828767,NaN,0.766666666666667,0.0439035189559271,0.120481927710843,0.0190386364778989,0.102414298762547,0.088462028542926,0.10768964306263,0.366666666666667,400,258,916,916,416,500,375,86,100,86,17404,0,258,258,258,258,249,249,249,249,249,0,30
LIRCMOP7_BC,1,ref_tau,349,243,1,0.81,243,0,0.00265792077449525,0.00698414072018323,243,30,3,0.0627744768793593,5.26748971193416,0.471985718480157,1.01228072055458,0,1,0.135802469135802,0.917442123314156,2.27388853641413,random,19,11,30,3,0.123456790123457,0.0237501054286713,0.0310760557451213,0,0.0465842451248662,NaN,0.433333333333333,-0.00488897019935612,0.0493827160493827,0.0344404365445478,0.0508849174075718,0.0511630877607177,0.0460139955128382,0.1,400,249,898,898,405,493,362,83,100,83,16379,0,249,249,249,249,243,243,243,243,243,0,30
LIRCMOP7_BC,1,ref_tau,350,264,1,0.88,264,0,0.0027098844160196,0.00605718566853519,264,30,3,0.0681994316714027,4.84848484848485,0.44595937153909,1.052447291499,0,1,0.170454545454545,0.918749581171928,5.03030527412825,random,12,18,30,21,0.113636363636364,0.0180244690619301,0.0825495885533322,0,0.0974497285884103,NaN,0.533333333333333,0.0139388104974194,0.238636363636364,0.0709774780372243,0.109648249158836,0.113860103586676,0.103661352285929,0.7,400,243,886,886,401,485,360,90,100,90,15596,0,270,270,270,270,264,264,264,264,264,0,30
LIRCMOP7_BC,1,ref_tau,351,265,1,0.89,265,0,0.00274758999844289,0.00737043745684344,265,30,3,0.0684577628519762,4.83018867924528,0.464128090974256,1.02577507444084,0,1,0.181132075471698,0.872309116857227,3.75302750023135,random,11,19,30,8,0.113207547169811,0.0146130246346011,0.0562148073670344,0,0.0658165489047531,NaN,0.5,0.00838866471101865,0.0898876404494382,0.0295842737672766,0.0845097301145782,0.0881376422418171,0.0723779013438571,0.266666666666667,400,264,928,928,404,524,378,90,100,90,17800,0,270,270,270,270,265,265,265,265,265,0,30
LIRCMOP7_BC,1,ref_tau,352,267,1,0.89,267,0,0.00294209109207173,0.00746248855528346,267,30,3,0.0689744252131232,4.7940074906367,0.471985718480157,1.02240148596927,0,1,0.157303370786517,0.883699256501354,2.98857210225647,random,10,20,30,4,0.112359550561798,0.0216259093077047,0.0291928681311883,0,0.0500313331372938,NaN,0.633333333333333,0.0142534713566202,0.0898876404494382,0.026910924592543,0.050259954654058,0.0352346956600349,0.0570043440295146,0.133333333333333,400,265,930,930,409,521,379,91,100,91,18168,0,273,273,273,273,267,267,267,267,267,0,30
LIRCMOP7_BC,1,ref_tau,353,273,1,0.91,273,0,0.00262173899843993,0.00610284970984999,273,30,3,0.0705244122965642,4.68864468864469,0.471985718480157,1.0714241029204,-0,1,0.21978021978022,0.841770773178098,1.16206756225913,random,9,21,30,0,0.10989010989011,0.0101521488541639,0.0162879196164429,0,0.0232083878553552,NaN,0.666666666666667,0.0802233485615112,0,0.0120287430317779,0.0233071645043973,0.0215664527205348,0.0275520878552036,0,400,267,934,934,410,524,381,93,100,93,17917,0,279,279,279,276,273,273,273,273,273,0,30
LIRCMOP7_BC,1,ref_tau,354,276,1,0.92,276,0,0.0027373005850223,0.00697781678844543,276,30,3,0.0712994058382847,4.63768115942029,0.44595937153909,1.02577507444084,0,1,0.206521739130435,0.80850532675156,1.79021103771911,random,8,22,30,3,0.108695652173913,0.0076205017215335,0.0197898981773128,0,0.0323680667526423,NaN,0.666666666666667,0.0575671156804413,0.0434782608695652,0.00995962014925683,0.0324854922863574,0.0326355701106332,0.0311710302426212,0.1,400,273,946,946,408,538,379,92,100,92,18221,0,276,276,276,276,276,276,276,276,276,0,30
LIRCMOP7_BC,1,ref_tau,355,273,1,0.91,273,0,0.00273560302277054,0.00649826822139455,273,30,3,0.0705244122965642,4.68864468864469,0.447858625478116,1.03714820538706,0,1,0.205128205128205,0.86068652919535,1.36585537586949,random,9,21,30,1,0.10989010989011,0.00555791624944839,0.014858042297404,0,0.0292507907817706,NaN,0.366666666666667,-0.0226257177003706,0.021978021978022,0.00726246856462792,0.0294567001578261,0.0275476196526199,0.0299461106460087,0.0333333333333333,400,276,952,952,411,541,386,91,100,91,19043,0,273,273,273,273,273,273,273,273,273,0,30
LIRCMOP7_BC,1,ref_tau,356,279,1,0.93,279,0,0.0025228309038529,0.00573633268258692,279,30,3,0.0720743993800052,4.58781362007168,0.447858625478116,1.02577507444084,0,1,0.182795698924731,0.869957921345778,1.10078982467873,random,7,23,30,9,0.10752688172043,0.00281682406869106,0.011437063436457,0,0.0385008361344904,NaN,0.533333333333333,0.00906447143527464,0.118279569892473,0.00908591702851062,0.0386940138653822,0.0434866387027852,0.0283615743102814,0.3,400,273,946,946,416,530,386,93,100,93,18040,0,279,279,279,279,279,279,279,279,279,0,30
LIRCMOP7_BC,1,ref_tau,357,264,1,0.88,264,0,0.00265848263165084,0.00662607000042816,264,30,3,0.0681994316714027,4.84848484848485,0.427754023263583,1.02577507444084,0,1,0.204545454545455,0.954217689897008,1.9705148530672,random,11,19,30,3,0.113636363636364,0.00630900551481112,0.0111718746697541,0,0.0383951544373598,NaN,0.533333333333333,0.0104188382681114,0.0454545454545455,0.0182987662005857,0.038765610975138,0.0406264043952791,0.0386570212748332,0.1,400,279,958,958,423,535,391,89,100,89,19085,0,267,267,267,267,264,264,264,264,264,0,30
LIRCMOP7_BC,1,ref_tau,358,276,1,0.92,276,0,0.00284863126882841,0.00811338533724049,276,30,3,0.0712994058382847,4.63768115942029,0.427754023263583,1.04304657611338,0,1,0.184782608695652,0.867712530902933,1.14438972355284,random,8,22,30,2,0.108695652173913,0.00688960564865096,0.0121528021636493,0,0.0261258308300846,NaN,0.566666666666667,0.0383389441346971,0.0217391304347826,0.0116020610630455,0.0261943369990596,0.0305763043081287,0.022996268459985,0.0666666666666667,400,264,928,928,416,512,375,92,100,92,17258,0,276,276,276,276,276,276,276,276,276,0,30
LIRCMOP7_BC,1,ref_tau,359,255,1,0.85,255,0,0.00237610985869692,0.00639459981921822,255,30,3,0.0658744510462413,5.01960784313725,0.420044119455137,1.00890713208301,0,1,0.188235294117647,0.848581550242385,1.34737341123986,random,15,15,30,6,0.117647058823529,0.00430696515461128,0.0148176777715007,0,0.040729121093727,NaN,0.6,0.0227829410239614,0.0941176470588235,0.00716091319434107,0.0409082508696175,0.0405646955189135,0.0412518062203215,0.2,400,276,952,952,428,524,388,85,100,85,18211,0,255,255,255,255,255,255,255,255,255,0,30
LIRCMOP7_BC,1,ref_tau,360,270,1,0.9,270,0,0.00271288805482161,0.00665982663166755,270,30,3,0.0697494187548437,4.74074074074074,0.437509381276791,1.06284365264266,0,1,0.166666666666667,0.907674587211523,0.987566530470799,random,9,21,30,0,0.111111111111111,0.00382038640025695,0.0102808808213417,0,0.0267641980107084,NaN,0.4,-0.0125534322610341,0,0.00479034122319595,0.026786143839702,0.0289394697009862,0.0224453685917064,0,400,255,910,910,410,500,367,91,100,91,17322,0,273,273,273,273,270,270,270,270,270,0,30
LIRCMOP7_BC,1,ref_tau,361,258,1,0.86,258,0,0.00250091981140196,0.00665826360298811,258,30,3,0.0666494445879618,4.96124031007752,0.434304759586854,1.00890713208301,0,1,0.186046511627907,0.794103922402935,1.31875489956868,random,14,16,30,0,0.116279069767442,0.0144804562424844,0.0237637451722347,0,0.0263278461410843,NaN,0.5,0.0030905584864355,0,0.0165794605491198,0.0271174369070774,0.0266220130009096,0.0276253213971738,0,400,270,940,940,413,527,383,87,100,87,18209,0,261,261,261,261,258,258,258,258,258,0,30
LIRCMOP7_BC,1,ref_tau,362,273,1,0.91,273,0,0.00257159466483901,0.00685879605958975,273,30,3,0.0705244122965642,4.68864468864469,0.424549401573646,1.02922937477535,-0,1,0.208791208791209,0.723841490104448,2.02674278391055,random,9,21,30,4,0.10989010989011,0.0148334177246611,0.0248950570391203,0,0.034348189790277,NaN,0.633333333333333,0.0481223171576561,0.0659340659340659,0.0178418596267089,0.0344291653266002,0.0320195347320704,0.0357760842345956,0.133333333333333,400,258,916,916,403,513,375,91,100,91,17065,0,273,273,273,273,273,273,273,273,273,0,30
LIRCMOP7_BC,1,ref_tau,363,246,1,0.82,246,0,0.00206509089095774,0.00586899156902141,246,30,3,0.0635494704210798,5.20325203252033,0.395812675175337,1.00890713208301,0,1,0.182926829268293,0.878616693890759,1.64925221699272,random,18,12,30,7,0.121951219512195,0.013517417341988,0.019984382924897,0,0.0345096884819475,NaN,0.633333333333333,0.0922774758409763,0.109756097560976,0.0260315009768148,0.0345199779979632,0.0345651851090282,0.034607756337975,0.233333333333333,400,273,946,946,423,523,384,83,100,83,17961,0,249,249,249,249,246,246,246,246,246,0,30
LIRCMOP7_BC,1,ref_tau,364,258,1,0.86,258,0,0.00242655861600498,0.00650124700788255,258,30,3,0.0666494445879618,4.96124031007752,0.424549401573646,1.02577507444084,0,1,0.205426356589147,0.878649020824776,1.20444195696278,random,13,17,30,1,0.116279069767442,0.00912446540985548,0.0125243487071872,0,0.0247860259393283,NaN,0.633333333333333,0.0346496527974404,0.0232558139534884,0.0186205652524827,0.0247860259393283,0.0253548756682855,0.0244456652573095,0.0333333333333333,400,246,892,892,410,482,363,87,100,87,16229,0,261,261,261,261,258,258,258,258,258,0,30
LIRCMOP7_BC,1,ref_tau,365,267,1,0.89,267,0,0.00232591197075309,0.00679535301301296,267,30,3,0.0689744252131232,4.7940074906367,0.43095864495352,1.07472189856022,0,1,0.202247191011236,0.879546438080975,4.09290991693153,random,10,20,30,14,0.112359550561798,0.0433437012712888,0.0857216055933226,0,0.0924864337594947,NaN,0.6,0.0143961065173572,0.202247191011236,0.0451406546285378,0.0926433429717401,0.0926433429717401,0.0916758253972433,0.466666666666667,400,258,916,916,410,506,371,90,100,90,16651,0,270,270,270,270,267,267,267,267,267,0,30
LIRCMOP7_BC,1,ref_tau,366,267,1,0.89,267,0,0.00230138121096365,0.00604856083532118,267,30,3,0.0689744252131232,4.7940074906367,0.471985718480157,1.07660204163735,0,1,0.213483146067416,0.845856359686675,2.22247986083289,random,10,20,30,3,0.112359550561798,0.0187236178385006,0.0408571626636268,0,0.0414970379590415,NaN,0.533333333333333,0.0204068934287135,0.0674157303370786,0.0193119007810182,0.0416247279300913,0.0393010083123417,0.0464754438157276,0.1,400,267,934,934,416,518,381,90,100,90,17577,0,270,270,270,270,267,267,267,267,267,0,30
LIRCMOP7_BC,1,ref_tau,367,234,1,0.78,234,0,0.00354422927380983,0.0102617072369223,234,30,3,0.0604494962541979,5.47008547008547,0.420044119455137,1.04304657611338,0,1,0.192307692307692,0.980724819207266,1.56243695855251,random,20,10,30,0,0.128205128205128,0.00901689898009973,0.0232590241445859,0,0.0251094837814622,NaN,0.366666666666667,-0.0110834219201769,0,0.0100991060616516,0.0251909208302263,0.0251909208302263,0.0255045795741078,0,400,267,934,934,415,519,370,81,100,81,17927,0,243,243,243,240,234,234,234,234,234,0,30
LIRCMOP7_BC,1,ref_tau,368,261,1,0.87,261,0,0.00248339505200402,0.00688590239897297,261,30,3,0.0674244381296823,4.90421455938697,0.424549401573646,1.00890713208301,0,1,0.172413793103448,0.932703919753959,3.14997150634977,random,12,18,30,8,0.114942528735632,0.0201579719828311,0.0788622485680178,0,0.0792019299384197,NaN,0.566666666666667,0.0348375606183988,0.0919540229885057,0.0224033071349449,0.0792366246352202,0.0844299023714266,0.0751625783626405,0.266666666666667,400,234,868,868,373,495,337,88,100,88,14831,0,264,264,264,264,261,261,261,261,261,0,30
LIRCMOP7_BC,1,ref_tau,369,252,1,0.84,252,0,0.00278073837179685,0.0081911641633853,252,30,3,0.0650994575045208,5.07936507936508,0.45409410428716,1.08264072917193,0,1,0.19047619047619,0.957140712844624,3.45143498040508,random,14,16,30,15,0.119047619047619,0.0417871574555149,0.0861515945473367,0,0.0861569183511491,NaN,0.733333333333333,0.0315067247166707,0.154761904761905,0.044268891321184,0.086182192062216,0.0896220849106773,0.0786379249429265,0.5,400,261,922,922,413,509,366,86,100,86,17852,0,258,258,258,258,252,252,252,252,252,0,30
LIRCMOP7_BC,1,ref_tau,370,252,1,0.84,252,0,0.00242525666824868,0.00659718225581961,252,30,3,0.0650994575045208,5.07936507936508,0.427754023263583,1.0941975512165,0,1,0.214285714285714,0.869829629220491,3.86204984783337,random,14,16,30,8,0.119047619047619,0.0282853437161224,0.0805789079887624,0,0.0890014134272778,NaN,0.733333333333333,0.0288705058739157,0.0952380952380952,0.0284429820356656,0.0890388185688115,0.0835321693952963,0.0899471254361189,0.266666666666667,400,252,904,904,402,502,363,86,100,86,16576,0,258,258,258,258,252,252,252,252,252,0,30
LIRCMOP7_BC,1,ref_tau,371,246,1,0.82,246,0,0.00228143837986639,0.00722064461490864,246,30,3,0.0635494704210798,5.20325203252033,0.420044119455137,1.02577507444084,0,1,0.195121951219512,0.983947663703228,3.99703182006274,random,16,14,30,8,0.121951219512195,0.0349051484816859,0.0853306459545244,0,0.0866818074033757,NaN,0.5,-0.00339949386851141,0.0853658536585366,0.0364324441214431,0.0867650597894067,0.0859455576441371,0.087042765998847,0.266666666666667,400,252,904,904,401,503,366,84,100,84,16883,0,252,252,252,252,246,246,246,246,246,0,30
LIRCMOP7_BC,1,ref_tau,372,243,1,0.81,243,0,0.0022036862442998,0.00698187944049624,243,30,3,0.0627744768793593,5.26748971193416,0.424549401573646,1.08495209358085,-0,1,0.222222222222222,0.841760836098333,4.80865654520715,random,17,13,30,17,0.123456790123457,0.0628996467399057,0.0792032415068957,0,0.0798477819984435,NaN,0.6,0.0251282997818651,0.197530864197531,0.0632046335895762,0.0798964507462637,0.0792396307491063,0.0837786712038413,0.566666666666667,400,246,892,892,388,504,354,83,100,83,16932,0,249,249,249,249,243,243,243,243,243,0,30
LIRCMOP7_BC,1,ref_tau,373,255,1,0.85,255,0,0.00248260875417953,0.00789410219986515,255,30,3,0.0658744510462413,5.01960784313725,0.424549401573646,1.08264072917193,0,1,0.176470588235294,1.0464583071899,3.45231594541304,random,14,16,30,8,0.117647058823529,0.0513607028858292,0.080813933532025,0,0.0820440151611566,NaN,0.5,0.000241344076250122,0.0705882352941176,0.0532825648521976,0.0821175346844007,0.0874548091382794,0.0756243834245279,0.266666666666667,400,243,886,886,380,506,351,86,100,86,15919,0,258,258,258,258,255,255,255,255,255,0,30
LIRCMOP7_BC,1,ref_tau,374,258,1,0.86,258,0,0.00195682735487869,0.0059719911275528,258,30,3,0.0666494445879618,4.96124031007752,0.444809166323155,1.0941975512165,0,1,0.147286821705426,0.862760070308451,2.80148817762294,random,13,17,30,2,0.116279069767442,0.0375355773139756,0.0499433082139937,0,0.0501557059619161,NaN,0.566666666666667,0.0141883932121674,0.0232558139534884,0.0381847666358695,0.0502759849725715,0.0500481140849962,0.0500495976165493,0.0666666666666667,400,255,910,910,398,512,362,88,100,88,16811,0,264,264,264,264,258,258,258,258,258,0,30
LIRCMOP7_BC,1,ref_tau,375,261,1,0.87,261,0,0.00214789414601255,0.00674744856507137,261,30,3,0.0674244381296823,4.90421455938697,0.461722600280976,1.1017220956135,0,1,0.206896551724138,0.917031262261069,1.52413363068098,random,12,18,30,4,0.114942528735632,0.0169258431864034,0.0244684368100693,0,0.0267558243626108,NaN,0.566666666666667,0.0202159108217079,0.0459770114942529,0.0199694632008505,0.0269197249256508,0.0262298788970244,0.0280156538909336,0.133333333333333,400,258,916,916,400,516,361,89,100,89,16845,0,267,267,267,267,261,261,261,261,261,0,30
LIRCMOP7_BC,1,ref_tau,376,243,1,0.81,243,0,0.00201615156776856,0.00617628482579557,243,30,3,0.0627744768793593,5.26748971193416,0.464128090974256,1.0957024600959,0,1,0.148148148148148,0.943587547912907,2.20359090760171,random,18,12,30,5,0.123456790123457,0.00244569652705608,0.0120541351050996,0,0.0134860658793532,NaN,0.533333333333333,0.054783452022612,0.0617283950617284,0.00456745828777434,0.0138597016546714,0.0141280420508186,0.0145573193581756,0.166666666666667,400,261,922,922,405,517,366,84,100,84,17011,0,252,252,252,252,243,243,243,243,243,0,30
LIRCMOP7_BC,1,ref_tau,377,255,1,0.85,255,0,0.00217312934498205,0.00605082143423787,255,30,3,0.0658744510462413,5.01960784313725,0.464128090974256,1.1017220956135,0,1,0.176470588235294,0.90617490253737,1.80943014877062,random,14,16,30,6,0.117647058823529,0.0141983392537071,0.0299659073338041,0,0.0318496729488239,NaN,0.633333333333333,0.0144812914699277,0.0705882352941176,0.020229666804883,0.0318640467950587,0.0306573185541291,0.0331672152353112,0.2,400,243,886,886,386,500,349,86,100,86,15595,0,258,258,258,258,255,255,255,255,255,0,30
LIRCMOP7_BC,1,ref_tau,378,249,1,0.83,249,0,0.00197800756061597,0.00496733691744017,249,30,3,0.0643244639628003,5.14056224899598,0.461722600280976,1.1017220956135,0,1,0.168674698795181,0.695721685619857,1.02740813817051,random,16,14,30,3,0.120481927710843,0.00722672810002696,0.022335510249443,0,0.0224336437945082,NaN,0.333333333333333,-0.0317265731753418,0.0481927710843374,0.00958070524787003,0.0224778138753572,0.0234977818685563,0.0215424871243382,0.1,400,255,910,910,401,509,357,85,100,85,16937,0,255,255,255,255,249,249,249,249,249,0,30
LIRCMOP7_BC,1,ref_tau,379,264,1,0.88,264,0,0.00207574283762843,0.00626394365595398,264,30,3,0.0681994316714027,4.84848484848485,0.462925345627616,1.1101783131268,0,1,0.181818181818182,0.86279258774015,1.10230911612192,random,11,19,30,3,0.113636363636364,0.0116473031028712,0.0182344157335077,0,0.0209198934977477,NaN,0.533333333333333,0.00470493180924725,0.0454545454545455,0.0122505408888652,0.0211261298189908,0.0174159593212518,0.0232148025610217,0.1,400,249,898,898,382,516,352,90,100,90,16201,0,270,270,270,270,264,264,264,264,264,0,30
LIRCMOP7_BC,1,ref_tau,380,261,1,0.87,261,0,0.00220208282090529,0.00696976302403254,261,30,3,0.0674244381296823,4.90421455938697,0.424549401573646,1.1017220956135,0,1,0.183908045977011,0.851725972022219,1.92327427530303,random,12,18,30,5,0.114942528735632,0.0155905339962016,0.0325152759580049,0,0.0332185109345044,NaN,0.733333333333333,0.0294609541054757,0.0689655172413793,0.0183515939112512,0.0332411911505918,0.0314424957850783,0.034384840906991,0.166666666666667,400,264,928,928,412,516,371,89,100,89,17303,0,267,267,267,267,261,261,261,261,261,0,30
LIRCMOP7_BC,1,ref_tau,381,264,1,0.88,264,0,0.00201397122232296,0.00621619421623996,264,30,3,0.0681994316714027,4.84848484848485,0.444809166323155,1.1101783131268,0,1,0.181818181818182,0.791959047264042,0.809844581235794,random,11,19,30,3,0.113636363636364,0.00484043143436576,0.0208055659663411,0,0.0212072683346593,NaN,0.566666666666667,0.0381130873635572,0.0454545454545455,0.00553715108191623,0.0212502353313773,0.0248465663357077,0.0169397006035628,0.1,400,261,922,922,400,522,368,91,100,91,17064,0,273,273,273,271,264,264,264,264,264,0,30
LIRCMOP7_BC,1,ref_tau,382,264,1,0.88,264,0,0.00200363742402249,0.00623658889219594,264,30,3,0.0681994316714027,4.84848484848485,0.477439117844051,1.1101783131268,0,1,0.170454545454545,0.932273518101931,2.77875535370169,random,11,19,30,7,0.113636363636364,0.035232925318538,0.0496961567224384,0,0.0512025993897683,NaN,0.7,0.039040791792659,0.113636363636364,0.0367136467818657,0.0512475210171656,0.0511747423874212,0.0512889586436805,0.233333333333333,400,264,928,928,403,525,367,91,100,91,17087,5,273,273,273,273,264,264,264,264,264,0,30
LIRCMOP7_BC,1,ref_tau,383,249,1,0.83,249,0,0.00202786830467136,0.00582640377566169,249,30,3,0.0643244639628003,5.14056224899598,0.471985718480157,1.1017220956135,0,1,0.216867469879518,0.900100869927615,2.75022476537085,random,16,14,30,9,0.120481927710843,0.0204005784036682,0.090541941147041,0,0.0912911916681502,NaN,0.333333333333333,-0.027618760896887,0.0843373493975904,0.0211322341565298,0.0913965706263762,0.0900538705492429,0.0931472448455229,0.3,400,264,928,928,402,526,368,85,100,85,18632,0,255,255,255,255,249,249,249,249,249,0,30
LIRCMOP7_BC,1,ref_tau,384,255,1,0.85,255,0,0.0020876288471804,0.00664401568130582,255,30,3,0.0658744510462413,5.01960784313725,0.46554524486648,1.1017220956135,0,1,0.235294117647059,0.890596290865677,4.42409009576804,random,14,16,30,9,0.117647058823529,0.0357018703182418,0.0665655737805466,0,0.0679999653771052,NaN,0.733333333333333,0.0305039740270837,0.117647058823529,0.0399285527941755,0.0682064619834373,0.0686962084911289,0.0677224812404497,0.3,400,249,898,898,387,511,353,86,100,86,16626,0,258,258,258,258,255,255,255,255,255,0,30
LIRCMOP7_BC,1,ref_tau,385,258,1,0.86,258,0,0.00198077206832024,0.00588942298142088,258,30,3,0.0666494445879618,4.96124031007752,0.456361044043382,1.1017220956135,0,1,0.232558139534884,0.903766825254808,1.64975881846637,random,13,17,30,2,0.116279069767442,0.0215299234138907,0.0556407244688459,0,0.0559926228839018,NaN,0.466666666666667,-0.0215876166291499,0.0232558139534884,0.0228304629541979,0.0560340614371084,0.0576857436029178,0.0526819275451134,0.0666666666666667,400,255,910,910,392,518,359,87,100,87,17145,0,261,261,261,258,258,258,258,258,258,0,30
LIRCMOP7_BC,1,ref_tau,386,267,1,0.89,267,0,0.00168846392524203,0.00562905139976488,267,30,3,0.0689744252131232,4.7940074906367,0.445558215046247,1.10848706962414,0,1,0.142322097378277,0.941140413232633,2.65095564212747,random,10,20,30,2,0.112359550561798,0.033399337034649,0.0433100832222683,0,0.0439162804708723,NaN,0.9,0.0434049518713345,0.0449438202247191,0.0339631164602564,0.0439364961970307,0.040972779476636,0.0442851430171571,0.0666666666666667,400,258,916,916,400,516,364,91,100,91,17081,0,273,273,273,273,267,267,267,267,267,0,30
LIRCMOP7_BC,1,ref_tau,387,255,1,0.85,255,0,0.00182653884336871,0.00532191272784766,255,30,3,0.0658744510462413,5.01960784313725,0.490750144713845,1.1101783131268,0,1,0.172549019607843,0.97242808270082,4.76390742608373,random,14,16,30,9,0.117647058823529,0.0268323220830158,0.0612217846563769,0,0.0614505765472478,NaN,0.466666666666667,-0.0278390415409329,0.141176470588235,0.0277217328333263,0.0614611551393996,0.0603833073587798,0.0621906391640903,0.3,400,267,934,934,409,525,374,88,100,88,17904,0,264,264,264,264,255,255,255,255,255,0,30
LIRCMOP7_BC,1,ref_tau,388,253,1,0.85,253,0,0.00181036038112295,0.00537414199572159,253,30,3,0.0653577886850943,5.05928853754941,0.461722600280976,1.08645700246025,0,1,0.154150197628458,0.992018390244225,4.12067616407637,random,14,16,30,10,0.118577075098814,0.040716302674353,0.0715190291919065,0,0.0747207480520699,NaN,0.566666666666667,0.0102951902113627,0.117647058823529,0.0473012420249229,0.0748195011190235,0.0766299462779375,0.0740112665126896,0.333333333333333,400,255,910,910,405,505,364,90,100,90,16525,0,270,270,270,265,253,253,253,253,253,0,30
LIRCMOP7_BC,1,ref_tau,389,264,1,0.88,264,0,0.0023317550272689,0.00690375897164238,264,30,3,0.0681994316714027,4.84848484848485,0.468056904727207,1.04304657611338,0,1,0.204545454545455,0.923670395318134,1.99077159472307,random,11,19,30,1,0.113636363636364,0.00881466140019058,0.039606228216859,0,0.0450865091022117,NaN,0.366666666666667,-0.0944733410214794,0.0227272727272727,0.0113885817774979,0.0452929044624142,0.0441580873751063,0.0456072103641553,0.0333333333333333,400,253,906,906,404,502,361,89,100,89,16358,0,267,267,267,267,264,264,264,264,264,0,30
LIRCMOP7_BC,1,ref_tau,390,237,1,0.79,237,0,0.00185354846447564,0.00566186797022696,237,30,3,0.0612244897959184,5.40084388185654,0.490750144713845,1.07126759822571,0,1,0.20253164556962,1.02538572116144,3.29637049120695,random,20,10,30,10,0.126582278481013,0.0385127206048568,0.0491411377482728,0,0.0505389347294559,NaN,0.566666666666667,0.00467511618695404,0.139240506329114,0.0411602898886039,0.05064218850043,0.05064218850043,0.0502138021309749,0.333333333333333,400,264,928,928,416,512,378,81,100,81,18494,0,243,243,243,243,237,237,237,237,237,0,30
LIRCMOP7_BC,1,ref_tau,391,258,1,0.86,258,0,0.00196827224101089,0.00565064309483539,258,30,3,0.0666494445879618,4.96124031007752,0.448278851426018,1.08264072917193,0,1,0.197674418604651,0.898633262452827,1.67462117968171,random,13,17,30,3,0.116279069767442,0.0146067214430483,0.0331209229799323,0,0.0334217949820623,NaN,0.666666666666667,0.039322548551741,0.0465116279069767,0.0149549048412899,0.0334351918700874,0.035580073051293,0.0313678938194367,0.1,400,237,874,874,392,482,355,87,100,87,15387,0,261,261,261,261,258,258,258,258,258,0,30
LIRCMOP7_BC,1,ref_tau,392,234,1,0.78,234,0,0.00184010127894609,0.00564133809581074,234,30,3,0.0604494962541979,5.47008547008547,0.461722600280976,1.08264072917193,0,1,0.200854700854701,0.938215125932817,3.25954879191359,random,21,9,30,2,0.128205128205128,0.0183194069891178,0.0322059246663939,0,0.0344421376478738,NaN,0.566666666666667,0.00479498009153745,0.0256410256410256,0.0244581772736414,0.0345457343236992,0.0345188849115049,0.0355528843227983,0.0666666666666667,400,258,916,916,427,489,378,80,100,80,17874,0,240,240,240,240,234,234,234,234,234,0,30
LIRCMOP7_BC,1,ref_tau,393,264,1,0.88,264,0,0.00181239342074375,0.00545803873456893,264,30,3,0.0681994316714027,4.84848484848485,0.444809166323155,0.969902330512897,-0,1,0.125,0.876984482306399,3.95535239052877,random,11,19,30,5,0.113636363636364,0.0291683445738956,0.0555180353606986,0,0.0626354581064726,NaN,0.733333333333333,0.0793176370533065,0.0681818181818182,0.0316656968211491,0.0628134795242943,0.0612595579946754,0.0636608620284298,0.166666666666667,400,234,868,868,401,467,356,91,100,91,15290,0,273,273,273,270,264,264,264,264,264,0,30
LIRCMOP7_BC,1,ref_tau,394,243,1,0.81,243,0,0.00184616091218914,0.00557158947046778,243,30,3,0.0627744768793593,5.26748971193416,0.44939956956606,0.978412046794442,0,1,0.160493827160494,1.02633468756723,1.34906749365685,random,18,12,30,1,0.123456790123457,0.0184083121015228,0.022222139207173,0,0.0222767437695341,NaN,0.4,-0.0101704093899133,0.0246913580246914,0.0186106271161395,0.022279908905426,0.0216836745164266,0.0246573167694349,0.0333333333333333,400,264,928,928,428,500,383,84,100,84,18122,0,252,252,252,250,243,243,243,243,243,0,30
LIRCMOP7_BC,1,ref_tau,395,237,1,0.79,237,0,0.00184949733579209,0.00549309672017901,237,30,3,0.0612244897959184,5.40084388185654,0.450999487805788,1.02688794378365,0,1,0.151898734177215,0.957116256341413,1.070922772191,random,20,10,30,0,0.126582278481013,0.0052681959601363,0.0166408239516197,0,0.0202779131814478,NaN,0.5,6.99373465827269e-05,0,0.00942322780655728,0.0204616801181088,0.0182101370581871,0.0238310396428247,0,400,243,886,886,408,478,366,82,100,82,16089,0,246,246,246,246,237,237,237,237,237,0,30
LIRCMOP7_BC,1,ref_tau,396,238,1,0.8,238,0,0.00191718704267624,0.00566213857419967,238,30,3,0.0614828209764919,5.3781512605042,0.450999487805788,1.04652453475977,0,1,0.138655462184874,0.945073760621444,2.84872711883847,random,19,11,30,4,0.126050420168067,0.0169799499901542,0.0325983012730146,0,0.0328386895486512,NaN,0.566666666666667,0.00440112209351534,0.0875,0.0172552614996997,0.0328775697127175,0.0324155526944268,0.0345684561440483,0.133333333333333,400,237,874,874,395,479,353,83,100,83,15654,0,249,249,249,249,238,238,238,238,238,0,30
LIRCMOP7_BC,1,ref_tau,397,237,1,0.79,237,0,0.00206530647855558,0.00625500894380543,237,30,3,0.0612244897959184,5.40084388185654,0.464128090974256,0.960944663970059,0,1,0.139240506329114,0.903346095034009,2.48741462520761,random,20,10,30,0,0.126582278481013,0.00989107750960571,0.0123887350517086,0,0.0138098545626418,NaN,0.633333333333333,0.0162576886519991,0,0.0109194368185215,0.0138870683945292,0.0159674726850452,0.0129525433822157,0,400,238,876,876,407,469,357,81,100,81,15690,0,243,243,243,243,237,237,237,237,237,0,30
LIRCMOP7_BC,1,ref_tau,398,234,1,0.78,234,0,0.00217197692275202,0.00683622023706596,234,30,3,0.0604494962541979,5.47008547008547,0.441991556892768,1.04304657611338,0,1,0.179487179487179,0.965166651641033,1.74506105822511,random,21,9,30,0,0.128205128205128,0.00602396831465163,0.0145198731406097,0,0.0166608048957331,NaN,0.466666666666667,-0.00540078011356554,0,0.00721329174836252,0.0168462411053876,0.0160066265117169,0.0182285078904535,0,400,237,874,874,390,484,355,81,100,81,16548,0,243,243,243,243,234,234,234,234,234,0,30
LIRCMOP7_BC,1,ref_tau,399,261,1,0.87,261,0,0.00178520138431135,0.0051826531043155,261,30,3,0.0674244381296823,4.90421455938697,0.461722600280976,1.05551615972554,0,1,0.149425287356322,0.872847832235273,2.00076506272092,random,12,18,30,3,0.114942528735632,0.0151695212434808,0.0334125930687317,0,0.0391323474828333,NaN,0.6,0.014464057426396,0.0459770114942529,0.0233577771879813,0.0393101758017702,0.0441220536908003,0.0357207459724948,0.1,400,234,868,868,390,478,350,89,100,89,15011,1,267,267,267,265,261,261,261,261,261,0,30
LIRCMOP7_BC,1,ref_tau,400,255,1,0.85,255,0,0.00182224397561752,0.00538338548280556,255,30,3,0.0658744510462413,5.01960784313725,0.471985718480157,1.0941975512165,0,1,0.117647058823529,0.859361552865292,1.20075393171736,random,14,16,30,0,0.117647058823529,0.00535160831216991,0.0117922328000247,0,0.0145309818660173,NaN,0.433333333333333,-0.0362283183160607,0,0.00555526995919733,0.0146078901177928,0.0126751262137414,0.0170238843782043,0,400,261,922,922,417,505,380,87,100,87,17184,4,261,261,261,261,255,255,255,255,255,0,30
LIRCMOP7_BC,1,ref_tau,401,247,1,0.83,247,0,0.00190236182518753,0.00544568244686508,247,30,3,0.0638078016016533,5.18218623481781,0.490750144713845,1.1017220956135,0,1,0.109311740890688,0.95241979676231,0.842105358507305,random,16,14,30,0,0.121457489878543,0.0114811062964905,0.0131514381945851,0,0.013232967763739,NaN,0.566666666666667,0.00519536798946957,0,0.0121259569967667,0.0132673685556332,0.0131838471401139,0.0135353367996613,0,400,255,910,910,404,506,374,84,100,84,18044,0,252,252,252,252,247,247,247,247,247,0,30
LIRCMOP7_BC,1,ref_tau,402,249,1,0.83,249,0,0.00181503927142999,0.00547212605231402,249,30,3,0.0643244639628003,5.14056224899598,0.516529087193855,1.0941975512165,0,1,0.0963855421686747,0.826930177099572,0.825241749226465,random,16,14,30,3,0.120481927710843,0.0115781654031407,0.0279280102623117,0,0.0279895134225162,NaN,0.333333333333333,-0.0288873482039642,0.0481927710843374,0.011740027144514,0.0280037221764971,0.0276256862135391,0.0284815394501268,0.1,400,247,894,894,398,496,361,84,100,84,16162,0,252,252,252,252,249,249,249,249,249,0,30
LIRCMOP7_BC,1,ref_tau,403,255,1,0.85,255,0,0.00173376204613542,0.00512601652334113,255,30,3,0.0658744510462413,5.01960784313725,0.510164491627577,1.0941975512165,0,0.674937852313778,0.0941176470588235,0.845839913037635,0.95965600772166,random,14,16,30,2,0.117647058823529,0.00394359278760925,0.00968691144374562,0,0.0162211941947048,NaN,0.4,-0.00721995683548492,0.0235294117647059,0.0068149797926527,0.01644254315716,0.0172540698878539,0.0160733202198795,0.0666666666666667,400,249,898,898,403,495,365,86,100,86,16262,0,258,258,258,258,255,255,255,255,255,0,30
LIRCMOP7_BC,1,ref_tau,404,274,1,0.92,274,0,0.00195182957296646,0.00551504285544849,274,30,3,0.0707827434771377,4.67153284671533,0.461722600280976,1.1017220956135,0,0.674937852313778,0.0766423357664234,0.906158785019087,0.632008142618853,random,7,23,30,7,0.109489051094891,0.00216154348249875,0.00570169222108772,0,0.00996398365497183,NaN,0.433333333333333,-0.0331947234433608,0.130434782608696,0.00636195699175972,0.0102448889975257,0.00877280154612517,0.0112317223360204,0.233333333333333,400,255,910,910,420,490,372,93,100,93,16509,0,279,279,279,279,274,274,274,274,274,0,30
LIRCMOP7_BC,1,ref_tau,405,258,1,0.86,258,0,0.00200445815061118,0.00558162394760218,258,30,3,0.0666494445879618,4.96124031007752,0.490328589084056,1.1017220956135,0,1,0.104651162790698,0.887988246771304,0.94483511015743,random,13,17,30,4,0.116279069767442,0.0111521765155728,0.0172177422507017,0,0.0179658542211624,NaN,0.466666666666667,-0.0416059146500016,0.0465116279069767,0.0120547354794623,0.018097988852763,0.0180820165117288,0.0183551039036469,0.133333333333333,400,274,948,948,424,524,376,88,100,88,17763,0,264,264,264,264,258,258,258,258,258,0,30
LIRCMOP7_BC,1,ref_tau,406,258,1,0.86,258,0,0.00173988884122394,0.00512160203538677,258,30,3,0.0666494445879618,4.96124031007752,0.462925345627616,1.05551615972554,-0,1,0.0930232558139535,0.853399051355891,0.472896614159193,random,13,17,30,3,0.116279069767442,0.00267361734277338,0.00786425873622619,0,0.00901557876037732,NaN,0.5,0.00397962394029375,0.0465116279069767,0.00491030127716588,0.00906742992924141,0.00882563825488721,0.00915536782061188,0.1,400,258,916,916,396,520,358,88,100,88,16783,0,264,264,264,264,258,258,258,258,258,0,30
LIRCMOP7_BC,1,ref_tau,407,258,1,0.86,258,0,0.00210910531765713,0.00584868269135336,258,30,3,0.0666494445879618,4.96124031007752,0.516529087193855,1.1017220956135,0,1,0.0930232558139535,0.887222900538594,0.418745624635301,random,13,17,30,2,0.116279069767442,0.00309898161406973,0.00640281298481525,0,0.00798856937803525,NaN,0.4,-0.0224650707314206,0.0232558139534884,0.00641754325141011,0.00823628920449689,0.00820165256548905,0.00831380344525133,0.0666666666666667,400,258,916,916,401,515,359,88,100,88,16759,0,264,264,264,264,258,258,258,258,258,0,30
LIRCMOP7_BC,1,ref_tau,408,243,1,0.81,243,0,0.00200883270756169,0.00602261847616187,243,30,3,0.0627744768793593,5.26748971193416,0.464128090974256,1.06094107361482,0,1,0.111111111111111,0.827756324090091,1.02818047125489,random,18,12,30,2,0.123456790123457,0.0156443056308012,0.0318242995232104,0,0.0318900371706389,NaN,0.466666666666667,-0.0127237338766474,0.0246913580246914,0.0156978072802286,0.0319104607563347,0.030666330499374,0.0341054158508889,0.0666666666666667,400,258,916,916,401,515,367,82,100,82,18020,0,246,246,246,246,243,243,243,243,243,0,30
LIRCMOP7_BC,1,ref_tau,409,241,1,0.81,241,0,0.00218918663379387,0.00631851375474168,241,30,3,0.0622578145182123,5.31120331950207,0.46325878712677,0.982801542382739,0,1,0.112033195020747,0.900361571086508,2.51792211026601,random,18,12,30,1,0.12448132780083,0.0140929934655131,0.0328190824154018,0,0.0351552552258385,NaN,0.533333333333333,0.00258237077026718,0.0246913580246914,0.0168414776290697,0.0352302149887016,0.0346493480194145,0.0372347619128311,0.0333333333333333,400,243,886,886,377,509,353,83,100,83,16182,0,249,249,249,249,241,241,241,241,241,0,30
LIRCMOP7_BC,1,ref_tau,410,231,1,0.77,231,0,0.00185655550937661,0.00572032315715329,231,30,3,0.0596745027124774,5.54112554112554,0.464128090974256,1.0021503601875,0,1,0.121212121212121,0.822086145124156,1.86252801842494,random,22,8,30,3,0.12987012987013,0.0112280365851257,0.0263648815474173,0,0.0269858857910497,NaN,0.5,-0.00582344947943456,0.051948051948052,0.0114120113867299,0.0270728641157412,0.0261712469337993,0.0337625770839795,0.1,400,241,882,882,384,498,342,82,100,82,15737,0,246,246,246,246,231,231,231,231,231,0,30
LIRCMOP7_BC,1,ref_tau,411,225,1,0.75,225,0,0.00173816623971067,0.00522950185871085,225,30,3,0.0581245156290364,5.68888888888889,0.464128090974256,1.1017220956135,0,1,0.12,0.836618397053043,2.80185331003756,random,24,6,30,1,0.133333333333333,0.0229555770007885,0.0340607401002309,0,0.0441227278364969,NaN,0.533333333333333,0.00809099938978777,0.0266666666666667,0.0235323058667561,0.0444710767456053,0.0312475293051008,0.071315726019837,0.0333333333333333,400,231,862,862,363,499,340,82,100,82,15640,0,246,246,246,246,225,225,225,225,225,0,30
LIRCMOP7_BC,1,ref_tau,412,234,1,0.78,234,0,0.00170948672195257,0.00524879478154354,234,30,3,0.0604494962541979,5.47008547008547,0.456361044043382,1.1017220956135,0,1,0.128205128205128,0.927106002378376,0.594537680371076,random,21,9,30,0,0.128205128205128,0.00729881453413472,0.0145747107783628,0,0.0147480947625365,NaN,0.366666666666667,-0.021431869708159,0,0.00794814503408938,0.0147908230759044,0.0140871353180825,0.0150580610798597,0,400,225,850,850,363,487,335,80,100,80,16368,0,240,240,240,240,234,234,234,234,234,0,30
LIRCMOP7_BC,1,ref_tau,413,258,1,0.86,258,0,0.00168560313357147,0.00507394801880671,258,30,3,0.0666494445879618,4.96124031007752,0.487146291300916,1.1017220956135,0,0.869673374132176,0.116279069767442,0.930637549452978,1.47673452699614,random,13,17,30,8,0.116279069767442,0.00546434549558755,0.0110845717180632,0,0.0119311211761056,NaN,0.6,0.02585806409804,0.0930232558139535,0.00628004100412353,0.0120332386774736,0.0120903223824245,0.0120144364174492,0.266666666666667,400,234,868,868,375,493,346,89,100,89,15287,0,267,267,267,267,258,258,258,258,258,0,30
LIRCMOP7_BC,1,ref_tau,414,252,1,0.84,252,0,0.00215103788742958,0.00624680109954288,252,30,3,0.0650994575045208,5.07936507936508,0.490328589084056,1.05551615972554,0,1,0.119047619047619,0.908992517655271,1.56295855792787,random,15,15,30,0,0.119047619047619,0.0237013428843591,0.0329552177025155,0,0.0333678506364388,NaN,0.533333333333333,0.00546136829477395,0,0.0282513617626669,0.0334508664182792,0.0349829216599782,0.0329751286484184,0,400,258,916,916,404,512,372,86,100,86,17481,0,258,258,258,258,252,252,252,252,252,0,30
LIRCMOP7_BC,1,ref_tau,415,255,1,0.85,255,0,0.00207665032846336,0.00608599026943963,255,30,3,0.0658744510462413,5.01960784313725,0.516529087193855,1.1101783131268,0,1,0.113725490196078,0.820244939761585,0.501200207411727,random,14,16,30,9,0.117647058823529,0.0017275416186252,0.00524435006141544,0,0.00834872487410572,NaN,0.6,0.0784685640320843,0.117647058823529,0.00660467083526836,0.00856924637237155,0.00899320938467931,0.00836312235881168,0.3,400,252,904,904,392,512,369,87,100,87,17388,0,261,261,261,261,255,255,255,255,255,0,30
LIRCMOP7_BC,1,ref_tau,416,252,1,0.84,252,0,0.00179715713367947,0.00539474704852195,252,30,3,0.0650994575045208,5.07936507936508,0.468801294450125,1.1101783131268,0,1,0.0833333333333333,0.887633959468241,1.63530917627141,random,15,15,30,1,0.119047619047619,0.00765227868652686,0.02102769659635,0,0.021990105098448,NaN,0.466666666666667,-0.00330044582074354,0.0238095238095238,0.0110995395577015,0.0221093429524574,0.0228081488518213,0.0214105370530935,0.0333333333333333,400,255,910,910,404,506,373,87,100,87,16902,0,261,261,261,261,252,252,252,252,252,0,30
LIRCMOP7_BC,1,ref_tau,417,261,1,0.87,261,0,0.00192164417548352,0.00573323328610106,261,30,3,0.0674244381296823,4.90421455938697,0.46325878712677,1.0021503601875,0,1,0.114942528735632,0.821532487799775,0.655461329046473,random,12,18,30,10,0.114942528735632,0.0024824874917594,0.0114078883631733,0,0.0120019475584174,NaN,0.433333333333333,-0.0135363504523146,0.103448275862069,0.00513989880403108,0.0121257215824082,0.0111562031188874,0.0129706966346983,0.333333333333333,400,252,904,904,403,501,371,89,100,89,16945,0,267,267,267,267,261,261,261,261,261,0,30
LIRCMOP7_BC,1,ref_tau,418,240,1,0.8,240,0,0.00203707961815993,0.00612412169614219,240,30,3,0.0619994833376389,5.33333333333333,0.492389699708446,1.07861912766952,0,1,0.1125,0.922838136294693,0.771013896214759,random,19,11,30,2,0.125,0.0110520981391871,0.0158489317783579,0,0.0159652205584127,NaN,0.533333333333333,0.0049522233404294,0.025,0.0114644164987615,0.0160137802181504,0.0160192940698801,0.0226074624725925,0.0666666666666667,400,261,922,922,410,512,376,83,100,83,17689,0,249,249,249,249,240,240,240,240,240,0,30
LIRCMOP7_BC,1,ref_tau,419,249,1,0.83,249,0,0.0018482193845589,0.00505789100450265,249,30,3,0.0643244639628003,5.14056224899598,0.461722600280976,1.03280755158072,0,1,0.120481927710843,0.971150069540508,0.882511507226482,random,17,13,30,7,0.120481927710843,0.00432075444798542,0.0108046194274913,0,0.0154738135989221,NaN,0.533333333333333,0.0174246074334942,0.0963855421686747,0.00610068199289916,0.0156567557472103,0.0159054187152494,0.0155627018480291,0.233333333333333,400,240,880,880,391,489,357,85,100,85,16017,0,255,255,255,255,249,249,249,249,249,0,30
LIRCMOP7_BC,1,ref_tau,420,252,1,0.84,252,0,0.00194758423865659,0.00574287572583359,252,30,3,0.0650994575045208,5.07936507936508,0.489101459400646,1.04304657611338,0,1,0.130952380952381,0.882989527989012,0.963636074674824,random,16,14,30,0,0.119047619047619,0.00787662377261705,0.0107017806601451,0,0.0143423745583443,NaN,0.433333333333333,-0.0131965194446966,0,0.0115315507383316,0.0145378967083174,0.0145080393039831,0.0163858669247783,0,400,249,898,898,401,497,369,85,100,85,16616,0,255,255,255,255,252,252,252,252,252,0,30
LIRCMOP7_BC,1,ref_tau,421,265,1,0.89,265,0,0.00195564811151083,0.005416378021663,265,30,3,0.0684577628519762,4.83018867924528,0.4941325826756,1.06104683137885,0,1,0.124528301886792,0.954799898619877,1.14735137749476,random,11,19,30,9,0.113207547169811,0.00394931190575798,0.0257026629574677,0,0.0257026629574677,NaN,0.666666666666667,0.0572200713162194,0.134831460674157,0.00427767793286891,0.025752005632011,0.0302411790876587,0.0232182939763186,0.3,400,252,904,904,399,505,368,89,100,89,16763,0,267,267,267,267,265,265,265,265,265,0,30
LIRCMOP7_BC,1,ref_tau,422,270,1,0.9,270,0,0.00186220282841245,0.00525615616329335,270,30,3,0.0697494187548437,4.74074074074074,0.513346789410716,1.04416185565313,0,0.869673374132176,0.133333333333333,0.995918671956985,1.22661153944297,random,10,20,30,2,0.111111111111111,0.00718758108258041,0.022035239099028,0,0.0237459703451288,NaN,0.433333333333333,-0.021158018713816,0.0444444444444444,0.00836125202508956,0.0237497171633333,0.0187953239112095,0.0375306031978554,0.0666666666666667,400,265,930,930,413,517,378,91,100,91,17554,0,273,273,273,273,270,270,270,270,270,0,30
LIRCMOP7_BC,1,ref_tau,423,243,1,0.81,243,0,0.00197664297694109,0.00567079668669076,243,30,3,0.0627744768793593,5.26748971193416,0.4941325826756,1.05551615972554,0,1,0.131687242798354,1.16044559114689,1.1223046721,random,19,11,30,0,0.123456790123457,0.014198372940051,0.0167708064270517,0,0.0174609903825232,NaN,0.366666666666667,-0.0191460936167986,0,0.0153955177049924,0.0175107868203875,0.0175257406184546,0.0175865540467865,0,400,270,940,940,411,529,380,83,100,83,18593,0,249,249,249,249,243,243,243,243,243,0,30
LIRCMOP7_BC,1,ref_tau,424,249,1,0.83,249,0,0.0018768191167256,0.0054247758093516,249,30,3,0.0643244639628003,5.14056224899598,0.484070336125691,1.11459855422056,0,1,0.1285140562249,1.29593366172617,0.928515999408947,random,17,13,30,2,0.120481927710843,0.00972145549205435,0.0179894591874726,0,0.0182269588978865,NaN,0.533333333333333,0.0137541685392148,0.0240963855421687,0.0116336110305929,0.0182746440738811,0.0184532530435762,0.0524584691710035,0.0666666666666667,400,243,886,886,382,504,355,85,100,85,16223,0,255,255,255,255,249,249,249,249,249,0,30
LIRCMOP7_BC,1,ref_tau,425,255,1,0.85,255,0,0.00196940604526254,0.00603276638088634,255,30,3,0.0658744510462413,5.01960784313725,0.484070336125691,1.1175453816164,0,1,0.129411764705882,1.06076631015606,2.72092489973265,random,15,15,30,4,0.117647058823529,0.0211484030950712,0.04454597465554,0,0.0449803813599025,NaN,0.366666666666667,-0.0285857692636483,0.0470588235294118,0.0217901253241584,0.0450804032660386,0.045430141853052,0.0447306646790252,0.133333333333333,400,249,898,898,390,508,357,85,100,85,16510,0,255,255,255,255,255,255,255,255,255,0,30
LIRCMOP7_BC,1,ref_tau,426,258,1,0.86,258,0,0.00209833060507327,0.00635302446783017,258,30,3,0.0666494445879618,4.96124031007752,0.464128090974256,1.1175453816164,0,1,0.116279069767442,1.03736123513173,4.16090177622388,random,14,16,30,5,0.116279069767442,0.0151570440603239,0.0516560669239874,0,0.0523370293810105,NaN,0.433333333333333,-0.0168213319639278,0.0697674418604651,0.0227847264720326,0.05239001589125,0.0546026741602647,0.0520410017671299,0.166666666666667,400,255,910,910,389,521,362,86,100,86,16944,0,258,258,258,258,258,258,258,258,258,0,30
LIRCMOP7_BC,1,ref_tau,427,255,1,0.85,255,0,0.00202532904757239,0.00610677234867945,255,30,3,0.0658744510462413,5.01960784313725,0.484070336125691,1.34148332919951,0,1,0.117647058823529,0.926821727888948,5.23535085295694,random,15,15,30,17,0.117647058823529,0.0487420392099398,0.0845793654631485,0,0.0856592982497968,NaN,0.433333333333333,-0.00706226635622409,0.188235294117647,0.0499802078756743,0.085723960815251,0.0858279443274707,0.0856199773030313,0.566666666666667,400,258,916,916,400,516,368,85,100,85,17121,0,255,255,255,255,255,255,255,255,255,0,30
LIRCMOP7_BC,1,ref_tau,428,267,1,0.89,267,0,0.00208244057064066,0.0062145902868235,267,30,3,0.0689744252131232,4.7940074906367,0.46863324830371,1.11607196791848,0,1,0.123595505617978,0.995012996051865,4.29389392661585,random,11,19,30,4,0.112359550561798,0.0112940417795512,0.0574459415530933,0,0.0628403993338615,NaN,0.433333333333333,-0.0144566159847696,0.0674157303370786,0.0117307880318769,0.0629260324361088,0.0492612464732476,0.0630274448981835,0.133333333333333,400,255,910,910,394,516,371,89,100,89,17506,0,267,267,267,267,267,267,267,267,267,0,30
LIRCMOP7_BC,1,ref_tau,429,279,1,0.93,279,0,0.00115684578702367,0.00344847601913001,279,30,3,0.0720743993800052,4.58781362007168,0.510164491627577,1.1101783131268,0,1,0.10752688172043,1.06404949777733,2.4115519882036,random,7,23,30,7,0.10752688172043,0.0198036818471459,0.0623968104629713,0,0.064512953241441,NaN,0.333333333333333,-0.0536714953904804,0.0860215053763441,0.0213977069642577,0.0646752544420559,0.155342050180775,0.0562272476443883,0.233333333333333,400,267,934,934,409,525,382,93,100,93,18829,0,279,279,279,279,279,279,279,279,279,0,30
LIRCMOP7_BC,1,ref_tau,430,258,1,0.86,258,0,0.00190033356887006,0.00558201812635058,258,30,3,0.0666494445879618,4.96124031007752,0.479130336824928,1.1101783131268,-0,1,0.116279069767442,1.10658845291762,1.63365236896479,random,14,16,30,3,0.116279069767442,0.0219308172364986,0.0272866815314004,0,0.0308031584348814,NaN,0.433333333333333,-0.023403730116302,0.0465116279069767,0.022665779825709,0.0309084011434116,0.0500705906782029,0.0306912212181253,0.1,400,279,958,958,420,538,393,86,100,86,19055,0,258,258,258,258,258,258,258,258,258,0,30
LIRCMOP7_BC,1,ref_tau,431,270,1,0.9,270,0,0.00219007239909748,0.00622143778883597,270,30,3,0.0697494187548437,4.74074074074074,0.531680147288026,1.08138446349617,-0,1,0.122222222222222,1.08588759846539,1.23454463820466,random,10,20,30,5,0.111111111111111,0.00669758162444983,0.0196490165887012,0,0.0199782767321806,NaN,0.666666666666667,0.0317816163449988,0.0888888888888889,0.00866933126096258,0.0200765778247166,0.031832175745603,0.0191636840815646,0.166666666666667,400,258,916,916,398,518,364,90,100,90,16988,0,270,270,270,270,270,270,270,270,270,0,30
LIRCMOP7_BC,1,ref_tau,432,261,1,0.87,261,0,0.00188582263328322,0.00568306660979895,261,30,3,0.0674244381296823,4.90421455938697,0.464128090974256,1.1101783131268,0,1,0.103448275862069,1.08031780632158,1.24472312375433,random,13,17,30,3,0.114942528735632,0.0184594678133286,0.0284509207967256,0,0.0285430287115579,NaN,0.533333333333333,0.00721968070678405,0.0459770114942529,0.0192603355633474,0.0285807198634786,0.0641419198935666,0.0281395817036939,0.1,400,270,940,940,418,522,382,87,100,87,17842,0,261,261,261,261,261,261,261,261,261,0,30
LIRCMOP7_BC,1,ref_tau,433,273,1,0.91,273,0,0.00204785581017165,0.00611765617903126,273,30,3,0.0705244122965642,4.68864468864469,0.476905326979749,1.12234097638705,0,1,0.120879120879121,1.2752519411447,1.55693887799744,random,9,21,30,1,0.10989010989011,0.0237259292418137,0.0380800108930085,0,0.0445515641868526,NaN,0.466666666666667,-0.0211004161048578,0.021978021978022,0.0247463888869761,0.0447970099019099,0.0281753972159955,0.0608878569486465,0.0333333333333333,400,261,922,922,401,521,377,91,100,91,17907,0,273,273,273,273,273,273,273,273,273,0,30
LIRCMOP7_BC,1,ref_tau,434,267,1,0.89,267,0,0.00199537282497231,0.00611247821536915,267,30,3,0.0689744252131232,4.7940074906367,0.476905326979749,1.1095006736958,0,1,0.112359550561798,1.05505574867119,1.56569341590338,random,11,19,30,1,0.112359550561798,0.0118603775050836,0.0230858862507671,0,0.0244931130588347,NaN,0.733333333333333,0.0242608009987514,0.0224719101123595,0.0160830425730873,0.0246039110013512,0.0246516865264462,0.023229641900373,0.0333333333333333,400,273,946,946,421,525,388,89,100,89,18279,0,267,267,267,267,267,267,267,267,267,0,30
LIRCMOP7_BC,1,ref_tau,435,276,1,0.92,276,0,0.0018435870001137,0.00528523729347424,276,30,3,0.0712994058382847,4.63768115942029,0.458745075610058,1.06104683137885,0,1,0.119565217391304,0.930474504371264,7.09055302488265,random,8,22,30,7,0.108695652173913,0.0184865358364122,0.107872515376888,0,0.109379485052227,NaN,0.566666666666667,0.0107410015241922,0.130434782608696,0.0223911227473645,0.109432054227214,0.0924709010000864,0.116982739844773,0.233333333333333,400,267,934,934,406,528,378,92,100,92,17831,0,276,276,276,276,276,276,276,276,276,0,30
LIRCMOP7_BC,1,ref_tau,436,258,1,0.86,258,0,0.00178119674271472,0.00556629439866603,258,30,3,0.0666494445879618,4.96124031007752,0.462925345627616,1.06104683137885,0,1,0.104651162790698,1.1457571592453,3.48703932287077,random,14,16,30,3,0.116279069767442,0.024006608124929,0.033663312096504,0,0.0358634866478181,NaN,0.533333333333333,0.00246187476746484,0.0465116279069767,0.0249459345205454,0.0359934178761132,0.0361257724451127,0.0365020890432489,0.1,400,276,952,952,417,535,389,87,100,87,18854,0,261,261,261,261,258,258,258,258,258,0,30
LIRCMOP7_BC,1,ref_tau,437,258,1,0.86,258,0,0.00204112282841887,0.00625520226695818,258,30,3,0.0666494445879618,4.96124031007752,0.452180774025824,1.1017220956135,0,1,0.104651162790698,1.17776905214904,10.0232279036073,random,14,16,30,12,0.116279069767442,0.0330070147148502,0.145119762272484,0,0.145350057949244,NaN,0.5,0.00142964483209274,0.162790697674419,0.0397307976655851,0.145366937097762,0.142090986619757,0.14924048514018,0.4,400,258,916,916,409,507,373,86,100,86,17025,0,258,258,258,258,258,258,258,258,258,0,30
