problem,run,gen,bmem_count,boundary_count,bmem_ref_coverage,finite_gap_count,inf_gap_count,median_gap,max_gap,train_count,query_count,condition_dim,train_param_ratio,gan_sample_reuse,train_pair_dec_dist50,train_pair_dec_dist90,train_tau_iqr,missing_ref_query_count,large_gap_query_count,raw_generated_count,feasible_generated_count,generated_per_train,boundary_dist50,boundary_dist90,query_width90,segment_width90,segment_width90_ratio,side_rate,pair_margin50,ref_cover,query_obj_dist50,query_obj_dist90,feasible_rate
LIRCMOP5_BC,2,1,0,0,NaN,0,0,NaN,NaN,0,0,3,0,NaN,NaN,NaN,NaN,0,0,0,0,NaN,NaN,NaN,NaN,NaN,NaN,NaN,NaN,NaN,NaN,NaN,NaN
LIRCMOP5_BC,2,2,0,0,NaN,0,0,NaN,NaN,0,0,3,0,NaN,NaN,NaN,NaN,0,0,0,0,NaN,NaN,NaN,NaN,NaN,NaN,NaN,NaN,NaN,NaN,NaN,NaN
LIRCMOP5_BC,2,3,0,0,NaN,0,0,NaN,NaN,0,0,3,0,NaN,NaN,NaN,NaN,0,0,0,0,NaN,NaN,NaN,NaN,NaN,NaN,NaN,NaN,NaN,NaN,NaN,NaN
LIRCMOP5_BC,2,4,0,0,NaN,0,0,NaN,NaN,0,0,3,0,NaN,NaN,NaN,NaN,0,0,0,0,NaN,NaN,NaN,NaN,NaN,NaN,NaN,NaN,NaN,NaN,NaN,NaN
LIRCMOP5_BC,2,5,0,0,NaN,0,0,NaN,NaN,0,0,3,0,NaN,NaN,NaN,NaN,0,0,0,0,NaN,NaN,NaN,NaN,NaN,NaN,NaN,NaN,NaN,NaN,NaN,NaN
LIRCMOP5_BC,2,6,0,0,NaN,0,0,NaN,NaN,0,0,3,0,NaN,NaN,NaN,NaN,0,0,0,0,NaN,NaN,NaN,NaN,NaN,NaN,NaN,NaN,NaN,NaN,NaN,NaN
LIRCMOP5_BC,2,7,0,0,NaN,0,0,NaN,NaN,0,0,3,0,NaN,NaN,NaN,NaN,0,0,0,0,NaN,NaN,NaN,NaN,NaN,NaN,NaN,NaN,NaN,NaN,NaN,NaN
LIRCMOP5_BC,2,8,0,0,NaN,0,0,NaN,NaN,0,0,3,0,NaN,NaN,NaN,NaN,0,0,0,0,NaN,NaN,NaN,NaN,NaN,NaN,NaN,NaN,NaN,NaN,NaN,NaN
LIRCMOP5_BC,2,9,0,0,NaN,0,0,NaN,NaN,0,0,3,0,NaN,NaN,NaN,NaN,0,0,0,0,NaN,NaN,NaN,NaN,NaN,NaN,NaN,NaN,NaN,NaN,NaN,NaN
LIRCMOP5_BC,2,10,0,0,NaN,0,0,NaN,NaN,0,0,3,0,NaN,NaN,NaN,NaN,0,0,0,0,NaN,NaN,NaN,NaN,NaN,NaN,NaN,NaN,NaN,NaN,NaN,NaN
LIRCMOP5_BC,2,11,0,0,NaN,0,0,NaN,NaN,0,0,3,0,NaN,NaN,NaN,NaN,0,0,0,0,NaN,NaN,NaN,NaN,NaN,NaN,NaN,NaN,NaN,NaN,NaN,NaN
LIRCMOP5_BC,2,12,0,0,NaN,0,0,NaN,NaN,0,0,3,0,NaN,NaN,NaN,NaN,0,0,0,0,NaN,NaN,NaN,NaN,NaN,NaN,NaN,NaN,NaN,NaN,NaN,NaN
LIRCMOP5_BC,2,13,0,0,NaN,0,0,NaN,NaN,0,0,3,0,NaN,NaN,NaN,NaN,0,0,0,0,NaN,NaN,NaN,NaN,NaN,NaN,NaN,NaN,NaN,NaN,NaN,NaN
LIRCMOP5_BC,2,14,0,0,NaN,0,0,NaN,NaN,0,0,3,0,NaN,NaN,NaN,NaN,0,0,0,0,NaN,NaN,NaN,NaN,NaN,NaN,NaN,NaN,NaN,NaN,NaN,NaN
LIRCMOP5_BC,2,15,0,0,NaN,0,0,NaN,NaN,0,0,3,0,NaN,NaN,NaN,NaN,0,0,0,0,NaN,NaN,NaN,NaN,NaN,NaN,NaN,NaN,NaN,NaN,NaN,NaN
LIRCMOP5_BC,2,16,0,0,NaN,0,0,NaN,NaN,0,0,3,0,NaN,NaN,NaN,NaN,0,0,0,0,NaN,NaN,NaN,NaN,NaN,NaN,NaN,NaN,NaN,NaN,NaN,NaN
LIRCMOP5_BC,2,17,0,0,NaN,0,0,NaN,NaN,0,0,3,0,NaN,NaN,NaN,NaN,0,0,0,0,NaN,NaN,NaN,NaN,NaN,NaN,NaN,NaN,NaN,NaN,NaN,NaN
LIRCMOP5_BC,2,18,0,0,NaN,0,0,NaN,NaN,0,0,3,0,NaN,NaN,NaN,NaN,0,0,0,0,NaN,NaN,NaN,NaN,NaN,NaN,NaN,NaN,NaN,NaN,NaN,NaN
LIRCMOP5_BC,2,19,0,0,NaN,0,0,NaN,NaN,0,0,3,0,NaN,NaN,NaN,NaN,0,0,0,0,NaN,NaN,NaN,NaN,NaN,NaN,NaN,NaN,NaN,NaN,NaN,NaN
LIRCMOP5_BC,2,20,0,0,NaN,0,0,NaN,NaN,0,0,3,0,NaN,NaN,NaN,NaN,0,0,0,0,NaN,NaN,NaN,NaN,NaN,NaN,NaN,NaN,NaN,NaN,NaN,NaN
LIRCMOP5_BC,2,21,0,0,NaN,0,0,NaN,NaN,0,0,3,0,NaN,NaN,NaN,NaN,0,0,0,0,NaN,NaN,NaN,NaN,NaN,NaN,NaN,NaN,NaN,NaN,NaN,NaN
LIRCMOP5_BC,2,22,0,0,NaN,0,0,NaN,NaN,0,0,3,0,NaN,NaN,NaN,NaN,0,0,0,0,NaN,NaN,NaN,NaN,NaN,NaN,NaN,NaN,NaN,NaN,NaN,NaN
LIRCMOP5_BC,2,23,0,0,NaN,0,0,NaN,NaN,0,0,3,0,NaN,NaN,NaN,NaN,0,0,0,0,NaN,NaN,NaN,NaN,NaN,NaN,NaN,NaN,NaN,NaN,NaN,NaN
LIRCMOP5_BC,2,24,0,0,NaN,0,0,NaN,NaN,0,0,3,0,NaN,NaN,NaN,NaN,0,0,0,0,NaN,NaN,NaN,NaN,NaN,NaN,NaN,NaN,NaN,NaN,NaN,NaN
LIRCMOP5_BC,2,25,0,0,NaN,0,0,NaN,NaN,0,0,3,0,NaN,NaN,NaN,NaN,0,0,0,0,NaN,NaN,NaN,NaN,NaN,NaN,NaN,NaN,NaN,NaN,NaN,NaN
LIRCMOP5_BC,2,26,0,0,NaN,0,0,NaN,NaN,0,0,3,0,NaN,NaN,NaN,NaN,0,0,0,0,NaN,NaN,NaN,NaN,NaN,NaN,NaN,NaN,NaN,NaN,NaN,NaN
LIRCMOP5_BC,2,27,0,0,NaN,0,0,NaN,NaN,0,0,3,0,NaN,NaN,NaN,NaN,0,0,0,0,NaN,NaN,NaN,NaN,NaN,NaN,NaN,NaN,NaN,NaN,NaN,NaN
LIRCMOP5_BC,2,28,0,0,NaN,0,0,NaN,NaN,0,0,3,0,NaN,NaN,NaN,NaN,0,0,0,0,NaN,NaN,NaN,NaN,NaN,NaN,NaN,NaN,NaN,NaN,NaN,NaN
LIRCMOP5_BC,2,29,0,0,NaN,0,0,NaN,NaN,0,0,3,0,NaN,NaN,NaN,NaN,0,0,0,0,NaN,NaN,NaN,NaN,NaN,NaN,NaN,NaN,NaN,NaN,NaN,NaN
LIRCMOP5_BC,2,30,0,0,NaN,0,0,NaN,NaN,0,0,3,0,NaN,NaN,NaN,NaN,0,0,0,0,NaN,NaN,NaN,NaN,NaN,NaN,NaN,NaN,NaN,NaN,NaN,NaN
LIRCMOP5_BC,2,31,0,0,NaN,0,0,NaN,NaN,0,0,3,0,NaN,NaN,NaN,NaN,0,0,0,0,NaN,NaN,NaN,NaN,NaN,NaN,NaN,NaN,NaN,NaN,NaN,NaN
LIRCMOP5_BC,2,32,0,0,NaN,0,0,NaN,NaN,0,0,3,0,NaN,NaN,NaN,NaN,0,0,0,0,NaN,NaN,NaN,NaN,NaN,NaN,NaN,NaN,NaN,NaN,NaN,NaN
LIRCMOP5_BC,2,33,0,0,NaN,0,0,NaN,NaN,0,0,3,0,NaN,NaN,NaN,NaN,0,0,0,0,NaN,NaN,NaN,NaN,NaN,NaN,NaN,NaN,NaN,NaN,NaN,NaN
LIRCMOP5_BC,2,34,0,0,NaN,0,0,NaN,NaN,0,0,3,0,NaN,NaN,NaN,NaN,0,0,0,0,NaN,NaN,NaN,NaN,NaN,NaN,NaN,NaN,NaN,NaN,NaN,NaN
LIRCMOP5_BC,2,35,0,0,NaN,0,0,NaN,NaN,0,0,3,0,NaN,NaN,NaN,NaN,0,0,0,0,NaN,NaN,NaN,NaN,NaN,NaN,NaN,NaN,NaN,NaN,NaN,NaN
LIRCMOP5_BC,2,36,0,0,NaN,0,0,NaN,NaN,0,0,3,0,NaN,NaN,NaN,NaN,0,0,0,0,NaN,NaN,NaN,NaN,NaN,NaN,NaN,NaN,NaN,NaN,NaN,NaN
LIRCMOP5_BC,2,37,0,0,NaN,0,0,NaN,NaN,0,0,3,0,NaN,NaN,NaN,NaN,0,0,0,0,NaN,NaN,NaN,NaN,NaN,NaN,NaN,NaN,NaN,NaN,NaN,NaN
LIRCMOP5_BC,2,38,0,0,NaN,0,0,NaN,NaN,0,0,3,0,NaN,NaN,NaN,NaN,0,0,0,0,NaN,NaN,NaN,NaN,NaN,NaN,NaN,NaN,NaN,NaN,NaN,NaN
LIRCMOP5_BC,2,39,0,0,NaN,0,0,NaN,NaN,0,0,3,0,NaN,NaN,NaN,NaN,0,0,0,0,NaN,NaN,NaN,NaN,NaN,NaN,NaN,NaN,NaN,NaN,NaN,NaN
LIRCMOP5_BC,2,40,0,0,NaN,0,0,NaN,NaN,0,0,3,0,NaN,NaN,NaN,NaN,0,0,0,0,NaN,NaN,NaN,NaN,NaN,NaN,NaN,NaN,NaN,NaN,NaN,NaN
LIRCMOP5_BC,2,41,0,0,NaN,0,0,NaN,NaN,0,0,3,0,NaN,NaN,NaN,NaN,0,0,0,0,NaN,NaN,NaN,NaN,NaN,NaN,NaN,NaN,NaN,NaN,NaN,NaN
LIRCMOP5_BC,2,42,0,0,NaN,0,0,NaN,NaN,0,0,3,0,NaN,NaN,NaN,NaN,0,0,0,0,NaN,NaN,NaN,NaN,NaN,NaN,NaN,NaN,NaN,NaN,NaN,NaN
LIRCMOP5_BC,2,43,0,0,NaN,0,0,NaN,NaN,0,0,3,0,NaN,NaN,NaN,NaN,0,0,0,0,NaN,NaN,NaN,NaN,NaN,NaN,NaN,NaN,NaN,NaN,NaN,NaN
LIRCMOP5_BC,2,44,0,0,NaN,0,0,NaN,NaN,0,0,3,0,NaN,NaN,NaN,NaN,0,0,0,0,NaN,NaN,NaN,NaN,NaN,NaN,NaN,NaN,NaN,NaN,NaN,NaN
LIRCMOP5_BC,2,45,0,0,NaN,0,0,NaN,NaN,0,0,3,0,NaN,NaN,NaN,NaN,0,0,0,0,NaN,NaN,NaN,NaN,NaN,NaN,NaN,NaN,NaN,NaN,NaN,NaN
LIRCMOP5_BC,2,46,5,1,0.05,5,0,0.00295823329808364,0.00376657690933536,5,16,3,0.000261738993875308,100,0.281989566605346,0.516775544829108,0,12,4,16,16,3.2,0.376403052097345,0.387774497984388,0,0.387774497984388,146.787504173502,0.9375,0.0538620474193673,1,0.37879883728602,0.388270596971764,1
LIRCMOP5_BC,2,47,10,1,0.1,10,0,0.00730788795631981,0.0252105976536149,10,20,3,0.000523477987750615,100,0.310453549246569,0.491155113059853,0,11,9,20,20,2,0.42771801355834,0.440003966210241,0,0.444422946057911,122.73247300018,0.75,0.0525414856741735,1,0.432466085875054,0.444890047487207,1
LIRCMOP5_BC,2,48,7,1,0.07,7,0,0.00235326124453335,0.00290374380593622,7,19,3,0.000366434591425431,100,0.281989566605346,0.506527372121406,0,13,6,19,19,2.71428571428571,0.365316795388492,0.373786573048175,0,0.376401134234442,249.922737450363,0.894736842105263,0.0219853409407065,1,0.36968936957488,0.376856626222221,1
LIRCMOP5_BC,2,49,7,1,0.07,7,0,0.00255191163676211,0.00339469473130107,7,17,3,0.000366434591425431,100,0.281989566605346,0.506527372121406,0,11,6,17,17,2.42857142857143,0.381048888265564,0.388513098166887,0,0.389759559047374,258.792461246661,0.823529411764706,0.0362156827256785,1,0.384015215339801,0.390091422917416,1
LIRCMOP5_BC,2,50,15,1,0.15,15,0,0.00452482962828345,0.0101920792826587,15,20,3,0.000785216981625923,100,0.318558706414346,0.465534681290598,0,20,0,20,20,1.33333333333333,0.304464035484068,0.309705263558241,0,0.316646450431305,125.086064107455,0.8,0.061337493342324,0.8,0.311254900813627,0.317753101298383,1
LIRCMOP5_BC,2,51,13,1,0.13,13,0,0.00538377765145262,0.0130511706609162,13,20,3,0.0006805213840758,100,0.273015360512939,0.440715374397516,0,20,0,20,20,1.53846153846154,0.28184555503347,0.28618433885098,0,0.292845584411793,110.915734806702,0.55,0.0211315145522742,0.692307692307692,0.287826431665878,0.293290010640942,1
LIRCMOP5_BC,2,52,13,1,0.13,13,0,0.00368382700492723,0.01023248752,13,20,3,0.0006805213840758,100,0.28261209778104,0.4757828539983,0,18,2,20,20,1.53846153846154,0.350001143620705,0.356767414529765,0,0.357279641656294,151.614765931645,0.55,0.0291000464536479,0.769230769230769,0.350608604963098,0.357986222144117,1
LIRCMOP5_BC,2,53,10,1,0.1,10,0,0.00305832991850601,0.00396114265494966,10,20,3,0.000523477987750615,100,0.252019580553913,0.415920291023474,0,16,4,20,20,2,0.225267982478383,0.229492426620866,0,0.229817512737956,83.5954123620858,0.8,0.0304737952332074,0.7,0.225848169761221,0.230034293549107,1
LIRCMOP5_BC,2,54,14,1,0.14,14,0,0.00277079179967138,0.0048419424245743,14,20,3,0.000732869182850861,100,0.292224918561163,0.470658767644449,0,20,0,20,20,1.42857142857143,0.112034319811098,0.135290379271508,0,0.136735924875095,70.2207658180888,0.8,0.0414169640103243,0.5,0.113634440811544,0.14067226272102,1
LIRCMOP5_BC,2,55,16,1,0.16,16,0,0.00304169004727492,0.00760312624987617,16,20,3,0.000837564780400984,100,0.308451388279563,0.461084530708197,0,20,0,20,20,1.25,0.0543989615500153,0.070157763585886,0,0.0811378579058627,39.7212483875462,0.35,-0.0196807604972111,0.5625,0.0679867933032997,0.0853580171696442,1
LIRCMOP5_BC,2,56,16,1,0.16,16,0,0.00260078910887531,0.0103285729211186,16,20,3,0.000837564780400984,100,0.328468959603314,0.444364177839625,0,18,2,20,20,1.25,0.287246746079072,0.299467155479824,0,0.301419303582094,113.620474221252,0.4,-0.0168354269716782,0.8125,0.295689297626201,0.301823209813702,1
LIRCMOP5_BC,2,57,18,1,0.18,18,0,0.00250644583033517,0.00952750827717221,18,20,3,0.000942260377951107,100,0.342996890160962,0.438799264472073,0,16,4,20,20,1.11111111111111,0.239868018798019,0.249923359671007,0,0.257338082668918,101.874456667945,0.25,-0.0259739532469457,0.611111111111111,0.254571953886969,0.258615576132184,1
LIRCMOP5_BC,2,58,19,1,0.19,19,0,0.00286604518213281,0.00848090925759487,19,20,3,0.000994608176726169,100,0.341872881988787,0.434333566343579,0,17,3,20,20,1.05263157894737,0.012223583528338,0.0176694002213325,0,0.0229926506080303,8.1865636734155,0.95,0.0607911683771883,0.736842105263158,0.0163707242107308,0.0247470168720563,1
LIRCMOP5_BC,2,59,20,1,0.2,20,0,0.00284787392128415,0.00844867269960318,20,20,3,0.00104695597550123,100,0.342996890160962,0.431177830070317,0,14,6,20,20,1,0.0100154912658719,0.013359342859887,0,0.0309366775884238,13.5958039516923,0.8,0.0231102998599181,0.65,0.0181113915630301,0.0318838189559257,1
LIRCMOP5_BC,2,60,22,1,0.22,22,0,0.00236739113962164,0.0061518034060731,22,20,3,0.00115165157305135,100,0.342996890160962,0.424866357523792,0,19,1,20,20,0.909090909090909,0.017542108577816,0.0239262935830297,0,0.0322591844574943,12.1601496403599,0.65,0.0167730390131275,0.727272727272727,0.0242533915380328,0.0337627731280996,1
LIRCMOP5_BC,2,61,21,1,0.21,21,0,0.00275372099444794,0.00599615194532379,21,20,3,0.00109930377427629,100,0.341872881988787,0.451081055725549,0,13,7,20,20,0.952380952380952,0.0457014837994398,0.0532009610060891,0,0.0620913386412835,26.5139167275681,0.75,0.0292328833977407,0.523809523809524,0.0540552128217718,0.0627900093785414,1
LIRCMOP5_BC,2,62,23,1,0.23,23,0,0.00294941331272007,0.0076955144986952,23,20,3,0.00120399937182641,100,0.341872881988787,0.449018783581089,0,20,0,20,20,0.869565217391304,0.0704419346314414,0.0881040402873168,0,0.110694169325287,44.9107746616579,0.8,0.0295198845061833,0.652173913043478,0.0952676591615257,0.111457156906648,1
LIRCMOP5_BC,2,63,25,1,0.25,25,0,0.00251769599308105,0.00693080554561235,25,20,3,0.00130869496937654,100,0.344120898333138,0.446956511436629,0,20,0,20,0,0.8,0.00495308460535046,0.00554935933657746,0,0.0375007809120833,16.3163013682161,0.8,0.0298648540301942,0,0.0316055290928735,0.039217277414872,0
LIRCMOP5_BC,2,64,27,1,0.27,27,0,0.00184783523764833,0.00452277786415887,27,20,3,0.00141339056692666,100,0.359590412618959,0.455205600014469,0,20,0,20,0,0.740740740740741,0.0130381126101967,0.0136008704589422,0,0.0186570322765821,8.71823926108569,0.65,0.0121242224576183,0,0.0167332964090537,0.0193726445910985,0
LIRCMOP5_BC,2,65,28,1,0.28,28,0,0.00210432687532313,0.00470291500997748,28,20,3,0.00146573836570172,100,0.362012208217682,0.460109134555267,0,20,0,20,20,0.714285714285714,0.0654093892981488,0.0775551542146558,0,0.0897948985975049,42.2295419684386,0.75,0.0274333723181859,0.535714285714286,0.0822250498737954,0.0904515394605969,1
LIRCMOP5_BC,2,66,32,1,0.32,32,0,0.00201432914611528,0.00493750369458446,32,20,3,0.00167512956080197,100,0.36174361182345,0.468238096156765,0,20,0,20,20,0.625,0.0351364028281917,0.0509433159939067,0,0.070624392371431,37.4567899471427,0.9,0.0318263012025481,0.25,0.0612482913941641,0.0715112961958763,1
LIRCMOP5_BC,2,67,28,1,0.28,28,0,0.00226312939940631,0.00443244214473382,28,20,3,0.00146573836570172,100,0.381028746088988,0.477968095166861,0,20,0,20,20,0.714285714285714,0.00507585712509119,0.0191610404283049,0,0.0473233795057335,22.7958478818539,0.95,0.058167264031769,0.357142857142857,0.0415401782763515,0.0483504658473792,1
LIRCMOP5_BC,2,68,29,1,0.29,29,0,0.00226863163969274,0.00445598433107397,29,20,3,0.00151808616447678,100,0.348625670225711,0.48421646487573,0,20,0,20,14,0.689655172413793,0.00628709860968597,0.0230040269675935,0,0.0425807369474327,20.5318665592559,0.85,0.051629371566306,0.344827586206897,0.033289803357228,0.0436268836710848,0.7
LIRCMOP5_BC,2,69,29,1,0.29,29,0,0.00206054585601506,0.00442409537902038,29,20,3,0.00151808616447678,100,0.359590412618959,0.48421646487573,0,20,0,20,20,0.689655172413793,0.0208830706992528,0.0482626825804936,0,0.0620703347159983,30.3424947688664,0.85,0.057963542895365,0.379310344827586,0.0404331683094313,0.0628428583377085,1
LIRCMOP5_BC,2,70,33,1,0.33,33,0,0.00169783029503138,0.00467283614061157,33,20,3,0.00172747735957703,96.969696969697,0.356477042253806,0.471716765888225,0,20,0,20,20,0.606060606060606,0.0462747098950954,0.0688869155006846,0,0.0799072924609474,38.5317032788185,0.85,0.0621394373912476,0.393939393939394,0.0593905576351767,0.0803028633973471,1
LIRCMOP5_BC,2,71,30,1,0.3,30,0,0.00195608016978766,0.00404894580012461,30,20,3,0.00157043396325185,100,0.358832674175998,0.475814017637394,0,20,0,20,20,0.666666666666667,0.0135900157383342,0.0311501429359318,0,0.0552939389945335,26.6887655022109,0.5,-0.00388633842875452,0.5,0.0388388018146731,0.0559673930707547,1
LIRCMOP5_BC,2,72,28,1,0.28,28,0,0.0020078680209986,0.00559325875122598,28,20,3,0.00146573836570172,100,0.358033727436383,0.476132118456631,0,20,0,20,15,0.714285714285714,0.00343405977349653,0.0157333093777126,0,0.0191062751623833,8.87158924313992,0.65,0.021856760002131,0.535714285714286,0.0086404154015311,0.0200718317659823,0.75
LIRCMOP5_BC,2,73,32,1,0.32,32,0,0.00212112825059223,0.00628367555114012,32,20,3,0.00167512956080197,100,0.358832674175998,0.483429617714203,0,20,0,20,20,0.625,0.0201439169663094,0.0351669906142468,0,0.0597923869720546,28.2735125152476,0.6,0.00778189659696293,0.3125,0.0473168629979569,0.0600617941936723,1
LIRCMOP5_BC,2,74,26,1,0.26,26,0,0.00210985342060253,0.00578790283721201,26,20,3,0.0013610427681516,100,0.364109273900457,0.485003312037257,0,20,0,20,20,0.769230769230769,0.028074364347654,0.0527660165560391,0,0.0772212229921514,30.4581323842028,0.65,0.0150918457908364,0.346153846153846,0.0583197624271441,0.0774887026524324,1
LIRCMOP5_BC,2,75,32,1,0.32,32,0,0.00225021975375368,0.00552552109487441,32,20,3,0.00167512956080197,100,0.381020820219834,0.494715714432182,0,20,0,20,20,0.625,0.024636665203812,0.049900020599468,0,0.0768906966090159,34.0507285867925,0.7,0.0314223748498184,0.4375,0.0559135965155438,0.0773156682919901,1
LIRCMOP5_BC,2,76,32,1,0.32,32,0,0.00213477756629653,0.00617368614889986,32,20,3,0.00167512956080197,100,0.381020820219834,0.494715714432182,0,20,0,20,4,0.625,0.0102831989536376,0.0163512322279558,0,0.0345004180016408,16.2251628175395,0.8,0.0503402350730831,0.1875,0.0254253954202476,0.0351925804359483,0.2
LIRCMOP5_BC,2,77,28,1,0.28,28,0,0.00173376783423415,0.00526847408797931,28,20,3,0.00146573836570172,100,0.385548430413707,0.507315874442515,0,13,7,20,20,0.714285714285714,0.0437776547794216,0.0511161072660508,0,0.065046777662401,28.6953452864114,0.65,0.0370177207481462,0.535714285714286,0.0548610222077043,0.0655329757267857,1
LIRCMOP5_BC,2,78,24,1,0.24,24,0,0.00164605976586856,0.00360656388803196,24,20,3,0.00125634717060148,100,0.385548430413707,0.523301820684396,0,16,4,20,20,0.833333333333333,0.0281504492095842,0.0386661690588772,0,0.0490835162841885,21.0889556925875,1,0.0284842368389077,0.5,0.037927825336745,0.0497921584701665,1
LIRCMOP5_BC,2,79,24,1,0.24,24,0,0.00181143165148035,0.00621558496318434,24,20,3,0.00125634717060148,100,0.393214787923657,0.581528359661989,0,15,5,20,17,0.833333333333333,0.00820923387524753,0.0273026689924376,0,0.0672220068165845,29.6549462674211,0.6,0.0273005808756713,0.375,0.0467212471467054,0.0680793432963256,0.85
LIRCMOP5_BC,2,80,26,1,0.26,26,0,0.00213097262101642,0.00419119627170049,26,20,3,0.0013610427681516,100,0.386718842922438,0.563722174477449,0,16,4,20,20,0.769230769230769,0.014645261669509,0.0301027283815745,0,0.079652595462109,37.2164995198925,0.6,0.0334157618547577,0.5,0.0644404076050435,0.0805392307896037,1
LIRCMOP5_BC,2,81,30,1,0.3,30,0,0.00183210299888131,0.00540018016369917,30,20,3,0.00157043396325185,100,0.423947318314485,0.576279045871266,0,18,2,20,20,0.666666666666667,0.04490468219111,0.0648651081866269,0,0.0856241485469825,41.2454707520158,0.7,0.0281785908028812,0.533333333333333,0.059314219718126,0.0861397824961218,1
LIRCMOP5_BC,2,82,25,1,0.25,25,0,0.001873850817115,0.00679536213346243,25,20,3,0.00130869496937654,100,0.390641229426231,0.564862945087189,0,12,8,20,9,0.8,0.0038204416666388,0.0130325420601931,0,0.0482155701651855,20.9894956749177,0.55,0.0192470330087075,0.32,0.0344362561252031,0.0489546049832896,0.45
LIRCMOP5_BC,2,83,25,1,0.25,25,0,0.00228435698724626,0.00554281600516457,25,20,3,0.00130869496937654,100,0.460940596899193,0.564862945087189,0,12,8,20,20,0.8,0.01649238866059,0.0348246079171662,0,0.0598264177145976,22.8663462300903,0.6,0.033408972391104,0.44,0.0368606042412231,0.0601747899420346,1
LIRCMOP5_BC,2,84,26,1,0.26,26,0,0.00203699332600967,0.0049114699298011,26,20,3,0.0013610427681516,100,0.471791683725935,0.567524919743854,0,9,11,20,20,0.769230769230769,0.0119812800698758,0.0219706597260713,0,0.0381379625019171,15.4806430828446,0.5,0.000317245079473061,0.653846153846154,0.0226178199428538,0.0384916421980896,1
LIRCMOP5_BC,2,85,24,1,0.24,24,0,0.00231474897561587,0.00439517096503924,24,20,3,0.00125634717060148,100,0.447584698460585,0.568813528178687,0,8,12,20,3,0.833333333333333,0.00647645538210564,0.00803431370943836,0,0.0454090631643797,18.6446553970667,0.7,0.0248387654635412,0.125,0.0314556214170008,0.0463467555284454,0.15
LIRCMOP5_BC,2,86,24,1,0.24,24,0,0.00224423513771642,0.0043727451305605,24,20,3,0.00125634717060148,100,0.471791683725935,0.554389190133466,0,9,11,20,20,0.833333333333333,0.0303859432591345,0.0481329872617653,0,0.0705679725970874,27.3935213991272,0.7,0.0332974301799604,0.791666666666667,0.0468136369142864,0.071390203971532,1
LIRCMOP5_BC,2,87,22,1,0.22,22,0,0.00186698214857529,0.00512031265349651,22,20,3,0.00115165157305135,100,0.447584698460585,0.606987025222165,0,10,10,20,20,0.909090909090909,0.0223977921740854,0.0416742312712016,0,0.0665464917660089,23.4696110038964,0.7,0.0504011315744609,0.727272727272727,0.0463126248319468,0.0677441454151889,1
LIRCMOP5_BC,2,88,22,1,0.22,22,0,0.00158048898981325,0.00410705398980762,22,20,3,0.00115165157305135,100,0.394945343732331,0.524028408213544,0,13,7,20,20,0.909090909090909,0.0657321886192948,0.0917189418161816,0,0.102738569518992,39.1561599962554,0.6,0.0268815516291574,0.590909090909091,0.0765906907510781,0.103243153290318,1
LIRCMOP5_BC,2,89,26,1,0.26,26,0,0.00212985211177321,0.00506930576226024,26,20,3,0.0013610427681516,100,0.415950699035605,0.573945730292909,0,16,4,20,14,0.769230769230769,0.00552374889419354,0.0136240568290407,0,0.0460040825178293,18.8889663347201,0.95,0.0383932156187377,0.307692307692308,0.0340778304493948,0.0473367197941501,0.7
LIRCMOP5_BC,2,90,13,1,0.13,13,0,0.00228206617450461,0.00660449672418381,13,20,3,0.0006805213840758,100,0.389712267412447,0.525575120414842,0,20,0,20,20,1.53846153846154,0.0276276828531108,0.0470163136640707,0,0.0703204753353913,27.8220487376176,0.3,-0.0163735862606287,0.230769230769231,0.0630056231453985,0.0744668586268804,1
LIRCMOP5_BC,2,91,9,1,0.09,9,0,0.00168022293357898,0.00449278134684545,9,20,3,0.000471130188975554,100,0.337744615518688,0.496016566488699,0,20,0,20,17,2.22222222222222,0.0202879514216932,0.0404838803535916,0,0.0445510216906056,9.01925245796367,0.55,0.00169834969692295,0.555555555555556,0.0322184533964659,0.0485813186682215,0.85
LIRCMOP5_BC,2,92,10,1,0.1,10,0,0.00144533513343397,0.00469935264809566,10,20,3,0.000523477987750615,100,0.387136811289053,0.493347781077835,0,20,0,20,7,2,0.00819488060308096,0.0185079883414744,0,0.0238152160486472,8.43651359813249,0.85,0.0227887503436142,0.6,0.0186143955639324,0.0263368400879344,0.35
LIRCMOP5_BC,2,93,12,1,0.12,12,0,0.00164160359426986,0.00305816883096559,12,20,3,0.000628173585300738,100,0.32862810463941,0.494779514783948,0,20,0,20,4,1.66666666666667,0.00459518684782493,0.00920699588699833,0,0.032681029953417,12.9164116312826,0.3,-0.0205234976566027,0.333333333333333,0.0287940406362225,0.0336907870738666,0.2
LIRCMOP5_BC,2,94,10,1,0.1,10,0,0.00145232059330592,0.00412779597395955,10,20,3,0.000523477987750615,100,0.350867428080306,0.493347781077835,0,20,0,20,15,2,0.00993273036366697,0.035184961396632,0,0.0522019229581881,18.4924727109681,0.35,-0.0136857242523601,0.6,0.045578407234272,0.055127368831236,0.75
LIRCMOP5_BC,2,95,12,1,0.12,12,0,0.00193472187802246,0.00429712754743863,12,20,3,0.000628173585300738,100,0.363628545197783,0.48871392133055,0,20,0,20,18,1.66666666666667,0.0259533379548126,0.0413341404998566,0,0.0454543212518262,17.9647558398861,0.65,0.00677185883322545,0.333333333333333,0.0330009883547349,0.0541970046791103,0.9
LIRCMOP5_BC,2,96,11,1,0.11,11,0,0.00147855598682695,0.00337870031784552,11,20,3,0.000575825786525677,100,0.341389221756886,0.491030851204193,0,20,0,20,14,1.81818181818182,0.0103115689277671,0.0261846353173754,0,0.0322570801793737,12.0518095679323,0.55,0.00254785719437922,0.363636363636364,0.0271716192048863,0.0371497017142396,0.7
LIRCMOP5_BC,2,97,12,1,0.12,12,0,0.00284131013897418,0.00455349012444451,12,20,3,0.000628173585300738,100,0.282553598179423,0.391793539138303,0,20,0,20,9,1.66666666666667,0.0161527830036815,0.0317796947669548,0,0.0331062193944009,10.3743185795426,0.4,-0.00563121331342814,0.25,0.0193272442774596,0.0376820833234746,0.45
LIRCMOP5_BC,2,98,12,1,0.12,12,0,0.00262395588868438,0.00560799857409024,12,20,3,0.000628173585300738,100,0.29433401612777,0.407962685001497,0,20,0,20,18,1.66666666666667,0.0308361756273341,0.0554656691125644,0,0.0579838215431506,18.1700794639731,0.6,0.0184528879391095,0.333333333333333,0.0395082812428055,0.0653553492740585,0.9
LIRCMOP5_BC,2,99,12,1,0.12,12,0,0.00291669633130644,0.00497658332458351,12,20,3,0.000628173585300738,100,0.282553598179423,0.402990811236819,0,20,0,20,9,1.66666666666667,0.00546682187208519,0.0141599683413995,0,0.0241710867540439,7.57436394089214,0.85,0.0404147854766592,0.333333333333333,0.0107933966594619,0.0313806456988266,0.45
LIRCMOP5_BC,2,100,10,1,0.1,10,0,0.00251430383061498,0.00360174559249699,10,20,3,0.000523477987750615,100,0.301643277684799,0.407894684252014,0,20,0,20,18,2,0.0141154849527808,0.0228919260356359,0,0.0307559519203413,9.63782785456559,0.85,0.034864773853074,0.6,0.0229027562269659,0.0382230904109187,0.9
LIRCMOP5_BC,2,101,10,1,0.1,10,0,0.00339242008611816,0.00489676294992947,10,20,3,0.000523477987750615,100,0.29072270018729,0.407894684252014,0,20,0,20,10,2,0.0129807522200276,0.0199461984763774,0,0.0266507215028334,8.35139379556644,0.85,0.0370057052053004,0.6,0.0147737047185073,0.0282089410655766,0.5
LIRCMOP5_BC,2,102,13,1,0.13,13,0,0.00201681567905944,0.00882068014682925,13,20,3,0.0006805213840758,100,0.275139072678244,0.417226115111857,0,20,0,20,8,1.53846153846154,0.00818019972722244,0.0191163168227383,0,0.0218934563082732,6.94014272657078,0.35,-0.0144616522201459,0.384615384615385,0.00975758936291033,0.0274380414139428,0.4
LIRCMOP5_BC,2,103,13,1,0.13,13,0,0.00195746008260688,0.00820453504128733,13,20,3,0.0006805213840758,100,0.275139072678244,0.404354706258441,0,20,0,20,10,1.53846153846154,0.0116633469889468,0.0185919648734836,0,0.021602348546192,7.27238274409682,0.9,0.0122721743640651,0.692307692307692,0.0129310647177358,0.0272557777272871,0.5
LIRCMOP5_BC,2,104,16,1,0.16,16,0,0.00190524621167013,0.00492819330783194,16,20,3,0.000837564780400984,100,0.270046793708295,0.404625748713626,0,20,0,20,16,1.25,0.00623523846581928,0.00918883651916516,0,0.0175793953715466,7.39533816927225,1,0.0189496224549919,0.4375,0.0159258833551201,0.0243153556255531,0.8
LIRCMOP5_BC,2,105,12,1,0.12,12,0,0.0013932312486035,0.00322180828695088,12,20,3,0.000628173585300738,100,0.267865473178962,0.402344335357401,0,20,0,20,1,1.66666666666667,0.01051083905596,0.0151531508826978,0,0.0158631239752465,6.67333339620524,1,0.0238464459346583,0.166666666666667,0.0135631891697029,0.0177782485764615,0.05
LIRCMOP5_BC,2,106,15,1,0.15,15,0,0.00169488938167172,0.00646138064253926,15,20,3,0.000785216981625923,100,0.266969119798742,0.406707048977906,0,20,0,20,8,1.33333333333333,0.00944967248298121,0.0137104517017079,0,0.0141950469980004,6.23464911314656,0.7,0.0439283350221397,0.4,0.0108629491091571,0.0208179463462966,0.4
LIRCMOP5_BC,2,107,13,1,0.13,13,0,0.00134109924050411,0.00347584493733992,13,20,3,0.0006805213840758,100,0.266969119798742,0.433287995454505,0,20,0,20,13,1.53846153846154,0.00910751606054489,0.0130105000326542,0,0.0156351935705218,7.12611789396039,0.85,0.0808424752953278,0.307692307692308,0.0126382517019161,0.0214518369737983,0.65
LIRCMOP5_BC,2,108,15,1,0.15,15,0,0.00179068332777307,0.00682521439513971,15,20,3,0.000785216981625923,100,0.266969119798742,0.411279394755276,0,20,0,20,1,1.33333333333333,0.00506706875936386,0.00865828382514305,0,0.0103184693577373,4.48251213883856,0.75,0.0436529793583084,0.133333333333333,0.00894866608580809,0.0131619077805625,0.05
LIRCMOP5_BC,2,109,18,1,0.18,18,0,0.00223050233560363,0.00500886440509177,18,20,3,0.000942260377951107,100,0.305890291506705,0.535606683855123,0,20,0,20,3,1.11111111111111,0.0119627354859639,0.0178672366172779,0,0.026755948967447,15.8306822970458,1,0.0695546028462274,0.166666666666667,0.022678164086234,0.0280747987225611,0.15
LIRCMOP5_BC,2,110,19,1,0.19,19,0,0.00172144387218502,0.00489960505239016,19,20,3,0.000994608176726169,100,0.275139072678244,0.515785198983677,0,20,0,20,4,1.05263157894737,0.00554514595499681,0.0085260417076249,0,0.0113149203418319,6.11422538118619,0.65,0.0159124356894985,0.263157894736842,0.00869015789497328,0.0133815871584214,0.2
LIRCMOP5_BC,2,111,20,1,0.2,20,0,0.00167142557739226,0.00630683869001049,20,20,3,0.00104695597550123,100,0.347701929694849,0.495705162983462,0,20,0,20,18,1,0.0178855884251756,0.0233793603606625,0,0.0279783252920197,17.4639665630811,0.95,0.0832594125275385,0.6,0.0232854560044076,0.031528261982879,0.9
LIRCMOP5_BC,2,112,21,1,0.21,21,0,0.00132057281302491,0.00357557774154892,21,20,3,0.00109930377427629,100,0.301275995228779,0.515887200312394,0,20,0,20,5,0.952380952380952,0.0128114272586454,0.0189280569521384,0,0.0189280569521384,13.1404806693595,1,0.118804592060306,0.19047619047619,0.0152670450750768,0.0240297766469682,0.25
LIRCMOP5_BC,2,113,22,1,0.22,22,0,0.00148097881183479,0.00418696818732833,22,20,3,0.00115165157305135,100,0.318958752781972,0.592446793387802,0,20,0,20,0,0.909090909090909,0.00597885351705074,0.0114677499084885,0,0.0186220202788535,14.5619090460857,0.5,0.000383092103370619,0,0.0143865412653071,0.022429990729874,0
LIRCMOP5_BC,2,114,21,1,0.21,21,0,0.00115773425104528,0.00351433879984399,21,20,3,0.00109930377427629,100,0.301275995228779,0.604800404304943,0,20,0,20,5,0.952380952380952,0.0129576411723198,0.0172328151507291,0,0.0172328151507291,11.963587965706,0.6,0.0212673401623878,0.142857142857143,0.0138980996206996,0.0182212437619921,0.25
LIRCMOP5_BC,2,115,18,1,0.18,18,0,0.00119313165508346,0.00288610747379135,18,20,3,0.000942260377951107,100,0.285345938654448,0.637128983273723,0,20,0,20,7,1.11111111111111,0.0147093332555313,0.0203855259368768,0,0.024238235353845,14.3410276269621,0.85,0.0812473023357138,0.388888888888889,0.0197023327496394,0.025665333529273,0.35
LIRCMOP5_BC,2,116,18,1,0.18,18,0,0.00121565337386487,0.00289373522586633,18,20,3,0.000942260377951107,100,0.298414399929716,0.651406124310489,0,20,0,20,3,1.11111111111111,0.00382715697030101,0.0098478149983544,0,0.0225746946533388,13.3567611242131,1,0.0379797503221043,0.111111111111111,0.0177366568532504,0.0262980577907388,0.15
LIRCMOP5_BC,2,117,18,1,0.18,18,0,0.0014926063408332,0.00620566504354625,18,20,3,0.000942260377951107,100,0.454392561349789,0.651406124310489,0,20,0,20,1,1.11111111111111,0.00724788004027778,0.0108513921081004,0,0.0145617891870893,9.08941463821279,1,0.0435900287076359,0.111111111111111,0.0112269330272344,0.0181724861362732,0.05
LIRCMOP5_BC,2,118,17,1,0.17,17,0,0.00116227794347636,0.00370134235161579,17,20,3,0.000889912579176046,100,0.449159050301716,0.660578106142923,0,20,0,20,6,1.17647058823529,0.0161283916681284,0.0224047017768768,0,0.0294600310481548,22.8934792434407,1,0.0518663926149177,0.176470588235294,0.0231110092770401,0.0300345681775816,0.3
LIRCMOP5_BC,2,119,18,1,0.18,18,0,0.00127526811207196,0.00369845796375376,18,20,3,0.000942260377951107,100,0.376539126125009,0.681383444345068,0,20,0,20,0,1.11111111111111,0.00847969014037121,0.0131159007186684,0,0.0152293837411981,8.75583932700356,0.7,0.0168091761622818,0,0.0118879852502609,0.0165232641218894,0
LIRCMOP5_BC,2,120,18,1,0.18,18,0,0.00105391941492284,0.00263918765701263,18,20,3,0.000942260377951107,100,0.430847551038407,0.681383444345068,0,20,0,20,0,1.11111111111111,0.00220499054050926,0.00620292307191338,0,0.0348932311613623,30.1905955251643,0.95,0.0294141375651496,0,0.0263420735443872,0.0354479861855652,0
LIRCMOP5_BC,2,121,18,1,0.18,18,0,0.00126229286164241,0.00254348416034444,18,20,3,0.000942260377951107,100,0.470249281660958,0.671857105525005,0,20,0,20,0,1.11111111111111,0.0112679965100107,0.0178163736629624,0,0.0294395647259118,24.1868134014663,1,0.0549495895784818,0,0.0207290628741385,0.0301101481942235,0
LIRCMOP5_BC,2,122,18,1,0.18,18,0,0.00146540844253217,0.00290300498511753,18,20,3,0.000942260377951107,100,0.496247028062586,0.671857105525005,0,20,0,20,4,1.11111111111111,0.0141816273123748,0.0183343756720837,0,0.0407832441695708,31.8913782344007,0.95,0.0298652204082863,0.222222222222222,0.0286131512331725,0.0414699581001112,0.2
LIRCMOP5_BC,2,123,21,1,0.21,21,0,0.00122099523948414,0.00263071857138556,21,20,3,0.00109930377427629,100,0.449159050301716,0.638735812780474,0,20,0,20,6,0.952380952380952,0.0153282146120164,0.0192763548935502,0,0.02417958533542,20.5941853205868,0.55,0.0104731517194045,0.285714285714286,0.020345188111672,0.0263180185978218,0.3
LIRCMOP5_BC,2,124,23,1,0.23,23,0,0.00092362070837965,0.00212335187751973,23,20,3,0.00120399937182641,100,0.449159050301716,0.679625319675584,0,20,0,20,6,0.869565217391304,0.0119828624462042,0.0223924684869484,0,0.0420803747779796,38.0579985983802,0.45,-0.00669066251939854,0.130434782608696,0.0370341983422602,0.0428604089971279,0.3
LIRCMOP5_BC,2,125,20,1,0.2,20,0,0.00143731338455304,0.0029553110484901,20,20,3,0.00104695597550123,100,0.439220287567403,0.645433522285027,0,20,0,20,2,1,0.01124031634293,0.0187415041573635,0,0.0194804399279235,18.0314307585407,1,0.0212077667094999,0.15,0.019534392453725,0.020478692055061,0.1
LIRCMOP5_BC,2,126,20,1,0.2,20,0,0.00124711708881964,0.00284012346705884,20,20,3,0.00104695597550123,100,0.439220287567403,0.647191646954511,0,20,0,20,1,1,0.00759922232404573,0.0169627287759752,0,0.0361002271165725,32.8967411378069,0.8,0.00666070096826485,0.1,0.033095373614657,0.0457299998570952,0.05
LIRCMOP5_BC,2,127,22,1,0.22,22,0,0.00124789496563281,0.00324796856161533,22,20,3,0.00115165157305135,100,0.419308587421542,0.633092978077612,0,20,0,20,19,0.909090909090909,0.0188780382531469,0.0238231633270833,0,0.0257240001370808,23.8105776368834,1,0.0192552470242538,0.181818181818182,0.019009832018431,0.026460160426567,0.95
LIRCMOP5_BC,2,128,23,1,0.23,23,0,0.00116089041439369,0.0032345809590987,23,20,3,0.00120399937182641,100,0.37144691234882,0.626043643639162,0,20,0,20,0,0.869565217391304,0.0050433755231126,0.0133255754117656,0,0.0421264587449208,40.2845503453345,1,0.0324605169336516,0,0.0359962691923085,0.0478043315420727,0
LIRCMOP5_BC,2,129,20,1,0.2,20,0,0.00168044801294098,0.00385323056935881,20,20,3,0.00104695597550123,100,0.381111031615501,0.581147141445789,0,20,0,20,20,1,0.0256925762005849,0.0365761722229883,0,0.0497434932280447,40.8680155377723,0.7,0.0345444692902363,0.1,0.0445046511866394,0.0497499502534212,1
LIRCMOP5_BC,2,130,16,1,0.16,16,0,0.001563873209273,0.00415772568273384,16,20,3,0.000837564780400984,100,0.386240702148451,0.605785408098969,0,20,0,20,20,1.25,0.0284146769104966,0.0417670320482239,0,0.0458633197590097,34.8276234418919,0.8,0.010062340858244,0.125,0.0459978922024398,0.0480442011798335,1
LIRCMOP5_BC,2,131,21,1,0.21,21,0,0.00220049451822646,0.00576074721836769,21,20,3,0.00109930377427629,100,0.405597367781599,0.574987574782494,0,20,0,20,20,0.952380952380952,0.0351835276141174,0.0477799177968603,0,0.0605249922947073,52.1109316940386,0.85,0.0357556455271974,0.0952380952380952,0.0553723518790947,0.0609701671660139,1
LIRCMOP5_BC,2,132,20,1,0.2,20,0,0.00181651091287647,0.00316086833209267,20,20,3,0.00104695597550123,100,0.351089591552127,0.562168618358919,0,20,0,20,0,1,0.0101590174651112,0.0148297732317287,0,0.0186596811691889,15.93350753288,0.9,0.0406771244329284,0,0.0196030348001344,0.0222902243615635,0
LIRCMOP5_BC,2,133,20,1,0.2,20,0,0.00222914071800188,0.00414647333494285,20,20,3,0.00104695597550123,100,0.479613957126179,0.628213123867641,0,20,0,20,6,1,0.0152308054572031,0.016853571498949,0,0.0204916427340637,17.5811471994421,0.9,0.0400309083574791,0.15,0.0173546836166264,0.0208216917044665,0.3
LIRCMOP5_BC,2,134,24,1,0.24,24,0,0.00183134862771638,0.00433190074198149,24,20,3,0.00125634717060148,100,0.370565583400122,0.645946508136366,0,20,0,20,9,0.833333333333333,0.0175475113040922,0.0203253317071844,0,0.027816083204374,24.3702260278727,0.6,0.042312703149872,0.166666666666667,0.0200912689703649,0.0278442242501161,0.45
LIRCMOP5_BC,2,135,25,1,0.25,25,0,0.00160575519363174,0.00450554332787364,25,20,3,0.00130869496937654,100,0.299495101300249,0.641891862468544,0,20,0,20,17,0.8,0.0315978219566479,0.0348242394788581,0,0.0597516001467428,57.9257971550425,0.85,0.0197377046888031,0.2,0.0429684317489361,0.0627674076040078,0.85
LIRCMOP5_BC,2,136,24,1,0.24,24,0,0.00184234036716922,0.00408037947446567,24,20,3,0.00125634717060148,100,0.330117132438008,0.645946508136366,0,20,0,20,16,0.833333333333333,0.0142724500324114,0.0183630650233848,0,0.0208664352436526,19.3143318973086,0.4,-0.00516954276379997,0.208333333333333,0.0187153289957849,0.0234772275179682,0.8
LIRCMOP5_BC,2,137,22,1,0.22,22,0,0.00160144938475764,0.00391122381769809,22,20,3,0.00115165157305135,100,0.320344209697537,0.654055799472009,0,20,0,20,11,0.909090909090909,0.020148883327947,0.0223996319738993,0,0.0223996319738993,19.6247649294941,0.35,-0.0059994331433125,0.136363636363636,0.0218855255693367,0.0228629783063517,0.55
LIRCMOP5_BC,2,138,24,1,0.24,24,0,0.00158823045495614,0.0033403868208128,24,20,3,0.00125634717060148,100,0.320344209697537,0.604884257712792,0,20,0,20,4,0.833333333333333,0.0117821834492083,0.0140266709443435,0,0.0167506588336035,16.9062282921129,0.5,-0.00337007511077653,0.208333333333333,0.0141265171772513,0.0169982408668836,0.2
LIRCMOP5_BC,2,139,26,1,0.26,26,0,0.00181379842162094,0.00411330089022945,26,20,3,0.0013610427681516,100,0.320344209697537,0.61514558042792,0,20,0,20,18,0.769230769230769,0.0321699584897857,0.0364359944696431,0,0.0402689579428817,40.642950395605,0.3,-0.0119943202635084,0.269230769230769,0.0338094092251755,0.0409802598749658,0.9
LIRCMOP5_BC,2,140,20,1,0.2,20,0,0.00172043177907385,0.00443216836022111,20,20,3,0.00104695597550123,100,0.314299250509397,0.702185480411709,0,20,0,20,5,1,0.0153678612902292,0.0252946025724822,0,0.0274773249260061,23.4628962693547,1,0.0164182199251375,0.1,0.0262133233139613,0.0283776649791528,0.25
LIRCMOP5_BC,2,141,23,1,0.23,23,0,0.00155438851553571,0.00412493005755013,23,20,3,0.00120399937182641,100,0.30836589261012,0.690337183652739,0,20,0,20,12,0.869565217391304,0.0199209727719514,0.0270962095385646,0,0.0270962095385646,29.110665947872,0.8,0.00201928083307776,0.0869565217391304,0.0210615972061461,0.0278864777149418,0.6
LIRCMOP5_BC,2,142,24,1,0.24,24,0,0.00156099055662612,0.00508970820485527,24,20,3,0.00125634717060148,100,0.384715457154963,0.686387751399749,0,20,0,20,2,0.833333333333333,0.0118386162323889,0.0158900009275893,0,0.0158900009275893,18.5730115652451,0.55,0.00168277978697004,0.0833333333333333,0.0130810139408653,0.0167996481745381,0.1
LIRCMOP5_BC,2,143,25,1,0.25,25,0,0.00156083397290876,0.00534213631960352,25,20,3,0.00130869496937654,100,0.382489850616782,0.682438319146758,0,20,0,20,4,0.8,0.0171875035525403,0.0244429596212789,0,0.0274694945212775,33.6683566169546,0.5,-0.00139088007785737,0.08,0.0191540028420155,0.0285107869969188,0.2
LIRCMOP5_BC,2,144,25,1,0.25,25,0,0.00163743006087773,0.0051954431636387,25,20,3,0.00130869496937654,100,0.382489850616782,0.682438319146758,0,20,0,20,4,0.8,0.0119624594706067,0.0263982395883689,0,0.0420920598311945,51.5907010972162,0.9,0.0207795266333956,0.08,0.0304612358876535,0.0453806064333158,0.2
LIRCMOP5_BC,2,145,24,1,0.24,24,0,0.00177543818777164,0.00645211042549725,24,20,3,0.00125634717060148,100,0.389788832859161,0.693533687800065,0,20,0,20,19,0.833333333333333,0.0217972934277392,0.0314577873433252,0,0.0330094613110343,32.7706451054061,0.4,-0.00637799875879302,0.125,0.0244889059384818,0.0332685958015952,0.95
LIRCMOP5_BC,2,146,26,1,0.26,26,0,0.00205362740684776,0.00646127570549826,26,20,3,0.0013610427681516,100,0.379162278423365,0.67063067999091,0,20,0,20,1,0.769230769230769,0.00428742748055118,0.0130915172823931,0,0.028133740202617,28.3950284762689,0.85,0.0626003583109072,0.0769230769230769,0.0230401290822687,0.0322416237918519,0.05
LIRCMOP5_BC,2,147,30,1,0.3,30,0,0.00206724105289711,0.00736662520290046,30,20,3,0.00157043396325185,100,0.374088902719167,0.623400123367513,0,20,0,20,1,0.666666666666667,0.0106656763427932,0.0135302711297695,0,0.0141233239009685,17.5802797946481,0.85,0.0538361125076507,0.0666666666666667,0.0121807348428764,0.0159004730004667,0.05
LIRCMOP5_BC,2,148,33,1,0.33,33,0,0.0033323070320795,0.0121176453571771,33,20,3,0.00172747735957703,96.969696969697,0.303840883630375,0.587977205899966,0,20,0,20,3,0.606060606060606,0.00786475383894394,0.015453415767857,0,0.0251036497194858,28.6950845646659,0.9,0.0303980065176375,0.151515151515152,0.0212111278404434,0.0264053288625339,0.15
LIRCMOP5_BC,2,149,30,1,0.3,30,0,0.00200148169715232,0.00498364700281619,30,20,3,0.00157043396325185,100,0.329157441114947,0.686408283813601,0,20,0,20,0,0.666666666666667,0.00558192426685377,0.00863680588185688,0,0.0179904381911918,22.5724288287973,0.25,-0.0272489855322293,0,0.0117884591686376,0.0184647171946936,0
LIRCMOP5_BC,2,150,31,1,0.31,31,0,0.00261733939370753,0.00737659013517388,31,20,3,0.00162278176202691,100,0.32230171115944,0.611592484211664,0,20,0,20,1,0.645161290322581,0.00582098270327793,0.0132790874176585,0,0.0150472383104708,17.8060624223775,0.2,-0.0306436325369598,0.0645161290322581,0.0129152857787043,0.0173298211453676,0.05
LIRCMOP5_BC,2,151,34,1,0.34,34,0,0.00312882142240893,0.011598928499644,34,20,3,0.00177982515835209,94.1176470588235,0.331788357324379,0.683232312080127,0,20,0,20,2,0.588235294117647,0.0112947432262858,0.0164307791564336,0,0.0212315204669232,22.3461524927543,0.75,0.0196218331768326,0.0588235294117647,0.0140037180807792,0.0212904437404066,0.1
LIRCMOP5_BC,2,152,34,1,0.34,34,0,0.002637128566728,0.00806586005520378,34,20,3,0.00177982515835209,94.1176470588235,0.335839043932394,0.683232312080127,0,20,0,20,0,0.588235294117647,0.00333242996430849,0.00814814807129959,0,0.0253059789543551,27.6383969545463,0.4,-0.015012125691508,0,0.0184765921883564,0.0266189694391446,0
LIRCMOP5_BC,2,153,36,1,0.36,36,0,0.00234103036945138,0.00916087567025826,36,20,3,0.00188452075590221,88.8888888888889,0.329632716873774,0.670630679990909,0,20,0,20,4,0.555555555555556,0.0117122214950812,0.0169869860858708,0,0.0325832829920056,34.5714939520624,0.4,-0.00325840944535172,0.166666666666667,0.0199839599866244,0.0334068486610848,0.2
LIRCMOP5_BC,2,154,34,1,0.34,34,0,0.00241973755401214,0.00750318482181821,34,20,3,0.00177982515835209,94.1176470588235,0.38192082402521,0.683232312080127,0,20,0,20,1,0.588235294117647,0.0125839092295337,0.0174932874918044,0,0.0317774501661707,34.1434013865898,0.45,-0.00273319771746547,0.0588235294117647,0.0235965530901571,0.0323807308773389,0.05
LIRCMOP5_BC,2,155,34,1,0.34,34,0,0.0026364878606772,0.00859045465152405,34,20,3,0.00177982515835209,94.1176470588235,0.38192082402521,0.684828349741448,0,20,0,20,6,0.588235294117647,0.00341312261377429,0.0108135108230656,0,0.0108420614640726,11.6492939014974,0.25,-0.0191935215361342,0.0588235294117647,0.00858875681065567,0.0118515485124618,0.3
LIRCMOP5_BC,2,156,32,1,0.32,32,0,0.00258263857722541,0.00647800125010045,32,20,3,0.00167512956080197,100,0.395439803334054,0.644906475455465,0,20,0,20,5,0.625,0.00658000140511238,0.0209951079721031,0,0.0209951079721031,22.5582730803693,0.1,-0.0351991600720853,0.125,0.0109379799361665,0.0210242212974539,0.25
LIRCMOP5_BC,2,157,32,1,0.32,32,0,0.00243209448956235,0.00688015625795466,32,20,3,0.00167512956080197,100,0.380884498587343,0.644906475455465,0,20,0,20,3,0.625,0.0106994493554704,0.0164738280159293,0,0.0217739753450608,21.2454287099415,0.15,-0.0359293172949368,0.0625,0.0166800445481152,0.0219265598158568,0.15
LIRCMOP5_BC,2,158,31,1,0.31,31,0,0.00223004257854004,0.00695198238089174,31,20,3,0.00162278176202691,100,0.372343099208387,0.60137743380606,0,20,0,20,5,0.645161290322581,0.013223898753781,0.0233703064072307,0,0.0337121138020681,32.8982229555739,0.1,-0.0849386143513507,0.0645161290322581,0.0258948804576044,0.0345005516458879,0.25
LIRCMOP5_BC,2,159,34,1,0.34,34,0,0.00306475837466808,0.00872220762250282,34,20,3,0.00177982515835209,94.1176470588235,0.38192082402521,0.60068528725115,0,20,0,20,2,0.588235294117647,0.00707896423338221,0.0172966912485967,0,0.036851498740951,36.4510854031093,0.05,-0.06492148175353,0.117647058823529,0.0263939118315335,0.0389781337387525,0.1
LIRCMOP5_BC,2,160,35,1,0.35,35,0,0.0025986961159093,0.008879481913158,35,20,3,0.00183217295712715,91.4285714285714,0.382489850616782,0.607105005694528,0,20,0,20,11,0.571428571428571,0.0213779830813773,0.0294172705458741,0,0.0459222494311022,46.9719156275851,0.35,-0.0370284899607955,0.114285714285714,0.0339824192673908,0.0463060272387793,0.55
LIRCMOP5_BC,2,161,32,1,0.32,32,0,0.00345724246776561,0.00966988659717338,32,20,3,0.00167512956080197,100,0.400323674940836,0.672623572150232,0,20,0,20,3,0.625,0.00409116293868597,0.0165395231751167,0,0.0270160295879449,29.0274750576171,0.3,-0.0374709524078335,0.1875,0.0139575773776047,0.0287925855134697,0.15
LIRCMOP5_BC,2,162,35,1,0.35,35,0,0.00401116111639612,0.0151670698266618,35,20,3,0.00183217295712715,91.4285714285714,0.466841169145486,0.628821399587768,0,20,0,20,5,0.571428571428571,0.011093278047856,0.0321923832473444,0,0.0473130913973244,63.0149440538789,0.4,-0.0441731611177264,0.0571428571428571,0.0389271323384607,0.0491854478948757,0.25
LIRCMOP5_BC,2,163,36,1,0.36,36,0,0.0038517822996315,0.0120418455915061,36,20,3,0.00188452075590221,88.8888888888889,0.38192082402521,0.627115013521641,0,20,0,20,15,0.555555555555556,0.0313022181804908,0.0369579166432224,0,0.0639421816425271,84.7126338617664,0.25,-0.0350742443216852,0.0555555555555556,0.0600231025182932,0.0647100515190566,0.75
LIRCMOP5_BC,2,164,36,1,0.36,36,0,0.0033571870873362,0.0135774251097145,36,20,3,0.00188452075590221,88.8888888888889,0.401846891415495,0.71683170821041,0,20,0,20,2,0.555555555555556,0.00869050743591006,0.016577966873845,0,0.0389386749481735,51.5871937618267,0.4,-0.0207941200010685,0.111111111111111,0.0313669572041121,0.0421321565037866,0.1
LIRCMOP5_BC,2,165,32,1,0.32,32,0,0.00286889740754911,0.00714872647015139,32,20,3,0.00167512956080197,100,0.516460627268891,0.724578093003332,0,20,0,20,0,0.625,0.00812249436709558,0.0144381101415375,0,0.0251504411240491,31.8968108414043,0.15,-0.060044916938028,0,0.0236478204527518,0.0267019267255606,0
LIRCMOP5_BC,2,166,33,1,0.33,33,0,0.0031801044323018,0.014821443265653,33,20,3,0.00172747735957703,96.969696969697,0.412536051775098,0.723696275894441,0,20,0,20,4,0.606060606060606,0.0131630101926994,0.0196953950982707,0,0.0536125070204559,68.5266177887958,0.4,-0.0702547686185973,0.121212121212121,0.0393969445398114,0.0548998048937458,0.2
LIRCMOP5_BC,2,167,36,1,0.36,36,0,0.00363465794391244,0.0154093942700439,36,20,3,0.00188452075590221,88.8888888888889,0.425314054017219,0.730402624672078,0,20,0,20,2,0.555555555555556,0.00892077227566828,0.0130590281663979,0,0.031126995115965,41.8212914316323,0.5,0.00509165308960882,0.0833333333333333,0.0217491112595056,0.0324338629740668,0.1
LIRCMOP5_BC,2,168,35,1,0.35,35,0,0.00387217166459608,0.0161820689717156,35,20,3,0.00183217295712715,91.4285714285714,0.391157731055892,0.727268931830692,0,20,0,20,12,0.571428571428571,0.0207907546266267,0.0309495317639528,0,0.0353326206480175,46.0261590320189,0.7,0.168239530825209,0.228571428571429,0.0250403425764667,0.036424193895197,0.6
LIRCMOP5_BC,2,169,41,1,0.41,41,0,0.00444476660597176,0.0218779652499438,41,20,3,0.00214625974977752,78.0487804878049,0.424062101264701,0.902423944946766,0,20,0,20,4,0.48780487804878,0.0147355176543668,0.0237641492412968,0,0.0305454486350012,30.6167187659479,0.6,0.0146834110757043,0.121951219512195,0.0203249635948956,0.0313277097905448,0.2
LIRCMOP5_BC,2,170,44,1,0.44,44,0,0.0040189932589434,0.0184611813374045,44,20,3,0.00230330314610271,72.7272727272727,0.429475583746431,0.835930375626873,0,20,0,20,1,0.454545454545455,0.00522893311311741,0.0156961472489387,0,0.0241288189140059,32.6077742772567,0.55,0.0171947470288492,0.0454545454545455,0.0154079584657031,0.0275242838248847,0.05
LIRCMOP5_BC,2,171,43,1,0.43,43,0,0.00355828185093224,0.0199399970969995,43,20,3,0.00225095534732764,74.4186046511628,0.456067664972045,0.902242065092009,0,20,0,20,10,0.465116279069767,0.0186812816967755,0.0243727179702319,0,0.0335883033753816,36.5750951275616,0.5,0.00755326249391236,0.325581395348837,0.0262818475406133,0.0341888200183592,0.5
LIRCMOP5_BC,2,172,42,1,0.42,42,0,0.00387664581759762,0.019272322368708,42,20,3,0.00219860754855258,76.1904761904762,0.457986489465495,0.912209745607639,0,20,0,20,4,0.476190476190476,0.0134830318423338,0.022243501617259,0,0.0225989380050295,22.8088225584225,0.65,0.0286068809375288,0.142857142857143,0.016305881055616,0.022969824762011,0.2
LIRCMOP5_BC,2,173,43,1,0.43,43,0,0.00427444822628127,0.0188478859433814,43,20,3,0.00225095534732764,74.4186046511628,0.45088367835667,0.849628127877049,0,20,0,20,2,0.465116279069767,0.00882565300943706,0.0197355102844307,0,0.0241803684996877,27.0418267499995,0.65,0.0208716668510849,0.0697674418604651,0.0156611654585941,0.0248310377876438,0.1
LIRCMOP5_BC,2,174,40,1,0.4,40,0,0.00398537179717771,0.0132818422782035,40,20,3,0.00209391195100246,80,0.444487867308005,0.915683872325148,0,20,0,20,2,0.5,0.0128512555433878,0.0209775289102201,0,0.0249740595244454,31.6731165335903,0.45,-0.0162572146944355,0.05,0.0229508290481848,0.0260164586593384,0.1
LIRCMOP5_BC,2,175,41,1,0.41,41,0,0.0036154423530386,0.0103260201844364,41,20,3,0.00214625974977752,78.0487804878049,0.45088367835667,0.862553222884245,0,20,0,20,14,0.48780487804878,0.0189148901033308,0.0232918419813022,0,0.0315922021129483,42.3737967343608,0.9,0.0584063294009411,0.0487804878048781,0.0224842739149367,0.0316114471700057,0.7
LIRCMOP5_BC,2,176,42,1,0.42,42,0,0.00432132862699789,0.0199792502428296,42,20,3,0.00219860754855258,76.1904761904762,0.430154507050428,0.755300790332363,0,20,0,20,5,0.476190476190476,0.0155610696459647,0.0219293572234791,0,0.0380937491002848,45.0345611053572,0.35,-0.0212286045755071,0.19047619047619,0.0223357305686581,0.0402109530947357,0.25
LIRCMOP5_BC,2,177,41,1,0.41,41,0,0.00530200343128929,0.0210901369499369,41,20,3,0.00214625974977752,78.0487804878049,0.459905313958945,0.84041499556233,0,20,0,20,3,0.48780487804878,0.0102572258699522,0.0141000473788337,0,0.024449838618059,32.9455550757353,0.45,-0.0225486188160544,0.0487804878048781,0.0187404473769352,0.0253269106010587,0.15
LIRCMOP5_BC,2,178,41,1,0.41,41,0,0.0033322622895619,0.0120837204234559,41,20,3,0.00214625974977752,78.0487804878049,0.456067664972045,0.84041499556233,0,20,0,20,20,0.48780487804878,0.0328260914313853,0.0372096845439597,0,0.0479837732895083,62.6101345523414,0.65,0.0172304861135112,0.24390243902439,0.0416756137225724,0.0486316010513636,1
LIRCMOP5_BC,2,179,38,1,0.38,38,0,0.00413595593326736,0.0145737474846383,38,20,3,0.00198921635345234,84.2105263157895,0.451920313648902,0.802285531169746,0,20,0,20,19,0.526315789473684,0.0484713952391416,0.069782545238594,0,0.0903669685491848,122.122252360282,0.5,0.0221623447654017,0.447368421052632,0.0586551429408096,0.090872087665969,0.95
LIRCMOP5_BC,2,180,43,1,0.43,43,0,0.00492026707984333,0.0183995528045886,43,20,3,0.00225095534732764,74.4186046511628,0.459905313958945,1.07309538756237,0,20,0,20,10,0.465116279069767,0.0188059228119851,0.0250679926026637,0,0.0313782577963745,39.7444845562139,0.6,0.0310131530325942,0.27906976744186,0.0214436865113172,0.0325798858272656,0.5
LIRCMOP5_BC,2,181,40,1,0.4,40,0,0.00314442115378683,0.0109553152526828,40,20,3,0.00209391195100246,80,0.506692166238648,1.03505143902205,0,20,0,20,0,0.5,0.0118975517863904,0.016754097466085,0,0.0286420899624258,39.5263843860861,0.65,0.0410233703023571,0,0.0221783973127154,0.0294059609799224,0
LIRCMOP5_BC,2,182,41,1,0.41,41,0,0.00349675503575991,0.0114553361322835,41,20,3,0.00214625974977752,78.0487804878049,0.459905313958945,1.03583414368839,0,20,0,20,7,0.48780487804878,0.0175710351008497,0.023725087228701,0,0.0302120823327162,41.2685642595836,0.6,0.0178842904943687,0.195121951219512,0.0221570416693296,0.0311945872490763,0.35
LIRCMOP5_BC,2,183,40,1,0.4,40,0,0.0034432238336307,0.00969540197053153,40,20,3,0.00209391195100246,80,0.4971723319481,1.07624591712585,0,20,0,20,0,0.5,0.00455807670671602,0.0111838393931525,0,0.0198569350522161,26.8347347762208,0.6,0.0257963884261549,0,0.01098001244568,0.0212293832434306,0
LIRCMOP5_BC,2,184,42,1,0.42,42,0,0.00390054715923837,0.0135605197173339,42,20,3,0.00219860754855258,76.1904761904762,0.399310723901596,0.849750074098951,0,20,0,20,3,0.476190476190476,0.0146953931577895,0.0244590601600574,0,0.0334571642288831,36.7622717631737,0.7,0.0206953906706252,0.119047619047619,0.0235531411484416,0.0345364621657025,0.15
LIRCMOP5_BC,2,185,42,1,0.42,42,0,0.00505000546513225,0.0184686373372225,42,20,3,0.00219860754855258,76.1904761904762,0.410701439314419,0.879845421990658,0,20,0,20,3,0.476190476190476,0.00912683365334343,0.0188346246261403,0,0.0295057911101349,32.4205573418505,0.55,0.00834891656690767,0.142857142857143,0.017022625965379,0.0308271167321344,0.15
LIRCMOP5_BC,2,186,47,1,0.47,47,0,0.00403336896591179,0.0115731161205674,47,20,3,0.00246034654242789,68.0851063829787,0.504598718116427,1.08453833443655,0,20,0,20,12,0.425531914893617,0.0245978546635172,0.0438409937634866,0,0.044845629579346,60.1502733309243,0.65,0.019011641830822,0.297872340425532,0.0269482011705478,0.0453013980289427,0.6
LIRCMOP5_BC,2,187,47,1,0.47,47,0,0.00410018502806928,0.0117650446389572,47,20,3,0.00246034654242789,68.0851063829787,0.489745945779773,1.0456091623417,0,20,0,20,7,0.425531914893617,0.00991511076585444,0.0338945669209461,0,0.0351819621539577,48.1992619421206,0.75,0.045257796666376,0.106382978723404,0.0139627115807092,0.0354800937603868,0.35
LIRCMOP5_BC,2,188,48,1,0.48,48,0,0.00439526721720256,0.0123049809451005,48,20,3,0.00251269434120295,66.6666666666667,0.501969684649613,1.13265097253159,0,20,0,20,2,0.416666666666667,0.00473820987720934,0.0185112643479335,0,0.0248382679384169,33.3719473479378,0.8,0.0467784238152259,0.0625,0.0158559823188449,0.0257782860015422,0.1
LIRCMOP5_BC,2,189,48,1,0.48,48,0,0.00383573447179008,0.0122168742616633,48,20,3,0.00251269434120295,66.6666666666667,0.458995802709083,1.15493321103861,0,20,0,20,3,0.416666666666667,0.00769301093562254,0.0195787495345295,0,0.0294841207934697,39.8449488565213,0.55,0.0101685754280893,0.0833333333333333,0.0103584092693187,0.0307044585972724,0.15
LIRCMOP5_BC,2,190,49,1,0.49,49,0,0.00523040861935744,0.0191056336568021,49,20,3,0.00256504213997801,65.3061224489796,0.543662810223897,1.17429249520604,0,20,0,20,6,0.408163265306122,0.0125824512415173,0.0239289946099585,0,0.027352392911512,36.8566754650796,0.6,0.0199452825053025,0.142857142857143,0.0185368991546468,0.0286956008435836,0.3
LIRCMOP5_BC,2,191,51,1,0.51,51,0,0.00478765435866501,0.0165912118516387,51,20,3,0.00266973773752814,62.7450980392157,0.461546181399988,1.11366597718717,0,20,0,20,5,0.392156862745098,0.0176286695045233,0.0265189637397753,0,0.0410014121387743,54.4457806824747,0.85,0.0344944234461502,0.0588235294117647,0.0262215675551322,0.0420562812503005,0.25
LIRCMOP5_BC,2,192,49,1,0.49,49,0,0.00612518700355888,0.0176950537673325,49,20,3,0.00256504213997801,65.3061224489796,0.543662810223897,1.17361373651122,0,20,0,20,0,0.408163265306122,0.0104797000955084,0.0155654331085851,0,0.025028050361527,33.7246811524936,0.8,0.0259743333496072,0,0.0164486795466387,0.0258857158786808,0
LIRCMOP5_BC,2,193,45,1,0.45,45,0,0.00691201924866569,0.0155630661865084,45,20,3,0.00235565094487777,71.1111111111111,0.55556531509565,1.15163596787601,0,20,0,20,18,0.444444444444444,0.0377301891688691,0.0540263694746961,0,0.0658223447528927,89.1559232919727,0.85,0.497299219340113,0.155555555555556,0.0422620080165241,0.0671890049320847,0.9
LIRCMOP5_BC,2,194,47,1,0.47,47,0,0.00408279377594257,0.010472158987242,47,20,3,0.00246034654242789,68.0851063829787,0.58018179229111,1.17936954359791,0,20,0,20,20,0.425531914893617,0.0628139945033651,0.0905408097254716,0,0.10919901990245,159.919464504519,1,0.492225302519091,0.127659574468085,0.0863017208513334,0.116993308911165,1
LIRCMOP5_BC,2,195,47,1,0.47,47,0,0.0043077403747513,0.0111547190026439,47,20,3,0.00246034654242789,68.0851063829787,0.55556531509565,1.17936954359791,0,20,0,20,17,0.425531914893617,0.0346719033677967,0.0617750981391156,0,0.0619975859361788,90.7940451511705,0.85,0.41464986723688,0.127659574468085,0.0407238950093034,0.0643401711747514,0.85
LIRCMOP5_BC,2,196,49,1,0.49,49,0,0.00574504994202833,0.011816891889292,49,20,3,0.00256504213997801,65.3061224489796,0.543662810223897,1.17361373651122,0,20,0,20,15,0.408163265306122,0.0263000726695298,0.0346080551025366,0,0.0447365066710346,63.1365451787034,0.85,0.460458725399873,0.0816326530612245,0.0362474297720117,0.05214528293215,0.75
LIRCMOP5_BC,2,197,48,1,0.48,48,0,0.00397196573393672,0.0106229806985247,48,20,3,0.00251269434120295,66.6666666666667,0.481342504787824,1.18887387724601,0,20,0,20,20,0.416666666666667,0.07872041809764,0.10000831627544,0,0.115727881429659,169.777277011016,1,0.37667585314283,0.125,0.101767072875872,0.122728102613576,1
LIRCMOP5_BC,2,198,48,1,0.48,48,0,0.00374422542366596,0.0106414855268852,48,20,3,0.00251269434120295,66.6666666666667,0.550895151385056,1.17507853584202,0,20,0,20,20,0.416666666666667,0.0331489245758044,0.0346135490106937,0,0.0390862294277631,51.3042615423024,1,0.122095986724981,0.0416666666666667,0.0407696361648016,0.0428209252201372,1
LIRCMOP5_BC,2,199,49,1,0.49,49,0,0.00362294602764688,0.0105682068011366,49,20,3,0.00256504213997801,65.3061224489796,0.504598718116427,1.08136869284694,0,20,0,20,7,0.408163265306122,0.0184393243242271,0.0230307868774707,0,0.0303577493308137,40.4278692515557,1,0.325334275929458,0.0408163265306122,0.0247909311883559,0.0314465027760916,0.35
LIRCMOP5_BC,2,200,44,1,0.44,44,0,0.00368573514886082,0.0125881442781147,44,20,3,0.00230330314610271,72.7272727272727,0.518181416558178,1.19694913893912,0,20,0,20,9,0.454545454545455,0.0199475708211817,0.0362557686524765,0,0.0549565054674085,69.6980721233694,1,0.138903275224625,0.0454545454545455,0.0409496382577446,0.064453434351168,0.45
LIRCMOP5_BC,2,201,45,1,0.45,45,0,0.00350542176316588,0.010385514770961,45,20,3,0.00235565094487777,71.1111111111111,0.518822301779671,1.15163596787601,0,20,0,20,20,0.444444444444444,0.0841195343852688,0.118727126138089,0,0.140957582611263,181.840227577175,0,-0.163272250491019,0.0444444444444444,0.11011697959263,0.151890334502162,1
LIRCMOP5_BC,2,202,45,1,0.45,45,0,0.00373680116500759,0.0105648696853934,45,20,3,0.00235565094487777,71.1111111111111,0.546224987674462,1.19048038862947,0,20,0,20,20,0.444444444444444,0.0421051941701767,0.0504242220954421,0,0.0686565759812133,88.4546243190263,0.05,-0.0420356485996295,0.0444444444444444,0.0678921649016402,0.0778902347989557,1
LIRCMOP5_BC,2,203,46,1,0.46,46,0,0.00323111602794841,0.00871931351429591,46,20,3,0.00240799874365283,69.5652173913043,0.515842604972745,1.13406914911874,0,20,0,20,6,0.434782608695652,0.0152224474259568,0.0406947602337515,0,0.048908143198006,59.7344415711877,0,-0.182342455689425,0.0434782608695652,0.0312065537457861,0.0509791952542191,0.3
LIRCMOP5_BC,2,204,42,1,0.42,42,0,0.00425525747359375,0.0138523650172972,42,20,3,0.00219860754855258,76.1904761904762,0.522954396804367,1.0182958447264,0,20,0,20,20,0.476190476190476,0.0474038533472355,0.0561403334810603,0,0.0754318287021462,86.2169210171724,0.95,0.0826643491332983,0.142857142857143,0.0622550041976102,0.0879116133162877,1
LIRCMOP5_BC,2,205,45,1,0.45,45,0,0.00412579168343493,0.0123674609787534,45,20,3,0.00235565094487777,71.1111111111111,0.527086491829063,1.06371234213868,0,20,0,20,4,0.444444444444444,0.0110320312335908,0.0268660122255905,0,0.0439011192641844,55.0556420537439,0.95,0.0681084853636617,0.0444444444444444,0.0220977351998725,0.0515571182731269,0.2
LIRCMOP5_BC,2,206,42,1,0.42,42,0,0.00228540841527889,0.00676725726637842,42,20,3,0.00219860754855258,76.1904761904762,0.522313511582874,1.13647273578061,0,20,0,20,20,0.476190476190476,0.0538171795376087,0.0601671652374958,0,0.0751389369113608,103.04644199758,1,0.0274653084910088,0.0476190476190476,0.0701989017595384,0.0783339416292159,1
LIRCMOP5_BC,2,207,46,1,0.46,46,0,0.00290471180678043,0.00908174414483041,46,20,3,0.00240799874365283,69.5652173913043,0.522954396804367,0.998510027334498,0,20,0,20,15,0.434782608695652,0.034810371974909,0.121705762836433,0,0.142749357157674,198.295094119709,1,0.0541221380363984,0.0434782608695652,0.0504786820836644,0.155409215013805,0.75
LIRCMOP5_BC,2,208,43,1,0.43,43,0,0.00346347856907406,0.0104688137201609,43,20,3,0.00225095534732764,74.4186046511628,0.527086491829063,1.12097316995997,0,20,0,20,19,0.465116279069767,0.0552150743917917,0.125628283933829,0,0.136937586938032,156.747192590545,0.9,0.0518366288859047,0.232558139534884,0.0580368303862431,0.147980335001559,0.95
LIRCMOP5_BC,2,209,44,1,0.44,44,0,0.00321682307548584,0.00885129096591366,44,20,3,0.00230330314610271,72.7272727272727,0.511069624726556,1.15552040995135,0,20,0,20,20,0.454545454545455,0.114538602839191,0.15582863456554,0,0.160197620893419,209.254585030896,1,0.0338166731993057,0.0454545454545455,0.117163326485958,0.16696362340305,1
LIRCMOP5_BC,2,210,40,1,0.4,40,0,0.0035500772055454,0.0106766327078599,40,20,3,0.00209391195100246,80,0.509998200948284,1.13247171917848,0,20,0,20,14,0.5,0.0598903150384014,0.103858186803889,0,0.125280476500832,143.192828986242,0.9,0.0516863527158876,0.225,0.0740204502610746,0.127524045018451,0.7
LIRCMOP5_BC,2,211,48,1,0.48,48,0,0.00310041921917464,0.00912787170203619,48,20,3,0.00251269434120295,66.6666666666667,0.516469107558413,1.09893551160421,0,20,0,20,4,0.416666666666667,0.00882356102047938,0.0217169104069595,0,0.0326752868911601,44.8112815244679,1,0.0609668139445759,0.0416666666666667,0.0227542744041394,0.034092483334184,0.2
LIRCMOP5_BC,2,212,47,1,0.47,47,0,0.00309538619894725,0.00819694224697884,47,20,3,0.00246034654242789,68.0851063829787,0.442131096917066,0.977254817297365,0,20,0,20,16,0.425531914893617,0.0216731712097727,0.0263160146559371,0,0.0721793604235001,99.9789676115769,1,0.0375807632687583,0.0425531914893617,0.062077696196305,0.0739474307730004,0.8
LIRCMOP5_BC,2,213,47,1,0.47,47,0,0.0028617897932237,0.00782405021117709,47,20,3,0.00246034654242789,68.0851063829787,0.517540531336685,1.20749732588869,0,20,0,20,20,0.425531914893617,0.0847771343069243,0.100251451366756,0,0.123681888912692,173.825509211356,1,0.0490144920673891,0.0425531914893617,0.0872769123313305,0.130476665189413,1
LIRCMOP5_BC,2,214,46,1,0.46,46,0,0.00347609038870982,0.0099855187196409,46,20,3,0.00240799874365283,69.5652173913043,0.497483484583296,1.19893865966496,0,20,0,20,20,0.434782608695652,0.0808623403542598,0.0836284868151778,0,0.0888227661480553,116.724059152597,1,0.0810471053239281,0.0434782608695652,0.083986867387024,0.096155061106635,1
LIRCMOP5_BC,2,215,50,1,0.5,50,0,0.00346139712463304,0.00902275202673341,50,20,3,0.00261738993875308,64,0.509998200948284,1.16738506793641,0,20,0,20,7,0.4,0.0171875573994067,0.0239760036257648,0,0.0330607404209977,49.154188697021,0.65,0.0130497299606866,0.04,0.0256737176895687,0.0342097163956886,0.35
LIRCMOP5_BC,2,216,42,1,0.42,42,0,0.00328530409259371,0.00776776824506484,42,20,3,0.00219860754855258,76.1904761904762,0.470296460933658,1.12026140925617,0,20,0,20,2,0.476190476190476,0.0107141524487021,0.0217295884380727,0,0.0350026570881034,39.5001678292715,0.85,0.040986841595848,0.0476190476190476,0.0186329472153374,0.037244521664756,0.1
LIRCMOP5_BC,2,217,46,1,0.46,46,0,0.00264108937707744,0.00649017797300794,46,20,3,0.00240799874365283,69.5652173913043,0.509998200948284,0.970251914322184,0,20,0,20,2,0.434782608695652,0.004468663079229,0.0130595131446625,0,0.0218565043185592,29.5369600082568,1,0.0583448451297306,0.0434782608695652,0.0148883585567358,0.0233467991971616,0.1
LIRCMOP5_BC,2,218,46,1,0.46,46,0,0.00321573057612574,0.0124163251675165,46,20,3,0.00240799874365283,69.5652173913043,0.496934379448351,1.13416928680659,0,20,0,20,13,0.434782608695652,0.0237794929366449,0.0316483377774465,0,0.0557671322656445,73.199476672686,0.75,0.0657915701951581,0.0434782608695652,0.0428714631313982,0.0589625124591131,0.65
LIRCMOP5_BC,2,219,6,1,0.06,6,0,0.00240137523665637,0.009384914933901,6,20,3,0.000314086792650369,100,0.142207811616159,0.340567382036333,0,20,0,20,20,3.33333333333333,0.0499470159779935,0.0545872024937646,0,0.0803421663615471,60.4211794602513,0.05,-0.0838879465897513,0.333333333333333,0.0763262734014736,0.0817300119886096,1
LIRCMOP5_BC,2,220,8,1,0.08,8,0,0.00430850732590606,0.0130830215401308,8,20,3,0.000418782390200492,100,0.0897345967363846,0.321652056865209,0,20,0,20,20,2.5,0.104687307308676,0.113746729363367,0,0.151976499969353,114.293649203665,0.65,0.033499257195313,0.25,0.142574158667381,0.153092403591865,1
LIRCMOP5_BC,2,221,5,1,0.05,5,0,0.00207890592088821,0.00285115403476467,5,20,3,0.000261738993875308,100,0.104575701585652,0.350025044621895,0,20,0,20,20,4,0.108335255112998,0.12991719960647,0,0.12991719960647,166.080596859568,0.85,0.0368553924708117,0.4,0.111412923064146,0.130535493970439,1
LIRCMOP5_BC,2,222,9,1,0.09,9,0,0.00476283938012602,0.0112062539882815,9,20,3,0.000471130188975554,100,0.101198102984079,0.312194394279646,0,20,0,20,20,2.22222222222222,0.0751212756162365,0.084416184981913,0,0.143290353773878,153.338035135491,0,-0.0910719942694387,0.222222222222222,0.135256259582222,0.145464840309613,1
LIRCMOP5_BC,2,223,11,1,0.11,11,0,0.00419030147236096,0.00953846385052229,11,20,3,0.000575825786525677,100,0.101198102984079,0.29425011407623,0,20,0,20,20,1.81818181818182,0.165027415055377,0.171680510243025,0,0.231539738813142,249.258096441735,0.05,-0.0889317663039699,0.181818181818182,0.226895538314986,0.234200419906402,1
LIRCMOP5_BC,2,224,9,1,0.09,9,0,0.00254213135225124,0.00866391076089644,9,20,3,0.000471130188975554,100,0.0791809190195255,0.297659321306842,0,20,0,20,20,2.22222222222222,0.0528805738854423,0.0648269678731155,0,0.123726675348432,133.194741146802,1,0.00475009389784925,0.222222222222222,0.113136013256344,0.125983481042476,1
LIRCMOP5_BC,2,225,8,1,0.08,8,0,0.00270096278900749,0.00719827253314674,8,20,3,0.000418782390200492,100,0.0717505833781875,0.285675131264293,0,20,0,20,20,2.5,0.0668432475518683,0.075908519382995,0,0.101872460108619,322.505341792816,1,0.00944303484737097,0.25,0.0941659422091441,0.103461385994042,1
LIRCMOP5_BC,2,226,8,1,0.08,8,0,0.00143047586466676,0.00217054971513437,8,20,3,0.000418782390200492,100,0.078134407456719,0.138662607849228,0,20,0,20,20,2.5,0.113432590156087,0.131031079296162,0,0.158063664516555,646.715823244978,0,-0.00137507235498546,0.25,0.141577461960218,0.159800190491431,1
LIRCMOP5_BC,2,227,8,1,0.08,8,0,0.00191910134696757,0.00335430939974645,8,20,3,0.000418782390200492,100,0.0565947441668659,0.138662607849228,0,20,0,20,0,2.5,0.0139568914919254,0.020117624983834,0,0.0395838309649131,161.956828648514,0,-0.00330166533488058,0,0.030464791057402,0.0404671433740428,0
LIRCMOP5_BC,2,228,12,1,0.12,12,0,0.00199265605907222,0.0041504332359681,12,20,3,0.000628173585300738,100,0.0777252851924039,0.137898692829804,0,20,0,20,7,1.66666666666667,0.0180328655245964,0.0266237449023048,0,0.0775622770061166,294.103186268148,1,0.003644056681957,0.166666666666667,0.0352978188401479,0.0799480287532285,0.35
LIRCMOP5_BC,2,229,9,1,0.09,9,0,0.00278023090782953,0.00542063986351117,9,20,3,0.000471130188975554,100,0.0715522174635173,0.130212967280271,0,20,0,20,6,2.22222222222222,0.0228756276031877,0.0250653106361514,0,0.0494627739945545,6.33213841705092,1,0.00127638693138049,0.222222222222222,0.0369286168419465,0.0499564180338329,0.3
LIRCMOP5_BC,2,230,10,1,0.1,10,0,0.00316367879136197,0.00479985966463249,10,20,3,0.000523477987750615,100,0.0925996056772478,0.132314854556623,0,20,0,20,1,2,0.00972003820770676,0.0117331620519494,0,0.0338647072385476,101.145684509826,0.95,0.00494757902547424,0.2,0.022250901315161,0.0374776121709382,0.05
LIRCMOP5_BC,2,231,10,1,0.1,10,0,0.00233107741129322,0.00745523753395346,10,20,3,0.000523477987750615,100,0.0750565302576473,0.122341180795165,0,20,0,20,2,2,0.00751633861500807,0.0120273524312175,0,0.0254430688441488,60.0911720215923,0.05,-0.000664032957018196,0.2,0.0204094179739102,0.0295975913123217,0.1
LIRCMOP5_BC,2,232,10,1,0.1,10,0,0.00203537533895407,0.00336879402713791,10,20,3,0.000523477987750615,100,0.0802386248630511,0.122341180795165,0,20,0,20,0,2,0.00476765655028515,0.00678817349756263,0,0.0148630386183499,54.5688873140944,0.35,-0.00193365055997266,0,0.0124318063788126,0.0187529252749202,0
LIRCMOP5_BC,2,233,11,1,0.11,11,0,0.0018608858419622,0.00361217826635294,11,20,3,0.000575825786525677,100,0.066869322255818,0.143469112584594,0,20,0,20,0,1.81818181818182,0.00354991483616189,0.00905722119839022,0,0.0144178164530422,56.437159017264,0.6,0.000787074408932997,0,0.00946182958396711,0.0149715606461351,0
LIRCMOP5_BC,2,234,9,1,0.09,9,0,0.00164962538927738,0.00566606760115204,9,20,3,0.000471130188975554,100,0.066869322255818,0.135287896291789,0,20,0,20,0,2.22222222222222,0.00495490916785634,0.00955987231814319,0,0.0126895196494888,37.4228450538929,0.75,0.00132826759401239,0,0.0111692065987373,0.0132769198301331,0
LIRCMOP5_BC,2,235,11,1,0.11,11,0,0.00154383539708011,0.00513734018784632,11,20,3,0.000575825786525677,100,0.073591431639931,0.134983467177101,0,20,0,20,0,1.81818181818182,0.00374133532724903,0.00527207084814599,0,0.0160086549601139,59.1996737953686,0.5,-0.000446237089933549,0,0.00520557068070557,0.0166391237529183,0
LIRCMOP5_BC,2,236,11,1,0.11,11,0,0.00185949234659939,0.00657560567135805,11,20,3,0.000575825786525677,100,0.073591431639931,0.17095421596917,0,20,0,20,2,1.81818181818182,0.00417029561121616,0.00845690271790552,0,0.025148756215904,104.737586588172,0,-0.045688553077099,0.181818181818182,0.0226599949337944,0.0278048952643025,0.1
LIRCMOP5_BC,2,237,12,1,0.12,12,0,0.00178025945329261,0.00510899067760902,12,20,3,0.000628173585300738,100,0.0847394255649682,0.182986936280247,0,20,0,20,0,1.66666666666667,0.00606145265101528,0.00742381180364213,0,0.0196032680178964,80.2065652043515,0.35,-0.0205202519494612,0,0.0122343344937254,0.0209102449961388,0
LIRCMOP5_BC,2,238,11,1,0.11,11,0,0.00192555682301343,0.00454400102857696,11,20,3,0.000575825786525677,100,0.0825930330437652,0.162933192656857,0,20,0,20,0,1.81818181818182,0.00374131103038991,0.00545484434171207,0,0.0224354424504055,78.1782640432027,0.5,-0.00312226635972368,0,0.0069381408746155,0.0230679392575327,0
LIRCMOP5_BC,2,239,12,1,0.12,12,0,0.00183848662328317,0.00495985220981361,12,20,3,0.000628173585300738,100,0.0754456637658732,0.151616724971472,0,20,0,20,8,1.66666666666667,0.00693654607014361,0.00889671757890883,0,0.0295952038519907,101.968141363327,0.25,-0.0304210965227119,0.166666666666667,0.0177603200075256,0.0302463053855794,0.4
LIRCMOP5_BC,2,240,14,1,0.14,14,0,0.00227613727011623,0.0107163840242394,14,20,3,0.000732869182850861,100,0.0902416743289274,0.163380255739204,0,20,0,20,1,1.42857142857143,0.0118631929900044,0.0139729422029031,0,0.0456507114722275,173.346589887273,0.3,-0.0222927516196824,0.142857142857143,0.0335469261707086,0.0462858690921724,0.05
LIRCMOP5_BC,2,241,13,1,0.13,13,0,0.00213266898416106,0.00556525192538515,13,20,3,0.0006805213840758,100,0.0741291269229505,0.126498432849946,0,20,0,20,0,1.53846153846154,0.00388647089236676,0.00525866593901553,0,0.013321422333761,62.823888828229,0.25,-0.0292328728725099,0,0.00838942295290111,0.0141581972176427,0
LIRCMOP5_BC,2,242,17,1,0.17,17,0,0.00307313025490696,0.0258246973395207,17,20,3,0.000889912579176046,100,0.100315115761664,0.162189665573764,0,20,0,20,0,1.17647058823529,0.00299681173006447,0.00416540783520504,0,0.0171778820343488,32.7813273201414,0.4,-0.0123957271621484,0,0.00436007623446507,0.0178372974617822,0
LIRCMOP5_BC,2,243,18,1,0.18,18,0,0.00224235583272368,0.0140616250473896,18,20,3,0.000942260377951107,100,0.101042456899685,0.169393394077586,0,20,0,20,1,1.11111111111111,0.00813314566208282,0.0111485690075601,0,0.0411911815478448,137.299884480201,0.35,-0.0176318605880314,0.111111111111111,0.0178201443915463,0.0417235629350707,0.05
LIRCMOP5_BC,2,244,16,1,0.16,16,0,0.0018418385773305,0.015132661002803,16,20,3,0.000837564780400984,100,0.0977689254383019,0.162661259480257,0,20,0,20,1,1.25,0.00738084809414011,0.0107568874877511,0,0.032130606369357,92.3699313766036,0.2,-0.0393800754508665,0.125,0.01754900511589,0.0330577319100051,0.05
LIRCMOP5_BC,2,245,19,1,0.19,19,0,0.00311074329182263,0.0145911948681542,19,20,3,0.000994608176726169,100,0.101769798037707,0.181440477875364,0,20,0,20,1,1.05263157894737,0.00408471057767702,0.00575880962319477,0,0.0236546641829805,42.8580208487661,1,0.0121441291961699,0.105263157894737,0.00487633569776341,0.0243822245872987,0.05
LIRCMOP5_BC,2,246,20,1,0.2,20,0,0.00347331614817956,0.0202729964678036,20,20,3,0.00104695597550123,100,0.0990069741546721,0.180216664844004,0,20,0,20,0,1,0.00239215327809565,0.00317638911159416,0,0.0106867298624245,14.2866975662999,1,0.0204673944668464,0,0.00723633345571192,0.0114222950644743,0
LIRCMOP5_BC,2,247,23,1,0.23,23,0,0.00360272264626734,0.0299040106166825,23,20,3,0.00120399937182641,100,0.113287477147044,0.187999026135418,0,20,0,20,0,0.869565217391304,0.00329031233136147,0.00428408076655768,0,0.0177896582714571,15.2232568381151,0.8,0.00354657621104162,0,0.00802258214575612,0.0189237666482821,0
LIRCMOP5_BC,2,248,23,1,0.23,23,0,0.00360746509387824,0.016269712999569,23,20,3,0.00120399937182641,100,0.144621504370543,0.198154380743954,0,20,0,20,0,0.869565217391304,0.00505531934283836,0.00952358087115561,0,0.0169352617829756,18.3319790533919,0.35,-0.00426921292503929,0,0.0123280371116725,0.0175653097091071,0
LIRCMOP5_BC,2,249,21,1,0.21,21,0,0.004345150494415,0.0207936455644959,21,20,3,0.00109930377427629,100,0.101769798037707,0.167107751483846,0,20,0,20,0,0.952380952380952,0.00332423818981759,0.00613545665759515,0,0.0227003108787518,43.6042022538861,0.1,-0.0129567023455708,0,0.0220346527718309,0.02434450768533,0
LIRCMOP5_BC,2,250,20,1,0.2,20,0,0.00430488801419118,0.0235823516850284,20,20,3,0.00104695597550123,100,0.112983227697168,0.148237934169692,0,20,0,20,0,1,0.00201748890325317,0.00332871282984435,0,0.0113727644057787,9.35074550470424,0.2,-0.0102948687184303,0,0.0112397085320202,0.0126668328100915,0
LIRCMOP5_BC,2,251,20,1,0.2,20,0,0.00370054604649019,0.0227279864534505,20,20,3,0.00104695597550123,100,0.11271538085756,0.183658417455239,0,20,0,20,6,1,0.00417511911582823,0.00716174820596644,0,0.0339887054758093,27.9456888051907,0.6,0.00469955949709655,0.1,0.0178636884728495,0.0350698046994579,0.3
LIRCMOP5_BC,2,252,20,1,0.2,20,0,0.00486302990362738,0.0188405701725559,20,20,3,0.00104695597550123,100,0.112600675599376,0.167546754866963,0,20,0,20,0,1,0.00246975784289408,0.00443341998512896,0,0.0202639034051514,18.8392236525443,0.7,0.0104921917769635,0,0.00892060492635553,0.0218247818170368,0
LIRCMOP5_BC,2,253,19,1,0.19,19,0,0.00252936337156404,0.010316153254286,19,20,3,0.000994608176726169,100,0.102076736479479,0.181525480403378,0,20,0,20,1,1.05263157894737,0.00787274504261156,0.0128945562490235,0,0.0469277703119529,69.8616944341479,0.6,0.00310087515268312,0.105263157894737,0.0296029680493124,0.0485155244099607,0.05
LIRCMOP5_BC,2,254,18,1,0.18,18,0,0.00278686624909117,0.0115290697657006,18,20,3,0.000942260377951107,100,0.104917198096131,0.190271283237213,0,20,0,20,0,1.11111111111111,0.00505023862257131,0.00867354851481632,0,0.0196355395517885,30.996417545782,0.45,-0.000951924433828577,0,0.0153684745230333,0.0206246083144045,0
LIRCMOP5_BC,2,255,17,1,0.17,17,0,0.00255871969518652,0.010100120159167,17,20,3,0.000889912579176046,100,0.102076736479479,0.185417031580141,0,20,0,20,0,1.17647058823529,0.00293786220532646,0.00505665513566242,0,0.0199785086719511,34.1490886199997,0.65,0.00621770348386602,0,0.00685029969912224,0.0213424142277338,0
LIRCMOP5_BC,2,256,16,1,0.16,16,0,0.0029224645075561,0.00995737454323593,16,20,3,0.000837564780400984,100,0.119243895615451,0.202824287627959,0,20,0,20,0,1.25,0.00262836239880393,0.00562778410013049,0,0.0205608304131366,46.5873958985175,0.7,0.00909147250472003,0,0.00850357143051636,0.0221227907757859,0
LIRCMOP5_BC,2,257,17,1,0.17,17,0,0.0027070973761528,0.00842731164625879,17,20,3,0.000889912579176046,100,0.131058447627988,0.199220129490111,0,20,0,20,0,1.17647058823529,0.00237282045231354,0.0059035525217485,0,0.018082357091153,49.2749324635473,0.7,0.0081100592171002,0,0.00890821046823627,0.0195674724101348,0
LIRCMOP5_BC,2,258,14,1,0.14,14,0,0.00273206706091388,0.00896502276149284,14,20,3,0.000732869182850861,100,0.126688242445201,0.212919502300214,0,20,0,20,0,1.42857142857143,0.00376757070366954,0.00828483677727412,0,0.0147714564785046,18.2314908215547,0.75,0.0130726151179797,0,0.0099272865834472,0.0165551848673606,0
LIRCMOP5_BC,2,259,14,1,0.14,14,0,0.00286767952733837,0.00458552309856604,14,20,3,0.000732869182850861,100,0.0980529958954904,0.196001318873904,0,20,0,20,0,1.42857142857143,0.00376989022448481,0.00613565568440748,0,0.0145717333426814,42.9047918899918,0.6,0.00333999504656851,0,0.0142646970878529,0.0164980490747262,0
LIRCMOP5_BC,2,260,16,1,0.16,16,0,0.00316223855557667,0.00623524840360725,16,20,3,0.000837564780400984,100,0.10408845040324,0.193876634729485,0,20,0,20,0,1.25,0.00229093491514458,0.00492277163434439,0,0.0118370573066131,29.3729337790064,0.5,0.000465691596872014,0,0.00604091240318334,0.0127602387454478,0
LIRCMOP5_BC,2,261,14,1,0.14,14,0,0.0031260555106644,0.00990134796684913,14,20,3,0.000732869182850861,100,0.0953250784402884,0.196001318873904,0,20,0,20,0,1.42857142857143,0.00197142294600328,0.00630236630958145,0,0.0111565516710195,10.3571277012664,0.8,0.0167618929059161,0,0.00651369731665638,0.0118265281665591,0
LIRCMOP5_BC,2,262,13,1,0.13,13,0,0.00338218299144913,0.0104147085621491,13,20,3,0.0006805213840758,100,0.113927277725572,0.229891779255313,0,20,0,20,0,1.53846153846154,0.00410562175391848,0.00683457188784114,0,0.0117448608211915,6.51729056896226,0.9,0.0126713706401927,0,0.00972518104650643,0.0137471187062077,0
LIRCMOP5_BC,2,263,14,1,0.14,14,0,0.00372267095065766,0.0108977557132067,14,20,3,0.000732869182850861,100,0.100259455213378,0.221076609753083,0,20,0,20,0,1.42857142857143,0.00358122024919198,0.00614546364908079,0,0.016067394709186,17.3458574389567,0.75,0.0137944606031258,0,0.00924064424500498,0.0176836850633858,0
LIRCMOP5_BC,2,264,14,1,0.14,14,0,0.0048610792929906,0.0167844004439373,14,20,3,0.000732869182850861,100,0.11725835495618,0.239061501553403,0,20,0,20,0,1.42857142857143,0.00296547099410828,0.0055826399345817,0,0.0127055385545871,17.6134028701982,0.55,0.00649911449051269,0,0.00580623692456741,0.0140380772361742,0
LIRCMOP5_BC,2,265,15,1,0.15,15,0,0.00367661084779304,0.0101168095787452,15,20,3,0.000785216981625923,100,0.108898719131008,0.212261440250853,0,20,0,20,0,1.33333333333333,0.00354494819045106,0.00569461053593778,0,0.0121048003022145,22.8551311915335,0.65,0.0126488113564686,0,0.00835696054516136,0.0131147626538878,0
LIRCMOP5_BC,2,266,15,1,0.15,15,0,0.00345746877418405,0.0123885317737843,15,20,3,0.000785216981625923,100,0.108898719131008,0.294793955930477,0,20,0,20,0,1.33333333333333,0.00324753315832758,0.00819647514093315,0,0.021076194275584,33.1215380089837,0.55,0.00666292591938092,0,0.0110565155727392,0.0222137172865317,0
LIRCMOP5_BC,2,267,17,1,0.17,17,0,0.00394559395695533,0.0136703482211468,17,20,3,0.000889912579176046,100,0.116885080051642,0.255777283738175,0,20,0,20,0,1.17647058823529,0.00408705765663134,0.00801163964896923,0,0.014226217213618,28.1533970791134,0.65,0.0135784125021315,0,0.0116941875383317,0.0161135134233629,0
LIRCMOP5_BC,2,268,15,1,0.15,15,0,0.00366832932585487,0.0121021175859135,15,20,3,0.000785216981625923,100,0.108898719131008,0.245762112486781,0,20,0,20,2,1.33333333333333,0.00560840780860318,0.00958235555146263,0,0.0258730255256696,56.3559690651203,0.55,0.00810416708941826,0.133333333333333,0.0137626907920907,0.0279103179103651,0.1
LIRCMOP5_BC,2,269,14,1,0.14,14,0,0.00314838025890021,0.00804677141851823,14,20,3,0.000732869182850861,100,0.107848299498346,0.190227784205754,0,20,0,20,0,1.42857142857143,0.00548567811355432,0.00875282490732458,0,0.0191715923664161,34.7751387254079,0.85,0.00934063429172904,0,0.0129698832284372,0.0211589375185561,0
LIRCMOP5_BC,2,270,19,1,0.19,19,0,0.00377694980591145,0.0083870844222353,19,20,3,0.000994608176726169,100,0.130325786789636,0.177902412077886,0,20,0,20,0,1.05263157894737,0.00468298887929552,0.00794100025120102,0,0.0159066613274234,34.6474869283543,0.4,-0.00512227864393003,0,0.0109270871494014,0.0165720401516867,0
LIRCMOP5_BC,2,271,21,1,0.21,21,0,0.00302380736697425,0.00967127938696973,21,20,3,0.00109930377427629,100,0.115866173993008,0.187194360995084,0,20,0,20,0,0.952380952380952,0.00526333577775968,0.0080109928759479,0,0.0180609061983041,25.722957769068,0.3,-0.0201445138600164,0,0.0112104613089913,0.0187364627674317,0
LIRCMOP5_BC,2,272,20,1,0.2,20,0,0.00357818364057475,0.0130104455725392,20,20,3,0.00104695597550123,100,0.113615296561984,0.183093376435046,0,20,0,20,0,1,0.00406636955489546,0.00793127541716699,0,0.015970792300443,14.9917615518868,0.55,0.01267644445464,0,0.00924749375176566,0.0163610924487376,0
LIRCMOP5_BC,2,273,20,1,0.2,20,0,0.0029982743535004,0.0116087217646168,20,20,3,0.00104695597550123,100,0.11595028221322,0.183093376435046,0,20,0,20,0,1,0.00419300930935376,0.00766926017711849,0,0.0168223454843613,15.7911133962971,0.2,-0.0302099440919255,0,0.0135847063024899,0.0174873506035707,0
LIRCMOP5_BC,2,274,19,1,0.19,19,0,0.00358299668286589,0.0135609788851022,19,20,3,0.000994608176726169,100,0.116034390433433,0.172233233329729,0,20,0,20,0,1.05263157894737,0.00430674056743993,0.0073130838937926,0,0.0154300349466008,12.9481487667816,0.6,0.0124686030934643,0,0.00878119782851528,0.0167217971326424,0
LIRCMOP5_BC,2,275,20,1,0.2,20,0,0.00364319238626867,0.013207091613609,20,20,3,0.00104695597550123,100,0.12646031708455,0.236404633959024,0,20,0,20,0,1,0.00657240088839704,0.0142857624977312,0,0.0169270057044859,15.8893578061271,0.7,0.0112448479905618,0,0.0134315320031349,0.0185518150623867,0
LIRCMOP5_BC,2,276,23,1,0.23,23,0,0.00385614214006601,0.0127510251554643,23,20,3,0.00120399937182641,100,0.124116751244864,0.240428685379145,0,20,0,20,0,0.869565217391304,0.004872213200526,0.00851818738373952,0,0.0157714895615112,19.1380355997365,0.55,0.0142773522722224,0,0.0118385948169054,0.0162070998020506,0
LIRCMOP5_BC,2,277,21,1,0.21,21,0,0.00302551883390513,0.0126925432802095,21,20,3,0.00109930377427629,100,0.120589432186788,0.209769015715798,0,20,0,20,0,0.952380952380952,0.00350698508682749,0.0064200372452155,0,0.0142557503167908,23.0557342590581,0.95,0.0348572082003615,0,0.00631835033626438,0.0152085818485734,0
LIRCMOP5_BC,2,278,17,1,0.17,17,0,0.00302706646466664,0.0101789017615935,17,20,3,0.000889912579176046,100,0.120589432186788,0.204307195417071,0,20,0,20,0,1.17647058823529,0.00354784594601138,0.0128272167573615,0,0.0196333911557837,31.9261094986584,0.75,0.0265712649396678,0,0.00589838198136546,0.0208412635826532,0
LIRCMOP5_BC,2,279,20,1,0.2,20,0,0.00406319650832167,0.00994747799861112,20,20,3,0.00104695597550123,100,0.122533772381964,0.229424416471911,0,20,0,20,0,1,0.0023951531454683,0.00507670926951772,0,0.0111834023854104,21.0149150359838,1,0.0223582905098135,0,0.00538406484604241,0.0122212960947566,0
LIRCMOP5_BC,2,280,22,1,0.22,22,0,0.00318432155034666,0.00845001527708148,22,20,3,0.00115165157305135,100,0.141669096279552,0.262300634834199,0,20,0,20,0,0.909090909090909,0.0019529835815108,0.0030988262566131,0,0.0120223099774856,27.8914867363915,0.95,0.0222680928750652,0,0.00664418564259087,0.0129622194520588,0
LIRCMOP5_BC,2,281,23,1,0.23,23,0,0.00284722695669592,0.00855975742404975,23,20,3,0.00120399937182641,100,0.121205925704441,0.283325244919657,0,20,0,20,0,0.869565217391304,0.0014619101664106,0.0029584582389341,0,0.0104409252111045,20.4308795704465,1,0.0328903884606543,0,0.00625888355348193,0.011170146617271,0
LIRCMOP5_BC,2,282,23,1,0.23,23,0,0.00427559087589404,0.0146281699504417,23,20,3,0.00120399937182641,100,0.11771042318244,0.256802627968412,0,20,0,20,0,0.869565217391304,0.00342465417971758,0.00616177937635225,0,0.0116080764717219,14.3836037608416,1,0.015566068618776,0,0.00782394762788425,0.01226132374858,0
LIRCMOP5_BC,2,283,23,1,0.23,23,0,0.00422999220800499,0.0122095120720235,23,20,3,0.00120399937182641,100,0.115866173993008,0.283325244919657,0,20,0,20,0,0.869565217391304,0.00232262980135024,0.00354770315475035,0,0.019625979200931,25.8853271944557,0.95,0.0129350648556011,0,0.00565418017921543,0.0201260518474885,0
LIRCMOP5_BC,2,284,22,1,0.22,22,0,0.0028953004167631,0.0110974487079302,22,20,3,0.00115165157305135,100,0.112189473625685,0.357981502211965,0,20,0,20,1,0.909090909090909,0.00240979287136578,0.00383247313790976,0,0.0181861060370518,26.5361932695162,0.95,0.0297725762445433,0.0909090909090909,0.00527656033834077,0.0186114123353028,0.05
LIRCMOP5_BC,2,285,21,1,0.21,21,0,0.00274230885435371,0.00835314702298976,21,20,3,0.00109930377427629,100,0.120589432186788,0.259258158363938,0,20,0,20,0,0.952380952380952,0.0013848692409418,0.00229651090073565,0,0.0104150286721428,14.8270129375753,0.95,0.0287948276826259,0,0.00437838932239611,0.0110230817136095,0
LIRCMOP5_BC,2,286,23,1,0.23,23,0,0.00351575418262792,0.0111127326555733,23,20,3,0.00120399937182641,100,0.123929199481644,0.32539440355581,0,20,0,20,1,0.869565217391304,0.00190586861334456,0.00285501816857449,0,0.0160342071406641,22.8265715056813,0.85,0.0266942176420955,0.0869565217391304,0.0050329194381318,0.0165688314229472,0.05
LIRCMOP5_BC,2,287,26,1,0.26,26,0,0.00481889800680227,0.019252404965895,26,20,3,0.0013610427681516,100,0.11940989710116,0.317202097939217,0,20,0,20,0,0.769230769230769,0.00270009084751078,0.00556749709490848,0,0.0128338861082505,17.8362371979826,0.95,0.0291478513706469,0,0.00722714681332142,0.0146826559017251,0
LIRCMOP5_BC,2,288,23,1,0.23,23,0,0.00281131471495066,0.00705195324286572,23,20,3,0.00120399937182641,100,0.115866173993008,0.31761363913797,0,20,0,20,0,0.869565217391304,0.00318674736164376,0.00484006601117388,0,0.0187695688124147,31.6358635712407,0.95,0.0204985605124955,0,0.00630169128095269,0.019263737493252,0
LIRCMOP5_BC,2,289,27,1,0.27,27,0,0.00460678940916065,0.0156932430329454,27,20,3,0.00141339056692666,100,0.154833396936551,0.318976234274814,0,20,0,20,0,0.740740740740741,0.002815689451044,0.00759226792083521,0,0.0110781013855756,16.3780204380911,0.7,0.013115633081009,0,0.00688282086302537,0.0161580643340179,0
LIRCMOP5_BC,2,290,26,1,0.26,26,0,0.00373504626472446,0.00892926733638565,26,20,3,0.0013610427681516,100,0.151883908707473,0.324163832056796,0,20,0,20,0,0.769230769230769,0.0020133820645635,0.00862722873428502,0,0.0102050851264677,15.2892297576324,0.5,0.000595057286166129,0,0.00765751758828719,0.016952406090299,0
LIRCMOP5_BC,2,291,28,1,0.28,28,0,0.00378005710411795,0.00776822698433754,28,20,3,0.00146573836570172,100,0.129766049782022,0.32353474825721,0,20,0,20,0,0.714285714285714,0.00196572607678355,0.00512770432231842,0,0.00603071696019312,10.4022679596585,0.3,-0.0112456158475578,0,0.0032445208212086,0.0103152979434651,0
LIRCMOP5_BC,2,292,28,1,0.28,28,0,0.00377311459727288,0.0116264837571394,28,20,3,0.00146573836570172,100,0.123982457264769,0.352871341218764,0,20,0,20,0,0.714285714285714,0.00241520228381094,0.00769396795443152,0,0.00794114968689338,13.4156355830022,0.4,-0.0045564595694655,0,0.00653909651355137,0.0183979517763633,0
LIRCMOP5_BC,2,293,28,1,0.28,28,0,0.00301852451845419,0.0112974289092932,28,20,3,0.00146573836570172,100,0.118227803089898,0.338759990745547,0,20,0,20,0,0.714285714285714,0.00287370345592596,0.00537817110002844,0,0.00741870106467656,12.796375107098,0.6,0.00382911742600331,0,0.00633700847500919,0.0100886255195565,0
LIRCMOP5_BC,2,294,27,1,0.27,27,0,0.00355406735405556,0.0136239014295608,27,20,3,0.00141339056692666,100,0.115866173993008,0.356810998441632,0,20,0,20,0,0.740740740740741,0.00433929440753169,0.0130825910022058,0,0.0143898097753888,23.9057841283104,0.7,0.0398846989200266,0,0.00788016708205862,0.0159107577384753,0
LIRCMOP5_BC,2,295,28,1,0.28,28,0,0.00384151289925247,0.0112698771820972,28,20,3,0.00146573836570172,100,0.119957457108307,0.352871341218764,0,20,0,20,0,0.714285714285714,0.00498904973280818,0.0159186887375375,0,0.0159186887375375,26.8927467032282,0.95,0.0328327761890111,0,0.00741553125730934,0.0196111963356219,0
LIRCMOP5_BC,2,296,29,1,0.29,29,0,0.00325964346520751,0.0113328424823943,29,20,3,0.00151808616447678,100,0.124919914769758,0.32805702698958,0,20,0,20,0,0.689655172413793,0.00719004224170416,0.01973145348121,0,0.01973145348121,33.5725436373937,0.9,0.0362571478322737,0,0.00971628107068222,0.020867271448019,0
LIRCMOP5_BC,2,297,27,1,0.27,27,0,0.00401668299690999,0.0117570139801503,27,20,3,0.00141339056692666,100,0.135867737965046,0.331689555733099,0,20,0,20,0,0.740740740740741,0.00500168643233864,0.0156446876923713,0,0.0156446876923713,24.5806415377687,0.95,0.0327827277655119,0,0.00703222300562682,0.0169628991212383,0
LIRCMOP5_BC,2,298,25,1,0.25,25,0,0.00378892126077647,0.0118902305615295,25,20,3,0.00130869496937654,100,0.126757727625197,0.406834195202857,0,20,0,20,0,0.8,0.00899727379057732,0.0237990378525628,0,0.0251064805261999,36.0679206144715,0.75,0.0183706139217046,0,0.00913801261378331,0.0269232966156394,0
LIRCMOP5_BC,2,299,29,1,0.29,29,0,0.00379633804410921,0.0110255880678398,29,20,3,0.00151808616447678,100,0.126561439152023,0.378229350912361,0,20,0,20,0,0.689655172413793,0.00734420970103933,0.0112655870886647,0,0.0118350900089993,17.6582160895715,0.9,0.133564528651746,0,0.0082964297851977,0.0152544852951336,0
LIRCMOP5_BC,2,300,34,1,0.34,34,0,0.00335203713694216,0.0105232018736639,34,20,3,0.00177982515835209,94.1176470588235,0.129012176998717,0.326126916203406,0,20,0,20,0,0.588235294117647,0.00679866103468783,0.0111206374586548,0,0.0111888800411156,25.2842119961445,0.95,0.127013940119275,0,0.00727269238900414,0.0135993532758233,0
LIRCMOP5_BC,2,301,30,1,0.3,30,0,0.00337311514497008,0.0107162629385032,30,20,3,0.00157043396325185,100,0.130014174978061,0.369689727209129,0,20,0,20,1,0.666666666666667,0.00658095714173023,0.0132344094580293,0,0.0132344094580293,27.2224573860722,0.4,-0.0056502653985907,0.0666666666666667,0.006704082822975,0.0135100876840285,0.05
LIRCMOP5_BC,2,302,32,1,0.32,32,0,0.00338211291150922,0.0108722554929007,32,20,3,0.00167512956080197,100,0.15524373712935,0.395445232203705,0,20,0,20,0,0.625,0.0064979186469374,0.0125575970128188,0,0.0127402842831269,29.7443132586189,0.9,0.139615865741851,0,0.0077704930619741,0.0128521078468233,0
LIRCMOP5_BC,2,303,32,1,0.32,32,0,0.00337036496393999,0.0115801624342619,32,20,3,0.00167512956080197,100,0.143807871537402,0.395445232203705,0,20,0,20,0,0.625,0.00799459526663162,0.0182220234557151,0,0.0182220234557151,34.8101115808945,0.8,0.0261226414002382,0,0.00954363430953498,0.0213921886165605,0
LIRCMOP5_BC,2,304,31,1,0.31,31,0,0.00335264643607622,0.00943922267952115,31,20,3,0.00162278176202691,100,0.149503576925002,0.337420457888497,0,20,0,20,0,0.645161290322581,0.00334480372099575,0.00644398418140093,0,0.0066229430946883,12.6183445944932,0.25,-0.0390201782485938,0,0.00510556397343073,0.00770252472521963,0
LIRCMOP5_BC,2,305,29,1,0.29,29,0,0.00309408407603641,0.00670486887287291,29,20,3,0.00151808616447678,100,0.140181657945271,0.292695606973409,0,20,0,20,0,0.689655172413793,0.0037298915090564,0.00496783180357788,0,0.00591313844965678,11.844136289991,0.4,-0.0175489194186238,0,0.00448533513408022,0.00696624882118255,0
LIRCMOP5_BC,2,306,29,1,0.29,29,0,0.00315112543382444,0.00969594607146164,29,20,3,0.00151808616447678,100,0.135867737965046,0.292695606973409,0,20,0,20,0,0.689655172413793,0.00179465385527299,0.00343185623675409,0,0.00417566468360376,6.88734372263474,0.3,-0.0289261560056497,0,0.00480037534925441,0.0069270619759303,0
LIRCMOP5_BC,2,307,27,1,0.27,27,0,0.00377750369930727,0.0094400495788362,27,20,3,0.00141339056692666,100,0.17774997131266,0.30179797353755,0,20,0,20,0,0.740740740740741,0.00269295459093274,0.00538933134242518,0,0.00568444725775591,9.97697811102278,0.4,-0.0145410894238692,0,0.00520318887329931,0.0116093366226557,0
LIRCMOP5_BC,2,308,28,1,0.28,28,0,0.00428714899143959,0.0104147814964595,28,20,3,0.00146573836570172,100,0.189664428630314,0.317503152684491,0,20,0,20,0,0.714285714285714,0.00341415216454635,0.00621239773370836,0,0.00703423573734408,13.9090944939078,0.55,0.0116613882401361,0,0.00508841205623901,0.0106537658197964,0
LIRCMOP5_BC,2,309,31,1,0.31,31,0,0.00488800661467525,0.0114295326603861,31,20,3,0.00162278176202691,100,0.170017115096294,0.273443609151055,0,20,0,20,0,0.645161290322581,0.0031572445065568,0.00865484946265464,0,0.0099590975884286,18.6540560246034,0.05,-0.0440369363483326,0,0.00416531136964018,0.0110927778046247,0
LIRCMOP5_BC,2,310,28,1,0.28,28,0,0.00432449164497506,0.0101258444730256,28,20,3,0.00146573836570172,100,0.173883543204477,0.4101299818168,0,20,0,20,0,0.714285714285714,0.00133002145640447,0.00271480158986725,0,0.00391859164381723,6.82430100056445,0.8,0.0536449362738154,0,0.00490907417263806,0.00884591952648817,0
LIRCMOP5_BC,2,311,30,1,0.3,30,0,0.00383902954633117,0.00965663852590846,30,20,3,0.00157043396325185,100,0.173883543204477,0.335239578105405,0,20,0,20,0,0.666666666666667,0.00258773718553743,0.00479193581132548,0,0.00633225543468313,10.8306186192268,0.8,0.05828852455388,0,0.00625737322944903,0.0108111712529837,0
LIRCMOP5_BC,2,312,30,1,0.3,30,0,0.00388156927406233,0.00802821918017045,30,20,3,0.00157043396325185,100,0.173883543204477,0.320082939284018,0,20,0,20,0,0.666666666666667,0.00170524455183023,0.00463091184070304,0,0.0047321401644827,7.19055250237569,0.8,0.047493969116886,0,0.00386078113933125,0.00914158538802231,0
LIRCMOP5_BC,2,313,31,1,0.31,31,0,0.00439585069046092,0.0120852880792856,31,20,3,0.00162278176202691,100,0.194385965730822,0.42795229188303,0,20,0,20,3,0.645161290322581,0.00356610154276953,0.00563977624498481,0,0.00888365602226623,19.4919166014195,0.45,-0.00809611373767755,0.129032258064516,0.00920511307643419,0.0126463200391203,0.15
LIRCMOP5_BC,2,314,31,1,0.31,31,0,0.00419122622144441,0.0120911821858862,31,20,3,0.00162278176202691,100,0.159153786576137,0.391688960369,0,20,0,20,6,0.645161290322581,0.00278725907764212,0.00516418654556509,0,0.0096475906571276,16.2857915229023,0.8,0.0466230818196071,0.0645161290322581,0.0113141954435915,0.0177482328364805,0.3
LIRCMOP5_BC,2,315,31,1,0.31,31,0,0.00428339294085941,0.010441306673288,31,20,3,0.00162278176202691,100,0.194385965730822,0.548593494785964,0,20,0,20,3,0.645161290322581,0.00154530771802275,0.00322047390013849,0,0.00340823430160841,5.73939155505679,0.15,-0.011965406270841,0.0645161290322581,0.00394118847960159,0.0103082331021299,0.15
LIRCMOP5_BC,2,316,31,1,0.31,31,0,0.00482735997675194,0.0117436558628766,31,20,3,0.00162278176202691,100,0.194385965730822,0.637442274878068,0,20,0,20,3,0.645161290322581,0.00384980301056302,0.0052652944406107,0,0.0121136964012082,20.1936754661492,0.8,0.0384436536450485,0.0645161290322581,0.00957512779252391,0.0211165779659655,0.15
LIRCMOP5_BC,2,317,30,1,0.3,30,0,0.00430280767883122,0.00817440635303797,30,20,3,0.00157043396325185,100,0.160184697066899,0.474260340944634,0,20,0,20,3,0.666666666666667,0.00187429683864704,0.00454322239026139,0,0.00486580746942313,7.86040397435134,0.9,0.0549869054075555,0.0666666666666667,0.00528951278253754,0.0112620498775648,0.15
LIRCMOP5_BC,2,318,34,1,0.34,34,0,0.00517217312515607,0.0114143832563005,34,20,3,0.00177982515835209,94.1176470588235,0.148689757530765,0.454833324743579,0,20,0,20,1,0.588235294117647,0.00308576932791318,0.00492050297172385,0,0.00633627267032246,11.1731857286401,0.95,0.0746697175850801,0.0588235294117647,0.00685448883271862,0.0110513683570073,0.05
LIRCMOP5_BC,2,319,28,1,0.28,28,0,0.0040523476497355,0.00886201275292121,28,20,3,0.00146573836570172,100,0.147560746142617,0.366876314561319,0,20,0,20,0,0.714285714285714,0.00489441391621528,0.00942510725225621,0,0.00989725779306043,19.2340079514121,1,0.0336070346458982,0,0.00555607789625861,0.0100285670824362,0
LIRCMOP5_BC,2,320,25,1,0.25,25,0,0.00534373288853873,0.0107427215574518,25,20,3,0.00130869496937654,100,0.131592791330203,0.27282578335282,0,20,0,20,0,0.8,0.00314146430104178,0.00598542721276906,0,0.00938249262086017,14.8942546177611,0.75,0.0379733616209297,0,0.00556237664554427,0.0102114696700138,0
LIRCMOP5_BC,2,321,26,1,0.26,26,0,0.00488792578248812,0.00983658432617184,26,20,3,0.0013610427681516,100,0.130832627040439,0.225093354301748,0,20,0,20,0,0.769230769230769,0.004634174735836,0.00732527228801503,0,0.00869338495187758,17.3589842055039,0.35,-0.0175432847585381,0,0.0055637501415767,0.00884700442518251,0
LIRCMOP5_BC,2,322,26,1,0.26,26,0,0.00445199198952361,0.0121068595254884,26,20,3,0.0013610427681516,100,0.146321177740908,0.296989262971578,0,20,0,20,0,0.769230769230769,0.00315882835093083,0.00477041249580574,0,0.0071205368883591,10.8356150619407,0.5,0.000270589456670078,0,0.00398768461272053,0.0073787745793207,0
LIRCMOP5_BC,2,323,26,1,0.26,26,0,0.00466397446119143,0.0130553985469872,26,20,3,0.0013610427681516,100,0.153004788246663,0.304917136220157,0,20,0,20,0,0.769230769230769,0.00241237527217961,0.00411324510422533,0,0.00530475999848035,8.4618735610663,0.3,-0.00967703244601943,0,0.00385377812222787,0.00563963370149721,0
LIRCMOP5_BC,2,324,28,1,0.28,28,0,0.00434502066970256,0.00999184854364458,28,20,3,0.00146573836570172,100,0.153004788246663,0.304982242817754,0,20,0,20,0,0.714285714285714,0.00312512691482084,0.0052948745955264,0,0.00589159763679358,11.7643646161321,0.25,-0.00516691617892846,0,0.00522755938496309,0.00737188830760591,0
LIRCMOP5_BC,2,325,28,1,0.28,28,0,0.00485238182959471,0.00907363022271979,28,20,3,0.00146573836570172,100,0.150901875389338,0.309025069956466,0,20,0,20,3,0.714285714285714,0.00406422790435497,0.00866857802935677,0,0.00979873371840288,17.5969884622754,0.2,-0.00902045717767197,0.0714285714285714,0.00946817612003458,0.0141458868937053,0.15
LIRCMOP5_BC,2,326,30,1,0.3,30,0,0.00565253500619651,0.0106243011158477,30,20,3,0.00157043396325185,100,0.150871262677306,0.304777634669651,0,20,0,20,3,0.666666666666667,0.00321355933901188,0.00593450860385835,0,0.00674778581975129,14.8406418053096,0.35,-0.0076027238634277,0.0666666666666667,0.00842779183897092,0.0116498544329529,0.15
LIRCMOP5_BC,2,327,30,1,0.3,30,0,0.00649240146515161,0.0136290838536081,30,20,3,0.00157043396325185,100,0.149943910103618,0.306824437712089,0,20,0,20,0,0.666666666666667,0.00215495958873674,0.00442379867951577,0,0.00588522541588201,11.8411007180788,0.35,-0.0100501010528782,0,0.00345235284217139,0.00608002749266252,0
LIRCMOP5_BC,2,328,29,1,0.29,29,0,0.00528763374192898,0.0123791457070384,29,20,3,0.00151808616447678,100,0.163158415951987,0.323205891311748,0,20,0,20,0,0.689655172413793,0.00247510149474857,0.00506659122953652,0,0.00695926769351461,14.7165292898277,0.35,-0.015372132240933,0,0.003125770599206,0.00709972721356763,0
LIRCMOP5_BC,2,329,30,1,0.3,30,0,0.00538317037496777,0.0103280371335768,30,20,3,0.00157043396325185,100,0.162373936537461,0.33467693944989,0,20,0,20,0,0.666666666666667,0.00252279008008917,0.00646985888280178,0,0.00695678792829215,13.9970894421342,0.35,-0.0135150497001668,0,0.00366143983299694,0.00739573363778339,0
LIRCMOP5_BC,2,330,30,1,0.3,30,0,0.00550234710773199,0.0100405550797123,30,20,3,0.00157043396325185,100,0.162373936537461,0.322607585222383,0,20,0,20,0,0.666666666666667,0.00385719819468813,0.00841148457002635,0,0.00897175324658996,19.9854496209398,0.25,-0.0308161173765818,0,0.0057677100207681,0.00979789515952399,0
LIRCMOP5_BC,2,331,27,1,0.27,27,0,0.00549740478621697,0.00799494635929897,27,20,3,0.00141339056692666,100,0.16597298642473,0.345684621645692,0,20,0,20,0,0.740740740740741,0.00431481498955189,0.0115608837613583,0,0.0115608837613583,22.9046817617491,0.25,-0.0284136497469038,0,0.00566867540626206,0.013407668678971,0
LIRCMOP5_BC,2,332,28,1,0.28,28,0,0.00544739666433384,0.00861750921713076,28,20,3,0.00146573836570172,100,0.173162254601257,0.334983206598802,0,20,0,20,0,0.714285714285714,0.00296670414039831,0.0065862241299955,0,0.0065862241299955,14.1201028217376,0.3,-0.0215818224941298,0,0.00440739988874475,0.00793562705130565,0
LIRCMOP5_BC,2,333,30,1,0.3,30,0,0.005132196996956,0.00988902112043611,30,20,3,0.00157043396325185,100,0.176108970676475,0.309504103177837,0,20,0,20,0,0.666666666666667,0.00328082865922683,0.00614410210017197,0,0.00617988048522137,13.2489490419809,0.25,-0.0417081077366828,0,0.0044732753610612,0.00707432731818771,0
LIRCMOP5_BC,2,334,31,1,0.31,31,0,0.00554468534552047,0.00980126547451268,31,20,3,0.00162278176202691,100,0.226739454495634,0.356932889073168,0,20,0,20,0,0.645161290322581,0.00219132706240826,0.00438264784145504,0,0.0066902795129547,12.5768839050577,0.25,-0.0315487300322015,0,0.00393971078217032,0.00690736410246332,0
LIRCMOP5_BC,2,335,31,1,0.31,31,0,0.00549674413761105,0.00918230319022203,31,20,3,0.00162278176202691,100,0.185025062668806,0.295484575187781,0,20,0,20,0,0.645161290322581,0.00159752838262026,0.00319155647309312,0,0.00561721952585599,11.5353025051905,0.1,-0.0370550711135089,0,0.00228440463338224,0.0059495580107274,0
LIRCMOP5_BC,2,336,31,1,0.31,31,0,0.00695907536057815,0.0100957412664334,31,20,3,0.00162278176202691,100,0.17485404322073,0.28967167518073,0,20,0,20,0,0.645161290322581,0.00202984065549942,0.00279613213214547,0,0.00536151896710161,10.7363570475275,0.4,-0.00384773420851687,0,0.00382142222670486,0.0055736133253244,0
LIRCMOP5_BC,2,337,30,1,0.3,30,0,0.00541260311980859,0.00897076960683882,30,20,3,0.00157043396325185,100,0.168503403488472,0.299551818878703,0,20,0,20,0,0.666666666666667,0.0024453282805258,0.00312203763320692,0,0.00525171439956911,10.3649554139464,0.15,-0.00942605523038542,0,0.00421330937850658,0.00548454040637803,0
LIRCMOP5_BC,2,338,32,1,0.32,32,0,0.00569616051443664,0.0124426527961915,32,20,3,0.00167512956080197,100,0.207934549030329,0.320955374020906,0,20,0,20,0,0.625,0.00287886607417093,0.00411022698671528,0,0.00517864592310377,10.2207450774531,0.5,0.00191867296344961,0,0.00360362143236893,0.00543033328906496,0
LIRCMOP5_BC,2,339,29,1,0.29,29,0,0.00654019599426711,0.014152227729713,29,20,3,0.00151808616447678,100,0.210928285894044,0.336765483389968,0,20,0,20,1,0.689655172413793,0.0018934079068009,0.00294347434771594,0,0.00598025466777411,8.5345612810696,0.5,-0.00231136482591458,0.0689655172413793,0.00219696564272025,0.00639861978247,0.05
LIRCMOP5_BC,2,340,27,1,0.27,27,0,0.0070904991499034,0.0166005297863597,27,20,3,0.00141339056692666,100,0.204940812166614,0.312273046267141,0,20,0,20,1,0.740740740740741,0.00168201092645579,0.00336407854985554,0,0.00876678326271448,11.3680500614916,0.6,0.00890429240770467,0.0740740740740741,0.00326516000718989,0.00900397614577459,0.05
LIRCMOP5_BC,2,341,32,1,0.32,32,0,0.00808662129406934,0.0351232628336682,32,20,3,0.00167512956080197,100,0.203398565554087,0.306100431794298,0,20,0,20,2,0.625,0.00179884917143926,0.00455195398352945,0,0.00749075284962484,15.554158113101,0.6,0.00650838991593783,0.125,0.00406640638131226,0.00790386488785629,0.1
LIRCMOP5_BC,2,342,36,1,0.36,36,0,0.00975771814152553,0.0616382942406489,36,20,3,0.00188452075590221,88.8888888888889,0.240031413032353,0.316095002719503,0,20,0,20,3,0.555555555555556,0.00370073537878904,0.00710483794004616,0,0.0095431135823089,17.337220643278,0.65,0.00762510154181556,0.111111111111111,0.00791101281447008,0.0176188150230784,0.15
LIRCMOP5_BC,2,343,28,1,0.28,28,0,0.0070066600409478,0.0287867251841305,28,20,3,0.00146573836570172,100,0.227806041545009,0.340054213390071,0,20,0,20,1,0.714285714285714,0.00369499559235473,0.00829860547890903,0,0.0122656873195237,15.3587678832294,0.55,0.00570571838011019,0.0714285714285714,0.00617752568290395,0.0125352908073569,0.05
LIRCMOP5_BC,2,344,29,1,0.29,29,0,0.00656632480436156,0.0271168777501102,29,20,3,0.00151808616447678,100,0.24462522743784,0.337522629634528,0,20,0,20,0,0.689655172413793,0.0026934844614979,0.0050217016609623,0,0.008313862361089,10.7807391483232,0.4,-0.00424844276994898,0,0.00409460246141627,0.00861726043319376,0
LIRCMOP5_BC,2,345,34,1,0.34,34,0,0.00823163136277055,0.0350414326349365,34,20,3,0.00177982515835209,94.1176470588235,0.23368129706227,0.320620212874114,0,20,0,20,1,0.588235294117647,0.0071360067384544,0.0173003923215043,0,0.02036802598311,25.5043011585852,0.75,0.00450876695599388,0.0588235294117647,0.00858733158459666,0.0204654573666229,0.05
LIRCMOP5_BC,2,346,28,1,0.28,28,0,0.0068241839243819,0.017897759296934,28,20,3,0.00146573836570172,100,0.226067927396254,0.341298526464847,0,20,0,20,1,0.714285714285714,0.00756334122015837,0.0197879623200552,0,0.0241207055533064,32.4314893069702,0.65,0.00977727514219268,0.0714285714285714,0.0110871072731705,0.0242296683014117,0.05
LIRCMOP5_BC,2,347,30,1,0.3,30,0,0.00606182894743875,0.0294976754932745,30,20,3,0.00157043396325185,100,0.229695910502138,0.332632991444151,0,20,0,20,0,0.666666666666667,0.00461566222051384,0.00953250696394664,0,0.0131844982828144,17.7272142447031,0.6,0.00451004485071232,0,0.00726187023600338,0.0135038015368023,0
LIRCMOP5_BC,2,348,31,1,0.31,31,0,0.00586578477086878,0.0154410576611877,31,20,3,0.00162278176202691,100,0.224281643497329,0.356074414230309,0,20,0,20,0,0.645161290322581,0.00341756130629289,0.00761799027943064,0,0.0108222808603986,14.2548283765292,0.8,0.0102924217408939,0,0.00637258583507124,0.0110226609539879,0
LIRCMOP5_BC,2,349,34,1,0.34,34,0,0.0182686556697054,0.0374752929204507,34,20,3,0.00177982515835209,94.1176470588235,0.226128774093285,0.407806944118358,0,20,0,20,0,0.588235294117647,0.00278057095068086,0.00373742322252798,0,0.00790819382062438,11.0800407473879,0.95,0.130485658499214,0,0.00370113617215927,0.00807669553693627,0
LIRCMOP5_BC,2,350,25,1,0.25,25,0,0.00726133913777617,0.0266399960813858,25,20,3,0.00130869496937654,100,0.224281643497329,0.351447744279094,0,20,0,20,0,0.8,0.00371023006866127,0.0062815025095741,0,0.0118117253793498,14.3767121380647,0.9,0.0360627484287939,0,0.00605971583438639,0.0120004473267968,0
LIRCMOP5_BC,2,351,38,1,0.38,38,0,0.0154900586678607,0.0597679093681522,38,20,3,0.00198921635345234,84.2105263157895,0.226128774093285,0.368300280124288,0,20,0,20,0,0.526315789473684,0.00420459097474305,0.00571519830953036,0,0.0157821394137352,24.1361020286672,0.95,0.0150143298117338,0,0.0126377711469802,0.0159956207096853,0
LIRCMOP5_BC,2,352,40,1,0.4,40,0,0.0200280549915507,0.0564995500775452,40,20,3,0.00209391195100246,80,0.219502487379033,0.366656663982725,0,20,0,20,0,0.5,0.0026111101362841,0.00568279239968789,0,0.00717610404652471,13.6638722885346,0.65,0.0298151130448156,0,0.00396405848229665,0.00738250418964021,0
LIRCMOP5_BC,2,353,38,1,0.38,38,0,0.00803561336425413,0.0477670616990037,38,20,3,0.00198921635345234,84.2105263157895,0.191007844114191,0.377820036688881,0,20,0,20,1,0.526315789473684,0.00225628950168514,0.0102072115282325,0,0.0121714411941244,21.3752830340703,0.75,0.0108219032068759,0.0526315789473684,0.00413234002120095,0.0122599654342769,0.05
LIRCMOP5_BC,2,354,40,1,0.4,40,0,0.0186061169452203,0.0540078592848864,40,20,3,0.00209391195100246,80,0.220174707591277,0.434049007175303,0,20,0,20,0,0.5,0.00317781420565657,0.00703701811641912,0,0.00914296606932973,18.057771520893,1,0.0362189374208525,0,0.00475104432352538,0.0092639236193002,0
LIRCMOP5_BC,2,355,38,1,0.38,38,0,0.00737773475676947,0.0367472907284813,38,20,3,0.00198921635345234,84.2105263157895,0.205794482177617,0.377820036688881,0,20,0,20,0,0.526315789473684,0.00255157112557995,0.00346874508681924,0,0.00785008322965038,9.66942582824103,0.8,0.0193986794789419,0,0.0055591208966311,0.0082940988784358,0
LIRCMOP5_BC,2,356,32,1,0.32,32,0,0.0189952666552235,0.0514492294851217,32,20,3,0.00167512956080197,100,0.224024049171327,0.43193208750374,0,20,0,20,2,0.625,0.00347157898997229,0.0069297576251167,0,0.0154554632805968,19.0374358412362,0.95,0.159191686003799,0.0625,0.0103507221114375,0.0156364879007296,0.1
LIRCMOP5_BC,2,357,40,1,0.4,40,0,0.0280994770818751,0.050922933256231,40,20,3,0.00209391195100246,80,0.214211031075231,0.442393294231878,0,20,0,20,1,0.5,0.00163128554067876,0.00449059356687489,0,0.00980823184130396,15.6313410820346,0.7,0.0314056922997711,0.05,0.00436291577301459,0.0100918865823753,0.05
LIRCMOP5_BC,2,358,43,1,0.43,43,0,0.0111861323290697,0.0607657498593591,43,20,3,0.00225095534732764,74.4186046511628,0.202078239428791,0.358103293167191,0,20,0,20,0,0.465116279069767,0.00309085304412089,0.00682732766079184,0,0.0133125563107718,22.2774701952219,0.7,0.0234109841837023,0,0.00698261463036325,0.013567412448982,0
LIRCMOP5_BC,2,359,42,1,0.42,42,0,0.0230540354820559,0.0580390856294762,42,20,3,0.00219860754855258,76.1904761904762,0.217688499766451,0.43641957428365,0,20,0,20,0,0.476190476190476,0.00507792862794949,0.0110512197896368,0,0.0144949450543057,23.7621287625592,0.85,0.02386516664119,0,0.00744160359547102,0.01457538657145,0
LIRCMOP5_BC,2,360,37,1,0.37,37,0,0.00802477237399231,0.0347674663919417,37,20,3,0.00193686855467728,86.4864864864865,0.173307688273115,0.344927268916954,0,20,0,20,2,0.540540540540541,0.00260271580786049,0.00397604932228045,0,0.00882566396252234,13.9382418155408,0.6,0.00926468578111393,0.108108108108108,0.00470072000455508,0.00953240997556224,0.1
LIRCMOP5_BC,2,361,39,1,0.39,39,0,0.0066543244543368,0.0259295400471485,39,20,3,0.0020415641522274,82.0512820512821,0.184466298397412,0.346185407680159,0,20,0,20,0,0.512820512820513,0.00306392820518383,0.00417526820122672,0,0.00885294199251778,13.4196600094882,0.75,0.00720927546314219,0,0.00507629577909,0.00922872031089852,0
LIRCMOP5_BC,2,362,41,1,0.41,41,0,0.0225106784969559,0.0969071405360042,41,20,3,0.00214625974977752,78.0487804878049,0.209638338135142,0.450607628032335,0,20,0,20,0,0.48780487804878,0.00733255113083327,0.0119181357302544,0,0.015457654455403,25.1891975648346,0.65,0.0138518403319742,0,0.00995163465487816,0.0155640777235099,0
LIRCMOP5_BC,2,363,42,1,0.42,42,0,0.0136941729269901,0.0594135354090818,42,20,3,0.00219860754855258,76.1904761904762,0.243728592110327,0.455646294968923,0,20,0,20,0,0.476190476190476,0.00503434138318966,0.00886260888442052,0,0.00942060036116378,16.1119307594363,0.9,0.00934531374051854,0,0.00560645775155698,0.00948650121926386,0
LIRCMOP5_BC,2,364,33,1,0.33,33,0,0.00648219025445211,0.0251818223062163,33,20,3,0.00172747735957703,96.969696969697,0.159792215828675,0.410136461297732,0,20,0,20,0,0.606060606060606,0.00459721934953903,0.00916954965841104,0,0.0139615822674988,20.640282931721,0.65,0.00328513976890936,0,0.00778722529610084,0.0145374633450526,0
LIRCMOP5_BC,2,365,38,1,0.38,38,0,0.020525409069763,0.0781807124119626,38,20,3,0.00198921635345234,84.2105263157895,0.223218731134885,0.445480673243318,0,20,0,20,1,0.526315789473684,0.0060339768640499,0.0133828136358077,0,0.0217452206945452,36.7459793432135,0.95,0.216473712934946,0.0526315789473684,0.0165664787646337,0.0220572207575321,0.05
LIRCMOP5_BC,2,366,39,1,0.39,39,0,0.0189225942112123,0.0513906721328444,39,20,3,0.0020415641522274,82.0512820512821,0.220072193653414,0.445071761333036,0,20,0,20,0,0.512820512820513,0.00339995378290912,0.00455542893308956,0,0.0135905387830324,23.1039549502942,1,0.230730249384761,0,0.00854551869682,0.0139952395096328,0
LIRCMOP5_BC,2,367,41,1,0.41,41,0,0.0260587546862627,0.0584293376487693,41,20,3,0.00214625974977752,78.0487804878049,0.247691000033743,0.46070346080082,0,20,0,20,0,0.48780487804878,0.0054353747970595,0.00908666907948318,0,0.0117311500050086,19.2010755016375,0.85,0.0598210896513107,0,0.0069961814692387,0.0118544100411249,0
LIRCMOP5_BC,2,368,41,1,0.41,41,0,0.0149614171084201,0.0675975655128548,41,20,3,0.00214625974977752,78.0487804878049,0.177360725479085,0.42353058011001,0,20,0,20,0,0.48780487804878,0.00257108704639671,0.00523614697596942,0,0.00963125938983679,16.1398627177019,0.6,0.013491846740629,0,0.00700398955824411,0.0103889883539708,0
LIRCMOP5_BC,2,369,42,1,0.42,42,0,0.00865649963779886,0.0464805882132695,42,20,3,0.00219860754855258,76.1904761904762,0.205858288781967,0.433477068289976,0,20,0,20,0,0.476190476190476,0.00297420164715704,0.00459565349376537,0,0.00766852413615544,12.788598788262,0.65,0.0180616511128964,0,0.00417064532910017,0.0079796000567421,0
LIRCMOP5_BC,2,370,48,1,0.48,48,0,0.0222377033875288,0.0485678577016159,48,20,3,0.00251269434120295,66.6666666666667,0.241801509091537,0.4348367680235,0,20,0,20,0,0.416666666666667,0.00615730248425144,0.00914196355362708,0,0.0115312927588386,22.8018847834552,0.8,0.0284663875742995,0,0.00836704973803474,0.0116203779386662,0
LIRCMOP5_BC,2,371,43,1,0.43,43,0,0.0229030942667378,0.0527011785949287,43,20,3,0.00225095534732764,74.4186046511628,0.233836051635319,0.433137143356595,0,20,0,20,0,0.465116279069767,0.00337074916058465,0.00597147359226,0,0.00762795790419983,12.8049359962266,0.85,0.0406731395060244,0,0.0044344926032994,0.00794171926112127,0
LIRCMOP5_BC,2,372,38,1,0.38,38,0,0.00834072298209637,0.036498957943828,38,20,3,0.00198921635345234,84.2105263157895,0.151307285740073,0.449615948240776,0,20,0,20,0,0.526315789473684,0.0048912700824459,0.00711617779290305,0,0.0161943044138699,23.8698096190886,0.65,0.0255071189134773,0,0.00730745399823439,0.0163848376889032,0
LIRCMOP5_BC,2,373,35,1,0.35,35,0,0.00747520221579054,0.0373909346642263,35,20,3,0.00183217295712715,91.4285714285714,0.168842565123509,0.443788205905181,0,20,0,20,2,0.571428571428571,0.00411218969778275,0.00539871368670937,0,0.0158446462521767,20.9942669837891,1,0.0568409073599956,0.0571428571428571,0.00639748261394602,0.0160595716898414,0.1
LIRCMOP5_BC,2,374,44,1,0.44,44,0,0.0161658122164649,0.0567782332226144,44,20,3,0.00230330314610271,72.7272727272727,0.236505747230731,0.453609368596265,0,20,0,20,0,0.454545454545455,0.00572197742386784,0.00670601170327936,0,0.0148746139604604,27.4105256953953,0.85,0.026246000750817,0,0.00788053262337287,0.0150465603726576,0
LIRCMOP5_BC,2,375,30,1,0.3,30,0,0.00548898384300948,0.0280178600646156,30,20,3,0.00157043396325185,100,0.146476540888597,0.344377723288261,0,20,0,20,0,0.666666666666667,0.00415678010701891,0.00600119206279551,0,0.0176369556892445,24.4737982385566,1,0.0383401160930762,0,0.00719264118037589,0.0178744352249651,0
LIRCMOP5_BC,2,376,30,1,0.3,30,0,0.00632508572022408,0.0361890995927117,30,20,3,0.00157043396325185,100,0.156169501628931,0.447950879002034,0,20,0,20,0,0.666666666666667,0.00585864668175855,0.00793883690232791,0,0.0174647720880121,24.9326580282547,1,0.0372688590046643,0,0.00845450004210056,0.017709992221103,0
LIRCMOP5_BC,2,377,30,1,0.3,30,0,0.00826235236955374,0.0442331731247461,30,20,3,0.00157043396325185,100,0.164904887087581,0.447950879002034,0,20,0,20,1,0.666666666666667,0.00313845789350093,0.00429466437287646,0,0.0119525518319711,17.0634283625196,1,0.0482264743137458,0.0666666666666667,0.00511341226891028,0.0121500371252303,0.05
LIRCMOP5_BC,2,378,44,1,0.44,44,0,0.0167744778498564,0.0803511580937886,44,20,3,0.00230330314610271,72.7272727272727,0.240376563806396,0.453609368596265,0,20,0,20,1,0.454545454545455,0.00274569874173248,0.00487218863943379,0,0.0118301698839895,19.9911136470017,0.75,0.0271977402831934,0.0454545454545455,0.00396661417801594,0.0119501931305512,0.05
LIRCMOP5_BC,2,379,38,1,0.38,38,0,0.00803333430872052,0.0445154012952588,38,20,3,0.00198921635345234,84.2105263157895,0.194356934272486,0.446638323320569,0,20,0,20,2,0.526315789473684,0.00297768962041413,0.00421759019348245,0,0.0145058498743144,24.1910295686142,0.85,0.0460436878503153,0.105263157894737,0.00553893481537242,0.0148238981981871,0.1
LIRCMOP5_BC,2,380,45,1,0.45,45,0,0.0204995479255856,0.0710695637373055,45,20,3,0.00235565094487777,71.1111111111111,0.231840821543097,0.452113552098888,0,20,0,20,0,0.444444444444444,0.00365394789091161,0.00456346729300216,0,0.0214788330991147,41.6972663211419,0.65,0.0295705442635595,0,0.0120890180059786,0.0216186406916025,0
LIRCMOP5_BC,2,381,46,1,0.46,46,0,0.00888538885328281,0.0510130159669201,46,20,3,0.00240799874365283,69.5652173913043,0.221152516685412,0.451688177110287,0,20,0,20,1,0.434782608695652,0.00271088782508218,0.00376027585663654,0,0.0133203601548254,32.9610325332044,0.65,0.0228843411317022,0.0434782608695652,0.00808604032773035,0.0134738524898213,0.05
LIRCMOP5_BC,2,382,46,1,0.46,46,0,0.013468245536618,0.0716420974876407,46,20,3,0.00240799874365283,69.5652173913043,0.236850775354877,0.451740094007378,0,20,0,20,1,0.434782608695652,0.00287288019889191,0.00361010360267717,0,0.0140340390836053,23.8897542804824,0.8,0.0396988970855909,0.0434782608695652,0.00741218824192474,0.0142927456961562,0.05
LIRCMOP5_BC,2,383,41,1,0.41,41,0,0.0117862036581033,0.0595188584655502,41,20,3,0.00214625974977752,78.0487804878049,0.231840821543097,0.457751884932743,0,20,0,20,0,0.48780487804878,0.0037927734764167,0.00435869178612073,0,0.0130391220010959,21.1182359902952,0.7,0.0300494089996279,0,0.0102635240684638,0.0131637393901375,0
LIRCMOP5_BC,2,384,41,1,0.41,41,0,0.0340808826212428,0.0788432510108171,41,20,3,0.00214625974977752,78.0487804878049,0.248563776013185,0.449872803549829,0,20,0,20,3,0.48780487804878,0.00558182740569341,0.00724567323548124,0,0.0297874787604814,57.6503392478146,0.9,0.021521096782822,0.146341463414634,0.0214869842097044,0.0300106725461195,0.15
LIRCMOP5_BC,2,385,45,1,0.45,45,0,0.033239684951845,0.0938502059162949,45,20,3,0.00235565094487777,71.1111111111111,0.248563776013185,0.467071717072665,0,20,0,20,0,0.444444444444444,0.003406290307096,0.00469475884541277,0,0.0170710552056092,36.1906823765096,0.7,0.0179479637108696,0,0.00947413840142871,0.0172745769816558,0
LIRCMOP5_BC,2,386,32,1,0.32,32,0,0.0077337840256595,0.0397266847228044,32,20,3,0.00167512956080197,100,0.191243454160658,0.456601001591021,0,20,0,20,0,0.625,0.00360956735644971,0.00499229207728114,0,0.0142512930268553,28.174027054139,0.9,0.0249648860541558,0,0.00690298773430859,0.0143615130135243,0
LIRCMOP5_BC,2,387,34,1,0.34,34,0,0.00611797738933598,0.0338469439156619,34,20,3,0.00177982515835209,94.1176470588235,0.195846070332242,0.447831350757609,0,20,0,20,3,0.588235294117647,0.00294080309946795,0.00519521067980084,0,0.00732547696255777,14.5465794938974,0.8,0.0225354293152915,0.0882352941176471,0.00441961260911502,0.00743009958196601,0.15
LIRCMOP5_BC,2,388,30,1,0.3,30,0,0.00572373122170055,0.0282160786964092,30,20,3,0.00157043396325185,100,0.215957087567569,0.379336569258107,0,20,0,20,3,0.666666666666667,0.00345760280963965,0.00574807946815134,0,0.0119074953390745,18.4272403779677,0.95,0.107980417031641,0.1,0.00465997502818676,0.012106633390444,0.15
LIRCMOP5_BC,2,389,41,1,0.41,41,0,0.00956367061229072,0.054387649356504,41,20,3,0.00214625974977752,78.0487804878049,0.230534651914782,0.397295566202817,0,20,0,20,1,0.48780487804878,0.00510202647257688,0.00656182799301528,0,0.0191967337340087,37.3740157735742,0.85,0.0402532446591266,0.0487804878048781,0.0135012201715268,0.0193078015000743,0.05
LIRCMOP5_BC,2,390,30,1,0.3,30,0,0.00600661302307468,0.0280140385179768,30,20,3,0.00157043396325185,100,0.167407211680749,0.303966685559808,0,20,0,20,4,0.666666666666667,0.00292390256158684,0.00481565228241534,0,0.0112586301986324,17.784754450941,0.9,0.0805408349881577,0.166666666666667,0.00460710790348859,0.0113844867321045,0.2
LIRCMOP5_BC,2,391,32,1,0.32,32,0,0.00713441390416161,0.0411355517506149,32,20,3,0.00167512956080197,100,0.184554623413099,0.395745839548586,0,20,0,20,2,0.625,0.00275311067435598,0.00455828489073337,0,0.0112809367435092,23.1798861262984,0.85,0.0395696778383298,0.125,0.00439794488261769,0.0115336290459623,0.1
LIRCMOP5_BC,2,392,41,1,0.41,41,0,0.014622442167529,0.0652415121184398,41,20,3,0.00214625974977752,78.0487804878049,0.230534651914782,0.365638314396372,0,20,0,20,3,0.48780487804878,0.00292841903546085,0.004391790305938,0,0.00986322501646534,24.2243670803471,1,0.0589114003381718,0.0975609756097561,0.00470227061054038,0.0100713535079949,0.15
LIRCMOP5_BC,2,393,38,1,0.38,38,0,0.0274845748184932,0.0893617958794175,38,20,3,0.00198921635345234,84.2105263157895,0.210455849740048,0.447236449316314,0,20,0,20,0,0.526315789473684,0.0024691968730232,0.00516990157486525,0,0.0101112923697712,17.7094684542597,1,0.0370477973039785,0,0.00376644797285849,0.0103570063244385,0
LIRCMOP5_BC,2,394,40,1,0.4,40,0,0.0275686128219042,0.0895713862286714,40,20,3,0.00209391195100246,80,0.205339538592357,0.403722395639622,0,20,0,20,0,0.5,0.00252923956778208,0.00434645559286924,0,0.00959945955930763,16.8130165785472,0.8,0.0376753203308427,0,0.00376981895007373,0.00990774469636031,0
LIRCMOP5_BC,2,395,38,1,0.38,38,0,0.0267221579525459,0.0584471747698548,38,20,3,0.00198921635345234,84.2105263157895,0.169877457072883,0.368675805357676,0,20,0,20,1,0.526315789473684,0.00357381674913477,0.00644571243167739,0,0.0171854631020319,29.9956324513929,1,0.121243975474062,0.0526315789473684,0.00551671126062171,0.017602489661408,0.05
LIRCMOP5_BC,2,396,29,1,0.29,29,0,0.00564044747441819,0.031506290337063,29,20,3,0.00151808616447678,100,0.170217519555186,0.400355514438512,0,20,0,20,4,0.689655172413793,0.00360759835824649,0.00703346579425355,0,0.00836767957403141,15.1646865527731,0.95,0.0587601163479554,0.103448275862069,0.00431320436556054,0.0085850736613787,0.2
LIRCMOP5_BC,2,397,42,1,0.42,42,0,0.0295389885600121,0.119261357752547,42,20,3,0.00219860754855258,76.1904761904762,0.233284071640799,0.443973419248782,0,20,0,20,2,0.476190476190476,0.00200699659985548,0.00385548986201229,0,0.00882924214988886,19.5689103367136,1,0.0703131439474447,0.0476190476190476,0.00257461764692727,0.0091749312311337,0.1
LIRCMOP5_BC,2,398,37,1,0.37,37,0,0.00959759024993243,0.0517568901468654,37,20,3,0.00193686855467728,86.4864864864865,0.198008517355643,0.449787799856,0,20,0,20,5,0.540540540540541,0.00206184405030607,0.00388599869484446,0,0.0095154327740226,18.3923312127136,0.9,0.0673962273045301,0.162162162162162,0.00321776709446091,0.00980599479402341,0.25
LIRCMOP5_BC,2,399,35,1,0.35,35,0,0.00787510041559321,0.0425781346525776,35,20,3,0.00183217295712715,91.4285714285714,0.170739166600866,0.440484790884451,0,20,0,20,0,0.571428571428571,0.00264326766461312,0.00420669212054954,0,0.00783574181819513,17.1897320403054,0.95,0.0686574739515815,0,0.00459843443357579,0.0081045179827115,0
LIRCMOP5_BC,2,400,44,1,0.44,44,0,0.0191692316295588,0.0845618735679387,44,20,3,0.00230330314610271,72.7272727272727,0.205897121546667,0.386990922613613,0,20,0,20,1,0.454545454545455,0.00167796953526319,0.00371042987143932,0,0.00701730995550708,16.3463044737238,1,0.0622094380059398,0.0454545454545455,0.00227591722730959,0.00741818137884098,0.05
LIRCMOP5_BC,2,401,42,1,0.42,42,0,0.0235298741397757,0.0711053227779557,42,20,3,0.00219860754855258,76.1904761904762,0.196029907902328,0.419953476073949,0,20,0,20,0,0.476190476190476,0.00287659919603284,0.00384255196514645,0,0.00845383249329915,17.6143128213678,0.95,0.0647974492106423,0,0.00362281302078421,0.0087450907437546,0
LIRCMOP5_BC,2,402,32,1,0.32,32,0,0.00650209646849087,0.0361808905949513,32,20,3,0.00167512956080197,100,0.172161569780052,0.365232329162848,0,20,0,20,1,0.625,0.00294764987361837,0.00522834258529424,0,0.0088674566618607,17.7050574229169,0.85,0.0802728235821735,0.0625,0.00472103037168489,0.00918512584962924,0.05
LIRCMOP5_BC,2,403,30,1,0.3,30,0,0.00526391642815273,0.0306351813542106,30,20,3,0.00157043396325185,100,0.163978949952981,0.329792906943997,0,20,0,20,0,0.666666666666667,0.00505904653197121,0.00739475249097453,0,0.0170152124200125,48.7342427465591,0.8,0.039479755094657,0,0.00781421896982108,0.017389203771261,0
LIRCMOP5_BC,2,404,34,1,0.34,34,0,0.00657373580197624,0.0326593763651234,34,20,3,0.00177982515835209,94.1176470588235,0.154954602706205,0.34706051130592,0,20,0,20,0,0.588235294117647,0.00376634728306557,0.00627102041102061,0,0.0114404289377494,33.4424588358058,0.6,0.00995649585203803,0,0.00513663013269134,0.0118204832752638,0
LIRCMOP5_BC,2,405,28,1,0.28,28,0,0.00867710679526489,0.039607570509469,28,20,3,0.00146573836570172,100,0.218355876470085,0.447339505457525,0,20,0,20,6,0.714285714285714,0.00146915517689128,0.0036879375726418,0,0.00701370958343573,12.4646732489597,1,0.242362336187457,0.214285714285714,0.00320704799860036,0.00752258789209991,0.3
LIRCMOP5_BC,2,406,25,1,0.25,25,0,0.0069722937327011,0.0334717702127645,25,20,3,0.00130869496937654,100,0.163997803660784,0.354464818357874,0,20,0,20,3,0.8,0.00292372833142667,0.00523669900653427,0,0.0101379926218308,14.1260585144097,1,0.0884697520965807,0.16,0.00430974629455579,0.0104678058586237,0.15
LIRCMOP5_BC,2,407,25,1,0.25,25,0,0.00606372212570458,0.0253363746650375,25,20,3,0.00130869496937654,100,0.156979639754215,0.306604506242878,0,20,0,20,3,0.8,0.00303931547994816,0.00363815861583667,0,0.00636359675540241,8.4646277476014,1,0.0725262582054126,0.08,0.00594047509101333,0.0074793724009798,0.15
LIRCMOP5_BC,2,408,23,1,0.23,23,0,0.00619393517677955,0.0233307961335925,23,20,3,0.00120399937182641,100,0.153969959982551,0.316176568665877,0,20,0,20,3,0.869565217391304,0.00292877104369435,0.00470917282250003,0,0.011257933138391,17.8359125301345,1,0.0791170705577226,0.0869565217391304,0.00495555213744205,0.0118946012175359,0.15
LIRCMOP5_BC,2,409,32,1,0.32,32,0,0.00848090497685098,0.0509705777825974,32,20,3,0.00167512956080197,100,0.179822315980374,0.389149166010975,0,20,0,20,5,0.625,0.00215159629362909,0.00409721372436159,0,0.0112472903392534,18.4881412893602,0.95,0.0926453313678963,0.15625,0.003045315713869,0.0115975740788821,0.25
LIRCMOP5_BC,2,410,36,1,0.36,36,0,0.00801377290198228,0.046317617642251,36,20,3,0.00188452075590221,88.8888888888889,0.195507404575417,0.462134754498402,0,20,0,20,5,0.555555555555556,0.00190192448890498,0.00415501253025228,0,0.00696944948510576,14.8065718849672,0.85,0.0988733959129354,0.166666666666667,0.0022094188907155,0.0072726501048797,0.25
LIRCMOP5_BC,2,411,24,1,0.24,24,0,0.00678157090621622,0.0320924874358005,24,20,3,0.00125634717060148,100,0.155474799868383,0.358447967061206,0,20,0,20,2,0.833333333333333,0.00396844057345675,0.00778270987665715,0,0.0166819213008997,19.9003564866548,1,0.0774979778783663,0.0833333333333333,0.00492367127176706,0.0172906944421558,0.1
LIRCMOP5_BC,2,412,26,1,0.26,26,0,0.00635681815540377,0.0284505672192159,26,20,3,0.0013610427681516,100,0.177068074570053,0.40547323563243,0,20,0,20,4,0.769230769230769,0.00154011491458119,0.00410212080795738,0,0.00500340629480367,4.65896854120022,1,0.16370379715443,0.153846153846154,0.00226283543158146,0.00532095994637322,0.2
LIRCMOP5_BC,2,413,35,1,0.35,35,0,0.0240723331589845,0.0736584451421195,35,20,3,0.00183217295712715,91.4285714285714,0.230534651914782,0.452113552098888,0,20,0,20,7,0.571428571428571,0.00192738064923096,0.00467849354748504,0,0.00975536629344578,18.707127144425,0.85,0.0671416048500789,0.171428571428571,0.0023523529896556,0.0102197696457472,0.35
LIRCMOP5_BC,2,414,24,1,0.24,24,0,0.00720135474498674,0.0272667551666161,24,20,3,0.00125634717060148,100,0.16754926656567,0.357854069386985,0,20,0,20,11,0.833333333333333,0.000906729836874606,0.00440306699085273,0,0.00719718186179744,8.58573075400676,1,0.113648846228949,0.0833333333333333,0.0015010365661672,0.00769134815347881,0.55
LIRCMOP5_BC,2,415,23,1,0.23,23,0,0.00695619084252661,0.0217485122685608,23,20,3,0.00120399937182641,100,0.171100729470556,0.356323703095822,0,20,0,20,3,0.869565217391304,0.00253960514142063,0.00416776263123391,0,0.0104436695139216,17.538837631446,1,0.0911260190229407,0.0869565217391304,0.00570024260374299,0.0113570218159186,0.15
LIRCMOP5_BC,2,416,21,1,0.21,21,0,0.00681569050800087,0.0213125255029011,21,20,3,0.00109930377427629,100,0.190753893674566,0.351996928686554,0,20,0,20,12,0.952380952380952,0.000504955334078494,0.00407829333542627,0,0.005284009777221,8.28059698923622,1,0.15377474749506,0.0952380952380952,0.0012382635585999,0.0066398072640252,0.6
LIRCMOP5_BC,2,417,20,1,0.2,20,0,0.00758905427295324,0.0237227662121352,20,20,3,0.00104695597550123,100,0.198465497349977,0.352408243631774,0,20,0,20,8,1,0.001461742722957,0.00367087848589546,0,0.0107927058383793,14.8628299564047,1,0.139880123710115,0.1,0.00354665611618903,0.0116416776379835,0.4
LIRCMOP5_BC,2,418,24,1,0.24,24,0,0.00479742736585541,0.0164180918715166,24,20,3,0.00125634717060148,100,0.16754926656567,0.395628717516739,0,20,0,20,2,0.833333333333333,0.0037079917602659,0.00519513623052152,0,0.0167589873743771,26.9438220327693,1,0.253964821705583,0.0833333333333333,0.00675568412137398,0.0175771967043764,0.1
LIRCMOP5_BC,2,419,23,1,0.23,23,0,0.00594186824274516,0.0195392032060374,23,20,3,0.00120399937182641,100,0.163997803660784,0.335691230675568,0,20,0,20,0,0.869565217391304,0.00364863738157164,0.00412128520068883,0,0.00753915777754483,10.3257046207332,1,0.0748108176280553,0,0.00695419367750827,0.00843953677383706,0
LIRCMOP5_BC,2,420,23,1,0.23,23,0,0.00656087838783864,0.0267954732358911,23,20,3,0.00120399937182641,100,0.153969959982551,0.326975517292545,0,20,0,20,3,0.869565217391304,0.00161865433019814,0.00408955799050342,0,0.00700572162244823,7.59826973757969,1,0.0610795804368154,0.0869565217391304,0.00311258951582738,0.00787863986563855,0.15
LIRCMOP5_BC,2,421,22,1,0.22,22,0,0.0075525029516762,0.0386137063931163,22,20,3,0.00115165157305135,100,0.209930859442772,0.363596172676495,0,20,0,20,6,0.909090909090909,0.00247068152027038,0.00451745109648779,0,0.0111080321282746,13.2510995124979,0.65,0.0258522189413591,0.0909090909090909,0.00397090595251412,0.0119784300333849,0.3
LIRCMOP5_BC,2,422,21,1,0.21,21,0,0.00567790595077377,0.0259108830313726,21,20,3,0.00109930377427629,100,0.156979639754215,0.27936987139111,0,20,0,20,1,0.952380952380952,0.0044423617011428,0.00505759431209889,0,0.0092653629392573,10.8859719582182,1,0.0710744335085272,0.0952380952380952,0.0100829626214538,0.0135601001554793,0.05
LIRCMOP5_BC,2,423,21,1,0.21,21,0,0.00491734552930367,0.0196651493936684,21,20,3,0.00109930377427629,100,0.156979639754215,0.27936987139111,0,20,0,20,3,0.952380952380952,0.00358060589295183,0.00453585143717659,0,0.00585341679881264,10.0617567831482,1,0.10649032883706,0.0952380952380952,0.00712104469819298,0.0100059280295779,0.15
LIRCMOP5_BC,2,424,22,1,0.22,22,0,0.00559739617697214,0.0241544006835954,22,20,3,0.00115165157305135,100,0.156602934126949,0.274830765582481,0,20,0,20,2,0.909090909090909,0.00338529364752145,0.00451062304066741,0,0.00831162783801294,11.0196012309621,1,0.0914000786072064,0.0909090909090909,0.00698134940033158,0.00925184586995414,0.1
LIRCMOP5_BC,2,425,22,1,0.22,22,0,0.0060229268406491,0.0106938482443187,22,20,3,0.00115165157305135,100,0.156602934126949,0.274830765582481,0,20,0,20,3,0.909090909090909,0.00354408223790886,0.00421239736617113,0,0.00546955761073771,10.1007421864327,1,0.0921686770206894,0.136363636363636,0.00674635498874642,0.00868208220889081,0.15
LIRCMOP5_BC,2,426,24,1,0.24,24,0,0.0064613382279262,0.0253752848361849,24,20,3,0.00125634717060148,100,0.156602934126949,0.309872239031658,0,20,0,20,3,0.833333333333333,0.00393140235121423,0.00464338231773452,0,0.00978591772901022,12.9742227580867,1,0.107241888772272,0.0833333333333333,0.00806069151895042,0.0107731470824834,0.15
LIRCMOP5_BC,2,427,22,1,0.22,22,0,0.005888619270306,0.0103629459559147,22,20,3,0.00115165157305135,100,0.15733795845781,0.274830765582481,0,20,0,20,5,0.909090909090909,0.00221900521276063,0.00676304761139314,0,0.0118534296926888,19.0570404394509,1,0.126398009801832,0.0909090909090909,0.00264653931860546,0.0124229526059387,0.25
LIRCMOP5_BC,2,428,23,1,0.23,23,0,0.0054946340228843,0.0194749832898975,23,20,3,0.00120399937182641,100,0.157696277161404,0.313819553409199,0,20,0,20,2,0.869565217391304,0.00431185336585902,0.00501546774485226,0,0.00898188239246299,13.7513871523452,1,0.0724949233546421,0.0869565217391304,0.00747976832412107,0.00984721010236056,0.1
LIRCMOP5_BC,2,429,21,1,0.21,21,0,0.00519716548478281,0.0208035848742839,21,20,3,0.00109930377427629,100,0.156226228499683,0.27936987139111,0,20,0,20,2,0.952380952380952,0.00505190160798144,0.00545109459886798,0,0.0110650192974072,13.325457050787,1,0.0339866987924534,0.0952380952380952,0.0117104297018058,0.0130072116340969,0.1
LIRCMOP5_BC,2,430,20,1,0.2,20,0,0.00611630143445322,0.0233971938736587,20,20,3,0.00104695597550123,100,0.156961252830544,0.283908977199738,0,20,0,20,1,1,0.00472711794755413,0.00509035252287458,0,0.00993019531415832,11.8460231989706,0.35,-0.0119642535064851,0.1,0.0106739061672088,0.0122911172879029,0.05
LIRCMOP5_BC,2,431,22,1,0.22,22,0,0.00740939192026711,0.0286234158499566,22,20,3,0.00115165157305135,100,0.162322767853615,0.274830765582481,0,20,0,20,4,0.909090909090909,0.0018082841611225,0.00493316271437517,0,0.00861241858745907,14.4348512951212,1,0.0334711218177023,0.0909090909090909,0.00329094213610093,0.00923066098325303,0.2
LIRCMOP5_BC,2,432,23,1,0.23,23,0,0.006168044255899,0.0290764145346421,23,20,3,0.00120399937182641,100,0.156226228499683,0.270291659773853,0,20,0,20,0,0.869565217391304,0.00414022897909518,0.00774868455905098,0,0.0124717527013247,15.4149292613666,1,0.035112714651157,0,0.00485820668653865,0.0127586894190467,0
LIRCMOP5_BC,2,433,26,1,0.26,26,0,0.00578133025646264,0.0278906304849097,26,20,3,0.0013610427681516,100,0.156867308827918,0.258684706082066,0,20,0,20,4,0.769230769230769,0.00170492230576008,0.0042109006316623,0,0.00706176029205849,10.5377715389168,1,0.0263130816350189,0.0769230769230769,0.00324602521059724,0.00796276222026895,0.2
LIRCMOP5_BC,2,434,28,1,0.28,28,0,0.0093722292657592,0.0476267062503489,28,20,3,0.00146573836570172,100,0.159220177643653,0.43165012877516,0,20,0,20,6,0.714285714285714,0.00135431569040355,0.00374305411418342,0,0.00555716044585761,8.07793705427051,1,0.134889039456106,0.178571428571429,0.0019612098802103,0.0057924902156988,0.3
LIRCMOP5_BC,2,435,27,1,0.27,27,0,0.00660783751334467,0.0316001608110723,27,20,3,0.00141339056692666,100,0.145147019181031,0.256155964007534,0,20,0,20,5,0.740740740740741,0.00214747215546427,0.00541996916387777,0,0.0103801738688653,25.0594449341581,0.95,0.0225486563492374,0.0740740740740741,0.00337877762157531,0.0110597489533739,0.25
LIRCMOP5_BC,2,436,27,1,0.27,27,0,0.00669267238591081,0.0216783614928322,27,20,3,0.00141339056692666,100,0.130978869038957,0.256155964007534,0,20,0,20,9,0.740740740740741,0.00136878382407052,0.00518579983235909,0,0.0120009004995453,29.2472073998849,0.2,-0.0425487220070254,0.0740740740740741,0.00301959468002843,0.0128287251372022,0.45
LIRCMOP5_BC,2,437,23,1,0.23,23,0,0.00743749866108365,0.0122450100005764,23,20,3,0.00120399937182641,100,0.125232556736838,0.270291659773853,0,20,0,20,9,0.869565217391304,0.00168047885487301,0.00597125734181282,0,0.0166816466480635,49.9286537136919,1,0.0404984104461351,0.0869565217391304,0.00376816293407561,0.0175027370018871,0.45
LIRCMOP5_BC,2,438,26,1,0.26,26,0,0.00633321580603529,0.0181868278433217,26,20,3,0.0013610427681516,100,0.128105712887898,0.314330346002598,0,20,0,20,2,0.769230769230769,0.00446117387069218,0.00541341129598266,0,0.0129472314592699,33.8324854273691,1,0.039260145543678,0.0769230769230769,0.0102373741965509,0.0145678293924957,0.1
LIRCMOP5_BC,2,439,23,1,0.23,23,0,0.0089655307866028,0.0142254253599852,23,20,3,0.00120399937182641,100,0.125232556736838,0.334298099157256,0,20,0,20,5,0.869565217391304,0.00340020197244665,0.00485479810055761,0,0.00999006242430757,27.6253231445368,0.45,-0.00142546149727243,0.0869565217391304,0.00747079433114661,0.0120686197805729,0.25
LIRCMOP5_BC,2,440,25,1,0.25,25,0,0.00828985997698616,0.0227530605003973,25,20,3,0.00130869496937654,100,0.130978869038957,0.320138063560839,0,20,0,20,2,0.8,0.00757072709999562,0.00850260939506398,0,0.0357869228160475,92.5726497803002,0.3,-0.0212357923945483,0.08,0.0304422713228401,0.0422121531902966,0.1
LIRCMOP5_BC,2,441,26,1,0.26,26,0,0.00672065740413073,0.0183923974108957,26,20,3,0.0013610427681516,100,0.135225517011218,0.299536658359718,0,20,0,20,0,0.769230769230769,0.00605435780617867,0.00679893970921348,0,0.0218396068047138,69.0947650429531,0.15,-0.0469761270166144,0,0.0177069284497837,0.0287268365599114,0
LIRCMOP5_BC,2,442,23,1,0.23,23,0,0.0073606613934032,0.0260423680038141,23,20,3,0.00120399937182641,100,0.125355961616467,0.321941874570223,0,20,0,20,1,0.869565217391304,0.00502375312066889,0.00530601110719874,0,0.0101490943133251,23.9770084506505,0.3,-0.0394540108688949,0.0869565217391304,0.0139811603392935,0.0156665363784106,0.05
LIRCMOP5_BC,2,443,24,1,0.24,24,0,0.00662559631518869,0.011125221634118,24,20,3,0.00125634717060148,100,0.138062944109994,0.307957861974674,0,20,0,20,2,0.833333333333333,0.00401721092602017,0.00421750636119326,0,0.00675480951921199,22.0708169128394,0.3,-0.0310070112471118,0.0833333333333333,0.00972281598968546,0.0104904839855763,0.1
LIRCMOP5_BC,2,444,25,1,0.25,25,0,0.00830278745133437,0.0225744335616237,25,20,3,0.00130869496937654,100,0.130978869038957,0.315188772642567,0,20,0,20,3,0.8,0.00327586588975387,0.00468617499982807,0,0.00869956301208615,27.8167626448015,0.95,0.0326032051820137,0.08,0.00758588821525343,0.0109474086215134,0.15
LIRCMOP5_BC,2,445,26,1,0.26,26,0,0.00817668879098039,0.0218668870662697,26,20,3,0.0013610427681516,100,0.141023056317612,0.314330346002598,0,20,0,20,3,0.769230769230769,0.00379090914447276,0.00418258601980007,0,0.00696361813962259,22.7530829068393,0.65,0.0100576952019124,0.0769230769230769,0.0086529887042271,0.00943896175277779,0.15
LIRCMOP5_BC,2,446,26,1,0.26,26,0,0.00695238479552345,0.0165893541606338,26,20,3,0.0013610427681516,100,0.133938981246575,0.303531495530502,0,20,0,20,0,0.769230769230769,0.00576312041676818,0.00634937336496531,0,0.018102756550625,60.5518339500532,0.3,-0.0057852731342054,0,0.019153201159258,0.0205286550263483,0
LIRCMOP5_BC,2,447,25,1,0.25,25,0,0.00763889432474581,0.0263210452086759,25,20,3,0.00130869496937654,100,0.131246498352934,0.306604506242878,0,20,0,20,0,0.8,0.00481817183651385,0.00494936364039311,0,0.0117911093899962,32.4730475146006,0.2,-0.0177343136723284,0,0.013043748927855,0.0139426250563851,0
LIRCMOP5_BC,2,448,24,1,0.24,24,0,0.00697038228873366,0.0246499257575175,24,20,3,0.00125634717060148,100,0.131112683695946,0.308859767479366,0,20,0,20,4,0.833333333333333,0.00226396902573512,0.00568060719751728,0,0.0125816903898721,32.8772879442306,0.15,-0.0324711316041238,0.0833333333333333,0.00582023291582581,0.0143667253703221,0.2
LIRCMOP5_BC,2,449,22,1,0.22,22,0,0.00791514914052259,0.0134955452704314,22,20,3,0.00115165157305135,100,0.125170310901775,0.285093431256242,0,20,0,20,5,0.909090909090909,0.00242219384403046,0.00696598684288921,0,0.0178765858628637,55.96242990907,0.9,0.016004384979777,0.0909090909090909,0.00532178885721975,0.0191434464850116,0.25
LIRCMOP5_BC,2,450,23,1,0.23,23,0,0.00757926334088909,0.00999273255991312,23,20,3,0.00120399937182641,100,0.124984660187082,0.282964702218239,0,20,0,20,5,0.869565217391304,0.00239920236725952,0.00491343849005162,0,0.0130673547181647,41.7827313953151,1,0.0422491881564005,0.0869565217391304,0.00638873894066303,0.013568775342135,0.25
LIRCMOP5_BC,2,451,22,1,0.22,22,0,0.00699642109790892,0.00915093871541831,22,20,3,0.00115165157305135,100,0.118174155542917,0.26531689058469,0,20,0,20,4,0.909090909090909,0.00372086893874318,0.00501994459263442,0,0.0101738994445338,31.8492657901425,1,0.0182585261921473,0.0909090909090909,0.00864612372305267,0.0113541456205151,0.2
LIRCMOP5_BC,2,452,21,1,0.21,21,0,0.00675847738924889,0.00840776429357363,21,20,3,0.00109930377427629,100,0.122175002102516,0.271215121393003,0,20,0,20,3,0.952380952380952,0.00388108990717517,0.00428587156065916,0,0.0105738860754029,28.7505920569901,1,0.0170565382200331,0.0952380952380952,0.00954743049015511,0.0118746383858139,0.15
LIRCMOP5_BC,2,453,20,1,0.2,20,0,0.006812591703582,0.0198023268445103,20,20,3,0.00104695597550123,100,0.113785794734179,0.220067335727215,0,20,0,20,6,1,0.00260857232850137,0.00485461497902806,0,0.0141828739506876,25.855614185241,1,0.0133736485120612,0.1,0.00588951704948686,0.0150933035779931,0.3
LIRCMOP5_BC,2,454,20,1,0.2,20,0,0.00671466605977689,0.0256851845375424,20,20,3,0.00104695597550123,100,0.117938403953035,0.249558489768778,0,20,0,20,4,1,0.00283015082621162,0.00456376491987399,0,0.0111213414940829,18.5088606756318,1,0.0219842580819371,0.1,0.00624212459848552,0.0121456501573219,0.2
LIRCMOP5_BC,2,455,19,1,0.19,19,0,0.00680130419999299,0.0130142000605798,19,20,3,0.000994608176726169,100,0.116207938569606,0.271249097434146,0,20,0,20,3,1.05263157894737,0.00274002234143946,0.0049554508626272,0,0.0110883168396653,19.271094447818,0.7,0.0119477169616387,0.105263157894737,0.00622278591262692,0.0120758104328132,0.15
LIRCMOP5_BC,2,456,21,1,0.21,21,0,0.00706020911419939,0.0171530803803546,21,20,3,0.00109930377427629,100,0.116207938569606,0.202793877665225,0,20,0,20,4,0.952380952380952,0.00318819303905112,0.00446904560259028,0,0.0123623949751568,31.138636313674,1,0.0131087604234758,0.0952380952380952,0.00766185762098835,0.0132783227275159,0.2
LIRCMOP5_BC,2,457,20,1,0.2,20,0,0.0066906993350448,0.0166567322245845,20,20,3,0.00104695597550123,100,0.135251490398749,0.208060241125546,0,20,0,20,4,1,0.00304077224130013,0.00421230046580411,0,0.0106098558981069,26.0831867260162,1,0.0208862025942262,0.1,0.00720092253525828,0.0115137063293992,0.2
LIRCMOP5_BC,2,458,19,1,0.19,19,0,0.00685886210400386,0.0108092006939514,19,20,3,0.000994608176726169,100,0.148933971651674,0.207934579850499,0,20,0,20,2,1.05263157894737,0.00334902771758857,0.00405883744083149,0,0.0104190035548467,25.2779042347686,0.7,0.0132516165046972,0.105263157894737,0.00679234792656209,0.0112411760621778,0.1
